# Created at Thu Dec 04 22:38:31 GMT+08:00 2025 in Burnaby Canada 
141167296712216 -0.041725 0.071333 0.715454 0.693755 
141167316589299 -0.043897 0.076677 0.717641 0.690786 
141167336466382 -0.042526 0.077454 0.720000 0.688326 
141167356343466 -0.037601 0.073854 0.721266 0.687683 
141167376220549 -0.030919 0.069317 0.720737 0.689041 
141167396097632 -0.026156 0.067767 0.718629 0.691589 
141167415974716 -0.024561 0.067719 0.715548 0.694840 
141167435851799 -0.025461 0.065977 0.712330 0.698272 
141167455728882 -0.027427 0.062533 0.709484 0.701406 
141167475605966 -0.029523 0.060330 0.707508 0.703506 
141167495483049 -0.030737 0.060915 0.706532 0.704384 
141167515360132 -0.030984 0.064798 0.706211 0.704349 
141167535237216 -0.029967 0.070532 0.706359 0.703693 
141167555114299 -0.028031 0.076687 0.706719 0.702767 
141167574991382 -0.025976 0.081976 0.706792 0.702175 
141167594868466 -0.024360 0.085760 0.707027 0.701544 
141167614745549 -0.023761 0.088694 0.707960 0.700258 
141167634622632 -0.024412 0.090643 0.709852 0.698068 
141167654499716 -0.025454 0.089991 0.712428 0.695486 
141167674376799 -0.027339 0.088244 0.715907 0.692056 
141167694253882 -0.029218 0.085666 0.719784 0.688272 
141167714130966 -0.024534 0.082015 0.725382 0.683003 
141167734008049 -0.013207 0.078046 0.731425 0.677313 
141167753885132 0.000522 0.075259 0.736605 0.672122 
141167773762216 0.012873 0.072711 0.740357 0.668146 
141167793639299 0.025891 0.067493 0.742561 0.665866 
141167813516382 0.039152 0.060380 0.743565 0.664780 
141167833393466 0.047815 0.055048 0.743825 0.664385 
141167853270549 0.054014 0.048151 0.742335 0.666110 
141167873147632 0.066286 0.034460 0.740758 0.667605 
141167893024716 0.084998 0.018126 0.739475 0.667550 
141167912901799 0.095966 0.004297 0.737949 0.667984 
141167932778882 0.083364 -0.005162 0.740828 0.666481 
141167952655966 0.058427 -0.017736 0.751304 0.657125 
141167972533049 0.040887 -0.041442 0.764460 0.642037 
141167992410132 0.043362 -0.069901 0.776726 0.624444 
141168012287216 0.062705 -0.087470 0.785635 0.609258 
141168032164299 0.095862 -0.106092 0.790792 0.595149 
141168052041382 0.133220 -0.135024 0.791768 0.580624 
141168071918466 0.166480 -0.171336 0.791635 0.562354 
141168091796435 0.194636 -0.208943 0.792982 0.538182 
141168111674560 0.221736 -0.243809 0.797414 0.505491 
141168131552685 0.250460 -0.272462 0.804215 0.465052 
141168151430810 0.278471 -0.294238 0.812659 0.418883 
141168171308935 0.306613 -0.312165 0.819289 0.370549 
141168191187060 0.334467 -0.327342 0.823287 0.321212 
141168211065185 0.358286 -0.341384 0.825490 0.271393 
141168230943310 0.372885 -0.349626 0.828525 0.228615 
141168250821435 0.381288 -0.349119 0.833640 0.194365 
141168270699560 0.390198 -0.342332 0.838343 0.166540 
141168290577685 0.402845 -0.333492 0.839684 0.146388 
141168310455810 0.417818 -0.324438 0.838395 0.131382 
141168330333935 0.430309 -0.313072 0.838422 0.117765 
141168350212060 0.443016 -0.301786 0.837695 0.104542 
141168370090185 0.455188 -0.295079 0.834703 0.094892 
141168389968310 0.469867 -0.293121 0.828086 0.087051 
141168409845549 0.487552 -0.294337 0.818220 0.078587 
141168429722632 0.502836 -0.296027 0.809104 0.069833 
141168449599716 0.511298 -0.297433 0.803681 0.064871 
141168469476799 0.516270 -0.297298 0.800493 0.065468 
141168489353882 0.520902 -0.295064 0.797984 0.069442 
141168509230966 0.529156 -0.292651 0.793299 0.070890 
141168529108049 0.539721 -0.288461 0.788241 0.064561 
141168548985132 0.552961 -0.284914 0.781289 0.051433 
141168568862216 0.566362 -0.283491 0.772904 0.038554 
141168588739299 0.579821 -0.280947 0.764171 0.030322 
141168608616382 0.590267 -0.276885 0.757762 0.026775 
141168628493466 0.594455 -0.273447 0.755683 0.028156 
141168648370549 0.595823 -0.272833 0.754702 0.031338 
141168668247632 0.599599 -0.273052 0.751465 0.034981 
141168688124716 0.605846 -0.271776 0.746758 0.037955 
141168708001799 0.608539 -0.270684 0.744814 0.040783 
141168727878882 0.606262 -0.270585 0.746502 0.044338 
141168747755966 0.607903 -0.269777 0.745375 0.045723 
141168767633049 0.617498 -0.267156 0.738599 0.042367 
141168787510132 0.629459 -0.262633 0.730452 0.035293 
141168807387216 0.636017 -0.258345 0.726580 0.028671 
141168827264299 0.637372 -0.257744 0.725762 0.024377 
141168847141382 0.638174 -0.259652 0.724536 0.019045 
141168867018466 0.640446 -0.260845 0.722242 0.012481 
141168886895549 0.644569 -0.262133 0.718177 0.006212 
141168906772632 0.650624 -0.263527 0.712209 0.000502 
141168926649716 -0.657408 0.263811 -0.705819 0.006207 
141168946526799 -0.662591 0.262746 -0.701201 0.015990 
141168966403882 -0.667103 0.260972 -0.697168 0.028713 
141168986280966 -0.671333 0.258560 -0.693324 0.041958 
141169006158049 -0.674835 0.256887 -0.689785 0.053047 
141169026035132 -0.677993 0.257884 -0.685655 0.060794 
141169045912216 -0.680844 0.260700 -0.681365 0.065017 
141169065789299 -0.683643 0.263030 -0.677453 0.067083 
141169085666382 -0.686260 0.263553 -0.674322 0.069815 
141169105543466 -0.689108 0.263990 -0.670743 0.074466 
141169125420549 -0.691670 0.265552 -0.666765 0.080624 
141169145297632 -0.694412 0.268695 -0.662224 0.084000 
141169165174716 -0.695505 0.271729 -0.659837 0.083968 
141169185051799 -0.693291 0.272968 -0.661801 0.082811 
141169204928882 -0.688340 0.273055 -0.667194 0.080498 
141169224805966 -0.682453 0.273029 -0.673613 0.077227 
141169244683049 -0.677680 0.273683 -0.678558 0.073514 
141169264560132 -0.673937 0.274826 -0.682311 0.068803 
141169284437216 -0.670003 0.275297 -0.686741 0.060779 
141169304314299 -0.663046 0.271632 -0.696217 0.043205 
141169324191382 -0.648310 0.267758 -0.712550 0.016526 
141169344069351 0.621932 -0.267461 0.735784 0.016948 
141169363947476 0.587688 -0.271683 0.759906 0.057898 
141169383825601 0.550729 -0.279098 0.779860 0.103044 
141169403703726 0.515750 -0.292080 0.792206 0.145266 
141169423581851 0.483915 -0.306065 0.799164 0.182997 
141169443459976 0.462231 -0.324519 0.797223 0.213224 
141169463338101 0.446030 -0.346374 0.790741 0.236244 
141169483216226 0.429656 -0.369936 0.784177 0.252210 
141169503094351 0.417641 -0.395523 0.775380 0.260621 
141169522972476 0.414585 -0.418816 0.764877 0.260147 
141169542850601 0.421914 -0.439115 0.752052 0.252162 
141169562728726 0.431786 -0.457907 0.738513 0.241826 
141169582606851 0.437563 -0.469875 0.730726 0.231939 
141169602484976 0.444607 -0.472050 0.729663 0.216992 
141169622363101 0.463017 -0.469552 0.726238 0.194201 
141169642241226 0.487225 -0.463701 0.720804 0.167433 
141169662118466 0.514691 -0.452046 0.715138 0.139016 
141169681995549 0.544851 -0.432525 0.709999 0.109373 
141169701872632 0.553922 -0.438029 0.697890 0.119372 
141169721749716 0.554543 -0.451442 0.685481 0.137108 
141169741626799 0.574719 -0.442126 0.674225 0.140155 
141169761503882 0.601236 -0.433956 0.657121 0.135606 
141169781380966 0.625578 -0.425896 0.642575 0.119845 
141169801258049 0.646939 -0.417609 0.629117 0.106221 
141169821135132 0.665394 -0.405571 0.619344 0.095790 
141169841012216 0.680173 -0.392894 0.612585 0.087976 
141169860889299 0.690318 -0.381324 0.609414 0.081634 
141169880766382 0.698532 -0.371797 0.606854 0.074476 
141169900643466 0.706897 -0.365114 0.601715 0.070177 
141169920520549 0.713910 -0.358341 0.597682 0.068557 
141169940397632 0.714165 -0.354371 0.599061 0.074257 
141169960274716 0.708973 -0.350009 0.604467 0.097321 
141169980151799 0.710792 -0.350127 0.600514 0.107550 
141170000028882 0.714872 -0.350250 0.594313 0.114336 
141170019905966 0.714269 -0.351683 0.591852 0.125891 
141170039783049 0.712610 -0.350942 0.592404 0.134478 
141170059660132 0.712657 -0.348084 0.594505 0.132365 
141170079537216 0.708914 -0.347043 0.600698 0.127140 
141170099414299 0.706944 -0.346548 0.605278 0.117364 
141170119291382 0.708752 -0.355332 0.596779 0.123548 
141170139168466 0.707185 -0.364188 0.591388 0.132350 
141170159045549 0.708122 -0.367879 0.588278 0.130989 
141170178922632 0.706748 -0.373319 0.587008 0.128686 
141170198799716 0.700134 -0.385898 0.587569 0.125132 
141170218676799 0.688250 -0.401746 0.591437 0.122939 
141170238553882 0.676657 -0.414875 0.596070 0.121305 
141170258430966 0.663818 -0.426668 0.601808 0.122993 
141170278308049 0.649907 -0.437812 0.608004 0.127567 
141170298185132 0.629373 -0.451174 0.617425 0.138267 
141170318062216 0.605562 -0.462808 0.630612 0.146395 
141170337939299 0.593697 -0.470291 0.634496 0.154160 
141170357816382 0.572006 -0.482620 0.638238 0.180388 
141170377693466 0.558159 -0.489722 0.641437 0.192845 
141170397570549 0.549580 -0.497344 0.641745 0.196912 
141170417447632 0.543115 -0.502575 0.642702 0.198440 
141170437324716 0.544585 -0.501833 0.640713 0.202678 
141170457201799 0.550174 -0.494638 0.638214 0.212896 
141170477078882 0.556228 -0.484634 0.635395 0.228066 
141170496955966 0.566969 -0.476227 0.629258 0.236196 
141170516833049 0.585707 -0.464878 0.620608 0.235970 
141170536710132 0.598966 -0.451057 0.617676 0.237202 
141170556587216 0.613548 -0.437622 0.614030 0.234547 
141170576464299 0.627554 -0.426386 0.610809 0.226458 
141170596341382 0.641920 -0.415537 0.608135 0.213166 
141170616218466 0.658579 -0.403898 0.603693 0.196711 
141170636095549 0.672419 -0.391733 0.600754 0.183006 
141170655972632 0.685833 -0.377987 0.597683 0.171857 
141170675849716 0.698362 -0.364734 0.593555 0.164172 
141170695726799 0.703959 -0.355086 0.592846 0.163980 
141170715603882 0.704531 -0.348617 0.594867 0.168034 
141170735480966 0.709793 -0.344255 0.590058 0.171797 
141170755358049 0.717327 -0.340387 0.582504 0.173977 
141170775235132 0.721050 -0.338418 0.578088 0.177130 
141170795112216 0.724124 -0.336458 0.574095 0.181258 
141170814989299 0.728162 -0.334410 0.568896 0.185228 
141170834866382 0.731791 -0.333624 0.562930 0.190494 
141170854743466 0.732260 -0.334806 0.559459 0.196736 
141170874620549 0.731940 -0.336710 0.556744 0.202300 
141170894497632 0.734063 -0.336958 0.553007 0.204435 
141170914374716 0.739648 -0.335238 0.547362 0.202313 
141170934251799 0.746547 -0.332968 0.540603 0.198863 
141170954128882 0.752354 -0.331428 0.534305 0.196563 
141170974005966 0.756210 -0.331170 0.529120 0.196228 
141170993883049 0.757946 -0.332070 0.525544 0.197613 
141171013760132 0.758206 -0.334180 0.523107 0.199515 
141171033637216 0.757092 -0.336797 0.522054 0.202084 
141171053514299 0.755248 -0.340353 0.521231 0.205130 
141171073391382 0.754128 -0.344030 0.518951 0.208861 
141171093268466 0.752379 -0.346991 0.517300 0.214299 
141171113145549 0.750957 -0.348881 0.514835 0.222014 
141171133022632 0.748984 -0.351140 0.511824 0.231859 
141171152899716 0.743927 -0.356098 0.511279 0.241580 
141171172777685 0.736223 -0.363039 0.514374 0.248191 
141171192655810 0.728423 -0.370776 0.518636 0.250880 
141171212533935 0.721686 -0.378120 0.522656 0.251048 
141171232412060 0.715894 -0.383621 0.526141 0.252005 
141171252290185 0.711215 -0.387020 0.529025 0.254010 
141171272168310 0.707798 -0.389295 0.530931 0.256092 
141171292046435 0.706598 -0.390227 0.531410 0.256993 
141171311924560 0.707433 -0.389979 0.531212 0.255477 
141171331802685 0.708167 -0.388793 0.532140 0.253312 
141171351680810 0.708893 -0.386452 0.533062 0.252923 
141171371558935 0.709510 -0.383615 0.534081 0.253362 
141171391437060 0.710073 -0.380161 0.535373 0.254262 
141171411315185 0.710978 -0.376753 0.535949 0.255591 
141171431192945 0.712590 -0.372970 0.536129 0.256272 
141171451070028 0.716126 -0.368549 0.535246 0.254653 
141171470947112 0.720098 -0.365694 0.533396 0.251428 
141171490824195 0.722647 -0.363915 0.532308 0.248989 
141171510701278 0.723642 -0.362788 0.532211 0.247950 
141171530578362 0.723986 -0.362738 0.531764 0.247980 
141171550455445 0.723766 -0.363031 0.531849 0.248011 
141171570332528 0.723884 -0.363048 0.531965 0.247390 
141171590209612 0.723734 -0.363494 0.531806 0.247516 
141171610086695 0.722138 -0.364532 0.532202 0.249791 
141171629963778 0.719777 -0.366557 0.532337 0.253327 
141171649840862 0.717469 -0.369861 0.532049 0.255666 
141171669717945 0.715449 -0.373936 0.530980 0.257613 
141171689595028 0.711232 -0.377614 0.531358 0.263088 
141171709472112 0.706264 -0.381679 0.532052 0.269133 
141171729349195 0.704984 -0.383447 0.532003 0.270072 
141171749226278 0.705242 -0.382053 0.533450 0.268517 
141171769103362 0.706391 -0.378637 0.535951 0.265335 
141171788980445 0.711786 -0.372246 0.536855 0.258032 
141171808857528 0.718503 -0.364334 0.536449 0.251468 
141171828734612 0.724056 -0.355118 0.536545 0.248502 
141171848611695 0.727082 -0.346488 0.538315 0.248022 
141171868488778 0.727708 -0.339294 0.541347 0.249526 
141171888365862 0.728437 -0.333852 0.543184 0.250747 
141171908242945 0.730059 -0.329733 0.543671 0.250424 
141171928120028 0.733245 -0.324136 0.544788 0.245954 
141171947997112 0.736958 -0.320325 0.544749 0.239862 
141171967874195 0.740080 -0.314373 0.546839 0.233275 
141171987751278 0.744546 -0.307618 0.547617 0.226137 
141172007628362 0.748471 -0.301515 0.548426 0.219337 
141172027505445 0.750117 -0.296174 0.550418 0.215979 
141172047382528 0.750580 -0.289231 0.554689 0.212824 
141172067259612 0.753794 -0.280401 0.557947 0.204610 
141172087136695 0.757293 -0.271199 0.561255 0.194813 
141172107013778 0.762698 -0.261306 0.562337 0.183817 
141172126890862 0.766023 -0.251929 0.564808 0.175307 
141172146767945 0.769012 -0.244444 0.566575 0.166913 
141172166645028 0.773950 -0.238568 0.564954 0.157840 
141172186522112 0.777455 -0.236411 0.562922 0.150974 
141172206399195 0.780574 -0.235792 0.560359 0.145270 
141172226276278 0.784932 -0.232282 0.556658 0.141628 
141172246153362 0.791929 -0.220629 0.551492 0.141524 
141172266030445 0.799608 -0.205185 0.546991 0.139020 
141172285907528 0.807996 -0.189530 0.541342 0.134793 
141172305784612 0.819346 -0.169886 0.532941 0.125637 
141172325661695 0.829964 -0.152798 0.524793 0.111371 
141172345538778 0.837687 -0.146717 0.517630 0.093876 
141172365415862 0.842692 -0.151924 0.511666 0.070615 
141172385292945 0.843000 -0.165589 0.510103 0.041553 
141172405170028 0.838990 -0.182447 0.512473 0.013443 
141172425047112 -0.836551 0.194731 -0.512032 0.009289 
141172444924195 -0.837740 0.205145 -0.505368 0.026656 
141172464801278 -0.834036 0.224638 -0.502822 0.033037 
141172484678362 -0.821126 0.254641 -0.509996 0.028521 
141172504555445 -0.801338 0.288413 -0.523782 0.018097 
141172524432528 -0.776495 0.322412 -0.541347 0.007084 
141172544309612 -0.745077 0.362240 -0.560037 0.000887 
141172564186695 -0.717295 0.402915 -0.568447 0.003770 
141172584063778 -0.710409 0.424801 -0.560862 0.017239 
141172603940862 -0.712921 0.428942 -0.553795 0.032617 
141172623817945 -0.716124 0.427939 -0.548132 0.059870 
141172643695028 -0.718971 0.430961 -0.536574 0.097180 
141172663572112 -0.721885 0.441567 -0.514518 0.138464 
141172683449195 -0.720817 0.453474 -0.490921 0.183796 
141172703326278 -0.718399 0.459383 -0.471650 0.224536 
141172723203362 -0.717783 0.460726 -0.451012 0.262883 
141172743080445 -0.714059 0.465077 -0.433216 0.293508 
141172762957528 -0.708016 0.473625 -0.419489 0.313724 
141172782834612 -0.701317 0.483517 -0.404955 0.332230 
141172802711695 -0.696766 0.491328 -0.381187 0.357506 
141172822588778 -0.687266 0.504381 -0.356053 0.382744 
141172842465862 -0.675016 0.524914 -0.337985 0.393172 
141172862342945 -0.671307 0.538031 -0.324166 0.393428 
141172882220028 -0.678065 0.532521 -0.308463 0.401870 
141172902097112 -0.681979 0.530382 -0.305063 0.400669 
141172921974195 -0.685711 0.527391 -0.298467 0.403207 
141172941851278 -0.690793 0.523274 -0.288845 0.406888 
141172961728362 -0.694771 0.520979 -0.280872 0.408638 
141172981605445 -0.696874 0.520328 -0.274499 0.410214 
141173001482528 -0.698326 0.519576 -0.267251 0.413471 
141173021359612 -0.699919 0.517040 -0.255581 0.421263 
141173041236695 -0.703747 0.512160 -0.245060 0.427056 
141173061113778 -0.714576 0.501469 -0.243307 0.422743 
141173080990862 -0.733215 0.479880 -0.242555 0.416266 
141173100867945 -0.752403 0.454432 -0.241440 0.411204 
141173120745028 -0.762436 0.434492 -0.241152 0.414432 
141173140622112 -0.761238 0.425403 -0.242138 0.425344 
141173160499195 -0.756133 0.429185 -0.241417 0.431023 
141173180376278 -0.750179 0.439716 -0.236374 0.433599 
141173200253362 -0.745196 0.450325 -0.227013 0.436298 
141173220130445 -0.743486 0.456388 -0.216919 0.438047 
141173240007528 -0.744204 0.460829 -0.212801 0.434181 
141173259884612 -0.745265 0.465095 -0.208793 0.429735 
141173279761695 -0.746511 0.469072 -0.201987 0.426491 
141173299638778 -0.747093 0.473254 -0.195888 0.423686 
141173319515862 -0.745912 0.478210 -0.192898 0.421570 
141173339392060 -0.743739 0.482992 -0.190503 0.421046 
141173359268101 -0.742196 0.486633 -0.186123 0.421535 
141173379144143 -0.741303 0.490421 -0.182261 0.420402 
141173399020185 -0.740949 0.493838 -0.179451 0.418230 
141173418896226 -0.740842 0.496391 -0.176322 0.416724 
141173438772268 -0.741107 0.497884 -0.171383 0.416534 
141173458648310 -0.742169 0.498278 -0.164542 0.416929 
141173478524351 -0.743145 0.499093 -0.158007 0.416744 
141173498400393 -0.743178 0.500657 -0.151369 0.417273 
141173518276435 -0.742520 0.501727 -0.146556 0.418874 
141173538152476 -0.741868 0.502408 -0.144961 0.419766 
141173558028518 -0.741160 0.503657 -0.144551 0.419662 
141173577904560 -0.740269 0.505632 -0.142355 0.419610 
141173597780966 -0.739262 0.507383 -0.137456 0.420903 
141173617658049 -0.738145 0.508653 -0.134837 0.422176 
141173637535132 -0.737042 0.509317 -0.135934 0.422950 
141173657412216 -0.735976 0.510057 -0.138392 0.423119 
141173677289299 -0.735027 0.510802 -0.140436 0.423194 
141173697166382 -0.733980 0.511432 -0.142402 0.423593 
141173717043466 -0.732746 0.511945 -0.144048 0.424553 
141173736920549 -0.731637 0.512301 -0.144948 0.425728 
141173756797632 -0.730850 0.512397 -0.145900 0.426640 
141173776674716 -0.730207 0.512364 -0.147557 0.427210 
141173796551799 -0.729434 0.512691 -0.149826 0.427349 
141173816428882 -0.728736 0.512810 -0.151721 0.427728 
141173836305966 -0.728133 0.513012 -0.154210 0.427622 
141173856183049 -0.727706 0.512693 -0.156467 0.427911 
141173876060132 -0.727390 0.512106 -0.158337 0.428464 
141173895937216 -0.726792 0.511710 -0.160084 0.429301 
141173915814299 -0.725763 0.511844 -0.161542 0.430333 
141173935691382 -0.724172 0.512800 -0.163003 0.431325 
141173955568466 -0.721995 0.514584 -0.164734 0.432191 
141173975445549 -0.719097 0.516896 -0.167043 0.433377 
141173995322632 -0.715385 0.519328 -0.170433 0.435287 
141174015199716 -0.711669 0.521681 -0.174479 0.436959 
141174035076799 -0.708147 0.525079 -0.179287 0.436665 
141174054953882 -0.704004 0.530116 -0.185476 0.434689 
141174074830966 -0.698361 0.537576 -0.193453 0.431138 
141174094708049 -0.690115 0.546974 -0.203338 0.428036 
141174114585132 -0.680033 0.557862 -0.214786 0.424515 
141174134462216 -0.668890 0.570149 -0.227905 0.419016 
141174154339299 -0.658322 0.582146 -0.241002 0.411868 
141174174216382 -0.649772 0.590927 -0.254730 0.404618 
141174194093466 -0.643052 0.595991 -0.271358 0.397044 
141174213970549 -0.639428 0.596753 -0.288753 0.389408 
141174233847632 -0.640928 0.592771 -0.303214 0.381963 
141174253724716 -0.646131 0.586732 -0.312034 0.375360 
141174273601799 -0.650627 0.582114 -0.316516 0.371004 
141174293478882 -0.653302 0.579323 -0.319318 0.368262 
141174313355966 -0.652729 0.580646 -0.320866 0.365841 
141174333233049 -0.651528 0.585216 -0.319875 0.361544 
141174353110132 -0.650992 0.590316 -0.321159 0.352977 
141174372987216 -0.651408 0.594026 -0.323023 0.344176 
141174392864299 -0.652024 0.595796 -0.325357 0.337691 
141174412741382 -0.651697 0.594542 -0.330880 0.335154 
141174432618466 -0.651215 0.590891 -0.338701 0.334738 
141174452495549 -0.651574 0.585135 -0.347927 0.334686 
141174472372632 -0.654839 0.576024 -0.356842 0.334732 
141174492249716 -0.660930 0.565912 -0.363733 0.332585 
141174512126799 -0.665662 0.558233 -0.369945 0.329258 
141174532003882 -0.669357 0.552009 -0.371704 0.330278 
141174551880966 -0.671734 0.547231 -0.369765 0.335538 
141174571758049 -0.670233 0.546397 -0.373174 0.336124 
141174591635132 -0.670378 0.547049 -0.374336 0.333472 
141174611512216 -0.672011 0.549430 -0.370834 0.330168 
141174631389299 -0.672899 0.555449 -0.364031 0.325828 
141174651266382 -0.671928 0.564403 -0.357136 0.320024 
141174671143466 -0.670202 0.571247 -0.352222 0.316932 
141174691020549 -0.666620 0.576504 -0.352081 0.315117 
141174710897632 -0.663093 0.580870 -0.355164 0.311055 
141174730774716 -0.662674 0.584367 -0.358358 0.301592 
141174750651799 -0.667104 0.588323 -0.354527 0.288373 
141174770528882 -0.672679 0.594875 -0.345101 0.273005 
141174790405966 -0.674090 0.603787 -0.336525 0.260373 
141174810283049 -0.672916 0.611349 -0.332582 0.250653 
141174830160132 -0.671469 0.617254 -0.329997 0.243371 
141174850037216 -0.671908 0.621998 -0.324006 0.238069 
141174869914299 -0.672834 0.625125 -0.317975 0.235381 
141174889791018 -0.673496 0.626178 -0.313252 0.237020 
141174909667060 -0.673911 0.626167 -0.310603 0.239341 
141174929543101 -0.674167 0.626776 -0.309970 0.237843 
141174949419143 -0.675595 0.627602 -0.308578 0.233382 
141174969295185 -0.678499 0.627955 -0.304879 0.228824 
141174989171226 -0.682472 0.627447 -0.299973 0.224853 
141175009047268 -0.686840 0.625687 -0.295830 0.221928 
141175028923310 -0.690839 0.623339 -0.294116 0.218370 
141175048799351 -0.694046 0.621435 -0.294796 0.212639 
141175068675393 -0.696770 0.619999 -0.295468 0.206910 
141175088551435 -0.698948 0.619103 -0.294669 0.203357 
141175108427476 -0.700547 0.619090 -0.291559 0.202371 
141175128303518 -0.701970 0.619413 -0.286719 0.203367 
141175148179560 -0.703159 0.619274 -0.283100 0.204750 
141175168055601 -0.704165 0.618676 -0.282391 0.204079 
141175187931643 -0.704535 0.617455 -0.284348 0.203782 
141175207807685 -0.704981 0.614859 -0.286575 0.206940 
141175227684091 -0.706089 0.610871 -0.287656 0.213376 
141175247561174 -0.707880 0.606676 -0.287081 0.220079 
141175267438257 -0.709970 0.603544 -0.285931 0.223430 
141175287315341 -0.712781 0.601199 -0.283450 0.223961 
141175307192424 -0.716218 0.599488 -0.279683 0.222315 
141175327069507 -0.719953 0.598211 -0.276605 0.217489 
141175346946591 -0.724855 0.595922 -0.273850 0.210875 
141175366823674 -0.731219 0.592161 -0.268759 0.205991 
141175386700757 -0.738604 0.587038 -0.261676 0.203413 
141175406577841 -0.745570 0.581560 -0.254982 0.202230 
141175426454924 -0.750991 0.577195 -0.248901 0.202254 
141175446332007 -0.754127 0.575553 -0.242082 0.203536 
141175466209091 -0.754947 0.577259 -0.235097 0.203851 
141175486086174 -0.754429 0.581670 -0.227656 0.201668 
141175505963257 -0.754242 0.586703 -0.218573 0.197800 
141175525840341 -0.755110 0.590519 -0.207570 0.194962 
141175545717424 -0.756530 0.592898 -0.196796 0.193406 
141175565594507 -0.758810 0.594244 -0.185397 0.191601 
141175585471591 -0.761712 0.595894 -0.170943 0.188373 
141175605348674 -0.763659 0.598692 -0.158005 0.182832 
141175625225757 -0.764626 0.601945 -0.150090 0.174591 
141175645102841 -0.764928 0.605576 -0.144128 0.165499 
141175664979924 -0.765095 0.609459 -0.137493 0.155842 
141175684857007 -0.765602 0.613355 -0.128499 0.145391 
141175704734091 -0.766429 0.616850 -0.117451 0.135230 
141175724611174 -0.767254 0.619910 -0.105818 0.125846 
141175744488257 -0.767262 0.623407 -0.093814 0.117782 
141175764365341 -0.766095 0.627968 -0.082685 0.109172 
141175784242424 -0.763869 0.633443 -0.072676 0.099851 
141175804119507 -0.761465 0.638748 -0.064847 0.089270 
141175823996591 -0.759576 0.642809 -0.062790 0.076819 
141175843873674 -0.759898 0.643792 -0.063038 0.064097 
141175863750757 -0.762356 0.642460 -0.056515 0.053517 
141175883627841 -0.764578 0.641034 -0.047974 0.046842 
141175903504924 -0.766563 0.639376 -0.046929 0.037095 
141175923382007 -0.768186 0.638001 -0.045242 0.028250 
141175943259091 -0.770232 0.636095 -0.041281 0.020535 
141175963136174 -0.772939 0.633215 -0.037234 0.014738 
141175983012372 -0.776233 0.629450 -0.033737 0.010816 
141176002888414 -0.780270 0.624699 -0.029134 0.009036 
141176022764455 -0.783845 0.620319 -0.026681 0.008935 
141176042640497 -0.786038 0.617582 -0.024986 0.010634 
141176062516539 -0.789142 0.613560 -0.024986 0.013227 
141176082392580 -0.791658 0.610006 -0.029595 0.017132 
141176102268622 -0.793746 0.606779 -0.036020 0.022132 
141176122144664 -0.796386 0.602572 -0.043322 0.028259 
141176142020705 -0.800055 0.596534 -0.052390 0.036261 
141176161896747 -0.804125 0.589599 -0.060379 0.045938 
141176181772789 -0.807429 0.583189 -0.068970 0.056525 
141176201648830 -0.809344 0.578141 -0.078079 0.067901 
141176221524872 -0.809201 0.575256 -0.088704 0.080033 
141176241400914 -0.806606 0.575145 -0.101017 0.091604 
141176261276955 -0.802237 0.577079 -0.114711 0.101185 
141176281152997 -0.796969 0.579335 -0.131032 0.109720 
141176301029039 -0.791745 0.580913 -0.148855 0.116282 
141176320905080 -0.786687 0.581603 -0.166562 0.122964 
141176340781122 -0.780928 0.582762 -0.183955 0.129233 
141176360657164 -0.774595 0.584372 -0.200505 0.135308 
141176380534091 -0.767803 0.586082 -0.217054 0.140980 
141176400411174 -0.761100 0.586986 -0.233291 0.147475 
141176420288257 -0.754238 0.586918 -0.249828 0.155687 
141176440165341 -0.747482 0.586428 -0.265822 0.163439 
141176460042424 -0.741577 0.585141 -0.281039 0.169381 
141176479919507 -0.736730 0.582867 -0.294363 0.175627 
141176499796591 -0.732915 0.579244 -0.306676 0.182378 
141176519673674 -0.729474 0.574690 -0.318849 0.189563 
141176539550757 -0.725669 0.570514 -0.329733 0.197975 
141176559427841 -0.722221 0.568151 -0.336004 0.206645 
141176579304924 -0.718837 0.568577 -0.338689 0.212799 
141176599182007 -0.714754 0.570932 -0.341052 0.216441 
141176619059091 -0.711836 0.572874 -0.342242 0.219034 
141176638936174 -0.709570 0.575337 -0.342745 0.219145 
141176658813257 -0.707361 0.579388 -0.343548 0.214299 
141176678690341 -0.707491 0.583401 -0.341930 0.205386 
141176698567424 -0.709620 0.586665 -0.337677 0.195543 
141176718444507 -0.711226 0.589281 -0.334287 0.187504 
141176738321591 -0.710591 0.592470 -0.333160 0.181780 
141176758198674 -0.709182 0.595215 -0.332395 0.179704 
141176778075757 -0.707757 0.597853 -0.331035 0.179076 
141176797952841 -0.706664 0.601889 -0.327732 0.175917 
141176817829924 -0.706577 0.606833 -0.321441 0.170815 
141176837707007 -0.706445 0.611671 -0.316089 0.163956 
141176857584091 -0.705937 0.615906 -0.313414 0.155191 
141176877461174 -0.706873 0.618721 -0.309172 0.148083 
141176897338257 -0.709596 0.620690 -0.301673 0.142161 
141176917215341 -0.712284 0.623184 -0.293654 0.134395 
141176937092424 -0.714835 0.626009 -0.285459 0.125047 
141176956969143 -0.718143 0.629035 -0.274069 0.116063 
141176976845185 -0.722523 0.631892 -0.258349 0.109221 
141176996721226 -0.727523 0.634312 -0.240064 0.103578 
141177016597268 -0.732940 0.636043 -0.220760 0.097537 
141177036473310 -0.739679 0.636136 -0.200223 0.090084 
141177056349351 -0.746420 0.635133 -0.181166 0.081523 
141177076225393 -0.752218 0.633607 -0.164303 0.075580 
141177096101435 -0.756050 0.632710 -0.150745 0.073074 
141177115977476 -0.758150 0.632877 -0.139553 0.072101 
141177135853518 -0.759373 0.633974 -0.127554 0.071825 
141177155729560 -0.760831 0.635059 -0.114967 0.067982 
141177175605601 -0.762495 0.635997 -0.101130 0.062288 
141177195481643 -0.764212 0.636251 -0.090073 0.055234 
141177215357685 -0.768474 0.633592 -0.077258 0.045169 
141177235233726 -0.774397 0.628676 -0.059486 0.039203 
141177255109768 -0.779985 0.623234 -0.047040 0.031471 
141177274985810 -0.784674 0.618398 -0.035805 0.024240 
141177294861851 -0.788379 0.614401 -0.026641 0.016097 
141177314737893 -0.791959 0.610102 -0.022721 0.007756 
141177334613935 -0.795622 0.605413 -0.021444 0.001107 
141177354489976 0.799943 -0.599618 0.023303 0.002483 
141177374366018 0.804914 -0.592706 0.028324 0.003139 
141177394242060 0.809566 -0.585839 0.037294 0.002111 
141177414118466 0.813803 -0.579109 0.048548 0.000345 
141177433995549 -0.817524 0.572608 -0.061397 0.002396 
141177453872632 -0.819790 0.567492 -0.076594 0.005432 
141177473749716 -0.819689 0.564898 -0.094360 0.009805 
141177493626799 -0.817315 0.564113 -0.116206 0.016371 
141177513503882 -0.812683 0.564402 -0.142809 0.024544 
141177533380966 -0.805333 0.565935 -0.173313 0.033454 
141177553258049 -0.794879 0.569128 -0.206352 0.040984 
141177573135132 -0.782337 0.573517 -0.238646 0.045557 
141177593012216 -0.769420 0.577791 -0.267684 0.049956 
141177612889299 -0.758696 0.580954 -0.289398 0.055914 
141177632766382 -0.749751 0.583002 -0.306229 0.064842 
141177652643466 -0.741319 0.585256 -0.319298 0.077254 
141177672520549 -0.733170 0.589053 -0.327326 0.091304 
141177692397632 -0.725220 0.592824 -0.333973 0.105260 
141177712274716 -0.718186 0.596171 -0.338960 0.117882 
141177732151799 -0.712200 0.599160 -0.342984 0.127046 
141177752028882 -0.705895 0.601344 -0.349520 0.133909 
141177771905966 -0.701320 0.603341 -0.351122 0.144366 
141177791783049 -0.698475 0.603679 -0.350799 0.156984 
141177811660132 -0.693925 0.604963 -0.353751 0.165372 
141177831537216 -0.689494 0.607102 -0.356448 0.170202 
141177851414299 -0.685018 0.610135 -0.359872 0.170228 
141177871291382 -0.681907 0.614358 -0.359643 0.168001 
141177891168466 -0.681349 0.617302 -0.355930 0.167379 
141177911044664 -0.681107 0.619887 -0.352363 0.166359 
141177930920705 -0.679836 0.622928 -0.351068 0.162892 
141177950796747 -0.678510 0.626440 -0.349507 0.158247 
141177970672789 -0.678379 0.630006 -0.344914 0.154690 
141177990548830 -0.678802 0.633614 -0.339741 0.149457 
141178010424872 -0.679446 0.637839 -0.333242 0.143058 
141178030300914 -0.679732 0.642732 -0.326125 0.136022 
141178050176955 -0.680761 0.647484 -0.316809 0.130239 
141178070052997 -0.683228 0.650785 -0.305582 0.127661 
141178089929039 -0.686982 0.652598 -0.293851 0.125794 
141178109805080 -0.692015 0.653912 -0.280554 0.121671 
141178129681122 -0.697826 0.655358 -0.265875 0.113386 
141178149557164 -0.704652 0.655939 -0.249765 0.104050 
141178169433205 -0.713165 0.653944 -0.233085 0.097072 
141178189309247 -0.722855 0.650222 -0.215274 0.091376 
141178209185289 -0.732907 0.645711 -0.196499 0.085391 
141178229061330 -0.742976 0.640663 -0.176959 0.078904 
141178248937372 -0.752673 0.635405 -0.156931 0.071525 
141178268813414 -0.761870 0.630063 -0.136521 0.062736 
141178288689455 -0.770207 0.624972 -0.115758 0.052813 
141178308565497 -0.777406 0.620319 -0.094551 0.043643 
141178328441539 -0.783957 0.615116 -0.076584 0.034329 
141178348317580 -0.789807 0.609626 -0.063933 0.021728 
141178368193622 -0.795543 0.603520 -0.052393 0.011395 
141178388069664 -0.802107 0.595765 -0.040887 0.003968 
141178407946070 0.808998 -0.586952 0.031676 0.002336 
141178427823153 0.814236 -0.579775 0.028366 0.008697 
141178447700237 0.816775 -0.575799 0.033244 0.015148 
141178467577320 0.818251 -0.572975 0.042253 0.019490 
141178487454403 0.819580 -0.570141 0.052852 0.020816 
141178507331487 0.820992 -0.566903 0.065238 0.018342 
141178527208570 0.822132 -0.563315 0.081076 0.014234 
141178547085653 0.822526 -0.559824 0.099861 0.008675 
141178566962737 0.821426 -0.557137 0.121860 0.002767 
141178586839820 -0.818769 0.555322 -0.145664 0.004112 
141178606716903 -0.815000 0.553744 -0.170263 0.012363 
141178626593987 -0.810061 0.552742 -0.194471 0.021400 
141178646471070 -0.804007 0.552593 -0.217517 0.030006 
141178666348153 -0.797345 0.552393 -0.239752 0.040272 
141178686225237 -0.791180 0.551335 -0.259143 0.054033 
141178706102320 -0.785717 0.549329 -0.275491 0.070645 
141178725979403 -0.780788 0.546034 -0.290419 0.088729 
141178745856487 -0.776446 0.541219 -0.304281 0.107819 
141178765733570 -0.772423 0.535469 -0.317127 0.126750 
141178785610653 -0.767851 0.530947 -0.328902 0.142562 
141178805487737 -0.761773 0.529325 -0.341807 0.150613 
141178825364820 -0.755522 0.528997 -0.355220 0.152206 
141178845241539 -0.750336 0.528827 -0.366559 0.151561 
141178865117580 -0.746759 0.528707 -0.373477 0.152762 
141178884993622 -0.743534 0.531327 -0.376040 0.153110 
141178904869664 -0.740408 0.536569 -0.375031 0.152453 
141178924745705 -0.737678 0.542283 -0.372393 0.151934 
141178944621747 -0.733633 0.548097 -0.372282 0.150926 
141178964497789 -0.730577 0.553195 -0.371181 0.149857 
141178984373830 -0.728494 0.557893 -0.369115 0.147666 
141179004249872 -0.726487 0.562206 -0.368131 0.143597 
141179024125914 -0.724333 0.566108 -0.368471 0.138178 
141179044001955 -0.722056 0.570605 -0.368167 0.132283 
141179063877997 -0.720631 0.575649 -0.365212 0.126247 
141179083754039 -0.719840 0.580783 -0.361228 0.118467 
141179103630080 -0.719080 0.586409 -0.356847 0.108206 
141179123506122 -0.719770 0.591230 -0.350107 0.099016 
141179143382164 -0.721435 0.595624 -0.341334 0.090862 
141179163258205 -0.723723 0.599398 -0.332149 0.081381 
141179183134247 -0.726531 0.602759 -0.322449 0.069693 
141179203010289 -0.730974 0.604834 -0.310532 0.058451 
141179222886330 -0.736887 0.605643 -0.296489 0.047834 
141179242762372 -0.743243 0.606116 -0.280821 0.036781 
141179262638414 -0.750165 0.606335 -0.262454 0.026974 
141179282514455 -0.756296 0.608444 -0.239754 0.018173 
141179302390497 -0.759514 0.613477 -0.216042 0.010504 
141179322266539 -0.761371 0.618665 -0.193824 0.000429 
141179342142580 0.762846 -0.622459 0.174448 0.013324 
141179362018622 0.765803 -0.624142 0.152998 0.024167 
141179381894664 0.769051 -0.624682 0.131472 0.032381 
141179401770705 0.771051 -0.625465 0.113315 0.037860 
141179421646747 0.771785 -0.626320 0.101191 0.042798 
141179441523674 0.771124 -0.627935 0.094380 0.046465 
141179461400757 0.770194 -0.629456 0.091480 0.047100 
141179481277841 0.768488 -0.631291 0.093830 0.045754 
141179501154924 0.767347 -0.632537 0.097271 0.040185 
141179521032007 0.765502 -0.633399 0.107174 0.036418 
141179540909091 0.762124 -0.635003 0.121973 0.032585 
141179560786174 0.758104 -0.636406 0.139162 0.029993 
141179580663257 0.755311 -0.635380 0.158491 0.026055 
141179600540341 0.752161 -0.633390 0.180667 0.020730 
141179620417424 0.747783 -0.632482 0.201403 0.014949 
141179640294507 0.743574 -0.630896 0.221337 0.008778 
141179660171591 -0.739768 0.628799 -0.239488 0.000353 
141179680048674 -0.736071 0.626425 -0.256259 0.011064 
141179699925757 -0.731791 0.624183 -0.272685 0.022819 
141179719802841 -0.727521 0.621951 -0.287148 0.037887 
141179739679924 -0.722950 0.619610 -0.300677 0.054953 
141179759557007 -0.718302 0.616840 -0.313490 0.072604 
141179779434091 -0.713722 0.613298 -0.326503 0.088671 
141179799311174 -0.709714 0.608609 -0.339617 0.102772 
141179819188257 -0.706273 0.602696 -0.352617 0.116602 
141179839064455 -0.703025 0.597828 -0.362920 0.129023 
141179858940497 -0.699675 0.594263 -0.372330 0.136660 
141179878816539 -0.698268 0.591566 -0.377007 0.142606 
141179898692580 -0.697843 0.589722 -0.378389 0.148545 
141179918568622 -0.696857 0.588979 -0.379479 0.153263 
141179938444664 -0.696712 0.589360 -0.377791 0.156594 
141179958320705 -0.697338 0.590854 -0.373657 0.158082 
141179978196747 -0.698097 0.593219 -0.368742 0.157423 
141179998072789 -0.698835 0.595508 -0.364540 0.155273 
141180017948830 -0.699149 0.598385 -0.360939 0.151158 
141180037824872 -0.700031 0.601458 -0.356458 0.145406 
141180057700914 -0.702443 0.603580 -0.350075 0.140397 
141180077576955 -0.706231 0.605467 -0.341276 0.134826 
141180097452997 -0.711113 0.607214 -0.330674 0.127531 
141180117329039 -0.716366 0.608500 -0.320294 0.118147 
141180137205080 -0.721292 0.609514 -0.311474 0.105897 
141180157081122 -0.725422 0.610652 -0.304252 0.091090 
141180176957164 -0.729783 0.611551 -0.295998 0.076215 
141180196833205 -0.735828 0.611554 -0.283786 0.063477 
141180216709247 -0.743724 0.609682 -0.268780 0.053995 
141180236585289 -0.751629 0.607071 -0.253942 0.045088 
141180256461330 -0.758652 0.605714 -0.237241 0.035693 
141180276337372 -0.765600 0.605163 -0.216480 0.027768 
141180296213414 -0.771428 0.604962 -0.196168 0.020918 
141180316089455 -0.776183 0.604816 -0.177708 0.012530 
141180335965497 -0.780516 0.604026 -0.161068 0.002294 
141180355841539 0.785101 -0.602464 0.143605 0.005595 
141180375717580 0.790257 -0.599433 0.126454 0.013544 
141180395593622 0.795305 -0.595574 0.111406 0.019252 
141180415469664 0.799484 -0.591809 0.100177 0.023495 
141180435345705 0.802095 -0.588902 0.095168 0.027965 
141180455221747 0.803236 -0.587154 0.095640 0.030257 
141180475097789 0.803335 -0.585961 0.101699 0.030983 
141180494974195 0.802059 -0.585367 0.114530 0.030494 
141180514851278 0.799637 -0.585014 0.132464 0.028138 
141180534728362 0.796851 -0.584020 0.152965 0.023478 
141180554605445 0.793492 -0.582056 0.176884 0.017124 
141180574482528 0.788921 -0.579885 0.203096 0.009376 
141180594359612 0.783451 -0.577714 0.229006 0.002675 
141180614236695 -0.777780 0.575272 -0.253204 0.003052 
141180634113778 -0.771313 0.573809 -0.275182 0.009730 
141180653990862 -0.763447 0.574901 -0.293777 0.018224 
141180673867945 -0.754797 0.577772 -0.309215 0.029097 
141180693745028 -0.745582 0.580720 -0.324267 0.041513 
141180713622112 -0.736878 0.582557 -0.338615 0.054665 
141180733499195 -0.730397 0.582127 -0.350473 0.069408 
141180753376278 -0.725072 0.580274 -0.360784 0.085970 
141180773253362 -0.718506 0.580238 -0.369979 0.100934 
141180793130445 -0.712350 0.579431 -0.380382 0.110130 
141180813007528 -0.705499 0.577609 -0.394457 0.114207 
141180832884612 -0.702779 0.574694 -0.402064 0.119048 
141180852761695 -0.701594 0.571000 -0.408332 0.122428 
141180872637893 -0.701298 0.567748 -0.412788 0.124296 
141180892513935 -0.702242 0.565780 -0.413647 0.125075 
141180912389976 -0.703351 0.565091 -0.412539 0.125618 
141180932266018 -0.703210 0.565336 -0.412795 0.124463 
141180952142060 -0.702966 0.566686 -0.412120 0.121916 
141180972018101 -0.706187 0.567715 -0.405311 0.121348 
141180991894143 -0.707244 0.570815 -0.400285 0.117256 
141181011770185 -0.706150 0.577623 -0.396186 0.103641 
141181031646226 -0.708782 0.582299 -0.388040 0.089357 
141181051522268 -0.713257 0.584792 -0.379142 0.074353 
141181071398310 -0.717689 0.586263 -0.371636 0.055712 
141181091274351 -0.722245 0.588032 -0.362517 0.034078 
141181111150393 -0.728107 0.589365 -0.349573 0.017540 
141181131026435 -0.737118 0.586981 -0.334688 0.009737 
141181150902476 -0.748081 0.582987 -0.316966 0.005696 
141181170778518 -0.759709 0.580130 -0.293740 0.002755 
141181190654560 -0.772027 0.578079 -0.264190 0.001537 
141181210530601 0.781722 -0.578169 0.233733 0.000768 
141181230406643 0.787082 -0.581386 0.206034 0.006464 
141181250282685 0.789663 -0.586658 0.178988 0.015082 
141181270158726 0.789361 -0.593797 0.153993 0.024495 
141181290034768 0.787396 -0.600163 0.135149 0.039337 
141181309910810 0.786194 -0.603628 0.119320 0.057391 
141181329786851 0.786696 -0.605363 0.100367 0.067613 
141181349662893 0.787920 -0.605265 0.086893 0.072723 
141181369538935 0.788198 -0.605190 0.082772 0.075102 
141181389414976 0.788051 -0.605364 0.084189 0.073633 
141181409291018 0.787869 -0.604570 0.094912 0.068915 
141181429167060 0.786497 -0.603611 0.114330 0.063261 
141181449043101 0.784041 -0.602517 0.137527 0.057870 
141181468919143 0.781039 -0.600368 0.163441 0.053179 
141181488795185 0.776939 -0.597803 0.191353 0.048799 
141181508671226 0.771590 -0.595829 0.218433 0.043861 
141181528547268 0.765738 -0.595024 0.241259 0.037213 
141181548423310 0.759603 -0.595403 0.260178 0.028399 
141181568299351 0.753115 -0.596812 0.276369 0.015946 
141181588175393 0.746152 -0.599041 0.290528 0.000324 
141181608051435 -0.739525 0.601067 -0.302496 0.017801 
141181627927476 -0.733462 0.601397 -0.314561 0.037502 
141181647804403 -0.727979 0.600835 -0.325267 0.056987 
141181667681487 -0.724252 0.597730 -0.335394 0.075458 
141181687558570 -0.720058 0.593931 -0.347256 0.090410 
141181707435653 -0.715693 0.591762 -0.356600 0.102174 
141181727312737 -0.712093 0.589757 -0.364797 0.109694 
141181747189820 -0.710465 0.587077 -0.370723 0.114647 
141181767066903 -0.709458 0.583411 -0.376886 0.119412 
141181786943987 -0.708831 0.580197 -0.381909 0.122780 
141181806821070 -0.708802 0.578327 -0.385108 0.121773 
141181826698153 -0.708765 0.577859 -0.387235 0.117388 
141181846575237 -0.708307 0.578809 -0.388374 0.111566 
141181866452320 -0.707699 0.581209 -0.387845 0.104573 
141181886329403 -0.708024 0.584635 -0.384097 0.096820 
141181906206487 -0.709381 0.588334 -0.377809 0.088900 
141181926083570 -0.711584 0.591860 -0.370099 0.079860 
141181945960653 -0.713967 0.595570 -0.361727 0.068562 
141181965837737 -0.716288 0.599311 -0.353099 0.055527 
141181985713935 -0.719012 0.602385 -0.344067 0.042085 
141182005589976 -0.722133 0.605314 -0.333581 0.029016 
141182025466018 -0.727297 0.607777 -0.318369 0.016942 
141182045342060 -0.735626 0.609323 -0.295894 0.005154 
141182065218101 0.745527 -0.609099 0.270428 0.007532 
141182085094143 0.756379 -0.606670 0.243792 0.020198 
141182104970185 0.767473 -0.602913 0.215602 0.031580 
141182124846226 0.778008 -0.598883 0.186025 0.037924 
141182144722268 0.786183 -0.595955 0.157791 0.043076 
141182164598310 0.793357 -0.592541 0.130898 0.048436 
141182184474351 0.798878 -0.589092 0.108957 0.053781 
141182204350393 0.803019 -0.585730 0.093082 0.058423 
141182224226435 0.804894 -0.583625 0.086707 0.063352 
141182244102476 0.805661 -0.582215 0.085822 0.067612 
141182263978518 0.805464 -0.581562 0.090287 0.069708 
141182283854560 0.804798 -0.581315 0.098780 0.067961 
141182303730601 0.803838 -0.580442 0.113279 0.064022 
141182323606643 0.802524 -0.579141 0.130751 0.058794 
141182343482685 0.799080 -0.578977 0.151963 0.056279 
141182363358726 0.794766 -0.579238 0.173118 0.053478 
141182383234768 0.789880 -0.578742 0.197130 0.047811 
141182403110810 0.783949 -0.579027 0.220819 0.037287 
141182422986851 0.777359 -0.580334 0.241244 0.026937 
141182442862893 0.770396 -0.580761 0.262523 0.016996 
141182462738935 0.764164 -0.581651 0.278796 0.002836 
141182482614976 -0.758353 0.582172 -0.292839 0.014902 
141182502491018 -0.751686 0.581854 -0.308742 0.033051 
141182522367060 -0.745613 0.580151 -0.323745 0.051712 
141182542243101 -0.739765 0.577180 -0.339122 0.067896 
141182562119143 -0.734536 0.574436 -0.351870 0.081660 
141182581995185 -0.729434 0.572400 -0.362762 0.093222 
141182601871226 -0.724424 0.570689 -0.373343 0.100688 
141182621747268 -0.721484 0.568065 -0.381030 0.107598 
141182641623310 -0.720983 0.564977 -0.384525 0.114567 
141182661499351 -0.721078 0.562970 -0.385652 0.119934 
141182681375393 -0.720460 0.562971 -0.386301 0.121543 
141182701251518 -0.719822 0.564554 -0.385501 0.120519 
141182721127455 -0.718922 0.566944 -0.384642 0.117374 
141182741003497 -0.718226 0.570093 -0.382778 0.112367 
141182760879539 -0.718638 0.573353 -0.378847 0.106305 
141182780755580 -0.720437 0.576406 -0.372960 0.098118 
141182800631622 -0.723952 0.578571 -0.365246 0.088003 
141182820507664 -0.728448 0.579753 -0.357304 0.074738 
141182840383705 -0.732883 0.581416 -0.348536 0.058007 
141182860259747 -0.736512 0.584410 -0.338296 0.039648 
141182880135789 -0.740544 0.587531 -0.325408 0.022604 
141182900011830 -0.746156 0.589261 -0.309768 0.008177 
141182919888757 0.752592 -0.589316 0.293712 0.006722 
141182939765841 0.759987 -0.588044 0.275908 0.022323 
141182959642924 0.768657 -0.585162 0.255617 0.037564 
141182979520007 0.777666 -0.581861 0.232563 0.050863 
141182999397091 0.786094 -0.580016 0.205138 0.059620 
141183019274174 0.792998 -0.579841 0.175635 0.064027 
141183039151257 0.797599 -0.580512 0.148967 0.068187 
141183059028341 0.800506 -0.580780 0.128371 0.073530 
141183078905424 0.802125 -0.580836 0.113647 0.079428 
141183098782507 0.802974 -0.580351 0.105196 0.085783 
141183118659591 0.802613 -0.580270 0.103883 0.091168 
141183138536674 0.801367 -0.580901 0.107975 0.093305 
141183158413757 0.799239 -0.582150 0.117811 0.091845 
141183178290841 0.796404 -0.583683 0.132458 0.086683 
141183198167924 0.793080 -0.584236 0.151814 0.081518 
141183218045007 0.789669 -0.583262 0.174017 0.077138 
141183237921205 0.786207 -0.581699 0.195862 0.071699 
141183257797247 0.782343 -0.580188 0.217316 0.063969 
141183277673289 0.777037 -0.579765 0.239003 0.054478 
141183297549330 0.769994 -0.581086 0.259729 0.044612 
141183317425372 0.761844 -0.583738 0.278693 0.034265 
141183337301414 0.754031 -0.586939 0.294095 0.021172 
141183357177455 0.746749 -0.589350 0.308237 0.004707 
141183377053497 -0.739593 0.590707 -0.322327 0.013155 
141183396929539 -0.733725 0.590077 -0.335329 0.031800 
141183416805580 -0.729456 0.586852 -0.347710 0.050982 
141183436681622 -0.725302 0.583448 -0.358805 0.069137 
141183456557664 -0.720232 0.581618 -0.368416 0.085192 
141183476433705 -0.714619 0.580088 -0.379063 0.095542 
141183496309747 -0.709775 0.579668 -0.387306 0.100991 
141183516185789 -0.707599 0.578786 -0.391341 0.105669 
141183536061830 -0.707052 0.578079 -0.392294 0.109580 
141183555937872 -0.707494 0.577850 -0.391399 0.111110 
141183575813914 -0.708390 0.578511 -0.389191 0.109730 
141183595689955 -0.710186 0.579879 -0.384710 0.106644 
141183615565997 -0.712443 0.581787 -0.378884 0.101959 
141183635442039 -0.714721 0.584064 -0.372401 0.096745 
141183655318080 -0.715220 0.587230 -0.368622 0.087972 
141183675194122 -0.716830 0.590629 -0.362286 0.077843 
141183695070164 -0.722411 0.593042 -0.349068 0.067629 
141183714946205 -0.727339 0.595830 -0.336570 0.051832 
141183734822247 -0.730290 0.598926 -0.327090 0.031226 
141183754698289 -0.735174 0.601272 -0.312800 0.012136 
141183774574330 0.742234 -0.602543 0.293297 0.002780 
141183794450372 0.749330 -0.602428 0.274346 0.017868 
141183814326414 0.756967 -0.600528 0.255518 0.032816 
141183834202455 0.766242 -0.597584 0.232236 0.042815 
141183854078497 0.776411 -0.593535 0.206323 0.048304 
141183873954539 0.785670 -0.589567 0.180139 0.051841 
141183893830580 0.793128 -0.586866 0.153396 0.054853 
141183913706622 0.797656 -0.585635 0.130794 0.060544 
141183933582664 0.800656 -0.584267 0.114223 0.067364 
141183953458705 0.802325 -0.583363 0.103634 0.072279 
141183973334747 0.802843 -0.583194 0.098746 0.074687 
141183993210789 0.802580 -0.583357 0.099074 0.075782 
141184013086830 0.801313 -0.584383 0.104206 0.074408 
141184032962872 0.798557 -0.586537 0.115380 0.070522 
141184052838914 0.794934 -0.588831 0.130996 0.064818 
141184072714955 0.790882 -0.590830 0.148799 0.057319 
141184092590997 0.786578 -0.592222 0.168319 0.047293 
141184112467039 0.780982 -0.594288 0.188832 0.035083 
141184132343080 0.773776 -0.597899 0.208021 0.022669 
141184152219122 0.766729 -0.600772 0.226055 0.009944 
141184172095164 -0.760440 0.602313 -0.242745 0.004998 
141184191971205 -0.755187 0.602377 -0.257618 0.021613 
141184211847247 -0.749934 0.600932 -0.274074 0.036919 
141184231723289 -0.744796 0.598131 -0.291231 0.052057 
141184251599330 -0.740270 0.593303 -0.308794 0.068086 
141184271475372 -0.736582 0.585995 -0.326950 0.084647 
141184291351414 -0.733381 0.577273 -0.344659 0.100588 
141184311227455 -0.729954 0.569501 -0.360333 0.113989 
141184331103497 -0.727359 0.562771 -0.372431 0.124628 
141184350979539 -0.725067 0.557685 -0.382033 0.131587 
141184370855580 -0.723242 0.553989 -0.389410 0.135569 
141184390732507 -0.723045 0.551802 -0.392626 0.136259 
141184410609591 -0.723392 0.551715 -0.393522 0.132112 
141184430486674 -0.724234 0.552843 -0.392552 0.125521 
141184450363757 -0.726467 0.554741 -0.387638 0.119354 
141184470240841 -0.729384 0.556634 -0.381342 0.112868 
141184490117924 -0.732820 0.558056 -0.374774 0.105324 
141184509995007 -0.737059 0.559379 -0.366837 0.096261 
141184529872091 -0.741370 0.561282 -0.358017 0.084608 
141184549749174 -0.745327 0.563723 -0.348779 0.071078 
141184569626257 -0.749627 0.566907 -0.336964 0.055971 
141184589503341 -0.754919 0.570334 -0.321261 0.040098 
141184609380424 -0.760754 0.572746 -0.304370 0.023964 
141184629257507 -0.767410 0.572437 -0.288722 0.006170 
141184649134591 0.774804 -0.571451 0.270174 0.011362 
141184669011674 0.782985 -0.569950 0.247841 0.025813 
141184688887872 0.790575 -0.568191 0.225234 0.037675 
141184708763914 0.797348 -0.566524 0.202779 0.046543 
141184728639955 0.803006 -0.566639 0.177356 0.051392 
141184748515997 0.807648 -0.566415 0.153748 0.056895 
141184768392039 0.810341 -0.565064 0.139511 0.067743 
141184788268080 0.812307 -0.563582 0.129404 0.076059 
141184808144122 0.813550 -0.562613 0.123273 0.080044 
141184828020164 0.813929 -0.561748 0.123457 0.081947 
141184847896205 0.813695 -0.561138 0.128509 0.080673 
141184867772247 0.812657 -0.560316 0.140427 0.076906 
141184887648289 0.810499 -0.559664 0.157734 0.070589 
141184907524330 0.806587 -0.559469 0.180052 0.063171 
141184927400372 0.799711 -0.560506 0.207190 0.057973 
141184947276414 0.791546 -0.561911 0.234665 0.051303 
141184967152455 0.783583 -0.562735 0.260213 0.040212 
141184987028497 0.775018 -0.564183 0.283366 0.027360 
141185006904539 0.766086 -0.565721 0.304851 0.011789 
141185026780580 -0.757816 0.566298 -0.323932 0.009510 
141185046656622 -0.750626 0.566077 -0.339048 0.034119 
141185066532664 -0.743602 0.563960 -0.354348 0.058671 
141185086408705 -0.736272 0.559757 -0.371100 0.082816 
141185106284747 -0.729535 0.554864 -0.385589 0.105966 
141185126160789 -0.722963 0.551436 -0.397516 0.123375 
141185146036830 -0.715960 0.550141 -0.408915 0.132419 
141185165912872 -0.708907 0.548966 -0.421852 0.134642 
141185185788914 -0.703872 0.546914 -0.432381 0.135999 
141185205664955 -0.703272 0.544247 -0.435814 0.138816 
141185225540997 -0.705197 0.542539 -0.434845 0.138776 
141185245417039 -0.708123 0.542526 -0.431746 0.133505 
141185265293080 -0.711108 0.544117 -0.427765 0.123604 
141185285169122 -0.713455 0.547001 -0.423687 0.110734 
141185305045164 -0.715555 0.550497 -0.418912 0.097200 
141185324921205 -0.718322 0.553810 -0.412280 0.085634 
141185344797247 -0.722080 0.556623 -0.403685 0.076255 
141185364673289 -0.726390 0.559137 -0.393868 0.067748 
141185384549330 -0.730769 0.562520 -0.382489 0.057039 
141185404425372 -0.734144 0.567674 -0.370173 0.041839 
141185424301414 -0.736697 0.572803 -0.358581 0.024360 
141185444177455 -0.741361 0.575572 -0.345036 0.007133 
141185464053497 0.748626 -0.576446 0.327365 0.010046 
141185483929539 0.757192 -0.576441 0.306110 0.025938 
141185503805580 0.765790 -0.576440 0.282539 0.038142 
141185523681622 0.774732 -0.577241 0.254280 0.043882 
141185543557664 0.783248 -0.578608 0.222760 0.045971 
141185563433705 0.789978 -0.580176 0.192097 0.049290 
141185583309747 0.795123 -0.581682 0.162885 0.053893 
141185603185789 0.799279 -0.581571 0.139377 0.059173 
141185623061830 0.802723 -0.579872 0.123404 0.064474 
141185642937872 0.805188 -0.577881 0.113938 0.068909 
141185662813914 0.806015 -0.577001 0.111248 0.070949 
141185682689955 0.805670 -0.576790 0.115226 0.070201 
141185702565997 0.803760 -0.577510 0.126320 0.067032 
141185722442039 0.800237 -0.578939 0.143818 0.061416 
141185742318080 0.795078 -0.580482 0.167145 0.054384 
141185762194122 0.787674 -0.582694 0.194454 0.047167 
141185782070164 0.779122 -0.585237 0.221446 0.037786 
141185801946205 0.770314 -0.587776 0.245849 0.026325 
141185821822247 0.762324 -0.589231 0.267373 0.013458 
141185841698289 -0.755235 0.589818 -0.285885 0.002171 
141185861574330 -0.748431 0.589557 -0.303143 0.019433 
141185881450372 -0.742650 0.586372 -0.321072 0.039390 
141185901326414 -0.737929 0.580894 -0.338247 0.060122 
141185921202455 -0.734820 0.573122 -0.353745 0.080212 
141185941078497 -0.731618 0.564711 -0.369072 0.098098 
141185960954539 -0.726882 0.558551 -0.383711 0.111496 
141185980830580 -0.721125 0.554378 -0.397438 0.121189 
141186000706622 -0.716882 0.550404 -0.408449 0.127694 
141186020582664 -0.714908 0.547258 -0.414636 0.132257 
141186040458705 -0.716136 0.544414 -0.415134 0.135744 
141186060334747 -0.719453 0.543114 -0.411577 0.134234 
141186080210789 -0.722962 0.543264 -0.407440 0.127211 
141186100086830 -0.725391 0.544584 -0.404476 0.116778 
141186119962872 -0.727989 0.546761 -0.399675 0.106516 
141186139839278 -0.731113 0.548809 -0.393186 0.098428 
141186159716361 -0.734630 0.550994 -0.385054 0.091943 
141186179593445 -0.736672 0.554480 -0.378106 0.083082 
141186199470528 -0.739575 0.558439 -0.368629 0.072709 
141186219347611 -0.744101 0.562666 -0.355017 0.060655 
141186239224695 -0.747587 0.566937 -0.343254 0.043280 
141186259101778 -0.751953 0.570136 -0.330179 0.022221 
141186278978861 -0.760283 0.570516 -0.310607 0.001896 
141186298855945 0.770172 -0.569096 0.287569 0.016368 
141186318733028 0.779466 -0.567238 0.263874 0.032307 
141186338610111 0.787890 -0.565835 0.238775 0.045233 
141186358487195 0.796054 -0.564753 0.210687 0.054472 
141186378364278 0.804387 -0.562222 0.181879 0.061518 
141186398241361 0.811762 -0.559918 0.151357 0.067994 
141186418118445 0.817283 -0.556941 0.126256 0.076963 
141186437994643 0.820780 -0.554303 0.108841 0.084963 
141186457870684 0.822495 -0.553029 0.099273 0.088350 
141186477746726 0.822304 -0.553006 0.099820 0.089645 
141186497622768 0.820485 -0.554389 0.107636 0.088734 
141186517498809 0.817543 -0.556528 0.120819 0.085457 
141186537374851 0.813145 -0.559419 0.139341 0.080187 
141186557250893 0.807828 -0.562465 0.160220 0.073308 
141186577126934 0.802079 -0.565556 0.181143 0.063274 
141186597002976 0.795470 -0.569077 0.201884 0.051253 
141186616879018 0.788424 -0.571776 0.223639 0.038028 
141186636755059 0.780776 -0.573705 0.246407 0.023147 
141186656631101 0.772353 -0.575898 0.267892 0.006824 
141186676507143 -0.764972 0.578286 -0.283296 0.012082 
141186696383184 -0.757584 0.579773 -0.297926 0.034204 
141186716259226 -0.748738 0.578686 -0.318514 0.055324 
141186736135268 -0.741788 0.574327 -0.338353 0.073597 
141186756011309 -0.738137 0.567578 -0.353751 0.088720 
141186775887351 -0.735842 0.559463 -0.368000 0.100561 
141186795763393 -0.732451 0.551991 -0.383230 0.109359 
141186815639434 -0.729138 0.546084 -0.395862 0.115939 
141186835515476 -0.726772 0.542208 -0.404419 0.119401 
141186855391518 -0.724315 0.540721 -0.411240 0.117776 
141186875267559 -0.723020 0.541059 -0.414407 0.112980 
141186895143601 -0.722879 0.542454 -0.414187 0.107881 
141186915019643 -0.722533 0.544583 -0.413979 0.100000 
141186934895684 -0.724300 0.546795 -0.410376 0.089414 
141186954771726 -0.729859 0.548188 -0.401310 0.075830 
141186974647768 -0.736476 0.549619 -0.390361 0.056062 
141186994523809 -0.739304 0.551369 -0.385274 0.031393 
141187014399851 -0.739363 0.552502 -0.384707 0.009158 
141187034275893 0.743001 -0.551509 0.379135 0.006606 
141187054151934 0.751522 -0.550913 0.362614 0.014848 
141187074027976 0.759608 -0.551998 0.343263 0.021538 
141187093904018 0.765271 -0.552758 0.328183 0.033385 
141187113780059 0.769848 -0.551644 0.317184 0.049178 
141187133656101 0.774647 -0.550278 0.305284 0.062546 
141187153532143 0.781037 -0.549626 0.288234 0.069400 
141187173408184 0.788526 -0.549236 0.267031 0.072542 
141187193284226 0.795578 -0.548242 0.246756 0.074814 
141187213160268 0.802194 -0.546961 0.226917 0.076323 
141187233036309 0.807975 -0.544868 0.210030 0.078616 
141187252912351 0.812372 -0.542444 0.197688 0.082030 
141187272788393 0.815473 -0.540924 0.187831 0.084422 
141187292664434 0.817235 -0.540368 0.181084 0.085658 
141187312540476 0.816704 -0.541060 0.180825 0.086890 
141187332416518 0.814119 -0.543003 0.187023 0.085913 
141187352292559 0.810077 -0.545624 0.198224 0.082337 
141187372168601 0.804219 -0.549076 0.214021 0.077102 
141187392044643 0.797152 -0.552834 0.232686 0.069126 
141187411920684 0.788637 -0.557406 0.252530 0.059792 
141187431796726 0.780076 -0.562374 0.269839 0.049034 
141187451672768 0.771470 -0.566678 0.286718 0.038772 
141187471548809 0.763883 -0.569291 0.302722 0.027372 
141187491424851 0.757168 -0.569480 0.319677 0.013998 
141187511300893 -0.750899 0.567621 -0.337568 0.002253 
141187531176934 -0.746258 0.563624 -0.353495 0.021628 
141187551052976 -0.742499 0.557835 -0.368670 0.039968 
141187570929018 -0.739085 0.550394 -0.384401 0.055328 
141187590805059 -0.735207 0.542699 -0.400336 0.068421 
141187610681101 -0.731831 0.536140 -0.412916 0.080510 
141187630557143 -0.728756 0.531421 -0.422344 0.090184 
141187650433184 -0.725160 0.528569 -0.431034 0.094710 
141187670309226 -0.721902 0.527282 -0.437998 0.094819 
141187690185268 -0.720096 0.527538 -0.441017 0.093106 
141187710061309 -0.719887 0.529489 -0.439952 0.088594 
141187729937351 -0.720578 0.532424 -0.436542 0.082011 
141187749813393 -0.721831 0.535693 -0.431844 0.074187 
141187769689434 -0.724077 0.538732 -0.425763 0.064867 
141187789565476 -0.726517 0.541665 -0.419355 0.053951 
141187809441518 -0.728574 0.544828 -0.413107 0.041055 
141187829317559 -0.731196 0.548265 -0.404890 0.028678 
141187849193601 -0.734653 0.552284 -0.393684 0.016755 
141187869069643 -0.739304 0.556252 -0.379457 0.005078 
141187888945684 0.745202 -0.559898 0.362125 0.007308 
141187908821726 0.751822 -0.562220 0.343802 0.021721 
141187928697768 0.759381 -0.563053 0.323913 0.037318 
141187948573809 0.767735 -0.562558 0.302382 0.051712 
141187968449851 0.776153 -0.562169 0.278772 0.062029 
141187988325893 0.784180 -0.561953 0.254197 0.068196 
141188008201934 0.790793 -0.561879 0.231394 0.073459 
141188028077976 0.795926 -0.561818 0.210874 0.079970 
141188047954018 0.799095 -0.561970 0.194650 0.088037 
141188067830059 0.801654 -0.561976 0.180434 0.094751 
141188087706101 0.803703 -0.561228 0.170968 0.099262 
141188107582143 0.805099 -0.560050 0.166654 0.101909 
141188127458184 0.805508 -0.559228 0.167122 0.102423 
141188147334226 0.803997 -0.559612 0.173489 0.101610 
141188167210268 0.801236 -0.560427 0.185133 0.098328 
141188187086309 0.796214 -0.562081 0.203266 0.093755 
141188206962351 0.789369 -0.564777 0.224409 0.086974 
141188226838393 0.781323 -0.567792 0.246757 0.079092 
141188246714434 0.772797 -0.570670 0.268782 0.069846 
141188266590476 0.765809 -0.571786 0.288500 0.057965 
141188286466518 0.758702 -0.572323 0.308020 0.044067 
141188306342559 0.752058 -0.572193 0.326008 0.026887 
141188326218601 0.746129 -0.570046 0.343903 0.008314 
141188346094643 -0.740997 0.566239 -0.360851 0.009163 
141188365970684 -0.736043 0.561007 -0.377944 0.025884 
141188385846726 -0.731414 0.555479 -0.393326 0.042098 
141188405722768 -0.726848 0.550967 -0.406176 0.056047 
141188425598809 -0.720419 0.548394 -0.419636 0.064546 
141188445474851 -0.716410 0.544391 -0.430512 0.071060 
141188465350893 -0.716011 0.540699 -0.434744 0.077264 
141188485226934 -0.713708 0.539294 -0.439919 0.079080 
141188505102976 -0.711323 0.538631 -0.444485 0.079568 
141188524979018 -0.711842 0.540557 -0.441995 0.075623 
141188544855059 -0.710780 0.545800 -0.438608 0.067167 
141188564731101 -0.709489 0.549477 -0.437275 0.059072 
141188584607143 -0.710474 0.553432 -0.431646 0.051219 
141188604483184 -0.712674 0.557570 -0.423561 0.042516 
141188624359226 -0.712958 0.561288 -0.419204 0.030245 
141188644235268 -0.715592 0.563850 -0.411838 0.019760 
141188664111309 -0.723067 0.566530 -0.394969 0.014731 
141188683987351 -0.729348 0.568962 -0.379873 0.005431 
141188703863393 0.728953 -0.572619 0.375021 0.009660 
141188723739434 0.731359 -0.578328 0.360576 0.025206 
141188743615476 0.739130 -0.582570 0.336045 0.037048 
141188763492403 0.746401 -0.583522 0.316508 0.047000 
141188783369486 0.753308 -0.582421 0.299748 0.058855 
141188803246570 0.760575 -0.582979 0.277907 0.066562 
141188823123653 0.768315 -0.584222 0.252116 0.069425 
141188843000736 0.774471 -0.585667 0.227728 0.072996 
141188862877820 0.779403 -0.586653 0.205237 0.079013 
141188882754903 0.783047 -0.587312 0.186058 0.085356 
141188902631986 0.786881 -0.587488 0.166864 0.088501 
141188922509070 0.790076 -0.586674 0.152980 0.090505 
141188942386153 0.791369 -0.586555 0.146419 0.090833 
141188962263236 0.791637 -0.586774 0.145298 0.088865 
141188982140320 0.791261 -0.586572 0.149832 0.085952 
141189002017403 0.788924 -0.587502 0.160339 0.082031 
141189021893601 0.785411 -0.588881 0.174781 0.076157 
141189041769643 0.781004 -0.590167 0.192557 0.068225 
141189061645684 0.775263 -0.591769 0.212910 0.058724 
141189081521726 0.768648 -0.593369 0.234054 0.048082 
141189101397768 0.762670 -0.594548 0.252199 0.035259 
141189121273809 0.756482 -0.595194 0.270151 0.022314 
141189141149851 0.749620 -0.595650 0.288452 0.008080 
141189161025893 -0.744288 0.594594 -0.303962 0.010006 
141189180901934 -0.738831 0.591771 -0.321208 0.027602 
141189200777976 -0.731206 0.587608 -0.343996 0.041492 
141189220654018 -0.724208 0.581616 -0.366532 0.053870 
141189240530059 -0.720526 0.573734 -0.383619 0.067153 
141189260406101 -0.717854 0.565555 -0.398533 0.077492 
141189280282143 -0.714287 0.558915 -0.412974 0.082835 
141189300158184 -0.712712 0.553839 -0.421774 0.086079 
141189320034226 -0.711820 0.551996 -0.426045 0.084262 
141189339910268 -0.710209 0.551634 -0.429992 0.080055 
141189359786309 -0.711292 0.551576 -0.428220 0.080348 
141189379662351 -0.713989 0.552732 -0.422079 0.080958 
141189399538393 -0.714639 0.554938 -0.418532 0.078481 
141189419414434 -0.714740 0.557333 -0.415722 0.075486 
141189439290476 -0.715876 0.560845 -0.409784 0.071060 
141189459166518 -0.718972 0.563593 -0.401093 0.067591 
141189479042559 -0.721915 0.566107 -0.393377 0.060160 
141189498918601 -0.723368 0.569270 -0.388197 0.044440 
141189518794643 -0.726750 0.571620 -0.380019 0.025907 
141189538670684 -0.732026 0.572976 -0.368457 0.008677 
141189558546726 0.737467 -0.572902 0.357646 0.003922 
141189578422768 0.745860 -0.572096 0.340868 0.014428 
141189598298809 0.754931 -0.571105 0.321240 0.026887 
141189618174851 0.763817 -0.570181 0.299996 0.038466 
141189638050893 0.773255 -0.569226 0.275073 0.048928 
141189657926934 0.781784 -0.567302 0.251295 0.061917 
141189677802976 0.789521 -0.564617 0.229034 0.073555 
141189697679018 0.796075 -0.561275 0.210895 0.082188 
141189717555059 0.801778 -0.557691 0.195384 0.089218 
141189737431101 0.807950 -0.553614 0.178905 0.093374 
141189757307143 0.811660 -0.550762 0.169029 0.096428 
141189777183184 0.814222 -0.548122 0.164799 0.097188 
141189797059226 0.815340 -0.545999 0.166735 0.096465 
141189816935268 0.815044 -0.544746 0.173481 0.094121 
141189836811309 0.813426 -0.544532 0.184110 0.089037 
141189856687351 0.810984 -0.545090 0.196133 0.081936 
141189876563393 0.807866 -0.546496 0.208219 0.073066 
141189896439434 0.804130 -0.547821 0.221687 0.064237 
141189916315476 0.797391 -0.549973 0.241665 0.057452 
141189936191518 0.789394 -0.553732 0.260622 0.048105 
141189956067559 0.782415 -0.556904 0.276420 0.035731 
141189975943601 0.775487 -0.559604 0.291451 0.022814 
141189995819643 0.767915 -0.562732 0.305865 0.009273 
141190015695684 -0.760944 0.563782 -0.321023 0.007669 
141190035571726 -0.754490 0.562206 -0.337572 0.026730 
141190055447768 -0.747856 0.558556 -0.355848 0.045813 
141190075323809 -0.741520 0.552558 -0.374991 0.064861 
141190095199851 -0.736887 0.544276 -0.392211 0.083255 
141190115075893 -0.732193 0.536269 -0.408577 0.096814 
141190134951934 -0.726696 0.530141 -0.424438 0.103515 
141190154827976 -0.723084 0.524803 -0.436990 0.103779 
141190174704018 -0.721651 0.520579 -0.445228 0.099932 
141190194580059 -0.721343 0.517748 -0.450316 0.093885 
141190214456101 -0.722208 0.517111 -0.451060 0.086936 
141190234332143 -0.723641 0.518329 -0.448840 0.078893 
141190254208184 -0.725214 0.519989 -0.445769 0.070483 
141190274084226 -0.726101 0.522523 -0.442751 0.060981 
141190293960268 -0.726583 0.525341 -0.439816 0.051549 
141190313836309 -0.727280 0.528292 -0.436088 0.042412 
141190333712351 -0.728906 0.531757 -0.429923 0.033109 
141190353588393 -0.732100 0.535844 -0.419945 0.023383 
141190373464434 -0.736292 0.540085 -0.407492 0.011515 
141190393340476 0.740677 -0.543771 0.394589 0.002974 
141190413216518 0.745576 -0.547095 0.380063 0.018863 
141190433092559 0.752015 -0.550427 0.361266 0.031475 
141190452968601 0.759791 -0.553273 0.338943 0.041518 
141190472844643 0.768023 -0.555701 0.314086 0.051920 
141190492720684 0.775293 -0.557960 0.288840 0.064602 
141190512596726 0.780961 -0.559146 0.266749 0.079383 
141190532472768 0.786083 -0.558354 0.248472 0.092602 
141190552348809 0.792590 -0.556034 0.229178 0.100521 
141190572224851 0.799034 -0.554356 0.207233 0.106253 
141190592100893 0.802923 -0.553648 0.190151 0.112395 
141190611976934 0.805233 -0.553636 0.177268 0.116900 
141190631852976 0.805990 -0.553800 0.170895 0.120327 
141190651729018 0.805673 -0.554121 0.170550 0.121471 
141190671605059 0.804407 -0.554843 0.175107 0.120062 
141190691481101 0.801927 -0.556450 0.184307 0.115356 
141190711357143 0.798117 -0.558607 0.197963 0.108523 
141190731233184 0.792672 -0.561074 0.216044 0.100960 
141190751109226 0.785764 -0.563952 0.236523 0.092668 
141190770985268 0.777664 -0.567186 0.257783 0.084164 
141190790861309 0.768863 -0.571238 0.277620 0.073947 
141190810737351 0.759746 -0.575594 0.295903 0.062604 
141190830613393 0.751824 -0.578948 0.311675 0.049373 
141190850489434 0.745164 -0.580360 0.326793 0.033452 
141190870365476 0.738650 -0.579468 0.344019 0.016245 
141190890241518 -0.732131 0.576546 -0.362736 0.001187 
141190910117559 -0.726823 0.571698 -0.380206 0.018270 
141190929993601 -0.722665 0.564915 -0.396890 0.033236 
141190949869643 -0.718207 0.557717 -0.413628 0.045190 
141190969745684 -0.712247 0.552157 -0.429787 0.055716 
141190989621726 -0.707515 0.547728 -0.441794 0.065072 
141191009497768 -0.703414 0.545973 -0.449920 0.068525 
141191029373809 -0.700696 0.544889 -0.455369 0.068999 
141191049249851 -0.701128 0.545691 -0.453822 0.068470 
141191069125893 -0.702136 0.548771 -0.448987 0.065318 
141191089001934 -0.702875 0.552555 -0.443811 0.060631 
141191108877976 -0.704458 0.556051 -0.437381 0.056916 
141191128754018 -0.706296 0.559543 -0.430442 0.052696 
141191148630059 -0.710274 0.563105 -0.419444 0.049901 
141191168506101 -0.712362 0.568161 -0.409584 0.044428 
141191188382143 -0.711646 0.574083 -0.403602 0.033079 
141191208258184 -0.714583 0.578017 -0.393349 0.023346 
141191228134226 -0.720976 0.581716 -0.376294 0.014264 
141191248010268 0.725000 -0.584245 0.364734 0.001339 
141191267886309 0.730695 -0.585892 0.349962 0.018490 
141191287762351 0.739378 -0.587234 0.327805 0.031954 
141191307638393 0.748529 -0.588109 0.303378 0.042349 
141191327514434 0.757157 -0.588022 0.279179 0.054809 
141191347390476 0.765486 -0.587403 0.254197 0.066097 
141191367266518 0.773335 -0.585753 0.230978 0.074155 
141191387142559 0.780078 -0.583724 0.210889 0.079181 
141191407018601 0.787535 -0.580984 0.188096 0.082864 
141191426894643 0.793866 -0.578058 0.167041 0.087891 
141191446770684 0.798381 -0.575758 0.150351 0.092108 
141191466646726 0.801282 -0.573360 0.141376 0.096007 
141191486522768 0.802727 -0.571044 0.140547 0.098906 
141191506398809 0.803242 -0.569051 0.145223 0.099473 
141191526274851 0.803010 -0.567510 0.154047 0.096850 
141191546150893 0.801844 -0.565731 0.168831 0.092133 
141191566026934 0.799106 -0.564748 0.187334 0.085987 
141191585902976 0.795283 -0.564438 0.206982 0.078062 
141191605779018 0.790412 -0.563720 0.229275 0.070023 
141191625655059 0.784460 -0.563144 0.252113 0.062685 
141191645531101 0.778239 -0.563031 0.272762 0.054271 
141191665407143 0.771723 -0.563393 0.291602 0.044724 
141191685283184 0.764127 -0.564767 0.309677 0.035343 
141191705159226 0.755387 -0.565585 0.329985 0.024772 
141191725035268 0.746144 -0.564822 0.352341 0.010058 
141191744911309 -0.738494 0.563400 -0.370330 0.007883 
141191764787351 -0.732667 0.560225 -0.385577 0.026043 
141191784663393 -0.728486 0.555468 -0.398599 0.043391 
141191804539434 -0.724528 0.550247 -0.410695 0.060090 
141191824415476 -0.721000 0.545462 -0.420751 0.074824 
141191844291518 -0.717341 0.541658 -0.429672 0.086059 
141191864167559 -0.714591 0.538504 -0.436451 0.094248 
141191884043601 -0.712736 0.535678 -0.441654 0.099983 
141191903919643 -0.711944 0.533599 -0.444639 0.103457 
141191923795684 -0.712215 0.532912 -0.444758 0.104614 
141191943671726 -0.713749 0.533781 -0.441872 0.101920 
141191963547768 -0.715902 0.536738 -0.436367 0.094768 
141191983423809 -0.717345 0.540915 -0.430774 0.085223 
141192003299851 -0.718824 0.545017 -0.425121 0.074317 
141192023175893 -0.723107 0.548325 -0.414962 0.065274 
141192043051934 -0.728762 0.551154 -0.402382 0.056732 
141192062927976 -0.732349 0.554356 -0.392718 0.046118 
141192082804018 -0.734208 0.557884 -0.385454 0.033595 
141192102680059 -0.738774 0.561014 -0.372858 0.021290 
141192122556101 -0.746302 0.563030 -0.354855 0.010414 
141192142432143 0.751175 -0.564269 0.342503 0.005281 
141192162308184 0.756571 -0.565038 0.328566 0.019407 
141192182184226 0.766386 -0.566168 0.302446 0.025163 
141192202060268 0.775658 -0.565453 0.278502 0.032476 
141192221936309 0.782008 -0.565010 0.259339 0.044400 
141192241812351 0.787634 -0.565561 0.238512 0.053623 
141192261688393 0.794196 -0.565420 0.214080 0.061053 
141192281564434 0.801043 -0.563404 0.190389 0.068279 
141192301440476 0.806121 -0.560854 0.172272 0.077042 
141192321316518 0.809733 -0.559466 0.155752 0.084087 
141192341192559 0.813961 -0.556770 0.139999 0.088739 
141192361068601 0.818244 -0.552460 0.130022 0.091423 
141192380944643 0.819617 -0.550497 0.128486 0.093120 
141192400820684 0.818897 -0.551211 0.131295 0.091280 
141192420696726 0.818015 -0.551158 0.140500 0.085649 
141192440572768 0.815574 -0.551143 0.158767 0.076623 
141192460448809 0.810202 -0.553149 0.182374 0.065837 
141192480324851 0.802756 -0.555922 0.208217 0.056333 
141192500200893 0.795833 -0.556678 0.233501 0.047290 
141192520076934 0.789510 -0.556094 0.257028 0.037013 
141192539952976 0.783694 -0.554680 0.278243 0.027098 
141192559829018 0.777731 -0.551822 0.300581 0.016681 
141192579705059 0.771656 -0.548672 0.321712 0.002882 
141192599581101 -0.765629 0.545162 -0.341190 0.014146 
141192619457143 -0.760324 0.541210 -0.357766 0.031653 
141192639333184 -0.755843 0.535365 -0.374027 0.046800 
141192659209226 -0.750932 0.527566 -0.392902 0.058388 
141192679085268 -0.745239 0.519544 -0.412490 0.067406 
141192698961309 -0.739530 0.512579 -0.429986 0.073968 
141192718837351 -0.735003 0.506613 -0.443749 0.078743 
141192738713393 -0.733476 0.502235 -0.450129 0.084628 
141192758589434 -0.733781 0.498793 -0.452379 0.090147 
141192778465476 -0.735095 0.496396 -0.452437 0.092356 
141192798341518 -0.737770 0.495887 -0.448918 0.090908 
141192818217559 -0.739789 0.497825 -0.444484 0.085549 
141192838093601 -0.741352 0.500167 -0.440089 0.080920 
141192857969643 -0.743261 0.502862 -0.434569 0.076446 
141192877845684 -0.745671 0.506253 -0.427339 0.071123 
141192897721726 -0.748638 0.508934 -0.419776 0.065699 
141192917597768 -0.750705 0.511999 -0.413697 0.056169 
141192937473809 -0.752112 0.515591 -0.408250 0.042724 
141192957349851 -0.754852 0.519035 -0.400049 0.027629 
141192977225893 -0.757625 0.522451 -0.391061 0.010949 
141192997101934 0.760254 -0.525436 0.381972 0.005412 
141193016977976 0.765211 -0.526880 0.369415 0.019551 
141193036854018 0.771687 -0.526319 0.355529 0.032965 
141193056730059 0.778760 -0.524381 0.340846 0.048811 
141193076606101 0.787773 -0.521653 0.321049 0.064978 
141193096482143 0.797686 -0.517763 0.298785 0.079683 
141193116358184 0.805979 -0.513224 0.280209 0.092109 
141193136234226 0.813283 -0.509270 0.262814 0.100723 
141193156110268 0.819706 -0.506446 0.244624 0.108419 
141193175986309 0.824207 -0.504830 0.228976 0.115767 
141193195862351 0.826576 -0.504106 0.218723 0.121695 
141193215738393 0.827681 -0.503674 0.212953 0.126133 
141193235614434 0.827317 -0.503733 0.212448 0.129096 
141193255490476 0.824989 -0.505203 0.216919 0.130800 
141193275366518 0.821022 -0.507542 0.226352 0.130730 
141193295242559 0.815021 -0.511320 0.240606 0.128064 
141193315118601 0.807427 -0.516230 0.257893 0.122713 
141193334994643 0.798733 -0.521606 0.276513 0.116160 
141193354870684 0.789210 -0.526831 0.295874 0.109796 
141193374746726 0.779778 -0.531686 0.314214 0.102601 
141193394622768 0.770630 -0.536058 0.331458 0.094380 
141193414498809 0.761762 -0.539396 0.348680 0.084822 
141193434374851 0.753172 -0.542473 0.365052 0.072074 
141193454250893 0.744962 -0.545127 0.380639 0.054497 
141193474126934 0.737328 -0.546876 0.395103 0.034174 
141193494002976 0.731169 -0.546852 0.407601 0.014375 
141193513879018 -0.725109 0.545101 -0.420808 0.002027 
141193533755059 -0.719371 0.542701 -0.433277 0.015852 
141193553631101 -0.713718 0.540420 -0.444691 0.028350 
141193573507507 -0.708333 0.538845 -0.454344 0.038497 
141193593384591 -0.703841 0.538386 -0.461170 0.045506 
141193613261674 -0.701010 0.539031 -0.464266 0.049869 
141193633138757 -0.699334 0.541185 -0.464290 0.049858 
141193653015841 -0.697956 0.544527 -0.462917 0.045346 
141193672892924 -0.697764 0.548576 -0.458978 0.039116 
141193692770007 -0.698155 0.553263 -0.453260 0.032177 
141193712647091 -0.698757 0.557614 -0.447389 0.025470 
141193732524174 -0.700805 0.561279 -0.439796 0.020441 
141193752401257 -0.702899 0.565225 -0.431586 0.013685 
141193772278341 -0.704147 0.569034 -0.424696 0.003164 
141193792155424 0.706846 -0.572863 0.414865 0.009145 
141193812032507 0.711324 -0.576395 0.401628 0.021956 
141193831909591 0.717718 -0.579060 0.385355 0.032743 
141193851785789 0.725559 -0.580640 0.366751 0.043748 
141193871661830 0.733227 -0.581408 0.347839 0.057844 
141193891537872 0.741021 -0.581967 0.327393 0.070813 
141193911413914 0.749367 -0.582604 0.304421 0.079698 
141193931289955 0.757218 -0.582951 0.281361 0.087324 
141193951165997 0.764756 -0.582696 0.258374 0.094112 
141193971042039 0.772532 -0.581309 0.235320 0.099493 
141193990918080 0.779562 -0.579436 0.213968 0.103696 
141194010794122 0.785559 -0.577557 0.194046 0.108035 
141194030670164 0.790285 -0.575699 0.177116 0.112475 
141194050546205 0.794572 -0.573332 0.163673 0.114706 
141194070422247 0.796974 -0.572107 0.156212 0.114565 
141194090298289 0.798196 -0.571802 0.153551 0.111111 
141194110174330 0.797272 -0.572658 0.157538 0.107708 
141194130050372 0.794876 -0.574260 0.166751 0.102909 
141194149926414 0.791288 -0.576139 0.180620 0.096450 
141194169802455 0.785383 -0.579506 0.198488 0.089169 
141194189678497 0.778699 -0.582724 0.217929 0.081012 
141194209554539 0.771583 -0.585035 0.238757 0.073412 
141194229430580 0.764311 -0.587006 0.258891 0.065009 
141194249306622 0.757097 -0.587869 0.279667 0.054786 
141194269182664 0.750141 -0.588558 0.298298 0.043658 
141194289058705 0.743888 -0.588045 0.315930 0.031960 
141194308934747 0.738513 -0.586121 0.332693 0.019392 
141194328810789 0.734400 -0.581725 0.349613 0.004815 
141194348686830 -0.730039 0.575975 -0.367703 0.009483 
141194368562872 -0.726799 0.568026 -0.385354 0.024749 
141194388438914 -0.723121 0.559978 -0.402341 0.040521 
141194408314955 -0.718444 0.554012 -0.417204 0.053402 
141194428190997 -0.713555 0.547833 -0.432209 0.062574 
141194448067039 -0.709288 0.543862 -0.442904 0.070432 
141194467943080 -0.708062 0.541477 -0.446811 0.076232 
141194487819122 -0.707507 0.541121 -0.447583 0.079306 
141194507695164 -0.708869 0.541654 -0.444634 0.080107 
141194527571205 -0.710249 0.543583 -0.440287 0.078795 
141194547447247 -0.711636 0.545648 -0.435932 0.076206 
141194567323289 -0.714029 0.548528 -0.429172 0.071340 
141194587199330 -0.717508 0.551888 -0.420195 0.063586 
141194607075372 -0.719441 0.556447 -0.412409 0.051944 
141194626951414 -0.722077 0.561019 -0.403134 0.036681 
141194646827455 -0.723013 0.565402 -0.396692 0.014416 
141194666703497 0.727353 -0.566253 0.387597 0.009144 
141194686579539 0.733576 -0.565114 0.376483 0.027813 
141194706455580 0.737661 -0.563017 0.369886 0.045313 
141194726331622 0.742939 -0.562086 0.358522 0.059717 
141194746207664 0.752000 -0.560995 0.339576 0.066841 
141194766083705 0.760104 -0.560024 0.322045 0.069990 
141194785959747 0.766129 -0.561004 0.304536 0.074694 
141194805835789 0.772453 -0.562190 0.283398 0.083328 
141194825711830 0.777943 -0.561661 0.265018 0.095431 
141194845587872 0.783387 -0.558773 0.250914 0.105451 
141194865463914 0.788113 -0.555812 0.239325 0.112590 
141194885339955 0.792481 -0.554942 0.224070 0.117496 
141194905215997 0.797251 -0.553686 0.208744 0.119365 
141194925092039 0.801183 -0.552506 0.197087 0.118318 
141194944968080 0.802244 -0.552794 0.192225 0.117793 
141194964844122 0.800976 -0.554036 0.194297 0.117175 
141194984720164 0.797871 -0.555633 0.203398 0.115336 
141195004596205 0.793886 -0.556442 0.217762 0.112677 
141195024472247 0.789502 -0.555887 0.236335 0.108727 
141195044348289 0.783854 -0.556182 0.255731 0.104092 
141195064224330 0.776995 -0.556821 0.276503 0.098881 
141195084100372 0.769294 -0.557492 0.297981 0.092689 
141195103976414 0.761528 -0.558525 0.317665 0.084934 
141195123852455 0.753167 -0.560376 0.336483 0.074159 
141195143728497 0.743815 -0.564672 0.352150 0.062312 
141195163604539 0.735498 -0.569057 0.364040 0.051906 
141195183480580 0.727768 -0.570427 0.378576 0.040580 
141195203356622 0.721274 -0.570344 0.392299 0.023946 
141195223232664 0.715929 -0.569140 0.404339 0.005871 
141195243108705 -0.711995 0.565414 -0.416253 0.010126 
141195262984747 -0.709657 0.562228 -0.423984 0.022907 
141195282860789 -0.707409 0.559877 -0.430091 0.033656 
141195302736830 -0.704317 0.558496 -0.435926 0.044586 
141195322612872 -0.701265 0.558425 -0.439792 0.054553 
141195342488914 -0.698423 0.559332 -0.442068 0.062665 
141195362364955 -0.697136 0.562069 -0.440197 0.065668 
141195382240997 -0.694652 0.567602 -0.437778 0.060307 
141195402117039 -0.693334 0.571701 -0.435583 0.052066 
141195421993080 -0.696590 0.574037 -0.428210 0.043366 
141195441869122 -0.699305 0.575242 -0.422911 0.034865 
141195461745164 -0.702351 0.575621 -0.417884 0.027117 
141195481621205 -0.705808 0.576768 -0.410894 0.018446 
141195501497247 -0.710799 0.577299 -0.401666 0.012427 
141195521373289 -0.717683 0.577534 -0.388991 0.008432 
141195541249330 0.720731 -0.580327 0.379166 0.001123 
141195561125372 0.721846 -0.585580 0.368190 0.021698 
141195581001414 0.729058 -0.588400 0.346701 0.045371 
141195600877455 0.739861 -0.583039 0.329032 0.066418 
141195620753497 0.750626 -0.574020 0.315702 0.085982 
141195640629539 0.761682 -0.570614 0.292115 0.094393 
141195660505580 0.770544 -0.569659 0.269080 0.096669 
141195680381622 0.777041 -0.570564 0.246523 0.099446 
141195700257664 0.781944 -0.572080 0.225416 0.102336 
141195720133705 0.784770 -0.572842 0.210260 0.108536 
141195740009747 0.787235 -0.573002 0.198559 0.111825 
141195759885789 0.789792 -0.572443 0.189071 0.113088 
141195779761830 0.791790 -0.571572 0.182215 0.114760 
141195799637872 0.792116 -0.571801 0.180255 0.114478 
141195819513914 0.791054 -0.572206 0.184200 0.113510 
141195839389955 0.788315 -0.572923 0.194188 0.112296 
141195859265997 0.784361 -0.573662 0.208921 0.109735 
141195879142039 0.779318 -0.574179 0.227288 0.106411 
141195899018080 0.773443 -0.574681 0.247148 0.102199 
141195918894122 0.766930 -0.574895 0.268463 0.096124 
141195938770164 0.759613 -0.575768 0.289225 0.088478 
141195958646205 0.752069 -0.576771 0.308885 0.079450 
141195978522247 0.745161 -0.577187 0.327280 0.066920 
141195998398289 0.737923 -0.577348 0.345674 0.051479 
141196018274330 0.731529 -0.575811 0.363484 0.034447 
141196038150372 0.725932 -0.572119 0.381339 0.016837 
141196058026414 0.721422 -0.568203 0.395846 0.000208 
141196077902455 -0.718247 0.563469 -0.407891 0.015774 
141196097778497 -0.715295 0.558220 -0.419278 0.030800 
141196117654539 -0.712169 0.553706 -0.429247 0.044408 
141196137530580 -0.709054 0.550013 -0.437934 0.054141 
141196157406622 -0.706529 0.547822 -0.443964 0.060035 
141196177282664 -0.705512 0.547301 -0.445660 0.064074 
141196197158705 -0.706430 0.548058 -0.443034 0.065656 
141196217034747 -0.708261 0.549910 -0.438224 0.062655 
141196236910789 -0.709968 0.552591 -0.432866 0.056704 
141196256786830 -0.712260 0.554774 -0.426977 0.050923 
141196276662872 -0.714839 0.557390 -0.419912 0.044672 
141196296538914 -0.716975 0.559916 -0.413555 0.037590 
141196316414955 -0.720366 0.562422 -0.404870 0.028878 
141196336290997 -0.723479 0.565956 -0.394999 0.015759 
141196356167039 0.724984 -0.569516 0.387361 0.000494 
141196376043080 0.727537 -0.572319 0.377979 0.016515 
141196395919122 0.733153 -0.572925 0.365071 0.031089 
141196415795164 0.741878 -0.572095 0.347059 0.043288 
141196435671205 0.751059 -0.570332 0.327700 0.056980 
141196455547247 0.760726 -0.567687 0.306240 0.072396 
141196475423289 0.772751 -0.564802 0.277588 0.082463 
141196495299330 0.784763 -0.560624 0.248601 0.089694 
141196515175736 0.793837 -0.557157 0.223990 0.096050 
141196535052820 0.801301 -0.554175 0.202070 0.099878 
141196554929903 0.807727 -0.551142 0.180839 0.105428 
141196574806986 0.812341 -0.547280 0.166999 0.112674 
141196594684070 0.815218 -0.543832 0.160792 0.117531 
141196614561153 0.816243 -0.542116 0.160049 0.119345 
141196634438236 0.815083 -0.542245 0.165413 0.119364 
141196654315320 0.811567 -0.544281 0.177029 0.117381 
141196674192403 0.805249 -0.548472 0.194621 0.113466 
141196694069486 0.796355 -0.554311 0.216914 0.107275 
141196713946570 0.785492 -0.562066 0.239579 0.098405 
141196733823653 0.774034 -0.570391 0.260353 0.087976 
141196753700736 0.764054 -0.576503 0.279486 0.075842 
141196773577820 0.755696 -0.579509 0.298591 0.062706 
141196793454018 0.748378 -0.580532 0.317197 0.047953 
141196813330059 0.742261 -0.579573 0.335119 0.028967 
141196833206101 0.735912 -0.577850 0.352782 0.008221 
141196853082143 -0.730452 0.574184 -0.369596 0.012315 
141196872958184 -0.726528 0.568402 -0.384782 0.031910 
141196892834226 -0.722956 0.562675 -0.397920 0.048898 
141196912710268 -0.719102 0.556517 -0.411409 0.062649 
141196932586309 -0.714632 0.550349 -0.425893 0.070997 
141196952462351 -0.710625 0.546017 -0.437043 0.076624 
141196972338393 -0.709477 0.542625 -0.442241 0.081378 
141196992214434 -0.709580 0.540765 -0.443939 0.083600 
141197012090476 -0.710710 0.539642 -0.443525 0.083456 
141197031966518 -0.713082 0.539912 -0.440088 0.079592 
141197051842559 -0.715056 0.541242 -0.436461 0.072491 
141197071718601 -0.718078 0.542299 -0.431346 0.064951 
141197091594643 -0.720171 0.545016 -0.425960 0.053617 
141197111470684 -0.722811 0.547127 -0.420087 0.041516 
141197131346726 -0.727674 0.547980 -0.411419 0.030691 
141197151222768 -0.732855 0.548760 -0.401904 0.016076 
141197171098809 0.736100 -0.549464 0.395279 0.001227 
141197190974851 0.741252 -0.549836 0.384568 0.018240 
141197210850893 0.748862 -0.549089 0.369413 0.035233 
141197230726934 0.758175 -0.546728 0.351520 0.051889 
141197250602976 0.768495 -0.542360 0.332595 0.068121 
141197270479018 0.777933 -0.537476 0.314955 0.082106 
141197290355059 0.788522 -0.533814 0.291958 0.089635 
141197310231101 0.798310 -0.531066 0.267911 0.094310 
141197330107143 0.805628 -0.529973 0.245662 0.098698 
141197349983184 0.810844 -0.529926 0.225904 0.103349 
141197369859226 0.814145 -0.530599 0.209201 0.108927 
141197389735268 0.815925 -0.531749 0.196632 0.113334 
141197409611309 0.816668 -0.532815 0.188700 0.116425 
141197429487351 0.816134 -0.534867 0.184726 0.117128 
141197449363393 0.814009 -0.537667 0.186679 0.115998 
141197469239434 0.809402 -0.541873 0.195568 0.113996 
141197489115476 0.803018 -0.547041 0.209326 0.109956 
141197508991518 0.795642 -0.551456 0.228292 0.103598 
141197528867559 0.787091 -0.554825 0.251043 0.098157 
141197548743601 0.777835 -0.557664 0.274559 0.092736 
141197568619643 0.768534 -0.560027 0.297620 0.084546 
141197588495684 0.760048 -0.562452 0.317231 0.073074 
141197608371726 0.751932 -0.563978 0.336242 0.058859 
141197628247768 0.743507 -0.565026 0.355195 0.042181 
141197648123809 0.735917 -0.565646 0.371210 0.025959 
141197667999851 0.728487 -0.562479 0.390943 0.009363 
141197687875893 -0.722195 0.558948 -0.407355 0.008545 
141197707751934 -0.718330 0.554869 -0.418786 0.027200 
141197727627976 -0.714679 0.550022 -0.429885 0.043704 
141197747504018 -0.712588 0.546132 -0.436499 0.058572 
141197767380059 -0.712193 0.542974 -0.438995 0.072431 
141197787256101 -0.709825 0.541932 -0.442586 0.081092 
141197807132143 -0.708536 0.542112 -0.443518 0.085922 
141197827008184 -0.710098 0.542995 -0.439331 0.088905 
141197846884226 -0.711288 0.544659 -0.435990 0.085602 
141197866760268 -0.714019 0.545252 -0.432285 0.077514 
141197886636309 -0.717927 0.546389 -0.426691 0.063018 
141197906512351 -0.720959 0.547426 -0.422517 0.044971 
141197926388393 -0.724887 0.547446 -0.417056 0.030125 
141197946264434 -0.730468 0.547278 -0.408093 0.019056 
141197966140476 -0.736222 0.547354 -0.397887 0.008202 
141197986016518 0.742391 -0.547870 0.385592 0.003755 
141198005892559 0.749528 -0.547783 0.371273 0.017287 
141198025768601 0.757040 -0.545539 0.357989 0.033506 
141198045644643 0.764918 -0.541751 0.344769 0.050425 
141198065520684 0.774179 -0.538621 0.326564 0.062376 
141198085396726 0.783135 -0.536745 0.306071 0.070203 
141198105272768 0.791136 -0.535626 0.285153 0.076793 
141198125148809 0.798357 -0.535464 0.262882 0.082465 
141198145024851 0.803684 -0.535363 0.244177 0.088629 
141198164900893 0.807715 -0.534172 0.229969 0.096816 
141198184776934 0.811330 -0.532366 0.217615 0.104758 
141198204652976 0.815251 -0.530384 0.205403 0.108937 
141198224529018 0.818711 -0.527546 0.197794 0.110841 
141198244405059 0.819597 -0.526690 0.196236 0.111130 
141198264281101 0.818277 -0.527709 0.199711 0.109826 
141198284157143 0.814713 -0.530072 0.209225 0.107209 
141198304033184 0.809357 -0.533372 0.223311 0.102901 
141198323909226 0.802138 -0.537037 0.242314 0.097213 
141198343785268 0.793310 -0.541266 0.264223 0.088761 
141198363661309 0.783780 -0.546237 0.285023 0.077944 
141198383537351 0.774190 -0.551402 0.303701 0.065945 
141198403413393 0.764079 -0.556359 0.322165 0.053439 
141198423289434 0.754465 -0.560488 0.339397 0.038030 
141198443165476 0.745106 -0.563785 0.355747 0.020187 
141198463041518 0.736812 -0.564662 0.371836 0.001769 
141198482917559 -0.729613 0.563401 -0.387335 0.014719 
141198502793601 -0.723721 0.560016 -0.402152 0.029731 
141198522669643 -0.719293 0.555388 -0.415013 0.043890 
141198542545684 -0.715277 0.549745 -0.427715 0.056723 
141198562421726 -0.711579 0.543219 -0.440554 0.066887 
141198582297768 -0.709029 0.538128 -0.450205 0.070840 
141198602173809 -0.709043 0.534629 -0.454799 0.067699 
141198622049851 -0.712581 0.531814 -0.453871 0.058344 
141198641925893 -0.718113 0.529117 -0.450062 0.042354 
141198661801934 -0.722422 0.528114 -0.445802 0.021524 
141198681677976 -0.723950 0.528977 -0.442808 0.000721 
141198701554018 0.724627 -0.530452 0.439616 0.016515 
141198721430059 0.727651 -0.531624 0.432579 0.027861 
141198741306101 0.732531 -0.532038 0.423289 0.034056 
141198761182143 0.739541 -0.529915 0.413103 0.040192 
141198781058184 0.747027 -0.523766 0.406122 0.051792 
141198800934226 0.753247 -0.517720 0.400154 0.066826 
141198820810268 0.759791 -0.515012 0.389208 0.077433 
141198840686309 0.766803 -0.513600 0.375390 0.085498 
141198860562351 0.773233 -0.513231 0.360449 0.093703 
141198880438393 0.781337 -0.512959 0.340771 0.101309 
141198900314434 0.789409 -0.512702 0.320448 0.106238 
141198920190476 0.798714 -0.510562 0.298665 0.110378 
141198940066518 0.808050 -0.505922 0.278947 0.115260 
141198959942559 0.818587 -0.502320 0.253894 0.114578 
141198979818601 0.825604 -0.501038 0.233964 0.112246 
141198999694643 0.830623 -0.501514 0.215616 0.109808 
141199019570684 0.833338 -0.502597 0.203021 0.108283 
141199039446726 0.832139 -0.504823 0.202786 0.107607 
141199059322768 0.827641 -0.508973 0.211796 0.105348 
141199079198809 0.820876 -0.514813 0.225536 0.101305 
141199099074851 0.812023 -0.520719 0.244526 0.098362 
141199118950893 0.803114 -0.524718 0.266793 0.092194 
141199138826934 0.794951 -0.527666 0.287984 0.081765 
141199158702976 0.786723 -0.531862 0.305545 0.069529 
141199178579018 0.778164 -0.534378 0.325441 0.054613 
141199198455059 0.769717 -0.535961 0.344777 0.037564 
141199218331101 0.762951 -0.534534 0.363133 0.017715 
141199238207143 -0.756370 0.531678 -0.381080 0.000514 
141199258083184 -0.750413 0.527070 -0.398513 0.016290 
141199277959226 -0.744807 0.521835 -0.414704 0.031151 
141199297835268 -0.740664 0.516713 -0.426809 0.047532 
141199317711309 -0.738196 0.511388 -0.435216 0.064342 
141199337587351 -0.736809 0.506351 -0.441229 0.077687 
141199357463393 -0.734799 0.503916 -0.446141 0.084238 
141199377339434 -0.733517 0.505056 -0.446623 0.086035 
141199397215476 -0.733789 0.507922 -0.443161 0.084710 
141199417091518 -0.735528 0.510697 -0.437635 0.081624 
141199436967559 -0.737783 0.512928 -0.432026 0.077029 
141199456843601 -0.739893 0.514949 -0.427147 0.070213 
141199476719643 -0.742874 0.516052 -0.421842 0.062254 
141199496595684 -0.746689 0.516478 -0.415863 0.052580 
141199516471726 -0.750485 0.516679 -0.410149 0.039908 
141199536347768 -0.753993 0.517363 -0.404114 0.022842 
141199556223809 -0.759114 0.517942 -0.394305 0.002558 
141199576099851 0.767556 -0.516418 0.379277 0.017860 
141199595975893 0.777361 -0.512276 0.363118 0.037805 
141199615851934 0.787983 -0.507050 0.344561 0.057092 
141199635727976 0.799264 -0.502508 0.321420 0.073180 
141199655604018 0.810813 -0.498135 0.295341 0.084930 
141199675480059 0.821826 -0.494622 0.267061 0.092904 
141199695356101 0.829669 -0.492177 0.243345 0.100981 
141199715232143 0.834428 -0.491180 0.225290 0.108238 
141199735108184 0.838222 -0.491405 0.208866 0.110824 
141199754984226 0.840564 -0.492026 0.197328 0.111452 
141199774860268 0.840524 -0.493907 0.194016 0.109245 
141199794736309 0.837487 -0.496527 0.201315 0.107460 
141199814612351 0.835146 -0.497299 0.211156 0.103147 
141199834488393 0.832894 -0.496581 0.225646 0.093713 
141199854364434 0.825944 -0.499836 0.245329 0.088303 
141199874240476 0.817354 -0.502738 0.268637 0.083801 
141199894116518 0.810092 -0.503807 0.291266 0.071410 
141199913992559 0.802299 -0.506131 0.310348 0.061910 
141199933868601 0.794324 -0.506400 0.331817 0.050023 
141199953744643 0.786847 -0.507818 0.349362 0.030649 
141199973620684 0.778514 -0.509011 0.367061 0.009541 
141199993496726 0.767634 -0.511255 0.386449 0.003783 
141200013372768 -0.761599 0.502277 -0.409087 0.018265 
141200033248809 -0.758295 0.497791 -0.418476 0.045506 
141200053124851 -0.756533 0.494932 -0.422453 0.065103 
141200073000893 -0.754547 0.488491 -0.430960 0.079425 
141200092876934 -0.752276 0.484933 -0.436812 0.090077 
141200112752976 -0.749774 0.483725 -0.440367 0.099635 
141200132629018 -0.748478 0.482585 -0.441941 0.107608 
141200152505059 -0.746919 0.482643 -0.443782 0.110561 
141200172381101 -0.745700 0.483462 -0.445293 0.109126 
141200192257143 -0.746876 0.484573 -0.443080 0.105100 
141200212133184 -0.749053 0.484980 -0.440747 0.097234 
141200232009226 -0.752437 0.484691 -0.438128 0.083406 
141200251885268 -0.756046 0.485218 -0.434437 0.064951 
141200271761309 -0.758945 0.486982 -0.429790 0.046166 
141200291637351 -0.762556 0.488421 -0.423136 0.030162 
141200311513393 -0.768107 0.488999 -0.413056 0.016588 
141200331389434 -0.774251 0.488917 -0.401865 0.000607 
141200351265476 0.780401 -0.487822 0.390651 0.019891 
141200371141518 0.786506 -0.485929 0.378812 0.042220 
141200391017559 0.793326 -0.483476 0.364736 0.062076 
141200410893601 0.800527 -0.480771 0.348932 0.079144 
141200430769643 0.808611 -0.478392 0.329417 0.093664 
141200450645684 0.817584 -0.476745 0.305485 0.104661 
141200470521726 0.824899 -0.476177 0.282918 0.112928 
141200490397768 0.828725 -0.476412 0.267000 0.122298 
141200510273809 0.831509 -0.477159 0.252732 0.130533 
141200530149851 0.834005 -0.478101 0.240134 0.134869 
141200550025893 0.835307 -0.478288 0.234527 0.136015 
141200569901934 0.834121 -0.478839 0.237584 0.136046 
141200589777976 0.829605 -0.481933 0.247478 0.135095 
141200609654018 0.823076 -0.486104 0.262535 0.131624 
141200629530059 0.815231 -0.490063 0.281622 0.126197 
141200649406101 0.805597 -0.495195 0.302624 0.119229 
141200669282143 0.794719 -0.501599 0.323282 0.110945 
141200689158184 0.784028 -0.508594 0.341201 0.101068 
141200709034226 0.774025 -0.515161 0.357331 0.088373 
141200728910268 0.764519 -0.520701 0.372709 0.073940 
141200748786309 0.756435 -0.524066 0.387263 0.056542 
141200768662351 0.749803 -0.525167 0.400991 0.034656 
141200788538393 0.743954 -0.525506 0.412573 0.012624 
141200808414434 -0.739508 0.523681 -0.422889 0.007120 
141200828290476 -0.735704 0.519500 -0.433908 0.024135 
141200848166518 -0.731291 0.515436 -0.445055 0.038275 
141200868042559 -0.726140 0.511974 -0.456314 0.048800 
141200887918601 -0.722462 0.509459 -0.463987 0.056713 
141200907794643 -0.721819 0.508376 -0.465594 0.061273 
141200927670684 -0.722544 0.508574 -0.464432 0.059866 
141200947546726 -0.723224 0.509730 -0.462899 0.053301 
141200967422768 -0.724236 0.511624 -0.460182 0.044231 
141200987298809 -0.725907 0.514245 -0.455459 0.034188 
141201007174851 -0.728201 0.516882 -0.449466 0.023157 
141201027050893 -0.731015 0.519373 -0.442474 0.009250 
141201046926934 0.734088 -0.521626 0.434675 0.008863 
141201066802976 0.737763 -0.521843 0.427179 0.030073 
141201086679018 0.744403 -0.520195 0.415362 0.052328 
141201106555059 0.753107 -0.515149 0.402624 0.073095 
141201126431101 0.762835 -0.511409 0.385503 0.089061 
141201146307143 0.775022 -0.512679 0.355934 0.099046 
141201166183184 0.786074 -0.514805 0.325423 0.105665 
141201186059226 0.793442 -0.519493 0.296940 0.111373 
141201205935268 0.798254 -0.523413 0.273579 0.118251 
141201225811309 0.799796 -0.524937 0.261290 0.128432 
141201245687351 0.802219 -0.525316 0.249788 0.134516 
141201265563393 0.805888 -0.524420 0.239064 0.135562 
141201285439434 0.810614 -0.522072 0.229702 0.132598 
141201305315476 0.810211 -0.521926 0.231226 0.132985 
141201325191518 0.807153 -0.523974 0.237408 0.132633 
141201345067559 0.804076 -0.524272 0.248064 0.130643 
141201364943601 0.799893 -0.523068 0.265653 0.126501 
141201384819643 0.792691 -0.522959 0.288680 0.121732 
141201404695684 0.784410 -0.524649 0.310230 0.114893 
141201424571726 0.776142 -0.526498 0.329984 0.107293 
141201444447768 0.767933 -0.529111 0.347453 0.097983 
141201464323809 0.759224 -0.531826 0.365081 0.086350 
141201484199851 0.750273 -0.534815 0.381774 0.072844 
141201504075893 0.741908 -0.535739 0.399276 0.055952 
141201523951934 0.734723 -0.535680 0.414495 0.037728 
141201543827976 0.728522 -0.534404 0.428069 0.020611 
141201563704018 0.721526 -0.532799 0.442141 0.006032 
141201583580059 -0.716055 0.530124 -0.454079 0.006847 
141201603456101 -0.712233 0.527146 -0.463091 0.019687 
141201623332143 -0.709082 0.525162 -0.469541 0.030635 
141201643208184 -0.707364 0.524364 -0.472428 0.038617 
141201663084226 -0.707381 0.524849 -0.471463 0.043224 
141201682960268 -0.707051 0.527322 -0.469240 0.042711 
141201702836309 -0.706954 0.531125 -0.465342 0.039743 
141201722712351 -0.708936 0.535273 -0.457784 0.036426 
141201742588393 -0.710944 0.539313 -0.450196 0.031997 
141201762464434 -0.712214 0.543516 -0.443512 0.025275 
141201782340476 -0.715113 0.547638 -0.434056 0.017372 
141201802216518 -0.720207 0.551282 -0.421077 0.009176 
141201822092559 0.724173 -0.554090 0.410541 0.003832 
141201841968601 0.728794 -0.555971 0.399204 0.019804 
141201861844643 0.737221 -0.556416 0.381690 0.034919 
141201881720684 0.746282 -0.554724 0.364718 0.048225 
141201901596726 0.755117 -0.551687 0.348727 0.061840 
141201921472768 0.766188 -0.548084 0.326549 0.076965 
141201941348809 0.779052 -0.543106 0.300004 0.090065 
141201961224851 0.790983 -0.537119 0.275459 0.099854 
141201981100893 0.801068 -0.531467 0.253812 0.106826 
141202000976934 0.810309 -0.524172 0.236149 0.113469 
141202020852976 0.818266 -0.515403 0.225683 0.117758 
141202040729018 0.824256 -0.509093 0.218407 0.117152 
141202060605059 0.828125 -0.505452 0.212833 0.115886 
141202080481101 0.829447 -0.503458 0.212974 0.114842 
141202100357143 0.828017 -0.502345 0.221395 0.114103 
141202120233184 0.824318 -0.502059 0.236028 0.112815 
141202140109226 0.819818 -0.502270 0.251527 0.111175 
141202159985268 0.816653 -0.502469 0.260979 0.111759 
141202179861309 0.815341 -0.502130 0.265398 0.112467 
141202199737351 0.815511 -0.501516 0.266282 0.111870 
141202219613393 0.817787 -0.500572 0.261187 0.111506 
141202239489434 0.821450 -0.499554 0.251595 0.111195 
141202259365476 0.824547 -0.498940 0.243147 0.109819 
141202279241518 0.825388 -0.500041 0.238398 0.108900 
141202299117559 0.826311 -0.501992 0.232719 0.105147 
141202318993601 0.824524 -0.504903 0.234469 0.101271 
141202338869643 0.819664 -0.507669 0.246666 0.097858 
141202358745684 0.811973 -0.511354 0.265105 0.094521 
141202378621726 0.801917 -0.516391 0.286492 0.090504 
141202398497768 0.790411 -0.521833 0.308342 0.088688 
141202418373809 0.780452 -0.527198 0.324298 0.088246 
141202438249851 0.776831 -0.531644 0.327713 0.080585 
141202458125893 0.775966 -0.535966 0.324117 0.074641 
141202478001934 0.771973 -0.542731 0.322647 0.073493 
141202497877976 0.769974 -0.548688 0.317899 0.070864 
141202517754018 0.770209 -0.554208 0.307037 0.073197 
141202537630059 0.772381 -0.558111 0.294221 0.073302 
141202557506101 0.773805 -0.561716 0.284031 0.070918 
141202577382143 0.774419 -0.566042 0.274066 0.068986 
141202597258184 0.773300 -0.569994 0.269315 0.067714 
141202617134226 0.771246 -0.574199 0.266760 0.065714 
141202637010268 0.769061 -0.576920 0.267812 0.063092 
141202656886309 0.766255 -0.579596 0.270793 0.059923 
141202676762351 0.763125 -0.582085 0.274937 0.056839 
141202696638393 0.759732 -0.584319 0.280168 0.053676 
141202716514434 0.756245 -0.586521 0.285619 0.050096 
141202736390476 0.752801 -0.588733 0.290832 0.045836 
141202756266518 0.749466 -0.590732 0.295895 0.042218 
141202776142559 0.746414 -0.592477 0.300368 0.040205 
141202796018601 0.743657 -0.593975 0.304179 0.040527 
141202815894643 0.741236 -0.595420 0.306839 0.043509 
141202835770684 0.739365 -0.596739 0.308173 0.047660 
141202855646726 0.738022 -0.597952 0.308310 0.052192 
141202875522768 0.736719 -0.599889 0.306753 0.057308 
141202895398809 0.736070 -0.601806 0.303293 0.063614 
141202915274851 0.737008 -0.602030 0.299091 0.070188 
141202935150893 0.740028 -0.599984 0.294255 0.076085 
141202955026934 0.744166 -0.596574 0.288959 0.082583 
141202974902976 0.749680 -0.591951 0.282311 0.088742 
141202994779018 0.756317 -0.586180 0.274223 0.095802 
141203014655059 0.763979 -0.580146 0.263653 0.101260 
141203034531101 0.771406 -0.574208 0.253106 0.105624 
141203054407143 0.777743 -0.568414 0.243908 0.111934 
141203074283184 0.783588 -0.562803 0.235952 0.116477 
141203094159226 0.788808 -0.557482 0.229295 0.120088 
141203114035268 0.792883 -0.553288 0.223836 0.122903 
141203133911309 0.795845 -0.550241 0.220125 0.124143 
141203153787351 0.796944 -0.548470 0.220104 0.124951 
141203173663393 0.795505 -0.548944 0.224073 0.124999 
141203193539434 0.792071 -0.551295 0.231195 0.123478 
141203213415476 0.787588 -0.554026 0.241874 0.119405 
141203233291518 0.780698 -0.557040 0.258958 0.114696 
141203253167559 0.771359 -0.561179 0.279502 0.109370 
141203273043601 0.760235 -0.566315 0.301158 0.103104 
141203292919643 0.748739 -0.571632 0.321912 0.094854 
141203312795684 0.737733 -0.576320 0.341100 0.085165 
141203332671726 0.727819 -0.578456 0.361028 0.072999 
141203352547768 0.719438 -0.577898 0.380619 0.059795 
141203372423809 0.713669 -0.575372 0.396961 0.045236 
141203392299851 0.709701 -0.571145 0.411403 0.029424 
141203412175893 0.706107 -0.565873 0.425451 0.013884 
141203432051934 0.701197 -0.561058 0.439926 0.001069 
141203451927976 -0.697543 0.557532 -0.449993 0.009942 
141203471804018 -0.696103 0.554571 -0.455555 0.019001 
141203491680059 -0.694396 0.552594 -0.460310 0.023844 
141203511556101 -0.693880 0.552293 -0.461266 0.027155 
141203531432143 -0.693496 0.553659 -0.460242 0.026498 
141203551308184 -0.693250 0.555594 -0.458487 0.022576 
141203571184226 -0.692958 0.558200 -0.456100 0.013962 
141203591060268 -0.693385 0.560871 -0.452354 0.004189 
141203610936309 0.694108 -0.563087 0.448472 0.004582 
141203630812351 0.692030 -0.566879 0.446651 0.015706 
141203650688393 0.693308 -0.570429 0.439646 0.025432 
141203670564434 0.698809 -0.572865 0.426952 0.034683 
141203690440476 0.703755 -0.573431 0.416521 0.049153 
141203710316518 0.708551 -0.572850 0.406473 0.067671 
141203730192559 0.716153 -0.572644 0.390307 0.082855 
141203750068601 0.725395 -0.572849 0.370131 0.092989 
141203769944643 0.733774 -0.573873 0.349307 0.101153 
141203789820684 0.743271 -0.575158 0.323321 0.110478 
141203809696726 0.753372 -0.577070 0.291605 0.119947 
141203829572768 0.762568 -0.577388 0.262892 0.126485 
141203849448809 0.771061 -0.575656 0.238345 0.131432 
141203869324851 0.777043 -0.574396 0.219294 0.134848 
141203889200893 0.782910 -0.573941 0.199507 0.133569 
141203909076934 0.787494 -0.572937 0.184227 0.132877 
141203928952976 0.790672 -0.571385 0.175123 0.132998 
141203948829018 0.792086 -0.570307 0.172727 0.132341 
141203968705059 0.792030 -0.569765 0.176590 0.129891 
141203988581101 0.789837 -0.569948 0.187435 0.127221 
141204008457143 0.784756 -0.571721 0.204521 0.124350 
141204028333184 0.778154 -0.574765 0.223514 0.119015 
141204048209226 0.770908 -0.578215 0.242886 0.111246 
141204068085268 0.763516 -0.581227 0.261968 0.102915 
141204087961309 0.756923 -0.582773 0.280573 0.093389 
141204107837351 0.750733 -0.583488 0.299206 0.080104 
141204127713393 0.743721 -0.583852 0.319501 0.062575 
141204147589434 0.736106 -0.583336 0.340817 0.041373 
141204167465476 0.728712 -0.580719 0.362476 0.018825 
141204187341518 -0.722018 0.576274 -0.382876 0.001960 
141204207217559 -0.715491 0.571009 -0.402096 0.018442 
141204227093601 -0.709293 0.564705 -0.420756 0.031252 
141204246969643 -0.704266 0.558229 -0.436698 0.041049 
141204266845684 -0.701184 0.553041 -0.447600 0.046264 
141204286721726 -0.699930 0.550624 -0.452556 0.045870 
141204306597768 -0.699416 0.550890 -0.453542 0.040469 
141204326473809 -0.698688 0.553092 -0.452631 0.032390 
141204346349851 -0.699748 0.556879 -0.446877 0.023238 
141204366225893 -0.701957 0.562070 -0.437221 0.013093 
141204386101934 -0.704053 0.566856 -0.427764 0.001463 
141204405977976 0.705436 -0.570143 0.420919 0.011154 
141204425854018 0.706858 -0.571262 0.416511 0.023033 
141204445730059 0.709296 -0.570302 0.412913 0.034012 
141204465606101 0.712045 -0.568366 0.409712 0.045704 
141204485482143 0.714106 -0.566873 0.406492 0.058920 
141204505358184 0.716177 -0.565597 0.402404 0.072547 
141204525234226 0.719814 -0.564581 0.394854 0.084876 
141204545110268 0.725503 -0.563249 0.383857 0.095108 
141204564986309 0.732499 -0.561391 0.370627 0.104494 
141204584862351 0.740554 -0.558975 0.355239 0.113721 
141204604738393 0.751002 -0.554228 0.337426 0.122357 
141204624614434 0.762877 -0.547413 0.318542 0.129957 
141204644490476 0.774235 -0.541834 0.297650 0.135579 
141204664366518 0.784936 -0.536401 0.276796 0.139765 
141204684242559 0.793537 -0.531753 0.258623 0.143709 
141204704118601 0.799372 -0.528981 0.244303 0.146632 
141204723994643 0.803060 -0.528753 0.232709 0.146159 
141204743870684 0.804497 -0.529623 0.226808 0.144367 
141204763746726 0.802573 -0.531584 0.230377 0.142211 
141204783622768 0.798037 -0.534808 0.240740 0.138418 
141204803498809 0.793664 -0.537332 0.253340 0.131110 
141204823374851 0.786880 -0.539666 0.272131 0.124595 
141204843250893 0.777292 -0.545004 0.290605 0.119737 
141204863126934 0.768410 -0.549934 0.307277 0.112690 
141204883002976 0.760052 -0.553518 0.324320 0.103723 
141204902879018 0.751053 -0.557804 0.340761 0.093024 
141204922755059 0.742030 -0.560734 0.359187 0.077177 
141204942631101 0.734340 -0.561487 0.376815 0.059032 
141204962507143 0.728730 -0.560369 0.391568 0.040174 
141204982383184 0.724058 -0.557834 0.405133 0.020687 
141205002259226 0.719980 -0.554438 0.417403 0.001414 
141205022135268 -0.715627 0.551056 -0.428940 0.015011 
141205042011309 -0.710585 0.548342 -0.440035 0.027529 
141205061887351 -0.705939 0.546130 -0.449514 0.036446 
141205081763393 -0.701957 0.544627 -0.457140 0.040744 
141205101639434 -0.700495 0.543622 -0.460393 0.042650 
141205121515476 -0.702192 0.543278 -0.458201 0.042750 
141205141391518 -0.703569 0.544663 -0.454787 0.038743 
141205161267559 -0.705322 0.547022 -0.449578 0.034151 
141205181143601 -0.707535 0.549987 -0.442835 0.028375 
141205201019643 -0.709847 0.552961 -0.435795 0.020844 
141205220895684 -0.712365 0.556299 -0.427716 0.011282 
141205240771726 0.714520 -0.560250 0.419023 0.000854 
141205260647768 0.716585 -0.564160 0.409853 0.015797 
141205280523809 0.719720 -0.567177 0.399042 0.032834 
141205300399851 0.723709 -0.568389 0.387947 0.051711 
141205320275893 0.729009 -0.567607 0.375686 0.072276 
141205340151934 0.735510 -0.565274 0.361849 0.092498 
141205360027976 0.743695 -0.562036 0.345244 0.108813 
141205379904018 0.752946 -0.558233 0.326955 0.120621 
141205399780059 0.763388 -0.554311 0.305720 0.128500 
141205419656101 0.774190 -0.550469 0.282374 0.133706 
141205439532143 0.783574 -0.546982 0.259875 0.138879 
141205459408184 0.791232 -0.543682 0.240152 0.143829 
141205479284226 0.797176 -0.541273 0.223504 0.146899 
141205499160268 0.801564 -0.540474 0.209188 0.147047 
141205519036309 0.804239 -0.540764 0.198384 0.146345 
141205538912351 0.803888 -0.542433 0.195585 0.145862 
141205558788393 0.801146 -0.544955 0.200910 0.144305 
141205578664434 0.796273 -0.547970 0.214007 0.140993 
141205598540476 0.788890 -0.552046 0.232976 0.136459 
141205618416518 0.779538 -0.557845 0.253294 0.130278 
141205638292559 0.769283 -0.564475 0.273240 0.122108 
141205658168601 0.759160 -0.570242 0.293250 0.111821 
141205678044643 0.748665 -0.575190 0.314352 0.099212 
141205697920684 0.737312 -0.579612 0.337018 0.082696 
141205717796726 0.726133 -0.582897 0.359476 0.061152 
141205737672768 0.715611 -0.584289 0.380865 0.038080 
141205757548809 0.705664 -0.583496 0.401583 0.017374 
141205777424851 -0.697914 0.580194 -0.419870 0.000521 
141205797300893 -0.691546 0.576390 -0.435192 0.012123 
141205817176934 -0.686436 0.573901 -0.446254 0.017332 
141205837052976 -0.684316 0.573715 -0.449541 0.021798 
141205856929018 -0.683833 0.575559 -0.447695 0.025953 
141205876805059 -0.681712 0.578537 -0.446881 0.029357 
141205896681101 -0.680893 0.580841 -0.444889 0.032899 
141205916557143 -0.681509 0.582941 -0.441069 0.034410 
141205936433184 -0.682476 0.584900 -0.437076 0.032914 
141205956309226 -0.684899 0.586463 -0.431392 0.029589 
141205976185268 -0.687786 0.587159 -0.426236 0.022738 
141205996061309 -0.691779 0.586751 -0.420677 0.013981 
141206015937351 -0.695056 0.587036 -0.415062 0.003092 
141206035813393 0.699776 -0.588035 0.405561 0.007046 
141206055689434 0.707235 -0.588688 0.391194 0.015229 
141206075565476 0.712996 -0.588736 0.379939 0.025952 
141206095441518 0.718283 -0.589381 0.367589 0.039730 
141206115317559 0.725767 -0.589281 0.350709 0.054950 
141206135193601 0.734511 -0.585935 0.334570 0.072366 
141206155069643 0.744813 -0.580750 0.316446 0.088566 
141206174945684 0.756474 -0.575786 0.294027 0.098831 
141206194821726 0.768356 -0.570991 0.268296 0.107785 
141206214697768 0.779004 -0.567464 0.239645 0.117073 
141206234573809 0.787678 -0.564393 0.213312 0.124589 
141206254449851 0.794638 -0.561017 0.192144 0.129958 
141206274325893 0.801305 -0.556720 0.175201 0.131436 
141206294201934 0.806233 -0.553374 0.163834 0.130094 
141206314077976 0.808745 -0.550456 0.160949 0.130478 
141206333954018 0.809501 -0.547517 0.166710 0.130920 
141206353830059 0.808219 -0.545692 0.180221 0.128548 
141206373706101 0.804982 -0.544693 0.200132 0.123533 
141206393582143 0.800002 -0.543944 0.224404 0.117318 
141206413458184 0.792962 -0.544286 0.250168 0.111269 
141206433334226 0.784524 -0.547101 0.272743 0.103998 
141206453210268 0.776004 -0.551218 0.291658 0.094408 
141206473086309 0.768496 -0.554632 0.308355 0.081949 
141206492962351 0.761418 -0.556037 0.326530 0.066699 
141206512838393 0.753490 -0.556437 0.346826 0.048404 
141206532714434 0.745268 -0.555762 0.367326 0.027842 
141206552590476 0.738014 -0.553167 0.386376 0.007449 
141206572466518 -0.730401 0.548975 -0.406275 0.008996 
141206592342559 -0.723568 0.542563 -0.426128 0.022134 
141206612218601 -0.720238 0.535437 -0.439833 0.033341 
141206632094643 -0.717270 0.529393 -0.451419 0.038561 
141206651970684 -0.713487 0.525156 -0.462059 0.040608 
141206671846726 -0.711711 0.523190 -0.466857 0.042233 
141206691722768 -0.712032 0.522386 -0.467158 0.043422 
141206711598809 -0.713071 0.522034 -0.465919 0.043922 
141206731474851 -0.714803 0.521892 -0.463539 0.042626 
141206751350893 -0.716326 0.522873 -0.460525 0.037375 
141206771226934 -0.717324 0.524754 -0.457400 0.029402 
141206791102976 -0.718439 0.526863 -0.453707 0.020278 
141206810979018 -0.719889 0.528717 -0.449585 0.009630 
141206830855059 0.721767 -0.529865 0.445294 0.003005 
141206850731101 0.724370 -0.530753 0.439630 0.017741 
141206870607143 0.728343 -0.531693 0.430844 0.034528 
141206890483184 0.734124 -0.532506 0.418034 0.052455 
141206910359226 0.740992 -0.532266 0.403288 0.070604 
141206930235268 0.750134 -0.530235 0.385066 0.088734 
141206950111309 0.761155 -0.526998 0.362894 0.105949 
141206969987351 0.772401 -0.524278 0.337851 0.119940 
141206989863393 0.783212 -0.523096 0.310276 0.129148 
141207009739434 0.793779 -0.521380 0.282355 0.135477 
141207029615476 0.802386 -0.519697 0.257729 0.140237 
141207049491518 0.805698 -0.520539 0.242061 0.145933 
141207069367559 0.808318 -0.521778 0.228273 0.149199 
141207089243601 0.808829 -0.523974 0.219329 0.152120 
141207109119643 0.808474 -0.525486 0.217388 0.151583 
141207128995684 0.807474 -0.525822 0.221913 0.149174 
141207148871726 0.803922 -0.527549 0.232396 0.146265 
141207168747768 0.799645 -0.529350 0.245945 0.140946 
141207188623809 0.793613 -0.531518 0.263109 0.135791 
141207208499851 0.788723 -0.533887 0.276731 0.127676 
141207228375893 0.785312 -0.534837 0.289437 0.116015 
141207248251934 0.775366 -0.536906 0.312858 0.112510 
141207268127976 0.764288 -0.541210 0.333045 0.109710 
141207288004018 0.754345 -0.544904 0.351806 0.101357 
141207307880059 0.744611 -0.545866 0.373437 0.090166 
141207327756101 0.734263 -0.547349 0.394891 0.072985 
141207347632143 0.727638 -0.550482 0.406413 0.048385 
141207367508184 0.721987 -0.550676 0.417896 0.029203 
141207387384226 0.715489 -0.548933 0.431963 0.012510 
141207407260268 -0.710205 0.547852 -0.442065 0.006703 
141207427136309 -0.706210 0.546968 -0.448789 0.026109 
141207447012351 -0.701051 0.547498 -0.454880 0.043094 
141207466888393 -0.693569 0.549503 -0.462671 0.054224 
141207486764434 -0.685977 0.551763 -0.470660 0.058872 
141207506640476 -0.680523 0.553495 -0.476159 0.061684 
141207526516518 -0.676751 0.554702 -0.479776 0.064254 
141207546392559 -0.674131 0.555851 -0.481865 0.066190 
141207566268601 -0.672257 0.558020 -0.481841 0.067187 
141207586144643 -0.669592 0.560837 -0.482140 0.068171 
141207606020684 -0.666870 0.563641 -0.482532 0.068966 
141207625896726 -0.664221 0.565839 -0.483602 0.069058 
141207645772768 -0.661956 0.567461 -0.484729 0.069561 
141207665648809 -0.660465 0.568373 -0.485520 0.070819 
141207685524851 -0.659358 0.569187 -0.486012 0.071168 
141207705400893 -0.658058 0.570883 -0.486121 0.068896 
141207725276934 -0.657595 0.572698 -0.485077 0.065464 
141207745152976 -0.658078 0.573096 -0.484136 0.064078 
141207765029018 -0.658350 0.572809 -0.484194 0.063419 
141207784905059 -0.657945 0.572587 -0.484907 0.064207 
141207804781101 -0.656989 0.572448 -0.486051 0.066514 
141207824657143 -0.656205 0.572341 -0.486954 0.068552 
141207844533184 -0.654592 0.572056 -0.489413 0.068827 
141207864409226 -0.653568 0.572048 -0.490847 0.068374 
141207884285268 -0.652943 0.572552 -0.491060 0.068625 
141207904161309 -0.653220 0.572376 -0.490727 0.069812 
141207924037351 -0.653664 0.572091 -0.490216 0.071597 
141207943913393 -0.654324 0.571752 -0.489405 0.073778 
141207963789434 -0.654536 0.571111 -0.489447 0.076562 
141207983665476 -0.653919 0.570450 -0.490690 0.078720 
141208003541518 -0.653865 0.569334 -0.491606 0.081480 
141208023417559 -0.653895 0.567674 -0.492998 0.084387 
141208043293601 -0.653963 0.565926 -0.494419 0.087239 
141208063169643 -0.653571 0.564653 -0.495873 0.090111 
141208083045684 -0.652802 0.563590 -0.497753 0.091984 
141208102921726 -0.652474 0.561945 -0.499631 0.094152 
141208122797768 -0.652321 0.559600 -0.502084 0.096091 
141208142673809 -0.652449 0.557397 -0.504168 0.097122 
141208162549851 -0.653004 0.555305 -0.505650 0.097679 
141208182425893 -0.654385 0.552953 -0.506327 0.098278 
141208202301934 -0.655711 0.551170 -0.506588 0.098094 
141208222177976 -0.657667 0.549879 -0.505459 0.098078 
141208242054018 -0.658632 0.549084 -0.505260 0.097058 
141208261930059 -0.659060 0.548675 -0.505423 0.095605 
141208281806101 -0.660579 0.547014 -0.505251 0.095564 
141208301682143 -0.661116 0.545254 -0.506289 0.096415 
141208321558184 -0.661077 0.544127 -0.507441 0.096972 
141208341434226 -0.661874 0.542545 -0.507855 0.098245 
141208361310268 -0.660647 0.541832 -0.510206 0.098253 
141208381186309 -0.660835 0.540709 -0.510926 0.099426 
141208401062351 -0.660975 0.539310 -0.511964 0.100740 
141208420938393 -0.661321 0.537493 -0.513009 0.102852 
141208440814434 -0.662098 0.535622 -0.513480 0.105231 
141208460690476 -0.660278 0.534942 -0.516521 0.105240 
141208480566518 -0.660074 0.534155 -0.517375 0.106322 
141208500442559 -0.660667 0.531706 -0.518454 0.109603 
141208520318601 -0.658608 0.530974 -0.521749 0.109908 
141208540194643 -0.658341 0.531268 -0.521856 0.109581 
141208560070684 -0.655649 0.532134 -0.524875 0.107071 
141208579946726 -0.654210 0.532804 -0.526255 0.105756 
141208599822768 -0.653265 0.533188 -0.527321 0.104349 
141208619698809 -0.652435 0.533682 -0.528379 0.101631 
141208639574851 -0.651784 0.534457 -0.528903 0.098988 
141208659450528 -0.651811 0.535292 -0.528336 0.097299 
141208679325528 -0.651758 0.536209 -0.527712 0.095976 
141208699200528 -0.651192 0.537291 -0.527560 0.094596 
141208719075528 -0.651067 0.538168 -0.526936 0.093943 
141208738950528 -0.650279 0.539115 -0.527077 0.093162 
141208758825528 -0.649000 0.540725 -0.527353 0.091185 
141208778700528 -0.647917 0.542683 -0.527040 0.089036 
141208798575528 -0.646672 0.544740 -0.526865 0.086528 
141208818450528 -0.645477 0.547053 -0.526390 0.083692 
141208838325528 -0.645000 0.549134 -0.525152 0.081492 
141208858200528 -0.644609 0.550861 -0.524042 0.080082 
141208878075528 -0.643657 0.552837 -0.523301 0.078960 
141208897950528 -0.642898 0.554479 -0.522562 0.078507 
141208917826414 -0.641689 0.555416 -0.523061 0.078442 
141208937702455 -0.640694 0.555665 -0.523977 0.078705 
141208957578497 -0.640258 0.555192 -0.524939 0.079189 
141208977454539 -0.639977 0.554340 -0.526092 0.079772 
141208997330580 -0.640793 0.552743 -0.526580 0.081089 
141209017206622 -0.641126 0.551372 -0.527484 0.081887 
141209037082664 -0.641260 0.550609 -0.528001 0.082639 
141209056958705 -0.641284 0.550100 -0.528492 0.082715 
141209076834747 -0.641496 0.550055 -0.528334 0.082371 
141209096710789 -0.641199 0.550541 -0.528271 0.081847 
141209116586830 -0.641863 0.550547 -0.527496 0.081601 
141209136462872 -0.642373 0.550877 -0.526613 0.081067 
141209156338914 -0.642980 0.551029 -0.525854 0.080133 
141209176214955 -0.643343 0.550924 -0.525659 0.079214 
141209196090997 -0.643213 0.551089 -0.525814 0.078098 
141209215967039 -0.643536 0.551162 -0.525379 0.077813 
141209235843080 -0.643351 0.550835 -0.526074 0.077021 
141209255719122 -0.643206 0.550928 -0.526261 0.076261 
141209275595164 -0.642850 0.551412 -0.526230 0.075967 
141209295471205 -0.641992 0.552388 -0.526349 0.075307 
141209315347247 -0.641259 0.553611 -0.525934 0.075500 
141209335223289 -0.640831 0.554562 -0.525409 0.075773 
141209355099330 -0.640056 0.556076 -0.524807 0.075407 
141209374975372 -0.638675 0.558111 -0.524450 0.074561 
141209394851414 -0.638242 0.559817 -0.523164 0.074523 
141209414727455 -0.637476 0.561342 -0.522473 0.074432 
141209434603497 -0.637074 0.562947 -0.521229 0.074485 
141209454479539 -0.636631 0.564258 -0.520313 0.074764 
141209474355580 -0.635246 0.565609 -0.520657 0.073946 
141209494231622 -0.635486 0.566516 -0.519247 0.074829 
141209514107664 -0.634110 0.567406 -0.519999 0.074539 
141209533983705 -0.634241 0.567602 -0.519693 0.074071 
141209553859747 -0.635993 0.566408 -0.518654 0.075458 
141209573735789 -0.634008 0.567210 -0.520148 0.075862 
141209593611830 -0.634728 0.567487 -0.518796 0.077005 
141209613487872 -0.633179 0.567435 -0.520653 0.077601 
141209633363914 -0.632186 0.567312 -0.521810 0.078811 
141209653239955 -0.632876 0.566115 -0.522018 0.080507 
141209673115997 -0.630451 0.566190 -0.525060 0.079195 
141209692992039 -0.631328 0.565430 -0.524670 0.080204 
141209712868080 -0.632262 0.563942 -0.524983 0.081295 
141209732744122 -0.630630 0.564094 -0.527110 0.079093 
141209752620164 -0.632962 0.563349 -0.525099 0.079174 
141209772496205 -0.635734 0.560401 -0.524322 0.082934 
141209792372247 -0.634995 0.559653 -0.525498 0.086144 
141209812248289 -0.634102 0.562627 -0.523449 0.085818 
141209832124330 -0.632496 0.563525 -0.524809 0.083455 
141209852000372 -0.629861 0.564132 -0.527468 0.082513 
141209871876414 -0.629482 0.563911 -0.528097 0.082892 
141209891752455 -0.627435 0.564376 -0.530371 0.080687 
141209911628497 -0.627145 0.564954 -0.530316 0.079254 
141209931504539 -0.627712 0.564726 -0.529862 0.079424 
141209951380580 -0.629197 0.564007 -0.528817 0.079752 
141209971256622 -0.630046 0.563408 -0.528389 0.080110 
141209991132664 -0.631462 0.562274 -0.527718 0.081355 
141210011008705 -0.630941 0.562113 -0.528400 0.082085 
141210030884747 -0.630678 0.562266 -0.528519 0.082288 
141210050760789 -0.630057 0.562795 -0.528769 0.081788 
141210070636830 -0.629205 0.563633 -0.528993 0.081133 
141210090512872 -0.629452 0.564701 -0.527656 0.080502 
141210110388914 -0.629621 0.566402 -0.525711 0.079959 
141210130264955 -0.629264 0.568490 -0.524004 0.079176 
141210150140997 -0.629657 0.570748 -0.521115 0.078847 
141210170017039 -0.628889 0.572931 -0.519891 0.077223 
141210189893080 -0.629605 0.574519 -0.517318 0.076867 
141210209769122 -0.629455 0.576228 -0.515847 0.075173 
141210229645164 -0.628797 0.578318 -0.514722 0.072262 
141210249521205 -0.628101 0.580481 -0.513567 0.069144 
141210269397247 -0.627967 0.581668 -0.512717 0.066631 
141210289273289 -0.627476 0.582280 -0.512881 0.064637 
141210309149330 -0.627965 0.582565 -0.512022 0.064084 
141210329025372 -0.629356 0.582699 -0.510149 0.064197 
141210348901414 -0.630516 0.582502 -0.508914 0.064422 
141210368777455 -0.631499 0.582213 -0.507990 0.064659 
141210388653497 -0.632505 0.581868 -0.507017 0.065586 
141210408529539 -0.633181 0.582089 -0.505824 0.066279 
141210428405580 -0.634199 0.582482 -0.503858 0.068065 
141210448281622 -0.634314 0.583538 -0.502356 0.069048 
141210468157664 -0.634502 0.585095 -0.500074 0.070706 
141210488033705 -0.635558 0.586268 -0.497147 0.072131 
141210507909747 -0.637567 0.587016 -0.493613 0.072563 
141210527785789 -0.641070 0.587747 -0.488071 0.073257 
141210547661830 -0.645856 0.589435 -0.479512 0.074209 
141210567537872 -0.650444 0.592607 -0.469413 0.073450 
141210587413914 -0.654274 0.596956 -0.459014 0.069855 
141210607289955 -0.657991 0.600513 -0.449532 0.065989 
141210627165997 -0.661447 0.603447 -0.441054 0.061712 
141210647042039 -0.664687 0.606496 -0.432483 0.057532 
141210666918080 -0.668501 0.609066 -0.423600 0.051994 
141210686794122 -0.672655 0.611081 -0.415036 0.043141 
141210706670164 -0.676647 0.612674 -0.407180 0.031369 
141210726546205 -0.680321 0.614221 -0.399452 0.018240 
141210746422247 -0.684367 0.614763 -0.392041 0.003497 
141210766298289 0.690058 -0.613145 0.384306 0.013458 
141210786174330 0.697693 -0.609270 0.375579 0.030900 
141210806050372 0.707011 -0.603760 0.365216 0.047184 
141210825926414 0.716637 -0.597738 0.353582 0.064170 
141210845802455 0.725912 -0.591379 0.341610 0.081368 
141210865678497 0.736549 -0.584472 0.327014 0.094596 
141210885554539 0.748187 -0.579023 0.307809 0.101008 
141210905430580 0.760862 -0.575273 0.282773 0.100951 
141210925306622 0.772278 -0.569896 0.260382 0.104910 
141210945182664 0.780641 -0.564423 0.243199 0.113490 
141210965058705 0.786418 -0.560182 0.231227 0.119490 
141210984934747 0.791028 -0.557547 0.220659 0.121346 
141211004810789 0.795482 -0.555269 0.209917 0.121733 
141211024686830 0.798774 -0.552471 0.204461 0.122187 
141211044562872 0.798611 -0.551755 0.206720 0.122685 
141211064438914 0.797093 -0.552157 0.212236 0.121332 
141211084314955 0.794258 -0.551852 0.224535 0.119157 
141211104190997 0.788956 -0.552418 0.243010 0.115449 
141211124067039 0.781750 -0.554610 0.262904 0.110263 
141211143943080 0.773133 -0.556911 0.284539 0.105604 
141211163819122 0.764324 -0.558414 0.306704 0.099582 
141211183695164 0.755387 -0.559077 0.329016 0.092583 
141211203571205 0.745607 -0.559765 0.351745 0.083738 
141211223447247 0.735440 -0.561135 0.373097 0.071039 
141211243323289 0.726206 -0.562812 0.390945 0.055048 
141211263199330 0.718197 -0.563805 0.406119 0.037215 
141211283075372 0.710918 -0.563816 0.419985 0.017914 
141211302951414 -0.704489 0.562807 -0.432350 0.004185 
141211322827455 -0.699192 0.559294 -0.444536 0.026638 
141211342703497 -0.693290 0.555296 -0.457234 0.043956 
141211362579539 -0.686452 0.553191 -0.468881 0.053968 
141211382455580 -0.680197 0.552820 -0.477747 0.058970 
141211402331622 -0.676308 0.553632 -0.481956 0.061759 
141211422207664 -0.677984 0.554125 -0.478768 0.063747 
141211442083705 -0.680607 0.554441 -0.474949 0.061525 
141211461959747 -0.681393 0.555850 -0.473023 0.054599 
141211481835789 -0.682257 0.558223 -0.469888 0.046010 
141211501711830 -0.683663 0.561156 -0.465078 0.037565 
141211521587872 -0.685598 0.564293 -0.458925 0.030267 
141211541463914 -0.687623 0.567120 -0.452786 0.023091 
141211561339955 -0.689628 0.569627 -0.446943 0.013438 
141211581215997 -0.691760 0.571684 -0.441186 0.000750 
141211601092039 0.694312 -0.573035 0.435171 0.013728 
141211620968080 0.698871 -0.573933 0.425928 0.027681 
141211640844122 0.704694 -0.575341 0.413279 0.039868 
141211660720164 0.710630 -0.576512 0.399954 0.051788 
141211680596205 0.717734 -0.577205 0.383942 0.065439 
141211700472247 0.726334 -0.576105 0.365809 0.082014 
141211720348289 0.736336 -0.573095 0.345897 0.098616 
141211740224330 0.748203 -0.568400 0.323496 0.111630 
141211760100372 0.761487 -0.561903 0.299339 0.121650 
141211779976414 0.774388 -0.554392 0.275576 0.130503 
141211799852455 0.784643 -0.547704 0.256238 0.136739 
141211819728497 0.792566 -0.543544 0.238968 0.138897 
141211839604539 0.799209 -0.541158 0.220977 0.139935 
141211859480580 0.803713 -0.538876 0.209264 0.140946 
141211879356622 0.806022 -0.538246 0.203326 0.138846 
141211899232664 0.806278 -0.539426 0.201518 0.135381 
141211919108705 0.803916 -0.541605 0.206914 0.132544 
141211938984747 0.799461 -0.544238 0.219354 0.128649 
141211958860789 0.792126 -0.548487 0.237275 0.124093 
141211978736830 0.782683 -0.554247 0.257287 0.118422 
141211998612872 0.772275 -0.558882 0.280656 0.111686 
141212018488914 0.761120 -0.563169 0.304767 0.103217 
141212038364955 0.750793 -0.566151 0.327324 0.092949 
141212058240997 0.741439 -0.566743 0.349736 0.082177 
141212078117039 0.732888 -0.565811 0.371458 0.068940 
141212097993080 0.725051 -0.563848 0.392032 0.051887 
141212117869122 0.718353 -0.561384 0.409666 0.031476 
141212137745164 0.712818 -0.557040 0.426044 0.009108 
141212157621205 -0.707763 0.551263 -0.441599 0.013069 
141212177497247 -0.703053 0.546069 -0.454364 0.032844 
141212197373289 -0.696826 0.540531 -0.469129 0.046665 
141212217249330 -0.690035 0.537960 -0.481194 0.053742 
141212237125372 -0.689307 0.535169 -0.484778 0.058697 
141212257001414 -0.690202 0.533896 -0.484243 0.063897 
141212276877455 -0.692325 0.535233 -0.479245 0.067351 
141212296753497 -0.693860 0.538031 -0.474049 0.065984 
141212316629539 -0.693526 0.542240 -0.470222 0.062377 
141212336505580 -0.694485 0.546145 -0.464767 0.058364 
141212356381622 -0.697132 0.548536 -0.458293 0.055472 
141212376257664 -0.697646 0.552265 -0.453678 0.049691 
141212396133705 -0.695432 0.557238 -0.452001 0.039445 
141212416009747 -0.695009 0.561994 -0.447725 0.025833 
141212435885789 -0.696387 0.566074 -0.441045 0.009229 
141212455761830 0.698720 -0.568752 0.433898 0.006713 
141212475637872 0.704343 -0.569071 0.423827 0.020727 
141212495513914 0.711686 -0.567937 0.412016 0.034532 
141212515389955 0.720764 -0.565816 0.397464 0.048727 
141212535265997 0.729242 -0.563313 0.383392 0.062384 
141212555142039 0.737730 -0.562053 0.366593 0.073924 
141212575018080 0.746798 -0.561408 0.346472 0.084066 
141212594894122 0.754985 -0.560370 0.327129 0.094702 
141212614770164 0.762821 -0.558675 0.308293 0.104612 
141212634646205 0.770434 -0.556269 0.289503 0.114822 
141212654522247 0.777820 -0.553423 0.270328 0.125064 
141212674398289 0.784274 -0.550696 0.252316 0.134110 
141212694274330 0.790015 -0.548034 0.237278 0.138681 
141212714150372 0.794045 -0.546281 0.226429 0.140708 
141212734026414 0.796315 -0.545702 0.220095 0.140176 
141212753902455 0.796235 -0.546265 0.220940 0.137079 
141212773778497 0.793883 -0.547857 0.228414 0.132025 
141212793654539 0.789165 -0.549913 0.242635 0.126263 
141212813530580 0.782214 -0.552036 0.262752 0.119832 
141212833406622 0.773648 -0.554957 0.284681 0.111572 
141212853282664 0.764684 -0.557560 0.306811 0.101259 
141212873158705 0.754868 -0.561146 0.327182 0.090771 
141212893034747 0.744342 -0.564395 0.347727 0.080637 
141212912910789 0.734621 -0.566732 0.366800 0.067856 
141212932786830 0.725717 -0.568880 0.383207 0.053572 
141212952662872 0.716965 -0.569926 0.399599 0.038278 
141212972538914 0.709051 -0.569962 0.414658 0.021200 
141212992414955 0.703349 -0.568082 0.427290 0.002407 
141213012290997 -0.699324 0.564523 -0.438153 0.016810 
141213032167039 -0.695883 0.561080 -0.447102 0.032193 
141213052043080 -0.692513 0.557176 -0.456317 0.041904 
141213071919122 -0.690764 0.552215 -0.464284 0.048420 
141213091795164 -0.690049 0.548733 -0.468951 0.053019 
141213111671205 -0.690291 0.547146 -0.470185 0.055229 
141213131547247 -0.691737 0.547174 -0.468152 0.054211 
141213151423289 -0.693903 0.547827 -0.464712 0.049258 
141213171299330 -0.695378 0.548398 -0.462649 0.040801 
141213191175372 -0.695481 0.549117 -0.462510 0.029347 
141213211051414 -0.696852 0.550499 -0.459436 0.016332 
141213230927455 -0.698969 0.551351 -0.455464 0.002526 
141213250803497 0.701857 -0.550647 0.451759 0.009906 
141213270679539 0.706517 -0.548350 0.446893 0.020824 
141213290555580 0.711725 -0.545750 0.441019 0.033258 
141213310431622 0.716214 -0.543943 0.434713 0.046779 
141213330307664 0.721296 -0.541948 0.427276 0.058850 
141213350183705 0.728815 -0.539091 0.416350 0.069685 
141213370059747 0.739689 -0.534700 0.400152 0.082663 
141213389935789 0.750807 -0.529721 0.382488 0.096886 
141213409811830 0.761854 -0.525325 0.364484 0.103757 
141213429687872 0.773249 -0.520632 0.344959 0.109691 
141213449563914 0.782746 -0.517205 0.326636 0.114528 
141213469439955 0.792617 -0.512180 0.310485 0.114139 
141213489315997 0.799830 -0.506647 0.299896 0.116797 
141213509192039 0.806839 -0.500407 0.290939 0.118142 
141213529068080 0.812823 -0.494464 0.284493 0.117848 
141213548944122 0.816365 -0.490963 0.281805 0.114416 
141213568820164 0.820567 -0.488115 0.278443 0.104320 
141213588696205 0.819376 -0.487671 0.284675 0.098788 
141213608572247 0.812581 -0.489912 0.300835 0.095891 
141213628448289 0.802724 -0.494047 0.321443 0.090692 
141213648324330 0.789877 -0.499351 0.345642 0.085289 
141213668200372 0.774860 -0.505381 0.371059 0.080604 
141213688076414 0.757487 -0.514479 0.394586 0.076341 
141213707952455 0.738812 -0.526623 0.414762 0.069264 
141213727828497 0.722505 -0.538387 0.430290 0.054509 
141213747704539 0.710077 -0.547641 0.441528 0.030542 
141213767580580 0.700839 -0.553921 0.449436 0.001925 
141213787456622 -0.694112 0.556735 -0.455617 0.025830 
141213807332664 -0.688609 0.556215 -0.462876 0.046784 
141213827208705 -0.682426 0.557212 -0.468844 0.063229 
141213847084747 -0.674892 0.558786 -0.475698 0.077415 
141213866960789 -0.667134 0.559411 -0.483403 0.091171 
141213886836830 -0.658154 0.558837 -0.494279 0.101108 
141213906712872 -0.649335 0.557067 -0.506168 0.108786 
141213926588914 -0.642947 0.553240 -0.516979 0.115226 
141213946464955 -0.638048 0.549483 -0.526206 0.118617 
141213966340997 -0.635318 0.548054 -0.530810 0.119376 
141213986217039 -0.634995 0.548152 -0.531600 0.117096 
141214006093080 -0.634870 0.549683 -0.531236 0.112150 
141214025969122 -0.635714 0.550952 -0.529805 0.107837 
141214045845164 -0.637994 0.550605 -0.527794 0.105976 
141214065721205 -0.640493 0.548486 -0.526845 0.106618 
141214085597247 -0.642061 0.546262 -0.526970 0.107969 
141214105473289 -0.643636 0.544170 -0.526547 0.111171 
141214125349330 -0.644574 0.541629 -0.527109 0.115404 
141214145225372 -0.644556 0.539728 -0.528323 0.118821 
141214165101414 -0.644625 0.538403 -0.528661 0.122874 
141214184977455 -0.643504 0.537179 -0.530374 0.126665 
141214204853497 -0.643123 0.535723 -0.531528 0.129896 
141214224729539 -0.642709 0.534059 -0.533076 0.132418 
141214244605580 -0.643644 0.532768 -0.532766 0.134320 
141214264481622 -0.644314 0.531390 -0.533068 0.135364 
141214284357664 -0.644422 0.529843 -0.534247 0.136258 
141214304233705 -0.644913 0.527520 -0.535428 0.138296 
141214324109747 -0.644611 0.525208 -0.537885 0.138970 
141214343985789 -0.643970 0.523146 -0.540729 0.138676 
141214363861830 -0.643388 0.521207 -0.543493 0.137879 
141214383737872 -0.642870 0.519597 -0.545979 0.136540 
141214403613914 -0.642894 0.517866 -0.547762 0.135865 
141214423489070 -0.643662 0.516013 -0.548769 0.135216 
141214443364070 -0.645371 0.513780 -0.548858 0.135202 
141214463239070 -0.646285 0.511766 -0.549929 0.134119 
141214483114070 -0.647897 0.508856 -0.550647 0.134477 
141214502989070 -0.649243 0.505821 -0.551794 0.134731 
141214522864070 -0.650333 0.503378 -0.552758 0.134675 
141214542739070 -0.651093 0.501911 -0.553379 0.133921 
141214562614070 -0.651995 0.501078 -0.553164 0.133535 
141214582489070 -0.650902 0.501301 -0.554614 0.132011 
141214602364070 -0.650617 0.501448 -0.555065 0.130957 
141214622239070 -0.649928 0.501282 -0.556074 0.130734 
141214642114070 -0.648416 0.501405 -0.557761 0.130588 
141214661989070 -0.647868 0.501213 -0.558410 0.131267 
141214681864070 -0.645594 0.502050 -0.560507 0.130331 
141214701739955 -0.645414 0.502274 -0.560331 0.131117 
141214721615997 -0.643363 0.503663 -0.561715 0.129935 
141214741492039 -0.642576 0.504399 -0.561881 0.130261 
141214761368080 -0.640444 0.505385 -0.563700 0.129075 
141214781244122 -0.638191 0.507346 -0.564800 0.127725 
141214801120164 -0.636543 0.509564 -0.564812 0.127058 
141214820996205 -0.634012 0.512247 -0.565708 0.124933 
141214840872247 -0.631499 0.515346 -0.566064 0.123281 
141214860748289 -0.628993 0.518835 -0.566454 0.119621 
141214880624330 -0.627278 0.521873 -0.566270 0.116222 
141214900500372 -0.626181 0.524293 -0.565938 0.112822 
141214920376414 -0.625680 0.526589 -0.564941 0.109861 
141214940252455 -0.625634 0.528160 -0.563803 0.108414 
141214960128497 -0.625194 0.529437 -0.563307 0.107302 
141214980004539 -0.624581 0.530357 -0.563129 0.107269 
141214999880580 -0.624747 0.530678 -0.562515 0.107930 
141215019756622 -0.624539 0.531109 -0.562208 0.108606 
141215039632664 -0.624779 0.531228 -0.561477 0.110410 
141215059508705 -0.623957 0.532162 -0.561445 0.110731 
141215079384747 -0.624732 0.532320 -0.560005 0.112865 
141215099260789 -0.624473 0.533007 -0.559487 0.113624 
141215119136830 -0.624578 0.533370 -0.558707 0.115176 
141215139012872 -0.623745 0.534104 -0.558767 0.115992 
141215158888914 -0.623768 0.534193 -0.558270 0.117843 
141215178764955 -0.623397 0.534569 -0.557961 0.119549 
141215198640997 -0.623050 0.535015 -0.557615 0.120968 
141215218517039 -0.623374 0.535222 -0.556579 0.123130 
141215238393080 -0.623021 0.536073 -0.555853 0.124492 
141215258269122 -0.622263 0.537460 -0.555122 0.125558 
141215278145164 -0.621145 0.539212 -0.554712 0.125394 
141215298021205 -0.620388 0.540661 -0.554212 0.125111 
141215317897247 -0.619769 0.542155 -0.553582 0.124510 
141215337773289 -0.619686 0.543516 -0.552530 0.123652 
141215357649330 -0.619171 0.545324 -0.551660 0.122148 
141215377525372 -0.619146 0.546666 -0.550722 0.120505 
141215397401414 -0.619211 0.547883 -0.549728 0.119171 
141215417277455 -0.620565 0.548219 -0.547881 0.119090 
141215437153497 -0.621290 0.548571 -0.546847 0.118436 
141215457029539 -0.621363 0.549130 -0.546395 0.117544 
141215476905580 -0.622500 0.548772 -0.545283 0.118366 
141215496781622 -0.622125 0.548653 -0.545892 0.118071 
141215516657664 -0.622624 0.547986 -0.545623 0.119783 
141215536533705 -0.622626 0.547462 -0.546060 0.120170 
141215556409747 -0.623806 0.546361 -0.545353 0.122256 
141215576285789 -0.624276 0.545637 -0.545235 0.123607 
141215596161830 -0.625569 0.544523 -0.544401 0.125648 
141215616037872 -0.625690 0.543942 -0.544585 0.126757 
141215635913914 -0.626333 0.543133 -0.544412 0.127784 
141215655789955 -0.626976 0.542188 -0.544419 0.128613 
141215675665997 -0.627735 0.541217 -0.544509 0.128622 
141215695542039 -0.628557 0.540630 -0.544228 0.128260 
141215715418080 -0.628523 0.540611 -0.544522 0.127253 
141215735294122 -0.628829 0.540434 -0.544530 0.126461 
141215755170164 -0.629368 0.540018 -0.544370 0.126249 
141215775046205 -0.630239 0.539182 -0.544003 0.127050 
141215794922247 -0.630289 0.538563 -0.544258 0.128332 
141215814798289 -0.630182 0.537839 -0.544757 0.129770 
141215834674330 -0.629487 0.537095 -0.545788 0.131875 
141215854550372 -0.628650 0.536577 -0.546607 0.134552 
141215874426414 -0.628133 0.536171 -0.546956 0.137145 
141215894302455 -0.626797 0.536265 -0.547899 0.139112 
141215914178497 -0.625574 0.536814 -0.548345 0.140734 
141215934054539 -0.624676 0.537186 -0.548637 0.142156 
141215953930580 -0.625265 0.536560 -0.547895 0.144771 
141215973806622 -0.624822 0.536719 -0.547861 0.146217 
141215993682664 -0.623936 0.537856 -0.547802 0.146039 
141216013558705 -0.623398 0.538775 -0.547526 0.145984 
141216033434747 -0.622793 0.539488 -0.547770 0.145014 
141216053310789 -0.622180 0.540034 -0.548129 0.144257 
141216073186830 -0.621093 0.541500 -0.548632 0.141507 
141216093062872 -0.620248 0.542601 -0.549087 0.139213 
141216112938914 -0.619710 0.543310 -0.549600 0.136798 
141216132814955 -0.619988 0.543818 -0.549180 0.135193 
141216152690997 -0.620746 0.544032 -0.548356 0.134197 
141216172567039 -0.621412 0.543851 -0.547967 0.133432 
141216192443080 -0.622065 0.542880 -0.548021 0.134124 
141216212319122 -0.623021 0.541515 -0.548101 0.134876 
141216232195164 -0.623402 0.540509 -0.548402 0.135924 
141216252071205 -0.623803 0.540125 -0.547939 0.137472 
141216271947247 -0.624621 0.540071 -0.546717 0.138824 
141216291823289 -0.625162 0.540392 -0.545612 0.139491 
141216311699330 -0.625525 0.540555 -0.544709 0.140752 
141216331575372 -0.625715 0.541015 -0.544201 0.140100 
141216351451414 -0.626346 0.540629 -0.543663 0.140858 
141216371327455 -0.626011 0.541054 -0.543856 0.139967 
141216391203497 -0.626732 0.540974 -0.543053 0.140169 
141216411079539 -0.626649 0.541509 -0.542842 0.139286 
141216430955580 -0.627250 0.541745 -0.542013 0.138893 
141216450831622 -0.627443 0.542109 -0.541557 0.138384 
141216470707664 -0.627822 0.542357 -0.540998 0.137874 
141216490583705 -0.627955 0.542688 -0.540562 0.137672 
141216510459747 -0.627540 0.543038 -0.540755 0.137431 
141216530335789 -0.627161 0.543404 -0.540852 0.137331 
141216550211830 -0.626724 0.543761 -0.541105 0.136913 
141216570087872 -0.626738 0.543743 -0.541116 0.136881 
141216589963914 -0.626682 0.543896 -0.541164 0.136339 
141216609839591 -0.627076 0.543917 -0.540628 0.136575 
141216629714591 -0.627100 0.544118 -0.540306 0.136931 
141216649589591 -0.627218 0.544312 -0.539965 0.136967 
141216669464591 -0.627823 0.544068 -0.539333 0.137652 
141216689339591 -0.627938 0.543970 -0.539374 0.137355 
141216709214591 -0.628192 0.543567 -0.539388 0.137731 
141216729089591 -0.628026 0.543163 -0.540051 0.137487 
141216748964591 -0.628590 0.542347 -0.540157 0.137715 
141216768839591 -0.629187 0.541700 -0.540131 0.137635 
141216788714591 -0.630192 0.541070 -0.539537 0.137840 
141216808589591 -0.630503 0.541016 -0.539381 0.137249 
141216828464591 -0.630700 0.541069 -0.539250 0.136642 
141216848339591 -0.630884 0.540916 -0.539346 0.136025 
141216868214591 -0.630892 0.540625 -0.539816 0.135272 
141216888089591 -0.631167 0.540212 -0.539941 0.135141 
141216907965476 -0.631053 0.540184 -0.540305 0.134331 
141216927841518 -0.631054 0.540190 -0.540387 0.133969 
141216947717559 -0.630466 0.540514 -0.540941 0.133191 
141216967593601 -0.630915 0.540285 -0.540702 0.132966 
141216987469643 -0.630754 0.540320 -0.541158 0.131724 
141217007345684 -0.631631 0.539931 -0.540352 0.132423 
141217027221726 -0.630790 0.540536 -0.541156 0.130673 
141217047097768 -0.631324 0.540452 -0.540854 0.129685 
141217066973809 -0.631428 0.540442 -0.540637 0.130129 
141217086849851 -0.630617 0.541076 -0.541210 0.129034 
141217106725893 -0.630517 0.541254 -0.541140 0.129077 
141217126601934 -0.629077 0.541682 -0.542678 0.127842 
141217146477976 -0.629058 0.541271 -0.543077 0.127986 
141217166354018 -0.628407 0.540963 -0.544192 0.127742 
141217186230059 -0.629664 0.539805 -0.543723 0.128451 
141217206106101 -0.630741 0.539274 -0.543242 0.127429 
141217225982143 -0.631869 0.539097 -0.542894 0.124020 
141217245858184 -0.635844 0.538024 -0.540035 0.120808 
141217265734226 -0.643981 0.536518 -0.532085 0.119677 
141217285610268 -0.651369 0.535969 -0.524320 0.116385 
141217305486309 -0.658229 0.536246 -0.516806 0.109943 
141217325362351 -0.665462 0.537111 -0.508214 0.101931 
141217345238393 -0.671662 0.539177 -0.500004 0.090301 
141217365114434 -0.677743 0.541141 -0.491698 0.077847 
141217384990476 -0.683392 0.542312 -0.484201 0.066513 
141217404866518 -0.687924 0.542958 -0.478252 0.056911 
141217424742559 -0.691169 0.543827 -0.473528 0.048052 
141217444618601 -0.694262 0.545383 -0.467959 0.039642 
141217464494643 -0.697047 0.547257 -0.462185 0.031953 
141217484370684 -0.699568 0.548061 -0.457828 0.025045 
141217504246726 -0.702365 0.547702 -0.454320 0.017311 
141217524122768 -0.704084 0.548252 -0.451272 0.006318 
141217543998809 0.703902 -0.551073 0.448095 0.007082 
141217563874851 0.704485 -0.554927 0.442011 0.019585 
141217583750893 0.706909 -0.559152 0.431961 0.032221 
141217603626934 0.710120 -0.563490 0.419969 0.042827 
141217623502976 0.713170 -0.567872 0.407834 0.050787 
141217643379018 0.716376 -0.571023 0.396124 0.061848 
141217663255059 0.719711 -0.571758 0.385563 0.080311 
141217683131101 0.726159 -0.569643 0.371944 0.099276 
141217703007143 0.736754 -0.565488 0.353129 0.112777 
141217722883184 0.749408 -0.560585 0.329678 0.124270 
141217742759226 0.762157 -0.555596 0.304564 0.132930 
141217762635268 0.773688 -0.551390 0.280748 0.136221 
141217782511309 0.783110 -0.548648 0.259123 0.136311 
141217802387351 0.790765 -0.546723 0.239074 0.136481 
141217822263393 0.796261 -0.544908 0.224108 0.137182 
141217842139434 0.799026 -0.543618 0.216248 0.138827 
141217862015476 0.800075 -0.542332 0.214629 0.140323 
141217881891518 0.798715 -0.541456 0.220857 0.141779 
141217901767559 0.795331 -0.541742 0.232334 0.141368 
141217921643601 0.790098 -0.543536 0.246796 0.139301 
141217941519643 0.783272 -0.546223 0.264083 0.135595 
141217961395684 0.775060 -0.549124 0.284368 0.129931 
141217981271726 0.766046 -0.552641 0.304936 0.121562 
141218001147768 0.756869 -0.556632 0.323731 0.111837 
141218021023809 0.748316 -0.559708 0.341551 0.100459 
141218040899851 0.738955 -0.562375 0.360652 0.087233 
141218060775893 0.729791 -0.565233 0.377838 0.071813 
141218080651934 0.722015 -0.566150 0.393991 0.054241 
141218100527976 0.714851 -0.564850 0.410547 0.037197 
141218120404018 0.708743 -0.562595 0.425131 0.020846 
141218140280059 0.703710 -0.559315 0.438113 0.003927 
141218160156101 -0.699582 0.555096 -0.449741 0.013623 
141218180032143 -0.696429 0.551236 -0.458516 0.029808 
141218199908184 -0.693684 0.548798 -0.464592 0.042156 
141218219784226 -0.690607 0.547539 -0.469859 0.049961 
141218239660268 -0.687375 0.547346 -0.474377 0.053754 
141218259536309 -0.685446 0.548027 -0.476186 0.055464 
141218279412351 -0.686098 0.549130 -0.473991 0.055210 
141218299288393 -0.688343 0.550525 -0.469465 0.052004 
141218319164434 -0.689999 0.552714 -0.465054 0.046184 
141218339040476 -0.691655 0.554974 -0.460440 0.040144 
141218358916518 -0.693820 0.557465 -0.454704 0.033022 
141218378792559 -0.695316 0.560382 -0.449319 0.024904 
141218398667716 -0.697965 0.562481 -0.442902 0.017280 
141218418542716 -0.701549 0.564586 -0.434787 0.005700 
141218438417716 0.705434 -0.566154 0.426295 0.010226 
141218458292716 0.711239 -0.566885 0.414938 0.024646 
141218478167716 0.719245 -0.565473 0.401913 0.037324 
141218498042716 0.728114 -0.563032 0.387531 0.051663 
141218517917716 0.739422 -0.560817 0.366964 0.063826 
141218537792716 0.749150 -0.558584 0.347727 0.076450 
141218557667716 0.756782 -0.557129 0.330054 0.089176 
141218577542716 0.766039 -0.556295 0.306641 0.098444 
141218597417716 0.773869 -0.553942 0.286801 0.109633 
141218617292716 0.779810 -0.550774 0.271768 0.121187 
141218637167716 0.785365 -0.547562 0.258130 0.129400 
141218657042716 0.790195 -0.543911 0.247350 0.136274 
141218676917716 0.795400 -0.539970 0.237035 0.139950 
141218696793601 0.800361 -0.536215 0.227988 0.141126 
141218716669643 0.803578 -0.533491 0.223307 0.140655 
141218736545684 0.804408 -0.531632 0.225167 0.139985 
141218756421726 0.802371 -0.531412 0.232924 0.139816 
141218776297768 0.797451 -0.533226 0.245550 0.139446 
141218796173809 0.790311 -0.535651 0.263326 0.138371 
141218816049851 0.782301 -0.537393 0.284756 0.134649 
141218835925893 0.773337 -0.539789 0.306716 0.128453 
141218855801934 0.763943 -0.543607 0.326497 0.119509 
141218875677976 0.754069 -0.547857 0.345416 0.109187 
141218895554018 0.743550 -0.551803 0.364537 0.098779 
141218915430059 0.733101 -0.554268 0.384495 0.086680 
141218935306101 0.723086 -0.555695 0.403923 0.072079 
141218955182143 0.714700 -0.555411 0.421349 0.056461 
141218975058184 0.708031 -0.553275 0.437060 0.039459 
141218994934226 0.701927 -0.550099 0.451812 0.023574 
141219014810268 0.696736 -0.546738 0.464271 0.009454 
141219034686309 -0.692428 0.543053 -0.475000 0.003462 
141219054562351 -0.687338 0.540165 -0.485411 0.012855 
141219074438393 -0.683012 0.538019 -0.493620 0.019225 
141219094314434 -0.681166 0.536438 -0.497643 0.024473 
141219114190476 -0.681319 0.536264 -0.497416 0.028341 
141219134066518 -0.682610 0.537283 -0.494557 0.028000 
141219153942559 -0.683718 0.539394 -0.490972 0.023051 
141219173818601 -0.683679 0.541943 -0.488503 0.015661 
141219193694643 -0.684497 0.544611 -0.484563 0.007830 
141219213570684 0.686832 -0.547884 0.477582 0.000495 
141219233446726 0.690013 -0.550877 0.469395 0.009167 
141219253322768 0.692765 -0.553706 0.461626 0.019717 
141219273198809 0.695296 -0.556725 0.453393 0.032506 
141219293074851 0.700243 -0.559441 0.441140 0.045627 
141219312950893 0.707545 -0.561351 0.425376 0.057570 
141219332826934 0.715547 -0.562297 0.408639 0.069487 
141219352702976 0.724630 -0.561876 0.390238 0.083190 
141219372579018 0.734467 -0.560831 0.369527 0.097349 
141219392455059 0.744272 -0.559846 0.347221 0.109858 
141219412331101 0.755240 -0.558753 0.321956 0.117271 
141219432207143 0.765802 -0.557418 0.296173 0.122935 
141219452083184 0.775048 -0.555403 0.272025 0.129731 
141219471959226 0.782866 -0.552263 0.251724 0.136976 
141219491835268 0.788221 -0.549836 0.236591 0.142875 
141219511711309 0.792621 -0.548339 0.223237 0.145750 
141219531587351 0.796500 -0.546419 0.212238 0.148220 
141219551463393 0.798954 -0.544635 0.206551 0.149604 
141219571339434 0.800164 -0.543287 0.205542 0.149431 
141219591215476 0.798838 -0.543602 0.210314 0.148736 
141219611091518 0.795918 -0.544581 0.220609 0.145870 
141219630967559 0.791170 -0.546284 0.236042 0.141098 
141219650843601 0.783804 -0.548671 0.256524 0.137137 
141219670719643 0.775484 -0.551998 0.276646 0.131866 
141219690595684 0.766558 -0.554596 0.298577 0.125163 
141219710471726 0.757232 -0.557610 0.319521 0.116517 
141219730347768 0.747113 -0.560259 0.341648 0.105876 
141219750223809 0.737049 -0.563129 0.361601 0.094268 
141219770099851 0.727162 -0.563829 0.383141 0.080830 
141219789975893 0.718504 -0.563827 0.402129 0.064360 
141219809851934 0.710031 -0.563891 0.419244 0.046014 
141219829727976 0.703610 -0.562773 0.432980 0.027352 
141219849604018 0.697791 -0.561008 0.445326 0.006490 
141219869480059 -0.693299 0.560108 -0.453295 0.011784 
141219889356101 -0.688143 0.558519 -0.462401 0.026485 
141219909232143 -0.681617 0.556196 -0.473934 0.037833 
141219929108184 -0.676961 0.554370 -0.481921 0.046375 
141219948984226 -0.675745 0.553593 -0.483768 0.053576 
141219968860268 -0.677392 0.554192 -0.480235 0.058182 
141219988736309 -0.679525 0.555818 -0.475328 0.058068 
141220008611986 -0.679613 0.557922 -0.473122 0.054811 
141220028486986 -0.678911 0.559799 -0.472409 0.050399 
141220048361986 -0.679498 0.562062 -0.469546 0.043535 
141220068236986 -0.681288 0.564399 -0.464949 0.033498 
141220088111986 -0.683486 0.567118 -0.459091 0.021451 
141220107986986 -0.685613 0.570169 -0.452504 0.009084 
141220127861986 0.688598 -0.572746 0.444730 0.003170 
141220147736986 0.693342 -0.574503 0.434721 0.015488 
141220167611986 0.698985 -0.575630 0.423352 0.029040 
141220187486986 0.704345 -0.575597 0.413106 0.043923 
141220207361986 0.709534 -0.575931 0.401944 0.057428 
141220227236986 0.715595 -0.576885 0.387963 0.067868 
141220247111986 0.722509 -0.577908 0.371709 0.076365 
141220266986986 0.730700 -0.579340 0.351384 0.083494 
141220286861986 0.738786 -0.581144 0.328606 0.092121 
141220306736986 0.746452 -0.581677 0.306311 0.103126 
141220326612872 0.755540 -0.579451 0.284592 0.111364 
141220346488914 0.766131 -0.575557 0.263447 0.111225 
141220366364955 0.776348 -0.571941 0.243351 0.104640 
141220386240997 0.783672 -0.568714 0.229782 0.098093 
141220406117039 0.786604 -0.567373 0.224949 0.093487 
141220425993080 0.785926 -0.567977 0.227048 0.090392 
141220445869122 0.783282 -0.569195 0.233947 0.088069 
141220465745164 0.779483 -0.570193 0.245058 0.085025 
141220485621205 0.773843 -0.571852 0.260062 0.080729 
141220505497247 0.766305 -0.574463 0.277868 0.074574 
141220525373289 0.756859 -0.578126 0.297319 0.067355 
141220545249330 0.746186 -0.582730 0.316031 0.061269 
141220565125372 0.737077 -0.586329 0.330756 0.059461 
141220585001414 0.730570 -0.587184 0.342818 0.062924 
141220604877455 0.727898 -0.584882 0.351397 0.067808 
141220624753497 0.727915 -0.581626 0.356129 0.070868 
141220644629539 0.730858 -0.577613 0.356233 0.072847 
141220664505580 0.735774 -0.573437 0.352181 0.075981 
141220684381622 0.742007 -0.568771 0.345648 0.080330 
141220704257664 0.748427 -0.563842 0.338618 0.085297 
141220724133705 0.755032 -0.559419 0.330017 0.089808 
141220744009747 0.762486 -0.555525 0.318525 0.092451 
141220763885789 0.769886 -0.552321 0.305808 0.093252 
141220783761830 0.776652 -0.549731 0.293379 0.092396 
141220803637872 0.782079 -0.547853 0.282711 0.091022 
141220823513914 0.785084 -0.547437 0.275243 0.090538 
141220843389955 0.786125 -0.548495 0.270325 0.089911 
141220863265997 0.785300 -0.550566 0.268902 0.088731 
141220883142039 0.782261 -0.553410 0.272099 0.088130 
141220903018080 0.778293 -0.556519 0.277629 0.086401 
141220922894122 0.772733 -0.560221 0.286358 0.083866 
141220942770164 0.765428 -0.564857 0.297492 0.080939 
141220962646205 0.756976 -0.570260 0.309501 0.077453 
141220982522247 0.748996 -0.575564 0.319850 0.073674 
141221002398289 0.742586 -0.579886 0.327507 0.070955 
141221022274330 0.738050 -0.582403 0.333510 0.069699 
141221042150372 0.735382 -0.583258 0.338008 0.069113 
141221062026414 0.734627 -0.582960 0.340303 0.068387 
141221081902455 0.735275 -0.581867 0.340692 0.068817 
141221101778497 0.737219 -0.580182 0.338790 0.071551 
141221121654539 0.741424 -0.577113 0.334332 0.073846 
141221141530580 0.746814 -0.573109 0.328746 0.075746 
141221161406622 0.752399 -0.569047 0.322344 0.078572 
141221181282664 0.758305 -0.565197 0.314663 0.080709 
141221201158705 0.764120 -0.561659 0.306521 0.081874 
141221221034747 0.768718 -0.558691 0.299887 0.083715 
141221240910789 0.772447 -0.556509 0.294162 0.084220 
141221260786830 0.775065 -0.555253 0.289675 0.084009 
141221280662872 0.776744 -0.554535 0.286725 0.083361 
141221300538914 0.777263 -0.554422 0.285829 0.082331 
141221320414955 0.776515 -0.555019 0.287112 0.080890 
141221340290997 0.774650 -0.556203 0.290382 0.078975 
141221360167039 0.771668 -0.557990 0.295373 0.077032 
141221380043080 0.767984 -0.559971 0.301616 0.075276 
141221399919122 0.763968 -0.561718 0.308865 0.073657 
141221419795164 0.760015 -0.563144 0.316266 0.072282 
141221439671205 0.756552 -0.564302 0.322715 0.071069 
141221459547247 0.754013 -0.564929 0.327719 0.070131 
141221479422403 0.752128 -0.564962 0.331923 0.070308 
141221499297403 0.751085 -0.564266 0.335283 0.071171 
141221519172403 0.750994 -0.562943 0.337428 0.072411 
141221539047403 0.751754 -0.561146 0.338305 0.074369 
141221558922403 0.753064 -0.559359 0.337766 0.076978 
141221578797403 0.754832 -0.557532 0.336144 0.079967 
141221598672403 0.757148 -0.555516 0.333610 0.082644 
141221618547403 0.759718 -0.553565 0.330499 0.084642 
141221638422403 0.761890 -0.552244 0.327300 0.086167 
141221658297403 0.763283 -0.551668 0.324581 0.087802 
141221678172403 0.764276 -0.551544 0.322071 0.089172 
141221698047403 0.765187 -0.551742 0.319445 0.089581 
141221717922403 0.765655 -0.552110 0.317663 0.089655 
141221737797403 0.765753 -0.552803 0.316402 0.088998 
141221757672403 0.764970 -0.554372 0.315836 0.087976 
141221777547403 0.763389 -0.556652 0.315905 0.087052 
141221797423289 0.761619 -0.558884 0.316520 0.086029 
141221817299330 0.759395 -0.561174 0.317976 0.085394 
141221837175372 0.756816 -0.563606 0.319929 0.084970 
141221857051414 0.754418 -0.565915 0.321755 0.084064 
141221876927455 0.752273 -0.567899 0.323529 0.083094 
141221896803497 0.750728 -0.569436 0.324732 0.081866 
141221916679539 0.749925 -0.570245 0.325559 0.080286 
141221936555580 0.749679 -0.570399 0.326151 0.079076 
141221956431622 0.750456 -0.569904 0.325553 0.077738 
141221976307664 0.751782 -0.569036 0.324183 0.077005 
141221996183705 0.753351 -0.567960 0.322457 0.076854 
141222016059747 0.755019 -0.566942 0.320299 0.077026 
141222035935789 0.757260 -0.565490 0.317540 0.077115 
141222055811830 0.759467 -0.563978 0.314864 0.077447 
141222075687872 0.761180 -0.562578 0.313008 0.078359 
141222095563914 0.762790 -0.561112 0.311477 0.079298 
141222115439955 0.764774 -0.559413 0.309607 0.079507 
141222135315997 0.766596 -0.557546 0.308508 0.079318 
141222155192039 0.767665 -0.556131 0.308463 0.079108 
141222175068080 0.768322 -0.555083 0.308866 0.078510 
141222194944122 0.769022 -0.554270 0.308919 0.077157 
141222214820164 0.769001 -0.553562 0.310427 0.076437 
141222234696205 0.768438 -0.553193 0.312631 0.075767 
141222254572247 0.767809 -0.553054 0.314772 0.074326 
141222274448289 0.766802 -0.553505 0.316747 0.072928 
141222294324330 0.766240 -0.553697 0.318133 0.071318 
141222314200372 0.765329 -0.554101 0.319930 0.069901 
141222334076414 0.764447 -0.554464 0.321606 0.068986 
141222353952455 0.764379 -0.554286 0.322402 0.067424 
141222373828497 0.765104 -0.553733 0.321984 0.065740 
141222393704539 0.764537 -0.554122 0.322581 0.066174 
141222413580580 0.765044 -0.553957 0.321679 0.066063 
141222433456622 0.766206 -0.553212 0.320350 0.065298 
141222453332664 0.767210 -0.552619 0.318970 0.065257 
141222473208705 0.768543 -0.551707 0.317291 0.065491 
141222493084747 0.769455 -0.551121 0.316036 0.065744 
141222512960789 0.769846 -0.550636 0.315739 0.066712 
141222532836830 0.771151 -0.549866 0.314074 0.065823 
141222552712872 0.772085 -0.548970 0.313377 0.065685 
141222572588914 0.772449 -0.548299 0.313569 0.066041 
141222592464955 0.772604 -0.547992 0.313725 0.066074 
141222612340997 0.772428 -0.547873 0.314260 0.066533 
141222632217039 0.772100 -0.547926 0.314903 0.066923 
141222652093080 0.771946 -0.547585 0.315854 0.067037 
141222671969122 0.771338 -0.547359 0.317642 0.067362 
141222691845164 0.770567 -0.547397 0.319378 0.067692 
141222711721205 0.770742 -0.547149 0.319444 0.067387 
141222731597247 0.770937 -0.547116 0.319057 0.067232 
141222751473289 0.770850 -0.547254 0.319006 0.067347 
141222771349330 0.771135 -0.547204 0.318527 0.066768 
141222791225372 0.771566 -0.547352 0.317391 0.065959 
141222811101414 0.771962 -0.547837 0.315652 0.065694 
141222830977091 0.772192 -0.548558 0.313836 0.065632 
141222850852091 0.772222 -0.549244 0.312555 0.065704 
141222870727091 0.773382 -0.549047 0.310265 0.064490 
141222890602091 0.774329 -0.548890 0.308374 0.063575 
141222910477091 0.774338 -0.549511 0.307202 0.063687 
141222930352091 0.774357 -0.550264 0.305861 0.063480 
141222950227091 0.774897 -0.550180 0.304727 0.063101 
141222970102091 0.775743 -0.549332 0.304162 0.062735 
141222989977091 0.776068 -0.548904 0.304157 0.062531 
141223009852091 0.776619 -0.548124 0.304250 0.062102 
141223029727091 0.777346 -0.547288 0.304026 0.061472 
141223049602091 0.777812 -0.546339 0.304496 0.061618 
141223069477091 0.778122 -0.545258 0.305600 0.061880 
141223089352091 0.778551 -0.543892 0.306934 0.061906 
141223109227091 0.779035 -0.542411 0.308346 0.061768 
141223129102091 0.779554 -0.541044 0.309408 0.061945 
141223148977091 0.780111 -0.539454 0.310693 0.062306 
141223168852976 0.780671 -0.537690 0.312297 0.062549 
141223188729018 0.781182 -0.535889 0.314075 0.062737 
141223208605059 0.781880 -0.534323 0.315001 0.062707 
141223228481101 0.782465 -0.533026 0.315623 0.063284 
141223248357143 0.783316 -0.531746 0.315608 0.063627 
141223268233184 0.783780 -0.530893 0.315779 0.064242 
141223288109226 0.784400 -0.530106 0.315409 0.064978 
141223307985268 0.785327 -0.529110 0.314708 0.065308 
141223327861309 0.785417 -0.528663 0.315026 0.066262 
141223347737351 0.785364 -0.528583 0.315140 0.066971 
141223367613393 0.785935 -0.528280 0.314195 0.067160 
141223387489434 0.786952 -0.527464 0.312938 0.067446 
141223407365476 0.787574 -0.526898 0.312235 0.067905 
141223427241518 0.788218 -0.526007 0.312028 0.068349 
141223447117559 0.789276 -0.524462 0.311854 0.068801 
141223466993601 0.790153 -0.522396 0.312788 0.070196 
141223486869643 0.790063 -0.520725 0.315328 0.072168 
141223506745684 0.790098 -0.519291 0.317188 0.073988 
141223526621726 0.790686 -0.517610 0.318078 0.075649 
141223546497768 0.789958 -0.515534 0.322270 0.079606 
141223566373809 0.788533 -0.512888 0.328664 0.084524 
141223586249851 0.786387 -0.511313 0.335414 0.087496 
141223606125893 0.784737 -0.510994 0.339413 0.088728 
141223626001934 0.784222 -0.509782 0.342397 0.088794 
141223645877976 0.783510 -0.508284 0.346311 0.088475 
141223665754018 0.782391 -0.507292 0.350781 0.086426 
141223685630059 0.781108 -0.507352 0.354484 0.082495 
141223705506101 0.778500 -0.508665 0.359270 0.078230 
141223725382143 0.774970 -0.511005 0.364395 0.074236 
141223745258184 0.771451 -0.513401 0.369706 0.067817 
141223765134226 0.767446 -0.516022 0.375718 0.059959 
141223785010268 0.762029 -0.520058 0.382143 0.053066 
141223804886309 0.756383 -0.523718 0.389196 0.046169 
141223824762351 0.750139 -0.526052 0.398823 0.038739 
141223844638393 0.742409 -0.527323 0.412068 0.030985 
141223864514434 0.735008 -0.528815 0.423731 0.023895 
141223884390476 0.727887 -0.530243 0.434215 0.021919 
141223904266518 0.719970 -0.531568 0.445529 0.024132 
141223924142559 0.713551 -0.533325 0.453511 0.027150 
141223944018601 0.710355 -0.535420 0.455850 0.030374 
141223963894643 0.709578 -0.537363 0.454378 0.035788 
141223983770684 0.710418 -0.538413 0.451023 0.044681 
141224003646726 0.712585 -0.538430 0.446324 0.055799 
141224023522768 0.716670 -0.538254 0.438445 0.066589 
141224043398809 0.723050 -0.538199 0.426455 0.075336 
141224063274851 0.731357 -0.538353 0.410372 0.082967 
141224083150893 0.741202 -0.538101 0.390774 0.091440 
141224103026934 0.752186 -0.536957 0.368450 0.100687 
141224122902091 0.762532 -0.535785 0.345624 0.109642 
141224142777091 0.771997 -0.535622 0.321849 0.116375 
141224162652091 0.780892 -0.536350 0.296162 0.121757 
141224182527091 0.788342 -0.537216 0.271226 0.127877 
141224202402091 0.794306 -0.538536 0.248647 0.131272 
141224222277091 0.799567 -0.539786 0.228792 0.130292 
141224242152091 0.802931 -0.541089 0.215104 0.127497 
141224262027091 0.803359 -0.542506 0.211656 0.124512 
141224281902091 0.801036 -0.544680 0.217386 0.120039 
141224301777091 0.796368 -0.547601 0.230003 0.114144 
141224321652091 0.789181 -0.551064 0.248931 0.107498 
141224341527091 0.779829 -0.555010 0.271485 0.100631 
141224361402091 0.769181 -0.559900 0.293408 0.093748 
141224381277091 0.759353 -0.565460 0.310553 0.084824 
141224401152091 0.752023 -0.569643 0.323536 0.072786 
141224421027091 0.746745 -0.571411 0.335486 0.057555 
141224440902455 0.741806 -0.571174 0.349056 0.040535 
141224460778497 0.736628 -0.569672 0.363798 0.022443 
141224480654539 0.731275 -0.567281 0.378688 0.004829 
141224500530580 -0.726290 0.563855 -0.392991 0.011371 
141224520406622 -0.721993 0.559265 -0.406510 0.026428 
141224540282664 -0.718033 0.553833 -0.419609 0.040328 
141224560158705 -0.713457 0.548262 -0.433252 0.051800 
141224580034747 -0.708910 0.543235 -0.445805 0.060028 
141224599910789 -0.705155 0.539405 -0.455690 0.064424 
141224619786830 -0.701708 0.537328 -0.463378 0.064541 
141224639662872 -0.699760 0.536279 -0.467718 0.063089 
141224659538914 -0.699679 0.536186 -0.468286 0.060522 
141224679414955 -0.700053 0.536263 -0.468073 0.057035 
141224699290997 -0.701252 0.536874 -0.466048 0.053028 
141224719167039 -0.703744 0.537542 -0.461982 0.048643 
141224739043080 -0.707319 0.538032 -0.456449 0.043314 
141224758919122 -0.710863 0.538653 -0.450864 0.035327 
141224778795164 -0.714465 0.539466 -0.444847 0.025057 
141224798671205 -0.718576 0.540033 -0.437992 0.013263 
141224818547247 -0.724230 0.539762 -0.429121 0.001913 
141224838423289 0.729409 -0.539854 0.420038 0.009427 
141224858299330 0.735026 -0.539691 0.410005 0.019150 
141224878175372 0.742554 -0.538168 0.397613 0.029883 
141224898051414 0.749779 -0.535853 0.385822 0.042824 
141224917927455 0.757971 -0.533405 0.371343 0.055337 
141224937803497 0.767078 -0.530407 0.355073 0.064683 
141224957679539 0.776932 -0.527613 0.335886 0.072013 
141224977555580 0.787191 -0.524218 0.315155 0.078778 
141224997431622 0.796331 -0.520428 0.296009 0.085967 
141225017307664 0.805319 -0.516224 0.276648 0.091865 
141225037183705 0.815470 -0.511568 0.253635 0.094728 
141225057059747 0.823932 -0.506782 0.233367 0.099249 
141225076935789 0.829069 -0.503380 0.219463 0.105302 
141225096811830 0.833248 -0.501201 0.206492 0.108885 
141225116687872 0.836902 -0.498181 0.197712 0.110995 
141225136563914 0.837821 -0.496382 0.197250 0.112929 
141225156439955 0.836814 -0.495796 0.202799 0.113131 
141225176315997 0.834006 -0.496266 0.214006 0.111159 
141225196192039 0.829286 -0.497987 0.230024 0.106690 
141225216068080 0.822864 -0.500281 0.249902 0.100822 
141225235944122 0.815154 -0.502892 0.271993 0.092971 
141225255820164 0.806547 -0.505827 0.294444 0.083222 
141225275696205 0.797216 -0.509333 0.315777 0.072887 
141225295572247 0.788203 -0.512572 0.334914 0.061984 
141225315448289 0.779998 -0.515153 0.351880 0.048998 
141225335324330 0.772664 -0.516913 0.366957 0.033690 
141225355199486 0.766082 -0.517222 0.381156 0.017885 
141225375074486 0.760555 -0.516222 0.393783 0.002277 
141225394949486 -0.755429 0.514614 -0.405390 0.012587 
141225414824486 -0.750014 0.512136 -0.417745 0.026176 
141225434699486 -0.744342 0.508681 -0.430994 0.037981 
141225454574486 -0.739251 0.505071 -0.442839 0.048003 
141225474449486 -0.733748 0.501733 -0.454923 0.054036 
141225494324486 -0.728154 0.498997 -0.466506 0.056260 
141225514199486 -0.723527 0.497055 -0.475650 0.056598 
141225534074486 -0.718877 0.496253 -0.483836 0.053430 
141225553949486 -0.715352 0.496493 -0.489405 0.047436 
141225573824486 -0.712530 0.497897 -0.492800 0.039348 
141225593699486 -0.710881 0.499784 -0.493837 0.031444 
141225613574486 -0.710232 0.502415 -0.492569 0.022950 
141225633449486 -0.710146 0.505969 -0.489377 0.014081 
141225653324486 -0.711794 0.510031 -0.482890 0.005951 
141225673199851 0.713305 -0.514262 0.476155 0.002740 
141225693075893 0.714135 -0.518768 0.469816 0.012781 
141225712951934 0.715475 -0.522947 0.462616 0.024687 
141225732827976 0.717919 -0.526140 0.454276 0.037444 
141225752704018 0.723300 -0.527526 0.442898 0.048935 
141225772580059 0.730790 -0.527209 0.429343 0.060532 
141225792456101 0.738940 -0.526843 0.413819 0.071816 
141225812332143 0.748292 -0.527568 0.394006 0.080570 
141225832208184 0.758405 -0.528797 0.370892 0.087363 
141225852084226 0.767618 -0.529878 0.348038 0.094144 
141225871960268 0.776052 -0.530785 0.325460 0.100431 
141225891836309 0.784608 -0.530816 0.302481 0.105505 
141225911712351 0.793047 -0.529754 0.280384 0.108729 
141225931588393 0.800828 -0.528894 0.258516 0.110066 
141225951464434 0.806805 -0.528153 0.239931 0.112044 
141225971340476 0.811172 -0.527305 0.225180 0.115093 
141225991216518 0.814776 -0.526026 0.213662 0.117405 
141226011092559 0.816203 -0.525417 0.208107 0.120167 
141226030968601 0.817170 -0.524542 0.205841 0.121318 
141226050844643 0.817165 -0.523666 0.208086 0.121311 
141226070720684 0.815895 -0.522972 0.215348 0.120169 
141226090596726 0.813245 -0.522255 0.228002 0.117891 
141226110472768 0.808554 -0.521891 0.246464 0.114564 
141226130348809 0.802070 -0.521991 0.268667 0.109668 
141226150224851 0.794533 -0.522385 0.291994 0.102810 
141226170100893 0.786345 -0.522884 0.314979 0.095087 
141226189976934 0.778228 -0.523950 0.335306 0.086071 
141226209852976 0.770771 -0.525176 0.352787 0.075169 
141226229729018 0.764107 -0.526550 0.367774 0.060219 
141226249605059 0.756185 -0.528358 0.383759 0.041847 
141226269481101 0.747903 -0.529660 0.399660 0.019323 
141226289357143 -0.740333 0.529947 -0.413580 0.003657 
141226309233184 -0.732133 0.528935 -0.428649 0.021667 
141226329109226 -0.724518 0.526217 -0.443802 0.034767 
141226348985268 -0.718067 0.522490 -0.457647 0.044080 
141226368861309 -0.712519 0.517778 -0.470731 0.051374 
141226388737351 -0.707653 0.513648 -0.481833 0.056867 
141226408613393 -0.703488 0.510317 -0.490799 0.061653 
141226428489434 -0.700265 0.508557 -0.496846 0.064352 
141226448365476 -0.697579 0.508167 -0.500933 0.064905 
141226468241518 -0.695679 0.509454 -0.502492 0.063118 
141226488117559 -0.694457 0.511938 -0.502231 0.058357 
141226507993601 -0.695380 0.514214 -0.499295 0.052311 
141226527869643 -0.696024 0.516904 -0.496551 0.042410 
141226547745684 -0.695765 0.519212 -0.495431 0.029630 
141226567621361 -0.696354 0.521258 -0.493063 0.016418 
141226587496361 -0.696971 0.523843 -0.489708 0.002370 
141226607371361 0.698484 -0.526764 0.484286 0.010324 
141226627246361 0.701496 -0.529946 0.476062 0.020625 
141226647121361 0.704989 -0.533216 0.466654 0.030086 
141226666996361 0.710674 -0.536584 0.453304 0.039199 
141226686871361 0.717028 -0.539495 0.438555 0.049851 
141226706746361 0.723342 -0.540791 0.424593 0.063553 
141226726621361 0.731268 -0.540864 0.407913 0.079473 
141226746496361 0.740696 -0.540836 0.387366 0.093875 
141226766371361 0.752029 -0.541060 0.362301 0.102184 
141226786246361 0.762487 -0.541470 0.336784 0.109548 
141226806121361 0.769731 -0.542209 0.315039 0.119475 
141226825996361 0.775993 -0.541311 0.297284 0.128220 
141226845871361 0.782633 -0.538789 0.281481 0.134018 
141226865746361 0.789975 -0.535027 0.266088 0.137412 
141226885621361 0.796197 -0.531224 0.253779 0.139519 
141226905496726 0.801081 -0.527774 0.244934 0.140465 
141226925372768 0.804320 -0.524765 0.240538 0.140825 
141226945248809 0.805313 -0.523101 0.241029 0.140497 
141226965124851 0.804377 -0.522816 0.245272 0.139576 
141226985000893 0.801286 -0.523830 0.253946 0.138042 
141227004876934 0.795764 -0.525977 0.267613 0.135979 
141227024752976 0.788583 -0.528849 0.284293 0.132787 
141227044629018 0.779646 -0.532513 0.303364 0.128648 
141227064505059 0.769459 -0.536844 0.323402 0.123049 
141227084381101 0.758904 -0.541581 0.342775 0.115151 
141227104257143 0.747541 -0.546583 0.362379 0.105409 
141227124133184 0.735670 -0.551929 0.381337 0.093523 
141227144009226 0.724271 -0.557048 0.398491 0.079618 
141227163885268 0.714115 -0.561452 0.413196 0.063908 
141227183761309 0.704865 -0.564982 0.426132 0.048709 
141227203637351 0.696501 -0.566981 0.438307 0.036131 
141227223513393 0.690362 -0.567052 0.448672 0.023363 
141227243389434 0.685252 -0.565694 0.458561 0.011879 
141227263265476 0.681418 -0.563546 0.466992 0.002105 
141227283141518 -0.678843 0.561105 -0.473591 0.006710 
141227303017559 -0.676561 0.559144 -0.478986 0.013981 
141227322893601 -0.673019 0.558111 -0.485032 0.017365 
141227342769643 -0.668735 0.558383 -0.490560 0.018765 
141227362645684 -0.666564 0.559066 -0.492643 0.020980 
141227382521726 -0.665957 0.559820 -0.492579 0.021658 
141227402397768 -0.666052 0.560567 -0.491707 0.019088 
141227422273809 -0.666569 0.561478 -0.490182 0.012260 
141227442149851 -0.665906 0.563368 -0.489066 0.000074 
141227462025893 0.665649 -0.565008 0.487337 0.013418 
141227481901934 0.667250 -0.566244 0.483173 0.026243 
141227501777976 0.668297 -0.567361 0.479513 0.039354 
141227521654018 0.670093 -0.568012 0.475196 0.050282 
141227541530059 0.673454 -0.569476 0.467534 0.059748 
141227561406101 0.676121 -0.571456 0.459951 0.068890 
141227581282143 0.679299 -0.572087 0.452818 0.078899 
141227601158184 0.684004 -0.571513 0.443894 0.092028 
141227621034226 0.690721 -0.570791 0.431925 0.102680 
141227640910268 0.699546 -0.570245 0.416547 0.109287 
141227660786309 0.709975 -0.569997 0.397483 0.114221 
141227680662351 0.718650 -0.568520 0.381092 0.122863 
141227700538393 0.725862 -0.567531 0.365098 0.133179 
141227720414434 0.737797 -0.567590 0.339147 0.135927 
141227740290476 0.749731 -0.565550 0.314901 0.137449 
141227760166518 0.757083 -0.563593 0.297105 0.144631 
141227780042559 0.764683 -0.562557 0.276876 0.148759 
141227799918601 0.771002 -0.562207 0.256850 0.153319 
141227819794643 0.775535 -0.562092 0.240668 0.157090 
141227839670684 0.778022 -0.562754 0.229536 0.159064 
141227859546726 0.778302 -0.563478 0.225441 0.160983 
141227879421882 0.777318 -0.564583 0.226212 0.160782 
141227899296882 0.774659 -0.566671 0.231217 0.159148 
141227919171882 0.770581 -0.569153 0.240586 0.156164 
141227939046882 0.764543 -0.572111 0.254783 0.152473 
141227958921882 0.757233 -0.574883 0.272382 0.148039 
141227978796882 0.748395 -0.578000 0.292086 0.143205 
141227998671882 0.738540 -0.581967 0.311425 0.137430 
141228018546882 0.728379 -0.585979 0.329922 0.131319 
141228038421882 0.718390 -0.589355 0.348023 0.124327 
141228058296882 0.708669 -0.592435 0.365204 0.115911 
141228078171882 0.699836 -0.594978 0.381016 0.105162 
141228098046882 0.691832 -0.596648 0.396157 0.091856 
141228117921882 0.685076 -0.596938 0.410520 0.076216 
141228137796882 0.678486 -0.596295 0.425004 0.058833 
141228157671882 0.671710 -0.594858 0.439517 0.042116 
141228177546882 0.665342 -0.592334 0.453508 0.028122 
141228197422768 0.658916 -0.589396 0.467075 0.016830 
141228217298809 0.652227 -0.587022 0.479508 0.008776 
141228237174851 0.645888 -0.585727 0.489625 0.004461 
141228257050893 0.641423 -0.585632 0.495588 0.002239 
141228276926934 0.638788 -0.586157 0.498367 0.000795 
141228296802976 0.637072 -0.587330 0.499182 0.000708 
141228316679018 0.636377 -0.588948 0.498156 0.002481 
141228336555059 0.635624 -0.591330 0.496242 0.007405 
141228356431101 0.634552 -0.594089 0.494153 0.014638 
141228376307143 0.635148 -0.596809 0.489841 0.021473 
141228396183184 0.636782 -0.599688 0.483834 0.028074 
141228416059226 0.638429 -0.602433 0.477682 0.036085 
141228435935268 0.640985 -0.605304 0.469869 0.044354 
141228455811309 0.643988 -0.607653 0.461789 0.052851 
141228475687351 0.647054 -0.609815 0.453499 0.061532 
141228495563393 0.652062 -0.612778 0.441213 0.068200 
141228515439434 0.658225 -0.615160 0.427418 0.075032 
141228535315476 0.663477 -0.616902 0.415096 0.083229 
141228555191518 0.669156 -0.618511 0.401360 0.092654 
141228575067559 0.676206 -0.619402 0.385618 0.101910 
141228594943601 0.685268 -0.619599 0.366990 0.108738 
141228614819643 0.695597 -0.619322 0.345885 0.113803 
141228634695684 0.706092 -0.617856 0.324582 0.119728 
141228654571726 0.715785 -0.615597 0.303950 0.127699 
141228674447768 0.725791 -0.612853 0.282263 0.134036 
141228694323809 0.735874 -0.609449 0.260463 0.138643 
141228714199851 0.744592 -0.606142 0.240333 0.142882 
141228734075893 0.752345 -0.603441 0.220666 0.145408 
141228753951934 0.757723 -0.601662 0.204700 0.148175 
141228773827976 0.763322 -0.599716 0.189274 0.147836 
141228793704018 0.765640 -0.598663 0.181999 0.149243 
141228813580059 0.765925 -0.598057 0.181651 0.150626 
141228833456101 0.763410 -0.598402 0.189182 0.152739 
141228853332143 0.758293 -0.600630 0.201112 0.154239 
141228873208184 0.751677 -0.603909 0.216222 0.153373 
141228893084226 0.743508 -0.607726 0.234774 0.150823 
141228912960268 0.733575 -0.612227 0.255405 0.147697 
141228932836309 0.723922 -0.616507 0.274913 0.142396 
141228952712351 0.715058 -0.620678 0.291820 0.135249 
141228972588393 0.705613 -0.624644 0.309403 0.127279 
141228992464434 0.693664 -0.629285 0.328926 0.120988 
141229012340476 0.685769 -0.632942 0.342214 0.109520 
141229032216518 0.679513 -0.634224 0.356768 0.093471 
141229052092559 0.671407 -0.635181 0.373828 0.077542 
141229071968601 0.664565 -0.635643 0.388137 0.060564 
141229091844643 0.660159 -0.634618 0.399476 0.043233 
141229111720684 0.653691 -0.633097 0.413394 0.031326 
141229131596726 0.644992 -0.630704 0.430852 0.023769 
141229151472768 0.636355 -0.627169 0.448751 0.018291 
141229171348809 0.629982 -0.623400 0.462880 0.015390 
141229191224851 0.626369 -0.620601 0.471459 0.015600 
141229211100893 0.624482 -0.619077 0.475885 0.017331 
141229230976934 0.622683 -0.618545 0.478855 0.019131 
141229250852976 0.620202 -0.619008 0.481359 0.021758 
141229270729018 0.618555 -0.620387 0.481600 0.023909 
141229290605059 0.617393 -0.622571 0.480134 0.026503 
141229310480736 0.616423 -0.625130 0.477820 0.030382 
141229330355736 0.615426 -0.628056 0.474809 0.036776 
141229350230736 0.614443 -0.630378 0.472160 0.046343 
141229370105736 0.613959 -0.632005 0.469471 0.056790 
141229389980736 0.614578 -0.633295 0.465703 0.065980 
141229409855736 0.616661 -0.635090 0.459522 0.072295 
141229429730736 0.620914 -0.638845 0.447994 0.075112 
141229449605736 0.626995 -0.643727 0.432044 0.076344 
141229469480736 0.632506 -0.648101 0.416235 0.081569 
141229489355736 0.638417 -0.651166 0.400561 0.089188 
141229509230736 0.645688 -0.652172 0.385082 0.097321 
141229529105736 0.655391 -0.652277 0.366400 0.103684 
141229548980736 0.668567 -0.652465 0.341239 0.104227 
141229568855736 0.681026 -0.652415 0.316268 0.102636 
141229588730736 0.692387 -0.652318 0.291144 0.101582 
141229608606101 0.703500 -0.650469 0.267092 0.103147 
141229628482143 0.714034 -0.647550 0.244513 0.105115 
141229648358184 0.722923 -0.644906 0.224015 0.106291 
141229668234226 0.731161 -0.642471 0.203554 0.105826 
141229688110268 0.739299 -0.638967 0.184308 0.105780 
141229707986309 0.746334 -0.634587 0.169972 0.106738 
141229727862351 0.752146 -0.630347 0.159287 0.107552 
141229747738393 0.757225 -0.625953 0.152004 0.108113 
141229767614434 0.760708 -0.621754 0.150673 0.109734 
141229787490476 0.762445 -0.618448 0.154587 0.110908 
141229807366518 0.763143 -0.615196 0.163983 0.110717 
141229827242559 0.762159 -0.612143 0.179614 0.110141 
141229847118601 0.759456 -0.609363 0.199859 0.109358 
141229866994643 0.755120 -0.607032 0.222795 0.108021 
141229886870684 0.749141 -0.605456 0.246990 0.105860 
141229906746726 0.742863 -0.604108 0.270032 0.101437 
141229926622768 0.736498 -0.602849 0.291463 0.095875 
141229946498809 0.730297 -0.601989 0.310632 0.088217 
141229966374851 0.723448 -0.601638 0.329398 0.078399 
141229986250893 0.716261 -0.601699 0.347007 0.067169 
141230006126934 0.710240 -0.601495 0.361921 0.052687 
141230026002976 0.704044 -0.600598 0.377106 0.037354 
141230045879018 0.697483 -0.599325 0.392289 0.020856 
141230065755059 0.691709 -0.597562 0.405506 0.004855 
141230085631101 -0.686256 0.594323 -0.419259 0.007339 
141230105507143 -0.680485 0.590412 -0.433696 0.016148 
141230125383184 -0.674501 0.587626 -0.446312 0.023437 
141230145259226 -0.671096 0.585016 -0.454277 0.031928 
141230165135268 -0.669698 0.582059 -0.459768 0.036414 
141230185011309 -0.667702 0.579609 -0.465805 0.035396 
141230204887351 -0.667590 0.578035 -0.467941 0.035085 
141230224763393 -0.669453 0.577298 -0.466201 0.034878 
141230244639434 -0.670727 0.576692 -0.465409 0.030758 
141230264515476 -0.671971 0.576271 -0.464560 0.023487 
141230284391518 -0.673775 0.576275 -0.462344 0.013135 
141230304267559 -0.675940 0.576407 -0.459191 0.001883 
141230324143601 0.678262 -0.576922 0.455012 0.009335 
141230344019643 0.681287 -0.577865 0.448971 0.018574 
141230363895684 0.684625 -0.578812 0.442244 0.026179 
141230383771726 0.686749 -0.579531 0.437273 0.036235 
141230403647768 0.689689 -0.580275 0.430481 0.047915 
141230423523809 0.696367 -0.580402 0.418686 0.053908 
141230443399851 0.703204 -0.579730 0.407895 0.055221 
141230463275893 0.710512 -0.579230 0.395449 0.057330 
141230483151934 0.718287 -0.578756 0.380724 0.064486 
141230503027976 0.726312 -0.577969 0.364844 0.072908 
141230522904018 0.736701 -0.577242 0.344053 0.075417 
141230542780059 0.747143 -0.575904 0.322361 0.078688 
141230562656101 0.755877 -0.573753 0.303185 0.086785 
141230582532143 0.763992 -0.570600 0.285369 0.096432 
141230602408184 0.771381 -0.566048 0.270446 0.106863 
141230622284226 0.778426 -0.562063 0.254096 0.116510 
141230642160268 0.785812 -0.557990 0.235659 0.124942 
141230662036309 0.791358 -0.553178 0.222679 0.134760 
141230681912351 0.796228 -0.549397 0.211472 0.139510 
141230701788393 0.800908 -0.546625 0.200710 0.139514 
141230721664434 0.803517 -0.544546 0.196183 0.139081 
141230741540476 0.804144 -0.543467 0.197335 0.138037 
141230761416518 0.803400 -0.543222 0.202295 0.136144 
141230781292559 0.801412 -0.543707 0.210525 0.133425 
141230801168601 0.797954 -0.544764 0.222062 0.131108 
141230821044643 0.793727 -0.546336 0.234876 0.127863 
141230840920684 0.788424 -0.547980 0.250302 0.124315 
141230860796726 0.781664 -0.549600 0.269122 0.120480 
141230880672768 0.774260 -0.551171 0.288776 0.115485 
141230900548809 0.766859 -0.551803 0.309202 0.108788 
141230920424851 0.759159 -0.552103 0.329778 0.100532 
141230940300893 0.751817 -0.552613 0.348107 0.090624 
141230960176934 0.745128 -0.552628 0.364968 0.078652 
141230980052976 0.738553 -0.552175 0.381380 0.064788 
141230999929018 0.732155 -0.551959 0.396026 0.049532 
141231019805059 0.725032 -0.552612 0.409664 0.033522 
141231039681101 0.716630 -0.554202 0.423092 0.017162 
141231059557143 0.706484 -0.555481 0.438540 0.001949 
141231079433184 -0.694967 0.556080 -0.455775 0.008043 
141231099309226 -0.685083 0.556155 -0.470402 0.008670 
141231119185268 -0.676559 0.554261 -0.484808 0.004879 
141231139061309 -0.669210 0.551106 -0.498415 0.004694 
141231158937351 -0.665373 0.548853 -0.505875 0.011429 
141231178813393 -0.664447 0.548012 -0.507698 0.020871 
141231198689434 -0.664170 0.549260 -0.506399 0.027404 
141231218565476 -0.662496 0.552405 -0.505156 0.027659 
141231238441518 -0.660508 0.556072 -0.503952 0.023369 
141231258317559 -0.659336 0.559354 -0.502097 0.017255 
141231278193601 -0.659046 0.561852 -0.499861 0.010958 
141231298069643 -0.659334 0.563699 -0.497493 0.004789 
141231317945684 0.659961 -0.564941 0.495262 0.002885 
141231337821726 0.660608 -0.565948 0.493103 0.012240 
141231357697768 0.661152 -0.567183 0.490567 0.022911 
141231377573809 0.663025 -0.568729 0.485635 0.033205 
141231397449851 0.666764 -0.570201 0.478206 0.040198 
141231417325893 0.670724 -0.571831 0.470120 0.046106 
141231437201934 0.675301 -0.573955 0.460248 0.052079 
141231457077976 0.680818 -0.575576 0.449219 0.058319 
141231476954018 0.686813 -0.576926 0.437027 0.066723 
141231496830059 0.693476 -0.578369 0.422834 0.076077 
141231516706101 0.700441 -0.579920 0.407395 0.084295 
141231536582143 0.708812 -0.580907 0.389749 0.090709 
141231556458184 0.718301 -0.580508 0.370969 0.097134 
141231576334226 0.727710 -0.579267 0.352141 0.104320 
141231596210268 0.737890 -0.577892 0.330971 0.109621 
141231616086309 0.748462 -0.576820 0.306937 0.113459 
141231635962351 0.758473 -0.575866 0.282040 0.116412 
141231655838393 0.766962 -0.575332 0.257776 0.119639 
141231675714434 0.773285 -0.575117 0.236295 0.124242 
141231695590476 0.776726 -0.575320 0.220651 0.130447 
141231715466518 0.778123 -0.575270 0.211797 0.136866 
141231735342559 0.779258 -0.574954 0.206465 0.139848 
141231755218601 0.779827 -0.574247 0.205920 0.140384 
141231775094643 0.779364 -0.573610 0.210223 0.139172 
141231794970684 0.778502 -0.573240 0.216471 0.135912 
141231814846726 0.777021 -0.572761 0.225592 0.131505 
141231834722768 0.774105 -0.572504 0.238544 0.126874 
141231854598809 0.769614 -0.572885 0.254065 0.122260 
141231874474851 0.764217 -0.573921 0.270289 0.116323 
141231894350893 0.758179 -0.574663 0.287814 0.109957 
141231914226934 0.750947 -0.575036 0.307436 0.104377 
141231934102976 0.742636 -0.575889 0.327163 0.099052 
141231953979018 0.733236 -0.577537 0.346724 0.092723 
141231973855059 0.722989 -0.580125 0.365187 0.085913 
141231993731101 0.713904 -0.581950 0.381737 0.077165 
141232013607143 0.705339 -0.582566 0.398397 0.066309 
141232033483184 0.698071 -0.582645 0.412783 0.053269 
141232053359226 0.692761 -0.581828 0.424333 0.038724 
141232073235268 0.688046 -0.580308 0.435019 0.024393 
141232093111309 0.683686 -0.578061 0.445312 0.010765 
141232112987351 -0.679610 0.575303 -0.455140 0.002179 
141232132863393 -0.676276 0.572168 -0.463783 0.013369 
141232152739434 -0.673302 0.568811 -0.471836 0.022118 
141232172615476 -0.670997 0.565979 -0.478167 0.028041 
141232192491518 -0.670460 0.564116 -0.480771 0.033399 
141232212367559 -0.669250 0.563952 -0.482505 0.035374 
141232232243601 -0.666789 0.565004 -0.484960 0.031260 
141232252119643 -0.664462 0.566810 -0.486447 0.024205 
141232271995684 -0.662781 0.569517 -0.485911 0.016200 
141232291871726 -0.661601 0.573013 -0.483605 0.008208 
141232311747768 0.660579 -0.578026 0.479083 0.000586 
141232331623809 0.660375 -0.584118 0.471849 0.008297 
141232351499851 0.660320 -0.589741 0.464744 0.013996 
141232371375893 0.660444 -0.594423 0.458348 0.019788 
141232391251934 0.660300 -0.599034 0.452085 0.027969 
141232411127976 0.661775 -0.603269 0.443673 0.035704 
141232431004018 0.666913 -0.606357 0.431354 0.038630 
141232450880059 0.673737 -0.608340 0.417654 0.039574 
141232470756101 0.680848 -0.609677 0.403614 0.042853 
141232490632143 0.689390 -0.610112 0.387454 0.048828 
141232510508184 0.698910 -0.609546 0.369876 0.056264 
141232530384226 0.709808 -0.608121 0.349847 0.063004 
141232550260268 0.721432 -0.605801 0.328433 0.068300 
141232570136309 0.732842 -0.602945 0.306633 0.073306 
141232590012351 0.743780 -0.599570 0.284910 0.078315 
141232609888393 0.754129 -0.595250 0.264142 0.084817 
141232629764434 0.763578 -0.590738 0.244123 0.091536 
141232649640476 0.771773 -0.586745 0.225191 0.096874 
141232669516518 0.778998 -0.582758 0.207979 0.101482 
141232689392559 0.785588 -0.578337 0.192947 0.105588 
141232709268601 0.790427 -0.574382 0.182597 0.109391 
141232729144643 0.792531 -0.572037 0.178476 0.113206 
141232749020684 0.792864 -0.570455 0.179938 0.116493 
141232768896726 0.792108 -0.569285 0.185548 0.118555 
141232788772768 0.790574 -0.568697 0.193181 0.119400 
141232808648809 0.788500 -0.568451 0.202299 0.119194 
141232828524851 0.785182 -0.568939 0.213855 0.118589 
141232848400893 0.781429 -0.569939 0.226291 0.115470 
141232868276934 0.777406 -0.571219 0.239663 0.109134 
141232888152976 0.772477 -0.572469 0.255524 0.101316 
141232908029018 0.766321 -0.573667 0.273815 0.093171 
141232927905059 0.759299 -0.575526 0.291772 0.084292 
141232947781101 0.751865 -0.578082 0.308086 0.074835 
141232967657143 0.744213 -0.580923 0.323185 0.064975 
141232987533184 0.736320 -0.583304 0.338554 0.054476 
141233007409226 0.728095 -0.584962 0.354718 0.043276 
141233027285268 0.720654 -0.585654 0.369803 0.030218 
141233047161309 0.714815 -0.584805 0.383198 0.014198 
141233067037351 -0.709440 0.582325 -0.396968 0.003038 
141233086913393 -0.704227 0.578622 -0.410954 0.019440 
141233106789434 -0.699071 0.575090 -0.423630 0.033311 
141233126665476 -0.694695 0.571055 -0.435230 0.043232 
141233146541518 -0.691308 0.566032 -0.446352 0.049701 
141233166417559 -0.689015 0.561080 -0.455688 0.052839 
141233186293601 -0.687133 0.556938 -0.463484 0.053394 
141233206169643 -0.685566 0.554019 -0.469365 0.052432 
141233226045684 -0.684714 0.552174 -0.473032 0.050068 
141233245921726 -0.684827 0.551209 -0.474462 0.045459 
141233265797768 -0.684966 0.551081 -0.475066 0.037985 
141233285673809 -0.685169 0.551055 -0.475386 0.029850 
141233305549851 -0.685307 0.551106 -0.475573 0.021593 
141233325425893 -0.685606 0.551284 -0.475228 0.013736 
141233345301934 -0.687341 0.551627 -0.472455 0.007486 
141233365177976 -0.689911 0.552458 -0.467775 0.000293 
141233385054018 0.692674 -0.554307 0.461386 0.008332 
141233404930059 0.696196 -0.556314 0.453364 0.016945 
141233424806101 0.699928 -0.558556 0.444391 0.025163 
141233444682143 0.704510 -0.560794 0.433726 0.032512 
141233464558184 0.709575 -0.562338 0.422644 0.040623 
141233484434226 0.716124 -0.562997 0.409613 0.049175 
141233504310268 0.725197 -0.562603 0.392958 0.056161 
141233524186309 0.735229 -0.561806 0.374269 0.061040 
141233544062351 0.744701 -0.561368 0.354877 0.065959 
141233563938393 0.753887 -0.559818 0.336043 0.073019 
141233583814434 0.762940 -0.556857 0.318209 0.081097 
141233603690476 0.772103 -0.553173 0.300055 0.088455 
141233623566518 0.781585 -0.548887 0.280893 0.094599 
141233643442559 0.790246 -0.544576 0.262349 0.100603 
141233663318601 0.797570 -0.540605 0.245859 0.105748 
141233683194643 0.803386 -0.537069 0.232022 0.110888 
141233703070684 0.807895 -0.533905 0.221062 0.115686 
141233722946726 0.810647 -0.531174 0.215093 0.120174 
141233742822768 0.812216 -0.529535 0.212081 0.122144 
141233762698809 0.812723 -0.529010 0.211677 0.121752 
141233782574851 0.811427 -0.529509 0.215705 0.121150 
141233802450893 0.808762 -0.530839 0.223190 0.119584 
141233822326934 0.804306 -0.532969 0.234913 0.117699 
141233842202976 0.798454 -0.535697 0.249559 0.114979 
141233862079018 0.791947 -0.538867 0.265055 0.110412 
141233881955059 0.784977 -0.542242 0.281095 0.103791 
141233901831101 0.777081 -0.545776 0.298305 0.096359 
141233921707143 0.768944 -0.549641 0.314522 0.087736 
141233941583184 0.761292 -0.553439 0.328817 0.077586 
141233961459226 0.753682 -0.556848 0.342720 0.066505 
141233981335268 0.746308 -0.559723 0.356085 0.054189 
141234001211309 0.739213 -0.562071 0.368814 0.040203 
141234021087351 0.731913 -0.564131 0.381384 0.024592 
141234040963393 0.725151 -0.565542 0.392774 0.006807 
141234060839434 -0.719459 0.565508 -0.403030 0.012141 
141234080715476 -0.713048 0.564135 -0.415403 0.027486 
141234100591518 -0.705303 0.562085 -0.430314 0.037919 
141234120467559 -0.698970 0.558923 -0.443733 0.046329 
141234140343601 -0.694187 0.555495 -0.454693 0.052747 
141234160219643 -0.690117 0.552294 -0.464285 0.056127 
141234180095684 -0.686808 0.549494 -0.472156 0.058518 
141234199971726 -0.685467 0.547299 -0.476197 0.061925 
141234219847768 -0.685810 0.546221 -0.476697 0.063733 
141234239723809 -0.686813 0.545439 -0.476257 0.062924 
141234259599851 -0.687691 0.544982 -0.475903 0.059924 
141234279475893 -0.688236 0.545296 -0.475516 0.053492 
141234299351934 -0.689432 0.545514 -0.474390 0.045308 
141234319227976 -0.691672 0.545984 -0.471343 0.036441 
141234339104018 -0.693677 0.547154 -0.467668 0.026841 
141234358980059 -0.698034 0.548765 -0.459552 0.020439 
141234378856101 -0.704395 0.550847 -0.447342 0.016752 
141234398732143 -0.709526 0.552582 -0.437133 0.011850 
141234418608184 -0.713137 0.553895 -0.429688 0.001928 
141234438484226 0.716830 -0.554327 0.422798 0.010894 
141234458360268 0.723775 -0.553612 0.411346 0.021392 
141234478236309 0.732588 -0.551978 0.397179 0.029709 
141234498112351 0.742264 -0.550590 0.380262 0.036006 
141234517988393 0.751123 -0.549530 0.363392 0.042146 
141234537864434 0.758135 -0.548861 0.348480 0.050462 
141234557740476 0.765813 -0.547911 0.331688 0.057524 
141234577616518 0.776153 -0.545174 0.310746 0.061667 
141234597492559 0.786594 -0.540765 0.290349 0.067388 
141234617368601 0.795247 -0.536547 0.272418 0.074081 
141234637244643 0.803060 -0.533181 0.253985 0.079400 
141234657120684 0.810582 -0.529533 0.235483 0.084228 
141234676996726 0.816881 -0.525312 0.220486 0.090195 
141234696872768 0.821669 -0.521317 0.209573 0.095732 
141234716748809 0.825491 -0.517725 0.201489 0.099642 
141234736624851 0.828400 -0.514759 0.196045 0.101697 
141234756500893 0.829470 -0.513090 0.195223 0.102979 
141234776376934 0.828703 -0.512496 0.199631 0.103679 
141234796252976 0.826999 -0.511819 0.208642 0.102860 
141234816129018 0.823716 -0.511499 0.222981 0.100681 
141234836005059 0.819476 -0.511590 0.239385 0.097114 
141234855881101 0.813677 -0.512748 0.257752 0.092631 
141234875757143 0.806349 -0.515656 0.276409 0.086583 
141234895633184 0.798064 -0.519420 0.295059 0.078959 
141234915509226 0.788471 -0.523902 0.314330 0.070988 
141234935385268 0.779043 -0.528071 0.332329 0.061569 
141234955261309 0.769696 -0.531749 0.349518 0.051468 
141234975137351 0.760694 -0.534830 0.365579 0.040660 
141234995013393 0.752585 -0.536990 0.380137 0.027454 
141235014889434 0.744940 -0.538690 0.393369 0.011763 
141235034765476 -0.738373 0.539493 -0.404615 0.006312 
141235054641518 -0.733377 0.538473 -0.414208 0.025223 
141235074517559 -0.728351 0.536727 -0.423932 0.041353 
141235094393601 -0.723727 0.534254 -0.433403 0.054295 
141235114269643 -0.720096 0.530781 -0.442094 0.065455 
141235134145684 -0.717161 0.526659 -0.450174 0.075183 
141235154021726 -0.714037 0.522468 -0.458870 0.081337 
141235173897768 -0.711660 0.518896 -0.466269 0.082934 
141235193773809 -0.711481 0.516655 -0.469898 0.077822 
141235213649851 -0.712980 0.515818 -0.470251 0.066726 
141235233525893 -0.715219 0.516394 -0.468110 0.051807 
141235253401934 -0.717641 0.517118 -0.465044 0.036253 
141235273277976 -0.719638 0.516369 -0.463639 0.022863 
141235293154018 -0.722204 0.514010 -0.462641 0.013378 
141235313030059 -0.726711 0.510530 -0.459548 0.008111 
141235332906986 -0.732095 0.507133 -0.454787 0.004638 
141235352784070 -0.736338 0.504718 -0.450626 0.001249 
141235372661153 0.739146 -0.503911 0.446907 0.003313 
141235392538236 0.741408 -0.503141 0.443893 0.011019 
141235412415320 0.743644 -0.502265 0.440757 0.021372 
141235432292403 0.746436 -0.501845 0.435910 0.031108 
141235452169486 0.750970 -0.501320 0.428047 0.038696 
141235472046570 0.758008 -0.500361 0.416004 0.044753 
141235491923653 0.766098 -0.498516 0.402409 0.051375 
141235511800736 0.775283 -0.496378 0.386169 0.058432 
141235531677820 0.786173 -0.493843 0.366228 0.062680 
141235551554903 0.796911 -0.490541 0.346150 0.066981 
141235571431986 0.807079 -0.486266 0.326728 0.073579 
141235591308705 0.817510 -0.481693 0.305324 0.080161 
141235611184747 0.826316 -0.477919 0.285218 0.086260 
141235631060789 0.832048 -0.475561 0.269986 0.092999 
141235650936830 0.837041 -0.473940 0.254974 0.098651 
141235670812872 0.840338 -0.472039 0.244755 0.105388 
141235690688914 0.841862 -0.469816 0.241284 0.111003 
141235710564955 0.842491 -0.468284 0.241047 0.113203 
141235730440997 0.841811 -0.467207 0.245704 0.112709 
141235750317039 0.839211 -0.467031 0.256105 0.109628 
141235770193080 0.834342 -0.467910 0.272073 0.104467 
141235790069122 0.827703 -0.468628 0.292455 0.098828 
141235809945164 0.820332 -0.468597 0.314498 0.092540 
141235829821205 0.812767 -0.468685 0.335536 0.084621 
141235849697247 0.804473 -0.469336 0.355850 0.076916 
141235869573289 0.794874 -0.470038 0.377074 0.071094 
141235889449330 0.784386 -0.470756 0.398387 0.066411 
141235909325372 0.774517 -0.472200 0.416565 0.060173 
141235929201414 0.765931 -0.474763 0.430753 0.049011 
141235949077455 0.758399 -0.478608 0.441235 0.032808 
141235968953497 0.751555 -0.483294 0.448761 0.014380 
141235988829539 -0.746074 0.486805 -0.454290 0.003873 
141236008705580 -0.741883 0.488626 -0.458741 0.020291 
141236028581622 -0.739024 0.488586 -0.462474 0.035272 
141236048457664 -0.737878 0.486653 -0.465097 0.048878 
141236068333705 -0.738260 0.483339 -0.466615 0.060138 
141236088209747 -0.738294 0.480706 -0.468282 0.067520 
141236108085789 -0.738850 0.479563 -0.467716 0.073223 
141236127961830 -0.740190 0.478748 -0.465655 0.077998 
141236147837872 -0.741276 0.478595 -0.463946 0.078807 
141236167713914 -0.741159 0.478885 -0.464246 0.076334 
141236187589955 -0.739955 0.479535 -0.466437 0.070351 
141236207465997 -0.739794 0.479567 -0.467749 0.062678 
141236227342039 -0.740319 0.479025 -0.468608 0.053626 
141236247218080 -0.740696 0.477913 -0.470201 0.043350 
141236267094122 -0.741979 0.476500 -0.470529 0.031914 
141236286970164 -0.745242 0.475457 -0.467056 0.020348 
141236306846205 -0.748682 0.475383 -0.461946 0.009593 
141236326722247 0.750942 -0.476649 0.457043 0.001753 
141236346598289 0.753552 -0.478116 0.450917 0.015459 
141236366474330 0.756864 -0.479272 0.443157 0.032649 
141236386350372 0.762005 -0.479502 0.432190 0.051474 
141236406226414 0.769178 -0.477729 0.418640 0.069867 
141236426102455 0.776851 -0.475814 0.403360 0.086049 
141236445978497 0.784740 -0.474202 0.386539 0.099516 
141236465854539 0.791185 -0.473310 0.370612 0.112471 
141236485730580 0.797745 -0.473789 0.351837 0.123839 
141236505606622 0.804405 -0.473536 0.333142 0.133089 
141236525482664 0.809053 -0.473343 0.318480 0.141241 
141236545358705 0.814246 -0.474084 0.301689 0.145713 
141236565234747 0.818729 -0.474456 0.286815 0.149362 
141236585110789 0.819857 -0.475760 0.278870 0.154006 
141236604986830 0.819644 -0.477497 0.274988 0.156725 
141236624862872 0.816804 -0.480103 0.278203 0.157910 
141236644738914 0.813649 -0.483681 0.282184 0.156206 
141236664614955 0.809415 -0.486236 0.291655 0.152839 
141236684490997 0.802261 -0.490441 0.305931 0.149170 
141236704367039 0.794935 -0.493418 0.322478 0.143612 
141236724243080 0.787678 -0.495253 0.339730 0.137369 
141236744119122 0.779629 -0.497404 0.357097 0.131341 
141236763995164 0.771488 -0.499310 0.374684 0.122914 
141236783871205 0.764629 -0.502143 0.388159 0.111934 
141236803747247 0.757528 -0.505748 0.400796 0.098658 
141236823623289 0.750866 -0.510571 0.410875 0.081849 
141236843499330 0.744684 -0.514856 0.420238 0.061397 
141236863375372 0.738145 -0.522566 0.424208 0.045970 
141236883251414 0.732372 -0.524120 0.433449 0.032436 
141236903127455 0.727234 -0.524170 0.442911 0.014379 
141236923003497 -0.723742 0.525815 -0.446874 0.004416 
141236942879539 -0.721748 0.522794 -0.453181 0.019827 
141236962755580 -0.720805 0.519158 -0.458281 0.029877 
141236982631622 -0.719684 0.516398 -0.462626 0.036959 
141237002507664 -0.718844 0.514387 -0.465527 0.044200 
141237022383705 -0.718482 0.512785 -0.467182 0.050881 
141237042259747 -0.718224 0.511542 -0.468602 0.053794 
141237062135789 -0.718227 0.511131 -0.469114 0.053099 
141237082011830 -0.718286 0.511008 -0.469438 0.050686 
141237101887872 -0.719385 0.510745 -0.468496 0.046223 
141237121763914 -0.721595 0.510103 -0.466337 0.040318 
141237141639955 -0.723877 0.509618 -0.464095 0.030136 
141237161515997 -0.725786 0.509660 -0.461821 0.014245 
141237181392039 0.728903 -0.509679 0.457079 0.002546 
141237201268080 0.733064 -0.510208 0.449524 0.015276 
141237221144122 0.737108 -0.511082 0.441399 0.025167 
141237241020164 0.741627 -0.511801 0.432165 0.035809 
141237260896205 0.745747 -0.511674 0.423837 0.049125 
141237280772247 0.750760 -0.511136 0.413471 0.064320 
141237300648289 0.757113 -0.509163 0.401327 0.080474 
141237320524330 0.765141 -0.505673 0.386920 0.095639 
141237340400372 0.773957 -0.501979 0.370298 0.109043 
141237360276414 0.782489 -0.499008 0.352468 0.120284 
141237380152455 0.790470 -0.496114 0.335215 0.129073 
141237400028497 0.796366 -0.493605 0.320882 0.138526 
141237419904539 0.800111 -0.491682 0.310434 0.147320 
141237439780580 0.804067 -0.490448 0.300908 0.149636 
141237459656622 0.807274 -0.491104 0.291056 0.149707 
141237479532664 0.809002 -0.492159 0.283985 0.150492 
141237499408705 0.809487 -0.492911 0.281436 0.150211 
141237519284747 0.808875 -0.493438 0.283400 0.148072 
141237539160789 0.806536 -0.495003 0.289106 0.144534 
141237559036830 0.802662 -0.497065 0.298437 0.139983 
141237578912872 0.796451 -0.500154 0.311566 0.135781 
141237598788914 0.788518 -0.504494 0.326435 0.131007 
141237618664955 0.779748 -0.509247 0.342389 0.124224 
141237638540997 0.769867 -0.515007 0.358291 0.117040 
141237658417039 0.759764 -0.520683 0.374044 0.108344 
141237678293080 0.749962 -0.527237 0.387346 0.097677 
141237698169122 0.741352 -0.531990 0.400181 0.085081 
141237718045164 0.733119 -0.534975 0.413721 0.071936 
141237737921205 0.726240 -0.536422 0.425860 0.058858 
141237757797247 0.720437 -0.535800 0.438059 0.044645 
141237777673289 0.716869 -0.534459 0.446854 0.027826 
141237797549330 0.713962 -0.532752 0.454182 0.012342 
141237817425372 0.711912 -0.530313 0.460379 0.000707 
141237837301414 -0.709748 0.527709 -0.466609 0.007616 
141237857177455 -0.707012 0.526236 -0.472243 0.014025 
141237877053497 -0.705014 0.525196 -0.476135 0.020498 
141237896929539 -0.703720 0.524233 -0.478875 0.025238 
141237916805580 -0.702916 0.524017 -0.480225 0.026452 
141237936681622 -0.702466 0.524129 -0.480883 0.024113 
141237956557664 -0.704575 0.523885 -0.478198 0.021101 
141237976433705 -0.708941 0.523567 -0.472200 0.017530 
141237996309747 -0.712721 0.524032 -0.466169 0.010235 
141238016185789 0.715011 -0.525486 0.461106 0.002322 
141238036061830 0.718122 -0.528157 0.452896 0.015383 
141238055938757 0.721597 -0.531220 0.443277 0.024671 
141238075815841 0.724941 -0.534652 0.433000 0.033457 
141238095692924 0.727180 -0.537840 0.424109 0.045486 
141238115570007 0.731629 -0.539250 0.412897 0.058749 
141238135447091 0.738888 -0.537811 0.399212 0.073714 
141238155324174 0.747316 -0.532969 0.385815 0.092808 
141238175201257 0.758116 -0.525419 0.369880 0.111277 
141238195078341 0.769919 -0.517979 0.351284 0.124584 
141238214955424 0.779215 -0.512117 0.335416 0.134378 
141238234832507 0.786205 -0.507556 0.322930 0.141366 
141238254709591 0.792381 -0.504178 0.310578 0.146552 
141238274586674 0.797405 -0.501088 0.299628 0.152571 
141238294463757 0.801297 -0.498360 0.290745 0.158198 
141238314340476 0.804206 -0.496445 0.283871 0.161903 
141238334216518 0.806146 -0.496691 0.278039 0.161617 
141238354092559 0.806751 -0.499019 0.273904 0.158460 
141238373968601 0.806202 -0.500543 0.274296 0.155746 
141238393844643 0.804004 -0.502507 0.278817 0.152725 
141238413720684 0.800046 -0.505798 0.285815 0.149682 
141238433596726 0.796042 -0.508293 0.294321 0.146051 
141238453472768 0.790954 -0.510682 0.305931 0.141426 
141238473348809 0.784236 -0.514386 0.319672 0.134873 
141238493224851 0.776240 -0.518279 0.335853 0.126657 
141238513100893 0.767812 -0.522511 0.351336 0.118364 
141238532976934 0.758043 -0.527662 0.367154 0.110184 
141238552852976 0.748212 -0.533955 0.380862 0.100077 
141238572729018 0.738026 -0.539330 0.395681 0.088751 
141238592605059 0.729325 -0.543442 0.408924 0.074397 
141238612481101 0.722923 -0.546118 0.419495 0.056264 
141238632357143 0.717468 -0.548475 0.427924 0.035997 
141238652233184 0.713845 -0.549930 0.433300 0.015898 
141238672109226 -0.711157 0.549111 -0.439012 0.000809 
141238691985268 -0.708970 0.547652 -0.444133 0.013643 
141238711861309 -0.706484 0.546809 -0.448697 0.023472 
141238731737351 -0.703300 0.546407 -0.453754 0.030258 
141238751613393 -0.701030 0.545916 -0.457428 0.035942 
141238771489434 -0.699123 0.545458 -0.460681 0.038415 
141238791365476 -0.699067 0.545638 -0.460645 0.037292 
141238811241518 -0.699868 0.545670 -0.459618 0.034350 
141238831117559 -0.700878 0.545980 -0.458011 0.030039 
141238850993601 -0.703234 0.546594 -0.453988 0.024327 
141238870869643 -0.706094 0.547877 -0.448360 0.015332 
141238890745684 -0.708100 0.549527 -0.443407 0.002115 
141238910621726 0.710595 -0.551399 0.436898 0.011598 
141238930497768 0.713364 -0.553516 0.429176 0.023257 
141238950373809 0.716541 -0.555211 0.420889 0.034085 
141238970249851 0.720671 -0.555907 0.411595 0.046791 
141238990125893 0.726421 -0.554247 0.401564 0.062202 
141239010001934 0.734848 -0.550656 0.388166 0.078139 
141239029877976 0.745477 -0.545418 0.371475 0.093768 
141239049754018 0.757265 -0.539067 0.352809 0.107151 
141239069630059 0.769118 -0.532809 0.332676 0.117894 
141239089506101 0.781295 -0.527499 0.309501 0.124630 
141239109382143 0.792517 -0.522606 0.286350 0.129625 
141239129258184 0.801218 -0.518300 0.266202 0.136205 
141239149134226 0.807701 -0.514653 0.249940 0.142412 
141239169010268 0.812125 -0.512266 0.237213 0.147531 
141239188886309 0.814146 -0.512336 0.228018 0.150618 
141239208762351 0.814738 -0.513696 0.222265 0.151382 
141239228638393 0.813477 -0.516263 0.221460 0.150607 
141239248514434 0.810546 -0.519824 0.225458 0.148216 
141239268390476 0.805941 -0.523253 0.235618 0.145433 
141239288266518 0.799397 -0.526751 0.251273 0.142688 
141239308142559 0.792556 -0.529923 0.268088 0.138436 
141239328018601 0.784748 -0.533807 0.285043 0.134059 
141239347894643 0.776552 -0.538139 0.301339 0.128720 
141239367770684 0.768507 -0.541845 0.317602 0.122193 
141239387646726 0.759821 -0.545424 0.334405 0.115587 
141239407522768 0.750313 -0.548282 0.352779 0.109376 
141239427398809 0.742738 -0.549304 0.369511 0.100341 
141239447274851 0.735177 -0.548073 0.389095 0.087941 
141239467150893 0.726359 -0.548056 0.408341 0.072753 
141239487026934 0.719444 -0.548494 0.422647 0.054097 
141239506902976 0.714822 -0.546216 0.435225 0.035455 
141239526779018 0.710148 -0.543477 0.447103 0.020514 
141239546655059 0.706220 -0.541306 0.456283 0.006928 
141239566531101 -0.702374 0.539427 -0.464401 0.004563 
141239586407143 -0.697935 0.538805 -0.471645 0.011246 
141239606283184 -0.694376 0.537982 -0.477698 0.014904 
141239626159226 -0.693020 0.536104 -0.481654 0.018041 
141239646035268 -0.693161 0.534692 -0.482976 0.019144 
141239665911309 -0.694137 0.534822 -0.481530 0.016371 
141239685787351 -0.696311 0.535734 -0.477492 0.011882 
141239705663393 -0.698620 0.536923 -0.472874 0.005845 
141239725539434 0.700987 -0.538529 0.467547 0.001874 
141239745415476 0.704213 -0.540754 0.459911 0.012286 
141239765291518 0.708443 -0.542778 0.450473 0.023982 
141239785167559 0.713679 -0.543903 0.440009 0.034989 
141239805043601 0.719367 -0.544431 0.428814 0.047166 
141239824919643 0.724321 -0.543724 0.419515 0.061117 
141239844795684 0.729941 -0.540589 0.411530 0.074777 
141239864671726 0.738609 -0.534838 0.400514 0.089398 
141239884547768 0.749711 -0.525634 0.387564 0.106935 
141239904423809 0.762928 -0.514432 0.371401 0.123943 
141239924299851 0.776582 -0.504135 0.352692 0.135562 
141239944175893 0.789351 -0.496051 0.332409 0.142694 
141239964051934 0.800667 -0.489235 0.312496 0.148080 
141239983927976 0.810162 -0.483526 0.294331 0.152345 
141240003804018 0.817954 -0.479957 0.276940 0.154587 
141240023680059 0.823196 -0.478067 0.263134 0.156722 
141240043556101 0.826358 -0.476350 0.254656 0.159288 
141240063432143 0.827309 -0.474924 0.253013 0.161220 
141240083308184 0.827029 -0.475100 0.254246 0.160193 
141240103184226 0.825320 -0.476463 0.258469 0.158190 
141240123060268 0.820676 -0.479293 0.269074 0.156104 
141240142936309 0.813854 -0.484221 0.282791 0.152316 
141240162812351 0.806391 -0.491234 0.295396 0.145477 
141240182688393 0.798439 -0.499129 0.307665 0.136773 
141240202564434 0.789156 -0.506042 0.323091 0.129483 
141240222440476 0.778193 -0.511517 0.342448 0.124477 
141240242316518 0.766994 -0.515062 0.363921 0.118290 
141240262192559 0.757699 -0.517453 0.382925 0.107249 
141240282068601 0.748629 -0.521532 0.399397 0.089669 
141240301944643 0.739807 -0.526666 0.412947 0.069165 
141240321820684 0.734386 -0.528131 0.423445 0.049485 
141240341696726 0.728720 -0.527716 0.435151 0.033559 
141240361572768 0.721045 -0.527577 0.448764 0.019168 
141240381448809 0.714450 -0.527046 0.460175 0.004634 
141240401324851 -0.711175 0.525743 -0.466633 0.008838 
141240421200893 -0.709681 0.524381 -0.470110 0.019321 
141240441076934 -0.708320 0.523428 -0.472839 0.027003 
141240460952976 -0.708171 0.522625 -0.473571 0.032964 
141240480829018 -0.708336 0.522809 -0.472967 0.035115 
141240500705059 -0.708771 0.524136 -0.470929 0.033924 
141240520581101 -0.710135 0.525756 -0.467297 0.030370 
141240540457143 -0.711804 0.527321 -0.463261 0.025628 
141240560333184 -0.714650 0.528605 -0.457656 0.020078 
141240580209226 -0.718137 0.529696 -0.451163 0.012378 
141240600085268 -0.721638 0.530198 -0.445107 0.002723 
141240619961309 0.725882 -0.530227 0.438049 0.008161 
141240639837351 0.729546 -0.530031 0.431725 0.021057 
141240659713393 0.733172 -0.529465 0.425298 0.035306 
141240679589434 0.739835 -0.527766 0.414363 0.049096 
141240699465476 0.749347 -0.524148 0.399634 0.063510 
141240719341518 0.759446 -0.518311 0.384918 0.080198 
141240739217559 0.770670 -0.510939 0.368513 0.095954 
141240759093601 0.781730 -0.503223 0.351494 0.110091 
141240778969643 0.792525 -0.496874 0.332435 0.120453 
141240798845684 0.802908 -0.491221 0.313024 0.126714 
141240818721726 0.812184 -0.486186 0.294403 0.131556 
141240838597768 0.820067 -0.481613 0.277425 0.136287 
141240858473809 0.825612 -0.477495 0.265434 0.141096 
141240878349851 0.828691 -0.473773 0.259673 0.146220 
141240898225893 0.830158 -0.472175 0.256272 0.149035 
141240918101934 0.831375 -0.472046 0.253222 0.147878 
141240937977976 0.831764 -0.472278 0.253142 0.145059 
141240957854018 0.830047 -0.473968 0.257743 0.141226 
141240977730059 0.826850 -0.476314 0.266335 0.136056 
141240997606101 0.821517 -0.479263 0.280179 0.130063 
141241017482143 0.814824 -0.482842 0.296424 0.122709 
141241037358184 0.806883 -0.487187 0.313597 0.115088 
141241057234226 0.798273 -0.491760 0.331085 0.106376 
141241077110268 0.789578 -0.495517 0.348950 0.096263 
141241096986309 0.780482 -0.499428 0.366426 0.084565 
141241116862351 0.771424 -0.503468 0.382746 0.070202 
141241136738393 0.762874 -0.507026 0.397702 0.052729 
141241156614434 0.755179 -0.509469 0.411113 0.033642 
141241176490476 0.747982 -0.510605 0.423808 0.013886 
141241196366518 -0.741553 0.510690 -0.435036 0.006233 
141241216242559 -0.735491 0.509965 -0.445409 0.024493 
141241236118601 -0.729956 0.507830 -0.455757 0.039478 
141241255994643 -0.725336 0.505219 -0.464771 0.051251 
141241275870684 -0.722830 0.502733 -0.470365 0.059499 
141241295746726 -0.721355 0.500222 -0.474686 0.064000 
141241315622768 -0.721242 0.499033 -0.475697 0.066981 
141241335498809 -0.721986 0.499088 -0.474353 0.068108 
141241355374851 -0.722341 0.500091 -0.473140 0.065336 
141241375250893 -0.723183 0.501579 -0.470765 0.061628 
141241395126934 -0.724993 0.503812 -0.466059 0.057860 
141241415002976 -0.728338 0.506153 -0.458574 0.055135 
141241434879018 -0.731171 0.508290 -0.452393 0.048686 
141241454755059 -0.731890 0.511310 -0.449158 0.033993 
141241474631101 -0.733638 0.514362 -0.443747 0.017170 
141241494507143 -0.739052 0.516512 -0.432405 0.006576 
141241514383184 0.744526 -0.516826 0.422577 0.001135 
141241534259226 0.749005 -0.515881 0.415472 0.015512 
141241554135632 0.755438 -0.515136 0.403393 0.034962 
141241574012716 0.763626 -0.513156 0.388479 0.051191 
141241593889799 0.772049 -0.510086 0.373724 0.063893 
141241613766882 0.779519 -0.506573 0.359947 0.078565 
141241633643966 0.787288 -0.503067 0.344463 0.091920 
141241653521049 0.795920 -0.499457 0.326654 0.101749 
141241673398132 0.803163 -0.496027 0.311306 0.109428 
141241693275216 0.809278 -0.492778 0.298038 0.115816 
141241713152299 0.814069 -0.489933 0.286553 0.123066 
141241733029382 0.818758 -0.487333 0.275435 0.127580 
141241752906466 0.822100 -0.484409 0.268819 0.131281 
141241772783549 0.824220 -0.482166 0.265826 0.132336 
141241792660632 0.824345 -0.481302 0.267195 0.131944 
141241812537351 0.821567 -0.481502 0.275729 0.130984 
141241832413393 0.816173 -0.483277 0.289477 0.128480 
141241852289434 0.808717 -0.485788 0.307365 0.124554 
141241872165476 0.799632 -0.489265 0.326774 0.120119 
141241892041518 0.789502 -0.493314 0.346457 0.115318 
141241911917559 0.778999 -0.497273 0.365815 0.109817 
141241931793601 0.768991 -0.501131 0.383276 0.103063 
141241951669643 0.759761 -0.504307 0.399778 0.092826 
141241971545684 0.751452 -0.506808 0.414767 0.080208 
141241991421726 0.744079 -0.508276 0.428511 0.066185 
141242011297768 0.737975 -0.509071 0.440120 0.050466 
141242031173809 0.731005 -0.510258 0.451735 0.034700 
141242051049851 0.723669 -0.510963 0.463540 0.018735 
141242070925893 0.717565 -0.511136 0.473110 0.002544 
141242090801934 -0.713517 0.510175 -0.480085 0.011539 
141242110677976 -0.710159 0.508196 -0.486816 0.020525 
141242130554018 -0.706394 0.506746 -0.493522 0.025526 
141242150430059 -0.703304 0.506984 -0.497554 0.027772 
141242170306101 -0.701531 0.507849 -0.499224 0.026815 
141242190182143 -0.701420 0.508582 -0.498773 0.024075 
141242210058184 -0.702666 0.509584 -0.496209 0.019003 
141242229934226 -0.704814 0.511991 -0.490887 0.011486 
141242249810268 -0.707388 0.515333 -0.483765 0.002531 
141242269686309 0.709794 -0.519060 0.476142 0.007563 
141242289562351 0.712767 -0.523251 0.466701 0.019000 
141242309438393 0.716586 -0.527544 0.455318 0.029784 
141242329314434 0.721003 -0.531303 0.443128 0.038847 
141242349190476 0.725975 -0.534079 0.430471 0.049145 
141242369066518 0.730537 -0.535369 0.419124 0.063467 
141242388942559 0.736138 -0.535309 0.406458 0.079602 
141242408818601 0.743936 -0.534818 0.390075 0.091494 
141242428694643 0.751077 -0.534682 0.373617 0.102022 
141242448570684 0.757200 -0.536030 0.355664 0.113241 
141242468446726 0.764546 -0.537619 0.334163 0.121529 
141242488322768 0.773012 -0.538330 0.310486 0.127484 
141242508198809 0.779957 -0.537871 0.289945 0.135260 
141242528074851 0.784711 -0.536507 0.274332 0.145363 
141242547950893 0.788997 -0.534682 0.260628 0.153855 
141242567826934 0.793515 -0.532203 0.248668 0.158928 
141242587702976 0.797675 -0.529226 0.240684 0.160333 
141242607579018 0.800774 -0.527166 0.235637 0.159159 
141242627455059 0.800987 -0.526714 0.236445 0.158386 
141242647331101 0.798443 -0.527860 0.243292 0.157040 
141242667207143 0.793560 -0.530123 0.256029 0.153886 
141242687083421 0.786943 -0.533135 0.272827 0.148506 
141242706959672 0.778909 -0.537180 0.291493 0.140606 
141242726835714 0.769318 -0.542535 0.310589 0.131682 
141242746711755 0.759396 -0.548239 0.328345 0.122234 
141242766587797 0.749942 -0.552925 0.345487 0.111798 
141242786463839 0.740884 -0.556997 0.362009 0.098969 
141242806339880 0.732415 -0.560118 0.378086 0.082966 
141242826215922 0.724930 -0.562255 0.392521 0.065423 
141242846091964 0.719348 -0.562375 0.404867 0.048533 
141242865968005 0.715124 -0.560580 0.416271 0.032661 
141242885844047 0.712470 -0.557735 0.425467 0.017185 
141242905720089 0.710284 -0.554448 0.433668 0.004149 
141242925596130 -0.707262 0.551439 -0.442356 0.004180 
141242945472172 -0.703952 0.548761 -0.450765 0.011135 
141242965348214 -0.702432 0.546873 -0.455146 0.019030 
141242985224255 -0.701565 0.546036 -0.457228 0.024358 
141243005100297 -0.700781 0.545824 -0.458701 0.023986 
141243024976339 -0.700094 0.546380 -0.459276 0.020064 
141243044852380 -0.699740 0.547593 -0.458588 0.014243 
141243064728422 -0.700376 0.548552 -0.456616 0.008125 
141243084604464 -0.702486 0.549311 -0.452511 0.002239 
141243104480505 0.705009 -0.550607 0.446960 0.004643 
141243124356547 0.707304 -0.552435 0.440850 0.013718 
141243144232589 0.709152 -0.554986 0.434113 0.025311 
141243164108630 0.712035 -0.557305 0.425540 0.036526 
141243183984672 0.716603 -0.559130 0.414384 0.046265 
141243203860714 0.722127 -0.560384 0.401782 0.055420 
141243223736755 0.727958 -0.560320 0.389475 0.066530 
141243243612797 0.734382 -0.558609 0.376453 0.083200 
141243263488839 0.743139 -0.554853 0.359858 0.101900 
141243283364880 0.755054 -0.549903 0.338534 0.113552 
141243303240922 0.767145 -0.545272 0.316028 0.119555 
141243323116964 0.777371 -0.541401 0.295001 0.124711 
141243342993005 0.786470 -0.537595 0.274971 0.129794 
141243362869047 0.795315 -0.533045 0.255681 0.134034 
141243382745089 0.802214 -0.528477 0.240981 0.138177 
141243402621130 0.807155 -0.524967 0.230140 0.141231 
141243422497172 0.810683 -0.522866 0.221225 0.143057 
141243442373214 0.812405 -0.521739 0.216079 0.145249 
141243462249255 0.812460 -0.521083 0.215793 0.147700 
141243482125297 0.811693 -0.520635 0.219344 0.148264 
141243502001339 0.809932 -0.521222 0.225758 0.146188 
141243521877380 0.806245 -0.523071 0.236519 0.142910 
141243541753422 0.799940 -0.526700 0.251967 0.138547 
141243561629464 0.791575 -0.531766 0.269988 0.133191 
141243581505505 0.781533 -0.537278 0.290534 0.127002 
141243601381547 0.771326 -0.542302 0.311310 0.118534 
141243621257589 0.760976 -0.546904 0.331807 0.108246 
141243641133630 0.751813 -0.550478 0.350465 0.094472 
141243661009672 0.744069 -0.550265 0.371151 0.076258 
141243680885714 0.735578 -0.549542 0.391796 0.058434 
141243700761755 0.727984 -0.547818 0.409788 0.044829 
141243720637797 0.721069 -0.543188 0.428716 0.034768 
141243740513839 0.715024 -0.538657 0.445052 0.022771 
141243760389880 0.710671 -0.535065 0.456713 0.008162 
141243780265922 -0.707385 0.531533 -0.465891 0.004922 
141243800141964 -0.704458 0.528312 -0.473788 0.012275 
141243820018005 -0.702664 0.525622 -0.479344 0.014623 
141243839894047 -0.703540 0.523492 -0.480363 0.015434 
141243859770089 -0.705880 0.522316 -0.478251 0.013981 
141243879646130 -0.708442 0.522484 -0.474356 0.010284 
141243899522172 -0.711136 0.523428 -0.469329 0.006217 
141243919398214 -0.714791 0.524609 -0.462438 0.003100 
141243939274255 0.719148 -0.526038 0.453993 0.000073 
141243959150297 0.722077 -0.527612 0.447429 0.006124 
141243979026339 0.724282 -0.529202 0.441714 0.015800 
141243998902380 0.728207 -0.530646 0.432831 0.028054 
141244018778422 0.732580 -0.530712 0.424183 0.041719 
141244038654464 0.738949 -0.528677 0.413965 0.055574 
141244058530505 0.748054 -0.525863 0.398626 0.070579 
141244078406547 0.758452 -0.522176 0.380823 0.083999 
141244098282589 0.769573 -0.517740 0.361665 0.094347 
141244118158630 0.779360 -0.513680 0.343238 0.104485 
141244138034672 0.786689 -0.511183 0.325434 0.117926 
141244157910714 0.792895 -0.508089 0.309368 0.132110 
141244177786755 0.798315 -0.504464 0.295433 0.144671 
141244197662797 0.802068 -0.500568 0.286279 0.155447 
141244217538839 0.805849 -0.497948 0.275954 0.162803 
141244237414880 0.810250 -0.494930 0.267038 0.165014 
141244257290922 0.813703 -0.493090 0.260578 0.163857 
141244277166964 0.815508 -0.493143 0.257267 0.159901 
141244297043005 0.815637 -0.493730 0.258867 0.154774 
141244316919047 0.813038 -0.494898 0.267238 0.150430 
141244336795089 0.808773 -0.497078 0.278644 0.145462 
141244356671130 0.803196 -0.500163 0.291853 0.139767 
141244376547172 0.796593 -0.503751 0.306665 0.132781 
141244396423214 0.787887 -0.507905 0.324869 0.125403 
141244416299255 0.777248 -0.513115 0.344686 0.117428 
141244436175297 0.766978 -0.518725 0.362436 0.106350 
141244456051339 0.758120 -0.523331 0.378083 0.091857 
141244475927380 0.750866 -0.525990 0.392420 0.074426 
141244495803422 0.743959 -0.527602 0.406378 0.054957 
141244515679464 0.737549 -0.527566 0.420094 0.034881 
141244535555505 0.731956 -0.525140 0.433867 0.015055 
141244555431547 -0.726897 0.521363 -0.446983 0.002876 
141244575307589 -0.722122 0.518049 -0.458102 0.017552 
141244595183630 -0.717668 0.515830 -0.466944 0.028895 
141244615059672 -0.713731 0.515004 -0.473309 0.036560 
141244634935714 -0.710160 0.515055 -0.478324 0.039969 
141244654811755 -0.707979 0.515639 -0.480903 0.040189 
141244674687797 -0.707473 0.516641 -0.480845 0.036767 
141244694563839 -0.708598 0.518240 -0.477897 0.030484 
141244714439880 -0.711264 0.519960 -0.472419 0.023750 
141244734315922 -0.713427 0.521996 -0.467221 0.015708 
141244754191964 -0.715151 0.524068 -0.462488 0.004012 
141244774068005 0.718000 -0.526119 0.455609 0.009808 
141244793944047 0.721251 -0.527668 0.448123 0.023438 
141244813820089 0.724154 -0.529128 0.440580 0.038905 
141244833696130 0.728581 -0.530229 0.429857 0.057056 
141244853572172 0.735994 -0.528870 0.416076 0.074093 
141244873448214 0.745239 -0.525901 0.400227 0.088688 
141244893324255 0.754603 -0.523051 0.382527 0.103260 
141244913200297 0.763388 -0.520492 0.363671 0.118617 
141244933076339 0.771752 -0.517288 0.345083 0.133154 
141244952952380 0.780861 -0.513798 0.324538 0.144716 
141244972828422 0.789722 -0.510281 0.303943 0.153531 
141244992704464 0.796998 -0.507076 0.286220 0.160456 
141245012580505 0.802357 -0.504615 0.271820 0.166435 
141245032456547 0.805961 -0.503491 0.260327 0.170745 
141245052332589 0.808613 -0.503217 0.251755 0.171863 
141245072208630 0.810625 -0.502336 0.247065 0.171771 
141245092084672 0.811277 -0.501122 0.247815 0.171157 
141245111960714 0.810812 -0.500869 0.251649 0.168483 
141245131836755 0.807842 -0.502387 0.260678 0.164453 
141245151712797 0.802235 -0.506079 0.274413 0.158117 
141245171588839 0.795449 -0.511088 0.289605 0.148922 
141245191464880 0.787469 -0.516731 0.306069 0.138583 
141245211340922 0.778456 -0.522010 0.323960 0.128687 
141245231216964 0.769288 -0.526134 0.342411 0.118886 
141245251093005 0.760669 -0.528733 0.360915 0.107536 
141245270969047 0.752076 -0.530625 0.379350 0.094404 
141245290845089 0.742998 -0.533066 0.396481 0.081247 
141245310721130 0.734904 -0.535041 0.410929 0.069192 
141245330597172 0.728453 -0.535538 0.423445 0.057086 
141245350473214 0.723309 -0.535651 0.433668 0.042816 
141245370349255 0.718814 -0.536185 0.441675 0.027110 
141245390225297 0.715034 -0.535886 0.448777 0.012325 
141245410101339 0.712408 -0.534682 0.454521 0.000758 
141245429977380 -0.710130 0.533504 -0.459395 0.006622 
141245449853422 -0.708685 0.532451 -0.462739 0.011577 
141245469729464 -0.708008 0.531738 -0.464532 0.013774 
141245489605505 -0.708734 0.531269 -0.463984 0.012993 
141245509481547 -0.710995 0.531187 -0.460680 0.010028 
141245529357589 -0.713176 0.531220 -0.457348 0.004275 
141245549233630 0.715747 -0.531449 0.453048 0.004005 
141245569109672 0.718642 -0.532279 0.447251 0.014171 
141245588985714 0.721820 -0.533169 0.440598 0.024082 
141245608861755 0.727210 -0.533695 0.430515 0.031508 
141245628737797 0.734187 -0.533089 0.418575 0.039749 
141245648613839 0.742995 -0.529877 0.405719 0.050751 
141245668489880 0.753009 -0.524608 0.391930 0.064462 
141245688365922 0.764150 -0.518192 0.376288 0.077189 
141245708241964 0.777491 -0.511959 0.354689 0.087201 
141245728118005 0.790239 -0.506560 0.331740 0.094169 
141245747994047 0.801927 -0.502049 0.308367 0.098828 
141245767870089 0.813329 -0.498074 0.282877 0.101978 
141245787746130 0.824059 -0.492618 0.259467 0.104549 
141245807622172 0.832085 -0.486107 0.243970 0.108681 
141245827498214 0.838489 -0.479395 0.233654 0.111904 
141245847374255 0.844851 -0.472772 0.224333 0.111308 
141245867250297 0.850083 -0.466887 0.217684 0.109489 
141245887126339 0.853049 -0.462761 0.215787 0.107685 
141245907002380 0.854031 -0.460567 0.217685 0.105460 
141245926878422 0.852142 -0.460379 0.226444 0.103096 
141245946754464 0.847941 -0.462139 0.240231 0.098551 
141245966630505 0.841599 -0.464795 0.258775 0.093338 
141245986506547 0.833169 -0.468162 0.280942 0.087879 
141246006382589 0.822478 -0.471994 0.306604 0.082130 
141246026258630 0.810569 -0.476450 0.332028 0.075714 
141246046134672 0.798964 -0.480338 0.355321 0.068421 
141246066010714 0.787099 -0.483471 0.378204 0.060765 
141246085886755 0.775752 -0.486613 0.398351 0.052203 
141246105762797 0.765536 -0.490344 0.414450 0.041816 
141246125638839 0.756996 -0.494268 0.426501 0.027448 
141246145514880 0.748780 -0.497914 0.437395 0.009774 
141246165390922 -0.741286 0.500842 -0.446786 0.005908 
141246185266964 -0.734514 0.503488 -0.454651 0.016740 
141246205143005 -0.727411 0.504899 -0.464090 0.023910 
141246225019047 -0.720646 0.505354 -0.473842 0.027580 
141246244895089 -0.716534 0.504977 -0.480339 0.029185 
141246264771130 -0.716772 0.504324 -0.480361 0.033890 
141246284647172 -0.719082 0.504048 -0.476670 0.040523 
141246304523214 -0.720981 0.504804 -0.472636 0.044433 
141246324399255 -0.722759 0.506090 -0.468553 0.044174 
141246344275297 -0.724630 0.506674 -0.465398 0.039968 
141246364151339 -0.726282 0.506902 -0.463045 0.033981 
141246384027380 -0.728895 0.507497 -0.458608 0.028942 
141246403903422 -0.732967 0.508042 -0.451620 0.026322 
141246423779464 -0.736970 0.508221 -0.445017 0.023365 
141246443655505 -0.740165 0.508712 -0.439424 0.016604 
141246463531547 -0.743015 0.509877 -0.433488 0.006462 
141246483407589 0.746476 -0.510413 0.426878 0.005259 
141246503283630 0.750792 -0.509437 0.420102 0.017300 
141246523159672 0.757331 -0.506383 0.411271 0.029689 
141246543035714 0.766393 -0.501737 0.398815 0.042984 
141246562911755 0.777157 -0.497099 0.382103 0.053900 
141246582787797 0.789141 -0.493383 0.360465 0.062429 
141246602663839 0.801156 -0.489423 0.337034 0.070850 
141246622539880 0.812597 -0.485053 0.312985 0.080289 
141246642415922 0.823829 -0.480622 0.287129 0.088681 
141246662291964 0.833439 -0.475531 0.264211 0.097164 
141246682168005 0.841819 -0.470086 0.244212 0.103552 
141246702044047 0.849835 -0.464135 0.225716 0.106830 
141246721920089 0.855056 -0.459107 0.214809 0.109356 
141246741796130 0.858005 -0.455453 0.210630 0.109673 
141246761672172 0.859236 -0.452773 0.212381 0.107722 
141246781548214 0.857648 -0.452143 0.221394 0.104842 
141246801424255 0.854372 -0.452505 0.235396 0.099379 
141246821300297 0.850150 -0.452986 0.252378 0.091418 
141246841176339 0.844257 -0.454097 0.272437 0.082477 
141246861052380 0.835787 -0.457019 0.295221 0.073763 
141246880928422 0.825438 -0.461782 0.318185 0.064589 
141246900804464 0.814751 -0.467369 0.338848 0.054159 
141246920680505 0.804392 -0.472175 0.358157 0.041572 
141246940556547 0.793128 -0.475736 0.379369 0.026508 
141246960432589 0.781464 -0.478326 0.400568 0.008061 
141246980308630 -0.771071 0.479136 -0.419223 0.011370 
141247000184672 -0.761438 0.477265 -0.437779 0.027941 
141247020060714 -0.751876 0.473727 -0.456628 0.041902 
141247039936755 -0.743158 0.469434 -0.473919 0.052398 
141247059812797 -0.735806 0.465747 -0.488299 0.056856 
141247079688839 -0.730908 0.463045 -0.497982 0.058149 
141247099564880 -0.728038 0.460858 -0.504096 0.058747 
141247119440922 -0.725532 0.459902 -0.508824 0.056460 
141247139316964 -0.724675 0.459939 -0.510547 0.051416 
141247159193005 -0.724865 0.460225 -0.510623 0.045043 
141247179069047 -0.725562 0.460980 -0.509458 0.038860 
141247198945089 -0.726990 0.462041 -0.506832 0.033532 
141247218821130 -0.729399 0.462975 -0.502806 0.028591 
141247238697172 -0.732312 0.464111 -0.497793 0.022848 
141247258573214 -0.735193 0.465485 -0.492512 0.015726 
141247278449255 -0.737644 0.467591 -0.487017 0.007427 
141247298325297 0.740330 -0.470003 0.480631 0.001439 
141247318201339 0.744497 -0.472801 0.471247 0.010455 
141247338077380 0.748576 -0.474751 0.462409 0.020595 
141247357953422 0.754357 -0.475715 0.451180 0.032831 
141247377829464 0.761295 -0.475111 0.438684 0.047489 
141247397705505 0.768971 -0.472402 0.426046 0.063258 
141247417581547 0.778818 -0.468866 0.409530 0.076762 
141247437457589 0.790135 -0.465673 0.389270 0.085479 
141247457333630 0.801567 -0.463016 0.366986 0.091811 
141247477209672 0.811562 -0.461129 0.345032 0.098385 
141247497085714 0.819724 -0.459883 0.324775 0.105273 
141247516961755 0.826575 -0.457976 0.307509 0.111666 
141247536837797 0.833013 -0.455185 0.292274 0.116074 
141247556713839 0.838601 -0.452606 0.278916 0.118759 
141247576589880 0.842675 -0.451079 0.267730 0.121442 
141247596465922 0.845363 -0.450899 0.258767 0.122847 
141247616341964 0.846389 -0.451950 0.253119 0.123679 
141247636218005 0.845941 -0.453681 0.251129 0.124469 
141247656094047 0.844383 -0.456190 0.251610 0.124906 
141247675970089 0.841723 -0.459212 0.254967 0.124977 
141247695846130 0.838438 -0.462205 0.260718 0.124151 
141247715722172 0.834366 -0.465361 0.268842 0.122462 
141247735598214 0.829644 -0.468685 0.278769 0.119634 
141247755474255 0.824963 -0.471923 0.288818 0.115370 
141247775350297 0.819536 -0.475339 0.300209 0.110846 
141247795226339 0.813118 -0.478829 0.313505 0.106193 
141247815102380 0.806464 -0.481735 0.327477 0.101511 
141247834978422 0.799695 -0.484383 0.341203 0.097155 
141247854854464 0.792687 -0.486908 0.354807 0.093152 
141247874730505 0.785393 -0.489413 0.368482 0.088630 
141247894606547 0.778478 -0.492268 0.380562 0.082571 
141247914482589 0.772441 -0.494851 0.390911 0.075133 
141247934358630 0.767423 -0.496851 0.399650 0.066911 
141247954234672 0.763241 -0.498424 0.406863 0.059125 
141247974110714 0.759333 -0.499906 0.413343 0.051542 
141247993986755 0.755785 -0.501542 0.418857 0.042466 
141248013862797 0.753031 -0.503480 0.422528 0.030357 
141248033738839 0.751087 -0.505456 0.424405 0.016213 
141248053614880 0.748975 -0.507191 0.426363 0.002944 
141248073490922 -0.746315 0.508761 -0.429079 0.008214 
141248093366964 -0.742477 0.510017 -0.433995 0.016095 
141248113243005 -0.737888 0.510184 -0.441292 0.022251 
141248133119047 -0.733824 0.509040 -0.448988 0.028114 
141248152995089 -0.730562 0.507152 -0.456072 0.032770 
141248172871130 -0.728002 0.505258 -0.461967 0.036247 
141248192747172 -0.726673 0.503995 -0.465152 0.039620 
141248212623214 -0.725723 0.503373 -0.467007 0.042968 
141248232499255 -0.724851 0.503006 -0.468479 0.045864 
141248252375297 -0.724311 0.502927 -0.469189 0.047953 
141248272251339 -0.724664 0.503182 -0.468224 0.049357 
141248292127380 -0.725378 0.503686 -0.466438 0.050627 
141248312003422 -0.725591 0.504273 -0.465436 0.051025 
141248331879464 -0.725799 0.504574 -0.464770 0.051185 
141248351755505 -0.725831 0.504857 -0.464509 0.050159 
141248371631547 -0.725784 0.505210 -0.464382 0.048484 
141248391507589 -0.726447 0.505282 -0.463433 0.046854 
141248411383630 -0.727996 0.505389 -0.461058 0.045055 
141248431259672 -0.729287 0.505469 -0.459140 0.042811 
141248451135714 -0.730202 0.505554 -0.457858 0.039822 
141248471011755 -0.730929 0.505765 -0.456814 0.035575 
141248490887797 -0.731540 0.505792 -0.456161 0.030676 
141248510763839 -0.733380 0.505440 -0.453831 0.026873 
141248530639880 -0.735848 0.505049 -0.450480 0.022823 
141248550515922 -0.738450 0.504487 -0.447069 0.017733 
141248570391964 -0.741260 0.503900 -0.443318 0.009370 
141248590268005 0.743979 -0.503068 0.439791 0.001534 
141248610144047 0.747527 -0.501071 0.435883 0.011705 
141248630020089 0.752716 -0.497882 0.430213 0.021172 
141248649896130 0.758200 -0.494383 0.424048 0.030028 
141248669772172 0.763406 -0.491297 0.417516 0.038972 
141248689648214 0.768384 -0.488597 0.410486 0.048572 
141248709524255 0.773452 -0.485460 0.403303 0.058694 
141248729400297 0.779038 -0.481933 0.395318 0.067575 
141248749276339 0.785164 -0.478408 0.385977 0.075220 
141248769152380 0.790323 -0.475561 0.377320 0.082841 
141248789028422 0.794529 -0.473066 0.369752 0.090635 
141248808904464 0.799048 -0.470403 0.361540 0.097623 
141248828780505 0.804298 -0.467713 0.351706 0.103216 
141248848656547 0.810292 -0.464908 0.340285 0.107205 
141248868532589 0.815322 -0.462539 0.330188 0.110830 
141248888408630 0.819426 -0.461157 0.320642 0.114301 
141248908284672 0.823245 -0.460447 0.310484 0.117712 
141248928160714 0.826641 -0.460262 0.300176 0.121319 
141248948036755 0.829082 -0.460389 0.291699 0.124807 
141248967912797 0.830451 -0.460835 0.285589 0.128140 
141248987788839 0.831409 -0.461755 0.279872 0.131196 
141249007664880 0.832427 -0.462649 0.274053 0.133852 
141249027540922 0.832787 -0.463748 0.269852 0.136325 
141249047416964 0.832622 -0.465012 0.267286 0.138070 
141249067293005 0.831434 -0.466864 0.267043 0.139446 
141249087169047 0.830101 -0.468968 0.267427 0.139588 
141249107045089 0.827682 -0.471525 0.270425 0.139561 
141249126921130 0.824336 -0.474646 0.275723 0.138410 
141249146797172 0.821001 -0.477319 0.281989 0.136406 
141249166673214 0.816494 -0.480234 0.290834 0.134640 
141249186549255 0.811410 -0.483535 0.300658 0.131957 
141249206425297 0.806276 -0.486783 0.310336 0.129052 
141249226301339 0.801210 -0.489540 0.320120 0.126238 
141249246177380 0.796224 -0.491534 0.330469 0.123338 
141249266053422 0.790907 -0.493495 0.341217 0.120419 
141249285929464 0.784752 -0.496020 0.352651 0.117324 
141249305805505 0.779002 -0.499556 0.361567 0.113437 
141249325681547 0.773325 -0.502804 0.370180 0.110101 
141249345557589 0.767283 -0.505218 0.380325 0.106694 
141249365433630 0.761931 -0.507394 0.389493 0.101528 
141249385309672 0.757767 -0.509533 0.396415 0.094976 
141249405185714 0.753143 -0.511585 0.404044 0.088346 
141249425061755 0.748286 -0.514090 0.411221 0.081711 
141249444937797 0.743181 -0.516878 0.418193 0.075058 
141249464813839 0.737434 -0.518947 0.426974 0.067673 
141249484689880 0.733012 -0.520505 0.434025 0.058241 
141249504565922 0.729452 -0.521897 0.439435 0.049204 
141249524441964 0.725186 -0.523346 0.445503 0.041727 
141249544318005 0.722283 -0.524868 0.449159 0.032804 
141249564194047 0.719595 -0.526522 0.452074 0.024228 
141249584070089 0.716394 -0.527659 0.456182 0.015900 
141249603946130 0.714037 -0.528430 0.459207 0.006529 
141249623822172 -0.712040 0.529415 -0.461213 0.000846 
141249643698214 -0.709529 0.529954 -0.464425 0.005261 
141249663574255 -0.707564 0.530230 -0.467045 0.008820 
141249683450297 -0.706618 0.530496 -0.468074 0.013082 
141249703326339 -0.705334 0.531113 -0.469196 0.016690 
141249723202380 -0.703036 0.531701 -0.471854 0.019699 
141249743078422 -0.700757 0.532006 -0.474784 0.022136 
141249762954464 -0.699311 0.532164 -0.476673 0.023435 
141249782830505 -0.698270 0.532220 -0.478125 0.023621 
141249802706547 -0.698310 0.532338 -0.477920 0.023901 
141249822582589 -0.698766 0.532580 -0.476990 0.023763 
141249842458630 -0.698967 0.532951 -0.476316 0.023052 
141249862334672 -0.699077 0.533273 -0.475833 0.022219 
141249882210714 -0.699301 0.533600 -0.475238 0.019972 
141249902086755 -0.699857 0.533824 -0.474314 0.016076 
141249921962797 -0.700208 0.534528 -0.473168 0.010072 
141249941838839 -0.703678 0.536152 -0.466196 0.006220 
141249961714880 -0.709445 0.538124 -0.455056 0.005847 
141249981590922 -0.712394 0.539187 -0.449190 0.000893 
141250001466964 0.714583 -0.541298 0.443045 0.008906 
141250021343005 0.717604 -0.543648 0.434989 0.016616 
141250041219047 0.722195 -0.544809 0.425680 0.020378 
141250061095089 0.727269 -0.545761 0.415490 0.024347 
141250080971130 0.731667 -0.546631 0.406083 0.030897 
141250100847172 0.734957 -0.547054 0.398706 0.040051 
141250120723214 0.737702 -0.547418 0.392005 0.049603 
141250140599255 0.740496 -0.547524 0.385479 0.057359 
141250160475297 0.744399 -0.547472 0.376975 0.063535 
141250180351339 0.749084 -0.547183 0.366777 0.070308 
141250200227380 0.753972 -0.546766 0.355776 0.077459 
141250220103422 0.758684 -0.546618 0.344388 0.083694 
141250239979464 0.764771 -0.545920 0.330676 0.088039 
141250259855505 0.771487 -0.544632 0.316009 0.091221 
141250279731547 0.777886 -0.543105 0.301912 0.093700 
141250299607589 0.783228 -0.541752 0.289352 0.096618 
141250319483630 0.787561 -0.540434 0.278457 0.100687 
141250339359672 0.790749 -0.539315 0.269505 0.105938 
141250359235714 0.794083 -0.538068 0.260356 0.110138 
141250379111755 0.796885 -0.536440 0.253123 0.114610 
141250398987797 0.798874 -0.535055 0.247619 0.119172 
141250418863839 0.800709 -0.534144 0.241986 0.122455 
141250438739880 0.803152 -0.533172 0.235032 0.124239 
141250458615922 0.805493 -0.531681 0.229206 0.126342 
141250478491964 0.807703 -0.530017 0.224238 0.128116 
141250498368005 0.810001 -0.528374 0.219002 0.129452 
141250518244047 0.811706 -0.526980 0.215095 0.130995 
141250538120089 0.812774 -0.525861 0.212880 0.132469 
141250557996130 0.813702 -0.525101 0.210951 0.132885 
141250577872172 0.813943 -0.524715 0.210691 0.133344 
141250597748214 0.813730 -0.524550 0.211557 0.133923 
141250617624255 0.812957 -0.524819 0.213424 0.134596 
141250637500297 0.811964 -0.525339 0.216008 0.134438 
141250657376339 0.810673 -0.525931 0.220069 0.133325 
141250677252380 0.808730 -0.526621 0.226605 0.131436 
141250697129307 0.805869 -0.527485 0.236190 0.128646 
141250717006391 0.802286 -0.528510 0.247997 0.124555 
141250736883474 0.797907 -0.529672 0.261850 0.119270 
141250756760557 0.792656 -0.531519 0.276473 0.112917 
141250776637641 0.786723 -0.533766 0.291475 0.105848 
141250796514724 0.779461 -0.536655 0.307680 0.098872 
141250816391807 0.770913 -0.540300 0.324521 0.091944 
141250836268891 0.762326 -0.543993 0.340298 0.084443 
141250856145974 0.754596 -0.546952 0.354549 0.075673 
141250876023057 0.746891 -0.549245 0.368938 0.066138 
141250895900141 0.739833 -0.551171 0.382025 0.054025 
141250915777224 0.733547 -0.552528 0.393788 0.039402 
141250935654307 0.726995 -0.553083 0.406217 0.023781 
141250955530505 0.721232 -0.552815 0.417346 0.006518 
141250975406547 -0.715848 0.552263 -0.427180 0.009236 
141250995282589 -0.709696 0.550839 -0.438771 0.019683 
141251015158630 -0.704342 0.548728 -0.449532 0.026852 
141251035034672 -0.701270 0.546974 -0.455987 0.033414 
141251054910714 -0.699240 0.545219 -0.460793 0.038339 
141251074786755 -0.697676 0.543290 -0.465213 0.040766 
141251094662797 -0.696779 0.541692 -0.468414 0.040711 
141251114538839 -0.696437 0.540767 -0.470152 0.038783 
141251134414880 -0.696430 0.540895 -0.470284 0.035356 
141251154290922 -0.696868 0.541393 -0.469314 0.031824 
141251174166964 -0.698013 0.541746 -0.467480 0.027422 
141251194043005 -0.698886 0.542237 -0.466039 0.018568 
141251213919047 -0.700280 0.542222 -0.464284 0.006519 
141251233795089 0.703514 -0.541950 0.459702 0.005650 
141251253671130 0.707802 -0.541482 0.453385 0.016013 
141251273547172 0.712664 -0.541374 0.445478 0.023956 
141251293423214 0.719077 -0.541373 0.434545 0.031836 
141251313299255 0.725667 -0.541201 0.422747 0.042356 
141251333175297 0.732212 -0.540307 0.411108 0.054042 
141251353051339 0.739551 -0.538958 0.398073 0.064218 
141251372927380 0.748046 -0.537329 0.382645 0.072706 
141251392803422 0.756748 -0.534882 0.366770 0.081924 
141251412679464 0.765507 -0.532456 0.349642 0.090768 
141251432555505 0.775625 -0.530331 0.328248 0.097000 
141251452431547 0.785847 -0.527685 0.305870 0.102162 
141251472307589 0.793990 -0.525133 0.286689 0.107823 
141251492183630 0.800899 -0.523003 0.269078 0.112368 
141251512059672 0.806894 -0.520937 0.253007 0.116331 
141251531935714 0.811799 -0.519068 0.238977 0.120170 
141251551811755 0.815453 -0.517433 0.227626 0.124444 
141251571687797 0.817791 -0.515983 0.219969 0.128815 
141251591563839 0.819223 -0.514709 0.215465 0.132372 
141251611439880 0.820022 -0.513680 0.213635 0.134377 
141251631315922 0.820215 -0.512848 0.214458 0.135061 
141251651191964 0.820444 -0.511789 0.216326 0.134712 
141251671068005 0.820601 -0.510617 0.219029 0.133830 
141251690944047 0.820034 -0.509649 0.223640 0.133366 
141251710820089 0.818910 -0.508877 0.229961 0.132474 
141251730696130 0.817369 -0.508314 0.237999 0.129920 
141251750572172 0.814457 -0.508625 0.249067 0.126203 
141251770448214 0.810369 -0.509424 0.262962 0.121004 
141251790324255 0.804490 -0.510912 0.280356 0.114746 
141251810200297 0.796343 -0.513633 0.300576 0.108046 
141251830076339 0.786989 -0.517347 0.320690 0.100773 
141251849952380 0.777454 -0.521757 0.338590 0.093248 
141251869828422 0.768347 -0.526015 0.354589 0.084988 
141251889704464 0.760736 -0.529870 0.367316 0.074794 
141251909580505 0.754564 -0.533580 0.376966 0.061800 
141251929456547 0.747713 -0.536876 0.387818 0.047811 
141251949332589 0.738880 -0.539282 0.402495 0.035048 
141251969208630 0.728738 -0.541025 0.419124 0.023840 
141251989084672 0.719389 -0.541871 0.434348 0.014017 
141252008960714 0.711142 -0.540992 0.448926 0.008429 
141252028836755 0.704743 -0.538169 0.462272 0.004029 
141252048712797 -0.700584 0.534956 -0.472224 0.003013 
141252068588839 -0.696955 0.530501 -0.482418 0.009729 
141252088464880 -0.693621 0.526575 -0.491340 0.013955 
141252108340922 -0.690400 0.524068 -0.498490 0.014447 
141252128216964 -0.687798 0.522439 -0.503814 0.012773 
141252148093005 -0.686742 0.521977 -0.505764 0.011332 
141252167969047 -0.686301 0.522301 -0.506052 0.010183 
141252187845089 -0.686102 0.523130 -0.505502 0.008170 
141252207721130 -0.686480 0.524496 -0.503619 0.004056 
141252227597172 0.686458 -0.526256 0.501821 0.002604 
141252247473214 0.687200 -0.527789 0.499119 0.008678 
141252267349255 0.688078 -0.529136 0.496337 0.014604 
141252287225297 0.689162 -0.530358 0.493301 0.020723 
141252307101339 0.691044 -0.531608 0.489024 0.026585 
141252326977380 0.693814 -0.533269 0.482848 0.033222 
141252346853422 0.697410 -0.535079 0.474953 0.041586 
141252366729464 0.701377 -0.536527 0.466389 0.051892 
141252386605505 0.705632 -0.537096 0.457790 0.063595 
141252406481547 0.712272 -0.536691 0.446248 0.074128 
141252426357589 0.719836 -0.535448 0.433724 0.083767 
141252446233630 0.726854 -0.534328 0.421177 0.093737 
141252466109672 0.734691 -0.533217 0.406321 0.103973 
141252485985714 0.744384 -0.531339 0.388223 0.113381 
141252505861755 0.754855 -0.528607 0.368745 0.121635 
141252525737797 0.765862 -0.525961 0.347027 0.128043 
141252545613839 0.776416 -0.524378 0.323341 0.132880 
141252565489880 0.784826 -0.524141 0.300803 0.137268 
141252585365922 0.791484 -0.524862 0.279693 0.140872 
141252605241964 0.796979 -0.526043 0.259772 0.143602 
141252625118005 0.800794 -0.527661 0.242955 0.145858 
141252644994047 0.802840 -0.529722 0.230330 0.147615 
141252664870089 0.802713 -0.532346 0.223876 0.148795 
141252684746130 0.800871 -0.535424 0.223462 0.148300 
141252704622172 0.797940 -0.538606 0.227854 0.145866 
141252724498214 0.793259 -0.542236 0.237812 0.142008 
141252744374255 0.786666 -0.546296 0.252841 0.137077 
141252764250297 0.778450 -0.550645 0.271457 0.130831 
141252784126339 0.768427 -0.555760 0.292175 0.123633 
141252804002380 0.757659 -0.561446 0.312128 0.115352 
141252823878422 0.747233 -0.566920 0.330147 0.106046 
141252843754464 0.737374 -0.571714 0.346656 0.096184 
141252863630505 0.728014 -0.575665 0.362622 0.084312 
141252883506547 0.718520 -0.578240 0.380257 0.069047 
141252903382589 0.710106 -0.579312 0.397064 0.049870 
141252923258630 0.703354 -0.578977 0.411356 0.029400 
141252943134672 0.696585 -0.576320 0.427174 0.012147 
141252963010714 -0.689513 0.571456 -0.444980 0.001593 
141252982886755 -0.683002 0.566874 -0.460410 0.013618 
141253002762797 -0.677481 0.563131 -0.472709 0.021208 
141253022638839 -0.672940 0.559664 -0.483098 0.023360 
141253042514880 -0.669105 0.556571 -0.492014 0.021199 
141253062390922 -0.666935 0.553810 -0.498185 0.017424 
141253082266964 -0.667274 0.552071 -0.499779 0.013578 
141253102143005 -0.668874 0.551370 -0.498523 0.008632 
141253122019047 -0.670562 0.551399 -0.496290 0.001613 
141253141895089 0.671774 -0.552113 0.493782 0.008406 
141253161771130 0.673088 -0.552916 0.490739 0.020295 
141253181647172 0.675054 -0.553373 0.486825 0.032901 
141253201523214 0.678126 -0.554197 0.480597 0.045138 
141253221399255 0.684617 -0.554878 0.469575 0.053937 
141253241275297 0.693006 -0.554086 0.457086 0.061705 
141253261151339 0.699879 -0.552838 0.446288 0.073268 
141253281027380 0.708991 -0.552347 0.430294 0.084221 
141253300903422 0.720079 -0.551681 0.411004 0.090616 
141253320779464 0.732220 -0.551749 0.387517 0.096216 
141253340655505 0.744643 -0.551410 0.361933 0.102273 
141253360531547 0.756703 -0.549910 0.336658 0.107996 
141253380407589 0.767594 -0.547071 0.313275 0.115636 
141253400283630 0.777432 -0.542861 0.292328 0.124285 
141253420159672 0.788468 -0.536623 0.271224 0.129589 
141253440035714 0.798796 -0.529938 0.252299 0.132047 
141253459911755 0.804201 -0.525837 0.241554 0.135675 
141253479787797 0.808887 -0.523840 0.230285 0.135138 
141253499663839 0.810619 -0.523054 0.226076 0.134905 
141253519539880 0.807566 -0.524289 0.234288 0.134415 
141253539415922 0.803985 -0.525783 0.245463 0.130034 
141253559291964 0.801025 -0.527538 0.255163 0.122283 
141253579168005 0.798349 -0.528142 0.265599 0.114712 
141253599044047 0.794415 -0.527920 0.279882 0.108948 
141253618920089 0.788530 -0.528374 0.296937 0.104253 
141253638796130 0.784690 -0.528454 0.309454 0.096083 
141253658672172 0.778896 -0.528214 0.326003 0.089619 
141253678548214 0.767943 -0.528920 0.350763 0.086431 
141253698424255 0.753656 -0.532982 0.375773 0.082005 
141253718300297 0.739015 -0.538472 0.397979 0.074280 
141253738176339 0.715885 -0.541311 0.434808 0.073708 
141253758052380 0.703323 -0.540175 0.457093 0.067913 
141253777928422 0.705901 -0.537270 0.459986 0.038168 
141253797804464 0.702384 -0.536957 0.467208 0.007161 
141253817680505 -0.696904 0.536831 -0.475273 0.015903 
141253837556547 -0.690117 0.541031 -0.479399 0.034650 
141253857432589 -0.680142 0.549707 -0.482173 0.052283 
141253877308630 -0.670732 0.557953 -0.484013 0.067362 
141253897184672 -0.664942 0.560819 -0.487854 0.073027 
141253917060714 -0.658024 0.560066 -0.499564 0.061357 
141253936936755 -0.657100 0.554139 -0.509737 0.036296 
141253956813682 -0.661510 0.551389 -0.507982 0.018154 
141253976690766 -0.664711 0.553322 -0.501883 0.010393 
141253996567849 -0.666404 0.554930 -0.497943 0.003214 
141254016444932 0.666143 -0.558884 0.493808 0.007478 
141254036322016 0.666505 -0.563808 0.487382 0.018730 
141254056199099 0.671344 -0.567385 0.476275 0.023096 
141254076076182 0.678844 -0.569842 0.462528 0.022781 
141254095953266 0.686601 -0.571920 0.448264 0.023375 
141254115830349 0.692905 -0.573498 0.436073 0.028694 
141254135707432 0.697912 -0.574799 0.425391 0.039599 
141254155584516 0.704076 -0.575652 0.412239 0.054424 
141254175461599 0.712917 -0.574021 0.396648 0.070120 
141254195338682 0.724329 -0.571041 0.377412 0.082590 
141254215215766 0.736651 -0.567846 0.355457 0.092456 
141254235092485 0.748974 -0.563458 0.333163 0.102740 
141254254968526 0.761718 -0.557785 0.310114 0.111767 
141254274844568 0.774534 -0.551475 0.286356 0.118216 
141254294720610 0.785965 -0.545048 0.264075 0.124281 
141254314596651 0.795587 -0.538366 0.245208 0.130682 
141254334472693 0.803718 -0.531889 0.228898 0.136883 
141254354348735 0.810218 -0.525587 0.217215 0.141851 
141254374224776 0.814010 -0.521041 0.212230 0.144439 
141254394100818 0.814439 -0.519631 0.213404 0.145365 
141254413976860 0.812045 -0.520522 0.220745 0.144606 
141254433852901 0.805741 -0.524110 0.236261 0.142372 
141254453728943 0.797144 -0.528900 0.256797 0.137405 
141254473604985 0.787883 -0.532475 0.280411 0.130687 
141254493481026 0.777215 -0.536678 0.304009 0.124468 
141254513357068 0.766655 -0.541072 0.325219 0.117109 
141254533233110 0.756311 -0.545378 0.344495 0.108989 
141254553109151 0.747004 -0.549338 0.361423 0.097913 
141254572985193 0.737434 -0.552768 0.378899 0.084106 
141254592861235 0.727962 -0.556526 0.394601 0.068139 
141254612737276 0.719775 -0.559419 0.408024 0.049905 
141254632613318 0.712500 -0.560884 0.420442 0.031315 
141254652489360 0.705091 -0.561624 0.432718 0.013433 
141254672365401 -0.697407 0.561217 -0.445703 0.002897 
141254692241443 -0.690128 0.559166 -0.459096 0.016951 
141254712117485 -0.684323 0.555224 -0.471798 0.028881 
141254731993526 -0.680757 0.550686 -0.481392 0.039711 
141254751869568 -0.680114 0.546709 -0.485904 0.049506 
141254771745610 -0.681365 0.543796 -0.486694 0.056165 
141254791621651 -0.682600 0.542336 -0.486426 0.057580 
141254811497693 -0.682901 0.542319 -0.486527 0.053145 
141254831373735 -0.682512 0.542961 -0.487206 0.044731 
141254851249776 -0.683481 0.544027 -0.485502 0.034301 
141254871125818 -0.686071 0.545649 -0.480692 0.022555 
141254891001860 -0.688735 0.546930 -0.475833 0.009674 
141254910877901 0.691477 -0.547592 0.471154 0.004176 
141254930753943 0.695729 -0.548634 0.463327 0.017018 
141254950629985 0.701060 -0.549331 0.453744 0.029451 
141254970506026 0.708545 -0.548057 0.442518 0.042130 
141254990382068 0.717929 -0.545339 0.429015 0.056019 
141255010258110 0.727698 -0.542178 0.414172 0.070402 
141255030134151 0.738268 -0.539399 0.396494 0.082463 
141255050010193 0.748962 -0.537603 0.376178 0.092359 
141255069886235 0.759436 -0.537259 0.352950 0.100178 
141255089762276 0.769944 -0.536807 0.328287 0.106096 
141255109638318 0.778147 -0.535845 0.307533 0.113047 
141255129514360 0.784343 -0.533723 0.291702 0.121872 
141255149390401 0.790355 -0.530545 0.277101 0.130675 
141255169266443 0.795627 -0.526966 0.266091 0.135936 
141255189142485 0.799319 -0.525686 0.258762 0.133361 
141255209018526 0.799563 -0.528416 0.255125 0.128021 
141255228894568 0.796892 -0.531682 0.259021 0.123225 
141255248770610 0.793113 -0.533728 0.268739 0.117834 
141255268646651 0.787491 -0.535522 0.283191 0.113481 
141255288522693 0.781461 -0.535673 0.300752 0.109193 
141255308398735 0.774130 -0.535442 0.320860 0.105222 
141255328274776 0.765944 -0.535369 0.341285 0.101165 
141255348150818 0.756679 -0.536036 0.361614 0.096634 
141255368026860 0.746729 -0.537275 0.381627 0.089964 
141255387902901 0.735867 -0.539450 0.401209 0.080788 
141255407778943 0.725283 -0.541581 0.419648 0.067459 
141255427654985 0.715050 -0.542407 0.438073 0.050918 
141255447531026 0.705276 -0.541487 0.456307 0.034088 
141255467407953 0.696411 -0.539931 0.472432 0.017163 
141255487285037 0.689588 -0.537644 0.485187 0.001046 
141255507162120 -0.684851 0.534756 -0.494777 0.014515 
141255527039203 -0.681302 0.532009 -0.502005 0.028023 
141255546916287 -0.677274 0.530532 -0.508464 0.036056 
141255566793370 -0.673344 0.529800 -0.514186 0.039159 
141255586670453 -0.672466 0.530587 -0.514563 0.038636 
141255606547537 -0.674356 0.532960 -0.509859 0.035231 
141255626424620 -0.675637 0.536226 -0.505190 0.027564 
141255646301703 -0.677153 0.540170 -0.499310 0.019218 
141255666178787 -0.679716 0.543857 -0.491978 0.012775 
141255686055870 -0.684268 0.547539 -0.481600 0.006207 
141255705932953 0.687460 -0.551305 0.472705 0.003540 
141255725810037 0.688891 -0.554831 0.466169 0.016681 
141255745687120 0.692047 -0.557787 0.457232 0.029713 
141255765564203 0.696735 -0.560608 0.445649 0.040934 
141255785440401 0.701439 -0.563320 0.433478 0.052502 
141255805316443 0.707518 -0.564723 0.419817 0.065302 
141255825192485 0.715634 -0.564032 0.404326 0.079107 
141255845068526 0.724060 -0.563017 0.387279 0.093620 
141255864944568 0.733178 -0.562697 0.367271 0.104557 
141255884820610 0.743231 -0.562693 0.344341 0.111424 
141255904696651 0.752657 -0.562727 0.320864 0.117869 
141255924572693 0.761198 -0.561619 0.299583 0.124154 
141255944448735 0.768247 -0.559449 0.281788 0.131943 
141255964324776 0.774904 -0.556235 0.266217 0.138762 
141255984200818 0.780424 -0.552922 0.254028 0.143824 
141256004076860 0.785072 -0.550831 0.242736 0.146035 
141256023952901 0.788511 -0.548558 0.235385 0.148085 
141256043828943 0.789666 -0.546521 0.234455 0.150906 
141256063704985 0.789319 -0.545055 0.238422 0.151807 
141256083581026 0.786310 -0.544976 0.249024 0.150680 
141256103457068 0.780476 -0.546539 0.265056 0.147981 
141256123333110 0.772486 -0.548776 0.284906 0.144697 
141256143209151 0.763314 -0.551551 0.306357 0.138887 
141256163085193 0.753157 -0.554718 0.328159 0.131729 
141256182961235 0.742290 -0.557483 0.350403 0.124241 
141256202837276 0.731199 -0.559892 0.372343 0.115016 
141256222713318 0.721449 -0.562640 0.390652 0.101682 
141256242589360 0.712814 -0.565510 0.405831 0.085994 
141256262465401 0.704486 -0.567638 0.420114 0.070616 
141256282341443 0.695880 -0.568356 0.435454 0.055701 
141256302217485 0.688125 -0.567505 0.450175 0.042001 
141256322093526 0.680887 -0.565642 0.464164 0.031525 
141256341969568 0.674381 -0.562731 0.477461 0.023977 
141256361845610 0.669473 -0.559370 0.488537 0.015587 
141256381721651 0.668504 -0.557250 0.492508 0.003256 
141256401597693 -0.669114 0.556382 -0.492595 0.008690 
141256421473735 -0.668156 0.556388 -0.493780 0.013462 
141256441349776 -0.666092 0.557884 -0.495012 0.007082 
141256461225818 0.665410 -0.559750 0.493860 0.003521 
141256481101860 0.666460 -0.560133 0.491912 0.010238 
141256500977901 0.667637 -0.559971 0.490419 0.013528 
141256520853943 0.668640 -0.559890 0.489012 0.017632 
141256540729985 0.671468 -0.560553 0.484134 0.022933 
141256560606026 0.675901 -0.562231 0.475598 0.029336 
141256580482068 0.679234 -0.564621 0.467415 0.036980 
141256600358110 0.681684 -0.567414 0.459688 0.045103 
141256620234151 0.684216 -0.570679 0.450661 0.055464 
141256640110193 0.686916 -0.573123 0.441656 0.067933 
141256659986235 0.691444 -0.575250 0.429954 0.078304 
141256679862276 0.697607 -0.576683 0.416418 0.085890 
141256699738318 0.704805 -0.577673 0.400745 0.094583 
141256719614360 0.713586 -0.578251 0.381392 0.104697 
141256739490401 0.723571 -0.577852 0.359894 0.114049 
141256759366443 0.733995 -0.577681 0.335785 0.121591 
141256779242485 0.744711 -0.577248 0.310121 0.126561 
141256799118526 0.753921 -0.576300 0.286647 0.131585 
141256818994568 0.761717 -0.575116 0.265678 0.135803 
141256838870610 0.768362 -0.573442 0.248318 0.138283 
141256858746651 0.773587 -0.571297 0.235599 0.140268 
141256878623057 0.778008 -0.568626 0.226573 0.141537 
141256898500141 0.780505 -0.566321 0.223039 0.142638 
141256918377224 0.782014 -0.564367 0.223487 0.141413 
141256938254307 0.782174 -0.562758 0.228822 0.138373 
141256958131391 0.780724 -0.561840 0.238319 0.134205 
141256978008474 0.777623 -0.561893 0.250802 0.129135 
141256997885557 0.772645 -0.563103 0.266015 0.123172 
141257017762641 0.765881 -0.565441 0.283282 0.115995 
141257037639724 0.756784 -0.569247 0.302462 0.108424 
141257057516807 0.745743 -0.574765 0.321283 0.101450 
141257077393891 0.734866 -0.580747 0.336853 0.096105 
141257097270974 0.725981 -0.584589 0.349900 0.093686 
141257117148057 0.721744 -0.583877 0.359939 0.092830 
141257137025141 0.722116 -0.579233 0.366824 0.092076 
141257156902224 0.722596 -0.575034 0.372394 0.092280 
141257176779307 0.724041 -0.571529 0.374350 0.094766 
141257196656026 0.728074 -0.568195 0.370587 0.098629 
141257216532068 0.733989 -0.563553 0.364517 0.103893 
141257236408110 0.741072 -0.557943 0.357356 0.108672 
141257256284151 0.748664 -0.552807 0.348495 0.111606 
141257276160193 0.756460 -0.548730 0.337579 0.112712 
141257296036235 0.764370 -0.545631 0.324638 0.112397 
141257315912276 0.771276 -0.543484 0.311911 0.111677 
141257335788318 0.776886 -0.541612 0.301240 0.111184 
141257355664360 0.780534 -0.540301 0.294113 0.111080 
141257375540401 0.782083 -0.540115 0.290514 0.110567 
141257395416443 0.781882 -0.541363 0.289364 0.108895 
141257415292485 0.780160 -0.543704 0.290608 0.106228 
141257435168526 0.776574 -0.546520 0.295729 0.103894 
141257455044568 0.771766 -0.549425 0.303640 0.101563 
141257474920610 0.766716 -0.552028 0.312579 0.098524 
141257494796651 0.760606 -0.554612 0.323488 0.096115 
141257514672693 0.754551 -0.556836 0.334342 0.093838 
141257534548735 0.750186 -0.558035 0.342883 0.090823 
141257554424776 0.746921 -0.558269 0.350179 0.088445 
141257574300818 0.744041 -0.557949 0.356894 0.087880 
141257594176860 0.742097 -0.557331 0.361660 0.088747 
141257614052901 0.741314 -0.555861 0.364827 0.091495 
141257633928943 0.741862 -0.553319 0.366558 0.095477 
141257653804985 0.743713 -0.550256 0.366447 0.099125 
141257673681026 0.746345 -0.546708 0.365349 0.102965 
141257693557068 0.749381 -0.542975 0.363579 0.106846 
141257713433110 0.752889 -0.539447 0.360658 0.109915 
141257733309151 0.757380 -0.535850 0.356146 0.111349 
141257753185193 0.761361 -0.532747 0.352083 0.112022 
141257773061235 0.764387 -0.530300 0.349000 0.112660 
141257792937276 0.766922 -0.528592 0.346020 0.112659 
141257812813318 0.768912 -0.527932 0.342877 0.111791 
141257832689360 0.769659 -0.528258 0.340980 0.110916 
141257852565401 0.768728 -0.529937 0.340659 0.110354 
141257872441443 0.766877 -0.532533 0.341083 0.109402 
141257892317485 0.763808 -0.535802 0.343088 0.108635 
141257912193526 0.760093 -0.539526 0.345671 0.108077 
141257932069568 0.756519 -0.543326 0.347922 0.106889 
141257951945610 0.753303 -0.546619 0.350215 0.105318 
141257971821651 0.749785 -0.549707 0.353247 0.104216 
141257991697693 0.746816 -0.552823 0.354990 0.103119 
141258011573735 0.745213 -0.555460 0.354613 0.101830 
141258031449776 0.744508 -0.557575 0.353133 0.100569 
141258051325818 0.743930 -0.559440 0.351692 0.099532 
141258071201860 0.744015 -0.560998 0.349178 0.098980 
141258091077901 0.745024 -0.562241 0.344996 0.099002 
141258110953943 0.747002 -0.562826 0.339565 0.099562 
141258130829985 0.749744 -0.562368 0.333966 0.100460 
141258150706026 0.752434 -0.561378 0.329209 0.101596 
141258170582068 0.754566 -0.560382 0.325445 0.103380 
141258190458110 0.757144 -0.558865 0.321617 0.104714 
141258210334151 0.759476 -0.556850 0.319141 0.106130 
141258230210193 0.761557 -0.554267 0.318261 0.107386 
141258250086235 0.763058 -0.551910 0.318551 0.107998 
141258269962276 0.763729 -0.549720 0.320507 0.108643 
141258289838318 0.763225 -0.548044 0.324329 0.109300 
141258309714360 0.762200 -0.546643 0.329061 0.109318 
141258329590401 0.761241 -0.545095 0.334029 0.108671 
141258349466807 0.759766 -0.543694 0.339741 0.108293 
141258369343891 0.757591 -0.542763 0.345959 0.108523 
141258389220974 0.755147 -0.542323 0.351823 0.108894 
141258409098057 0.752872 -0.541909 0.357214 0.109165 
141258428975141 0.751067 -0.541460 0.361576 0.109468 
141258448852224 0.749887 -0.540795 0.365002 0.109476 
141258468729307 0.748650 -0.540214 0.368260 0.109887 
141258488606391 0.747989 -0.539799 0.369997 0.110593 
141258508483474 0.748546 -0.539383 0.369429 0.110758 
141258528360557 0.749074 -0.539157 0.368518 0.111320 
141258548237641 0.749964 -0.538894 0.366958 0.111760 
141258568114724 0.751760 -0.538658 0.363782 0.111214 
141258587991807 0.753563 -0.538727 0.360139 0.110528 
141258607868891 0.755254 -0.539144 0.356139 0.109912 
141258627745974 0.756861 -0.539971 0.351692 0.109116 
141258647623057 0.758185 -0.541068 0.347319 0.108496 
141258667499255 0.759221 -0.542358 0.343267 0.107714 
141258687375297 0.759857 -0.543687 0.339973 0.106968 
141258707251339 0.760240 -0.545240 0.336931 0.105937 
141258727127380 0.760815 -0.546608 0.333919 0.104299 
141258747003422 0.761048 -0.547588 0.332162 0.103067 
141258766879464 0.760452 -0.548631 0.331912 0.102720 
141258786755505 0.759899 -0.549360 0.332032 0.102515 
141258806631547 0.759221 -0.549636 0.333182 0.102338 
141258826507589 0.758517 -0.549601 0.334945 0.102000 
141258846383630 0.757650 -0.549581 0.337132 0.101348 
141258866259672 0.756639 -0.549597 0.339426 0.101139 
141258886135714 0.755703 -0.549375 0.341847 0.101191 
141258906011755 0.755273 -0.548637 0.344062 0.100891 
141258925887797 0.755015 -0.547753 0.346119 0.100594 
141258945763839 0.755111 -0.546941 0.347240 0.100431 
141258965639880 0.755803 -0.545902 0.347398 0.100335 
141258985515922 0.756916 -0.544693 0.346936 0.100127 
141259005391964 0.758035 -0.543473 0.346479 0.099858 
141259025268005 0.759202 -0.542195 0.345940 0.099805 
141259045144047 0.760415 -0.541153 0.344840 0.100038 
141259065020089 0.762012 -0.539926 0.343169 0.100269 
141259084896130 0.763505 -0.538655 0.341777 0.100490 
141259104772172 0.764607 -0.537570 0.340940 0.100752 
141259124648214 0.765605 -0.536621 0.340129 0.100996 
141259144524255 0.766360 -0.535488 0.339997 0.101725 
141259164400297 0.766589 -0.534493 0.340782 0.102598 
141259184276339 0.766588 -0.533740 0.341799 0.103127 
141259204152380 0.766463 -0.533068 0.343157 0.103039 
141259224028422 0.766586 -0.532195 0.344376 0.102562 
141259243904464 0.766137 -0.531702 0.346267 0.102124 
141259263780505 0.764875 -0.532142 0.348296 0.102374 
141259283656547 0.764253 -0.532530 0.349176 0.102019 
141259303532589 0.763618 -0.532877 0.350106 0.101753 
141259323408630 0.762892 -0.533088 0.351333 0.101869 
141259343284672 0.762380 -0.533531 0.351857 0.101594 
141259363160714 0.762503 -0.533630 0.351620 0.100962 
141259383036755 0.763121 -0.533541 0.350656 0.100097 
141259402912797 0.763448 -0.533770 0.349622 0.100009 
141259422788839 0.763803 -0.533824 0.348670 0.100320 
141259442664880 0.764388 -0.533493 0.347763 0.100782 
141259462540922 0.765048 -0.533163 0.346517 0.101801 
141259482416964 0.765331 -0.533093 0.345816 0.102425 
141259502293005 0.766190 -0.532713 0.344600 0.102088 
141259522169047 0.766712 -0.531868 0.344869 0.101653 
141259542045089 0.767163 -0.531468 0.344487 0.101637 
141259561921130 0.767355 -0.531143 0.344458 0.101978 
141259581797172 0.767680 -0.530450 0.344807 0.101982 
141259601673214 0.767650 -0.530131 0.345386 0.101901 
141259621549255 0.767904 -0.529923 0.345387 0.101057 
141259641425297 0.767623 -0.529981 0.346144 0.100284 
141259661301339 0.766349 -0.530500 0.348116 0.100473 
141259681177380 0.766044 -0.530427 0.349070 0.099876 
141259701053422 0.766150 -0.530016 0.349711 0.099003 
141259720929464 0.765874 -0.529576 0.351005 0.098908 
141259740805505 0.765964 -0.529354 0.351288 0.098395 
141259760681547 0.766301 -0.529118 0.351031 0.097936 
141259780557589 0.766767 -0.528822 0.350570 0.097549 
141259800433630 0.766874 -0.528765 0.350376 0.097709 
141259820309672 0.767151 -0.528573 0.350050 0.097761 
141259840185714 0.767611 -0.528341 0.349372 0.097825 
141259860061755 0.768241 -0.527720 0.348888 0.097956 
141259879937797 0.768491 -0.527196 0.349056 0.098219 
141259899813839 0.768968 -0.526571 0.348965 0.098162 
141259919689880 0.770041 -0.525446 0.348436 0.097650 
141259939565922 0.770745 -0.524217 0.348622 0.098030 
141259959441964 0.771384 -0.523153 0.348679 0.098482 
141259979318005 0.772280 -0.522030 0.348346 0.098620 
141259999194047 0.772803 -0.520946 0.348713 0.098945 
141260019070453 0.773466 -0.519974 0.348696 0.098930 
141260038947537 0.773730 -0.519098 0.349403 0.098980 
141260058824620 0.773732 -0.518457 0.350269 0.099256 
141260078701703 0.773686 -0.517838 0.351317 0.099160 
141260098578787 0.773946 -0.517089 0.351938 0.098822 
141260118455870 0.774331 -0.516390 0.352263 0.098308 
141260138332953 0.774006 -0.516256 0.353215 0.098148 
141260158210037 0.773799 -0.515939 0.354179 0.097987 
141260178087120 0.774444 -0.515198 0.354076 0.097148 
141260197964203 0.774209 -0.514818 0.355056 0.097469 
141260217841287 0.774055 -0.514207 0.356210 0.097689 
141260237718370 0.774659 -0.513671 0.355813 0.097181 
141260257595453 0.774943 -0.513184 0.355768 0.097654 
141260277472537 0.775285 -0.512618 0.355688 0.098200 
141260297349620 0.775719 -0.511790 0.355583 0.099454 
141260317225818 0.776184 -0.510928 0.355752 0.099665 
141260337101860 0.776817 -0.510117 0.355655 0.099229 
141260356977901 0.776888 -0.509580 0.355989 0.100210 
141260376853943 0.777024 -0.509310 0.355933 0.100744 
141260396729985 0.777141 -0.508858 0.356380 0.100548 
141260416606026 0.776907 -0.508539 0.357417 0.100292 
141260436482068 0.776740 -0.508229 0.358348 0.099820 
141260456358110 0.775649 -0.508330 0.360481 0.100116 
141260476234151 0.774963 -0.508327 0.361904 0.100307 
141260496110193 0.774826 -0.507979 0.362720 0.100178 
141260515986235 0.774639 -0.507249 0.364020 0.100608 
141260535862276 0.774393 -0.506823 0.365069 0.100862 
141260555738318 0.774375 -0.506399 0.365639 0.101054 
141260575614360 0.774640 -0.505675 0.366091 0.101006 
141260595490401 0.774511 -0.505040 0.367138 0.101365 
141260615366443 0.773745 -0.505025 0.368573 0.102086 
141260635242485 0.773432 -0.505195 0.368877 0.102509 
141260655118526 0.772365 -0.505991 0.369805 0.103298 
141260674994568 0.770582 -0.507348 0.371425 0.104143 
141260694870610 0.769348 -0.508722 0.372223 0.103698 
141260714746651 0.768022 -0.510317 0.372969 0.103031 
141260734622693 0.766409 -0.512250 0.373656 0.102932 
141260754498735 0.765096 -0.514245 0.373651 0.102802 
141260774374776 0.764358 -0.515931 0.373012 0.102142 
141260794250818 0.764045 -0.517348 0.371950 0.101193 
141260814126860 0.763764 -0.518887 0.370514 0.100689 
141260834002901 0.764014 -0.520204 0.368336 0.100002 
141260853878943 0.764019 -0.521476 0.366674 0.099443 
141260873754985 0.763712 -0.523193 0.364899 0.099308 
141260893631026 0.763861 -0.524991 0.362129 0.098826 
141260913507068 0.764342 -0.526237 0.359359 0.098582 
141260933383110 0.764451 -0.527335 0.357475 0.098705 
141260953259151 0.764064 -0.528880 0.356044 0.098604 
141260973135193 0.764166 -0.530238 0.353991 0.097924 
141260993011235 0.764605 -0.531221 0.351720 0.097361 
141261012887276 0.764535 -0.532071 0.350546 0.097479 
141261032763318 0.764383 -0.532623 0.350013 0.097581 
141261052639360 0.764544 -0.532945 0.349230 0.097373 
141261072515401 0.764992 -0.533063 0.348179 0.096960 
141261092391443 0.765311 -0.532824 0.347910 0.096730 
141261112267485 0.765628 -0.532144 0.348347 0.096381 
141261132143526 0.766192 -0.531171 0.348819 0.095565 
141261152019568 0.766704 -0.530051 0.349575 0.094893 
141261171895610 0.766707 -0.529243 0.350874 0.094625 
141261191771651 0.766958 -0.528509 0.351577 0.094067 
141261211647693 0.767103 -0.527749 0.352608 0.093288 
141261231523735 0.767124 -0.526847 0.354148 0.092377 
141261251399776 0.766659 -0.526297 0.356167 0.091605 
141261271275818 0.766258 -0.525999 0.357604 0.091083 
141261291151860 0.766454 -0.525318 0.358323 0.090512 
141261311027901 0.766636 -0.524503 0.359171 0.090346 
141261330903943 0.767062 -0.523520 0.359709 0.090273 
141261350779985 0.767673 -0.522567 0.359818 0.090184 
141261370656026 0.768015 -0.521666 0.360244 0.090765 
141261390532068 0.768593 -0.520718 0.360256 0.091294 
141261410408110 0.768906 -0.519651 0.360929 0.092059 
141261430284151 0.768973 -0.518699 0.361978 0.092756 
141261450160193 0.769133 -0.518225 0.362128 0.093483 
141261470036235 0.769151 -0.518005 0.362214 0.094224 
141261489912276 0.769033 -0.518066 0.362253 0.094712 
141261509788318 0.768825 -0.518271 0.362402 0.094716 
141261529664360 0.768317 -0.518792 0.362839 0.094294 
141261549540401 0.767950 -0.519081 0.363219 0.094241 
141261569416443 0.767264 -0.519740 0.363876 0.093640 
141261589292485 0.766755 -0.520478 0.363946 0.093449 
141261609168526 0.766321 -0.521079 0.363968 0.093576 
141261629044568 0.766158 -0.521589 0.363536 0.093757 
141261648920610 0.766007 -0.521948 0.363333 0.093747 
141261668796651 0.765659 -0.522476 0.363259 0.093952 
141261688672693 0.765358 -0.522997 0.363103 0.094119 
141261708548735 0.765676 -0.522905 0.362476 0.094451 
141261728424776 0.765656 -0.522555 0.362982 0.094621 
141261748300818 0.765709 -0.522220 0.363178 0.095282 
141261768176860 0.765896 -0.521787 0.363283 0.095739 
141261788052901 0.766542 -0.520908 0.363051 0.096241 
141261807928943 0.766413 -0.520488 0.363666 0.097208 
141261827804985 0.766088 -0.520547 0.364113 0.097791 
141261847681026 0.765692 -0.520501 0.364856 0.098356 
141261867557068 0.765519 -0.520304 0.365378 0.098806 
141261887433110 0.765238 -0.520512 0.365610 0.099029 
141261907309151 0.764836 -0.520645 0.366152 0.099428 
141261927185193 0.764547 -0.520887 0.366574 0.098839 
141261947061235 0.763946 -0.521369 0.367155 0.098774 
141261966937276 0.763692 -0.521678 0.367178 0.099025 
141261986813318 0.763270 -0.522098 0.367388 0.099302 
141262006689360 0.763102 -0.522339 0.367395 0.099284 
141262026565401 0.762890 -0.522749 0.367143 0.099701 
141262046441443 0.762758 -0.522992 0.367090 0.099621 
141262066317485 0.762584 -0.523357 0.366877 0.099816 
141262086193526 0.762106 -0.524144 0.366666 0.100125 
141262106069568 0.761805 -0.524755 0.366411 0.100132 
141262125945610 0.762085 -0.525066 0.365440 0.099919 
141262145821651 0.761863 -0.525517 0.365198 0.100149 
141262165697693 0.761728 -0.526393 0.364055 0.100731 
141262185573735 0.761999 -0.526953 0.362757 0.100418 
141262205449776 0.761782 -0.527643 0.362240 0.100310 
141262225326703 0.761527 -0.528443 0.361560 0.100503 
141262245203787 0.761012 -0.529601 0.361119 0.099881 
141262265080870 0.760546 -0.530675 0.360429 0.100227 
141262284957953 0.760413 -0.530886 0.360524 0.099784 
141262304835037 0.758349 -0.530801 0.364759 0.100541 
141262324712120 0.755842 -0.530495 0.369885 0.102291 
141262344589203 0.755114 -0.529425 0.372459 0.103859 
141262364466287 0.754416 -0.527881 0.375310 0.106489 
141262384343370 0.753748 -0.526204 0.377996 0.109969 
141262404220453 0.755954 -0.524719 0.375435 0.110692 
141262424097537 0.759024 -0.523958 0.370174 0.111015 
141262443974620 0.762473 -0.523879 0.362743 0.112263 
141262463851703 0.766021 -0.524062 0.354042 0.115003 
141262483728422 0.769254 -0.524202 0.345530 0.118615 
141262503604464 0.773479 -0.524181 0.334734 0.122144 
141262523480505 0.778204 -0.524110 0.322610 0.125021 
141262543356547 0.781781 -0.525056 0.311098 0.127882 
141262563232589 0.784200 -0.526693 0.300056 0.132634 
141262583108630 0.786173 -0.529304 0.288353 0.136461 
141262602984672 0.788564 -0.532137 0.276685 0.135799 
141262622860714 0.790121 -0.534008 0.268140 0.136542 
141262642736755 0.790852 -0.535237 0.263160 0.137186 
141262662612797 0.789661 -0.536176 0.264748 0.137333 
141262682488839 0.786121 -0.537755 0.272755 0.135788 
141262702364880 0.780509 -0.540536 0.285025 0.131861 
141262722240922 0.772644 -0.544910 0.300019 0.126818 
141262742116964 0.762812 -0.550301 0.317053 0.121505 
141262761993005 0.752010 -0.556041 0.334311 0.116338 
141262781869047 0.741704 -0.560589 0.351801 0.108869 
141262801745089 0.732348 -0.563276 0.370161 0.096780 
141262821621130 0.723353 -0.565467 0.387726 0.081740 
141262841497172 0.715883 -0.566710 0.402838 0.063826 
141262861373214 0.711344 -0.565247 0.415560 0.042364 
141262881249255 0.707589 -0.563161 0.426226 0.022334 
141262901125297 0.704696 -0.560062 0.435554 0.005108 
141262921001339 -0.700682 0.557306 -0.445377 0.009727 
141262940877380 -0.696289 0.554951 -0.454672 0.022018 
141262960753422 -0.692313 0.551944 -0.463682 0.032536 
141262980629464 -0.689325 0.549758 -0.470129 0.039697 
141263000505505 -0.688390 0.549439 -0.471311 0.045845 
141263020381547 -0.688961 0.550391 -0.469009 0.049330 
141263040257589 -0.689143 0.552256 -0.466833 0.046488 
141263060133630 -0.689188 0.553846 -0.465457 0.040312 
141263080009672 -0.689861 0.555220 -0.463331 0.033881 
141263099885714 -0.692060 0.556356 -0.459091 0.027503 
141263119761755 -0.695357 0.557114 -0.453526 0.020416 
141263139637797 -0.699706 0.557139 -0.447092 0.010810 
141263159513839 0.705109 -0.556410 0.439571 0.002678 
141263179389880 0.709769 -0.555251 0.433053 0.019747 
141263199265922 0.713468 -0.554744 0.426403 0.037449 
141263219141964 0.718100 -0.554946 0.416551 0.053464 
141263239018005 0.723680 -0.553744 0.406180 0.068328 
141263258894047 0.729653 -0.551517 0.396000 0.081367 
141263278770089 0.736833 -0.549104 0.383136 0.093629 
141263298646130 0.745336 -0.546333 0.366765 0.107132 
141263318522172 0.755972 -0.543306 0.345093 0.119306 
141263338398214 0.767249 -0.539675 0.321582 0.129095 
141263358274255 0.778012 -0.535029 0.299070 0.137832 
141263378150297 0.787858 -0.529899 0.278566 0.144527 
141263398026339 0.796632 -0.525363 0.260841 0.146062 
141263417902380 0.804009 -0.521244 0.247171 0.144155 
141263437778422 0.808991 -0.517964 0.239313 0.141336 
141263457654464 0.811254 -0.516056 0.236979 0.139260 
141263477530505 0.810960 -0.515604 0.240008 0.137453 
141263497406547 0.808497 -0.516877 0.247723 0.133433 
141263517282589 0.803761 -0.519600 0.260118 0.127760 
141263537158630 0.796779 -0.523613 0.276526 0.120446 
141263557034672 0.787217 -0.529496 0.295496 0.112265 
141263576910714 0.774912 -0.538218 0.314550 0.104354 
141263596786755 0.762139 -0.548723 0.329539 0.097203 
141263616662797 0.753871 -0.556527 0.337043 0.091419 
141263636538839 0.753043 -0.555829 0.340565 0.089404 
141263656414880 0.754983 -0.550201 0.345370 0.089435 
141263676290922 0.755909 -0.547159 0.347916 0.090400 
141263696166964 0.759642 -0.543676 0.344552 0.092979 
141263716043005 0.767589 -0.537270 0.335790 0.096923 
141263735919047 0.777424 -0.528838 0.324711 0.102496 
141263755795089 0.786586 -0.520100 0.314087 0.110128 
141263775671130 0.796424 -0.511685 0.300805 0.115782 
141263795547172 0.807143 -0.504535 0.282986 0.117839 
141263815423214 0.817270 -0.498451 0.264088 0.117785 
141263835299255 0.824983 -0.493671 0.248749 0.117541 
141263855175297 0.829876 -0.490335 0.238948 0.117395 
141263875051339 0.832047 -0.488624 0.234905 0.117315 
141263894927380 0.831536 -0.488958 0.237053 0.115210 
141263914803422 0.826905 -0.492810 0.247154 0.110820 
141263934679464 0.819057 -0.499216 0.262672 0.104566 
141263954555505 0.808277 -0.507403 0.281100 0.101054 
141263974431547 0.796862 -0.514934 0.298941 0.102411 
141263994307589 0.788688 -0.519024 0.313585 0.101244 
141264014183630 0.781357 -0.522462 0.328331 0.093355 
141264034059672 0.773747 -0.526600 0.341170 0.087238 
141264053935714 0.767276 -0.529850 0.350956 0.085869 
141264073811755 0.763741 -0.529542 0.358345 0.088727 
141264093687797 0.762746 -0.526033 0.364173 0.094264 
141264113563839 0.764707 -0.519884 0.367294 0.100191 
141264133439880 0.769391 -0.511473 0.367717 0.105912 
141264153315922 0.776443 -0.502256 0.364403 0.109930 
141264173191964 0.785418 -0.493653 0.356315 0.111648 
141264193068005 0.794067 -0.486319 0.346486 0.113576 
141264212944047 0.801533 -0.480105 0.336454 0.117663 
141264232820089 0.808790 -0.474256 0.325514 0.122400 
141264252696130 0.817458 -0.468196 0.311034 0.125749 
141264272572172 0.826685 -0.462842 0.293914 0.126431 
141264292448214 0.833390 -0.461368 0.277416 0.125065 
141264312324255 0.834927 -0.464666 0.266534 0.126260 
141264332200297 0.833548 -0.470361 0.260071 0.127758 
141264352076339 0.830332 -0.476769 0.258014 0.129109 
141264371952380 0.825659 -0.481734 0.262793 0.130991 
141264391828422 0.819980 -0.485654 0.272740 0.131851 
141264411704464 0.812775 -0.489449 0.287585 0.130891 
141264431580505 0.804132 -0.494320 0.305063 0.126310 
141264451456547 0.793140 -0.501595 0.324122 0.119487 
141264471332589 0.779982 -0.511070 0.343200 0.112475 
141264491208630 0.767623 -0.521069 0.357146 0.108110 
141264511084672 0.759434 -0.526393 0.366680 0.108231 
141264530960714 0.755572 -0.529155 0.371207 0.106356 
141264550836755 0.752789 -0.532160 0.373141 0.104319 
141264570712797 0.750980 -0.534262 0.373821 0.104164 
141264590588839 0.752338 -0.534559 0.370156 0.105911 
141264610464880 0.756458 -0.532311 0.363897 0.109518 
141264630340922 0.761224 -0.527867 0.358375 0.116019 
141264650216964 0.766879 -0.522447 0.352140 0.122252 
141264670093005 0.773591 -0.516901 0.343880 0.126954 
141264689969047 0.780956 -0.511696 0.333869 0.129647 
141264709845089 0.788325 -0.506973 0.323295 0.130386 
141264729721130 0.794078 -0.503205 0.314806 0.130845 
141264749597172 0.798236 -0.500594 0.308463 0.130672 
141264769474099 0.800325 -0.499836 0.304659 0.129720 
141264789351182 0.800012 -0.500718 0.304461 0.128714 
141264809228266 0.797248 -0.503229 0.308102 0.127390 
141264829105349 0.792370 -0.507336 0.314508 0.125871 
141264848982432 0.785756 -0.513139 0.322418 0.123788 
141264868859516 0.777854 -0.519971 0.331469 0.121253 
141264888736599 0.769784 -0.526728 0.340537 0.118424 
141264908613682 0.762512 -0.532254 0.349124 0.115729 
141264928490766 0.756849 -0.536452 0.355952 0.112670 
141264948366807 0.752489 -0.539989 0.360772 0.109623 
141264968242849 0.749399 -0.543105 0.363211 0.107323 
141264988118891 0.748088 -0.544597 0.363907 0.106546 
141265007994932 0.749203 -0.543550 0.363096 0.106815 
141265027870974 0.751944 -0.540262 0.361826 0.108544 
141265047747016 0.755914 -0.535872 0.359247 0.111243 
141265067623057 0.761335 -0.531282 0.353570 0.114445 
141265087499099 0.768037 -0.526656 0.344813 0.117711 
141265107375141 0.775359 -0.521705 0.334681 0.120958 
141265127251182 0.782329 -0.517008 0.324274 0.124535 
141265147127224 0.789747 -0.512758 0.312322 0.125840 
141265167003266 0.796433 -0.509530 0.300285 0.126103 
141265186879307 0.801502 -0.507307 0.290304 0.126322 
141265206755349 0.805160 -0.505887 0.282559 0.126318 
141265226631391 0.807214 -0.505405 0.277481 0.126389 
141265246507432 0.808398 -0.505697 0.274251 0.124706 
141265266383474 0.807387 -0.507383 0.275084 0.122556 
141265286259516 0.804304 -0.510242 0.279927 0.119964 
141265306135557 0.799323 -0.514177 0.288297 0.116577 
141265326011599 0.792801 -0.519111 0.298775 0.112804 
141265345887641 0.785685 -0.524587 0.309334 0.108719 
141265365763682 0.779222 -0.529670 0.318468 0.104119 
141265385639724 0.774071 -0.533370 0.326002 0.100266 
141265405515766 0.769979 -0.535637 0.333037 0.096497 
141265425391807 0.766361 -0.537337 0.339622 0.092825 
141265445267849 0.763832 -0.538057 0.344772 0.090487 
141265465143891 0.763577 -0.536634 0.347738 0.089737 
141265485019932 0.765343 -0.532693 0.349627 0.090824 
141265504895974 0.769037 -0.526988 0.349513 0.093308 
141265524772016 0.774503 -0.520681 0.345809 0.097217 
141265544648057 0.781338 -0.514257 0.338702 0.101640 
141265564524099 0.788520 -0.507900 0.330055 0.106483 
141265584400141 0.796026 -0.501333 0.320554 0.110689 
141265604276182 0.803948 -0.495163 0.309318 0.113158 
141265624152224 0.811211 -0.490089 0.297608 0.114805 
141265644028266 0.816595 -0.486415 0.288189 0.116276 
141265663904307 0.819949 -0.484268 0.281979 0.116864 
141265683780349 0.820975 -0.483930 0.279519 0.116962 
141265703656391 0.819593 -0.485424 0.280919 0.117118 
141265723532432 0.816130 -0.488497 0.285917 0.116426 
141265743408474 0.810756 -0.493045 0.294003 0.114639 
141265763285974 0.803243 -0.499328 0.304972 0.111644 
141265783162328 0.793786 -0.507424 0.317424 0.108008 
141265803038370 0.783826 -0.516086 0.329170 0.104499 
141265822914412 0.776226 -0.522739 0.337504 0.101525 
141265842790453 0.771821 -0.525699 0.343591 0.099381 
141265862666495 0.768163 -0.527119 0.350303 0.096755 
141265882542537 0.764630 -0.528939 0.355871 0.094443 
141265902418578 0.763025 -0.530235 0.357483 0.094079 
141265922294620 0.764413 -0.529518 0.355156 0.095639 
141265942170662 0.768307 -0.526031 0.351035 0.098846 
141265962046703 0.774048 -0.520797 0.345172 0.102355 
141265981922745 0.780773 -0.515266 0.337192 0.105809 
141266001798787 0.788043 -0.510054 0.326856 0.109543 
141266021674828 0.795960 -0.504510 0.314694 0.113511 
141266041550870 0.803795 -0.498804 0.302251 0.117270 
141266061426912 0.810316 -0.493782 0.291650 0.120453 
141266081302953 0.815503 -0.489563 0.283342 0.122476 
141266101178995 0.819095 -0.486659 0.277601 0.123228 
141266121055037 0.820791 -0.485373 0.274775 0.123345 
141266140931078 0.820106 -0.485612 0.276405 0.123313 
141266160807120 0.817234 -0.487108 0.282539 0.122588 
141266180683162 0.811857 -0.490325 0.292946 0.121050 
141266200559203 0.804332 -0.495425 0.305843 0.118600 
141266220435245 0.795557 -0.502003 0.319133 0.115045 
141266240311287 0.786453 -0.508993 0.331833 0.110925 
141266260187328 0.778592 -0.514842 0.342398 0.107220 
141266280063370 0.772837 -0.518050 0.351453 0.104066 
141266299939412 0.768186 -0.519626 0.359990 0.101427 
141266319815453 0.764393 -0.521309 0.366263 0.098943 
141266339691495 0.762032 -0.523186 0.368952 0.097245 
141266359567537 0.761287 -0.523929 0.369128 0.098410 
141266379443578 0.762527 -0.521944 0.368702 0.100926 
141266399319620 0.764883 -0.518033 0.368445 0.104138 
141266419195662 0.767783 -0.513881 0.367050 0.108209 
141266439071703 0.771305 -0.510395 0.363409 0.111893 
141266458947745 0.774252 -0.507671 0.359809 0.115506 
141266478823787 0.775589 -0.505167 0.359176 0.119424 
141266498699828 0.775870 -0.502604 0.361283 0.122019 
141266518575870 0.774573 -0.500411 0.366552 0.123554 
141266538451912 0.772678 -0.499215 0.371921 0.124207 
141266558327953 0.772418 -0.500037 0.371558 0.123606 
141266578203995 0.773799 -0.501030 0.366378 0.126370 
141266598080037 0.777012 -0.499594 0.359719 0.131378 
141266617956078 0.782722 -0.497513 0.348735 0.134942 
141266637832120 0.789963 -0.495647 0.333601 0.137852 
141266657708162 0.796266 -0.494462 0.318651 0.141173 
141266677584203 0.800966 -0.494312 0.305247 0.144678 
141266697460245 0.804361 -0.494681 0.293963 0.147923 
141266717336287 0.805309 -0.496462 0.285996 0.152348 
141266737212328 0.803921 -0.499056 0.282869 0.156971 
141266757088370 0.800483 -0.501425 0.285809 0.161597 
141266776964412 0.795354 -0.502921 0.294967 0.165762 
141266796840453 0.789158 -0.505328 0.306028 0.167987 
141266816716495 0.781949 -0.507961 0.319729 0.168235 
141266836592537 0.773179 -0.512145 0.334949 0.166467 
141266856468578 0.763705 -0.517561 0.350354 0.161668 
141266876344620 0.754209 -0.523184 0.366620 0.151778 
141266896220662 0.745325 -0.530085 0.380423 0.137040 
141266916096703 0.737584 -0.536123 0.392993 0.118739 
141266935972745 0.730455 -0.541144 0.404685 0.099134 
141266955848787 0.725102 -0.544436 0.414336 0.078367 
141266975724828 0.720964 -0.545857 0.423063 0.057177 
141266995600870 0.717202 -0.546514 0.430762 0.037254 
141267015476912 0.713978 -0.545554 0.438468 0.018733 
141267035352953 0.710019 -0.544552 0.446458 0.003525 
141267055228995 -0.705309 0.543384 -0.455196 0.008366 
141267075105037 -0.701145 0.541676 -0.463334 0.017482 
141267094981078 -0.697789 0.540052 -0.469963 0.023853 
141267114857120 -0.695630 0.538868 -0.474226 0.028808 
141267134733162 -0.694817 0.538231 -0.475930 0.032055 
141267154609203 -0.694708 0.538217 -0.476147 0.031438 
141267174485245 -0.694122 0.538916 -0.476541 0.025957 
141267194361287 -0.693858 0.539556 -0.476550 0.018432 
141267214237328 -0.695316 0.539904 -0.474289 0.009456 
141267234113370 0.697306 -0.540170 0.471143 0.002291 
141267253989412 0.699089 -0.539989 0.468431 0.016063 
141267273865453 0.701495 -0.539275 0.464884 0.031153 
141267293741495 0.704119 -0.538128 0.460894 0.047015 
141267313617537 0.706688 -0.536874 0.456442 0.063394 
141267333493578 0.709607 -0.535483 0.450835 0.080396 
141267353369620 0.712865 -0.532637 0.445406 0.098656 
141267373245662 0.717806 -0.528330 0.438129 0.116890 
141267393121703 0.725184 -0.523225 0.427363 0.133051 
141267412997745 0.733626 -0.518407 0.414275 0.146363 
141267432873787 0.742617 -0.514119 0.399248 0.157490 
141267452749828 0.752896 -0.510266 0.381234 0.165644 
141267472625870 0.766774 -0.507975 0.355422 0.166416 
141267492501912 0.779917 -0.505557 0.330073 0.164905 
141267512377953 0.788927 -0.503230 0.310504 0.167153 
141267532253995 0.795556 -0.502023 0.293724 0.169673 
141267552130037 0.799089 -0.502398 0.282441 0.171116 
141267572006078 0.799770 -0.504520 0.276036 0.172136 
141267591882120 0.798172 -0.508033 0.273429 0.173377 
141267611758162 0.794203 -0.512909 0.275961 0.173238 
141267631634203 0.788727 -0.517977 0.283891 0.170344 
141267651510245 0.780977 -0.523567 0.297262 0.166092 
141267671386287 0.770998 -0.530020 0.313895 0.161589 
141267691262328 0.760862 -0.536316 0.330866 0.154857 
141267711138370 0.750808 -0.542551 0.346839 0.147068 
141267731014412 0.741931 -0.547664 0.361890 0.136522 
141267750890453 0.733702 -0.552473 0.376204 0.122167 
141267770766495 0.726469 -0.556956 0.388757 0.104455 
141267790642537 0.720792 -0.559617 0.400340 0.083757 
141267810518578 0.716513 -0.561736 0.409204 0.060121 
141267830394620 0.712902 -0.563402 0.416100 0.034796 
141267850270662 0.709918 -0.563283 0.422612 0.011290 
141267870146703 -0.706876 0.561310 -0.430352 0.007387 
141267890022745 -0.702128 0.558682 -0.440972 0.020844 
141267909898787 -0.697032 0.555863 -0.451838 0.031702 
141267929774828 -0.693530 0.553870 -0.458862 0.041106 
141267949650870 -0.692224 0.553021 -0.461160 0.048224 
141267969526912 -0.693194 0.552503 -0.459828 0.052738 
141267989402953 -0.694667 0.552018 -0.458161 0.052936 
141268009278995 -0.695449 0.551601 -0.457910 0.049050 
141268029155037 -0.696614 0.551248 -0.457239 0.042277 
141268049031078 -0.699111 0.550783 -0.454743 0.033021 
141268068907120 -0.702382 0.550239 -0.451057 0.021080 
141268088783162 -0.706164 0.549311 -0.446705 0.006731 
141268108659203 0.710139 -0.548051 0.441867 0.009806 
141268128535245 0.715083 -0.547068 0.434422 0.025530 
141268148411287 0.720304 -0.546229 0.425587 0.040886 
141268168287328 0.725460 -0.544108 0.417587 0.057261 
141268188163370 0.732379 -0.539753 0.408261 0.074893 
141268208039412 0.741176 -0.534327 0.396088 0.090935 
141268227915453 0.751561 -0.529193 0.380261 0.102525 
141268247791495 0.762672 -0.525314 0.360705 0.110766 
141268267667537 0.773551 -0.523046 0.338152 0.117031 
141268287543578 0.783760 -0.521679 0.313809 0.122867 
141268307419620 0.793811 -0.518977 0.289593 0.129086 
141268327295662 0.803245 -0.514916 0.268247 0.133046 
141268347171703 0.811348 -0.511190 0.251466 0.131007 
141268367047745 0.816679 -0.509337 0.241250 0.124131 
141268386923787 0.818222 -0.508794 0.240296 0.117896 
141268406799828 0.816125 -0.509646 0.248306 0.112001 
141268426675870 0.811358 -0.511957 0.261946 0.104799 
141268446551912 0.804073 -0.515683 0.279688 0.096493 
141268466427953 0.794503 -0.520243 0.300720 0.087631 
141268486303995 0.783250 -0.525551 0.322497 0.079471 
141268506180037 0.772227 -0.531598 0.340209 0.072963 
141268526056078 0.765091 -0.536059 0.350267 0.067757 
141268545932120 0.764002 -0.534411 0.355669 0.064843 
141268565808162 0.765417 -0.528104 0.361830 0.065746 
141268585684203 0.765927 -0.524128 0.366028 0.068307 
141268605560245 0.769795 -0.519650 0.363405 0.072888 
141268625436287 0.778454 -0.512198 0.354447 0.077648 
141268645312328 0.788221 -0.503628 0.343912 0.082402 
141268665188370 0.797749 -0.495492 0.332166 0.088036 
141268685064412 0.807321 -0.487986 0.318362 0.093532 
141268704940453 0.817714 -0.480442 0.301909 0.096804 
141268724816495 0.827277 -0.473827 0.285226 0.098732 
141268744692537 0.834274 -0.469132 0.271737 0.100309 
141268764568578 0.838734 -0.466861 0.261454 0.101027 
141268784444620 0.840607 -0.467178 0.254759 0.101118 
141268804320662 0.840409 -0.469151 0.252100 0.100273 
141268824196703 0.838118 -0.472258 0.254493 0.098810 
141268844072745 0.833849 -0.476294 0.261707 0.096682 
141268863948787 0.827317 -0.481437 0.273885 0.093546 
141268883824828 0.818568 -0.488405 0.288824 0.089379 
141268903700870 0.808137 -0.497152 0.304465 0.084001 
141268923576912 0.797446 -0.505960 0.319240 0.078557 
141268943452953 0.789627 -0.511619 0.330165 0.075637 
141268963328995 0.786198 -0.511469 0.338638 0.074918 
141268983205037 0.783487 -0.509990 0.347044 0.074947 
141269003081078 0.781389 -0.509233 0.352514 0.076434 
141269022957120 0.782549 -0.507358 0.351936 0.079673 
141269042833162 0.787149 -0.502452 0.347480 0.084855 
141269062709203 0.793135 -0.494395 0.343695 0.091579 
141269082585245 0.798167 -0.485456 0.342424 0.100043 
141269102461287 0.802284 -0.477095 0.341804 0.109043 
141269122337328 0.806382 -0.470285 0.339164 0.116391 
141269142213370 0.811704 -0.464490 0.333012 0.120365 
141269162089412 0.815971 -0.459731 0.328046 0.123396 
141269181965453 0.818189 -0.457304 0.325142 0.125385 
141269201841495 0.819037 -0.457495 0.322790 0.125231 
141269221717537 0.818943 -0.459584 0.320918 0.122984 
141269241593578 0.817828 -0.461946 0.321169 0.120884 
141269261469620 0.815767 -0.464008 0.324109 0.119053 
141269281345662 0.813023 -0.466411 0.328433 0.116566 
141269301221703 0.809921 -0.470690 0.331797 0.111308 
141269321097745 0.806276 -0.476102 0.335080 0.104721 
141269340973787 0.801562 -0.481365 0.340252 0.100079 
141269360849828 0.797505 -0.485880 0.344322 0.096694 
141269380725870 0.794235 -0.489714 0.347288 0.093595 
141269400601912 0.791694 -0.493065 0.349395 0.089622 
141269420477953 0.789512 -0.495873 0.351202 0.086262 
141269440353995 0.788180 -0.498888 0.350438 0.084134 
141269460230037 0.789001 -0.500864 0.346178 0.082305 
141269480106078 0.790897 -0.501887 0.341132 0.078886 
141269499982120 0.792572 -0.503399 0.335618 0.076033 
141269519858162 0.793078 -0.506367 0.330120 0.075112 
141269539734203 0.792898 -0.510750 0.323792 0.074893 
141269559610245 0.791993 -0.515641 0.318070 0.075460 
141269579486287 0.791195 -0.520506 0.312025 0.075658 
141269599362328 0.790803 -0.524966 0.305598 0.075168 
141269619238370 0.790027 -0.529207 0.300230 0.075210 
141269639114412 0.788526 -0.533219 0.296873 0.076001 
141269658990453 0.786986 -0.536426 0.295123 0.076165 
141269678866495 0.784974 -0.538669 0.296374 0.076260 
141269698742537 0.782826 -0.540422 0.298811 0.076406 
141269718618578 0.780736 -0.541426 0.302359 0.076726 
141269738494620 0.778916 -0.541799 0.306152 0.077550 
141269758370662 0.777905 -0.541148 0.309584 0.078615 
141269778246703 0.777349 -0.539936 0.312770 0.079807 
141269798122745 0.776419 -0.538935 0.316335 0.081599 
141269817998787 0.775045 -0.538200 0.320427 0.083520 
141269837874828 0.774279 -0.537212 0.323645 0.084569 
141269857750870 0.774539 -0.534505 0.327009 0.086357 
141269877626912 0.776713 -0.531076 0.326746 0.088948 
141269897502953 0.780019 -0.526660 0.324906 0.092928 
141269917378995 0.784336 -0.521195 0.320901 0.100970 
141269937255037 0.789542 -0.515413 0.313964 0.111352 
141269957131078 0.795740 -0.508498 0.305436 0.122213 
141269977007120 0.802428 -0.501008 0.296019 0.132174 
141269996883162 0.808436 -0.494260 0.286983 0.140631 
141270016759203 0.813964 -0.489765 0.276072 0.146213 
141270036635245 0.817355 -0.486977 0.268830 0.150050 
141270056511287 0.817640 -0.486418 0.267760 0.152208 
141270076387328 0.815490 -0.487017 0.273864 0.150956 
141270096263370 0.810733 -0.487989 0.288058 0.146978 
141270116139412 0.803242 -0.490012 0.306884 0.143215 
141270136015453 0.793958 -0.492216 0.328896 0.138498 
141270155891495 0.782611 -0.496254 0.351532 0.132954 
141270175767537 0.770892 -0.500096 0.373807 0.126085 
141270195643578 0.760831 -0.502376 0.394418 0.114850 
141270215520349 0.751570 -0.506998 0.409793 0.100815 
141270235397432 0.742879 -0.513354 0.421772 0.081884 
141270255274516 0.735321 -0.520568 0.429933 0.058896 
141270275151599 0.730565 -0.524839 0.435305 0.036454 
141270295028682 0.724982 -0.526019 0.444225 0.019238 
141270314905766 0.717866 -0.525576 0.456492 0.007321 
141270334782849 -0.712062 0.523627 -0.467728 0.003622 
141270354659932 -0.707617 0.520121 -0.478107 0.012900 
141270374537016 -0.704782 0.514877 -0.487672 0.018967 
141270394414099 -0.704695 0.509311 -0.493347 0.024818 
141270414291182 -0.706897 0.504188 -0.495158 0.030155 
141270434168266 -0.709432 0.499920 -0.495771 0.031564 
141270454045349 -0.711252 0.496592 -0.496679 0.028752 
141270473922224 -0.711444 0.495062 -0.498313 0.021105 
141270493798266 -0.710213 0.495054 -0.500408 0.010523 
141270513674307 0.710248 -0.495954 0.499577 0.000841 
141270533550349 0.711173 -0.497548 0.496474 0.013863 
141270553426391 0.712704 -0.498834 0.492371 0.028079 
141270573302432 0.715262 -0.499580 0.486849 0.042404 
141270593178474 0.719367 -0.499652 0.479195 0.056861 
141270613054516 0.725186 -0.497688 0.470287 0.072389 
141270632930557 0.731105 -0.493546 0.461966 0.092116 
141270652806599 0.737104 -0.487776 0.453585 0.114078 
141270672682641 0.745456 -0.482378 0.440714 0.131818 
141270692558682 0.757712 -0.478092 0.420709 0.142498 
141270712434724 0.772209 -0.474779 0.395275 0.148443 
141270732310766 0.784236 -0.473520 0.369635 0.155308 
141270752186807 0.792996 -0.474887 0.345551 0.161971 
141270772062849 0.797531 -0.476279 0.328704 0.170460 
141270791938891 0.799672 -0.478623 0.315266 0.179033 
141270811814932 0.802659 -0.481850 0.299968 0.183243 
141270831690974 0.804868 -0.485606 0.286463 0.185238 
141270851567016 0.804820 -0.488973 0.280453 0.185787 
141270871443057 0.802610 -0.491399 0.282751 0.185465 
141270891319099 0.798302 -0.493995 0.292117 0.182621 
141270911195141 0.792379 -0.497194 0.306160 0.176638 
141270931071182 0.784980 -0.499940 0.324439 0.169136 
141270950947224 0.775268 -0.503633 0.344746 0.162674 
141270970823266 0.763890 -0.508141 0.365921 0.156103 
141270990699307 0.752132 -0.513081 0.386513 0.147155 
141271010575349 0.741554 -0.518717 0.403625 0.134607 
141271030451391 0.732532 -0.524326 0.418271 0.116307 
141271050327432 0.724336 -0.530795 0.429647 0.094841 
141271070203474 0.718243 -0.535531 0.438303 0.072287 
141271090079516 0.713806 -0.538224 0.445284 0.050113 
141271109955557 0.709736 -0.540613 0.450642 0.030560 
141271129831599 0.706253 -0.540853 0.456632 0.013149 
141271149707641 -0.702021 0.540520 -0.463685 0.000946 
141271169583682 -0.697898 0.540103 -0.470247 0.009766 
141271189459724 -0.694572 0.540435 -0.474630 0.015003 
141271209335766 -0.693273 0.541709 -0.474990 0.017568 
141271229211807 -0.692573 0.543659 -0.473846 0.015734 
141271249087849 -0.691433 0.545682 -0.473370 0.008515 
141271268963891 0.691494 -0.548166 0.470478 0.001040 
141271288839932 0.693687 -0.549490 0.465573 0.010006 
141271308715974 0.697079 -0.549691 0.459989 0.018199 
141271328592016 0.699514 -0.549828 0.455534 0.029304 
141271348468057 0.701857 -0.550307 0.450284 0.042463 
141271368344099 0.705179 -0.551939 0.441647 0.055051 
141271388220141 0.710414 -0.553670 0.429359 0.066437 
141271408096182 0.716908 -0.553802 0.416042 0.079090 
141271427972224 0.724375 -0.552630 0.401529 0.093026 
141271447848266 0.733417 -0.551439 0.383049 0.106240 
141271467724307 0.744390 -0.550659 0.359302 0.116445 
141271487600349 0.756247 -0.549650 0.332886 0.123137 
141271507476391 0.767016 -0.548380 0.307504 0.128085 
141271527352432 0.776951 -0.547088 0.282655 0.130950 
141271547228474 0.785765 -0.545851 0.259009 0.132417 
141271567104516 0.793049 -0.544729 0.238633 0.131900 
141271586980557 0.799444 -0.542994 0.222337 0.128888 
141271606856599 0.804917 -0.540468 0.211226 0.124046 
141271626732641 0.808609 -0.538314 0.206165 0.117751 
141271646608682 0.810378 -0.536848 0.207143 0.110323 
141271666484724 0.809854 -0.536424 0.214635 0.101585 
141271686360766 0.806582 -0.537302 0.228383 0.092573 
141271706236807 0.800647 -0.539966 0.245824 0.083500 
141271726112849 0.792619 -0.544080 0.265092 0.073884 
141271745988891 0.783617 -0.549730 0.282090 0.064598 
141271765864932 0.774938 -0.555571 0.295519 0.059062 
141271785740974 0.768607 -0.559424 0.304951 0.057449 
141271805617016 0.766024 -0.559799 0.310270 0.059640 
141271825493057 0.765870 -0.557652 0.313707 0.063636 
141271845369099 0.768454 -0.553456 0.314057 0.067314 
141271865245141 0.772954 -0.548783 0.310437 0.070770 
141271885121182 0.778991 -0.543552 0.303566 0.074657 
141271904997224 0.786112 -0.537387 0.295074 0.078599 
141271924873266 0.793572 -0.530589 0.286209 0.082467 
141271944749307 0.800825 -0.523804 0.277426 0.085675 
141271964625349 0.807478 -0.517328 0.269323 0.088408 
141271984501391 0.812752 -0.511503 0.263406 0.091740 
141272004377432 0.816415 -0.506383 0.260799 0.094994 
141272024253474 0.818445 -0.502538 0.261145 0.096993 
141272044129516 0.818852 -0.500008 0.264429 0.097731 
141272064005557 0.817659 -0.498786 0.270461 0.097464 
141272083881599 0.814597 -0.499086 0.279367 0.096431 
141272103757641 0.809677 -0.500683 0.291049 0.095031 
141272123633682 0.802978 -0.503782 0.304424 0.093573 
141272143509724 0.795278 -0.508026 0.317823 0.091835 
141272163385766 0.786807 -0.512628 0.331661 0.090269 
141272183261807 0.778151 -0.516695 0.345850 0.088848 
141272203137849 0.770383 -0.519796 0.358605 0.087900 
141272223013891 0.764363 -0.521816 0.368221 0.088713 
141272242889932 0.761321 -0.522520 0.372897 0.091140 
141272262765974 0.760769 -0.522505 0.372878 0.095821 
141272282642016 0.763602 -0.521163 0.367702 0.100494 
141272302518057 0.769820 -0.519315 0.356298 0.103634 
141272322394099 0.778036 -0.518007 0.339232 0.106070 
141272342270141 0.786612 -0.517444 0.318493 0.109792 
141272362146182 0.795095 -0.516675 0.296433 0.114014 
141272382022224 0.802170 -0.517302 0.274036 0.117577 
141272401898266 0.807152 -0.519350 0.253428 0.120651 
141272421774307 0.810227 -0.521745 0.237456 0.122187 
141272441650349 0.810510 -0.525162 0.229255 0.121324 
141272461526391 0.809217 -0.529812 0.224518 0.118571 
141272481402432 0.806307 -0.534446 0.224906 0.116853 
141272501278474 0.801251 -0.538513 0.233238 0.116626 
141272521154516 0.794693 -0.542770 0.246297 0.114905 
141272541030557 0.787119 -0.547405 0.261720 0.110884 
141272560906599 0.777788 -0.553054 0.278904 0.106716 
141272580782641 0.766290 -0.560484 0.296252 0.104365 
141272600658682 0.756132 -0.567318 0.309597 0.102789 
141272620534724 0.748672 -0.571396 0.320515 0.101337 
141272640410766 0.744564 -0.572266 0.328362 0.101556 
141272660286807 0.743695 -0.571656 0.331479 0.101224 
141272680162849 0.745134 -0.570820 0.330148 0.099705 
141272700038891 0.748260 -0.568999 0.326280 0.099446 
141272719914932 0.752793 -0.566243 0.320223 0.100642 
141272739790974 0.758329 -0.562887 0.312327 0.102700 
141272759667016 0.765358 -0.559567 0.300486 0.104028 
141272779543057 0.774910 -0.555428 0.283047 0.104398 
141272799419099 0.786469 -0.550119 0.260765 0.104096 
141272819295141 0.796717 -0.545319 0.239000 0.103685 
141272839171912 0.803393 -0.542622 0.221418 0.105320 
141272859048995 0.807011 -0.541506 0.209573 0.107628 
141272878926078 0.807884 -0.542380 0.204632 0.106172 
141272898803162 0.806808 -0.545136 0.203861 0.101632 
141272918680245 0.804179 -0.547785 0.208832 0.098064 
141272938557328 0.800244 -0.549862 0.219433 0.095451 
141272958434412 0.794634 -0.551980 0.235348 0.092128 
141272978311495 0.787380 -0.555194 0.253499 0.086780 
141272998188578 0.778844 -0.560618 0.269573 0.080265 
141273018065662 0.771453 -0.565585 0.282074 0.073580 
141273037942745 0.766086 -0.568226 0.292620 0.067849 
141273057819828 0.761732 -0.569555 0.301864 0.065149 
141273077696912 0.757929 -0.571245 0.308501 0.063661 
141273097573995 0.756832 -0.571666 0.310718 0.062136 
141273117450349 0.758349 -0.570225 0.309349 0.063661 
141273137326391 0.762547 -0.566772 0.304345 0.068316 
141273157202432 0.769462 -0.561710 0.294996 0.073424 
141273177078474 0.778563 -0.555479 0.281357 0.078211 
141273196954516 0.788544 -0.548448 0.265459 0.083260 
141273216830557 0.798449 -0.541333 0.248171 0.088569 
141273236706599 0.807043 -0.534726 0.231896 0.094727 
141273256582641 0.814030 -0.529107 0.217685 0.100073 
141273276458682 0.818542 -0.524523 0.210036 0.103672 
141273296334724 0.820787 -0.521079 0.209753 0.103871 
141273316210766 0.821603 -0.518741 0.213811 0.100805 
141273336086807 0.819711 -0.517872 0.224077 0.098346 
141273355962849 0.814948 -0.518321 0.240645 0.096405 
141273375838891 0.807726 -0.520439 0.260879 0.093101 
141273395714932 0.798836 -0.524173 0.281495 0.088686 
141273415590974 0.789349 -0.529783 0.298296 0.085313 
141273435467016 0.781683 -0.534100 0.311357 0.082239 
141273455343057 0.776187 -0.535976 0.322074 0.080819 
141273475219099 0.771601 -0.537169 0.330859 0.081294 
141273495095141 0.768980 -0.538015 0.335831 0.080177 
141273514971182 0.768352 -0.538119 0.337492 0.078503 
141273534847224 0.769754 -0.536535 0.336656 0.079208 
141273554723266 0.773628 -0.533007 0.332637 0.082207 
141273574599307 0.780315 -0.528011 0.323801 0.086413 
141273594475349 0.788364 -0.522913 0.311119 0.090825 
141273614351391 0.797414 -0.518111 0.294413 0.094944 
141273634227432 0.807541 -0.513776 0.272655 0.097835 
141273654103474 0.816737 -0.510537 0.249202 0.100959 
141273673979516 0.821979 -0.509168 0.232522 0.105035 
141273693855557 0.822917 -0.509810 0.226134 0.108460 
141273713731599 0.821426 -0.511830 0.226770 0.108927 
141273733607641 0.817867 -0.514868 0.233527 0.107099 
141273753483682 0.812081 -0.518583 0.246679 0.103665 
141273773359724 0.804483 -0.522593 0.264487 0.098749 
141273793235766 0.794102 -0.528527 0.284892 0.094336 
141273813111807 0.782171 -0.537741 0.301347 0.090723 
141273832987849 0.772285 -0.546339 0.312707 0.085452 
141273852863891 0.763553 -0.552724 0.323807 0.081446 
141273872739932 0.756301 -0.557115 0.333346 0.080704 
141273892615974 0.750543 -0.560902 0.339837 0.081134 
141273912492016 0.747921 -0.562907 0.342225 0.081410 
141273932368057 0.748903 -0.562245 0.340844 0.082764 
141273952244099 0.752684 -0.559467 0.336360 0.085590 
141273972120141 0.758829 -0.555091 0.328766 0.089262 
141273991996182 0.766816 -0.550669 0.316824 0.091534 
141274011872224 0.775766 -0.547201 0.299834 0.094129 
141274031748266 0.785959 -0.543515 0.277824 0.098345 
141274051624307 0.795986 -0.539583 0.254496 0.102419 
141274071500349 0.802896 -0.537150 0.235590 0.106420 
141274091376391 0.805626 -0.536056 0.226207 0.111530 
141274111252432 0.805920 -0.535862 0.224076 0.114604 
141274131128474 0.805346 -0.536300 0.225500 0.113799 
141274151004516 0.803247 -0.537336 0.231502 0.111678 
141274170880557 0.798532 -0.538808 0.244838 0.109940 
141274190756599 0.790637 -0.541812 0.264515 0.106601 
141274210632641 0.780076 -0.547470 0.285668 0.100759 
141274230508682 0.766954 -0.556639 0.304768 0.095150 
141274250384724 0.754126 -0.566182 0.320100 0.090922 
141274270260766 0.744537 -0.571949 0.332660 0.088747 
141274290136807 0.738592 -0.572736 0.343993 0.090137 
141274310012849 0.735592 -0.571765 0.351483 0.091922 
141274329888891 0.735049 -0.572127 0.352070 0.091765 
141274349764932 0.737453 -0.572010 0.347037 0.092373 
141274369640974 0.742214 -0.570613 0.338293 0.095268 
141274389517016 0.748476 -0.567765 0.327841 0.099749 
141274409393057 0.755626 -0.564483 0.315416 0.104397 
141274429269099 0.764882 -0.561593 0.296796 0.107152 
141274449145141 0.775987 -0.558465 0.272371 0.108512 
141274469021182 0.786520 -0.555335 0.247426 0.108487 
141274488897224 0.793822 -0.553647 0.227006 0.108586 
141274508773266 0.797577 -0.553333 0.213583 0.109883 
141274528649307 0.798448 -0.554327 0.207816 0.109622 
141274548525349 0.797970 -0.556024 0.206897 0.106182 
141274568401391 0.795002 -0.558710 0.212663 0.102915 
141274588277432 0.789713 -0.562142 0.224498 0.099745 
141274608153474 0.782296 -0.566374 0.240847 0.096053 
141274628029516 0.772706 -0.571824 0.259841 0.091782 
141274647905557 0.761600 -0.578887 0.277735 0.087843 
141274667781599 0.752287 -0.584366 0.292262 0.084629 
141274687657641 0.746104 -0.586632 0.303756 0.083208 
141274707533682 0.742308 -0.586198 0.313559 0.083866 
141274727409724 0.739607 -0.585207 0.321675 0.083902 
141274747285766 0.739647 -0.583802 0.324343 0.083059 
141274767161807 0.742909 -0.581789 0.320474 0.083081 
141274787037849 0.747984 -0.579217 0.312940 0.084248 
141274806913891 0.754213 -0.575908 0.303294 0.086638 
141274826789932 0.761064 -0.572122 0.292235 0.089766 
141274846665974 0.768875 -0.568147 0.278127 0.093196 
141274866542016 0.777992 -0.563593 0.260357 0.096463 
141274886418057 0.786826 -0.558987 0.242534 0.098050 
141274906294099 0.793579 -0.555591 0.227162 0.099760 
141274926170141 0.797383 -0.553816 0.216803 0.102283 
141274946046182 0.798416 -0.553442 0.213322 0.103565 
141274965922224 0.797900 -0.553928 0.214639 0.102216 
141274985798266 0.796094 -0.554348 0.220953 0.100557 
141275005674307 0.792951 -0.554636 0.231951 0.099043 
141275025550349 0.788470 -0.555473 0.245708 0.096908 
141275045426391 0.783001 -0.557266 0.259944 0.093741 
141275065302432 0.776982 -0.560309 0.272621 0.089610 
141275085178474 0.771193 -0.563079 0.284316 0.085842 
141275105054516 0.765610 -0.565238 0.295381 0.084240 
141275124930557 0.759874 -0.567720 0.305306 0.084117 
141275144806599 0.755948 -0.569752 0.311359 0.083536 
141275164682641 0.755037 -0.570092 0.312993 0.083376 
141275184558682 0.756318 -0.569124 0.311483 0.084013 
141275204434724 0.758992 -0.567390 0.307862 0.084964 
141275224310766 0.763073 -0.565030 0.301738 0.086095 
141275244187537 0.768064 -0.562276 0.293526 0.088143 
141275264064620 0.773980 -0.559030 0.283330 0.090372 
141275283941703 0.780226 -0.555587 0.272033 0.092559 
141275303818787 0.786325 -0.552614 0.259557 0.094565 
141275323695870 0.791422 -0.550091 0.248316 0.096913 
141275343572953 0.795351 -0.547910 0.239598 0.099013 
141275363450037 0.798099 -0.545816 0.234510 0.100641 
141275383327120 0.799452 -0.544621 0.232604 0.100815 
141275403204203 0.799325 -0.544436 0.233954 0.099667 
141275423081287 0.797628 -0.545077 0.238873 0.098074 
141275442958370 0.794091 -0.546595 0.247612 0.096642 
141275462835453 0.789481 -0.548248 0.259150 0.094798 
141275482712537 0.783816 -0.550529 0.272073 0.092345 
141275502589620 0.778136 -0.553289 0.283386 0.089813 
141275522465974 0.773172 -0.555747 0.292599 0.087943 
141275542342016 0.769364 -0.557295 0.299822 0.087237 
141275562218057 0.766655 -0.558136 0.305087 0.087429 
141275582094099 0.765461 -0.558204 0.307633 0.088522 
141275601970141 0.766532 -0.556992 0.306461 0.090947 
141275621846182 0.769523 -0.554880 0.301816 0.094056 
141275641722224 0.773887 -0.552047 0.294774 0.097211 
141275661598266 0.778796 -0.548843 0.286728 0.100179 
141275681474307 0.784007 -0.545335 0.278185 0.102742 
141275701350349 0.789290 -0.541930 0.269085 0.104540 
141275721226391 0.794034 -0.539185 0.259782 0.106316 
141275741102432 0.798276 -0.536750 0.250925 0.108122 
141275760978474 0.801420 -0.534746 0.244373 0.109781 
141275780854516 0.803162 -0.533490 0.240690 0.111297 
141275800730557 0.803507 -0.533117 0.240070 0.111940 
141275820606599 0.802467 -0.533475 0.242946 0.111479 
141275840482641 0.799930 -0.534866 0.248927 0.109850 
141275860358682 0.795856 -0.536959 0.258304 0.107549 
141275880234724 0.790542 -0.539533 0.270269 0.104410 
141275900110766 0.784875 -0.542424 0.282187 0.100582 
141275919986807 0.779659 -0.545241 0.291848 0.098325 
141275939862849 0.776202 -0.546546 0.299132 0.096526 
141275959738891 0.773206 -0.546797 0.307049 0.094280 
141275979614932 0.769929 -0.547428 0.314614 0.092463 
141275999490974 0.767677 -0.547828 0.319359 0.092544 
141276019367016 0.767352 -0.546875 0.321218 0.094431 
141276039243057 0.769299 -0.543990 0.320732 0.096884 
141276059119099 0.773017 -0.539695 0.318220 0.099548 
141276078995141 0.777479 -0.535010 0.313982 0.103471 
141276098871182 0.783435 -0.529894 0.306722 0.106594 
141276118747224 0.789690 -0.525408 0.297436 0.108946 
141276138623266 0.795347 -0.521463 0.287806 0.112555 
141276158499307 0.800663 -0.517844 0.278087 0.115953 
141276178375349 0.805083 -0.515057 0.269199 0.118694 
141276198251391 0.808094 -0.513666 0.261786 0.120823 
141276218127432 0.809204 -0.513653 0.257491 0.122673 
141276238003474 0.807903 -0.515621 0.256666 0.124705 
141276257879516 0.805901 -0.518136 0.257621 0.125264 
141276277755557 0.802661 -0.521169 0.261728 0.124965 
141276297631599 0.797726 -0.525652 0.267843 0.124833 
141276317507641 0.792475 -0.530601 0.274428 0.123022 
141276337383682 0.786640 -0.536146 0.282090 0.119048 
141276357259724 0.780174 -0.542417 0.289828 0.114511 
141276377135766 0.773591 -0.548113 0.298375 0.110007 
141276397011807 0.767448 -0.552312 0.307487 0.106889 
141276416887849 0.762444 -0.553723 0.317608 0.105811 
141276436763891 0.758864 -0.552165 0.327300 0.110057 
141276456639932 0.759584 -0.547582 0.330315 0.118651 
141276476515974 0.764856 -0.541528 0.325417 0.125883 
141276496392016 0.773755 -0.536003 0.311837 0.129463 
141276516268057 0.783456 -0.530785 0.294674 0.132778 
141276536144099 0.790453 -0.526243 0.280145 0.140613 
141276556020141 0.795294 -0.523376 0.267025 0.149271 
141276575896182 0.800038 -0.522927 0.250590 0.153917 
141276595772224 0.804789 -0.521290 0.236955 0.156283 
141276615648266 0.807526 -0.518262 0.231614 0.160192 
141276635524307 0.808616 -0.515966 0.230612 0.163521 
141276655400349 0.808016 -0.513751 0.234203 0.168277 
141276675276391 0.806472 -0.513576 0.239849 0.168266 
141276695152432 0.804219 -0.515776 0.246867 0.162057 
141276715028474 0.799528 -0.519359 0.259201 0.154388 
141276734904516 0.792092 -0.524528 0.274587 0.148533 
141276754780557 0.783082 -0.530004 0.293496 0.140498 
141276774656599 0.772193 -0.536816 0.313222 0.132056 
141276794532641 0.761667 -0.544839 0.328434 0.123063 
141276814408682 0.751594 -0.550147 0.345272 0.115032 
141276834284724 0.741905 -0.552765 0.364377 0.106102 
141276854160766 0.731714 -0.555610 0.383297 0.094748 
141276874036807 0.722659 -0.559003 0.398569 0.080168 
141276893912849 0.716476 -0.560202 0.411341 0.060306 
141276913788891 0.712596 -0.559811 0.421084 0.038805 
141276933664932 0.709828 -0.556781 0.430953 0.020483 
141276953540974 0.707192 -0.551650 0.442185 0.005863 
141276973417016 -0.704224 0.547051 -0.452537 0.003799 
141276993293057 -0.700626 0.542214 -0.463713 0.009855 
141277013169099 -0.697324 0.536509 -0.475028 0.015669 
141277033045141 -0.695781 0.531484 -0.482631 0.021929 
141277052921182 -0.696739 0.527955 -0.484970 0.024942 
141277072797224 -0.697117 0.525641 -0.487229 0.018379 
141277092673266 -0.697504 0.524022 -0.488761 0.001014 
141277112549307 0.696553 -0.520892 0.492888 0.023415 
141277132425349 0.693729 -0.515008 0.501591 0.043742 
141277152301391 0.696579 -0.511631 0.500143 0.053567 
141277172177432 0.703092 -0.511074 0.491058 0.057684 
141277192053474 0.708153 -0.513663 0.480373 0.062592 
141277211929516 0.710502 -0.516414 0.472550 0.072126 
141277231805557 0.712083 -0.516344 0.467718 0.086990 
141277251681599 0.715435 -0.513570 0.462699 0.101520 
141277271557641 0.721653 -0.509402 0.455465 0.110799 
141277291433682 0.730680 -0.506148 0.442997 0.116939 
141277311309724 0.739140 -0.503984 0.428990 0.125059 
141277331185766 0.746867 -0.502522 0.413591 0.136399 
141277351061807 0.755942 -0.500407 0.395543 0.147273 
141277370937849 0.765332 -0.499915 0.374129 0.156142 
141277390813891 0.776546 -0.501160 0.347234 0.158884 
141277410689932 0.786235 -0.500810 0.323878 0.161636 
141277430565974 0.790965 -0.499844 0.308712 0.170961 
141277450442016 0.795591 -0.500046 0.294509 0.173935 
141277470318057 0.800401 -0.500417 0.280990 0.173165 
141277490194099 0.802286 -0.500225 0.274747 0.175003 
141277510070141 0.801838 -0.499680 0.276277 0.176204 
141277529946182 0.798245 -0.500614 0.284184 0.177287 
141277549822224 0.791658 -0.503185 0.297633 0.177475 
141277569698266 0.783486 -0.507004 0.313783 0.175035 
141277589574307 0.774851 -0.511499 0.330586 0.169370 
141277609450349 0.765642 -0.516482 0.347056 0.163066 
141277629326391 0.756396 -0.521102 0.363098 0.156454 
141277649202432 0.747868 -0.525692 0.377410 0.147995 
141277669078474 0.738789 -0.531554 0.390907 0.137234 
141277688954516 0.730022 -0.538595 0.402611 0.122015 
141277708830557 0.721404 -0.545586 0.414087 0.102189 
141277728706599 0.713843 -0.551493 0.423836 0.081525 
141277748582641 0.708932 -0.554018 0.432276 0.060155 
141277768458682 0.704936 -0.554370 0.440552 0.040663 
141277788334724 0.700964 -0.554474 0.447849 0.025291 
141277808210766 0.697390 -0.552347 0.456504 0.012767 
141277828086807 0.692854 -0.548567 0.467995 0.002722 
141277847962849 -0.688902 0.546466 -0.476204 0.004275 
141277867838891 -0.686651 0.545638 -0.480324 0.008881 
141277887714932 -0.685377 0.545662 -0.482044 0.012080 
141277907590974 -0.685260 0.546264 -0.481492 0.013410 
141277927467016 -0.685747 0.547497 -0.479454 0.011041 
141277947343057 -0.685836 0.549617 -0.476999 0.004703 
141277967219099 0.686852 -0.552066 0.472697 0.003777 
141277987095141 0.689072 -0.554214 0.466728 0.013877 
141278006971182 0.692006 -0.555739 0.460027 0.025612 
141278026847224 0.694309 -0.557027 0.453927 0.040082 
141278046723995 0.696237 -0.558411 0.447536 0.056067 
141278066601078 0.699111 -0.560048 0.438704 0.071603 
141278086478162 0.703442 -0.560465 0.428699 0.085249 
141278106355245 0.709567 -0.559504 0.416417 0.100337 
141278126232328 0.718701 -0.556473 0.399499 0.119199 
141278146109412 0.730352 -0.550813 0.379988 0.137114 
141278165986495 0.744171 -0.545097 0.356084 0.149271 
141278185863578 0.758391 -0.540360 0.329018 0.156851 
141278205740662 0.771562 -0.536625 0.301305 0.161065 
141278225617745 0.782254 -0.533634 0.276234 0.164345 
141278245494828 0.790100 -0.531125 0.255857 0.167889 
141278265371912 0.795283 -0.527972 0.242082 0.173686 
141278285248995 0.797953 -0.524562 0.236131 0.179858 
141278305125870 0.799818 -0.521271 0.234449 0.183307 
141278325001912 0.799939 -0.518658 0.238896 0.184447 
141278344877953 0.797461 -0.517752 0.249473 0.183720 
141278364753995 0.792460 -0.518683 0.264947 0.181047 
141278384630037 0.786144 -0.520187 0.283179 0.176615 
141278404506078 0.778449 -0.523130 0.302282 0.170228 
141278424382120 0.769142 -0.526938 0.321824 0.164881 
141278444258162 0.760211 -0.529043 0.341860 0.159133 
141278464134203 0.751924 -0.531631 0.359783 0.150118 
141278484010245 0.743021 -0.536166 0.376151 0.137679 
141278503886287 0.733695 -0.541918 0.391771 0.120543 
141278523762328 0.724663 -0.548121 0.405430 0.100255 
141278543638370 0.717095 -0.552363 0.417749 0.078472 
141278563514412 0.710676 -0.554400 0.429337 0.057019 
141278583390453 0.704949 -0.554512 0.440596 0.037922 
141278603266495 0.699957 -0.553277 0.451079 0.021747 
141278623142537 0.696414 -0.550340 0.460488 0.009222 
141278643018578 0.693284 -0.546904 0.469310 0.000748 
141278662894620 -0.690476 0.544411 -0.476267 0.005267 
141278682770662 -0.689592 0.543192 -0.478833 0.011135 
141278702646703 -0.691217 0.543321 -0.476196 0.016085 
141278722522745 -0.692198 0.543880 -0.474148 0.015492 
141278742398787 -0.691312 0.544376 -0.474992 0.011183 
141278762274828 -0.691325 0.545336 -0.473963 0.006192 
141278782150870 -0.693015 0.546030 -0.470723 0.000997 
141278802026912 0.696184 -0.546252 0.465743 0.004462 
141278821902953 0.698510 -0.546610 0.461629 0.014125 
141278841778995 0.700507 -0.546912 0.457607 0.027802 
141278861655037 0.703360 -0.547686 0.451116 0.042656 
141278881531078 0.707420 -0.548424 0.442262 0.056450 
141278901407120 0.712545 -0.548084 0.432307 0.070664 
141278921283162 0.717793 -0.547002 0.421650 0.088177 
141278941159203 0.725193 -0.545904 0.406226 0.105184 
141278961035245 0.736722 -0.543709 0.384164 0.118494 
141278980911287 0.749285 -0.539779 0.360316 0.131838 
141279000787328 0.761125 -0.534843 0.336553 0.146168 
141279020663370 0.772394 -0.529865 0.312842 0.157421 
141279040539412 0.782252 -0.525358 0.291359 0.164899 
141279060415453 0.791584 -0.522646 0.269790 0.165678 
141279080291495 0.800748 -0.521325 0.248192 0.159449 
141279100167537 0.808976 -0.519604 0.230016 0.150538 
141279120043578 0.814305 -0.517409 0.220479 0.143475 
141279139919620 0.816090 -0.515508 0.220909 0.139460 
141279159795662 0.814951 -0.514892 0.228843 0.135539 
141279179671703 0.811568 -0.515832 0.242035 0.129202 
141279199547745 0.805290 -0.518411 0.260763 0.121502 
141279219423787 0.796055 -0.522916 0.281894 0.115718 
141279239299828 0.785284 -0.529795 0.298982 0.115144 
141279259175870 0.774414 -0.535317 0.316011 0.117721 
141279279051912 0.762588 -0.539019 0.337185 0.119266 
141279298927953 0.752612 -0.541669 0.355076 0.118707 
141279318803995 0.748447 -0.542558 0.363504 0.115412 
141279338680037 0.752248 -0.539698 0.360334 0.114049 
141279358556078 0.758798 -0.533794 0.354501 0.116702 
141279378432120 0.761789 -0.528364 0.354367 0.122197 
141279398308162 0.764448 -0.524642 0.352173 0.127845 
141279418184203 0.771860 -0.520620 0.341321 0.129176 
141279438060245 0.782600 -0.515552 0.325170 0.126521 
141279457936287 0.792716 -0.511000 0.308185 0.124513 
141279477812328 0.799677 -0.508273 0.294271 0.124822 
141279497688370 0.803473 -0.508017 0.283673 0.126020 
141279517564412 0.805883 -0.509095 0.274788 0.125971 
141279537440453 0.806714 -0.510692 0.269342 0.125943 
141279557316495 0.806740 -0.512177 0.266218 0.126384 
141279577192537 0.806635 -0.514690 0.261966 0.125732 
141279597068578 0.806176 -0.519207 0.255026 0.124366 
141279616944620 0.804376 -0.525296 0.248475 0.123704 
141279636820662 0.800489 -0.532828 0.244866 0.123909 
141279656696703 0.793200 -0.541543 0.248801 0.125157 
141279676572745 0.784800 -0.549774 0.256592 0.126487 
141279696448787 0.777142 -0.556428 0.265037 0.127254 
141279716324828 0.769969 -0.562835 0.272652 0.126593 
141279736200870 0.763580 -0.569728 0.278235 0.122223 
141279756076912 0.758204 -0.574837 0.284832 0.116452 
141279775952953 0.753098 -0.577836 0.293686 0.112687 
141279795828995 0.748272 -0.579908 0.302275 0.111460 
141279815705037 0.744018 -0.581364 0.310175 0.110645 
141279835581078 0.742139 -0.581342 0.315457 0.108426 
141279855457120 0.741821 -0.580000 0.319368 0.106338 
141279875333162 0.742195 -0.577792 0.322701 0.105666 
141279895209203 0.743672 -0.575627 0.323362 0.105087 
141279915085245 0.747171 -0.573326 0.319956 0.103265 
141279934961287 0.751075 -0.570684 0.315658 0.102782 
141279954837328 0.754885 -0.567416 0.312004 0.104120 
141279974713370 0.758763 -0.563795 0.308617 0.105689 
141279994589412 0.763374 -0.559834 0.304334 0.105963 
141280014465453 0.767921 -0.556130 0.300006 0.104950 
141280034341495 0.771374 -0.553211 0.296803 0.104152 
141280054217537 0.773757 -0.550989 0.294777 0.104004 
141280074093578 0.775155 -0.549617 0.293769 0.103703 
141280093969620 0.775855 -0.548518 0.294221 0.103007 
141280113845662 0.776169 -0.547284 0.296138 0.101694 
141280133721703 0.775835 -0.546286 0.299276 0.100433 
141280153597745 0.775049 -0.545831 0.302622 0.098930 
141280173473787 0.773739 -0.545876 0.306360 0.097419 
141280193349828 0.772195 -0.546049 0.310356 0.096046 
141280213225870 0.771178 -0.545715 0.313916 0.094529 
141280233101912 0.770279 -0.545122 0.317543 0.093158 
141280252977953 0.769199 -0.544386 0.321498 0.092811 
141280272853995 0.768830 -0.543201 0.324379 0.092814 
141280292730037 0.769188 -0.541708 0.326002 0.092867 
141280312606078 0.770302 -0.539871 0.326379 0.093012 
141280332482120 0.771659 -0.537950 0.326211 0.093486 
141280352358162 0.772986 -0.536176 0.325668 0.094577 
141280372234203 0.774810 -0.534185 0.324251 0.095796 
141280392110245 0.777081 -0.532156 0.321905 0.096605 
141280411986287 0.779275 -0.529969 0.319964 0.097394 
141280431862328 0.781094 -0.528250 0.318242 0.097804 
141280451738370 0.783059 -0.526705 0.315899 0.098030 
141280471614412 0.784627 -0.525654 0.313688 0.098225 
141280491490453 0.785828 -0.524691 0.312242 0.098394 
141280511366495 0.786212 -0.523836 0.312692 0.098428 
141280531242537 0.786099 -0.523164 0.314187 0.098158 
141280551118578 0.785479 -0.522843 0.316352 0.097865 
141280570994620 0.784671 -0.522759 0.318539 0.097707 
141280590870662 0.783071 -0.523023 0.321971 0.097900 
141280610746703 0.781727 -0.523110 0.325087 0.097862 
141280630622745 0.780498 -0.522823 0.328353 0.098305 
141280650498787 0.779291 -0.522299 0.331760 0.099225 
141280670374828 0.778496 -0.521273 0.334813 0.100601 
141280690250870 0.778885 -0.519444 0.336544 0.101265 
141280710126912 0.779883 -0.516959 0.337988 0.101491 
141280730002953 0.780914 -0.514431 0.339396 0.101702 
141280749878995 0.781006 -0.512642 0.341353 0.103462 
141280769755037 0.780859 -0.511712 0.342458 0.105516 
141280789631078 0.780411 -0.510781 0.344119 0.107902 
141280809507120 0.779953 -0.509655 0.346118 0.110128 
141280829383162 0.779260 -0.508839 0.348292 0.111932 
141280849259203 0.778454 -0.509026 0.349478 0.112992 
141280869135245 0.777228 -0.509931 0.350576 0.113948 
141280889011287 0.776079 -0.511098 0.351381 0.114070 
141280908887328 0.775266 -0.511920 0.352123 0.113632 
141280928763370 0.775071 -0.512460 0.352239 0.112152 
141280948639412 0.775195 -0.513250 0.351302 0.110602 
141280968515453 0.775502 -0.514531 0.349224 0.109069 
141280988391495 0.775898 -0.515998 0.346623 0.107619 
141281008267537 0.776121 -0.517648 0.344088 0.106192 
141281028143578 0.776042 -0.519449 0.341852 0.105204 
141281048019620 0.775056 -0.521741 0.340582 0.105262 
141281067895662 0.773415 -0.523872 0.340879 0.105767 
141281087771703 0.770296 -0.525651 0.344897 0.106669 
141281107647745 0.766628 -0.525424 0.352851 0.108201 
141281127523787 0.769035 -0.524199 0.349661 0.107410 
141281147399828 0.776305 -0.521197 0.337405 0.108907 
141281167275870 0.784335 -0.513251 0.328987 0.114718 
141281187151912 0.792584 -0.505047 0.319083 0.122162 
141281207027953 0.801081 -0.497760 0.306097 0.129656 
141281226903995 0.807582 -0.492579 0.294113 0.136659 
141281246780037 0.810385 -0.491620 0.285435 0.141820 
141281266656078 0.809613 -0.494401 0.280106 0.147093 
141281286532120 0.806101 -0.498381 0.280902 0.151371 
141281306408162 0.802182 -0.500885 0.287422 0.151683 
141281326284412 0.795317 -0.504499 0.300560 0.150382 
141281346161495 0.785354 -0.507247 0.321099 0.151044 
141281366038578 0.775049 -0.506684 0.345607 0.152071 
141281385915662 0.764868 -0.506483 0.367320 0.153385 
141281405792745 0.754373 -0.505424 0.390028 0.152793 
141281425669828 0.744156 -0.505555 0.410233 0.149518 
141281445546912 0.734145 -0.507766 0.427628 0.142617 
141281465423995 0.724985 -0.512838 0.440579 0.131466 
141281485301078 0.717630 -0.519880 0.448430 0.116808 
141281505178162 0.712317 -0.528514 0.451664 0.096325 
141281525055245 0.708357 -0.538698 0.450510 0.071220 
141281544932328 0.705266 -0.546767 0.448773 0.047419 
141281564809412 0.704139 -0.550591 0.447600 0.026326 
141281584686287 0.703362 -0.551760 0.448071 0.008652 
141281604562328 -0.700662 0.551617 -0.452538 0.000744 
141281624438370 -0.698700 0.551137 -0.456068 0.008281 
141281644314412 -0.697984 0.549471 -0.458976 0.015512 
141281664190453 -0.697236 0.546765 -0.463107 0.021001 
141281684066495 -0.696200 0.545178 -0.466461 0.022359 
141281703942537 -0.695453 0.544275 -0.468643 0.021980 
141281723818578 -0.695225 0.544055 -0.469330 0.019909 
141281743694620 -0.696714 0.543448 -0.467941 0.016931 
141281763570662 -0.699678 0.541858 -0.465486 0.012781 
141281783446703 -0.702747 0.539775 -0.463430 0.004830 
141281803322745 0.706591 -0.537634 0.460011 0.008263 
141281823198787 0.710480 -0.536415 0.454773 0.025679 
141281843074828 0.714231 -0.536423 0.447552 0.042687 
141281862950870 0.719479 -0.536190 0.437846 0.056044 
141281882826912 0.724508 -0.535680 0.428091 0.069832 
141281902702953 0.729687 -0.535547 0.416027 0.087569 
141281922578995 0.737432 -0.534248 0.399275 0.106535 
141281942455037 0.748674 -0.530497 0.377887 0.123540 
141281962331078 0.760611 -0.525368 0.355145 0.139032 
141281982207120 0.771082 -0.521149 0.332748 0.152038 
141282002083162 0.781206 -0.518010 0.309103 0.160741 
141282021959203 0.791660 -0.516180 0.282890 0.163721 
141282041835245 0.799124 -0.514223 0.263382 0.166152 
141282061711287 0.803288 -0.509611 0.254742 0.173585 
141282081587328 0.805888 -0.504947 0.251661 0.179555 
141282101463370 0.807199 -0.502291 0.251746 0.180989 
141282121339412 0.806795 -0.501053 0.255888 0.180410 
141282141215453 0.803841 -0.501924 0.264850 0.178229 
141282161091495 0.797448 -0.504394 0.281093 0.175070 
141282180967537 0.788903 -0.507818 0.300635 0.171384 
141282200843578 0.780088 -0.510637 0.320354 0.167591 
141282220719620 0.771539 -0.512358 0.340462 0.162182 
141282240595662 0.762315 -0.514770 0.360406 0.154904 
141282260471703 0.752503 -0.517507 0.380405 0.145663 
141282280347745 0.743667 -0.520288 0.398382 0.132476 
141282300223787 0.735706 -0.524667 0.412659 0.114773 
141282320099828 0.729040 -0.529007 0.423914 0.094605 
141282339975870 0.723500 -0.531555 0.434186 0.074024 
141282359851912 0.718137 -0.533865 0.442990 0.055020 
141282379727953 0.713106 -0.534091 0.452577 0.037421 
141282399603995 0.707675 -0.533550 0.462593 0.022992 
141282419480037 0.701533 -0.533316 0.472498 0.013040 
141282439356078 0.697015 -0.532639 0.480041 0.005150 
141282459232120 -0.695813 0.531267 -0.483315 0.002416 
141282479108162 -0.696288 0.529773 -0.484197 0.008808 
141282498984203 -0.696913 0.528803 -0.484293 0.011875 
141282518860245 -0.697619 0.529187 -0.482870 0.011180 
141282538736287 -0.697925 0.530309 -0.481258 0.007971 
141282558612328 -0.698177 0.531771 -0.479327 0.003881 
141282578488370 0.699513 -0.533336 0.475639 0.001154 
141282598364412 0.701547 -0.534630 0.471087 0.008990 
141282618240453 0.703158 -0.535384 0.467399 0.021720 
141282638116495 0.705091 -0.535779 0.462955 0.038221 
141282657992537 0.709030 -0.535591 0.455416 0.054829 
141282677868578 0.714108 -0.535293 0.445766 0.069279 
141282697744620 0.719830 -0.534560 0.435003 0.082845 
141282717620662 0.725505 -0.533143 0.424022 0.098006 
141282737496703 0.731193 -0.531295 0.412498 0.113705 
141282757372745 0.739860 -0.528920 0.395251 0.128951 
141282777248787 0.751435 -0.525121 0.373384 0.142056 
141282797124828 0.763644 -0.520791 0.350167 0.151688 
141282817000870 0.775408 -0.518006 0.325173 0.157080 
141282836876912 0.785782 -0.516049 0.300552 0.160956 
141282856752953 0.794365 -0.515487 0.276892 0.163058 
141282876628995 0.800176 -0.515053 0.258937 0.165503 
141282896505037 0.802757 -0.514096 0.249494 0.170411 
141282916381078 0.804281 -0.513083 0.243486 0.174905 
141282936257120 0.804575 -0.512607 0.242132 0.176821 
141282956133162 0.803495 -0.512859 0.245951 0.175723 
141282976009203 0.799712 -0.513873 0.257424 0.173575 
141282995885245 0.793746 -0.516064 0.273589 0.169686 
141283015761287 0.786643 -0.518285 0.292727 0.163963 
141283035637328 0.778379 -0.520977 0.312826 0.157633 
141283055513370 0.769372 -0.524564 0.332236 0.150061 
141283075389412 0.759598 -0.528740 0.351606 0.140774 
141283095265453 0.749774 -0.532730 0.370520 0.129430 
141283115141495 0.740666 -0.536510 0.388145 0.113630 
141283135017537 0.732080 -0.540535 0.403557 0.094995 
141283154893578 0.724841 -0.543029 0.417200 0.075268 
141283174769620 0.718648 -0.544048 0.429523 0.055463 
141283194645662 0.714170 -0.544458 0.438054 0.040434 
141283214521703 0.710299 -0.543497 0.446316 0.029816 
141283234397745 0.706125 -0.542907 0.454064 0.021539 
141283254273787 0.703242 -0.542738 0.459029 0.013359 
141283274149828 0.701913 -0.542557 0.461445 0.004400 
141283294025870 -0.700509 0.543406 -0.462579 0.004072 
141283313901912 -0.699863 0.545177 -0.461347 0.011488 
141283333777953 -0.699846 0.546828 -0.459309 0.015160 
141283353653995 -0.700605 0.547683 -0.457140 0.014786 
141283373530037 -0.702655 0.547336 -0.454482 0.012059 
141283393406078 -0.706587 0.546420 -0.449560 0.007503 
141283413282120 -0.710818 0.545278 -0.444308 0.000191 
141283433158162 0.715414 -0.544082 0.438248 0.009803 
141283453034203 0.721216 -0.542887 0.429700 0.021914 
141283472910245 0.726977 -0.541843 0.420284 0.035670 
141283492786287 0.732306 -0.540930 0.410536 0.050821 
141283512662328 0.738433 -0.539897 0.398373 0.067229 
141283532538370 0.744681 -0.537532 0.386224 0.085672 
141283552414412 0.751886 -0.532870 0.373387 0.106298 
141283572290453 0.761679 -0.524944 0.357673 0.127860 
141283592166495 0.773828 -0.515452 0.337716 0.146448 
141283612042537 0.786249 -0.507176 0.314759 0.159725 
141283631918578 0.797729 -0.500719 0.291428 0.167266 
141283651794620 0.807787 -0.496441 0.268131 0.170680 
141283671670662 0.814691 -0.493846 0.249684 0.173358 
141283691546703 0.818289 -0.491775 0.239304 0.176901 
141283711422745 0.819282 -0.489343 0.237333 0.181644 
141283731298787 0.818463 -0.486916 0.241181 0.186714 
141283751174828 0.815837 -0.485714 0.249869 0.189888 
141283771050870 0.811387 -0.486390 0.263384 0.188955 
141283790926912 0.804995 -0.489340 0.279699 0.185194 
141283810802953 0.796853 -0.493166 0.298197 0.181358 
141283830678995 0.787738 -0.496687 0.318043 0.177818 
141283850555037 0.779093 -0.500426 0.336198 0.171927 
141283870431078 0.769910 -0.504828 0.354413 0.163643 
141283890307120 0.760300 -0.509714 0.372785 0.152205 
141283910183162 0.750866 -0.515071 0.390000 0.137118 
141283930059203 0.741831 -0.520919 0.405067 0.119383 
141283949935245 0.733543 -0.525579 0.419379 0.099002 
141283969811287 0.725471 -0.529256 0.432835 0.078970 
141283989687328 0.717796 -0.530679 0.446724 0.059874 
141284009563370 0.710880 -0.530265 0.460229 0.040711 
141284029439412 0.705052 -0.528649 0.472054 0.024442 
141284049315453 0.700588 -0.525539 0.482558 0.011110 
141284069191495 -0.697240 0.523015 -0.490215 0.000315 
141284089067537 -0.693953 0.522182 -0.495654 0.009083 
141284108943578 -0.691181 0.522740 -0.498797 0.014639 
141284128819620 -0.690778 0.523628 -0.498340 0.017229 
141284148695662 -0.690397 0.524691 -0.497826 0.014849 
141284168571703 -0.690097 0.526399 -0.496594 0.008053 
141284188447745 0.691220 -0.528482 0.492870 0.000850 
141284208323787 0.693421 -0.530493 0.487473 0.010666 
141284228199828 0.695484 -0.532530 0.481937 0.021215 
141284248075870 0.697325 -0.534999 0.475842 0.032994 
141284267951912 0.700025 -0.537704 0.467674 0.046046 
141284287827953 0.703253 -0.539580 0.458988 0.060131 
141284307703995 0.707460 -0.540924 0.448692 0.074697 
141284327580037 0.713101 -0.541155 0.436169 0.091633 
141284347456078 0.719954 -0.540113 0.421424 0.111121 
141284367332120 0.727229 -0.537094 0.406934 0.130661 
141284387208162 0.736799 -0.533597 0.388483 0.146564 
141284407084203 0.747302 -0.530426 0.366989 0.159714 
141284426960245 0.758398 -0.527561 0.343720 0.168428 
141284446836287 0.770319 -0.525067 0.318162 0.172295 
141284466712328 0.779690 -0.523406 0.295724 0.175150 
141284486588370 0.785802 -0.521251 0.279714 0.180482 
141284506464412 0.788685 -0.517781 0.272446 0.188815 
141284526340453 0.789587 -0.515362 0.270193 0.194807 
141284546216495 0.789731 -0.514689 0.269748 0.196612 
141284566092537 0.787996 -0.515818 0.273393 0.195575 
141284585968578 0.783872 -0.518048 0.282897 0.192718 
141284605844620 0.777199 -0.520666 0.298817 0.188619 
141284625720662 0.768454 -0.524507 0.317296 0.183557 
141284645596703 0.758293 -0.529200 0.336137 0.178747 
141284665472745 0.747218 -0.532895 0.356171 0.175587 
141284685348787 0.736481 -0.535050 0.376794 0.171295 
141284705224828 0.726894 -0.537806 0.395167 0.161966 
141284725100870 0.718151 -0.541476 0.411197 0.148260 
141284744976912 0.710206 -0.545590 0.425550 0.129795 
141284764852953 0.703117 -0.550422 0.436661 0.109495 
141284784728995 0.697124 -0.553305 0.447506 0.087240 
141284804605037 0.691913 -0.554769 0.457314 0.065959 
141284824481078 0.686699 -0.554680 0.467325 0.048799 
141284844357120 0.681248 -0.553012 0.478303 0.036136 
141284864233162 0.675944 -0.550429 0.489320 0.026320 
141284884109203 0.671770 -0.548422 0.497654 0.017292 
141284903985245 0.669441 -0.547371 0.502144 0.009196 
141284923861287 0.668895 -0.547709 0.502574 0.003693 
141284943737328 0.669803 -0.548692 0.500286 0.003822 
141284963613370 0.670332 -0.550043 0.497990 0.010655 
141284983489412 0.670621 -0.550804 0.496469 0.020041 
141285003365453 0.672654 -0.551571 0.492373 0.029587 
141285023241495 0.675744 -0.552461 0.486374 0.039962 
141285043117537 0.678398 -0.554213 0.479538 0.051616 
141285062993578 0.681641 -0.556639 0.470672 0.063122 
141285082869620 0.686352 -0.559442 0.458757 0.074074 
141285102745662 0.691026 -0.561847 0.446539 0.086122 
141285122621703 0.696565 -0.562793 0.433774 0.099502 
141285142498474 0.701723 -0.562645 0.421545 0.115388 
141285162375557 0.707117 -0.562268 0.408595 0.129961 
141285182252641 0.714715 -0.562302 0.391564 0.140278 
141285202129724 0.723031 -0.562477 0.372826 0.147803 
141285222006807 0.731686 -0.562520 0.352486 0.154795 
141285241883891 0.740480 -0.562483 0.330947 0.160553 
141285261760974 0.749241 -0.561462 0.310036 0.165154 
141285281638057 0.757550 -0.559148 0.291074 0.169550 
141285301515141 0.765854 -0.555515 0.274681 0.171523 
141285321392224 0.773609 -0.551172 0.262844 0.169264 
141285341269307 0.779289 -0.547742 0.256752 0.163603 
141285361146391 0.782886 -0.545638 0.254727 0.156471 
141285381023474 0.783744 -0.545233 0.257308 0.149191 
141285400900349 0.781913 -0.546598 0.264470 0.141066 
141285420776391 0.776878 -0.549514 0.277033 0.133220 
141285440652432 0.768447 -0.554264 0.293957 0.125974 
141285460528474 0.756928 -0.561194 0.312919 0.119177 
141285480404516 0.742915 -0.569005 0.333534 0.114303 
141285500280557 0.728901 -0.575986 0.352809 0.111670 
141285520156599 0.718884 -0.581282 0.365059 0.109771 
141285540032641 0.715197 -0.583498 0.369055 0.108726 
141285559908682 0.715839 -0.582741 0.368841 0.109285 
141285579784724 0.717919 -0.582901 0.364242 0.110205 
141285599660766 0.722040 -0.582761 0.355568 0.112347 
141285619536807 0.729087 -0.580904 0.343366 0.114382 
141285639412849 0.738405 -0.577959 0.327947 0.114771 
141285659288891 0.748372 -0.575468 0.309717 0.113356 
141285679164932 0.758712 -0.573902 0.288114 0.109474 
141285699040974 0.768319 -0.572500 0.266154 0.105321 
141285718917016 0.776154 -0.570632 0.247652 0.103111 
141285738793057 0.782194 -0.568763 0.233079 0.101755 
141285758669099 0.786144 -0.567738 0.222585 0.100542 
141285778545141 0.788813 -0.567749 0.214072 0.098027 
141285798421182 0.789960 -0.568321 0.209668 0.094956 
141285818297224 0.789031 -0.569506 0.211070 0.092420 
141285838173266 0.786397 -0.571458 0.216800 0.089535 
141285858049307 0.782613 -0.573647 0.225923 0.086072 
141285877925349 0.777998 -0.576034 0.237369 0.081003 
141285897801391 0.772820 -0.577982 0.251051 0.075241 
141285917677432 0.766931 -0.579972 0.265660 0.069831 
141285937553474 0.762070 -0.581134 0.278066 0.064922 
141285957429516 0.759525 -0.580441 0.287253 0.060824 
141285977305557 0.759973 -0.576709 0.294156 0.057604 
141285997181599 0.761276 -0.571715 0.300874 0.055444 
141286017057641 0.764332 -0.565318 0.305303 0.054733 
141286036933682 0.769779 -0.557855 0.305343 0.054816 
141286056809724 0.777004 -0.549620 0.301736 0.056028 
141286076685766 0.785349 -0.540899 0.295374 0.058367 
141286096561807 0.794528 -0.532309 0.285947 0.060078 
141286116437849 0.803262 -0.524355 0.275721 0.061698 
141286136313891 0.810330 -0.517300 0.267585 0.064544 
141286156189932 0.816622 -0.510720 0.260295 0.067329 
141286176065974 0.822302 -0.504628 0.253658 0.069462 
141286195942016 0.826209 -0.499960 0.249749 0.071068 
141286215818057 0.827693 -0.497593 0.249121 0.072575 
141286235694099 0.827799 -0.496918 0.250183 0.072301 
141286255570141 0.826001 -0.497882 0.254527 0.071099 
141286275446182 0.822124 -0.500451 0.262295 0.069751 
141286295322224 0.816557 -0.504090 0.272941 0.068041 
141286315198266 0.810123 -0.508236 0.284841 0.065261 
141286335074307 0.803462 -0.512639 0.296324 0.061988 
141286354950349 0.797484 -0.516528 0.306277 0.058431 
141286374826391 0.793681 -0.518331 0.313557 0.055622 
141286394702432 0.791528 -0.518160 0.319533 0.053835 
141286414578474 0.790321 -0.516961 0.324571 0.052950 
141286434454516 0.790310 -0.515090 0.327409 0.053827 
141286454330557 0.792577 -0.511765 0.326719 0.056334 
141286474206599 0.796959 -0.506875 0.323087 0.059570 
141286494082641 0.802678 -0.500585 0.317987 0.063309 
141286513958682 0.808699 -0.493935 0.312208 0.067576 
141286533834724 0.815118 -0.487493 0.304789 0.070988 
141286553710766 0.821781 -0.481479 0.295792 0.073213 
141286573586807 0.827603 -0.476170 0.287499 0.075359 
141286593462849 0.831533 -0.471998 0.282110 0.078650 
141286613338891 0.833586 -0.469621 0.278895 0.082495 
141286633214932 0.833999 -0.469299 0.277290 0.085498 
141286653090974 0.832844 -0.469886 0.279073 0.087730 
141286672967016 0.830574 -0.470920 0.283866 0.088334 
141286692843057 0.827988 -0.472161 0.289839 0.086558 
141286712719099 0.825200 -0.473667 0.296400 0.082648 
141286732595141 0.821422 -0.475863 0.304483 0.078138 
141286752471182 0.816829 -0.478495 0.313770 0.073367 
141286772347224 0.812477 -0.480574 0.323007 0.067837 
141286792223266 0.807927 -0.482259 0.332727 0.063082 
141286812099307 0.802301 -0.484394 0.343337 0.061562 
141286831975349 0.797344 -0.485963 0.352344 0.062695 
141286851851391 0.793637 -0.485912 0.360156 0.065688 
141286871727432 0.791627 -0.484310 0.366185 0.068381 
141286891603474 0.790793 -0.482261 0.370303 0.070356 
141286911479516 0.790945 -0.479092 0.373335 0.074142 
141286931355557 0.792060 -0.475187 0.374860 0.079501 
141286951231599 0.794872 -0.471546 0.372585 0.083683 
141286971107641 0.799531 -0.467490 0.367028 0.086565 
141286990983682 0.804406 -0.463060 0.361314 0.089206 
141287010859724 0.809708 -0.458544 0.354649 0.091287 
141287030735766 0.815021 -0.454595 0.347091 0.092792 
141287050611807 0.819558 -0.451491 0.339979 0.094299 
141287070487849 0.822893 -0.449456 0.334035 0.096204 
141287090363891 0.825495 -0.448310 0.328610 0.097934 
141287110239932 0.826515 -0.448482 0.325278 0.099654 
141287130115974 0.825133 -0.450027 0.325920 0.102018 
141287149992016 0.822213 -0.452296 0.329548 0.103881 
141287169868057 0.818593 -0.455071 0.334614 0.104163 
141287189744099 0.813537 -0.458803 0.341951 0.103578 
141287209620141 0.807496 -0.463450 0.350423 0.101829 
141287229496182 0.801215 -0.468319 0.359015 0.099192 
141287249372224 0.794585 -0.473354 0.367829 0.096291 
141287269248266 0.787570 -0.478277 0.377015 0.094057 
141287289124307 0.780781 -0.482815 0.385589 0.092688 
141287309000349 0.775227 -0.486603 0.392109 0.092162 
141287328876391 0.771041 -0.489549 0.396571 0.092574 
141287348752432 0.767858 -0.491863 0.399389 0.094617 
141287368628474 0.766822 -0.493378 0.398926 0.097061 
141287388504516 0.767459 -0.494249 0.395976 0.099647 
141287408381287 0.769006 -0.495034 0.391140 0.102861 
141287428258370 0.771146 -0.495617 0.385243 0.106238 
141287448135453 0.773599 -0.496427 0.378444 0.109024 
141287468012537 0.776144 -0.497829 0.370718 0.111058 
141287487889620 0.778977 -0.499665 0.361982 0.111806 
141287507766703 0.781117 -0.502078 0.353751 0.112398 
141287527643787 0.782300 -0.505113 0.346524 0.113072 
141287547520870 0.783011 -0.508671 0.339590 0.113251 
141287567397953 0.782796 -0.512940 0.333799 0.112699 
141287587275037 0.781675 -0.517748 0.329484 0.111191 
141287607152120 0.779338 -0.523215 0.327014 0.109279 
141287627029203 0.776588 -0.529033 0.325083 0.106562 
141287646906287 0.773906 -0.534855 0.323227 0.102591 
141287666783370 0.771184 -0.540212 0.322205 0.098137 
141287686660245 0.768209 -0.545185 0.322150 0.094061 
141287706536287 0.765313 -0.549883 0.322120 0.090353 
141287726412328 0.763016 -0.553900 0.321530 0.087301 
141287746288370 0.761606 -0.556800 0.320513 0.084868 
141287766164412 0.760971 -0.558402 0.319703 0.083058 
141287786040453 0.761310 -0.558609 0.318928 0.081529 
141287805916495 0.762760 -0.557550 0.317702 0.079984 
141287825792537 0.764785 -0.555660 0.316320 0.079288 
141287845668578 0.767326 -0.553200 0.314525 0.079074 
141287865544620 0.770552 -0.549830 0.312498 0.079260 
141287885420662 0.773811 -0.545696 0.311376 0.080513 
141287905296703 0.778248 -0.540755 0.308762 0.081121 
141287925172745 0.782929 -0.535572 0.305982 0.081015 
141287945048787 0.786798 -0.530668 0.304545 0.081197 
141287964924828 0.790164 -0.526127 0.303773 0.080950 
141287984800870 0.793215 -0.522022 0.303180 0.079915 
141288004676912 0.795543 -0.518308 0.303604 0.079355 
141288024552953 0.796856 -0.515345 0.305423 0.078479 
141288044428995 0.797034 -0.513176 0.308877 0.077323 
141288064305037 0.796624 -0.511576 0.313077 0.075252 
141288084181078 0.795694 -0.510969 0.316946 0.073006 
141288104057120 0.793757 -0.511451 0.321307 0.071654 
141288123933162 0.792115 -0.511232 0.326011 0.070067 
141288143809203 0.791922 -0.509298 0.330153 0.066912 
141288163685245 0.791585 -0.506983 0.335079 0.063887 
141288183561287 0.791642 -0.505028 0.338280 0.061694 
141288203437328 0.792193 -0.503539 0.339548 0.059913 
141288223313370 0.793073 -0.501677 0.340395 0.059082 
141288243189412 0.795003 -0.498695 0.340419 0.058203 
141288263065453 0.796657 -0.495643 0.340968 0.058454 
141288282941495 0.796934 -0.494271 0.341857 0.061087 
141288302817537 0.797154 -0.494044 0.341136 0.063961 
141288322693578 0.798181 -0.493262 0.339452 0.066147 
141288342569620 0.799506 -0.491830 0.337987 0.068254 
141288362445662 0.799747 -0.490516 0.338745 0.071065 
141288382321703 0.799170 -0.489893 0.340461 0.073631 
141288402197745 0.799640 -0.489740 0.339499 0.073997 
141288422073787 0.800413 -0.489375 0.338281 0.073635 
141288441949828 0.801064 -0.488527 0.337929 0.073774 
141288461825870 0.801517 -0.487456 0.338360 0.073977 
141288481701912 0.801920 -0.487011 0.338173 0.073376 
141288501577953 0.801980 -0.487267 0.337762 0.072896 
141288521453995 0.802054 -0.487657 0.337122 0.072435 
141288541330037 0.801240 -0.488800 0.337291 0.072948 
141288561206078 0.800401 -0.489678 0.337778 0.074052 
141288581082120 0.799000 -0.490647 0.339348 0.075568 
141288600958162 0.797506 -0.491775 0.340887 0.077048 
141288620834203 0.796031 -0.492965 0.342390 0.078044 
141288640710245 0.795008 -0.493869 0.343340 0.078572 
141288660586287 0.793865 -0.494298 0.345269 0.078983 
141288680462328 0.792538 -0.494754 0.347514 0.079596 
141288700338370 0.791578 -0.495079 0.349099 0.080187 
141288720214412 0.790891 -0.495132 0.350473 0.080641 
141288740090453 0.789873 -0.495155 0.352567 0.081362 
141288759966495 0.789658 -0.494988 0.353327 0.081149 
141288779842537 0.789310 -0.495395 0.353455 0.081531 
141288799718578 0.788915 -0.496199 0.352901 0.082843 
141288819594620 0.788800 -0.496613 0.352296 0.084009 
141288839470662 0.788849 -0.496666 0.351800 0.085290 
141288859346703 0.788940 -0.496675 0.351214 0.086817 
141288879222745 0.789228 -0.496661 0.350223 0.088260 
141288899098787 0.788827 -0.497033 0.350116 0.090180 
141288918974828 0.788718 -0.497146 0.349938 0.091178 
141288938850870 0.788580 -0.496872 0.350411 0.092033 
141288958726912 0.788687 -0.496304 0.350793 0.092729 
141288978602953 0.788366 -0.496530 0.351087 0.093137 
141288998478995 0.787900 -0.497252 0.351123 0.093111 
141289018355037 0.787519 -0.497971 0.351188 0.092235 
141289038231078 0.786902 -0.498966 0.351392 0.091326 
141289058107120 0.786348 -0.500086 0.351312 0.090269 
141289077983162 0.785893 -0.501448 0.350691 0.089083 
141289097859203 0.785108 -0.503304 0.350014 0.088203 
141289117735245 0.784304 -0.505444 0.348918 0.087477 
141289137611287 0.784124 -0.507209 0.346935 0.086766 
141289157487328 0.783939 -0.508433 0.345702 0.086167 
141289177363370 0.784188 -0.509203 0.344152 0.085554 
141289197239412 0.784899 -0.509492 0.342286 0.084798 
141289217115453 0.785426 -0.509688 0.340834 0.084568 
141289236991495 0.785844 -0.509410 0.340203 0.084918 
141289256867537 0.786297 -0.507815 0.341518 0.085008 
141289276743578 0.785540 -0.504770 0.347560 0.085628 
141289296619828 0.784164 -0.500789 0.356010 0.086904 
141289316496912 0.788237 -0.495959 0.353756 0.086980 
141289336373995 0.795961 -0.488120 0.346751 0.089172 
141289356251078 0.801733 -0.477924 0.345367 0.097657 
141289376128162 0.806301 -0.469721 0.343266 0.106817 
141289396005245 0.811609 -0.463938 0.336120 0.114350 
141289415882328 0.815405 -0.459556 0.329490 0.123930 
141289435759412 0.819802 -0.455975 0.321164 0.129866 
141289455636495 0.824293 -0.452951 0.312269 0.133658 
141289475513578 0.827320 -0.451952 0.304849 0.135457 
141289495390662 0.828915 -0.451616 0.301033 0.135357 
141289515267745 0.827695 -0.452471 0.304084 0.133128 
141289535144828 0.822771 -0.455267 0.314368 0.130206 
141289555021912 0.815899 -0.458307 0.328262 0.128473 
141289574898995 0.807453 -0.462127 0.344627 0.125257 
141289594775870 0.796630 -0.470074 0.360531 0.120123 
141289614651912 0.784612 -0.477500 0.378089 0.115868 
141289634527953 0.773840 -0.482244 0.396279 0.107597 
141289654403995 0.764786 -0.486978 0.410850 0.095700 
141289674280037 0.757698 -0.489688 0.424083 0.079065 
141289694156078 0.751587 -0.492695 0.434618 0.058977 
141289714032120 0.748653 -0.493211 0.441715 0.033914 
141289733908162 0.745622 -0.492758 0.448476 0.010291 
141289753784203 -0.741097 0.491451 -0.457378 0.007528 
141289773660245 -0.735883 0.489435 -0.467312 0.023441 
141289793536287 -0.730069 0.489088 -0.475964 0.035349 
141289813412328 -0.724176 0.487666 -0.485812 0.041689 
141289833288370 -0.719716 0.485619 -0.493991 0.046436 
141289853164412 -0.719122 0.484784 -0.495174 0.051447 
141289873040453 -0.720741 0.484518 -0.492745 0.054542 
141289892916495 -0.721479 0.484536 -0.491854 0.052630 
141289912792537 -0.721290 0.484954 -0.492185 0.048094 
141289932668578 -0.721832 0.485945 -0.490931 0.042459 
141289952544620 -0.722234 0.487731 -0.489152 0.035036 
141289972420662 -0.722117 0.489749 -0.487885 0.025690 
141289992296703 -0.722044 0.491482 -0.486718 0.014259 
141290012172745 -0.722690 0.492831 -0.484599 0.000903 
141290032048787 0.723333 -0.493896 0.482337 0.014393 
141290051924828 0.724070 -0.495054 0.479270 0.030725 
141290071800870 0.725426 -0.496663 0.474190 0.047181 
141290091676912 0.727442 -0.498931 0.466908 0.062368 
141290111552953 0.730499 -0.501361 0.457252 0.077008 
141290131428995 0.733794 -0.502963 0.447105 0.093136 
141290151305037 0.738419 -0.503489 0.435043 0.109421 
141290171181078 0.745634 -0.502502 0.419510 0.124629 
141290191057120 0.754508 -0.501079 0.400872 0.137623 
141290210933162 0.764463 -0.499670 0.379590 0.147776 
141290230809203 0.774575 -0.498914 0.356461 0.155091 
141290250685245 0.784199 -0.499270 0.332319 0.159141 
141290270561287 0.792064 -0.500246 0.310146 0.161862 
141290290437328 0.797730 -0.501184 0.291922 0.164998 
141290310313370 0.801442 -0.502175 0.278100 0.167840 
141290330189412 0.803688 -0.503391 0.268054 0.169798 
141290350065453 0.805223 -0.504934 0.260753 0.169309 
141290369941495 0.805574 -0.506788 0.257291 0.167385 
141290389817537 0.803601 -0.509809 0.259814 0.163758 
141290409693578 0.799046 -0.514643 0.267234 0.158913 
141290429569620 0.793000 -0.520569 0.277163 0.152770 
141290449445662 0.786018 -0.526510 0.289352 0.145737 
141290469321703 0.778131 -0.533047 0.302703 0.136909 
141290489197745 0.769910 -0.539768 0.316536 0.125276 
141290509073787 0.761928 -0.545346 0.331216 0.111175 
141290528949828 0.754740 -0.549277 0.345942 0.094807 
141290548825870 0.748118 -0.551048 0.361561 0.077093 
141290568701912 0.742109 -0.551291 0.376819 0.057945 
141290588577953 0.736126 -0.551169 0.390911 0.038989 
141290608453995 0.730724 -0.549887 0.404004 0.021172 
141290628330037 0.725418 -0.547256 0.417443 0.004414 
141290648206078 -0.718707 0.544716 -0.432013 0.010444 
141290668082120 -0.712051 0.542853 -0.444659 0.023942 
141290687958162 -0.706169 0.540511 -0.456098 0.033886 
141290707834203 -0.700815 0.538816 -0.465797 0.039611 
141290727710245 -0.697246 0.537880 -0.471821 0.043801 
141290747586287 -0.695918 0.537175 -0.474161 0.048086 
141290767462328 -0.696401 0.536464 -0.474039 0.050248 
141290787338370 -0.698679 0.535845 -0.471534 0.048731 
141290807214412 -0.701349 0.535430 -0.468535 0.043592 
141290827090453 -0.703403 0.535084 -0.466458 0.036422 
141290846966495 -0.705505 0.534718 -0.464229 0.028835 
141290866842537 -0.708286 0.534482 -0.460676 0.020919 
141290886718787 -0.711297 0.534341 -0.456499 0.012062 
141290906595870 -0.714750 0.533390 -0.452348 0.002926 
141290926472953 0.718373 -0.532492 0.447576 0.008276 
141290946350037 0.721352 -0.532394 0.442338 0.023328 
141290966227120 0.725728 -0.532089 0.434403 0.038656 
141290986104203 0.731874 -0.530593 0.424306 0.052887 
141291005981287 0.739713 -0.527459 0.412441 0.067098 
141291025858370 0.748973 -0.523362 0.397818 0.082898 
141291045735453 0.759381 -0.519823 0.379139 0.096844 
141291065612537 0.771067 -0.516551 0.356385 0.107806 
141291085489620 0.782669 -0.513333 0.332292 0.116187 
141291105366703 0.793497 -0.510443 0.307753 0.122878 
141291125243787 0.803510 -0.507841 0.282758 0.128513 
141291145120870 0.811019 -0.505650 0.261640 0.134566 
141291164997953 0.815728 -0.503407 0.247359 0.141360 
141291184875037 0.819127 -0.501531 0.236792 0.146379 
141291204751391 0.821914 -0.500187 0.228937 0.147842 
141291224627432 0.823446 -0.498700 0.226518 0.148066 
141291244503474 0.823019 -0.497823 0.230221 0.147681 
141291264379516 0.820635 -0.498131 0.238966 0.146011 
141291284255557 0.816772 -0.499384 0.251383 0.142499 
141291304131599 0.811118 -0.501782 0.267250 0.137407 
141291324007641 0.804226 -0.505199 0.284696 0.130161 
141291343883682 0.796471 -0.508610 0.303449 0.121931 
141291363759724 0.788554 -0.512358 0.321249 0.111677 
141291383635766 0.781390 -0.515534 0.337560 0.098525 
141291403511807 0.774058 -0.518249 0.354006 0.083275 
141291423387849 0.766805 -0.521097 0.369136 0.064910 
141291443263891 0.759933 -0.523368 0.382968 0.043859 
141291463139932 0.753671 -0.524351 0.395626 0.022730 
141291483015974 0.747866 -0.523530 0.408174 0.002672 
141291502892016 -0.741828 0.521670 -0.421095 0.015165 
141291522768057 -0.735847 0.518794 -0.434033 0.031583 
141291542644099 -0.729804 0.515257 -0.446956 0.046119 
141291562520141 -0.723455 0.512424 -0.459189 0.056372 
141291582396182 -0.717922 0.509773 -0.469832 0.063108 
141291602272224 -0.713752 0.507508 -0.477801 0.068584 
141291622148266 -0.711977 0.505529 -0.481829 0.073293 
141291642024307 -0.712621 0.504130 -0.482077 0.074978 
141291661900349 -0.713697 0.503511 -0.481595 0.071986 
141291681776391 -0.714360 0.504126 -0.480963 0.064982 
141291701652432 -0.714892 0.505524 -0.479846 0.055904 
141291721528474 -0.716106 0.506824 -0.477689 0.046206 
141291741404516 -0.718176 0.507877 -0.474336 0.035917 
141291761280557 -0.721124 0.508287 -0.470118 0.024785 
141291781156599 -0.724271 0.508658 -0.465362 0.011657 
141291801032641 0.728103 -0.509386 0.458676 0.002962 
141291820908682 0.732070 -0.511000 0.450135 0.018191 
141291840784724 0.736152 -0.512745 0.440600 0.032313 
141291860660766 0.741304 -0.514154 0.428925 0.046226 
141291880536807 0.746688 -0.514516 0.417037 0.061691 
141291900412849 0.754062 -0.514678 0.400903 0.075972 
141291920288891 0.762929 -0.514505 0.381211 0.088888 
141291940164932 0.772308 -0.514123 0.359376 0.100327 
141291960040974 0.781391 -0.514005 0.335920 0.111290 
141291979917016 0.789769 -0.513607 0.312738 0.121109 
141291999793057 0.797907 -0.511686 0.291154 0.129435 
141292019669099 0.805644 -0.508956 0.271162 0.135551 
141292039545141 0.811963 -0.506833 0.254211 0.138614 
141292059421182 0.816478 -0.505492 0.241586 0.139566 
141292079297224 0.819581 -0.504248 0.232923 0.140600 
141292099173266 0.821058 -0.503096 0.229931 0.141040 
141292119049307 0.820942 -0.503004 0.231288 0.139807 
141292138925349 0.819787 -0.503854 0.235403 0.136630 
141292158801391 0.817000 -0.505280 0.244794 0.131448 
141292178677432 0.812437 -0.506967 0.259442 0.124985 
141292198553474 0.806748 -0.508950 0.276162 0.117735 
141292218429516 0.799939 -0.510293 0.295830 0.110386 
141292238305557 0.792162 -0.512094 0.316009 0.101863 
141292258181599 0.783798 -0.514298 0.335755 0.091781 
141292278057641 0.775177 -0.516638 0.354497 0.080739 
141292297933682 0.766519 -0.519073 0.372071 0.067685 
141292317809932 0.758732 -0.521061 0.387461 0.051917 
141292337687016 0.751321 -0.522300 0.401958 0.033892 
141292357564099 0.744840 -0.522481 0.414753 0.014352 
141292377441182 -0.739399 0.520729 -0.426721 0.006291 
141292397318266 -0.735404 0.516468 -0.437877 0.026561 
141292417195349 -0.732533 0.510843 -0.447691 0.044797 
141292437072432 -0.729446 0.505883 -0.456694 0.058525 
141292456949516 -0.725145 0.501759 -0.466710 0.067736 
141292476826599 -0.721505 0.498470 -0.474596 0.075626 
141292496703682 -0.719970 0.496051 -0.478565 0.080926 
141292516580766 -0.720321 0.494968 -0.478989 0.081935 
141292536457849 -0.721527 0.495188 -0.477494 0.078681 
141292556334932 -0.722763 0.495815 -0.475899 0.072798 
141292576212016 -0.724673 0.496192 -0.473699 0.065250 
141292596089099 -0.727557 0.496426 -0.470173 0.056181 
141292615966182 -0.730663 0.496754 -0.466083 0.046190 
141292635843057 -0.733380 0.496797 -0.462616 0.036499 
141292655719099 -0.736569 0.496227 -0.458828 0.026508 
141292675595141 -0.740747 0.496152 -0.452712 0.013374 
141292695471182 0.745720 -0.497185 0.443518 0.000063 
141292715347224 0.750133 -0.498381 0.434467 0.012460 
141292735223266 0.754591 -0.499506 0.424795 0.025216 
141292755099307 0.760442 -0.499694 0.412908 0.039259 
141292774975349 0.766247 -0.498683 0.401454 0.054913 
141292794851391 0.773529 -0.497157 0.386733 0.070159 
141292814727432 0.782262 -0.494408 0.369612 0.083759 
141292834603474 0.791404 -0.491097 0.351113 0.096039 
141292854479516 0.800610 -0.487906 0.331120 0.106438 
141292874355557 0.808578 -0.484979 0.312587 0.115268 
141292894231599 0.815123 -0.482650 0.295903 0.122729 
141292914107641 0.820326 -0.480365 0.281741 0.130142 
141292933983682 0.823720 -0.477392 0.272833 0.138370 
141292953859724 0.825673 -0.474377 0.268310 0.145745 
141292973735766 0.826817 -0.472123 0.266272 0.150243 
141292993611807 0.826373 -0.470988 0.268551 0.152179 
141293013487849 0.824725 -0.471416 0.273466 0.151032 
141293033363891 0.821014 -0.473311 0.282530 0.148624 
141293053239932 0.815048 -0.476621 0.295324 0.145992 
141293073115974 0.807290 -0.481241 0.310644 0.142092 
141293092992016 0.798744 -0.485947 0.327537 0.136317 
141293112868057 0.789953 -0.490915 0.344232 0.128373 
141293132744099 0.781235 -0.495751 0.360508 0.118041 
141293152620141 0.772585 -0.500561 0.375762 0.106550 
141293172496182 0.764804 -0.503818 0.391035 0.091293 
141293192372224 0.756994 -0.507024 0.405641 0.073078 
141293212248266 0.750462 -0.509358 0.417863 0.052404 
141293232124307 0.744587 -0.509127 0.430585 0.031254 
141293252000349 0.739626 -0.507023 0.442427 0.011758 
141293271876391 -0.734908 0.504290 -0.453395 0.005867 
141293291752432 -0.729455 0.501773 -0.464464 0.019808 
141293311628474 -0.723590 0.499328 -0.475636 0.029319 
141293331504516 -0.718517 0.497293 -0.484847 0.036821 
141293351380557 -0.714966 0.495673 -0.491259 0.042392 
141293371256599 -0.712880 0.495044 -0.494540 0.046498 
141293391132641 -0.712302 0.495528 -0.494689 0.048570 
141293411008682 -0.712834 0.496946 -0.492714 0.046324 
141293430884724 -0.713313 0.498696 -0.490803 0.039992 
141293450760766 -0.713968 0.499972 -0.489074 0.032926 
141293470636807 -0.715393 0.501215 -0.486190 0.024809 
141293490512849 -0.717351 0.502395 -0.482496 0.014283 
141293510388891 -0.718844 0.503333 -0.479494 0.002189 
141293530264932 0.720292 -0.503874 0.476637 0.010392 
141293550140974 0.723002 -0.504429 0.471470 0.023155 
141293570017016 0.726425 -0.505442 0.464194 0.036854 
141293589893057 0.730040 -0.506911 0.455505 0.050910 
141293609769099 0.734740 -0.508236 0.444485 0.065469 
141293629645141 0.740533 -0.507791 0.432346 0.082664 
141293649521182 0.748976 -0.504537 0.417469 0.100980 
141293669397224 0.759430 -0.500212 0.398759 0.118515 
141293689273474 0.770167 -0.496427 0.377741 0.133094 
141293709150557 0.781920 -0.494536 0.351917 0.142086 
141293729027641 0.792960 -0.493422 0.325229 0.148241 
141293748904724 0.801011 -0.492993 0.302521 0.154343 
141293768781807 0.806546 -0.492270 0.285033 0.160968 
141293788658891 0.811159 -0.490418 0.271423 0.166859 
141293808535974 0.814009 -0.488310 0.263611 0.171617 
141293828413057 0.814718 -0.487969 0.260065 0.174606 
141293848290141 0.813660 -0.489013 0.260010 0.176686 
141293868167224 0.810792 -0.491333 0.264112 0.177350 
141293888044307 0.805893 -0.495233 0.272734 0.175780 
141293907921391 0.799144 -0.500772 0.284185 0.172729 
141293927798474 0.791354 -0.506507 0.298058 0.168437 
141293947675557 0.783583 -0.511439 0.313187 0.162302 
141293967552641 0.775352 -0.516230 0.328870 0.155498 
141293987429724 0.766500 -0.521014 0.345242 0.147752 
141294007306599 0.757054 -0.525513 0.362330 0.139363 
141294027182641 0.747748 -0.529366 0.379692 0.128367 
141294047058682 0.738153 -0.533730 0.396415 0.114533 
141294066934724 0.729229 -0.537443 0.412007 0.098123 
141294086810766 0.721530 -0.539821 0.426289 0.079138 
141294106686807 0.715038 -0.541760 0.437789 0.059665 
141294126562849 0.709293 -0.542679 0.447931 0.041959 
141294146438891 0.703870 -0.542471 0.457849 0.025805 
141294166314932 0.698327 -0.541823 0.467579 0.011721 
141294186190974 0.692998 -0.540774 0.476776 0.001532 
141294206067016 -0.687965 0.540312 -0.484496 0.005492 
141294225943057 -0.684087 0.541146 -0.488965 0.009968 
141294245819099 -0.681638 0.543143 -0.490113 0.012428 
141294265695141 -0.680795 0.545469 -0.488701 0.012333 
141294285571182 -0.681839 0.547686 -0.484810 0.009789 
141294305447224 -0.682772 0.550159 -0.480757 0.004583 
141294325323266 0.682760 -0.552898 0.477633 0.003085 
141294345199307 0.684235 -0.555926 0.471874 0.010205 
141294365075349 0.687725 -0.558792 0.463184 0.015661 
141294384951391 0.691481 -0.561271 0.454304 0.020899 
141294404827432 0.695729 -0.563723 0.444370 0.026714 
141294424703474 0.700298 -0.566053 0.433496 0.035320 
141294444579516 0.705286 -0.567598 0.422152 0.046817 
141294464455557 0.710787 -0.567975 0.410507 0.060579 
141294484331599 0.718237 -0.566522 0.397025 0.074568 
141294504207641 0.728336 -0.563260 0.380148 0.088058 
141294524083682 0.739814 -0.558978 0.360590 0.100968 
141294543959724 0.751849 -0.554150 0.339051 0.112625 
141294563835766 0.764948 -0.548445 0.315144 0.121436 
141294583711807 0.779029 -0.542261 0.287961 0.127058 
141294603587849 0.791651 -0.535875 0.262010 0.132208 
141294623463891 0.801863 -0.530001 0.239904 0.136241 
141294643339932 0.809995 -0.525099 0.221161 0.138809 
141294663215974 0.815967 -0.520770 0.207432 0.141314 
141294683092016 0.819537 -0.516119 0.201283 0.146512 
141294702968057 0.821093 -0.512583 0.200923 0.150646 
141294722844099 0.821350 -0.510843 0.204149 0.150824 
141294742720141 0.819789 -0.510715 0.212585 0.148062 
141294762596182 0.816648 -0.511867 0.224660 0.143547 
141294782472224 0.812365 -0.513184 0.239773 0.138612 
141294802348266 0.807467 -0.514990 0.255153 0.132964 
141294822224307 0.802264 -0.517129 0.270163 0.126345 
141294842100349 0.795944 -0.519104 0.287066 0.120813 
141294861976391 0.788744 -0.521001 0.305522 0.114447 
141294881852432 0.780962 -0.523379 0.323742 0.106588 
141294901728474 0.773280 -0.526632 0.340201 0.094643 
141294921604516 0.765107 -0.531487 0.354873 0.078745 
141294941480557 0.757062 -0.536046 0.368630 0.060207 
141294961356599 0.750139 -0.538775 0.381310 0.040184 
141294981232641 0.744197 -0.539732 0.393081 0.018649 
141295001108682 -0.739093 0.539378 -0.403493 0.002538 
141295020984724 -0.735361 0.537179 -0.412576 0.021540 
141295040861495 -0.732159 0.533146 -0.422350 0.036321 
141295060738578 -0.728652 0.528002 -0.433694 0.046791 
141295080615662 -0.725711 0.522762 -0.443753 0.056103 
141295100492745 -0.723378 0.518766 -0.450944 0.065198 
141295120369828 -0.723294 0.515757 -0.453154 0.074121 
141295140246912 -0.724387 0.513412 -0.453077 0.079964 
141295160123995 -0.725719 0.512022 -0.452680 0.079025 
141295180001078 -0.727290 0.510330 -0.453019 0.073395 
141295199878162 -0.729346 0.508602 -0.452811 0.065901 
141295219755245 -0.732089 0.507302 -0.450917 0.057975 
141295239632328 -0.735347 0.506970 -0.446918 0.050070 
141295259509412 -0.739200 0.507261 -0.441076 0.041498 
141295279386495 -0.743752 0.507612 -0.433828 0.030929 
141295299263578 -0.748401 0.508072 -0.425966 0.017676 
141295319140662 -0.753124 0.507923 -0.418103 0.002763 
141295339017745 0.758604 -0.506364 0.409775 0.014111 
141295358894099 0.765697 -0.503659 0.398773 0.031875 
141295378770141 0.775928 -0.499838 0.381898 0.047442 
141295398646182 0.787231 -0.495172 0.362144 0.062646 
141295418522224 0.798905 -0.490570 0.339389 0.076875 
141295438398266 0.811468 -0.485997 0.312552 0.087403 
141295458274307 0.822972 -0.481193 0.286181 0.096278 
141295478150349 0.831678 -0.476841 0.263980 0.106066 
141295498026391 0.838422 -0.472990 0.244812 0.115741 
141295517902432 0.844045 -0.468787 0.229186 0.123693 
141295537778474 0.847938 -0.464470 0.219599 0.130555 
141295557654516 0.850049 -0.461069 0.214869 0.136616 
141295577530557 0.850363 -0.459032 0.214916 0.141359 
141295597406599 0.849317 -0.458267 0.219076 0.143729 
141295617282641 0.846801 -0.458997 0.227313 0.143455 
141295637158682 0.842508 -0.461086 0.240004 0.141339 
141295657034724 0.836653 -0.464048 0.256593 0.137226 
141295676910766 0.829397 -0.467788 0.275353 0.132118 
141295696786807 0.821286 -0.471994 0.294658 0.126047 
141295716662849 0.812848 -0.476583 0.313471 0.117822 
141295736538891 0.803706 -0.481483 0.332584 0.107790 
141295756414932 0.794399 -0.486368 0.351194 0.095075 
141295776290974 0.785691 -0.490919 0.368024 0.079013 
141295796167016 0.778143 -0.493986 0.383298 0.059619 
141295816043057 0.770934 -0.495495 0.398240 0.039377 
141295835919099 0.764820 -0.495529 0.411228 0.019841 
141295855795141 0.758694 -0.494062 0.424598 0.001240 
141295875671182 -0.753534 0.491530 -0.436271 0.015890 
141295895547224 -0.749935 0.486571 -0.447122 0.030483 
141295915423266 -0.745881 0.481107 -0.458792 0.041307 
141295935299307 -0.741254 0.476707 -0.469967 0.049237 
141295955175349 -0.737859 0.472936 -0.478510 0.054094 
141295975051391 -0.736862 0.469759 -0.482780 0.057266 
141295994927432 -0.737439 0.467780 -0.483531 0.059656 
141296014803474 -0.739184 0.466626 -0.482130 0.058560 
141296034679516 -0.739656 0.466440 -0.482217 0.053038 
141296054555557 -0.739988 0.466227 -0.482548 0.046868 
141296074431599 -0.741439 0.466584 -0.480583 0.040079 
141296094307641 -0.743071 0.468568 -0.476727 0.031955 
141296114183682 -0.745417 0.470441 -0.471657 0.024048 
141296134059724 -0.747920 0.471300 -0.467211 0.014377 
141296153935766 -0.749999 0.472202 -0.463168 0.001335 
141296173811807 0.753500 -0.473400 0.456042 0.012516 
141296193687849 0.758300 -0.473761 0.447040 0.026190 
141296213563891 0.763736 -0.473631 0.436830 0.039506 
141296233439932 0.768001 -0.473473 0.427851 0.054321 
141296253315974 0.770831 -0.472599 0.421089 0.071764 
141296273192224 0.776247 -0.471134 0.409552 0.087981 
141296293069307 0.784829 -0.468895 0.392793 0.099466 
141296312946391 0.795054 -0.466644 0.371944 0.108586 
141296332823474 0.804612 -0.464373 0.350736 0.118065 
141296352700557 0.812779 -0.462747 0.329953 0.128015 
141296372577641 0.818972 -0.461028 0.312559 0.138004 
141296392454724 0.823471 -0.458970 0.299078 0.147629 
141296412331807 0.826056 -0.456413 0.291274 0.156456 
141296432208891 0.827903 -0.454616 0.285881 0.161777 
141296452085974 0.829125 -0.454573 0.280687 0.164714 
141296471963057 0.827872 -0.455484 0.281783 0.166614 
141296491840141 0.824497 -0.458599 0.287260 0.165447 
141296511717224 0.819073 -0.463804 0.296003 0.162441 
141296531594307 0.811673 -0.469129 0.309442 0.159221 
141296551471391 0.803118 -0.475246 0.324649 0.154098 
141296571348474 0.793285 -0.482195 0.341590 0.146639 
141296591225557 0.782483 -0.489860 0.358844 0.137797 
141296611102432 0.771973 -0.496956 0.375567 0.126650 
141296630978474 0.761918 -0.503145 0.391556 0.114050 
141296650854516 0.752179 -0.508238 0.407489 0.099362 
141296670730557 0.743319 -0.512075 0.422674 0.081278 
141296690606599 0.735846 -0.513903 0.436759 0.060635 
141296710482641 0.729175 -0.513938 0.450047 0.040362 
141296730358682 0.723084 -0.512747 0.462322 0.022330 
141296750234724 0.716852 -0.510321 0.475009 0.007901 
141296770110766 -0.710365 0.507254 -0.487917 0.003418 
141296789986807 -0.703614 0.504191 -0.500560 0.012560 
141296809862849 -0.698507 0.501551 -0.509987 0.021178 
141296829738891 -0.694971 0.499536 -0.516427 0.027973 
141296849614932 -0.693290 0.498814 -0.519125 0.032290 
141296869490974 -0.693708 0.499645 -0.517735 0.032775 
141296889367016 -0.693672 0.501313 -0.516504 0.026977 
141296909243057 -0.692726 0.503179 -0.516371 0.017381 
141296929119099 -0.692399 0.505966 -0.514338 0.006225 
141296948995141 0.692844 -0.509657 0.510093 0.004766 
141296968871182 0.694815 -0.514018 0.502836 0.013196 
141296988747224 0.698405 -0.518000 0.493472 0.019790 
141297008623266 0.701927 -0.521858 0.483853 0.029143 
141297028499307 0.705237 -0.526373 0.473112 0.041672 
141297048375349 0.710001 -0.530706 0.459725 0.053890 
141297068251391 0.716202 -0.534358 0.444224 0.064668 
141297088127432 0.722660 -0.537354 0.427805 0.077445 
141297108003474 0.731051 -0.538380 0.408804 0.092685 
141297127879516 0.741320 -0.537823 0.386977 0.106957 
141297147755557 0.752814 -0.536590 0.362442 0.118229 
141297167631599 0.765219 -0.534629 0.335654 0.126287 
141297187507641 0.776231 -0.532516 0.310165 0.133009 
141297207383682 0.785175 -0.530913 0.287015 0.138757 
141297227259724 0.792806 -0.528987 0.266376 0.143790 
141297247135766 0.797861 -0.526494 0.252601 0.149712 
141297267011807 0.800700 -0.523942 0.245098 0.155859 
141297286887849 0.802249 -0.522010 0.240651 0.161212 
141297306763891 0.802709 -0.520709 0.239588 0.164676 
141297326639932 0.802427 -0.519441 0.242614 0.165624 
141297346515974 0.800468 -0.519634 0.249553 0.164176 
141297366392016 0.796779 -0.521547 0.259821 0.160072 
141297386268057 0.790417 -0.524265 0.275785 0.155978 
141297406144099 0.782781 -0.527079 0.294409 0.150876 
141297426020141 0.774383 -0.530169 0.313897 0.143943 
141297445896912 0.764928 -0.533884 0.333693 0.136027 
141297465773995 0.755229 -0.537795 0.352924 0.125889 
141297485651078 0.745695 -0.541613 0.371245 0.113002 
141297505528162 0.736997 -0.544572 0.388385 0.097128 
141297525405245 0.729536 -0.545839 0.404476 0.078992 
141297545282328 0.723275 -0.545709 0.418973 0.059474 
141297565159412 0.718333 -0.544389 0.431438 0.038714 
141297585036495 0.714332 -0.541491 0.442908 0.018709 
141297604913578 0.710276 -0.537681 0.454315 0.002091 
141297624790662 -0.705660 0.533079 -0.466636 0.011038 
141297644667745 -0.700354 0.527944 -0.479910 0.021573 
141297664544828 -0.695278 0.523465 -0.491673 0.028840 
141297684421912 -0.693140 0.519950 -0.498056 0.033894 
141297704298995 -0.694858 0.517699 -0.497664 0.038606 
141297724176078 -0.697474 0.516470 -0.495231 0.039184 
141297744053162 -0.698535 0.516197 -0.494400 0.034020 
141297763930245 -0.699105 0.516627 -0.493600 0.026607 
141297783807328 -0.700585 0.517471 -0.490952 0.019244 
141297803683682 -0.703336 0.518946 -0.485650 0.012580 
141297823559724 -0.706003 0.520531 -0.480181 0.005767 
141297843435766 0.708941 -0.522365 0.473842 0.003388 
141297863311807 0.711925 -0.524890 0.466294 0.014978 
141297883187849 0.715806 -0.527074 0.457283 0.026593 
141297903063891 0.720674 -0.528479 0.447029 0.038796 
141297922939932 0.726260 -0.529029 0.435547 0.054548 
141297942815974 0.733408 -0.529098 0.420583 0.072660 
141297962692016 0.742341 -0.527262 0.403519 0.090002 
141297982568057 0.752192 -0.523991 0.385341 0.105610 
141298002444099 0.762862 -0.521066 0.364152 0.118009 
141298022320141 0.773138 -0.518695 0.341718 0.128225 
141298042196182 0.781953 -0.517183 0.319959 0.136738 
141298062072224 0.788993 -0.515926 0.300652 0.144635 
141298081948266 0.792836 -0.514039 0.288704 0.154352 
141298101824307 0.795788 -0.511131 0.280657 0.163391 
141298121700349 0.798092 -0.508440 0.275204 0.169703 
141298141576391 0.800231 -0.506532 0.271422 0.171423 
141298161452432 0.801402 -0.506351 0.269188 0.170002 
141298181328474 0.800689 -0.507191 0.271670 0.166882 
141298201204516 0.797616 -0.509217 0.279462 0.162507 
141298221080557 0.792689 -0.511954 0.291442 0.156876 
141298240956599 0.786463 -0.515282 0.305672 0.150090 
141298260832641 0.778962 -0.519138 0.321456 0.142757 
141298280708682 0.769577 -0.523864 0.338964 0.135727 
141298300584724 0.758778 -0.529413 0.357168 0.128089 
141298320460766 0.748003 -0.535113 0.374469 0.117984 
141298340336807 0.737157 -0.540838 0.390891 0.106294 
141298360212849 0.726977 -0.546126 0.405876 0.092280 
141298380088891 0.718363 -0.550758 0.418508 0.073960 
141298399964932 0.711389 -0.554531 0.428535 0.052654 
141298419840974 0.706043 -0.555801 0.437623 0.032783 
141298439717016 0.700354 -0.554806 0.448796 0.016647 
141298459593057 0.696393 -0.552919 0.457511 0.001299 
141298479469099 -0.693739 0.550545 -0.464179 0.012811 
141298499345141 -0.690593 0.548465 -0.470947 0.021849 
141298519221182 -0.687624 0.546288 -0.477476 0.027568 
141298539097432 -0.686240 0.545156 -0.480400 0.033106 
141298558974516 -0.686151 0.544784 -0.480689 0.036680 
141298578851599 -0.686260 0.545488 -0.479854 0.035056 
141298598728682 -0.686645 0.547160 -0.477706 0.030538 
141298618605766 -0.687767 0.549679 -0.473473 0.025556 
141298638482849 -0.690344 0.552194 -0.466942 0.021736 
141298658359932 -0.693172 0.554758 -0.459906 0.015580 
141298678237016 -0.695093 0.557800 -0.453517 0.005290 
141298698114099 0.698288 -0.561241 0.444261 0.005837 
141298717991182 0.702521 -0.564956 0.432491 0.015486 
141298737868266 0.707410 -0.568176 0.419732 0.023898 
141298757745349 0.712442 -0.570318 0.407394 0.034548 
141298777622432 0.718260 -0.571497 0.393977 0.047707 
141298797499516 0.726517 -0.570694 0.377654 0.062146 
141298817376599 0.736624 -0.568376 0.358490 0.076288 
141298837253682 0.747374 -0.565625 0.337368 0.087651 
141298857130766 0.757390 -0.562293 0.317224 0.097767 
141298877007849 0.766965 -0.558624 0.297291 0.106410 
141298896884932 0.775414 -0.554313 0.279982 0.114378 
141298916761287 0.781780 -0.549786 0.267303 0.122899 
141298936637328 0.787313 -0.544801 0.257094 0.131272 
141298956513370 0.792676 -0.539334 0.248854 0.137315 
141298976389412 0.797867 -0.533974 0.242324 0.139855 
141298996265453 0.801984 -0.529780 0.238054 0.139597 
141299016141495 0.804322 -0.526613 0.238074 0.138076 
141299036017537 0.804853 -0.524389 0.242462 0.135793 
141299055893578 0.803432 -0.523556 0.251579 0.130742 
141299075769620 0.799208 -0.524521 0.265451 0.125217 
141299095645662 0.792483 -0.526788 0.282943 0.120035 
141299115521703 0.783972 -0.529917 0.302606 0.114045 
141299135397745 0.774535 -0.533594 0.322453 0.106752 
141299155273787 0.764432 -0.537862 0.341491 0.098664 
141299175149828 0.754286 -0.541590 0.360519 0.088068 
141299195025870 0.745010 -0.545356 0.377007 0.073573 
141299214901912 0.736570 -0.548433 0.391938 0.055415 
141299234777953 0.728783 -0.550699 0.405365 0.035858 
141299254653995 0.722036 -0.551809 0.416998 0.016865 
141299274530037 -0.716412 0.551868 -0.426841 0.001415 
141299294406078 -0.711956 0.551098 -0.434757 0.019870 
141299314282120 -0.707720 0.550952 -0.440862 0.034999 
141299334158162 -0.704209 0.549074 -0.447683 0.046761 
141299354034203 -0.702880 0.545992 -0.452209 0.057994 
141299373910245 -0.703765 0.543509 -0.452511 0.067436 
141299393786287 -0.703694 0.542655 -0.453450 0.068736 
141299413662328 -0.703344 0.542977 -0.454209 0.064621 
141299433538370 -0.703335 0.543055 -0.454822 0.059566 
141299453414412 -0.705900 0.542427 -0.451906 0.056989 
141299473290453 -0.710009 0.541542 -0.446667 0.055752 
141299493166495 -0.713293 0.540841 -0.442937 0.050095 
141299513042537 -0.714856 0.541525 -0.440819 0.037551 
141299532918578 -0.717316 0.542611 -0.436433 0.023609 
141299552794620 -0.721158 0.543362 -0.429623 0.010604 
141299572670870 0.724949 -0.543884 0.422648 0.002638 
141299592547953 0.729012 -0.544730 0.414204 0.015669 
141299612425037 0.733698 -0.544686 0.405124 0.029632 
141299632302120 0.739831 -0.542643 0.395082 0.045813 
141299652179203 0.747332 -0.539957 0.381950 0.063675 
141299672056287 0.756469 -0.536028 0.365971 0.080604 
141299691933370 0.767211 -0.531148 0.347214 0.093330 
141299711810453 0.777561 -0.525687 0.329242 0.103213 
141299731687537 0.786587 -0.519978 0.313452 0.112476 
141299751564620 0.794714 -0.514426 0.298842 0.120362 
141299771441703 0.800127 -0.509124 0.289531 0.129466 
141299791318787 0.803858 -0.504961 0.282782 0.137336 
141299811195870 0.807313 -0.501226 0.276534 0.143345 
141299831072953 0.810440 -0.497468 0.272304 0.146844 
141299850950037 0.812476 -0.494243 0.271664 0.147668 
141299870827120 0.813081 -0.491411 0.275384 0.146899 
141299890704203 0.811423 -0.490364 0.283958 0.143193 
141299910581287 0.806407 -0.491959 0.297710 0.138025 
141299930458370 0.799049 -0.494575 0.315571 0.131645 
141299950335453 0.789597 -0.497856 0.336548 0.124143 
141299970211807 0.778589 -0.502047 0.358239 0.115808 
141299990087849 0.766969 -0.507586 0.377845 0.106519 
141300009963891 0.755574 -0.513109 0.396111 0.094459 
141300029839932 0.743844 -0.519478 0.412813 0.080144 
141300049715974 0.732548 -0.525991 0.427397 0.063511 
141300069592016 0.722255 -0.532695 0.438766 0.045472 
141300089468057 0.712992 -0.538224 0.448592 0.026886 
141300109344099 0.706051 -0.542395 0.455255 0.006527 
141300129220141 -0.701009 0.544732 -0.460121 0.011905 
141300149096182 -0.698602 0.544567 -0.463290 0.027637 
141300168972224 -0.698962 0.543202 -0.463359 0.041019 
141300188848266 -0.698985 0.542125 -0.463676 0.050273 
141300208724307 -0.698916 0.541773 -0.463636 0.055119 
141300228600349 -0.698340 0.542659 -0.463426 0.055528 
141300248476391 -0.697601 0.543528 -0.463874 0.052412 
141300268352432 -0.698435 0.543900 -0.462551 0.049082 
141300288228474 -0.700781 0.544261 -0.458871 0.046089 
141300308104516 -0.703192 0.545233 -0.454689 0.038728 
141300327980557 -0.705479 0.547571 -0.449217 0.025878 
141300347856599 -0.707874 0.550125 -0.442814 0.013866 
141300367732641 -0.709776 0.551618 -0.438103 0.001495 
141300387608682 0.713289 -0.553016 0.430356 0.013667 
141300407484724 0.717727 -0.554166 0.420574 0.029762 
141300427360766 0.723060 -0.554140 0.410143 0.043538 
141300447236807 0.729836 -0.552790 0.397993 0.057913 
141300467112849 0.737458 -0.550264 0.384304 0.075324 
141300486988891 0.747288 -0.546750 0.366954 0.089274 
141300506864932 0.758202 -0.542863 0.347081 0.099816 
141300526740974 0.768199 -0.538520 0.327595 0.112031 
141300546617016 0.776923 -0.533425 0.310041 0.125392 
141300566493057 0.785445 -0.527885 0.293561 0.135028 
141300586369307 0.792973 -0.522832 0.279735 0.139955 
141300606246391 0.798411 -0.518752 0.269396 0.144434 
141300626123474 0.801708 -0.515510 0.262055 0.151136 
141300646000557 0.803746 -0.512519 0.258750 0.156094 
141300665877641 0.805075 -0.508345 0.261096 0.158960 
141300685754724 0.805601 -0.506162 0.264610 0.157446 
141300705631807 0.804457 -0.506185 0.270808 0.152607 
141300725508891 0.799819 -0.508045 0.283344 0.147970 
141300745385974 0.793126 -0.511240 0.299108 0.141844 
141300765263057 0.784214 -0.515575 0.317305 0.136049 
141300785140141 0.773625 -0.520983 0.336625 0.129474 
141300805017224 0.762175 -0.527217 0.355656 0.121000 
141300824894307 0.750847 -0.532700 0.374273 0.111246 
141300844771391 0.740445 -0.538144 0.390735 0.097306 
141300864648474 0.730305 -0.543764 0.405726 0.079753 
141300884525557 0.720789 -0.548031 0.420108 0.060329 
141300904402641 0.713307 -0.550299 0.432355 0.037857 
141300924279724 0.706776 -0.551161 0.443130 0.018046 
141300944156807 -0.701504 0.550351 -0.452776 0.000041 
141300964033891 -0.700058 0.548162 -0.457248 0.019016 
141300983910974 -0.698454 0.546922 -0.460310 0.033964 
141301003787328 -0.696321 0.546999 -0.462529 0.044672 
141301023663370 -0.693908 0.549038 -0.462688 0.054468 
141301043539412 -0.691443 0.552867 -0.461100 0.060241 
141301063415453 -0.690319 0.556842 -0.457675 0.062586 
141301083291495 -0.689425 0.559675 -0.455308 0.064413 
141301103167537 -0.689857 0.563489 -0.449903 0.064557 
141301123043578 -0.693103 0.566317 -0.441573 0.062454 
141301142919620 -0.696671 0.567737 -0.434739 0.057669 
141301162795662 -0.699522 0.570063 -0.428272 0.047755 
141301182671703 -0.701141 0.573447 -0.422322 0.034690 
141301202547745 -0.702328 0.577056 -0.416303 0.020847 
141301222423787 -0.704053 0.581145 -0.408120 0.004076 
141301242299828 0.707110 -0.584619 0.397464 0.015467 
141301262175870 0.714054 -0.585790 0.382051 0.031832 
141301282051912 0.723164 -0.584688 0.365002 0.044136 
141301301927953 0.731515 -0.582842 0.349335 0.056123 
141301321803995 0.739242 -0.581335 0.333370 0.066581 
141301341680037 0.746821 -0.579439 0.317263 0.076500 
141301361556078 0.754690 -0.576471 0.301015 0.086691 
141301381432120 0.762496 -0.571980 0.285849 0.098640 
141301401308162 0.771287 -0.565676 0.270533 0.109263 
141301421184203 0.781261 -0.558223 0.254917 0.114176 
141301441060245 0.791115 -0.551043 0.240955 0.111484 
141301460936287 0.797962 -0.545366 0.233875 0.105527 
141301480812328 0.800943 -0.541992 0.234187 0.099457 
141301500688370 0.800337 -0.540902 0.240868 0.094171 
141301520564412 0.796622 -0.541757 0.252725 0.089563 
141301540440453 0.790360 -0.544345 0.268317 0.083818 
141301560316703 0.781874 -0.548506 0.286311 0.076405 
141301580193787 0.770758 -0.554288 0.306385 0.069470 
141301600070870 0.757990 -0.561232 0.325864 0.065453 
141301619947953 0.746301 -0.567508 0.341691 0.064928 
141301639825037 0.738431 -0.571104 0.352277 0.066778 
141301659702120 0.736637 -0.571433 0.355119 0.068689 
141301679579203 0.737678 -0.570658 0.353823 0.070651 
141301699456287 0.740477 -0.569164 0.349794 0.073413 
141301719333370 0.745250 -0.566838 0.342660 0.076712 
141301739210453 0.751434 -0.563815 0.333314 0.079771 
141301759087537 0.758210 -0.559891 0.323797 0.082430 
141301778964620 0.765037 -0.555875 0.313803 0.085145 
141301798841703 0.772597 -0.551932 0.301606 0.086582 
141301818718787 0.780173 -0.548449 0.288152 0.086634 
141301838595870 0.786908 -0.545597 0.275209 0.085801 
141301858472953 0.791769 -0.543922 0.264863 0.084276 
141301878350037 0.794833 -0.543387 0.257168 0.082687 
141301898227120 0.796356 -0.543837 0.252178 0.080411 
141301918104203 0.795848 -0.545365 0.251361 0.077626 
141301937981287 0.793776 -0.547887 0.253560 0.073790 
141301957858370 0.790046 -0.550869 0.259728 0.070047 
141301977735453 0.783854 -0.554838 0.270407 0.067837 
141301997611807 0.776977 -0.559335 0.281329 0.065584 
141302017487849 0.772283 -0.562484 0.288858 0.061213 
141302037363891 0.768721 -0.564408 0.295193 0.058074 
141302057239932 0.766603 -0.564365 0.301059 0.056392 
141302077115974 0.766118 -0.562860 0.305495 0.054067 
141302096992016 0.766689 -0.560894 0.307847 0.053151 
141302116868057 0.769201 -0.557489 0.307633 0.053824 
141302136744099 0.774267 -0.552436 0.303856 0.054800 
141302156620141 0.779891 -0.546337 0.300065 0.057053 
141302176496182 0.783191 -0.541768 0.298817 0.061721 
141302196372224 0.787180 -0.538080 0.294121 0.065647 
141302216248266 0.792681 -0.532857 0.287962 0.069237 
141302236124307 0.798000 -0.527341 0.282673 0.072107 
141302256000349 0.802001 -0.522505 0.279858 0.073866 
141302275876391 0.804337 -0.518764 0.279700 0.075458 
141302295752432 0.806528 -0.515588 0.279035 0.076283 
141302315628474 0.808927 -0.512872 0.277618 0.074352 
141302335504516 0.810083 -0.510342 0.279155 0.073442 
141302355380557 0.809956 -0.508029 0.283612 0.073748 
141302375256599 0.809411 -0.506459 0.288160 0.072928 
141302395132641 0.808831 -0.505275 0.292260 0.071238 
141302415008682 0.806852 -0.504728 0.298702 0.070821 
141302434884724 0.804216 -0.504918 0.305321 0.071274 
141302454760766 0.801966 -0.505225 0.310547 0.071778 
141302474636807 0.799641 -0.505692 0.315630 0.072328 
141302494512849 0.796606 -0.506519 0.321468 0.074242 
141302514388891 0.794236 -0.507245 0.325764 0.075971 
141302534264932 0.792641 -0.507891 0.328172 0.077891 
141302554141703 0.791474 -0.508366 0.329858 0.079550 
141302574018787 0.790393 -0.508786 0.331369 0.081318 
141302593895870 0.790815 -0.507964 0.331274 0.082729 
141302613772953 0.791779 -0.506710 0.330589 0.083903 
141302633650037 0.793304 -0.505096 0.328979 0.085547 
141302653527120 0.795673 -0.503061 0.326123 0.086477 
141302673404203 0.798056 -0.501278 0.322781 0.087398 
141302693281004 0.800283 -0.499819 0.319159 0.088680 
141302713158087 0.802364 -0.498549 0.315589 0.089814 
141302733035170 0.803633 -0.497514 0.313546 0.091318 
141302752912254 0.804692 -0.496656 0.311875 0.092385 
141302772789337 0.805074 -0.496412 0.311002 0.093328 
141302792666420 0.804523 -0.496762 0.311374 0.094954 
141302812543504 0.803335 -0.497507 0.312863 0.096202 
141302832420587 0.801422 -0.498711 0.315522 0.097229 
141302852297670 0.799204 -0.500212 0.318534 0.097973 
141302872174754 0.796298 -0.501996 0.322619 0.099127 
141302892051837 0.793521 -0.503563 0.326734 0.099963 
141302911928920 0.791725 -0.504770 0.329360 0.099514 
141302931806004 0.790172 -0.505857 0.331749 0.098378 
141302951683087 0.788880 -0.506561 0.333896 0.097877 
141302971560170 0.787758 -0.507304 0.335242 0.098467 
141302991436524 0.787000 -0.507925 0.335752 0.099583 
141303011312566 0.786929 -0.508180 0.335099 0.101003 
141303031188608 0.787276 -0.507954 0.334160 0.102543 
141303051064649 0.787572 -0.507816 0.333144 0.104260 
141303070940691 0.787757 -0.508400 0.331258 0.105992 
141303090816733 0.788065 -0.509450 0.328382 0.107617 
141303110692774 0.788537 -0.510588 0.325141 0.108602 
141303130568816 0.788598 -0.511907 0.322660 0.109342 
141303150444858 0.788464 -0.513649 0.320065 0.109762 
141303170320899 0.787971 -0.515775 0.317737 0.110093 
141303190196941 0.787064 -0.518073 0.316104 0.110491 
141303210072983 0.786199 -0.520435 0.314563 0.109944 
141303229949024 0.785116 -0.522628 0.313819 0.109412 
141303249825066 0.783461 -0.525225 0.313698 0.109188 
141303269701108 0.781661 -0.527884 0.313772 0.109047 
141303289577149 0.779935 -0.530098 0.314442 0.108730 
141303309453191 0.778985 -0.531747 0.314432 0.107515 
141303329329233 0.778150 -0.533240 0.314392 0.106291 
141303349205274 0.776815 -0.535024 0.314649 0.106315 
141303369081316 0.776121 -0.536261 0.314353 0.106036 
141303388957358 0.775248 -0.537417 0.314597 0.105845 
141303408833399 0.775055 -0.538312 0.313748 0.105235 
141303428709441 0.775354 -0.538741 0.312510 0.104506 
141303448585483 0.775498 -0.539143 0.311448 0.104539 
141303468461524 0.775982 -0.539375 0.309944 0.104212 
141303488337566 0.776836 -0.539320 0.308173 0.103393 
141303508213608 0.777599 -0.539210 0.306585 0.102937 
141303528089858 0.778549 -0.538965 0.304809 0.102309 
141303547966941 0.779416 -0.538719 0.303293 0.101534 
141303567844024 0.780230 -0.538327 0.302120 0.100842 
141303587721108 0.781427 -0.537572 0.300847 0.099388 
141303607598191 0.781783 -0.537300 0.300750 0.098340 
141303627475274 0.781854 -0.537048 0.301164 0.097883 
141303647352358 0.781960 -0.536846 0.301460 0.097238 
141303667229441 0.781747 -0.536762 0.302255 0.096953 
141303687106524 0.781660 -0.536175 0.303704 0.096381 
141303706983608 0.781232 -0.535757 0.305693 0.095875 
141303726860691 0.781038 -0.535297 0.307079 0.095600 
141303746737774 0.780713 -0.534864 0.308654 0.095595 
141303766614858 0.780363 -0.534179 0.310555 0.096130 
141303786491941 0.780000 -0.533297 0.312818 0.096646 
141303806369024 0.779951 -0.532521 0.314202 0.096835 
141303826246108 0.780045 -0.531560 0.315390 0.097477 
141303846123191 0.780503 -0.530407 0.316118 0.097752 
141303866000274 0.781151 -0.528964 0.316879 0.097916 
141303885877358 0.781903 -0.527345 0.317739 0.097858 
141303905754441 0.781691 -0.526550 0.319193 0.099083 
141303925631524 0.782184 -0.525611 0.319246 0.100022 
141303945508608 0.783197 -0.524174 0.319135 0.099991 
141303965385483 0.783205 -0.523173 0.320509 0.100750 
141303985261524 0.783781 -0.522228 0.320609 0.100873 
141304005137566 0.784281 -0.521898 0.319951 0.100784 
141304025013608 0.783882 -0.521956 0.320628 0.101436 
141304044889649 0.782993 -0.522364 0.321944 0.102036 
141304064765691 0.782180 -0.523073 0.322705 0.102229 
141304084641733 0.781752 -0.523660 0.322917 0.101826 
141304104517774 0.779741 -0.525229 0.325009 0.102502 
141304124393816 0.777985 -0.526820 0.326546 0.102804 
141304144269858 0.777573 -0.527269 0.327128 0.101783 
141304164145899 0.776375 -0.528100 0.328742 0.101397 
141304184021941 0.774503 -0.529642 0.330363 0.102390 
141304203897983 0.772946 -0.530858 0.331839 0.103098 
141304223774024 0.772007 -0.531582 0.332720 0.103549 
141304243650066 0.771514 -0.532332 0.332702 0.103428 
141304263526108 0.770593 -0.533470 0.332818 0.104067 
141304283402149 0.769683 -0.534062 0.333573 0.105325 
141304303278191 0.769087 -0.534757 0.333706 0.105735 
141304323154233 0.768713 -0.535833 0.332669 0.106278 
141304343030274 0.768411 -0.536599 0.331815 0.107261 
141304362906316 0.767963 -0.537333 0.331363 0.108196 
141304382782358 0.767693 -0.538165 0.330350 0.109068 
141304402658399 0.768224 -0.538786 0.328081 0.109101 
141304422534441 0.767746 -0.539788 0.327280 0.109928 
141304442410483 0.766614 -0.541219 0.327071 0.111400 
141304462286524 0.766330 -0.542394 0.325585 0.111982 
141304482162566 0.765609 -0.543761 0.324623 0.113086 
141304502038608 0.764686 -0.545132 0.324094 0.114241 
141304521915379 0.763649 -0.546513 0.324019 0.114789 
141304541792462 0.763131 -0.547666 0.323299 0.114763 
141304561669545 0.762770 -0.548858 0.322124 0.114769 
141304581546629 0.761710 -0.550182 0.321987 0.115850 
141304601423712 0.760272 -0.551526 0.322688 0.116953 
141304621300795 0.759880 -0.552498 0.322081 0.116574 
141304641177879 0.758989 -0.553763 0.322011 0.116579 
141304661054962 0.758184 -0.554882 0.321857 0.116923 
141304680932045 0.757899 -0.555665 0.321389 0.116344 
141304700809129 0.757386 -0.556443 0.321424 0.115875 
141304720686212 0.757004 -0.557199 0.321152 0.115486 
141304740563295 0.756916 -0.557749 0.320550 0.115071 
141304760440379 0.756646 -0.558254 0.320320 0.115049 
141304780317462 0.756740 -0.558558 0.319739 0.114552 
141304800194545 0.756920 -0.558706 0.319278 0.113931 
141304820071629 0.756957 -0.558884 0.318949 0.113738 
141304839948712 0.757278 -0.558961 0.318213 0.113289 
141304859825795 0.757016 -0.559176 0.318472 0.113250 
141304879702879 0.756728 -0.559560 0.318481 0.113244 
141304899579962 0.756844 -0.560017 0.317563 0.112799 
141304919457045 0.756656 -0.560411 0.317316 0.112784 
141304939333920 0.756392 -0.560867 0.317149 0.112760 
141304959209962 0.756911 -0.561100 0.315845 0.111773 
141304979086004 0.757376 -0.561081 0.315009 0.111080 
141304998962045 0.757012 -0.561498 0.315053 0.111329 
141305018838087 0.757317 -0.561704 0.314057 0.111024 
141305038714129 0.757621 -0.561840 0.313175 0.110762 
141305058590170 0.758083 -0.561893 0.311975 0.110725 
141305078466212 0.758816 -0.561613 0.310903 0.110125 
141305098342254 0.759388 -0.561186 0.310432 0.109684 
141305118218295 0.760627 -0.560276 0.309333 0.108848 
141305138094337 0.761452 -0.559758 0.308380 0.108463 
141305157970379 0.762005 -0.558678 0.308703 0.109215 
141305177846420 0.762638 -0.557407 0.309395 0.109338 
141305197722462 0.763848 -0.555802 0.309644 0.108356 
141305217598504 0.765151 -0.554343 0.309383 0.107390 
141305237474545 0.766176 -0.552910 0.309536 0.107020 
141305257350587 0.766951 -0.551560 0.310255 0.106341 
141305277226629 0.767226 -0.550611 0.311420 0.105881 
141305297102670 0.768200 -0.549003 0.312077 0.105222 
141305316978712 0.768710 -0.547590 0.313412 0.104885 
141305336854754 0.769074 -0.546249 0.314855 0.104908 
141305356730795 0.769654 -0.544885 0.316053 0.104119 
141305376606837 0.770417 -0.543552 0.316868 0.102962 
141305396482879 0.771173 -0.542127 0.317694 0.102283 
141305416358920 0.772104 -0.540623 0.318165 0.101766 
141305436234962 0.773151 -0.539090 0.318507 0.100857 
141305456111004 0.773868 -0.537915 0.319265 0.099232 
141305475987045 0.774701 -0.536610 0.319960 0.097526 
141305495863087 0.775482 -0.535393 0.320569 0.096000 
141305515739129 0.776094 -0.534443 0.321265 0.094011 
141305535615899 0.776725 -0.533425 0.322265 0.091104 
141305555492983 0.777001 -0.532151 0.324586 0.087915 
141305575370066 0.777358 -0.530859 0.326575 0.085159 
141305595247149 0.778270 -0.529557 0.327264 0.082223 
141305615124233 0.778987 -0.528414 0.328064 0.079598 
141305635001316 0.779520 -0.527472 0.328826 0.077429 
141305654878399 0.780252 -0.526718 0.328817 0.075185 
141305674755483 0.781220 -0.526105 0.327948 0.073170 
141305694632566 0.781970 -0.525584 0.327392 0.071429 
141305714509649 0.781648 -0.525611 0.328204 0.071016 
141305734386733 0.781859 -0.525314 0.328295 0.070451 
141305754263816 0.781907 -0.525422 0.328183 0.069651 
141305774140899 0.781595 -0.525624 0.328619 0.069527 
141305794017983 0.780923 -0.525792 0.329880 0.069862 
141305813895066 0.780853 -0.525537 0.330506 0.069589 
141305833772149 0.780698 -0.525324 0.331332 0.068996 
141305853649233 0.780080 -0.525252 0.332893 0.069037 
141305873526316 0.778959 -0.525321 0.335269 0.069688 
141305893403399 0.778178 -0.525348 0.336922 0.070263 
141305913280483 0.777243 -0.525428 0.338761 0.071122 
141305933157566 0.776217 -0.525487 0.340752 0.072369 
141305953033920 0.775747 -0.525073 0.342339 0.072904 
141305972909962 0.775213 -0.524686 0.344059 0.073308 
141305992786004 0.775399 -0.523888 0.344904 0.073060 
141306012662045 0.774629 -0.523827 0.346574 0.073793 
141306032538087 0.774155 -0.523563 0.347851 0.074606 
141306052414129 0.774193 -0.523200 0.348229 0.074981 
141306072290170 0.774204 -0.522838 0.348549 0.075917 
141306092166212 0.773582 -0.522877 0.349497 0.077589 
141306112042254 0.772918 -0.523152 0.350209 0.079138 
141306131918295 0.772241 -0.523547 0.350891 0.080128 
141306151794337 0.771161 -0.524715 0.351283 0.081151 
141306171670379 0.770149 -0.525890 0.351420 0.082543 
141306191546420 0.768278 -0.528040 0.351799 0.084611 
141306211422462 0.766380 -0.530455 0.351980 0.085956 
141306231298504 0.764166 -0.533181 0.352455 0.086832 
141306251174545 0.762616 -0.535923 0.351625 0.086956 
141306271050587 0.760839 -0.538770 0.351054 0.087263 
141306290926629 0.758572 -0.541972 0.350762 0.088330 
141306310802670 0.756896 -0.545236 0.349362 0.088153 
141306330678712 0.755162 -0.548930 0.347609 0.087016 
141306350554754 0.753518 -0.552493 0.345552 0.086919 
141306370430795 0.752345 -0.555811 0.342738 0.087083 
141306390306837 0.750839 -0.559475 0.339868 0.087847 
141306410182879 0.749575 -0.562873 0.336842 0.088587 
141306430058920 0.748832 -0.565492 0.334163 0.088366 
141306449934962 0.747890 -0.568294 0.331468 0.088493 
141306469811004 0.747659 -0.570431 0.328318 0.088425 
141306489687045 0.747509 -0.572220 0.325582 0.088256 
141306509563087 0.747060 -0.573805 0.323736 0.088543 
141306529439129 0.747181 -0.574833 0.321751 0.088116 
141306549315170 0.747417 -0.575492 0.320096 0.087833 
141306569191941 0.747938 -0.575650 0.318743 0.087287 
141306589069024 0.747650 -0.576191 0.318508 0.087051 
141306608946108 0.747302 -0.576447 0.318881 0.086940 
141306628823191 0.747187 -0.576707 0.318871 0.086252 
141306648700274 0.747347 -0.576814 0.318531 0.085402 
141306668577358 0.747123 -0.576832 0.319210 0.084687 
141306688454441 0.747225 -0.576738 0.319473 0.083458 
141306708331524 0.748067 -0.576302 0.318804 0.081444 
141306728208608 0.748504 -0.576049 0.318601 0.080005 
141306748085691 0.749017 -0.575795 0.318196 0.078638 
141306767962774 0.749661 -0.575303 0.318074 0.076564 
141306787839858 0.750657 -0.574747 0.317001 0.075447 
141306807716941 0.751810 -0.574098 0.315808 0.073898 
141306827594024 0.752976 -0.573566 0.314324 0.072459 
141306847471108 0.753722 -0.573487 0.312916 0.071380 
141306867348191 0.754593 -0.572834 0.312210 0.070557 
141306887225274 0.755679 -0.572165 0.310975 0.069813 
141306907102358 0.756859 -0.571465 0.309471 0.069444 
141306926979441 0.757885 -0.570805 0.308184 0.069377 
141306946856524 0.758949 -0.569660 0.307515 0.070141 
141306966732879 0.760828 -0.568316 0.305564 0.069206 
141306986608920 0.762486 -0.566380 0.305065 0.068990 
141307006484962 0.764196 -0.563963 0.305221 0.069208 
141307026361004 0.766005 -0.561467 0.305257 0.069326 
141307046237045 0.768084 -0.558509 0.305580 0.068808 
141307066113087 0.770337 -0.555916 0.304955 0.067386 
141307085989129 0.772206 -0.553420 0.304974 0.066452 
141307105865170 0.774046 -0.550741 0.305375 0.065463 
141307125741212 0.775746 -0.548231 0.305709 0.064829 
141307145617254 0.777496 -0.545094 0.306937 0.064470 
141307165493295 0.778845 -0.542639 0.307940 0.064146 
141307185369337 0.779663 -0.540527 0.309363 0.065121 
141307205245379 0.781069 -0.538326 0.309766 0.064679 
141307225121420 0.781988 -0.536017 0.311451 0.064670 
141307244997462 0.782448 -0.534308 0.313225 0.064656 
141307264873504 0.783441 -0.532455 0.314036 0.064022 
141307284749545 0.784720 -0.530546 0.314354 0.062582 
141307304625587 0.785821 -0.528681 0.314994 0.061335 
141307324501629 0.787354 -0.526469 0.315138 0.059946 
141307344377670 0.788522 -0.524367 0.315949 0.058776 
141307364253712 0.789520 -0.522478 0.316699 0.058077 
141307384129754 0.792013 -0.519803 0.315227 0.056157 
141307404005795 0.793834 -0.517427 0.314748 0.055057 
141307423881837 0.795706 -0.514848 0.314290 0.054809 
141307443757879 0.797927 -0.512143 0.313142 0.054456 
141307463633920 0.800285 -0.509341 0.311748 0.054118 
141307483509962 0.802012 -0.507054 0.311041 0.054062 
141307503386004 0.803593 -0.504823 0.310557 0.054269 
141307523262045 0.805112 -0.502566 0.310249 0.054574 
141307543138087 0.806527 -0.500582 0.309678 0.055046 
141307563014129 0.808081 -0.498197 0.309477 0.054991 
141307582890170 0.809332 -0.495916 0.309976 0.054439 
141307602766941 0.810681 -0.493720 0.310036 0.053926 
141307622644024 0.812295 -0.491332 0.309680 0.053482 
141307642521108 0.813567 -0.488770 0.310441 0.053260 
141307662398191 0.814780 -0.486027 0.311616 0.053052 
141307682275274 0.816376 -0.482732 0.312572 0.052917 
141307702152358 0.817856 -0.478600 0.315023 0.053113 
141307722029441 0.818912 -0.473183 0.320466 0.052696 
141307741906524 0.820874 -0.468088 0.323150 0.051294 
141307761783608 0.825151 -0.463001 0.319537 0.051500 
141307781660691 0.830714 -0.456003 0.314124 0.057464 
141307801537774 0.837468 -0.447221 0.307165 0.065541 
141307821414858 0.843660 -0.439529 0.299375 0.073663 
141307841291941 0.848061 -0.434114 0.292541 0.082215 
141307861169024 0.850616 -0.430779 0.286988 0.092305 
141307881046108 0.852722 -0.428636 0.280199 0.103089 
141307900923191 0.854039 -0.426957 0.275445 0.111612 
141307920800274 0.855017 -0.426376 0.271164 0.116706 
141307940677358 0.855385 -0.426306 0.269719 0.117616 
141307960554441 0.854367 -0.427090 0.272836 0.114940 
141307980431524 0.851353 -0.429243 0.280838 0.109906 
141308000307879 0.844660 -0.432548 0.296974 0.106117 
141308020183920 0.835801 -0.437335 0.315897 0.101894 
141308040059962 0.825772 -0.442477 0.335975 0.097137 
141308059936004 0.815507 -0.445740 0.357453 0.092156 
141308079812045 0.806525 -0.447873 0.376585 0.084324 
141308099688087 0.797874 -0.450335 0.393630 0.075205 
141308119564129 0.789684 -0.452318 0.409603 0.063456 
141308139440170 0.781975 -0.455159 0.422921 0.049824 
141308159316212 0.775469 -0.457887 0.433401 0.033930 
141308179192254 0.770027 -0.459980 0.441885 0.014700 
141308199068295 -0.764778 0.462523 -0.448514 0.004583 
141308218944337 -0.759710 0.463521 -0.455567 0.021159 
141308238820379 -0.755219 0.462630 -0.463003 0.035298 
141308258696420 -0.751788 0.460940 -0.469149 0.047416 
141308278572462 -0.747611 0.459444 -0.476122 0.057441 
141308298448504 -0.744266 0.458349 -0.481454 0.064700 
141308318324545 -0.742755 0.457554 -0.483828 0.069741 
141308338200587 -0.742520 0.456834 -0.484279 0.073776 
141308358076629 -0.742456 0.456188 -0.484743 0.075376 
141308377952670 -0.741658 0.456439 -0.486080 0.073018 
141308397828712 -0.739880 0.456790 -0.489074 0.068707 
141308417704754 -0.738286 0.457076 -0.491991 0.062896 
141308437580795 -0.736946 0.457252 -0.494833 0.054425 
141308457456837 -0.734564 0.457232 -0.499538 0.042627 
141308477332879 -0.733104 0.456621 -0.503219 0.028746 
141308497208920 -0.732211 0.456197 -0.505552 0.012968 
141308517084962 0.732928 -0.456333 0.504554 0.001221 
141308536961004 0.735752 -0.457284 0.499362 0.014061 
141308556837045 0.736720 -0.459305 0.495462 0.028280 
141308576713087 0.737611 -0.461365 0.491147 0.042968 
141308596589129 0.740438 -0.462743 0.484135 0.056881 
141308616465170 0.745241 -0.462314 0.475170 0.071383 
141308636341212 0.752424 -0.459582 0.463449 0.088621 
141308656217983 0.762129 -0.455815 0.447620 0.105010 
141308676095066 0.772893 -0.453048 0.428473 0.117444 
141308695972149 0.783646 -0.451904 0.406698 0.127583 
141308715849233 0.794398 -0.451398 0.382819 0.136462 
141308735726316 0.804219 -0.451518 0.358844 0.143514 
141308755603399 0.812446 -0.452217 0.336209 0.149645 
141308775480483 0.819151 -0.452747 0.315839 0.155744 
141308795357566 0.823644 -0.452980 0.300636 0.161366 
141308815234649 0.826265 -0.453849 0.289866 0.165187 
141308835111733 0.827190 -0.455542 0.283004 0.167770 
141308854988816 0.826300 -0.457380 0.281901 0.169008 
141308874865899 0.824147 -0.460919 0.283273 0.167609 
141308894742983 0.820668 -0.464608 0.289127 0.164469 
141308914620066 0.815409 -0.468135 0.299916 0.161270 
141308934497149 0.809818 -0.471267 0.312047 0.157250 
141308954374233 0.803573 -0.474202 0.325905 0.152284 
141308974251316 0.796535 -0.477648 0.340260 0.146994 
141308994128399 0.789095 -0.480597 0.355808 0.140558 
141309014005483 0.780660 -0.484206 0.371624 0.134202 
141309033882358 0.772492 -0.487886 0.386516 0.125810 
141309053758399 0.764435 -0.491830 0.400942 0.113975 
141309073634441 0.756893 -0.496255 0.413562 0.099044 
141309093510483 0.750314 -0.499293 0.425581 0.081332 
141309113386524 0.744383 -0.500826 0.437107 0.063235 
141309133262566 0.739542 -0.501102 0.447124 0.045335 
141309153138608 0.734843 -0.500584 0.456768 0.028006 
141309173014649 0.729957 -0.499617 0.466232 0.013162 
141309192890691 0.725327 -0.498063 0.475220 0.000528 
141309212766733 -0.720424 0.495696 -0.484951 0.009855 
141309232642774 -0.715590 0.493660 -0.493872 0.017905 
141309252518816 -0.712380 0.492039 -0.499773 0.025272 
141309272394858 -0.710996 0.490910 -0.502428 0.032530 
141309292270899 -0.710498 0.490354 -0.503278 0.038174 
141309312146941 -0.710631 0.490673 -0.502658 0.039738 
141309332022983 -0.710242 0.492003 -0.502147 0.036583 
141309351899024 -0.709198 0.493853 -0.502192 0.030829 
141309371775066 -0.708366 0.495955 -0.501671 0.023913 
141309391651108 -0.708377 0.498154 -0.499769 0.016593 
141309411527149 -0.708602 0.500393 -0.497414 0.008302 
141309431403191 0.709758 -0.502143 0.494060 0.001047 
141309451279233 0.711965 -0.503281 0.489550 0.012445 
141309471155274 0.713735 -0.503543 0.486131 0.026527 
141309491031316 0.716399 -0.504054 0.480658 0.040865 
141309510907358 0.719711 -0.504909 0.473341 0.055078 
141309530783399 0.724241 -0.505707 0.463737 0.068408 
141309550659441 0.730892 -0.506433 0.450455 0.080102 
141309570535483 0.738134 -0.505589 0.437072 0.092225 
141309590411524 0.746436 -0.503587 0.421851 0.106188 
141309610287566 0.756236 -0.501045 0.403460 0.119504 
141309630163608 0.766851 -0.498036 0.383427 0.129939 
141309650039649 0.777139 -0.495462 0.362688 0.137951 
141309669915691 0.787872 -0.493432 0.339503 0.143249 
141309689791733 0.797888 -0.492144 0.315730 0.146572 
141309709667774 0.805729 -0.491042 0.295409 0.149706 
141309729544545 0.811404 -0.489228 0.280435 0.153741 
141309749421629 0.815366 -0.486772 0.270579 0.158172 
141309769298712 0.817769 -0.484679 0.265015 0.161572 
141309789175795 0.819267 -0.483838 0.261232 0.162665 
141309809052879 0.819039 -0.484033 0.261874 0.162199 
141309828929962 0.816709 -0.485634 0.267393 0.160144 
141309848807045 0.812541 -0.488822 0.276477 0.156179 
141309868684129 0.806121 -0.493038 0.289895 0.151800 
141309888561212 0.798776 -0.497051 0.305649 0.146552 
141309908438295 0.790186 -0.501145 0.323123 0.141601 
141309928315379 0.781276 -0.505113 0.340393 0.136380 
141309948192462 0.772528 -0.508166 0.357795 0.130196 
141309968069545 0.763894 -0.510273 0.375702 0.122214 
141309987946629 0.755127 -0.512389 0.393680 0.110709 
141310007823712 0.746460 -0.514609 0.410612 0.096811 
141310027700795 0.739376 -0.515342 0.425516 0.081739 
141310047577879 0.733475 -0.515002 0.438828 0.064876 
141310067454962 0.727964 -0.514641 0.450551 0.047071 
141310087331837 0.723471 -0.513883 0.460081 0.028969 
141310107207879 0.719327 -0.512276 0.469043 0.011807 
141310127083920 -0.713708 0.510963 -0.479097 0.001820 
141310146959962 -0.707033 0.510093 -0.489663 0.011840 
141310166836004 -0.701147 0.509874 -0.497960 0.021382 
141310186712045 -0.697274 0.510377 -0.502350 0.031130 
141310206588087 -0.695435 0.511440 -0.503247 0.039268 
141310226464129 -0.695099 0.513018 -0.501735 0.043723 
141310246340170 -0.694721 0.514940 -0.500392 0.042517 
141310266216212 -0.693579 0.517386 -0.499893 0.036964 
141310286092254 -0.693522 0.520139 -0.497560 0.030271 
141310305968295 -0.694909 0.522917 -0.493050 0.023679 
141310325844337 -0.697029 0.525078 -0.488021 0.016700 
141310345720379 -0.699676 0.526761 -0.482613 0.007817 
141310365596420 0.702097 -0.528355 0.477378 0.003357 
141310385472462 0.704316 -0.529641 0.472429 0.015180 
141310405348504 0.707194 -0.530554 0.466564 0.026612 
141310425224545 0.712229 -0.531074 0.457497 0.037236 
141310445100587 0.718673 -0.530902 0.446489 0.047961 
141310464976629 0.724591 -0.530701 0.435613 0.059733 
141310484852670 0.730075 -0.530647 0.424369 0.072896 
141310504728712 0.736583 -0.529171 0.411684 0.089092 
141310524604754 0.744896 -0.525204 0.397467 0.106352 
141310544480795 0.754907 -0.520238 0.380799 0.120246 
141310564356837 0.766563 -0.514797 0.361345 0.129596 
141310584232879 0.779634 -0.508664 0.338887 0.136340 
141310604108920 0.791893 -0.502479 0.316635 0.141999 
141310623984962 0.802479 -0.497325 0.295830 0.145534 
141310643861004 0.811606 -0.492959 0.276883 0.147046 
141310663737045 0.818192 -0.488627 0.263551 0.149480 
141310683613087 0.821877 -0.485123 0.256457 0.152985 
141310703489129 0.823554 -0.482338 0.254146 0.156584 
141310723365170 0.823003 -0.480960 0.256598 0.159691 
141310743241212 0.821418 -0.481119 0.260990 0.160253 
141310763117254 0.818236 -0.482723 0.268668 0.159016 
141310782993295 0.813201 -0.485530 0.280104 0.156544 
141310802869337 0.807740 -0.488830 0.292465 0.151875 
141310822745587 0.801184 -0.492853 0.305857 0.147146 
141310842622670 0.793737 -0.497176 0.320116 0.142557 
141310862499754 0.786217 -0.501149 0.334546 0.137076 
141310882376837 0.778622 -0.505132 0.348767 0.130195 
141310902253920 0.770775 -0.509425 0.363030 0.120834 
141310922131004 0.762205 -0.514384 0.377566 0.109065 
141310942008087 0.753990 -0.518795 0.391539 0.095131 
141310961885170 0.746211 -0.522464 0.404742 0.079882 
141310981762254 0.738723 -0.525946 0.416435 0.065171 
141311001639337 0.731752 -0.527342 0.428803 0.050890 
141311021516420 0.725785 -0.527104 0.440550 0.036246 
141311041393504 0.720786 -0.525961 0.451015 0.020439 
141311061270587 0.716242 -0.524725 0.460024 0.006269 
141311081147670 -0.712093 0.522629 -0.468782 0.005134 
141311101024754 -0.708121 0.520543 -0.476883 0.013492 
141311120901837 -0.704391 0.518619 -0.484303 0.017834 
141311140778920 -0.702299 0.516954 -0.488975 0.020913 
141311160656004 -0.703017 0.516158 -0.488603 0.024820 
141311180532879 -0.704177 0.515657 -0.487334 0.027154 
141311200408920 -0.705851 0.515873 -0.484688 0.026975 
141311220284962 -0.707629 0.516539 -0.481486 0.024902 
141311240161004 -0.708592 0.517130 -0.479568 0.022104 
141311260037045 -0.710394 0.517637 -0.476499 0.018484 
141311279913087 -0.711495 0.518443 -0.474181 0.012026 
141311299789129 -0.712602 0.518791 -0.472263 0.004754 
141311319665170 0.715632 -0.518793 0.467671 0.002855 
141311339541212 0.719237 -0.518524 0.462265 0.011933 
141311359417254 0.723435 -0.518481 0.455409 0.020514 
141311379293295 0.727669 -0.518577 0.448020 0.029227 
141311399169337 0.732726 -0.518578 0.438886 0.039597 
141311419045379 0.738996 -0.518313 0.427483 0.049950 
141311438921420 0.745634 -0.517542 0.415532 0.059232 
141311458797462 0.752747 -0.515951 0.403060 0.068625 
141311478673504 0.760787 -0.512990 0.389426 0.079960 
141311498549545 0.770000 -0.508583 0.374153 0.091924 
141311518425587 0.780691 -0.503771 0.355783 0.100781 
141311538301629 0.791810 -0.499239 0.335177 0.107019 
141311558177670 0.801611 -0.494164 0.316491 0.114258 
141311578053712 0.810194 -0.488931 0.299698 0.121305 
141311597929754 0.818469 -0.483168 0.284423 0.125551 
141311617805795 0.826129 -0.476740 0.271994 0.127462 
141311637681837 0.831890 -0.470574 0.264188 0.129321 
141311657557879 0.835274 -0.466819 0.259889 0.129830 
141311677433920 0.837381 -0.463848 0.259423 0.127814 
141311697309962 0.837005 -0.461805 0.265698 0.124747 
141311717186004 0.834747 -0.462249 0.273623 0.121045 
141311737062045 0.831017 -0.462286 0.285936 0.118081 
141311756938087 0.826197 -0.462766 0.300193 0.114580 
141311776814129 0.820380 -0.463789 0.316236 0.108953 
141311796690170 0.812414 -0.466416 0.334416 0.103001 
141311816566212 0.803192 -0.470398 0.352430 0.096962 
141311836442254 0.793434 -0.475434 0.369153 0.090299 
141311856318295 0.783807 -0.481114 0.383856 0.082671 
141311876194337 0.773929 -0.486922 0.398191 0.073390 
141311896070379 0.764190 -0.492594 0.411855 0.061114 
141311915946420 0.755839 -0.497642 0.422955 0.046575 
141311935822462 0.747906 -0.500656 0.434844 0.029861 
141311955698504 0.739409 -0.503391 0.446839 0.014378 
141311975574754 -0.733176 0.503918 -0.456639 0.000046 
141311995451837 -0.727490 0.502501 -0.466947 0.014547 
141312015328920 -0.721229 0.502886 -0.475647 0.026356 
141312035206004 -0.715569 0.502458 -0.483959 0.035802 
141312055083087 -0.711283 0.500895 -0.491093 0.044818 
141312074960170 -0.708609 0.499295 -0.495792 0.052626 
141312094837254 -0.706921 0.497844 -0.499071 0.057806 
141312114714337 -0.706193 0.497532 -0.500083 0.060634 
141312134591420 -0.706697 0.497106 -0.499903 0.059700 
141312154468504 -0.706318 0.496389 -0.501772 0.054199 
141312174345587 -0.705079 0.495045 -0.505723 0.045150 
141312194222670 -0.705033 0.493699 -0.507899 0.035041 
141312214099754 -0.706116 0.494257 -0.506326 0.027277 
141312233976837 -0.708834 0.494977 -0.501992 0.023586 
141312253853920 -0.711667 0.494818 -0.498307 0.019400 
141312273731004 -0.713725 0.496582 -0.493834 0.011443 
141312293608087 -0.715860 0.500878 -0.486480 0.001620 
141312313485170 0.719981 -0.505362 0.475605 0.006106 
141312333361524 0.724333 -0.508145 0.465761 0.014057 
141312353237566 0.729727 -0.509529 0.455211 0.025731 
141312373113608 0.736520 -0.509867 0.442738 0.039468 
141312392989649 0.745638 -0.509879 0.426006 0.050604 
141312412865691 0.756142 -0.509886 0.405995 0.058545 
141312432741733 0.766051 -0.509415 0.386043 0.068059 
141312452617774 0.775005 -0.507810 0.367565 0.079973 
141312472493816 0.783420 -0.504867 0.350557 0.092031 
141312492369858 0.790297 -0.501606 0.336210 0.103852 
141312512245899 0.796914 -0.499432 0.320939 0.111776 
141312532121941 0.803093 -0.497496 0.305583 0.118989 
141312551997983 0.808461 -0.495065 0.292921 0.124495 
141312571874024 0.812287 -0.492689 0.284508 0.128464 
141312591750066 0.815957 -0.489829 0.278604 0.129073 
141312611626108 0.817462 -0.488080 0.277397 0.128787 
141312631502149 0.816554 -0.487683 0.281436 0.127274 
141312651378191 0.814179 -0.488199 0.288708 0.124193 
141312671254233 0.810383 -0.489111 0.299863 0.118881 
141312691130274 0.804268 -0.491574 0.314406 0.112509 
141312711006316 0.796541 -0.495115 0.330959 0.104179 
141312730882358 0.787637 -0.499214 0.348322 0.095309 
141312750758399 0.777493 -0.503961 0.366046 0.086799 
141312770634441 0.766844 -0.509104 0.383253 0.076659 
141312790510483 0.756639 -0.515007 0.397590 0.064722 
141312810386524 0.746297 -0.520339 0.411890 0.051411 
141312830262566 0.736370 -0.524270 0.426183 0.035614 
141312850138608 0.728052 -0.527636 0.437319 0.017084 
141312870014649 -0.720768 0.530133 -0.446602 0.000602 
141312889890691 -0.715129 0.529659 -0.455771 0.018034 
141312909766733 -0.711115 0.528595 -0.462219 0.035451 
141312929642774 -0.708240 0.526249 -0.467813 0.051061 
141312949518816 -0.707800 0.521884 -0.471663 0.064722 
141312969394858 -0.709964 0.517375 -0.471451 0.077509 
141312989270899 -0.710639 0.515993 -0.470723 0.084646 
141313009146941 -0.708818 0.516366 -0.472876 0.085621 
141313029022983 -0.708326 0.516763 -0.473420 0.084282 
141313048899024 -0.708571 0.516805 -0.473362 0.082273 
141313068775066 -0.708599 0.516203 -0.473689 0.083902 
141313088651108 -0.712437 0.516028 -0.468008 0.084358 
141313108527149 -0.712536 0.516764 -0.468489 0.075937 
141313128403191 -0.712808 0.518325 -0.468156 0.063791 
141313148279962 -0.715982 0.519268 -0.463746 0.051719 
141313168157045 -0.717986 0.520484 -0.460523 0.038872 
141313188034129 -0.721548 0.520463 -0.456014 0.023215 
141313207911212 -0.725996 0.519655 -0.450418 0.003494 
141313227788295 0.729802 -0.518475 0.445419 0.013268 
141313247665379 0.736521 -0.518329 0.434025 0.022207 
141313267542462 0.744710 -0.518167 0.419608 0.028977 
141313287419545 0.747491 -0.515947 0.416007 0.044662 
141313307296629 0.749001 -0.513681 0.412795 0.068747 
141313327173712 0.754928 -0.511449 0.401489 0.085516 
141313347050795 0.765940 -0.508017 0.382570 0.094319 
141313366927879 0.778388 -0.503617 0.360498 0.102568 
141313386804962 0.786637 -0.498908 0.345914 0.112407 
141313406682045 0.793767 -0.495810 0.331527 0.119139 
141313426559129 0.801632 -0.493215 0.314534 0.123251 
141313446436212 0.807454 -0.490537 0.301630 0.128107 
141313466313295 0.810869 -0.488788 0.293020 0.133106 
141313486189649 0.813825 -0.486961 0.286084 0.136801 
141313506065691 0.815884 -0.484743 0.282906 0.139009 
141313525941733 0.816120 -0.484280 0.282795 0.139456 
141313545817774 0.814827 -0.485153 0.285526 0.138414 
141313565693816 0.811060 -0.486644 0.294536 0.136410 
141313585569858 0.804847 -0.489424 0.307961 0.133587 
141313605445899 0.797437 -0.492974 0.323604 0.127866 
141313625321941 0.788892 -0.497426 0.339857 0.121299 
141313645197983 0.779441 -0.501929 0.357191 0.113808 
141313665074024 0.769649 -0.507419 0.373037 0.104922 
141313684950066 0.759496 -0.512389 0.389588 0.094047 
141313704826108 0.749361 -0.517243 0.405363 0.081228 
141313724702149 0.739957 -0.521505 0.419644 0.066275 
141313744578191 0.731296 -0.525249 0.432358 0.048856 
141313764454233 0.723626 -0.527968 0.443420 0.031516 
141313784330274 0.717002 -0.528699 0.454095 0.013567 
141313804206316 -0.711585 0.528962 -0.462416 0.004236 
141313824082358 -0.707518 0.528481 -0.468766 0.019583 
141313843958399 -0.704668 0.526528 -0.474594 0.031167 
141313863834441 -0.702970 0.524501 -0.478718 0.039501 
141313883710483 -0.701754 0.522636 -0.481976 0.045730 
141313903586524 -0.702166 0.521742 -0.481884 0.050373 
141313923462566 -0.702711 0.521894 -0.480636 0.053122 
141313943338608 -0.703510 0.523047 -0.478288 0.052375 
141313963214649 -0.704481 0.524553 -0.475478 0.049716 
141313983090691 -0.704812 0.526285 -0.473506 0.045353 
141314002966733 -0.706287 0.528235 -0.469636 0.039599 
141314022842774 -0.708724 0.529255 -0.465224 0.034163 
141314042718816 -0.711492 0.529507 -0.461210 0.026199 
141314062594858 -0.713782 0.529878 -0.457772 0.013767 
141314082470899 -0.717387 0.530274 -0.451844 0.001588 
141314102346941 0.722002 -0.530973 0.443528 0.007944 
141314122222983 0.725164 -0.531818 0.437021 0.017882 
141314142099024 0.728492 -0.533478 0.428741 0.029697 
141314161975066 0.734093 -0.534817 0.416354 0.041557 
141314181851108 0.740851 -0.534440 0.402948 0.056122 
141314201727149 0.747009 -0.530845 0.392839 0.076539 
141314221603191 0.757075 -0.525345 0.376830 0.094064 
141314241479233 0.769459 -0.519426 0.356763 0.104152 
141314261355274 0.781842 -0.514311 0.335016 0.109402 
141314281231316 0.792057 -0.509330 0.316233 0.115002 
141314301107358 0.799013 -0.504967 0.301805 0.124501 
141314320983399 0.805650 -0.499718 0.288973 0.133059 
141314340860170 0.811174 -0.494467 0.279755 0.138694 
141314360737254 0.814659 -0.490393 0.274153 0.143832 
141314380614337 0.816323 -0.489120 0.268722 0.148885 
141314400491420 0.817146 -0.489030 0.264986 0.151339 
141314420368504 0.816188 -0.489320 0.267293 0.151520 
141314440245587 0.812297 -0.492463 0.273924 0.150398 
141314460122670 0.806265 -0.496215 0.286174 0.147689 
141314479999754 0.799081 -0.499253 0.303044 0.142761 
141314499876837 0.789843 -0.503522 0.321618 0.138484 
141314519753920 0.779395 -0.508565 0.340160 0.134891 
141314539631004 0.771530 -0.512588 0.355577 0.124745 
141314559508087 0.764964 -0.517818 0.367049 0.109408 
141314579385170 0.756066 -0.524808 0.379327 0.095141 
141314599262254 0.747308 -0.529113 0.393144 0.083700 
141314619139337 0.740713 -0.530783 0.405712 0.070820 
141314639016420 0.735166 -0.532122 0.416469 0.054122 
141314658893504 0.729161 -0.534195 0.426249 0.035654 
141314678769858 0.724105 -0.535405 0.434368 0.018372 
141314698645899 0.721221 -0.533893 0.441350 0.002848 
141314718521941 -0.717979 0.532330 -0.448386 0.008993 
141314738397983 -0.713464 0.530975 -0.456795 0.019320 
141314758274024 -0.708882 0.528986 -0.465626 0.029193 
141314778150066 -0.707217 0.527481 -0.469195 0.038275 
141314798026108 -0.707319 0.526684 -0.469321 0.045188 
141314817902149 -0.706775 0.525950 -0.470814 0.046694 
141314837778191 -0.706927 0.525208 -0.471606 0.044705 
141314857654233 -0.707381 0.524947 -0.471669 0.039634 
141314877530274 -0.707620 0.524613 -0.472189 0.033052 
141314897406316 -0.708890 0.524070 -0.471408 0.024515 
141314917282358 -0.711953 0.524068 -0.467190 0.014481 
141314937158399 -0.715579 0.523601 -0.462358 0.003681 
141314957034441 0.719830 -0.522680 0.456712 0.008024 
141314976910483 0.723991 -0.522156 0.450250 0.021557 
141314996786524 0.729249 -0.521305 0.441515 0.038752 
141315016662566 0.734918 -0.519541 0.431889 0.058682 
141315036538608 0.742222 -0.516000 0.420622 0.076959 
141315056414649 0.751954 -0.511647 0.404866 0.094148 
141315076290691 0.763258 -0.507989 0.383933 0.109451 
141315096166733 0.773598 -0.504695 0.362878 0.123081 
141315116042774 0.783143 -0.502465 0.340835 0.134331 
141315135918816 0.791200 -0.500208 0.320817 0.144462 
141315155794858 0.798787 -0.499096 0.299569 0.151990 
141315175670899 0.805869 -0.498292 0.278299 0.157573 
141315195546941 0.811894 -0.497539 0.260132 0.160046 
141315215422983 0.814542 -0.496828 0.250560 0.164024 
141315235299024 0.815251 -0.497040 0.245254 0.167834 
141315255175066 0.814677 -0.498050 0.243501 0.170158 
141315275051108 0.812683 -0.499677 0.246590 0.170477 
141315294927149 0.808745 -0.502155 0.255022 0.169517 
141315314803191 0.804043 -0.505139 0.265908 0.166261 
141315334679233 0.798040 -0.507882 0.281148 0.161688 
141315354555274 0.791343 -0.511151 0.296838 0.156166 
141315374431316 0.783459 -0.514108 0.314433 0.151716 
141315394307358 0.774637 -0.517641 0.332164 0.147146 
141315414183399 0.765606 -0.521270 0.350338 0.139242 
141315434059441 0.756241 -0.525575 0.367463 0.129778 
141315453935483 0.747796 -0.528214 0.385176 0.115889 
141315473811524 0.739940 -0.531046 0.400908 0.098745 
141315493687566 0.733925 -0.532289 0.414166 0.080522 
141315513563608 0.727647 -0.531628 0.428893 0.062864 
141315533439649 0.722450 -0.530349 0.441389 0.044404 
141315553315691 0.717908 -0.528723 0.451997 0.027542 
141315573192462 0.712114 -0.527195 0.463406 0.014628 
141315593069545 0.705836 -0.525177 0.475368 0.003076 
141315612946629 -0.701430 0.522610 -0.484577 0.007644 
141315632823712 -0.698766 0.520115 -0.490877 0.015666 
141315652700795 -0.697595 0.518164 -0.494368 0.021629 
141315672577879 -0.697960 0.517366 -0.494422 0.027020 
141315692454962 -0.698634 0.517454 -0.493272 0.028872 
141315712332045 -0.699684 0.517891 -0.491468 0.026277 
141315732209129 -0.699855 0.519359 -0.489990 0.019442 
141315752086212 -0.701029 0.521059 -0.486747 0.011556 
141315771963295 -0.703084 0.522681 -0.482154 0.002425 
141315791840379 0.704713 -0.523679 0.478606 0.008740 
141315811717462 0.707774 -0.524154 0.473204 0.019901 
141315831594545 0.712537 -0.524298 0.465212 0.031321 
141315851471629 0.718163 -0.523836 0.455950 0.044127 
141315871348712 0.723721 -0.523393 0.445837 0.059278 
141315891225587 0.729346 -0.523349 0.434140 0.075353 
141315911101629 0.736716 -0.523245 0.418486 0.091287 
141315930977670 0.745535 -0.521466 0.401072 0.106727 
141315950853712 0.756591 -0.518172 0.379654 0.122192 
141315970729754 0.768378 -0.513459 0.355856 0.139004 
141315990605795 0.779701 -0.507649 0.332976 0.153251 
141316010481837 0.791678 -0.503281 0.306423 0.161426 
141316030357879 0.803100 -0.500391 0.278172 0.165108 
141316050233920 0.811838 -0.498618 0.253958 0.166746 
141316070109962 0.816525 -0.498227 0.237939 0.168645 
141316089986004 0.816893 -0.498753 0.231785 0.173798 
141316109862045 0.814992 -0.500504 0.230371 0.179476 
141316129738087 0.812384 -0.502489 0.233015 0.182323 
141316149614129 0.808236 -0.505284 0.241052 0.182582 
141316169490170 0.802966 -0.509274 0.251402 0.180783 
141316189366212 0.797018 -0.513780 0.262844 0.178055 
141316209242254 0.791201 -0.517883 0.275392 0.173081 
141316229118295 0.785559 -0.521334 0.289104 0.165911 
141316248994337 0.778690 -0.524832 0.304345 0.159901 
141316268870379 0.770647 -0.528070 0.321149 0.155274 
141316288746420 0.763318 -0.530429 0.338193 0.147026 
141316308622462 0.756573 -0.533690 0.353371 0.133788 
141316328498504 0.750516 -0.537506 0.366503 0.116138 
141316348374545 0.744991 -0.539595 0.380188 0.096346 
141316368250587 0.739568 -0.540545 0.393509 0.077482 
141316388126629 0.733302 -0.540542 0.407741 0.061859 
141316408002670 0.726091 -0.538583 0.424777 0.047808 
141316427878712 0.719228 -0.535681 0.441231 0.032740 
141316447754754 0.714137 -0.531159 0.455544 0.018923 
141316467630795 0.710441 -0.527114 0.466228 0.007476 
141316487506837 -0.707886 0.524813 -0.472716 0.002850 
141316507382879 -0.706143 0.523501 -0.476569 0.013789 
141316527258920 -0.704769 0.523355 -0.478288 0.025307 
141316547134962 -0.703554 0.524209 -0.478741 0.031986 
141316567011004 -0.702996 0.525548 -0.478015 0.033144 
141316586887045 -0.701954 0.527564 -0.477404 0.031987 
141316606763087 -0.701542 0.529138 -0.476436 0.029339 
141316626639129 -0.703074 0.530322 -0.473061 0.025652 
141316646515170 -0.705361 0.530959 -0.469243 0.018950 
141316666391212 -0.707768 0.530465 -0.466486 0.007900 
141316686267254 0.710120 -0.529347 0.464186 0.007282 
141316706143295 0.714019 -0.528683 0.458458 0.022085 
141316726019337 0.720151 -0.528969 0.447851 0.031675 
141316745895379 0.726896 -0.529354 0.435802 0.038512 
141316765771420 0.732948 -0.530202 0.423247 0.050240 
141316785647462 0.738639 -0.530326 0.410356 0.069133 
141316805523504 0.747480 -0.527625 0.393715 0.088724 
141316825400274 0.759187 -0.522696 0.373589 0.104181 
141316845277358 0.770863 -0.518365 0.351344 0.116735 
141316865154441 0.781856 -0.515440 0.327125 0.126547 
141316885031524 0.792238 -0.513330 0.302031 0.132777 
141316904908608 0.801452 -0.511164 0.278303 0.137597 
141316924785691 0.808521 -0.509027 0.258202 0.143235 
141316944662774 0.814017 -0.506230 0.243134 0.148299 
141316964539858 0.817423 -0.502950 0.235215 0.153412 
141316984416941 0.819108 -0.500138 0.231701 0.158867 
141317004294024 0.819305 -0.498720 0.230988 0.163289 
141317024171108 0.818254 -0.498663 0.233376 0.165324 
141317044048191 0.816025 -0.499345 0.239808 0.165072 
141317063925274 0.811949 -0.500991 0.250699 0.164001 
141317083802358 0.806567 -0.503127 0.264991 0.161534 
141317103679441 0.800337 -0.505356 0.281793 0.157061 
141317123556524 0.792603 -0.508888 0.299647 0.151746 
141317143433399 0.784326 -0.513437 0.316426 0.145217 
141317163309441 0.775784 -0.517516 0.333727 0.137701 
141317183185483 0.767039 -0.520881 0.351623 0.129211 
141317203061524 0.758367 -0.523358 0.370006 0.118618 
141317222937566 0.750244 -0.525370 0.387717 0.103905 
141317242813608 0.742366 -0.527931 0.403352 0.086536 
141317262689649 0.735315 -0.530257 0.416229 0.069934 
141317282565691 0.728626 -0.530808 0.429553 0.053221 
141317302441733 0.722137 -0.530836 0.442073 0.036099 
141317322317774 0.716152 -0.529987 0.453672 0.020555 
141317342193816 0.710234 -0.527063 0.466580 0.008617 
141317362069858 -0.704275 0.524094 -0.478876 0.000891 
141317381945899 -0.699929 0.521601 -0.487741 0.011837 
141317401821941 -0.697446 0.519242 -0.493406 0.022511 
141317421697983 -0.696131 0.517409 -0.496851 0.028792 
141317441574024 -0.695728 0.517063 -0.497686 0.030291 
141317461450066 -0.695788 0.518059 -0.496707 0.027855 
141317481326108 -0.695308 0.519595 -0.496004 0.023412 
141317501202149 -0.695326 0.521060 -0.494647 0.018488 
141317521078191 -0.696988 0.522589 -0.490882 0.012032 
141317540954233 -0.699118 0.523814 -0.486668 0.002702 
141317560830274 0.701723 -0.524038 0.482600 0.008130 
141317580706316 0.706471 -0.523200 0.476235 0.019010 
141317600582358 0.712202 -0.522102 0.468192 0.031196 
141317620458399 0.717599 -0.521487 0.459414 0.045192 
141317640334441 0.723911 -0.521125 0.448170 0.059350 
141317660210483 0.731317 -0.520249 0.434944 0.073081 
141317680086524 0.739766 -0.518490 0.420077 0.086305 
141317699962566 0.748922 -0.515606 0.404251 0.099235 
141317719838608 0.758146 -0.512724 0.386832 0.112651 
141317739714649 0.767068 -0.509294 0.368728 0.127544 
141317759590691 0.777887 -0.504588 0.347605 0.139478 
141317779466733 0.788731 -0.500037 0.325858 0.147251 
141317799342774 0.798889 -0.496182 0.304632 0.150927 
141317819218816 0.807688 -0.492949 0.285035 0.152955 
141317839094858 0.813311 -0.490212 0.271703 0.156186 
141317858970899 0.815675 -0.487489 0.265990 0.162106 
141317878846941 0.816384 -0.485425 0.264289 0.167425 
141317898722983 0.816396 -0.484741 0.263812 0.170078 
141317918599024 0.815390 -0.485149 0.266004 0.170324 
141317938475066 0.812398 -0.487194 0.271854 0.169551 
141317958351108 0.807501 -0.490724 0.281246 0.167428 
141317978227149 0.801085 -0.495290 0.293672 0.163420 
141317998103191 0.792868 -0.500756 0.308674 0.159136 
141318017979233 0.784027 -0.506157 0.323867 0.155616 
141318037855274 0.775522 -0.509892 0.340108 0.151338 
141318057731316 0.766963 -0.514061 0.355633 0.145032 
141318077607358 0.758147 -0.518949 0.370787 0.135728 
141318097483399 0.749368 -0.523971 0.386057 0.121910 
141318117359441 0.740717 -0.529162 0.400153 0.105848 
141318137235483 0.733355 -0.533149 0.412312 0.089109 
141318157112254 0.727025 -0.535280 0.424064 0.071249 
141318176989337 0.720800 -0.537002 0.435097 0.052650 
141318196866420 0.715098 -0.537185 0.445926 0.034887 
141318216743504 0.709604 -0.535296 0.457705 0.020649 
141318236620587 0.704565 -0.532849 0.468582 0.009576 
141318256497670 -0.699666 0.530046 -0.479080 0.000195 
141318276374754 -0.694820 0.527424 -0.488853 0.008476 
141318296251837 -0.691760 0.525574 -0.494931 0.016829 
141318316128920 -0.690766 0.524308 -0.497399 0.023186 
141318336006004 -0.690625 0.523325 -0.498570 0.024411 
141318355883087 -0.690638 0.522778 -0.499291 0.020739 
141318375760170 -0.691669 0.522642 -0.498217 0.014789 
141318395637254 -0.692654 0.523587 -0.496030 0.006401 
141318415514337 0.693097 -0.525232 0.493693 0.003870 
141318435391420 0.694943 -0.526579 0.489474 0.013540 
141318455268504 0.696998 -0.527001 0.485650 0.024654 
141318475144858 0.700539 -0.526069 0.480771 0.036832 
141318495020899 0.707160 -0.525067 0.471147 0.047436 
141318514896941 0.713310 -0.523764 0.462063 0.057992 
141318534772983 0.719857 -0.523459 0.450739 0.068079 
141318554649024 0.727587 -0.523825 0.435809 0.079344 
141318574525066 0.735586 -0.524206 0.419474 0.090359 
141318594401108 0.743134 -0.523838 0.403492 0.102660 
141318614277149 0.750741 -0.522969 0.386443 0.116421 
141318634153191 0.760371 -0.522111 0.365285 0.125705 
141318654029233 0.770771 -0.521330 0.342206 0.130478 
141318673905274 0.781029 -0.520737 0.317557 0.134104 
141318693781316 0.790325 -0.519522 0.293941 0.138136 
141318713657358 0.798331 -0.517913 0.272345 0.142336 
141318733533399 0.804860 -0.515269 0.255660 0.146074 
141318753409441 0.807507 -0.513153 0.248384 0.151367 
141318773285483 0.811272 -0.510874 0.238392 0.154970 
141318793161524 0.814911 -0.508009 0.230885 0.156650 
141318813037566 0.815148 -0.506417 0.232662 0.157938 
141318832913608 0.814751 -0.505962 0.236704 0.155416 
141318852789649 0.810486 -0.508428 0.246589 0.154297 
141318872665691 0.803770 -0.512338 0.261424 0.152057 
141318892541733 0.795207 -0.516324 0.281233 0.148201 
141318912417774 0.785903 -0.520751 0.301392 0.142613 
141318932293816 0.777110 -0.524154 0.320881 0.135635 
141318952169858 0.770064 -0.526150 0.337992 0.126210 
141318972045899 0.760448 -0.528247 0.358836 0.117936 
141318991921941 0.751183 -0.529281 0.378175 0.112124 
141319011797983 0.743235 -0.527338 0.399902 0.097933 
141319031674024 0.734785 -0.529172 0.416540 0.081024 
141319051550066 0.730112 -0.529928 0.426812 0.062809 
141319071426108 0.725174 -0.527403 0.440346 0.045439 
141319091302149 0.721499 -0.526057 0.449137 0.031285 
141319111178191 0.716533 -0.524118 0.459972 0.017516 
141319131054233 0.709754 -0.522249 0.472733 0.005423 
141319150930274 -0.704883 0.519615 -0.482830 0.003847 
141319170806316 -0.700902 0.516656 -0.491613 0.010964 
141319190682358 -0.700052 0.514983 -0.494346 0.018500 
141319210558399 -0.701315 0.513819 -0.493511 0.024393 
141319230434441 -0.702034 0.512791 -0.493461 0.026283 
141319250310483 -0.703159 0.512939 -0.491826 0.023836 
141319270186524 -0.704115 0.513499 -0.490030 0.020298 
141319290062566 -0.706266 0.514260 -0.486230 0.017459 
141319309938608 -0.708383 0.515638 -0.481832 0.012161 
141319329814649 -0.710395 0.517098 -0.477413 0.005075 
141319349690691 0.712591 -0.518188 0.472950 0.003742 
141319369566733 0.714596 -0.519392 0.468362 0.014887 
141319389442774 0.717877 -0.520962 0.461011 0.026842 
141319409318816 0.722964 -0.521655 0.451128 0.041024 
141319429194858 0.728599 -0.521282 0.440617 0.057151 
141319449070899 0.733719 -0.520275 0.430691 0.074014 
141319468946941 0.740345 -0.519018 0.417396 0.091051 
141319488822983 0.748643 -0.516913 0.401331 0.106141 
141319508699024 0.757489 -0.514608 0.383913 0.118320 
141319528575066 0.765788 -0.513064 0.365501 0.129402 
141319548451108 0.774258 -0.511276 0.345844 0.139689 
141319568327358 0.782848 -0.508055 0.327218 0.148183 
141319588204441 0.791299 -0.505132 0.307657 0.155032 
141319608081524 0.797583 -0.502085 0.291917 0.162967 
141319627958608 0.802232 -0.499513 0.279650 0.169429 
141319647835691 0.805235 -0.497276 0.271538 0.174873 
141319667712774 0.806331 -0.495790 0.267697 0.179889 
141319687589858 0.806148 -0.495650 0.266195 0.183292 
141319707466941 0.804350 -0.497456 0.267414 0.184522 
141319727344024 0.800245 -0.500982 0.273100 0.184503 
141319747221108 0.795506 -0.505664 0.280074 0.181745 
141319767098191 0.788356 -0.510942 0.292091 0.179211 
141319786975274 0.780906 -0.516632 0.304735 0.174395 
141319806852358 0.772665 -0.521782 0.319578 0.169128 
141319826729441 0.764092 -0.527061 0.334435 0.162857 
141319846606524 0.755643 -0.532033 0.349457 0.154357 
141319866483608 0.746178 -0.537827 0.364823 0.144444 
141319886359962 0.737200 -0.543855 0.378954 0.130966 
141319906236004 0.728516 -0.549612 0.392151 0.115797 
141319926112045 0.720905 -0.553570 0.405055 0.098921 
141319945988087 0.712983 -0.556772 0.418559 0.080446 
141319965864129 0.705273 -0.559961 0.430215 0.062895 
141319985740170 0.698895 -0.560602 0.441797 0.045686 
141320005616212 0.692835 -0.559229 0.454307 0.029106 
141320025492254 0.687170 -0.556943 0.466261 0.014562 
141320045368295 0.682543 -0.553943 0.476735 0.002570 
141320065244337 -0.678920 0.551175 -0.485000 0.006937 
141320085120379 -0.676185 0.548774 -0.491374 0.013077 
141320104996420 -0.674371 0.546727 -0.496001 0.017182 
141320124872462 -0.673844 0.544986 -0.498548 0.019387 
141320144748504 -0.674298 0.544077 -0.498963 0.018387 
141320164624545 -0.675342 0.544113 -0.497641 0.014402 
141320184500587 -0.676107 0.544837 -0.495963 0.007306 
141320204376629 0.676856 -0.545875 0.493847 0.001638 
141320224252670 0.678518 -0.547109 0.490042 0.012010 
141320244128712 0.679983 -0.548790 0.485697 0.023461 
141320264004754 0.682484 -0.550528 0.479548 0.034187 
141320283880795 0.687294 -0.551893 0.470269 0.043453 
141320303756837 0.692692 -0.553105 0.459867 0.052705 
141320323632879 0.698490 -0.554452 0.448048 0.062882 
141320343508920 0.704603 -0.555727 0.434991 0.074049 
141320363384962 0.711445 -0.556288 0.420876 0.085163 
141320383261004 0.718174 -0.555671 0.407362 0.097528 
141320403137045 0.725344 -0.554344 0.392582 0.111618 
141320423013087 0.733286 -0.552287 0.375914 0.126332 
141320442889129 0.742251 -0.550476 0.356463 0.137740 
141320462765170 0.753217 -0.549595 0.332075 0.142604 
141320482641212 0.765379 -0.548709 0.303893 0.144093 
141320502517254 0.774729 -0.547941 0.279414 0.146576 
141320522393295 0.781116 -0.546842 0.260798 0.151020 
141320542269337 0.785933 -0.544532 0.247650 0.156404 
141320562145379 0.789456 -0.542241 0.238724 0.160451 
141320582021420 0.792444 -0.540481 0.231921 0.161634 
141320601897462 0.794926 -0.538089 0.228852 0.161802 
141320621773504 0.795606 -0.536252 0.230838 0.161733 
141320641649545 0.794101 -0.535880 0.237617 0.160546 
141320661525587 0.790219 -0.536993 0.248977 0.158756 
141320681401629 0.785513 -0.538513 0.262628 0.154917 
141320701277670 0.780038 -0.539897 0.278943 0.149136 
141320721153712 0.771877 -0.542672 0.297410 0.145807 
141320741029754 0.762443 -0.546004 0.315828 0.144271 
141320760905795 0.754094 -0.547694 0.336060 0.135780 
141320780781837 0.746065 -0.551182 0.351743 0.125942 
141320800657879 0.739653 -0.552483 0.366630 0.115149 
141320820533920 0.732093 -0.551789 0.386497 0.100938 
141320840409962 0.725968 -0.554954 0.396893 0.086440 
141320860286004 0.721483 -0.555108 0.408448 0.067028 
141320880162045 0.716671 -0.555997 0.418475 0.046136 
141320900038087 0.712745 -0.557097 0.425273 0.027932 
141320919914129 0.709219 -0.554218 0.435582 0.010945 
141320939790170 -0.705544 0.550658 -0.446055 0.004414 
141320959666212 -0.695462 0.555616 -0.455646 0.003221 
141320979542254 0.688841 -0.552691 0.468993 0.008790 
141320999418295 0.688230 -0.545554 0.478147 0.009239 
141321019294337 0.683908 -0.546579 0.483218 0.004735 
141321039170379 0.687492 -0.546042 0.478691 0.006914 
141321059046420 0.693264 -0.544811 0.471764 0.002179 
141321078922462 -0.696455 0.546301 -0.465290 0.003349 
141321098798504 -0.698283 0.547859 -0.460702 0.002354 
141321118674545 -0.697852 0.549223 -0.459734 0.000186 
141321138550795 0.698519 -0.550662 0.456980 0.003424 
141321158427879 0.699577 -0.552026 0.453664 0.006995 
141321178304962 0.698803 -0.553973 0.452263 0.015704 
141321198182045 0.700991 -0.552912 0.449415 0.030433 
141321218059129 0.709717 -0.550331 0.437974 0.040208 
141321237936212 0.715954 -0.548079 0.429661 0.049101 
141321257813295 0.717428 -0.548058 0.425783 0.060320 
141321277690379 0.720772 -0.552062 0.413263 0.070200 
141321297567462 0.727064 -0.551849 0.400369 0.080883 
141321317444545 0.731495 -0.550429 0.391780 0.091933 
141321337321629 0.735250 -0.548493 0.382662 0.110144 
141321357198712 0.741387 -0.543858 0.371424 0.128873 
141321377075795 0.751670 -0.538626 0.353943 0.139993 
141321396952879 0.763780 -0.534480 0.331297 0.145646 
141321416829962 0.773253 -0.532647 0.309312 0.150643 
141321436706837 0.780719 -0.532538 0.287626 0.155413 
141321456582879 0.786774 -0.532085 0.268847 0.159981 
141321476458920 0.792045 -0.531051 0.253789 0.161988 
141321496334962 0.796613 -0.530170 0.241953 0.160580 
141321516211004 0.799359 -0.530575 0.234002 0.157349 
141321536087045 0.799319 -0.532899 0.230899 0.154247 
141321555963087 0.797115 -0.536227 0.232664 0.151443 
141321575839129 0.792790 -0.540469 0.239066 0.149082 
141321595715170 0.786688 -0.545584 0.248931 0.146604 
141321615591212 0.780004 -0.549811 0.262139 0.143466 
141321635467254 0.773394 -0.552093 0.278256 0.140101 
141321655343295 0.766494 -0.554576 0.294296 0.135363 
141321675219337 0.758739 -0.558004 0.310588 0.128380 
141321695095379 0.750397 -0.562013 0.326339 0.120618 
141321714971420 0.742698 -0.564792 0.342034 0.111459 
141321734847462 0.734723 -0.565970 0.360143 0.100777 
141321754723504 0.727208 -0.566967 0.376804 0.087949 
141321774599545 0.720279 -0.566844 0.393445 0.071325 
141321794475587 0.713505 -0.567037 0.407898 0.054809 
141321814351629 0.708386 -0.565271 0.420934 0.038360 
141321834227670 0.703125 -0.562362 0.434581 0.022454 
141321854103712 0.697037 -0.559866 0.447886 0.009312 
141321873979754 -0.690540 0.557218 -0.461150 0.001470 
141321893855795 -0.685064 0.554487 -0.472335 0.011409 
141321913731837 -0.681076 0.552085 -0.480548 0.020279 
141321933607879 -0.678524 0.550186 -0.485947 0.027502 
141321953483920 -0.677667 0.549021 -0.488176 0.032046 
141321973359962 -0.678799 0.548837 -0.486900 0.030617 
141321993236004 -0.682082 0.549641 -0.481799 0.022979 
141322013112045 -0.685844 0.551545 -0.474643 0.011423 
141322032988087 0.688750 -0.554492 0.467073 0.002183 
141322052864129 0.690988 -0.557738 0.459653 0.013513 
141322072740170 0.694027 -0.560682 0.451144 0.020778 
141322092616212 0.697988 -0.562918 0.441850 0.026554 
141322112492254 0.702972 -0.564128 0.431900 0.032428 
141322132368295 0.706385 -0.563962 0.425809 0.040664 
141322152244337 0.708483 -0.563968 0.421340 0.049636 
141322172120379 0.711947 -0.564013 0.414441 0.057060 
141322191996420 0.715171 -0.564716 0.406814 0.064299 
141322211872462 0.718888 -0.565858 0.397163 0.072554 
141322231748504 0.723087 -0.566093 0.387086 0.082735 
141322251624545 0.727835 -0.564787 0.377155 0.095013 
141322271500587 0.735378 -0.561691 0.363776 0.106717 
141322291376629 0.747212 -0.556122 0.345298 0.114773 
141322311252670 0.760775 -0.549153 0.324327 0.120271 
141322331128712 0.773028 -0.542078 0.303581 0.128131 
141322351004754 0.785156 -0.535811 0.279968 0.134367 
141322370880795 0.796810 -0.529341 0.256627 0.137960 
141322390756837 0.806307 -0.522183 0.239228 0.141293 
141322410632879 0.813638 -0.514259 0.228827 0.145500 
141322430508920 0.819007 -0.506555 0.224056 0.149762 
141322450384962 0.822724 -0.500684 0.221979 0.152204 
141322470261004 0.824401 -0.496379 0.224409 0.153663 
141322490137045 0.823461 -0.493754 0.233723 0.153273 
141322510013087 0.820854 -0.492883 0.246799 0.149516 
141322529889129 0.815743 -0.493969 0.263818 0.144770 
141322549765170 0.808703 -0.496233 0.283024 0.140176 
141322569641212 0.800593 -0.498516 0.303761 0.135138 
141322589517254 0.791879 -0.501784 0.323044 0.129551 
141322609393295 0.783140 -0.504710 0.342025 0.122389 
141322629269337 0.774561 -0.506640 0.361517 0.112592 
141322649145379 0.766707 -0.507965 0.379291 0.101344 
141322669021420 0.759624 -0.508582 0.395508 0.088821 
141322688897462 0.753313 -0.509886 0.408824 0.073479 
141322708773504 0.747331 -0.512043 0.419987 0.053994 
141322728649545 0.741953 -0.513372 0.429937 0.033302 
141322748525587 0.737700 -0.512414 0.439358 0.013971 
141322768401629 -0.732868 0.510421 -0.449854 0.002390 
141322788277879 -0.727156 0.508710 -0.460684 0.015142 
141322808154962 -0.721409 0.506194 -0.471896 0.025507 
141322828032045 -0.717316 0.503123 -0.480724 0.035052 
141322847909129 -0.715016 0.500011 -0.486721 0.042939 
141322867786212 -0.713774 0.497101 -0.490941 0.048932 
141322887663295 -0.714080 0.494955 -0.492255 0.052909 
141322907540379 -0.716011 0.493616 -0.490760 0.053165 
141322927417462 -0.717803 0.492491 -0.489670 0.049336 
141322947294545 -0.719669 0.491757 -0.488206 0.043666 
141322967171629 -0.721756 0.492092 -0.485385 0.036253 
141322987048712 -0.723912 0.492941 -0.481837 0.028176 
141323006925795 -0.726389 0.493954 -0.477432 0.020675 
141323026802879 -0.728811 0.495619 -0.472289 0.011824 
141323046679962 0.731151 -0.497336 0.466985 0.000387 
141323066557045 0.733618 -0.498898 0.461194 0.014346 
141323086433920 0.736193 -0.500257 0.454905 0.028720 
141323106309962 0.739804 -0.501230 0.446845 0.042283 
141323126186004 0.744061 -0.501829 0.437535 0.055824 
141323146062045 0.748103 -0.501755 0.428512 0.070456 
141323165938087 0.752986 -0.501286 0.417448 0.086393 
141323185814129 0.760428 -0.499443 0.402379 0.101958 
141323205690170 0.769415 -0.496021 0.385390 0.115925 
141323225566212 0.779138 -0.492431 0.365910 0.128714 
141323245442254 0.788817 -0.489027 0.345087 0.139767 
141323265318295 0.799503 -0.485340 0.321978 0.146868 
141323285194337 0.809136 -0.481982 0.299995 0.151641 
141323305070379 0.815980 -0.479642 0.282609 0.155731 
141323324946420 0.820681 -0.478483 0.268954 0.158749 
141323344822462 0.823043 -0.478056 0.260144 0.162446 
141323364698504 0.823549 -0.477909 0.256208 0.166516 
141323384574545 0.822220 -0.478706 0.257088 0.169412 
141323404450587 0.820109 -0.481186 0.259394 0.169105 
141323424326629 0.816749 -0.484313 0.265671 0.166675 
141323444202670 0.811763 -0.488895 0.275099 0.162307 
141323464078712 0.805079 -0.494744 0.286954 0.157268 
141323483954754 0.797684 -0.500452 0.300307 0.151867 
141323503830795 0.789822 -0.505533 0.315275 0.145667 
141323523706837 0.781299 -0.510779 0.330476 0.139507 
141323543582879 0.773074 -0.515631 0.345105 0.131859 
141323563458920 0.764946 -0.519958 0.360225 0.121402 
141323583334962 0.756475 -0.523978 0.375949 0.108890 
141323603211004 0.748374 -0.527209 0.391445 0.093586 
141323623087045 0.740529 -0.528765 0.407705 0.076141 
141323642963087 0.733663 -0.529265 0.422121 0.058530 
141323662839129 0.727894 -0.527687 0.435982 0.040462 
141323682715170 0.721288 -0.524760 0.451450 0.023736 
141323702591212 0.714214 -0.521254 0.467026 0.008930 
141323722467254 -0.708197 0.517480 -0.480236 0.006764 
141323742343295 -0.704150 0.514021 -0.489368 0.021809 
141323762219337 -0.700531 0.511002 -0.496987 0.033716 
141323782095379 -0.697325 0.509193 -0.502642 0.042563 
141323801971420 -0.695753 0.508625 -0.504860 0.048430 
141323821847462 -0.694974 0.508806 -0.505473 0.051262 
141323841723504 -0.694658 0.509471 -0.505312 0.050474 
141323861599545 -0.695698 0.510682 -0.502952 0.047411 
141323881475587 -0.696787 0.512462 -0.500119 0.041859 
141323901351629 -0.698164 0.514428 -0.496691 0.035069 
141323921227670 -0.700913 0.516170 -0.491397 0.028603 
141323941103712 -0.703617 0.517858 -0.486089 0.021526 
141323960979754 -0.706819 0.519508 -0.479917 0.014056 
141323980855795 -0.710379 0.521318 -0.472819 0.005505 
141324000731837 0.713586 -0.523291 0.465756 0.005717 
141324020607879 0.716955 -0.525151 0.458047 0.019609 
141324040483920 0.721348 -0.526387 0.448750 0.034593 
141324060359962 0.727176 -0.526053 0.438188 0.049745 
141324080236004 0.734730 -0.524360 0.425470 0.064772 
141324100112045 0.742586 -0.521629 0.412425 0.079830 
141324119988087 0.751540 -0.518224 0.397154 0.094338 
141324139864129 0.761892 -0.513833 0.379307 0.107800 
141324159740170 0.772627 -0.508610 0.360632 0.119622 
141324179616212 0.783595 -0.503781 0.339882 0.129084 
141324199492254 0.795116 -0.499030 0.316818 0.135597 
141324219368295 0.805227 -0.494214 0.295444 0.141682 
141324239244337 0.813083 -0.490139 0.277202 0.147706 
141324259120379 0.818836 -0.486967 0.262083 0.153894 
141324278996420 0.822368 -0.484201 0.252039 0.160427 
141324298872462 0.824721 -0.481375 0.245907 0.166260 
141324318748504 0.825861 -0.478712 0.243689 0.171475 
141324338624545 0.825628 -0.477640 0.244941 0.173789 
141324358500587 0.823700 -0.477722 0.251147 0.173853 
141324378376629 0.820123 -0.479288 0.261677 0.170903 
141324398252670 0.814517 -0.482179 0.276476 0.166214 
141324418128712 0.807640 -0.485995 0.293064 0.160125 
141324438004962 0.800434 -0.488856 0.310863 0.153914 
141324457882045 0.793317 -0.490856 0.328071 0.148587 
141324477759129 0.787160 -0.491421 0.344297 0.142629 
141324497636212 0.780798 -0.491338 0.361560 0.134965 
141324517513295 0.773688 -0.491603 0.379554 0.125184 
141324537390379 0.766200 -0.492052 0.397469 0.113313 
141324557267462 0.757798 -0.493579 0.414819 0.100243 
141324577144545 0.749395 -0.495987 0.430125 0.085997 
141324597021629 0.742272 -0.498554 0.442336 0.069384 
141324616898712 0.736111 -0.499577 0.453750 0.051755 
141324636775795 0.730319 -0.499305 0.464859 0.035149 
141324656652879 0.724409 -0.498632 0.475595 0.020202 
141324676529962 0.718115 -0.497595 0.486472 0.007464 
141324696407045 -0.712176 0.496009 -0.496767 0.001675 
141324716284129 -0.707516 0.493944 -0.505340 0.008463 
141324736161004 -0.704657 0.492846 -0.510235 0.014880 
141324756037045 -0.703884 0.491856 -0.512086 0.019864 
141324775913087 -0.703355 0.491094 -0.513448 0.022107 
141324795789129 -0.703714 0.491823 -0.512272 0.021781 
141324815665170 -0.704409 0.493357 -0.509957 0.018758 
141324835541212 -0.705101 0.494675 -0.507858 0.014468 
141324855417254 -0.705250 0.496965 -0.505546 0.008429 
141324875293295 -0.704521 0.500230 -0.503409 0.000710 
141324895169337 0.703460 -0.503960 0.501114 0.007367 
141324915045379 0.702404 -0.507997 0.498323 0.015546 
141324934921420 0.701646 -0.511984 0.494934 0.024606 
141324954797462 0.701723 -0.515774 0.490263 0.034700 
141324974673504 0.703250 -0.519134 0.483502 0.046541 
141324994549545 0.706309 -0.521770 0.474759 0.059078 
141325014425587 0.710375 -0.523579 0.464831 0.071863 
141325034301629 0.715477 -0.524966 0.453074 0.085008 
141325054177670 0.723068 -0.526184 0.437074 0.096282 
141325074053712 0.732474 -0.527083 0.417864 0.105153 
141325093929754 0.742110 -0.527862 0.397167 0.113553 
141325113805795 0.752395 -0.527952 0.374777 0.121286 
141325133681837 0.763472 -0.526816 0.351418 0.126807 
141325153557879 0.774752 -0.525582 0.326233 0.130741 
141325173433920 0.783471 -0.524617 0.304036 0.136054 
141325193309962 0.790568 -0.524328 0.283784 0.139819 
141325213186004 0.796952 -0.524019 0.265118 0.141358 
141325233062045 0.801305 -0.522722 0.252435 0.144736 
141325252938087 0.804175 -0.521075 0.244128 0.148944 
141325272814129 0.806855 -0.519111 0.238190 0.150915 
141325292690170 0.808713 -0.517115 0.236404 0.150625 
141325312566212 0.809783 -0.515268 0.237948 0.148767 
141325332442254 0.809372 -0.513746 0.244246 0.146030 
141325352318295 0.807162 -0.512872 0.255149 0.142654 
141325372194337 0.803414 -0.512210 0.269886 0.139024 
141325392070379 0.798076 -0.511855 0.287714 0.135283 
141325411946420 0.791298 -0.512383 0.306897 0.130862 
141325431822462 0.783778 -0.513757 0.325769 0.124987 
141325451698504 0.775822 -0.515146 0.344469 0.118600 
141325471574545 0.767811 -0.516240 0.362700 0.111412 
141325491450587 0.759535 -0.517748 0.380316 0.101999 
141325511326629 0.751733 -0.519429 0.396349 0.089434 
141325531202670 0.744507 -0.520995 0.410963 0.073384 
141325551078712 0.738034 -0.522792 0.422995 0.055400 
141325570954754 0.733268 -0.523665 0.432128 0.036867 
141325590830795 0.730083 -0.523270 0.439117 0.018549 
141325610706837 0.727286 -0.522590 0.444921 0.000676 
141325630582879 -0.723359 0.522105 -0.451572 0.015527 
141325650458920 -0.718439 0.521474 -0.459439 0.028755 
141325670334962 -0.713630 0.520460 -0.467260 0.039009 
141325690211004 -0.709944 0.519160 -0.473533 0.047102 
141325710087045 -0.707593 0.517317 -0.478314 0.053934 
141325729963087 -0.707709 0.515302 -0.479534 0.060513 
141325749839129 -0.709137 0.513128 -0.479331 0.063807 
141325769715170 -0.710228 0.511094 -0.480055 0.062531 
141325789591212 -0.711835 0.509425 -0.479920 0.058695 
141325809467254 -0.713901 0.507854 -0.479098 0.053828 
141325829343295 -0.716472 0.505923 -0.477797 0.049194 
141325849219337 -0.719272 0.504088 -0.476052 0.043792 
141325869095379 -0.721377 0.502680 -0.474967 0.036530 
141325888971420 -0.723614 0.501379 -0.473465 0.028850 
141325908847462 -0.726446 0.500076 -0.470936 0.020488 
141325928723504 -0.729478 0.499037 -0.467686 0.009696 
141325948599545 0.734175 -0.498117 0.461369 0.002307 
141325968475587 0.740328 -0.496950 0.452507 0.013886 
141325988351629 0.745827 -0.495377 0.444571 0.026458 
141326008227670 0.750898 -0.494109 0.436081 0.042911 
141326028103712 0.756766 -0.492201 0.425859 0.060734 
141326047979754 0.764552 -0.489027 0.412927 0.076179 
141326067855795 0.773366 -0.485468 0.397695 0.089803 
141326087731837 0.783256 -0.481830 0.379371 0.102127 
141326107607879 0.794237 -0.477695 0.358002 0.113265 
141326127483920 0.805264 -0.472608 0.335994 0.123680 
141326147359962 0.814929 -0.468325 0.314427 0.133032 
141326167236004 0.823345 -0.464958 0.293481 0.140662 
141326187112045 0.830319 -0.462262 0.274744 0.146294 
141326206988087 0.836086 -0.459601 0.258971 0.150536 
141326226864129 0.839837 -0.456393 0.249285 0.155676 
141326246740170 0.840814 -0.453347 0.247943 0.161346 
141326266616420 0.840079 -0.451189 0.251521 0.165629 
141326286493504 0.838407 -0.450069 0.258391 0.166571 
141326306370587 0.834840 -0.450470 0.270072 0.164860 
141326326247670 0.828780 -0.453034 0.285887 0.161719 
141326346124754 0.822892 -0.456295 0.300427 0.156167 
141326366001837 0.815564 -0.460451 0.316973 0.149556 
141326385878920 0.807082 -0.465404 0.334162 0.142671 
141326405756004 0.798690 -0.469652 0.350810 0.135840 
141326425633087 0.790086 -0.473420 0.367993 0.127355 
141326445510170 0.781781 -0.477428 0.383887 0.116249 
141326465387254 0.773252 -0.480884 0.400297 0.102932 
141326485264337 0.763985 -0.484971 0.416558 0.087218 
141326505141420 0.754911 -0.489868 0.430444 0.069687 
141326525018504 0.746236 -0.493893 0.443258 0.052128 
141326544895587 0.740134 -0.496663 0.452299 0.030870 
141326564771941 0.735653 -0.499156 0.457816 0.007873 
141326584647983 -0.729192 0.501563 -0.465407 0.010481 
141326604524024 -0.722145 0.502798 -0.474418 0.025075 
141326624400066 -0.716370 0.504217 -0.480630 0.039676 
141326644276108 -0.712184 0.506330 -0.483405 0.052439 
141326664152149 -0.709449 0.509266 -0.483254 0.061591 
141326684028191 -0.706921 0.513413 -0.481784 0.067461 
141326703904233 -0.704036 0.518654 -0.480096 0.069530 
141326723780274 -0.701252 0.524117 -0.478348 0.068769 
141326743656316 -0.700638 0.528561 -0.474608 0.066937 
141326763532358 -0.699949 0.531951 -0.472476 0.062142 
141326783408399 -0.699243 0.534440 -0.471693 0.054279 
141326803284441 -0.698052 0.537047 -0.471616 0.043369 
141326823160483 -0.696857 0.538836 -0.472220 0.032469 
141326843036524 -0.696243 0.540098 -0.472252 0.022749 
141326862912566 -0.695063 0.541465 -0.472892 0.008740 
141326882788608 0.693751 -0.542947 0.473117 0.008856 
141326902664649 0.693106 -0.544331 0.471877 0.025309 
141326922540691 0.693748 -0.544924 0.469288 0.039257 
141326942416733 0.696118 -0.544904 0.464655 0.050957 
141326962292774 0.699641 -0.544843 0.457911 0.062966 
141326982168816 0.703549 -0.544859 0.449845 0.076060 
141327002044858 0.708919 -0.544241 0.439753 0.088624 
141327021920899 0.716501 -0.542753 0.426719 0.099776 
141327041796941 0.725012 -0.542353 0.410476 0.108269 
141327061672983 0.733811 -0.542042 0.392904 0.115505 
141327081549024 0.742264 -0.542184 0.374303 0.122389 
141327101425066 0.750328 -0.543126 0.354423 0.128090 
141327121301108 0.757903 -0.542834 0.336220 0.133682 
141327141177149 0.764784 -0.541462 0.320485 0.138616 
141327161053191 0.772475 -0.539686 0.304394 0.139161 
141327180929233 0.780892 -0.537212 0.288541 0.135479 
141327200805274 0.787956 -0.535172 0.275584 0.129497 
141327220681316 0.792916 -0.534664 0.265622 0.121912 
141327240557358 0.796206 -0.534950 0.258894 0.113393 
141327260433399 0.797695 -0.535230 0.257498 0.104428 
141327280309441 0.797029 -0.535813 0.261780 0.095509 
141327300185483 0.794622 -0.537002 0.269697 0.086418 
141327320061524 0.790245 -0.539165 0.280778 0.077316 
141327339937566 0.783266 -0.542867 0.295123 0.068526 
141327359813608 0.774126 -0.547993 0.311065 0.060610 
141327379689649 0.765166 -0.553043 0.325171 0.054157 
141327399565691 0.759140 -0.555819 0.335089 0.049871 
141327419441733 0.756329 -0.554676 0.343254 0.049773 
141327439317774 0.755480 -0.550895 0.350769 0.052190 
141327459193816 0.756485 -0.546099 0.355661 0.054858 
141327479069858 0.760384 -0.539982 0.356279 0.057446 
141327498945899 0.766377 -0.532471 0.354329 0.059943 
141327518821941 0.773079 -0.523917 0.351927 0.063258 
141327538697983 0.780238 -0.514920 0.348626 0.067432 
141327558574024 0.787777 -0.506011 0.343840 0.071673 
141327578450066 0.795411 -0.497572 0.337813 0.074999 
141327598326108 0.802546 -0.490008 0.331497 0.076948 
141327618202149 0.808510 -0.483650 0.325908 0.078571 
141327638078191 0.813461 -0.478361 0.320958 0.080256 
141327657954233 0.817698 -0.473800 0.316668 0.081304 
141327677830274 0.820629 -0.470102 0.314455 0.081793 
141327697706316 0.821879 -0.467475 0.315100 0.081823 
141327717582358 0.821158 -0.466353 0.318661 0.081659 
141327737458399 0.818799 -0.466731 0.324370 0.080677 
141327757334441 0.815326 -0.467815 0.331929 0.078806 
141327777210483 0.810736 -0.469419 0.341291 0.076640 
141327797086524 0.805188 -0.470943 0.352685 0.074142 
141327816962566 0.798899 -0.471435 0.366677 0.071137 
141327836838608 0.792141 -0.471228 0.381305 0.071160 
141327856714649 0.789957 -0.469659 0.386883 0.075588 
141327876590691 0.792792 -0.465423 0.384957 0.081687 
141327896466733 0.796958 -0.460435 0.380716 0.088948 
141327916342774 0.801548 -0.456375 0.373424 0.098984 
141327936218816 0.805732 -0.454707 0.363253 0.109921 
141327956094858 0.808713 -0.454188 0.354093 0.119648 
141327975970899 0.809418 -0.454934 0.347314 0.131343 
141327995846941 0.812000 -0.455421 0.337281 0.139600 
141328015722983 0.816531 -0.454853 0.325221 0.143589 
141328035599024 0.820951 -0.454582 0.313588 0.145107 
141328055475066 0.823648 -0.453854 0.306792 0.146629 
141328075351108 0.825099 -0.454193 0.302998 0.145302 
141328095227149 0.823223 -0.456710 0.304827 0.144226 
141328115103191 0.818211 -0.461417 0.311597 0.143296 
141328134979233 0.811761 -0.466905 0.321239 0.140892 
141328154855274 0.803230 -0.472970 0.334216 0.139364 
141328174731316 0.792636 -0.478806 0.351003 0.138817 
141328194607358 0.780534 -0.484978 0.369300 0.138491 
141328214483399 0.768217 -0.490588 0.387645 0.137468 
141328234359441 0.756403 -0.495958 0.404746 0.134392 
141328254235691 0.744818 -0.502042 0.420359 0.128449 
141328274112774 0.733218 -0.508874 0.434634 0.120544 
141328293989858 0.723077 -0.515472 0.446415 0.110275 
141328313866941 0.713378 -0.522193 0.456608 0.099580 
141328333744024 0.705179 -0.527753 0.465370 0.087349 
141328353621108 0.700335 -0.531882 0.471044 0.068885 
141328373498191 0.695089 -0.537086 0.474926 0.053171 
141328393375274 0.690840 -0.539099 0.480114 0.040025 
141328413252358 0.687481 -0.539987 0.484890 0.025806 
141328433129441 0.684542 -0.541345 0.488039 0.012860 
141328453006524 0.682661 -0.540533 0.491724 0.002503 
141328472883608 -0.680643 0.539882 -0.495203 0.005162 
141328492760691 -0.678627 0.540540 -0.497149 0.011145 
141328512637774 -0.676871 0.541402 -0.498477 0.015797 
141328532514858 -0.676038 0.541993 -0.498912 0.017417 
141328552391212 -0.675968 0.542521 -0.498442 0.017144 
141328572267254 -0.677046 0.542949 -0.496526 0.016654 
141328592143295 -0.678468 0.542788 -0.494800 0.015343 
141328612019337 -0.679677 0.542593 -0.493436 0.012407 
141328631895379 -0.681255 0.542920 -0.490984 0.007981 
141328651771420 -0.682678 0.543221 -0.488731 0.001765 
141328671647462 0.683901 -0.543952 0.486168 0.006119 
141328691523504 0.685861 -0.545614 0.481359 0.013917 
141328711399545 0.687858 -0.547679 0.475818 0.022283 
141328731275587 0.689556 -0.549737 0.470492 0.030635 
141328751151629 0.692908 -0.552011 0.462256 0.038490 
141328771027670 0.696370 -0.554261 0.453281 0.048984 
141328790903712 0.700392 -0.555047 0.444471 0.061783 
141328810779754 0.706541 -0.554157 0.433478 0.076192 
141328830655795 0.714274 -0.551639 0.420884 0.091457 
141328850531837 0.723329 -0.548143 0.406424 0.105613 
141328870407879 0.733290 -0.545010 0.389355 0.116850 
141328890283920 0.744424 -0.542177 0.369046 0.125231 
141328910159962 0.756368 -0.538993 0.346358 0.132030 
141328930036004 0.767743 -0.535515 0.323792 0.137672 
141328949912045 0.777471 -0.532011 0.303707 0.142353 
141328969788087 0.785010 -0.528987 0.286776 0.147275 
141328989664129 0.790811 -0.525823 0.273577 0.152593 
141329009540170 0.794851 -0.522257 0.265249 0.158437 
141329029416212 0.797331 -0.518872 0.261088 0.163920 
141329049292254 0.798253 -0.515750 0.260805 0.169632 
141329069168295 0.798379 -0.513861 0.262011 0.172879 
141329089044337 0.797123 -0.513498 0.265802 0.173963 
141329108920379 0.794417 -0.514462 0.272394 0.173299 
141329128796420 0.790461 -0.516308 0.281700 0.171007 
141329148672462 0.784665 -0.518773 0.294315 0.168977 
141329168548504 0.778196 -0.521371 0.307774 0.166907 
141329188424545 0.771541 -0.523776 0.322104 0.163197 
141329208300587 0.763593 -0.527252 0.336931 0.159400 
141329228176629 0.754907 -0.531414 0.351937 0.154446 
141329248052670 0.746048 -0.535655 0.367223 0.147082 
141329267928712 0.736576 -0.540325 0.382117 0.139609 
141329287804754 0.726787 -0.544527 0.398269 0.129046 
141329307680795 0.717225 -0.550142 0.412449 0.113214 
141329327556837 0.709237 -0.556475 0.422436 0.094159 
141329347432879 0.703144 -0.561131 0.430541 0.073155 
141329367308920 0.698770 -0.564270 0.436542 0.052495 
141329387184962 0.694555 -0.565901 0.442841 0.035243 
141329407061004 0.689188 -0.566811 0.450880 0.021263 
141329426937045 0.684271 -0.566831 0.458698 0.008549 
141329446813087 -0.680581 0.566517 -0.464604 0.003424 
141329466689129 -0.676601 0.566311 -0.470531 0.010190 
141329486565170 -0.673000 0.565881 -0.476118 0.012679 
141329506441212 -0.670460 0.565986 -0.479519 0.014325 
141329526317254 -0.669249 0.566136 -0.480952 0.016757 
141329546193295 -0.669474 0.565926 -0.480773 0.019710 
141329566069337 -0.670643 0.565970 -0.479014 0.021461 
141329585945379 -0.671428 0.566545 -0.477290 0.020138 
141329605821420 -0.671601 0.566984 -0.476677 0.016156 
141329625697462 -0.671252 0.567518 -0.476711 0.009481 
141329645573504 -0.670381 0.568722 -0.476595 0.001605 
141329665449545 0.670455 -0.569820 0.475143 0.005897 
141329685325587 0.671533 -0.570595 0.472471 0.015376 
141329705201629 0.672272 -0.571336 0.470010 0.026758 
141329725077670 0.674492 -0.571715 0.465558 0.038173 
141329744953712 0.677992 -0.571960 0.458872 0.051230 
141329764829754 0.682989 -0.571819 0.450140 0.062609 
141329784705795 0.688304 -0.571035 0.441213 0.074066 
141329804581837 0.693093 -0.569968 0.432486 0.087815 
141329824457879 0.699093 -0.568396 0.421332 0.103317 
141329844333920 0.706318 -0.566003 0.408616 0.117424 
141329864209962 0.715570 -0.563423 0.392332 0.128806 
141329884086004 0.725774 -0.561335 0.372999 0.137948 
141329903962045 0.733558 -0.559284 0.356698 0.147854 
141329923838087 0.742326 -0.558505 0.336151 0.155009 
141329943714129 0.751656 -0.557700 0.314127 0.159085 
141329963590379 0.759397 -0.556707 0.294444 0.163388 
141329983467462 0.765661 -0.556190 0.277273 0.165941 
141330003344545 0.770200 -0.555624 0.264015 0.168432 
141330023221629 0.773579 -0.555023 0.253597 0.170920 
141330043098712 0.775453 -0.554620 0.246817 0.173640 
141330062975795 0.775660 -0.554278 0.244722 0.176743 
141330082852879 0.774888 -0.554873 0.245007 0.177865 
141330102729962 0.772872 -0.556250 0.248788 0.177088 
141330122607045 0.769149 -0.558359 0.256723 0.175323 
141330142484129 0.763701 -0.561305 0.268110 0.172671 
141330162361212 0.757292 -0.565023 0.280691 0.168730 
141330182238295 0.750033 -0.569210 0.294286 0.163845 
141330202115379 0.741215 -0.573916 0.309984 0.158525 
141330221992462 0.731632 -0.579387 0.324863 0.153262 
141330241869545 0.722654 -0.583618 0.339823 0.147244 
141330261746420 0.714420 -0.586058 0.355871 0.139627 
141330281622462 0.706287 -0.588259 0.371566 0.130569 
141330301498504 0.698732 -0.589763 0.387035 0.118980 
141330321374545 0.691798 -0.590821 0.401337 0.106186 
141330341250587 0.686014 -0.591177 0.413853 0.092837 
141330361126629 0.680674 -0.591105 0.425734 0.077650 
141330381002670 0.675566 -0.590856 0.436624 0.062159 
141330400878712 0.670552 -0.589619 0.447558 0.049015 
141330420754754 0.664794 -0.587517 0.459718 0.039157 
141330440630795 0.658900 -0.585548 0.471175 0.031273 
141330460506837 0.653473 -0.583309 0.481803 0.024301 
141330480382879 0.648793 -0.581386 0.490613 0.018884 
141330500258920 0.645947 -0.579722 0.496431 0.015217 
141330520134962 0.644763 -0.578866 0.499008 0.013636 
141330540011004 0.644239 -0.578728 0.499810 0.014829 
141330559887045 0.644743 -0.579488 0.498199 0.017276 
141330579763087 0.645101 -0.581162 0.495643 0.020806 
141330599639129 0.645622 -0.583184 0.492402 0.024667 
141330619515170 0.647016 -0.585527 0.487557 0.028586 
141330639391212 0.648595 -0.588113 0.481994 0.033596 
141330659267254 0.649975 -0.590739 0.476458 0.039340 
141330679143295 0.651657 -0.593718 0.469838 0.045774 
141330699019337 0.652954 -0.597197 0.462652 0.054456 
141330718895379 0.654188 -0.600394 0.455395 0.064651 
141330738771420 0.656855 -0.603499 0.445711 0.075296 
141330758647462 0.658325 -0.607353 0.436000 0.087377 
141330778523504 0.661199 -0.610635 0.424458 0.098867 
141330798399545 0.666346 -0.612188 0.411679 0.108303 
141330818275587 0.672532 -0.612229 0.398050 0.120136 
141330838151629 0.680958 -0.610519 0.380867 0.136023 
141330858027670 0.690754 -0.607041 0.363109 0.150043 
141330877903712 0.701345 -0.603809 0.343454 0.159908 
141330897779754 0.712281 -0.600157 0.323575 0.166631 
141330917655795 0.723927 -0.597113 0.300931 0.169784 
141330937531837 0.734707 -0.594993 0.277953 0.170092 
141330957407879 0.743250 -0.594042 0.257025 0.169209 
141330977283920 0.748886 -0.593931 0.240237 0.169419 
141330997159962 0.748956 -0.594275 0.234062 0.176400 
141331017036004 0.745547 -0.597675 0.231683 0.182397 
141331036912045 0.744129 -0.600744 0.228629 0.181952 
141331056788087 0.742139 -0.602506 0.231345 0.180817 
141331076664129 0.739594 -0.605392 0.234442 0.177589 
141331096540170 0.736512 -0.608035 0.240395 0.173362 
141331116416212 0.733549 -0.608799 0.250480 0.168907 
141331136292254 0.730554 -0.609566 0.261399 0.162450 
141331156168295 0.726841 -0.610699 0.273496 0.154755 
141331176044337 0.720944 -0.612249 0.288630 0.148603 
141331195920379 0.713774 -0.613624 0.305950 0.142782 
141331215796420 0.705709 -0.614733 0.324525 0.136973 
141331235672462 0.696897 -0.615837 0.342754 0.132658 
141331255548504 0.687759 -0.616295 0.362040 0.126863 
141331275424545 0.678055 -0.617527 0.380595 0.118533 
141331295300587 0.668559 -0.619045 0.397539 0.108515 
141331315176629 0.660399 -0.619503 0.413384 0.095919 
141331335052670 0.654084 -0.619398 0.426193 0.082950 
141331354928712 0.649063 -0.617860 0.437947 0.071854 
141331374804754 0.644633 -0.615711 0.448920 0.061832 
141331394680795 0.640638 -0.613493 0.458458 0.054935 
141331414556837 0.637199 -0.610811 0.467144 0.051604 
141331434432879 0.633812 -0.608289 0.475322 0.048333 
141331454308920 0.630953 -0.607463 0.480639 0.043282 
141331474184962 0.629028 -0.607486 0.483554 0.038216 
141331494061004 0.627476 -0.608248 0.484813 0.035569 
141331513937045 0.626957 -0.609477 0.483957 0.035334 
141331533813087 0.627147 -0.609905 0.483040 0.037062 
141331553689129 0.628145 -0.609481 0.482044 0.040018 
141331573565899 0.630554 -0.608599 0.479639 0.044209 
141331593442983 0.633686 -0.607613 0.476232 0.049510 
141331613320066 0.636732 -0.606405 0.472983 0.055977 
141331633197149 0.639289 -0.605987 0.469067 0.063784 
141331653074233 0.641497 -0.606785 0.464016 0.070604 
141331672951316 0.644224 -0.607844 0.457858 0.076574 
141331692828399 0.646606 -0.609124 0.451233 0.085180 
141331712705483 0.649382 -0.610637 0.442738 0.097003 
141331732582566 0.653198 -0.611896 0.431943 0.111097 
141331752459649 0.657914 -0.612412 0.420082 0.125028 
141331772336733 0.664099 -0.613192 0.404577 0.138869 
141331792213816 0.671240 -0.613389 0.387394 0.152042 
141331812090899 0.679003 -0.613964 0.368519 0.161853 
141331831967983 0.687082 -0.615848 0.347430 0.167159 
141331851845066 0.695740 -0.617911 0.325013 0.168817 
141331871721941 0.704752 -0.619119 0.301931 0.169864 
141331891597983 0.712935 -0.619552 0.279739 0.172119 
141331911474024 0.719607 -0.619654 0.260104 0.174762 
141331931350066 0.725046 -0.618932 0.244351 0.177552 
141331951226108 0.729784 -0.617518 0.231851 0.179813 
141331971102149 0.733998 -0.615905 0.221214 0.181583 
141331990978191 0.736972 -0.614061 0.214589 0.183719 
141332010854233 0.738102 -0.612733 0.212202 0.186373 
141332030730274 0.737386 -0.612020 0.214484 0.188918 
141332050606316 0.734909 -0.612569 0.220645 0.189699 
141332070482358 0.730570 -0.614556 0.230058 0.188845 
141332090358399 0.724357 -0.617215 0.242961 0.187945 
141332110234441 0.716429 -0.620546 0.257943 0.187396 
141332130110483 0.707544 -0.624735 0.273129 0.185709 
141332149986524 0.698145 -0.628774 0.289650 0.182592 
141332169862566 0.687420 -0.633509 0.306667 0.179093 
141332189738608 0.677148 -0.638109 0.322574 0.173879 
141332209614649 0.667824 -0.641984 0.338653 0.164869 
141332229490691 0.659487 -0.645815 0.353432 0.151938 
141332249366733 0.651837 -0.649133 0.367021 0.137950 
141332269242774 0.644190 -0.651683 0.380578 0.124461 
141332289118816 0.636968 -0.653502 0.393926 0.109679 
141332308994858 0.630875 -0.654301 0.406433 0.093279 
141332328870899 0.625574 -0.653684 0.418699 0.077754 
141332348746941 0.620220 -0.651804 0.431501 0.065463 
141332368622983 0.615444 -0.648733 0.444215 0.055208 
141332388499024 0.612427 -0.644680 0.455290 0.045079 
141332408375066 0.609941 -0.640596 0.465046 0.036618 
141332428251108 0.607433 -0.637044 0.473504 0.031537 
141332448127149 0.606385 -0.633959 0.479169 0.028118 
141332468003191 0.606988 -0.631848 0.481283 0.026466 
141332487879233 0.607744 -0.630330 0.482216 0.028266 
141332507755274 0.609018 -0.629161 0.481917 0.031769 
141332527631316 0.611155 -0.628915 0.479243 0.035809 
141332547507358 0.613781 -0.629092 0.475323 0.039799 
141332567383399 0.616403 -0.629224 0.471357 0.044121 
141332587259441 0.618950 -0.629376 0.467201 0.050136 
141332607135483 0.621338 -0.629134 0.463381 0.058416 
141332627011524 0.624383 -0.628601 0.458757 0.067447 
141332646887566 0.628883 -0.628391 0.451602 0.075422 
141332666763608 0.634241 -0.629016 0.441611 0.084025 
141332686639649 0.639053 -0.629900 0.430994 0.095290 
141332706515691 0.644491 -0.630684 0.418700 0.107509 
141332726391733 0.650971 -0.631012 0.404502 0.120164 
141332746267774 0.657658 -0.630460 0.390090 0.133549 
141332766143816 0.665395 -0.629553 0.373717 0.145766 
141332786019858 0.673935 -0.628476 0.355659 0.156000 
141332805895899 0.682944 -0.627044 0.336347 0.165147 
141332825771941 0.692120 -0.625242 0.316349 0.173106 
141332845647983 0.701621 -0.623331 0.295485 0.178535 
141332865524024 0.710161 -0.621874 0.274889 0.182702 
141332885400066 0.717173 -0.620653 0.256213 0.186565 
141332905276108 0.722412 -0.619165 0.241485 0.190894 
141332925152149 0.727045 -0.617397 0.228981 0.194406 
141332945028191 0.730900 -0.615113 0.219939 0.197605 
141332964904233 0.733253 -0.612728 0.215545 0.201107 
141332984780274 0.734090 -0.610769 0.214863 0.204711 
141333004656316 0.732022 -0.609832 0.219960 0.209444 
141333024532358 0.729843 -0.609505 0.227121 0.210356 
141333044408608 0.725747 -0.610159 0.238191 0.210388 
141333064285691 0.719885 -0.611951 0.251887 0.209365 
141333084162774 0.713964 -0.613604 0.266673 0.206473 
141333104039858 0.706227 -0.615278 0.284411 0.204417 
141333123916941 0.697874 -0.617644 0.302030 0.200664 
141333143794024 0.688360 -0.620049 0.320698 0.197106 
141333163671108 0.679664 -0.622397 0.337779 0.191270 
141333183548191 0.671564 -0.624527 0.355427 0.180661 
141333203425274 0.662726 -0.628441 0.371067 0.167827 
141333223302358 0.655530 -0.631747 0.384388 0.153041 
141333243179441 0.647706 -0.633656 0.399523 0.139064 
141333263056524 0.639506 -0.636497 0.411276 0.129440 
141333282933608 0.632316 -0.635492 0.426737 0.119248 
141333302810691 0.624044 -0.633104 0.445673 0.105458 
141333322687774 0.617495 -0.632283 0.458855 0.091490 
141333342564858 0.613755 -0.630408 0.468454 0.080262 
141333362441212 0.608698 -0.627843 0.479333 0.074418 
141333382317254 0.604405 -0.625877 0.488226 0.067917 
141333402193295 0.601141 -0.624533 0.494798 0.061306 
141333422069337 0.597639 -0.624176 0.499877 0.057968 
141333441945379 0.594875 -0.625115 0.502013 0.057758 
141333461821420 0.593259 -0.627038 0.501487 0.058133 
141333481697462 0.592828 -0.629077 0.499352 0.058880 
141333501573504 0.592424 -0.631961 0.495893 0.061236 
141333521449545 0.592071 -0.635752 0.491008 0.064704 
141333541325587 0.592140 -0.639470 0.485612 0.068046 
141333561201629 0.592122 -0.643192 0.480136 0.071884 
141333581077670 0.591524 -0.647038 0.474947 0.076585 
141333600953712 0.592318 -0.651104 0.467829 0.079754 
141333620829754 0.594628 -0.654849 0.459056 0.082816 
141333640705795 0.596515 -0.657657 0.451334 0.089191 
141333660581837 0.599525 -0.660474 0.441345 0.097757 
141333680457879 0.604076 -0.663501 0.428387 0.106508 
141333700333920 0.609032 -0.666185 0.414576 0.115786 
141333720209962 0.613279 -0.668154 0.401465 0.127610 
141333740086004 0.618131 -0.670230 0.386173 0.139922 
141333759962045 0.624124 -0.672197 0.368864 0.150196 
141333779838087 0.630561 -0.673433 0.351470 0.159211 
141333799714129 0.637206 -0.673966 0.333605 0.168658 
141333819590170 0.644216 -0.673726 0.315254 0.178026 
141333839466212 0.652853 -0.672524 0.295713 0.184522 
141333859342254 0.662027 -0.670688 0.276848 0.187758 
141333879218295 0.670614 -0.669020 0.259185 0.188445 
141333899094337 0.677840 -0.667153 0.244259 0.189150 
141333918970379 0.683814 -0.665604 0.231536 0.189105 
141333938846420 0.688458 -0.664075 0.221700 0.189416 
141333958722462 0.691054 -0.663030 0.215527 0.190746 
141333978598504 0.692091 -0.662156 0.213640 0.192142 
141333998474545 0.690659 -0.662057 0.216947 0.193923 
141334018350587 0.687872 -0.663096 0.222554 0.193922 
141334038226629 0.684133 -0.664081 0.231541 0.193254 
141334058102670 0.678971 -0.664491 0.244835 0.193666 
141334077978712 0.672806 -0.665207 0.259829 0.193186 
141334097854754 0.665837 -0.666745 0.275497 0.190296 
141334117730795 0.657569 -0.669306 0.291266 0.186536 
141334137606837 0.648952 -0.671626 0.307360 0.182511 
141334157482879 0.640369 -0.673332 0.323674 0.178285 
141334177358920 0.632033 -0.674817 0.339538 0.172830 
141334197234962 0.623999 -0.676121 0.355414 0.164823 
141334217111004 0.616466 -0.677669 0.370375 0.153478 
141334236987045 0.609240 -0.679136 0.384261 0.141222 
141334256863087 0.602676 -0.679540 0.397891 0.129193 
141334276739129 0.597451 -0.679188 0.410358 0.115597 
141334296615170 0.592985 -0.678516 0.421450 0.101807 
141334316491212 0.587914 -0.677364 0.432724 0.091028 
141334336367254 0.582018 -0.675776 0.444499 0.083675 
141334356243295 0.577327 -0.673248 0.455329 0.078114 
141334376119337 0.574318 -0.670330 0.464078 0.073807 
141334395995379 0.572859 -0.667834 0.469980 0.070346 
141334415871420 0.572753 -0.666034 0.473186 0.066705 
141334435747462 0.573171 -0.664676 0.474970 0.063898 
141334455624233 0.574019 -0.663665 0.475453 0.063230 
141334475501316 0.574221 -0.663382 0.475332 0.065215 
141334495378399 0.574484 -0.663644 0.474224 0.068230 
141334515255483 0.575801 -0.664353 0.471198 0.071154 
141334535132566 0.576866 -0.664954 0.468442 0.075007 
141334555009649 0.578081 -0.665356 0.465594 0.079659 
141334574886733 0.580634 -0.666445 0.459858 0.085115 
141334594763816 0.583538 -0.667979 0.452311 0.093282 
141334614640899 0.586557 -0.669113 0.444657 0.102565 
141334634517983 0.590668 -0.670735 0.434630 0.111007 
141334654395066 0.594621 -0.672512 0.424118 0.119489 
141334674272149 0.598634 -0.674499 0.412630 0.128156 
141334694149233 0.603141 -0.676584 0.399643 0.136901 
141334714026316 0.608393 -0.677525 0.385943 0.147868 
141334733903399 0.615472 -0.676416 0.371288 0.160623 
141334753780274 0.623918 -0.674085 0.355823 0.172413 
141334773656316 0.633326 -0.672127 0.338416 0.180601 
141334793532358 0.643705 -0.670323 0.319237 0.185468 
141334813408399 0.654459 -0.668588 0.298783 0.188156 
141334833284441 0.665196 -0.667010 0.277477 0.188729 
141334853160483 0.674771 -0.665550 0.257016 0.188864 
141334873036524 0.681893 -0.663968 0.240637 0.190425 
141334892912566 0.687037 -0.663214 0.227098 0.191188 
141334912788608 0.690869 -0.662952 0.215706 0.191483 
141334932664649 0.693668 -0.662501 0.206983 0.192552 
141334952540691 0.695302 -0.661537 0.202274 0.194960 
141334972416733 0.695458 -0.660628 0.201878 0.197874 
141334992292774 0.693962 -0.661118 0.203846 0.199465 
141335012168816 0.691724 -0.662051 0.208578 0.199252 
141335032044858 0.688074 -0.663369 0.216825 0.198704 
141335051920899 0.682836 -0.665229 0.227680 0.198414 
141335071796941 0.677083 -0.666991 0.239760 0.197985 
141335091672983 0.670993 -0.668116 0.253971 0.197199 
141335111549024 0.664330 -0.669493 0.269210 0.194863 
141335131425066 0.656385 -0.671972 0.284459 0.191561 
141335151301108 0.647951 -0.674592 0.299820 0.187599 
141335171177149 0.639651 -0.676477 0.315595 0.183372 
141335191053191 0.631606 -0.677974 0.331326 0.177898 
141335210929233 0.623640 -0.679015 0.348013 0.169994 
141335230805274 0.616089 -0.680006 0.364005 0.159770 
141335250681316 0.609297 -0.680588 0.378736 0.148714 
141335270557358 0.603780 -0.679394 0.393666 0.137480 
141335290433399 0.599306 -0.677435 0.407691 0.125310 
141335310309441 0.594563 -0.675690 0.420856 0.113226 
141335330185483 0.590156 -0.673277 0.433633 0.101867 
141335350061524 0.586935 -0.669702 0.445667 0.091588 
141335369937566 0.583790 -0.666108 0.456424 0.084656 
141335389813608 0.581076 -0.663385 0.464769 0.079106 
141335409689649 0.579349 -0.661585 0.470447 0.073068 
141335429565691 0.577995 -0.660544 0.474251 0.068472 
141335449441733 0.577872 -0.659921 0.475711 0.065326 
141335469317774 0.578226 -0.660002 0.475347 0.063993 
141335489193816 0.578139 -0.660588 0.474550 0.064624 
141335509069858 0.578658 -0.661060 0.473057 0.066097 
141335528945899 0.580060 -0.661455 0.470420 0.068646 
141335548821941 0.580789 -0.661701 0.468598 0.072457 
141335568697983 0.581854 -0.662003 0.466109 0.077082 
141335588574024 0.584187 -0.662915 0.460653 0.084061 
141335608450066 0.587949 -0.663825 0.453139 0.091197 
141335628326108 0.593730 -0.664783 0.443392 0.094619 
141335648202149 0.596938 -0.666484 0.435348 0.099683 
141335668078191 0.596448 -0.668518 0.430485 0.109627 
141335687954233 0.598645 -0.671162 0.420674 0.119157 
141335707830274 0.601988 -0.672729 0.410182 0.129607 
141335727706316 0.605158 -0.673133 0.401330 0.140036 
141335747582358 0.610497 -0.673660 0.388521 0.150092 
141335767458399 0.616172 -0.672021 0.376272 0.164737 
141335787334441 0.623816 -0.668637 0.362978 0.178954 
141335807210483 0.635837 -0.667367 0.342286 0.182134 
141335827086524 0.647973 -0.665602 0.322630 0.181699 
141335846962566 0.657937 -0.664134 0.303363 0.184431 
141335866838608 0.667392 -0.662323 0.283765 0.188133 
141335886714649 0.675692 -0.659916 0.267249 0.191126 
141335906591420 0.682657 -0.657496 0.253135 0.193909 
141335926468504 0.689132 -0.653769 0.242338 0.197371 
141335946345587 0.695285 -0.649637 0.233998 0.199488 
141335966222670 0.701210 -0.646105 0.226517 0.198852 
141335986099754 0.705290 -0.643323 0.222037 0.198497 
141336005976837 0.707271 -0.641595 0.220115 0.199181 
141336025853920 0.707916 -0.640434 0.220654 0.200027 
141336045731004 0.707234 -0.639700 0.224647 0.200346 
141336065608087 0.705441 -0.639704 0.230828 0.199624 
141336085485170 0.702695 -0.640417 0.238423 0.198093 
141336105362254 0.699134 -0.641561 0.247370 0.196006 
141336125239337 0.693502 -0.643180 0.259032 0.195644 
141336145116420 0.685988 -0.645442 0.272506 0.196383 
141336164993504 0.677548 -0.647858 0.287460 0.196408 
141336184870587 0.668735 -0.650877 0.302402 0.194178 
141336204747462 0.659886 -0.654828 0.315941 0.189559 
141336224623504 0.651460 -0.658609 0.329238 0.182858 
141336244499545 0.643079 -0.661460 0.343768 0.175339 
141336264375587 0.635022 -0.663926 0.357810 0.167097 
141336284251629 0.627764 -0.665603 0.371622 0.157423 
141336304127670 0.621015 -0.667107 0.384912 0.145436 
141336324003712 0.614557 -0.668562 0.397373 0.132060 
141336343879754 0.608266 -0.669562 0.409383 0.118763 
141336363755795 0.603489 -0.669474 0.420313 0.104605 
141336383631837 0.600117 -0.668833 0.429531 0.089586 
141336403507879 0.597198 -0.668134 0.437020 0.077258 
141336423383920 0.594340 -0.667539 0.443291 0.068105 
141336443259962 0.592023 -0.667954 0.447031 0.059226 
141336463136004 0.591079 -0.668825 0.448091 0.050169 
141336483012045 0.591646 -0.669655 0.446998 0.041358 
141336502888087 0.593274 -0.670220 0.444589 0.034240 
141336522764129 0.593702 -0.670838 0.443298 0.031340 
141336542640170 0.593251 -0.671774 0.442535 0.030587 
141336562516212 0.593224 -0.672709 0.441198 0.029865 
141336582392254 0.593359 -0.673168 0.440305 0.030026 
141336602268295 0.595280 -0.673042 0.437911 0.029843 
141336622144337 0.598826 -0.672712 0.433493 0.030812 
141336642020379 0.601776 -0.671673 0.430692 0.035001 
141336661896420 0.604615 -0.670507 0.428138 0.039478 
141336681772462 0.608054 -0.669467 0.424443 0.043966 
141336701648504 0.613444 -0.668355 0.418092 0.046765 
141336721524545 0.620373 -0.666942 0.409687 0.049825 
141336741400587 0.626443 -0.665709 0.401666 0.055378 
141336761276629 0.632538 -0.664721 0.392782 0.061393 
141336781152670 0.638641 -0.663536 0.383671 0.068201 
141336801028712 0.645223 -0.661842 0.374324 0.074393 
141336820904754 0.653795 -0.658753 0.363258 0.081483 
141336840780795 0.662941 -0.654211 0.352683 0.090171 
141336860656837 0.674225 -0.648443 0.339268 0.099201 
141336880532879 0.687839 -0.639762 0.324776 0.110013 
141336900408920 0.702488 -0.630024 0.308894 0.119007 
141336920284962 0.717683 -0.620482 0.290396 0.124915 
141336940161004 0.731857 -0.611476 0.272068 0.128298 
141336960037045 0.745318 -0.603701 0.251981 0.128647 
141336979913087 0.757366 -0.597029 0.231892 0.127193 
141336999789129 0.767729 -0.591554 0.212575 0.124365 
141337019665170 0.776624 -0.586421 0.195104 0.122074 
141337039541212 0.782240 -0.581332 0.186614 0.123802 
141337059417254 0.785066 -0.577835 0.183494 0.126920 
141337079293295 0.786877 -0.575962 0.180644 0.128295 
141337099169337 0.787766 -0.574841 0.180735 0.127739 
141337119045379 0.787639 -0.573700 0.185453 0.126884 
141337138921420 0.786660 -0.573292 0.191975 0.125086 
141337158797462 0.784205 -0.574142 0.200720 0.122866 
141337178673504 0.780750 -0.575430 0.211862 0.120101 
141337198549545 0.776638 -0.576352 0.225443 0.117594 
141337218425587 0.772117 -0.577650 0.239178 0.113791 
141337238301629 0.767337 -0.579243 0.253109 0.107735 
141337258177670 0.761827 -0.581326 0.267611 0.100317 
141337278053712 0.756186 -0.583292 0.281981 0.091851 
141337297929754 0.750817 -0.584429 0.296371 0.082947 
141337317805795 0.745875 -0.584042 0.311703 0.073515 
141337337681837 0.741420 -0.582381 0.327380 0.062867 
141337357557879 0.737687 -0.579376 0.342914 0.050569 
141337377433920 0.734166 -0.575486 0.358497 0.035998 
141337397309962 0.731238 -0.571209 0.372312 0.019900 
141337417186733 0.730060 -0.565467 0.383741 0.001670 
141337437063816 -0.729168 0.559603 -0.393559 0.016418 
141337456940899 -0.727977 0.554133 -0.402416 0.032362 
141337476817983 -0.726125 0.548510 -0.411895 0.047131 
141337496695066 -0.723859 0.544567 -0.419386 0.059964 
141337516572149 -0.722479 0.541417 -0.424316 0.069659 
141337536449233 -0.721759 0.538484 -0.428045 0.076652 
141337556326316 -0.720996 0.536971 -0.430374 0.081248 
141337576203399 -0.721699 0.535976 -0.429696 0.085085 
141337596080483 -0.724453 0.534171 -0.426532 0.088900 
141337615957566 -0.727432 0.532055 -0.423476 0.091821 
141337635834649 -0.730019 0.530192 -0.420849 0.094107 
141337655711733 -0.732720 0.528040 -0.418310 0.096500 
141337675588816 -0.735886 0.525594 -0.415474 0.097997 
141337695465899 -0.738958 0.522985 -0.413539 0.097025 
141337715342774 -0.741346 0.521059 -0.412447 0.093761 
141337735218816 -0.743748 0.519315 -0.411380 0.088996 
141337755094858 -0.746482 0.517187 -0.410453 0.082522 
141337774970899 -0.749549 0.514795 -0.409423 0.074369 
141337794846941 -0.753069 0.512161 -0.407828 0.065187 
141337814722983 -0.757119 0.508976 -0.405778 0.055377 
141337834599024 -0.761568 0.505348 -0.403204 0.045433 
141337854475066 -0.766246 0.501554 -0.400162 0.034359 
141337874351108 -0.770486 0.497716 -0.397752 0.020573 
141337894227149 -0.774151 0.493892 -0.395900 0.004881 
141337914103191 0.777820 -0.489783 0.393664 0.011730 
141337933979233 0.782687 -0.484493 0.389708 0.028190 
141337953855274 0.789722 -0.477723 0.382334 0.044050 
141337973731316 0.797851 -0.470250 0.372483 0.059572 
141337993607358 0.807320 -0.462783 0.358592 0.074012 
141338013483399 0.818355 -0.455095 0.340048 0.086883 
141338033359441 0.829222 -0.447484 0.320149 0.098248 
141338053235483 0.839016 -0.441486 0.299396 0.107267 
141338073111524 0.847464 -0.436974 0.279578 0.112662 
141338092987566 0.853749 -0.433534 0.264732 0.114354 
141338112863608 0.857800 -0.428984 0.256620 0.119572 
141338132739649 0.860575 -0.423381 0.252876 0.127332 
141338152615691 0.863079 -0.419152 0.249886 0.130241 
141338172491733 0.865116 -0.416929 0.246525 0.130266 
141338192367774 0.865404 -0.417292 0.245132 0.129825 
141338212243816 0.864052 -0.418604 0.248567 0.128060 
141338232119858 0.861853 -0.418833 0.257074 0.125307 
141338251995899 0.858955 -0.418417 0.268975 0.121560 
141338271871941 0.855680 -0.418450 0.281211 0.116755 
141338291747983 0.851452 -0.419434 0.294497 0.111259 
141338311624024 0.845790 -0.422263 0.308639 0.105223 
141338331500066 0.838831 -0.426510 0.323753 0.098162 
141338351376108 0.831197 -0.431186 0.339090 0.090608 
141338371252149 0.823641 -0.435342 0.353684 0.083680 
141338391128191 0.816571 -0.438588 0.367996 0.073679 
141338411004233 0.810406 -0.442626 0.379201 0.059457 
141338430880274 0.804536 -0.447004 0.388655 0.043095 
141338450756316 0.798798 -0.450493 0.397946 0.024844 
141338470632358 0.794329 -0.453244 0.404456 0.005101 
141338490508399 -0.790359 0.455855 -0.409096 0.013021 
141338510384441 -0.786403 0.456695 -0.414821 0.030399 
141338530260483 -0.782743 0.456418 -0.420201 0.049278 
141338550136524 -0.779794 0.455997 -0.423624 0.067317 
141338570012566 -0.777007 0.453758 -0.428468 0.082319 
141338589888608 -0.773553 0.450639 -0.435769 0.092979 
141338609764649 -0.770825 0.447383 -0.442366 0.099939 
141338629640691 -0.768436 0.444022 -0.448782 0.104619 
141338649516733 -0.767768 0.440457 -0.452248 0.109550 
141338669392774 -0.769226 0.436540 -0.452420 0.114187 
141338689268816 -0.771018 0.433353 -0.451707 0.117034 
141338709144858 -0.771849 0.431475 -0.452249 0.116400 
141338729020899 -0.772346 0.430515 -0.452702 0.114886 
141338748896941 -0.774963 0.429016 -0.449647 0.114877 
141338768772983 -0.776832 0.427906 -0.447726 0.113876 
141338788649024 -0.778105 0.427166 -0.446769 0.111711 
141338808525066 -0.781017 0.426669 -0.443026 0.108140 
141338828401108 -0.783904 0.426422 -0.439550 0.102244 
141338848277149 -0.786162 0.425249 -0.438039 0.096075 
141338868153191 -0.788722 0.423317 -0.436831 0.088892 
141338888029233 -0.791485 0.421833 -0.435234 0.078606 
141338907905274 -0.794013 0.421355 -0.433101 0.066551 
141338927781316 -0.796872 0.420842 -0.430022 0.054486 
141338947657358 -0.800168 0.419713 -0.426282 0.043083 
141338967533608 -0.804699 0.417656 -0.420785 0.031030 
141338987410691 -0.810713 0.414610 -0.412945 0.017898 
141339007287774 -0.817264 0.410084 -0.404845 0.003405 
141339027164858 0.824969 -0.404643 0.394430 0.010766 
141339047041941 0.834214 -0.398335 0.380611 0.023486 
141339066919024 0.842874 -0.390889 0.368093 0.035726 
141339086796108 0.852381 -0.383033 0.352852 0.047196 
141339106673191 0.862864 -0.374553 0.334483 0.057377 
141339126550274 0.872299 -0.366028 0.317297 0.066565 
141339146427358 0.879754 -0.358964 0.302520 0.075271 
141339166304441 0.885451 -0.353573 0.289584 0.084273 
141339186181524 0.889714 -0.348372 0.280076 0.092762 
141339206058608 0.892335 -0.344163 0.274478 0.099762 
141339225935691 0.893620 -0.340867 0.272312 0.105357 
141339245812774 0.894321 -0.338427 0.271576 0.109109 
141339265689649 0.894684 -0.335802 0.273255 0.110055 
141339285565691 0.894211 -0.333767 0.277768 0.108784 
141339305441733 0.892489 -0.333257 0.284893 0.106004 
141339325317774 0.889929 -0.333743 0.293640 0.102064 
141339345193816 0.886446 -0.334859 0.304565 0.096567 
141339365069858 0.881987 -0.337602 0.316441 0.089385 
141339384945899 0.877360 -0.341229 0.327674 0.080172 
141339404821941 0.872132 -0.346009 0.338595 0.070815 
141339424697983 0.866463 -0.351019 0.349705 0.061092 
141339444574024 0.860156 -0.356134 0.361552 0.050847 
141339464450066 0.853689 -0.361373 0.372912 0.039517 
141339484326108 0.846519 -0.367302 0.384388 0.027202 
141339504202149 0.840075 -0.372318 0.394354 0.011745 
141339524078191 -0.834481 0.375937 -0.402831 0.006370 
141339543954233 -0.829877 0.378570 -0.409120 0.024667 
141339563830274 -0.825568 0.379964 -0.414933 0.043539 
141339583706316 -0.821867 0.380629 -0.419507 0.060601 
141339603582358 -0.819005 0.379026 -0.423499 0.078872 
141339623458399 -0.815720 0.376932 -0.427872 0.097197 
141339643334441 -0.811607 0.375550 -0.433736 0.110128 
141339663210483 -0.807331 0.373570 -0.440650 0.120373 
141339683086524 -0.804076 0.370577 -0.446051 0.131057 
141339702962566 -0.802249 0.367340 -0.448775 0.141631 
141339722838608 -0.803012 0.364035 -0.447354 0.150089 
141339742714649 -0.805088 0.362135 -0.443985 0.153524 
141339762590691 -0.805713 0.361527 -0.443472 0.153159 
141339782466733 -0.806596 0.361005 -0.442822 0.151616 
141339802342774 -0.807889 0.360729 -0.441741 0.148504 
141339822218816 -0.809703 0.360587 -0.440178 0.143534 
141339842094858 -0.812919 0.360236 -0.436800 0.136371 
141339861970899 -0.816933 0.359094 -0.433158 0.126667 
141339881846941 -0.821200 0.356913 -0.430256 0.114560 
141339901722983 -0.824684 0.354595 -0.428987 0.100635 
141339921599024 -0.828972 0.351731 -0.425634 0.089043 
141339941475066 -0.835771 0.348126 -0.416980 0.080123 
141339961351108 -0.841577 0.344659 -0.409657 0.071660 
141339981227149 -0.846723 0.342316 -0.402407 0.062897 
141340001103191 -0.852698 0.340045 -0.392907 0.053840 
141340020979233 -0.858211 0.337308 -0.384292 0.044915 
141340040855274 -0.863474 0.333892 -0.376388 0.035520 
141340060731316 -0.869798 0.329792 -0.366261 0.023281 
141340080607358 -0.876753 0.323748 -0.355545 0.008955 
141340100483399 0.884582 -0.315899 0.343085 0.003817 
141340120359441 0.893004 -0.308403 0.327387 0.015755 
141340140235483 0.900361 -0.301058 0.312924 0.028145 
141340160111524 0.907010 -0.293788 0.298994 0.040294 
141340179987566 0.912081 -0.286758 0.288145 0.053324 
141340199863608 0.915974 -0.278680 0.281040 0.065851 
141340219739649 0.919544 -0.269598 0.275797 0.075432 
141340239615691 0.922589 -0.261309 0.271714 0.081957 
141340259491733 0.925026 -0.254586 0.268571 0.085923 
141340279367774 0.926475 -0.249143 0.267865 0.088433 
141340299243816 0.926796 -0.245699 0.269650 0.089248 
141340319119858 0.925973 -0.243831 0.274622 0.087790 
141340338995899 0.924186 -0.243197 0.282221 0.084189 
141340358871941 0.921418 -0.243142 0.292625 0.079003 
141340378747983 0.917089 -0.243354 0.307181 0.073248 
141340398624024 0.912280 -0.243704 0.322480 0.066003 
141340418500066 0.907064 -0.244649 0.337688 0.057825 
141340438376108 0.902038 -0.246545 0.351266 0.046434 
141340458252149 0.896484 -0.249660 0.364442 0.034177 
141340478128191 0.888849 -0.253966 0.380566 0.024864 
141340498004233 0.881062 -0.259072 0.395521 0.013197 
141340517880274 0.873758 -0.266949 0.406553 0.000453 
141340537756316 -0.865901 0.273719 -0.418358 0.016448 
141340557632358 -0.859130 0.280713 -0.426544 0.034004 
141340577509129 -0.852544 0.285365 -0.434937 0.050596 
141340597386212 -0.845529 0.289375 -0.443884 0.065615 
141340617263295 -0.839954 0.291593 -0.450208 0.082234 
141340637140379 -0.836131 0.294211 -0.452330 0.098603 
141340657017462 -0.831635 0.296820 -0.455593 0.112766 
141340676894545 -0.825575 0.300314 -0.461655 0.122933 
141340696771629 -0.820388 0.300501 -0.467686 0.133914 
141340716648712 -0.817247 0.298854 -0.470772 0.145491 
141340736525795 -0.815609 0.299216 -0.471371 0.151858 
141340756402879 -0.814223 0.299685 -0.472883 0.153662 
141340776279962 -0.812152 0.301122 -0.475251 0.154500 
141340796157045 -0.811460 0.302436 -0.475865 0.153679 
141340816034129 -0.811715 0.304081 -0.475075 0.151517 
141340835911212 -0.812555 0.305813 -0.473317 0.149003 
141340855788295 -0.812987 0.308358 -0.472263 0.144687 
141340875664649 -0.813520 0.310929 -0.471193 0.139598 
141340895540691 -0.816331 0.312746 -0.467365 0.131771 
141340915416733 -0.818711 0.314819 -0.465394 0.118367 
141340935292774 -0.820413 0.316754 -0.464736 0.102977 
141340955168816 -0.823971 0.317631 -0.460655 0.089346 
141340975044858 -0.827645 0.317874 -0.456165 0.076652 
141340994920899 -0.831875 0.316676 -0.451041 0.065243 
141341014796941 -0.837340 0.314959 -0.443647 0.053285 
141341034672983 -0.842649 0.313857 -0.435731 0.039681 
141341054549024 -0.849435 0.312135 -0.424708 0.025579 
141341074425066 -0.857870 0.307398 -0.411622 0.011545 
141341094301108 0.866140 -0.299860 0.399846 0.002847 
141341114177149 0.874383 -0.293047 0.386376 0.017063 
141341134053191 0.883095 -0.286710 0.370284 0.028811 
141341153929233 0.891468 -0.279850 0.354459 0.036426 
141341173805274 0.897425 -0.274296 0.342983 0.041858 
141341193681316 0.901270 -0.270156 0.335323 0.047811 
141341213557358 0.906190 -0.263704 0.326335 0.052753 
141341233433399 0.909186 -0.254150 0.324818 0.057366 
141341253309441 0.912356 -0.246395 0.321375 0.060124 
141341273185483 0.915084 -0.238848 0.319036 0.061569 
141341293061524 0.916096 -0.231933 0.320784 0.063804 
141341312937566 0.917281 -0.225024 0.322500 0.062821 
141341332813608 0.918278 -0.219831 0.323778 0.060040 
141341352689649 0.918958 -0.216218 0.325339 0.054067 
141341372565691 0.916346 -0.214869 0.334377 0.048306 
141341392441733 0.913301 -0.217420 0.341831 0.041969 
141341412317774 0.908466 -0.221129 0.353175 0.032547 
141341432193816 0.897107 -0.229516 0.375975 0.034108 
141341452069858 0.885941 -0.236117 0.398003 0.030840 
141341471945899 0.879707 -0.246252 0.406149 0.022793 
141341491821941 0.872262 -0.255042 0.417128 0.010834 
141341511697983 -0.866992 0.264023 -0.422587 0.006124 
141341531574024 -0.863347 0.273893 -0.423092 0.024644 
141341551450066 -0.858623 0.282266 -0.425553 0.044696 
141341571326108 -0.852169 0.291614 -0.430355 0.059731 
141341591202149 -0.847596 0.296626 -0.432801 0.079224 
141341611078191 -0.844015 0.301297 -0.432988 0.096840 
141341630954233 -0.842537 0.300597 -0.431991 0.114696 
141341650830274 -0.841562 0.300273 -0.429860 0.129722 
141341670706316 -0.840232 0.300014 -0.428004 0.144278 
141341690582358 -0.838533 0.301134 -0.425640 0.158149 
141341710458399 -0.836399 0.302744 -0.424293 0.169582 
141341730334441 -0.834752 0.303679 -0.423234 0.178440 
141341750210483 -0.833393 0.304349 -0.423277 0.183475 
141341770086524 -0.832672 0.303944 -0.424648 0.184253 
141341789962566 -0.832236 0.303165 -0.427250 0.181470 
141341809838608 -0.833056 0.301130 -0.429570 0.175524 
141341829714649 -0.835696 0.297647 -0.429843 0.168089 
141341849590691 -0.838920 0.294140 -0.429037 0.160065 
141341869466733 -0.843296 0.290890 -0.425893 0.151156 
141341889342774 -0.847750 0.288922 -0.421493 0.142083 
141341909218816 -0.852951 0.287779 -0.414577 0.133356 
141341929094858 -0.858158 0.286584 -0.407247 0.124836 
141341948970899 -0.863248 0.284388 -0.400485 0.116351 
141341968846941 -0.868234 0.281285 -0.394791 0.105785 
141341988722983 -0.872772 0.276702 -0.391141 0.093318 
141342008599024 -0.878924 0.270175 -0.385105 0.078700 
141342028475066 -0.885601 0.262734 -0.377925 0.062152 
141342048351108 -0.892176 0.254707 -0.370378 0.044350 
141342068227149 -0.898544 0.246066 -0.362603 0.024300 
141342088103191 -0.903734 0.237075 -0.356427 0.004417 
141342107979233 0.910077 -0.227029 0.346542 0.011239 
141342127855274 0.917914 -0.216412 0.331786 0.022751 
141342147731316 0.926751 -0.205754 0.312712 0.031771 
141342167607358 0.934905 -0.195721 0.293472 0.038986 
141342187483399 0.939977 -0.186709 0.281979 0.045509 
141342207359441 0.942967 -0.179209 0.275804 0.051363 
141342227235483 0.944731 -0.172681 0.273052 0.055872 
141342247111733 0.945284 -0.167852 0.273755 0.057656 
141342266988816 0.945622 -0.164826 0.274517 0.057172 
141342286865899 0.945505 -0.164025 0.275891 0.054754 
141342306742983 0.944463 -0.165502 0.279257 0.050994 
141342326620066 0.942413 -0.168948 0.284887 0.046410 
141342346497149 0.939366 -0.173457 0.292985 0.040782 
141342366374233 0.935490 -0.177889 0.303342 0.034604 
141342386251316 0.930367 -0.182437 0.316813 0.027618 
141342406128399 0.924140 -0.188184 0.331898 0.019886 
141342426005483 0.917621 -0.194863 0.346262 0.010136 
141342445882566 -0.911462 0.202262 -0.358223 0.002027 
141342465759649 -0.905401 0.210096 -0.368539 0.016987 
141342485636733 -0.899894 0.216450 -0.376907 0.035797 
141342505513816 -0.895307 0.221160 -0.382508 0.056557 
141342525390899 -0.891519 0.224101 -0.385819 0.078210 
141342545267774 -0.887517 0.225442 -0.388970 0.100971 
141342565143816 -0.884194 0.226129 -0.390009 0.122313 
141342585019858 -0.881281 0.226107 -0.389562 0.143046 
141342604895899 -0.877412 0.227956 -0.390089 0.161291 
141342624771941 -0.872230 0.230989 -0.393144 0.176911 
141342644647983 -0.867743 0.232114 -0.396418 0.189732 
141342664524024 -0.865691 0.228139 -0.397855 0.200605 
141342684400066 -0.864575 0.224934 -0.399111 0.206459 
141342704276108 -0.865228 0.222967 -0.398067 0.207867 
141342724152149 -0.865889 0.221174 -0.396612 0.209803 
141342744028191 -0.866414 0.220253 -0.396135 0.209505 
141342763904233 -0.867653 0.219675 -0.395598 0.205967 
141342783780274 -0.869439 0.219126 -0.393354 0.203306 
141342803656316 -0.871413 0.218276 -0.391001 0.200283 
141342823532358 -0.872740 0.217682 -0.391542 0.193993 
141342843408399 -0.874344 0.216497 -0.392842 0.185275 
141342863284441 -0.876698 0.213772 -0.394281 0.173909 
141342883160483 -0.879338 0.209546 -0.396202 0.160873 
141342903036524 -0.881775 0.204925 -0.398227 0.147968 
141342922912566 -0.884327 0.200490 -0.398777 0.136918 
141342942788608 -0.888108 0.196231 -0.396430 0.124895 
141342962664649 -0.891476 0.192266 -0.395106 0.110437 
141342982540691 -0.893886 0.187846 -0.395618 0.095750 
141343002416733 -0.897532 0.182190 -0.393322 0.080885 
141343022292774 -0.903046 0.174884 -0.387159 0.063514 
141343042168816 -0.908186 0.165105 -0.382165 0.043455 
141343062044858 -0.913478 0.153082 -0.376363 0.021783 
141343081920899 -0.921018 0.140305 -0.363365 0.002598 
141343101796941 0.929565 -0.127820 0.345572 0.012279 
141343121672983 0.937063 -0.117779 0.327718 0.025351 
141343141549024 0.943863 -0.110408 0.309118 0.037122 
141343161425066 0.949782 -0.104904 0.290979 0.047342 
141343181301108 0.953566 -0.100642 0.278336 0.055869 
141343201177149 0.955153 -0.097653 0.272667 0.061572 
141343221053191 0.955220 -0.096939 0.272241 0.063525 
141343240929233 0.954263 -0.098999 0.274778 0.063845 
141343260805274 0.951704 -0.102462 0.282636 0.062286 
141343280681316 0.947951 -0.106871 0.294414 0.057280 
141343300557358 0.943152 -0.113321 0.308567 0.049093 
141343320433399 0.937949 -0.120612 0.322761 0.039123 
141343340309441 0.932312 -0.125944 0.337601 0.030949 
141343360185483 0.926657 -0.129040 0.352259 0.023861 
141343380061524 0.921590 -0.131945 0.364768 0.014406 
141343399937566 0.917017 -0.136246 0.374853 0.001331 
141343419813608 -0.912149 0.142939 -0.383860 0.014273 
141343439689649 -0.907072 0.152140 -0.391351 0.030290 
141343459565691 -0.902133 0.161053 -0.397332 0.048426 
141343479441733 -0.897545 0.169898 -0.401336 0.066899 
141343499317774 -0.892508 0.177563 -0.405825 0.084874 
141343519193816 -0.886580 0.184660 -0.411107 0.104247 
141343539069858 -0.880606 0.190704 -0.416262 0.122027 
141343558945899 -0.874638 0.193502 -0.422072 0.139362 
141343578821941 -0.869195 0.195019 -0.426590 0.156489 
141343598697983 -0.865869 0.196404 -0.427724 0.169555 
141343618574024 -0.862065 0.197812 -0.430135 0.180826 
141343638450066 -0.857598 0.200045 -0.433678 0.190869 
141343658326108 -0.853646 0.202424 -0.436540 0.199365 
141343678202149 -0.850875 0.204653 -0.437549 0.206590 
141343698078191 -0.849403 0.207088 -0.436913 0.211511 
141343717954233 -0.848946 0.209730 -0.435776 0.213084 
141343737830274 -0.849242 0.212245 -0.434220 0.212587 
141343757706316 -0.850671 0.213729 -0.431753 0.210401 
141343777582358 -0.852960 0.214794 -0.429094 0.205428 
141343797458399 -0.855729 0.215677 -0.426974 0.197243 
141343817334441 -0.859528 0.216092 -0.424037 0.186302 
141343837210483 -0.863962 0.216313 -0.420260 0.173668 
141343857086524 -0.868079 0.216704 -0.416701 0.160742 
141343876962566 -0.872523 0.216876 -0.411875 0.148415 
141343896838608 -0.877865 0.216303 -0.405138 0.135761 
141343916715379 -0.883322 0.214589 -0.398261 0.122803 
141343936592462 -0.889174 0.212163 -0.390399 0.109303 
141343956469545 -0.895699 0.208820 -0.381320 0.093349 
141343976346629 -0.902224 0.203794 -0.372438 0.075831 
141343996223712 -0.908632 0.196948 -0.363710 0.057519 
141344016100795 -0.915022 0.189635 -0.353917 0.038937 
141344035977879 -0.922721 0.181511 -0.339382 0.021425 
141344055854962 -0.931120 0.172072 -0.321483 0.007424 
141344075732045 0.939735 -0.162882 0.300570 0.005012 
141344095609129 0.947183 -0.154200 0.280704 0.016499 
141344115486212 0.952882 -0.146679 0.264131 0.027130 
141344135363295 0.956582 -0.139789 0.252933 0.037891 
141344155240379 0.958833 -0.133701 0.246098 0.046889 
141344175117462 0.960340 -0.128269 0.241713 0.053621 
141344194994545 0.960779 -0.123523 0.241395 0.058096 
141344214870899 0.960818 -0.120060 0.242391 0.060470 
141344234746941 0.960103 -0.118596 0.245979 0.060380 
141344254622983 0.958374 -0.119878 0.252670 0.057431 
141344274499024 0.956252 -0.122632 0.260678 0.050924 
141344294375066 0.953535 -0.125895 0.270635 0.040976 
141344314251108 0.950018 -0.130235 0.282091 0.030481 
141344334127149 0.946263 -0.134304 0.293556 0.019339 
141344354003191 0.941686 -0.138192 0.306717 0.007373 
141344373879233 -0.936881 0.141982 -0.319460 0.006404 
141344393755274 -0.932157 0.146062 -0.330544 0.022125 
141344413631316 -0.927533 0.150290 -0.339821 0.040208 
141344433507358 -0.922817 0.154178 -0.347950 0.059828 
141344453383399 -0.918616 0.157822 -0.353454 0.079440 
141344473259441 -0.914534 0.160741 -0.357478 0.099983 
141344493135483 -0.910468 0.163266 -0.360465 0.120241 
141344513011524 -0.906102 0.164008 -0.363750 0.140596 
141344532887566 -0.901166 0.163015 -0.367773 0.161459 
141344552763608 -0.895956 0.161136 -0.372467 0.180460 
141344572639649 -0.890899 0.158062 -0.377177 0.197620 
141344592515691 -0.885805 0.154891 -0.381680 0.213724 
141344612391733 -0.880847 0.152735 -0.385570 0.228290 
141344632267774 -0.877213 0.150413 -0.387706 0.239912 
141344652143816 -0.875504 0.147824 -0.388060 0.247083 
141344672019858 -0.874499 0.145910 -0.389233 0.249917 
141344691895899 -0.874144 0.144470 -0.390471 0.250065 
141344711771941 -0.875230 0.142073 -0.389763 0.248742 
141344731647983 -0.876818 0.138766 -0.388859 0.246421 
141344751524024 -0.878906 0.135310 -0.388005 0.242216 
141344771400066 -0.881894 0.131182 -0.385898 0.236931 
141344791276108 -0.885125 0.126823 -0.383848 0.230499 
141344811152149 -0.887736 0.123164 -0.383652 0.222635 
141344831028191 -0.890569 0.119672 -0.383256 0.213730 
141344850904233 -0.894068 0.115902 -0.381719 0.203713 
141344870780274 -0.897585 0.111882 -0.380212 0.193035 
141344890656316 -0.902091 0.107140 -0.377112 0.180387 
141344910532358 -0.906825 0.101490 -0.374535 0.164596 
141344930408399 -0.911000 0.095166 -0.373276 0.147267 
141344950284441 -0.915703 0.088323 -0.370306 0.128687 
141344970160483 -0.920660 0.080140 -0.366066 0.109366 
141344990036524 -0.926670 0.069802 -0.358178 0.090101 
141345009912566 -0.932198 0.059123 -0.349801 0.071747 
141345029788608 -0.937004 0.049436 -0.341478 0.054569 
141345049664649 -0.941778 0.039745 -0.331627 0.038706 
141345069540691 -0.946446 0.030029 -0.320607 0.023444 
141345089416733 -0.950098 0.021003 -0.311120 0.008792 
141345109292774 0.952695 -0.012028 0.303665 0.003877 
141345129168816 0.954696 -0.003089 0.297261 0.013504 
141345149044858 0.955204 0.004843 0.295175 0.020827 
141345168920899 0.954790 0.010651 0.295922 0.026321 
141345188796941 0.954290 0.014086 0.297068 0.029702 
141345208672983 0.953369 0.015597 0.299858 0.030491 
141345228549024 0.952186 0.015447 0.303796 0.028462 
141345248425066 0.950740 0.013684 0.308813 0.023255 
141345268301108 0.948680 0.009459 0.315696 0.015873 
141345288177149 0.945978 0.003487 0.324134 0.007054 
141345308053191 -0.942894 0.004428 -0.333050 0.003165 
141345327929233 -0.939490 0.013346 -0.341969 0.015389 
141345347805274 -0.935952 0.022519 -0.350211 0.028976 
141345367681316 -0.932605 0.031906 -0.356909 0.042970 
141345387557358 -0.928962 0.041334 -0.363171 0.058513 
141345407433399 -0.925361 0.050778 -0.367979 0.075618 
141345427309441 -0.921449 0.059869 -0.371857 0.095250 
141345447185483 -0.916664 0.069021 -0.376143 0.116098 
141345467061524 -0.912221 0.076449 -0.378303 0.137463 
141345486937566 -0.908027 0.081144 -0.379115 0.158666 
141345506813608 -0.903699 0.083520 -0.380277 0.178161 
141345526689649 -0.898250 0.084488 -0.383432 0.197458 
141345546565691 -0.892621 0.086641 -0.386552 0.215168 
141345566441733 -0.887079 0.088846 -0.389770 0.230818 
141345586317983 -0.882025 0.089632 -0.392722 0.244473 
141345606195066 -0.877520 0.090095 -0.395737 0.255409 
141345626072149 -0.873831 0.090876 -0.398199 0.263814 
141345645949233 -0.871800 0.091515 -0.398379 0.269970 
141345665826316 -0.871080 0.092204 -0.397972 0.272647 
141345685703399 -0.870245 0.093359 -0.399950 0.272026 
141345705580483 -0.869786 0.094944 -0.402793 0.268729 
141345725457566 -0.870708 0.096265 -0.404205 0.263097 
141345745334649 -0.872288 0.097887 -0.405493 0.255159 
141345765211733 -0.873506 0.099785 -0.407842 0.246365 
141345785088816 -0.875633 0.100477 -0.408242 0.237715 
141345804965899 -0.878738 0.100543 -0.407532 0.227219 
141345824842983 -0.881255 0.100611 -0.408259 0.215850 
141345844720066 -0.884394 0.100281 -0.407737 0.203818 
141345864597149 -0.888311 0.099731 -0.405549 0.191015 
141345884473504 -0.892800 0.099229 -0.401904 0.177581 
141345904349545 -0.897324 0.098746 -0.398139 0.162921 
141345924225587 -0.901512 0.098198 -0.395216 0.146420 
141345944101629 -0.906752 0.096709 -0.389994 0.127885 
141345963977670 -0.913115 0.093199 -0.381657 0.108950 
141345983853712 -0.919834 0.087831 -0.371728 0.089489 
141346003729754 -0.927378 0.081128 -0.358685 0.068785 
141346023605795 -0.934619 0.074065 -0.344442 0.048604 
141346043481837 -0.941938 0.067121 -0.327687 0.029471 
141346063357879 -0.949119 0.060226 -0.308892 0.011470 
141346083233920 0.955610 -0.054059 0.289586 0.005179 
141346103109962 0.960878 -0.048540 0.271919 0.020433 
141346122986004 0.964324 -0.043698 0.258950 0.033389 
141346142862045 0.966019 -0.040242 0.251444 0.044307 
141346162738087 0.966945 -0.037406 0.246562 0.053107 
141346182614129 0.966981 -0.034906 0.245612 0.058399 
141346202490170 0.966773 -0.034068 0.246183 0.059707 
141346222366212 0.966383 -0.034836 0.248281 0.057014 
141346242242254 0.964916 -0.037254 0.254938 0.050512 
141346262118295 0.962864 -0.041449 0.263637 0.040873 
141346281994337 0.960195 -0.046623 0.273924 0.028608 
141346301870379 0.956896 -0.051038 0.285487 0.015569 
141346321746420 0.952994 -0.054765 0.297994 0.001911 
141346341622462 -0.949263 0.058094 -0.308790 0.013176 
141346361498504 -0.945401 0.060940 -0.318802 0.029462 
141346381374545 -0.941549 0.064095 -0.327466 0.046299 
141346401250587 -0.936893 0.067205 -0.336924 0.064805 
141346421126629 -0.931855 0.070900 -0.345722 0.084223 
141346441002670 -0.926580 0.073612 -0.353227 0.106106 
141346460878712 -0.921674 0.075769 -0.358201 0.128325 
141346480754754 -0.917197 0.076783 -0.361162 0.149716 
141346500630795 -0.912658 0.076804 -0.363742 0.169849 
141346520506837 -0.908033 0.075715 -0.365138 0.190835 
141346540382879 -0.902959 0.075492 -0.366272 0.211687 
141346560258920 -0.897783 0.075127 -0.368329 0.229514 
141346580134962 -0.893043 0.073787 -0.370148 0.244991 
141346600011004 -0.888966 0.072811 -0.371111 0.258292 
141346619887045 -0.885616 0.072147 -0.371504 0.269191 
141346639763087 -0.883821 0.071514 -0.370199 0.276946 
141346659639129 -0.883633 0.070744 -0.367733 0.280998 
141346679515170 -0.883929 0.070940 -0.366842 0.281184 
141346699391212 -0.884560 0.071325 -0.366700 0.279281 
141346719267254 -0.886029 0.070667 -0.365735 0.276037 
141346739143295 -0.887596 0.069561 -0.365346 0.271765 
141346759019337 -0.890044 0.067085 -0.363446 0.266884 
141346778895379 -0.893337 0.063513 -0.360705 0.260399 
141346798771420 -0.896118 0.060177 -0.360189 0.252222 
141346818647462 -0.898661 0.057032 -0.360508 0.243291 
141346838523504 -0.901413 0.054014 -0.360718 0.233279 
141346858399545 -0.903956 0.051165 -0.361554 0.222540 
141346878275587 -0.907211 0.047529 -0.360736 0.211133 
141346898151629 -0.911068 0.042938 -0.358592 0.198803 
141346918027670 -0.915231 0.037945 -0.356071 0.184732 
141346937903712 -0.919439 0.032039 -0.353919 0.168359 
141346957779754 -0.923822 0.025294 -0.350961 0.150795 
141346977655795 -0.928476 0.016844 -0.346910 0.131546 
141346997531837 -0.932402 0.006635 -0.343545 0.112076 
141347017407879 -0.936342 -0.003679 -0.338392 0.093498 
141347037283920 -0.940442 -0.014339 -0.331189 0.075367 
141347057159962 -0.945459 -0.025905 -0.319405 0.058419 
141347077036004 -0.951080 -0.037721 -0.303707 0.042259 
141347096912045 -0.955703 -0.048924 -0.288936 0.027452 
141347116788087 -0.958820 -0.058568 -0.277551 0.014146 
141347136664129 -0.960998 -0.066144 -0.268515 0.002791 
141347156540170 0.962555 0.072404 0.261176 0.005726 
141347176416212 0.962760 0.077122 0.258880 0.011252 
141347196292254 0.962532 0.080036 0.258675 0.014637 
141347216168295 0.962278 0.081225 0.259201 0.015454 
141347236044337 0.961545 0.080748 0.262160 0.013523 
141347255920379 0.959985 0.077474 0.268984 0.008588 
141347275796420 0.958405 0.072462 0.276057 0.000850 
141347295672462 -0.956568 -0.065827 -0.283819 0.009561 
141347315548504 -0.954633 -0.058243 -0.291256 0.021303 
141347335424545 -0.952404 -0.050759 -0.298741 0.033237 
141347355300587 -0.950106 -0.043864 -0.305501 0.045204 
141347375176629 -0.947720 -0.036891 -0.311236 0.060008 
141347395052879 -0.945134 -0.029017 -0.316424 0.075839 
141347414929962 -0.942095 -0.021263 -0.321592 0.092652 
141347434807045 -0.938051 -0.015231 -0.327126 0.113205 
141347454684129 -0.934299 -0.008817 -0.330399 0.133585 
141347474561212 -0.930920 -0.004431 -0.330946 0.154416 
141347494438295 -0.927499 -0.002365 -0.329457 0.176628 
141347514315379 -0.924586 -0.000481 -0.325578 0.197837 
141347534192462 -0.921552 0.000998 -0.322050 0.216852 
141347554069545 -0.918303 0.000268 -0.317978 0.235818 
141347573946629 -0.914724 -0.000081 -0.314904 0.253208 
141347593823712 -0.910735 0.000308 -0.315289 0.266747 
141347613700795 -0.906570 -0.000237 -0.316117 0.279644 
141347633577879 -0.903122 -0.001756 -0.315599 0.291145 
141347653454962 -0.900523 -0.003781 -0.314032 0.300713 
141347673332045 -0.899498 -0.006042 -0.310747 0.307089 
141347693208399 -0.899213 -0.008251 -0.307914 0.310705 
141347713084441 -0.899457 -0.010235 -0.306486 0.311349 
141347732960483 -0.900517 -0.013206 -0.304571 0.310049 
141347752836524 -0.901475 -0.016296 -0.304061 0.307609 
141347772712566 -0.902836 -0.019096 -0.303593 0.303898 
141347792588608 -0.905138 -0.022403 -0.301193 0.299175 
141347812464649 -0.908112 -0.026313 -0.297579 0.293405 
141347832340691 -0.910230 -0.029341 -0.297193 0.286874 
141347852216733 -0.912209 -0.032239 -0.297887 0.279462 
141347872092774 -0.914954 -0.036401 -0.296811 0.270993 
141347891968816 -0.917841 -0.042082 -0.296087 0.261015 
141347911844858 -0.920859 -0.049260 -0.295758 0.249238 
141347931720899 -0.924493 -0.057482 -0.294503 0.235111 
141347951596941 -0.927849 -0.066145 -0.294330 0.219299 
141347971472983 -0.930936 -0.075642 -0.293763 0.203323 
141347991349024 -0.934913 -0.086885 -0.289293 0.186276 
141348011225066 -0.938967 -0.099182 -0.282737 0.169004 
141348031101108 -0.943452 -0.111875 -0.273208 0.150794 
141348050977149 -0.946965 -0.123650 -0.265006 0.133198 
141348070853191 -0.949358 -0.134772 -0.258510 0.117161 
141348090729233 -0.952074 -0.146400 -0.248923 0.100786 
141348110605274 -0.954635 -0.158660 -0.237544 0.084110 
141348130481316 -0.955343 -0.171969 -0.229800 0.070280 
141348150357358 -0.955224 -0.184434 -0.223440 0.060031 
141348170233399 -0.955246 -0.195397 -0.215670 0.052932 
141348190109441 -0.955069 -0.203618 -0.209897 0.048223 
141348209985483 -0.954141 -0.209129 -0.208879 0.047427 
141348229861524 -0.952757 -0.214117 -0.209658 0.049514 
141348249737566 -0.951138 -0.218903 -0.210799 0.054506 
141348269613608 -0.949305 -0.223274 -0.212506 0.061669 
141348289489649 -0.947284 -0.227858 -0.214475 0.068793 
141348309365691 -0.944962 -0.232332 -0.217121 0.076983 
141348329241733 -0.941973 -0.234658 -0.223337 0.087986 
141348349117774 -0.938749 -0.234792 -0.231236 0.100752 
141348368993816 -0.935424 -0.234032 -0.239478 0.113404 
141348388869858 -0.932284 -0.233578 -0.246404 0.124795 
141348408745899 -0.929219 -0.234674 -0.251699 0.134635 
141348428621941 -0.926032 -0.236888 -0.256628 0.143146 
141348448497983 -0.922871 -0.240846 -0.260474 0.149853 
141348468374024 -0.919856 -0.246732 -0.262993 0.154347 
141348488250066 -0.916765 -0.253577 -0.265489 0.157347 
141348508126108 -0.913790 -0.261123 -0.267367 0.159115 
141348528002149 -0.911155 -0.269101 -0.267919 0.159997 
141348547878191 -0.909034 -0.277951 -0.266142 0.159901 
141348567754233 -0.907010 -0.286954 -0.263974 0.159088 
141348587630274 -0.904843 -0.295818 -0.262399 0.157792 
141348607506316 -0.902655 -0.304219 -0.261346 0.156088 
141348627382358 -0.900220 -0.312284 -0.261303 0.154284 
141348647258399 -0.897533 -0.319934 -0.262276 0.152609 
141348667134441 -0.894668 -0.327319 -0.263566 0.151543 
141348687010483 -0.891778 -0.334226 -0.264681 0.151556 
141348706886524 -0.888893 -0.340818 -0.265365 0.152628 
141348726762566 -0.886027 -0.347162 -0.265520 0.154700 
141348746638608 -0.882764 -0.352906 -0.266579 0.158494 
141348766514649 -0.879041 -0.357666 -0.269335 0.163771 
141348786390691 -0.874853 -0.361490 -0.273686 0.170451 
141348806266733 -0.870479 -0.364671 -0.278274 0.178451 
141348826142774 -0.866137 -0.367035 -0.282971 0.187132 
141348846018816 -0.861916 -0.368971 -0.287494 0.195728 
141348865894858 -0.857802 -0.371037 -0.291162 0.204285 
141348885770899 -0.853736 -0.372542 -0.295121 0.212724 
141348905646941 -0.850035 -0.373616 -0.299116 0.219956 
141348925522983 -0.846822 -0.375176 -0.302065 0.225590 
141348945399024 -0.843633 -0.377149 -0.304995 0.230259 
141348965275066 -0.839832 -0.378389 -0.310306 0.234976 
141348985151108 -0.835510 -0.379507 -0.316625 0.240095 
141349005027149 -0.831270 -0.381246 -0.322957 0.243596 
141349024903191 -0.828530 -0.384331 -0.326773 0.242997 
141349044779233 -0.827125 -0.388952 -0.327842 0.238958 
141349064655274 -0.826326 -0.394034 -0.328022 0.233074 
141349084531316 -0.827422 -0.398024 -0.326644 0.224171 
141349104407358 -0.829020 -0.400506 -0.326249 0.214202 
141349124283399 -0.831375 -0.400986 -0.326102 0.204166 
141349144159441 -0.834678 -0.399776 -0.325249 0.194175 
141349164035483 -0.838238 -0.396790 -0.325020 0.185140 
141349183911524 -0.842518 -0.392715 -0.323500 0.176874 
141349203787566 -0.847254 -0.387522 -0.320789 0.170532 
141349223663608 -0.851706 -0.380660 -0.319300 0.166564 
141349243539649 -0.855245 -0.372626 -0.319887 0.165467 
141349263415691 -0.858314 -0.364351 -0.320347 0.167103 
141349283291733 -0.860999 -0.355874 -0.320629 0.170970 
141349303167774 -0.863212 -0.346794 -0.321907 0.175997 
141349323043816 -0.865375 -0.337118 -0.323251 0.181624 
141349342919858 -0.867698 -0.327307 -0.324037 0.187006 
141349362795899 -0.870447 -0.318128 -0.323563 0.190850 
141349382671941 -0.872926 -0.310752 -0.322574 0.193338 
141349402547983 -0.874667 -0.305078 -0.322198 0.195123 
141349422424024 -0.876213 -0.300772 -0.321407 0.196176 
141349442300066 -0.877583 -0.297582 -0.320405 0.196551 
141349462176316 -0.879020 -0.295966 -0.318054 0.196394 
141349482053399 -0.880153 -0.295728 -0.315938 0.195088 
141349501930483 -0.881088 -0.297100 -0.313698 0.192380 
141349521807566 -0.881962 -0.301122 -0.309845 0.188320 
141349541684649 -0.881965 -0.306379 -0.307059 0.184349 
141349561561733 -0.881666 -0.312315 -0.303816 0.181164 
141349581438816 -0.881774 -0.318123 -0.299442 0.177784 
141349601315899 -0.882226 -0.323670 -0.294451 0.173819 
141349621192983 -0.882506 -0.329428 -0.289586 0.169706 
141349641070066 -0.881920 -0.335077 -0.286567 0.166792 
141349660947149 -0.881133 -0.341114 -0.282664 0.165365 
141349680824233 -0.880340 -0.347115 -0.278036 0.164955 
141349700701316 -0.879339 -0.352178 -0.274164 0.166038 
141349720578399 -0.878151 -0.356082 -0.271268 0.168734 
141349740455274 -0.876936 -0.359173 -0.268518 0.172847 
141349760331316 -0.875237 -0.362193 -0.266192 0.178662 
141349780207358 -0.873282 -0.364591 -0.264668 0.185480 
141349800083399 -0.871678 -0.367055 -0.261832 0.192070 
141349819959441 -0.870272 -0.368197 -0.259819 0.198880 
141349839835483 -0.869070 -0.368498 -0.258649 0.205006 
141349859711524 -0.867972 -0.370592 -0.255315 0.210002 
141349879587566 -0.866863 -0.374862 -0.249062 0.214464 
141349899463608 -0.864586 -0.379510 -0.245449 0.219585 
141349919339649 -0.862091 -0.383674 -0.243623 0.224144 
141349939215691 -0.860333 -0.388278 -0.240177 0.226677 
141349959091733 -0.858909 -0.394235 -0.234538 0.227700 
141349978967774 -0.856843 -0.401820 -0.228831 0.228029 
141349998843816 -0.853554 -0.410839 -0.224978 0.228127 
141350018719858 -0.849761 -0.419995 -0.222789 0.227760 
141350038595899 -0.846225 -0.429788 -0.219319 0.226018 
141350058471941 -0.842847 -0.440099 -0.214253 0.223645 
141350078347983 -0.839123 -0.450301 -0.209522 0.221814 
141350098224024 -0.835088 -0.460248 -0.205547 0.220342 
141350118100066 -0.831065 -0.469754 -0.202114 0.218656 
141350137976108 -0.827114 -0.478578 -0.199332 0.217054 
141350157852149 -0.822936 -0.486788 -0.197485 0.216363 
141350177728191 -0.818429 -0.494489 -0.196375 0.217006 
141350197604233 -0.813680 -0.501920 -0.195391 0.218685 
141350217480274 -0.808970 -0.508595 -0.194514 0.221504 
141350237356316 -0.804424 -0.514295 -0.193959 0.225350 
141350257232358 -0.799754 -0.519025 -0.194406 0.230681 
141350277108399 -0.795045 -0.522964 -0.195489 0.237055 
141350296984441 -0.790551 -0.526054 -0.197021 0.243882 
141350316860483 -0.786097 -0.529032 -0.198443 0.250594 
141350336736524 -0.781268 -0.532199 -0.200036 0.257624 
141350356612566 -0.776475 -0.535324 -0.201313 0.264553 
141350376488608 -0.772096 -0.538333 -0.202241 0.270488 
141350396364649 -0.767964 -0.541474 -0.203041 0.275338 
141350416240691 -0.763850 -0.544821 -0.203986 0.279451 
141350436116733 -0.759808 -0.548381 -0.204922 0.282803 
141350455992774 -0.755792 -0.552089 -0.206104 0.285477 
141350475868816 -0.751869 -0.556150 -0.207283 0.287095 
141350495744858 -0.748114 -0.560847 -0.207682 0.287479 
141350515620899 -0.744473 -0.565635 -0.207903 0.287390 
141350535496941 -0.740873 -0.570304 -0.208332 0.287156 
141350555372983 -0.737665 -0.575047 -0.207819 0.286325 
141350575249024 -0.735088 -0.579252 -0.207229 0.284900 
141350595125066 -0.732922 -0.582828 -0.206954 0.283385 
141350615001108 -0.731072 -0.586193 -0.206348 0.281659 
141350634877149 -0.729567 -0.589228 -0.205482 0.279855 
141350654753191 -0.728048 -0.591956 -0.204843 0.278520 
141350674629233 -0.726361 -0.594274 -0.204525 0.278223 
141350694505274 -0.725012 -0.595776 -0.204355 0.278653 
141350714381316 -0.723829 -0.596669 -0.204511 0.279702 
141350734257358 -0.722489 -0.597496 -0.204545 0.281370 
141350754133399 -0.721175 -0.597937 -0.204761 0.283639 
141350774009441 -0.719932 -0.597884 -0.205595 0.286291 
141350793885483 -0.718538 -0.598061 -0.206146 0.289016 
141350813761524 -0.717144 -0.598300 -0.206468 0.291742 
141350833637566 -0.715758 -0.598315 -0.207355 0.294472 
141350853513608 -0.713971 -0.598851 -0.208466 0.296924 
141350873389649 -0.711806 -0.600375 -0.208773 0.298824 
141350893265691 -0.709577 -0.602155 -0.209030 0.300361 
141350913141733 -0.707434 -0.603467 -0.209944 0.302140 
141350933017774 -0.705731 -0.604732 -0.210443 0.303244 
141350952893816 -0.704393 -0.605722 -0.211253 0.303814 
141350972769858 -0.703264 -0.606618 -0.212315 0.303902 
141350992645899 -0.702165 -0.607794 -0.213343 0.303375 
141351012521941 -0.700885 -0.609384 -0.214264 0.302493 
141351032397983 -0.699729 -0.611215 -0.214421 0.301361 
141351052274024 -0.699096 -0.612838 -0.213752 0.300009 
141351072150066 -0.698894 -0.614091 -0.212970 0.298468 
141351092026108 -0.699247 -0.614871 -0.212153 0.296611 
141351111902149 -0.700055 -0.615224 -0.211557 0.294389 
141351131778191 -0.701075 -0.615235 -0.211260 0.292144 
141351151654233 -0.702307 -0.615180 -0.210678 0.289711 
141351171530274 -0.703543 -0.615067 -0.209904 0.287509 
141351191406316 -0.704758 -0.614600 -0.209345 0.285931 
141351211282358 -0.705852 -0.613822 -0.209124 0.285066 
141351231158399 -0.706631 -0.613362 -0.208612 0.284501 
141351251034441 -0.707060 -0.613273 -0.207607 0.284363 
141351270910483 -0.707295 -0.613358 -0.206151 0.284654 
141351290786524 -0.707387 -0.613515 -0.204592 0.285212 
141351310662566 -0.707505 -0.613968 -0.202524 0.285419 
141351330538608 -0.707541 -0.614568 -0.200683 0.285339 
141351350414649 -0.707201 -0.615452 -0.199398 0.285175 
141351370290691 -0.706548 -0.616552 -0.198486 0.285055 
141351390166733 -0.705734 -0.617877 -0.197785 0.284691 
141351410042774 -0.704362 -0.620075 -0.196627 0.284111 
141351429918816 -0.702679 -0.622536 -0.195301 0.283812 
141351449794858 -0.700873 -0.624390 -0.195035 0.284387 
141351469670899 -0.699071 -0.626446 -0.194258 0.284833 
141351489546941 -0.697215 -0.628515 -0.193513 0.285328 
141351509422983 -0.695017 -0.630704 -0.193051 0.286174 
141351529299024 -0.692611 -0.633046 -0.192447 0.287240 
141351549175066 -0.689993 -0.635112 -0.191765 0.289427 
141351569051108 -0.687658 -0.637909 -0.189764 0.290151 
141351588927149 -0.685359 -0.640668 -0.187691 0.290861 
141351608803191 -0.683155 -0.642859 -0.186290 0.292109 
141351628679233 -0.681393 -0.644747 -0.184791 0.293014 
141351648555274 -0.679880 -0.646409 -0.183382 0.293751 
141351668431316 -0.678462 -0.648332 -0.181811 0.293768 
141351688307358 -0.677000 -0.650387 -0.180502 0.293407 
141351708183399 -0.675401 -0.652263 -0.179726 0.293404 
141351728059441 -0.673696 -0.654256 -0.178557 0.293599 
141351747935483 -0.672096 -0.656351 -0.176980 0.293544 
141351767811524 -0.670463 -0.658473 -0.175815 0.293227 
141351787687566 -0.668707 -0.660472 -0.175126 0.293152 
141351807563608 -0.666966 -0.662697 -0.173967 0.292788 
141351827439649 -0.665200 -0.665369 -0.172052 0.291876 
141351847315691 -0.663322 -0.668143 -0.170188 0.290905 
141351867191733 -0.661374 -0.670791 -0.168530 0.290209 
141351887067774 -0.659566 -0.673361 -0.166702 0.289427 
141351906943816 -0.657829 -0.675874 -0.164923 0.288541 
141351926819858 -0.655860 -0.678236 -0.163744 0.288152 
141351946695899 -0.653630 -0.680555 -0.162846 0.288260 
141351966572149 -0.651186 -0.682964 -0.161865 0.288645 
141351986449233 -0.648502 -0.685275 -0.161133 0.289619 
141352006326316 -0.645422 -0.687571 -0.160826 0.291224 
141352026203399 -0.641807 -0.690087 -0.160793 0.293276 
141352046080483 -0.637779 -0.692793 -0.161032 0.295541 
141352065957566 -0.633279 -0.695757 -0.161237 0.298132 
141352085834649 -0.628521 -0.698661 -0.161572 0.301212 
141352105711733 -0.623722 -0.701663 -0.161351 0.304314 
141352125588816 -0.618955 -0.704508 -0.161244 0.307511 
141352145465899 -0.614561 -0.706699 -0.161482 0.311151 
141352165342983 -0.610825 -0.707989 -0.162383 0.315081 
141352185220066 -0.607607 -0.708864 -0.163493 0.318742 
141352205097149 -0.604769 -0.709501 -0.164445 0.322214 
141352224974233 -0.602119 -0.710267 -0.165129 0.325124 
141352244850587 -0.599557 -0.711465 -0.165008 0.327294 
141352264726629 -0.597214 -0.712718 -0.164554 0.329074 
141352284602670 -0.595212 -0.713876 -0.163821 0.330555 
141352304478712 -0.593877 -0.714420 -0.163858 0.331760 
141352324354754 -0.593182 -0.714460 -0.164827 0.332438 
141352344230795 -0.592680 -0.714393 -0.166306 0.332738 
141352364106837 -0.592114 -0.714127 -0.168371 0.333279 
141352383982879 -0.591658 -0.713815 -0.170391 0.333731 
141352403858920 -0.591714 -0.712896 -0.173070 0.334217 
141352423734962 -0.591745 -0.711854 -0.175747 0.334986 
141352443611004 -0.591865 -0.710970 -0.177735 0.335600 
141352463487045 -0.591999 -0.709854 -0.179909 0.336566 
141352483363087 -0.592186 -0.708889 -0.181596 0.337365 
141352503239129 -0.593043 -0.707813 -0.182586 0.337585 
141352523115170 -0.594724 -0.706440 -0.183442 0.337038 
141352542991212 -0.596885 -0.704631 -0.184711 0.336312 
141352562867254 -0.599348 -0.702598 -0.186311 0.335300 
141352582743295 -0.602042 -0.700359 -0.188050 0.334186 
141352602619337 -0.604830 -0.698241 -0.189424 0.332804 
141352622495379 -0.607422 -0.696684 -0.189968 0.331033 
141352642371420 -0.609614 -0.695393 -0.190250 0.329551 
141352662247462 -0.611750 -0.693914 -0.190444 0.328599 
141352682123504 -0.614166 -0.691810 -0.190917 0.328252 
141352701999545 -0.616647 -0.689473 -0.191866 0.327963 
141352721875587 -0.618497 -0.688037 -0.192527 0.327109 
141352741751629 -0.619286 -0.687396 -0.193242 0.326542 
141352761627670 -0.619251 -0.687027 -0.194137 0.326852 
141352781503712 -0.619107 -0.687000 -0.194343 0.327061 
141352801379754 -0.619094 -0.686650 -0.195327 0.327234 
141352821255795 -0.618766 -0.686303 -0.197135 0.327497 
141352841131837 -0.617732 -0.686052 -0.199697 0.328423 
141352861007879 -0.616286 -0.685742 -0.202343 0.330161 
141352880883920 -0.615090 -0.685657 -0.204031 0.331527 
141352900759962 -0.614262 -0.685242 -0.205674 0.332901 
141352920636004 -0.613461 -0.684594 -0.207655 0.334479 
141352940512045 -0.612606 -0.683962 -0.209449 0.336216 
141352960388087 -0.611692 -0.682698 -0.211722 0.339014 
141352980264129 -0.611209 -0.681467 -0.213048 0.341522 
141353000140170 -0.611446 -0.680602 -0.213251 0.342693 
141353020016212 -0.612132 -0.679494 -0.213602 0.343449 
141353039892254 -0.613052 -0.677810 -0.214501 0.344572 
141353059768295 -0.614410 -0.675664 -0.215792 0.345561 
141353079644337 -0.616439 -0.672968 -0.217365 0.346222 
141353099520379 -0.618723 -0.670439 -0.218998 0.346025 
141353119396420 -0.620807 -0.668584 -0.220415 0.344981 
141353139272462 -0.622928 -0.666552 -0.222275 0.343893 
141353159148504 -0.625138 -0.664233 -0.224206 0.343116 
141353179024545 -0.627842 -0.661768 -0.225518 0.342082 
141353198900587 -0.630813 -0.659221 -0.226707 0.340744 
141353218776629 -0.633638 -0.656422 -0.228576 0.339655 
141353238652670 -0.636322 -0.653626 -0.230567 0.338683 
141353258528712 -0.639198 -0.651464 -0.231237 0.336971 
141353278404754 -0.642201 -0.649244 -0.231513 0.335352 
141353298280795 -0.645218 -0.646974 -0.231591 0.333894 
141353318156837 -0.648152 -0.644795 -0.231622 0.332400 
141353338032879 -0.651096 -0.642407 -0.231935 0.331047 
141353357908920 -0.654198 -0.639849 -0.232350 0.329593 
141353377784962 -0.657035 -0.637299 -0.233061 0.328387 
141353397661004 -0.659602 -0.635052 -0.233471 0.327299 
141353417537045 -0.661758 -0.633228 -0.233962 0.326128 
141353437413087 -0.663580 -0.631616 -0.234684 0.325033 
141353457289129 -0.665075 -0.630136 -0.235739 0.324085 
141353477165170 -0.666116 -0.628902 -0.236837 0.323543 
141353497041212 -0.666959 -0.627620 -0.237940 0.323485 
141353516917254 -0.667546 -0.626297 -0.239498 0.323691 
141353536793295 -0.668064 -0.624876 -0.241341 0.323997 
141353556669337 -0.668698 -0.623355 -0.243368 0.324105 
141353576545379 -0.669256 -0.622042 -0.245005 0.324242 
141353596421420 -0.669903 -0.620908 -0.245961 0.324354 
141353616297462 -0.670947 -0.619068 -0.246985 0.324936 
141353636173504 -0.672854 -0.616969 -0.246689 0.325208 
141353656049545 -0.674329 -0.615246 -0.246719 0.325397 
141353675925587 -0.675823 -0.613721 -0.246689 0.325201 
141353695801629 -0.677114 -0.612127 -0.247006 0.325278 
141353715677670 -0.678775 -0.610926 -0.245612 0.325129 
141353735553712 -0.679849 -0.610512 -0.244677 0.324365 
141353755429754 -0.680856 -0.610175 -0.243995 0.323399 
141353775305795 -0.681720 -0.609556 -0.244076 0.322687 
141353795181837 -0.682628 -0.608474 -0.244836 0.322231 
141353815057879 -0.683545 -0.607080 -0.246211 0.321870 
141353834933920 -0.684165 -0.606105 -0.247788 0.321180 
141353854809962 -0.684510 -0.605025 -0.249894 0.320849 
141353874686004 -0.684435 -0.603514 -0.252863 0.321527 
141353894562045 -0.684154 -0.602234 -0.255415 0.322506 
141353914438087 -0.684378 -0.600771 -0.257502 0.323100 
141353934314129 -0.685033 -0.597818 -0.261195 0.324224 
141353954190170 -0.685571 -0.593651 -0.266382 0.326515 
141353974066212 -0.685905 -0.589545 -0.271352 0.329150 
141353993942254 -0.686642 -0.585703 -0.275254 0.331225 
141354013818295 -0.687799 -0.581856 -0.279026 0.332447 
141354033694337 -0.689171 -0.577956 -0.282505 0.333469 
141354053570379 -0.691460 -0.573521 -0.285095 0.334182 
141354073446420 -0.694714 -0.569221 -0.286688 0.333421 
141354093322462 -0.698433 -0.565120 -0.287937 0.331546 
141354113198504 -0.701980 -0.560602 -0.290154 0.329787 
141354133074545 -0.705619 -0.556092 -0.292168 0.327874 
141354152950587 -0.709917 -0.551531 -0.293625 0.324988 
141354172826629 -0.714409 -0.546402 -0.295820 0.321800 
141354192702670 -0.718731 -0.540986 -0.298635 0.318711 
141354212578712 -0.722844 -0.535156 -0.302048 0.316025 
141354232454754 -0.726802 -0.529892 -0.304781 0.313180 
141354252330795 -0.730416 -0.525230 -0.307024 0.310422 
141354272206837 -0.733658 -0.520332 -0.309840 0.308221 
141354292082879 -0.736577 -0.515339 -0.312879 0.306572 
141354311958920 -0.739051 -0.510155 -0.316355 0.305722 
141354331834962 -0.741311 -0.505400 -0.319342 0.305041 
141354351711004 -0.743476 -0.500429 -0.322632 0.304503 
141354371587045 -0.745283 -0.495092 -0.326627 0.304552 
141354391463087 -0.747163 -0.489682 -0.330194 0.304848 
141354411339129 -0.749032 -0.484290 -0.333400 0.305383 
141354431215170 -0.750861 -0.478713 -0.336800 0.305956 
141354451091212 -0.752483 -0.472343 -0.341308 0.306873 
141354470967254 -0.754148 -0.465939 -0.345510 0.307870 
141354490843295 -0.756246 -0.460537 -0.347882 0.308182 
141354510719337 -0.759026 -0.455742 -0.348963 0.307253 
141354530595379 -0.761793 -0.448943 -0.352319 0.306582 
141354550471420 -0.764796 -0.441452 -0.356110 0.305604 
141354570347462 -0.769121 -0.434782 -0.357288 0.302925 
141354590223504 -0.774166 -0.427465 -0.358436 0.299106 
141354610099545 -0.778462 -0.419836 -0.361282 0.295313 
141354629975587 -0.782602 -0.412046 -0.364017 0.291967 
141354649851629 -0.787351 -0.403741 -0.365828 0.288516 
141354669727670 -0.792681 -0.394913 -0.367424 0.284077 
141354689603712 -0.798069 -0.385895 -0.369248 0.278973 
141354709479754 -0.803405 -0.376907 -0.370772 0.273879 
141354729355795 -0.808555 -0.367399 -0.372245 0.269611 
141354749231837 -0.813636 -0.358131 -0.373476 0.265054 
141354769107879 -0.819182 -0.349420 -0.373391 0.259665 
141354788983920 -0.824275 -0.340145 -0.374209 0.254635 
141354808859962 -0.829065 -0.331808 -0.374552 0.249531 
141354828736004 -0.833946 -0.322853 -0.374628 0.244856 
141354848612045 -0.838130 -0.313919 -0.375515 0.240793 
141354868488087 -0.842641 -0.306619 -0.374505 0.235979 
141354888364129 -0.847214 -0.298922 -0.373725 0.230663 
141354908240170 -0.851033 -0.290999 -0.374211 0.225894 
141354928116212 -0.854558 -0.283095 -0.374690 0.221801 
141354947992254 -0.858300 -0.275323 -0.374354 0.217666 
141354967868295 -0.861984 -0.267421 -0.374258 0.213074 
141354987744337 -0.865098 -0.259551 -0.375048 0.208751 
141355007620379 -0.867920 -0.252455 -0.375416 0.205048 
141355027496420 -0.870794 -0.245740 -0.374990 0.201772 
141355047372462 -0.873602 -0.240062 -0.373961 0.198351 
141355067248504 -0.876084 -0.234423 -0.373470 0.195044 
141355087124545 -0.877950 -0.227208 -0.375222 0.191801 
141355107000587 -0.879635 -0.220708 -0.376651 0.188850 
141355126876629 -0.881287 -0.214017 -0.377800 0.186539 
141355146752670 -0.882554 -0.207860 -0.379412 0.184224 
141355166628712 -0.883608 -0.203478 -0.380122 0.182595 
141355186504754 -0.884820 -0.199328 -0.380118 0.181309 
141355206380795 -0.885773 -0.194430 -0.380817 0.180502 
141355226256837 -0.887642 -0.190378 -0.379104 0.179246 
141355246132879 -0.889902 -0.186140 -0.376752 0.177436 
141355266008920 -0.890804 -0.180743 -0.378173 0.175459 
141355285884962 -0.891963 -0.176864 -0.378330 0.173167 
141355305761004 -0.893901 -0.173311 -0.376490 0.170763 
141355325637045 -0.895755 -0.169762 -0.374901 0.168087 
141355345513087 -0.897306 -0.166650 -0.373771 0.165424 
141355365389129 -0.898464 -0.163564 -0.373444 0.162939 
141355385265170 -0.899338 -0.159959 -0.373875 0.160689 
141355405141212 -0.900720 -0.156828 -0.372953 0.158166 
141355425017254 -0.901920 -0.154121 -0.372039 0.156121 
141355444893295 -0.902694 -0.151066 -0.372129 0.154410 
141355464769337 -0.903260 -0.148277 -0.372171 0.153710 
141355484645379 -0.903794 -0.145452 -0.371894 0.153931 
141355504521420 -0.904554 -0.142857 -0.370757 0.154638 
141355524397462 -0.904415 -0.140509 -0.371419 0.156008 
141355544273504 -0.903833 -0.138200 -0.373333 0.156872 
141355564149545 -0.903572 -0.136307 -0.374544 0.157150 
141355584025587 -0.903026 -0.134795 -0.376210 0.157605 
141355603901629 -0.902441 -0.134120 -0.377632 0.158137 
141355623777670 -0.902207 -0.134684 -0.377819 0.158539 
141355643653712 -0.901283 -0.133932 -0.380128 0.158911 
141355663529754 -0.900259 -0.132185 -0.383333 0.158483 
141355683406524 -0.900112 -0.131648 -0.384274 0.157483 
141355703283608 -0.900052 -0.130933 -0.385186 0.156186 
141355723160691 -0.899291 -0.130198 -0.387670 0.155043 
141355743037774 -0.898514 -0.129286 -0.389873 0.154781 
141355762914858 -0.898810 -0.127561 -0.389882 0.154469 
141355782791941 -0.899455 -0.124948 -0.389550 0.153683 
141355802669024 -0.899683 -0.122241 -0.390350 0.152491 
141355822546108 -0.900026 -0.119678 -0.390820 0.151293 
141355842423191 -0.900705 -0.117252 -0.390561 0.149818 
141355862300274 -0.901616 -0.114305 -0.389883 0.148375 
141355882177358 -0.902458 -0.110008 -0.389953 0.146304 
141355902054441 -0.903257 -0.106354 -0.389972 0.144012 
141355921931524 -0.904218 -0.103224 -0.389452 0.141636 
141355941807879 -0.904789 -0.099376 -0.390053 0.139080 
141355961683920 -0.904877 -0.095134 -0.391804 0.136515 
141355981559962 -0.906043 -0.092500 -0.390679 0.133789 
141356001436004 -0.907622 -0.089649 -0.388726 0.130682 
141356021312045 -0.907890 -0.085697 -0.390150 0.127179 
141356041188087 -0.907876 -0.082703 -0.391792 0.124175 
141356061064129 -0.908310 -0.079570 -0.392196 0.121754 
141356080940170 -0.908819 -0.076663 -0.392380 0.119199 
141356100816212 -0.909297 -0.074061 -0.392524 0.116701 
141356120692254 -0.909704 -0.071533 -0.392636 0.114714 
141356140568295 -0.909876 -0.068432 -0.393201 0.113294 
141356160444337 -0.909885 -0.064698 -0.394241 0.111793 
141356180320379 -0.909569 -0.060895 -0.396030 0.110177 
141356200196420 -0.909167 -0.057134 -0.397933 0.108640 
141356220072462 -0.908763 -0.053074 -0.399920 0.106757 
141356239948504 -0.908370 -0.049308 -0.401909 0.104424 
141356259824545 -0.908308 -0.046020 -0.403034 0.102086 
141356279700587 -0.908648 -0.042720 -0.403287 0.099434 
141356299576629 -0.908991 -0.038859 -0.403755 0.095965 
141356319452670 -0.909515 -0.034633 -0.403974 0.091587 
141356339328712 -0.910735 -0.029981 -0.402605 0.087000 
141356359204754 -0.912095 -0.024847 -0.400794 0.082645 
141356379080795 -0.913315 -0.019243 -0.399100 0.078800 
141356398956837 -0.914530 -0.012784 -0.397382 0.074582 
141356418832879 -0.915609 -0.005305 -0.395902 0.069954 
141356438708920 -0.916657 0.002932 -0.394177 0.065948 
141356458584962 -0.917316 0.011544 -0.393013 0.062746 
141356478461004 -0.917601 0.020737 -0.392396 0.059973 
141356498337045 -0.917480 0.030569 -0.392478 0.057208 
141356518213087 -0.917241 0.040378 -0.392420 0.055248 
141356538089129 -0.916983 0.050016 -0.392102 0.053763 
141356557965170 -0.916460 0.058785 -0.392366 0.051902 
141356577841212 -0.915625 0.066426 -0.393431 0.049304 
141356597717254 -0.914727 0.073041 -0.394728 0.046149 
141356617593295 -0.914116 0.078465 -0.395445 0.043120 
141356637469337 -0.914654 0.082989 -0.393493 0.041032 
141356657345379 -0.915589 0.087405 -0.390678 0.037794 
141356677221420 -0.916610 0.091385 -0.387746 0.033592 
141356697097462 -0.917823 0.094981 -0.384305 0.029809 
141356716973504 -0.919226 0.098481 -0.380292 0.026520 
141356736849545 -0.920863 0.102265 -0.375496 0.023584 
141356756725587 -0.922394 0.106096 -0.370797 0.021058 
141356776601629 -0.923723 0.110676 -0.366217 0.019271 
141356796477670 -0.925114 0.115708 -0.361160 0.018400 
141356816353712 -0.926128 0.120827 -0.356821 0.019133 
141356836229754 -0.926313 0.126622 -0.354251 0.020435 
141356856105795 -0.926312 0.132664 -0.351895 0.022736 
141356875981837 -0.926307 0.139325 -0.349036 0.026800 
141356895857879 -0.926180 0.147703 -0.345520 0.031469 
141356915733920 -0.925583 0.156563 -0.342694 0.036665 
141356935609962 -0.924278 0.164040 -0.342025 0.042665 
141356955486004 -0.923258 0.169438 -0.341126 0.050136 
141356975362045 -0.923028 0.173528 -0.338224 0.059227 
141356995238087 -0.922942 0.177159 -0.334996 0.067649 
141357015114129 -0.922850 0.179785 -0.332114 0.075645 
141357034990170 -0.923230 0.181092 -0.328277 0.084181 
141357054866212 -0.923948 0.181752 -0.323594 0.092580 
141357074742254 -0.924911 0.182566 -0.318149 0.099942 
141357094618295 -0.925980 0.182691 -0.312698 0.106792 
141357114494337 -0.926589 0.182625 -0.308469 0.113706 
141357134370379 -0.926669 0.183085 -0.305204 0.120892 
141357154246420 -0.926627 0.183779 -0.301926 0.128172 
141357174122462 -0.927191 0.183376 -0.297244 0.135417 
141357193998504 -0.928128 0.181199 -0.292132 0.142843 
141357213874545 -0.928723 0.178070 -0.288609 0.149904 
141357233750587 -0.929394 0.174107 -0.285257 0.156655 
141357253626629 -0.930329 0.169204 -0.281356 0.163393 
141357273502670 -0.931412 0.163890 -0.277140 0.169720 
141357293378712 -0.932388 0.158719 -0.273657 0.174852 
141357313254754 -0.932787 0.154187 -0.272151 0.179074 
141357333130795 -0.932634 0.150057 -0.272324 0.183073 
141357353006837 -0.932044 0.145552 -0.273835 0.187409 
141357372882879 -0.931026 0.140551 -0.276351 0.192523 
141357392758920 -0.930067 0.135499 -0.278564 0.197526 
141357412634962 -0.929156 0.130724 -0.280651 0.202029 
141357432511004 -0.928231 0.126364 -0.282576 0.206326 
141357452387045 -0.927294 0.122829 -0.284136 0.210491 
141357472263087 -0.926368 0.120708 -0.285100 0.214452 
141357492139129 -0.925805 0.119586 -0.284362 0.218455 
141357512015170 -0.925757 0.119329 -0.282171 0.221618 
141357531891212 -0.925831 0.120180 -0.280087 0.223486 
141357551767254 -0.925830 0.122038 -0.278313 0.224694 
141357571643295 -0.925898 0.124767 -0.276025 0.225734 
141357591519337 -0.926050 0.127964 -0.273405 0.226512 
141357611395379 -0.926265 0.131440 -0.270666 0.226926 
141357631271420 -0.926592 0.135268 -0.267188 0.227463 
141357651147462 -0.926880 0.139363 -0.263099 0.228585 
141357671023504 -0.927223 0.143467 -0.258448 0.229956 
141357690899545 -0.927416 0.147668 -0.254728 0.230667 
141357710775587 -0.927193 0.152081 -0.252961 0.230642 
141357730651629 -0.926756 0.156207 -0.252328 0.230335 
141357750527670 -0.926021 0.159785 -0.253265 0.229807 
141357770403712 -0.924509 0.164336 -0.256891 0.228656 
141357790279754 -0.923073 0.168362 -0.260689 0.227227 
141357810155795 -0.921652 0.171777 -0.264566 0.225954 
141357830031837 -0.919740 0.176072 -0.269257 0.224894 
141357849907879 -0.917372 0.180999 -0.275429 0.223175 
141357869783920 -0.914489 0.186485 -0.282755 0.221319 
141357889659962 -0.911512 0.192133 -0.289137 0.220522 
141357909536004 -0.909359 0.196642 -0.292761 0.220657 
141357929412045 -0.907983 0.200085 -0.294391 0.221059 
141357949288087 -0.906335 0.203725 -0.296495 0.221684 
141357969164129 -0.905188 0.206763 -0.296903 0.223007 
141357989040170 -0.903907 0.209518 -0.297472 0.224869 
141358008916212 -0.902268 0.212446 -0.299311 0.226256 
141358028792254 -0.901113 0.215734 -0.299914 0.226951 
141358048668295 -0.899987 0.218962 -0.300872 0.227058 
141358068544337 -0.898467 0.222291 -0.303918 0.225782 
141358088420379 -0.897985 0.224636 -0.304897 0.224050 
141358108296420 -0.897536 0.226724 -0.306384 0.221706 
141358128172462 -0.896551 0.229191 -0.309422 0.218919 
141358148048504 -0.894896 0.233164 -0.314185 0.214669 
141358167924545 -0.896438 0.231792 -0.312421 0.212285 
141358187800587 -0.898366 0.230394 -0.308624 0.211206 
141358207676629 -0.898470 0.230842 -0.309276 0.209315 
141358227552670 -0.898617 0.230468 -0.310132 0.207827 
141358247428712 -0.898420 0.229981 -0.311221 0.207588 
141358267304754 -0.899120 0.228340 -0.309463 0.208992 
141358287180795 -0.900032 0.226244 -0.307167 0.210727 
141358307056837 -0.901757 0.222543 -0.303004 0.213304 
141358326932879 -0.902858 0.219208 -0.300405 0.215762 
141358346808920 -0.903147 0.216898 -0.299993 0.217451 
141358366684962 -0.903550 0.214906 -0.299321 0.218678 
141358386561004 -0.903574 0.213741 -0.300304 0.218372 
141358406437045 -0.903320 0.212832 -0.303210 0.216285 
141358426313087 -0.903990 0.210657 -0.304391 0.213944 
141358446189129 -0.904362 0.208899 -0.306783 0.210653 
141358466065170 -0.905091 0.206831 -0.309044 0.206209 
141358485941212 -0.907314 0.202584 -0.307384 0.203120 
141358505817254 -0.909209 0.198768 -0.305720 0.200913 
141358525693295 -0.910642 0.195548 -0.305059 0.198570 
141358545569337 -0.913193 0.190771 -0.300772 0.198044 
141358565445379 -0.915017 0.186871 -0.297401 0.198434 
141358585321420 -0.915712 0.184209 -0.296410 0.199195 
141358605197462 -0.915927 0.182564 -0.295653 0.200841 
141358625073504 -0.915426 0.183715 -0.295895 0.201720 
141358644949545 -0.915012 0.186725 -0.294277 0.203197 
141358664825587 -0.914238 0.192005 -0.292185 0.204769 
141358684701629 -0.913499 0.197447 -0.290160 0.205770 
141358704577670 -0.913363 0.201167 -0.287820 0.206057 
141358724453712 -0.913222 0.204649 -0.285474 0.206515 
141358744329754 -0.913124 0.207844 -0.282141 0.208329 
141358764205795 -0.912617 0.210589 -0.280330 0.210233 
141358784081837 -0.912046 0.214154 -0.279043 0.210821 
141358803957879 -0.912474 0.216097 -0.276022 0.210962 
141358823833920 -0.913226 0.217065 -0.271929 0.212027 
141358843709962 -0.913674 0.219094 -0.267912 0.213119 
141358863586004 -0.914098 0.221398 -0.264135 0.213637 
141358883462045 -0.914174 0.223833 -0.261974 0.213433 
141358903338087 -0.914390 0.225797 -0.260089 0.212743 
141358923214129 -0.914994 0.226628 -0.258145 0.211628 
141358943090170 -0.915404 0.227182 -0.256326 0.211473 
141358962966212 -0.915440 0.228457 -0.254593 0.212036 
141358982842254 -0.915610 0.229430 -0.252644 0.212584 
141359002718295 -0.915698 0.230013 -0.251170 0.213320 
141359022594337 -0.915812 0.230079 -0.249464 0.214754 
141359042470379 -0.916014 0.230143 -0.247430 0.216173 
141359062346420 -0.916191 0.230120 -0.246347 0.216687 
141359082222462 -0.915817 0.230330 -0.246803 0.217521 
141359102098504 -0.915233 0.230841 -0.246953 0.219259 
141359121974545 -0.915074 0.231078 -0.245631 0.221151 
141359141850587 -0.915465 0.230526 -0.242775 0.223252 
141359161726629 -0.916493 0.229119 -0.238366 0.225225 
141359181602670 -0.917843 0.227124 -0.233498 0.226845 
141359201478712 -0.918980 0.225254 -0.229474 0.228207 
141359221354754 -0.920141 0.223752 -0.224940 0.229515 
141359241230795 -0.921622 0.222321 -0.218885 0.230814 
141359261106837 -0.923319 0.220793 -0.210842 0.232976 
141359280982879 -0.925104 0.219739 -0.201203 0.235402 
141359300858920 -0.926880 0.219247 -0.191632 0.236856 
141359320734962 -0.928584 0.218801 -0.182922 0.237482 
141359340611004 -0.930050 0.218150 -0.173537 0.239381 
141359360487045 -0.930776 0.218048 -0.165499 0.242326 
141359380363087 -0.931250 0.217349 -0.157662 0.246324 
141359400239129 -0.933502 0.213417 -0.143963 0.249604 
141359420115170 -0.936908 0.207740 -0.128748 0.249943 
141359439991212 -0.939880 0.202036 -0.115300 0.250027 
141359459867254 -0.942301 0.196510 -0.102216 0.251006 
141359479743295 -0.943791 0.192272 -0.092328 0.252517 
141359499619337 -0.943896 0.190152 -0.087699 0.255367 
141359519495379 -0.942986 0.190477 -0.086210 0.258966 
141359539371420 -0.941248 0.192677 -0.087246 0.263279 
141359559247462 -0.938588 0.195910 -0.091282 0.268959 
141359579123504 -0.935138 0.199313 -0.097690 0.276131 
141359598999545 -0.930977 0.202422 -0.106137 0.284678 
141359618875587 -0.926241 0.205090 -0.116420 0.294044 
141359638751629 -0.920961 0.206928 -0.128095 0.304308 
141359658627670 -0.914785 0.208563 -0.140928 0.315926 
141359678503712 -0.907595 0.210661 -0.153632 0.329076 
141359698379754 -0.899891 0.212874 -0.163019 0.343956 
141359718255795 -0.892137 0.215379 -0.168018 0.359823 
141359738131837 -0.884111 0.218742 -0.171777 0.375490 
141359758007879 -0.875939 0.222638 -0.176380 0.389940 
141359777883920 -0.867880 0.226925 -0.182301 0.402561 
141359797759962 -0.859651 0.231599 -0.189800 0.413930 
141359817636004 -0.851173 0.236379 -0.197244 0.425117 
141359837512045 -0.843039 0.240235 -0.202177 0.436688 
141359857388087 -0.835555 0.242574 -0.204953 0.448330 
141359877264129 -0.828587 0.244335 -0.207181 0.459152 
141359897140170 -0.822068 0.246193 -0.208307 0.469256 
141359917016212 -0.815460 0.248298 -0.209550 0.479022 
141359936892254 -0.808482 0.251031 -0.211845 0.488326 
141359956768295 -0.801627 0.254465 -0.215247 0.496297 
141359976644337 -0.795097 0.258321 -0.219230 0.503019 
141359996520379 -0.788932 0.262548 -0.223817 0.508489 
141360016396420 -0.782978 0.266814 -0.228327 0.513442 
141360036272462 -0.776728 0.271226 -0.232246 0.518837 
141360056148504 -0.770263 0.275965 -0.235878 0.524309 
141360076024545 -0.763999 0.281368 -0.238655 0.529322 
141360095900587 -0.757820 0.287169 -0.240617 0.534179 
141360115776629 -0.751552 0.293456 -0.242374 0.538802 
141360135652670 -0.745369 0.301125 -0.244864 0.542024 
141360155528712 -0.739246 0.310150 -0.248696 0.543575 
141360175404754 -0.733498 0.319598 -0.252927 0.543935 
141360195280795 -0.728408 0.328684 -0.256357 0.543755 
141360215156837 -0.723619 0.337948 -0.259831 0.542821 
141360235032879 -0.718833 0.348001 -0.263641 0.540988 
141360254908920 -0.714387 0.358580 -0.267183 0.538223 
141360274784962 -0.710095 0.369378 -0.270882 0.534742 
141360294661004 -0.705805 0.379966 -0.274335 0.531230 
141360314537045 -0.701635 0.390251 -0.277482 0.527651 
141360334413087 -0.697538 0.399964 -0.280421 0.524246 
141360354289129 -0.693399 0.409036 -0.282784 0.521459 
141360374165170 -0.689417 0.417451 -0.284761 0.518989 
141360394041212 -0.685554 0.424896 -0.286550 0.517077 
141360413917254 -0.681591 0.431697 -0.287798 0.515988 
141360433793295 -0.677588 0.438771 -0.288637 0.514823 
141360453669337 -0.673482 0.446408 -0.289449 0.513188 
141360473545379 -0.669227 0.454106 -0.290335 0.511496 
141360493421420 -0.664974 0.461387 -0.291156 0.510059 
141360513297462 -0.660671 0.468445 -0.292960 0.508181 
141360533173504 -0.656290 0.475363 -0.295811 0.505775 
141360553049545 -0.651854 0.481804 -0.298427 0.503878 
141360572925587 -0.647242 0.487934 -0.300524 0.502677 
141360592801629 -0.642371 0.494045 -0.302376 0.501844 
141360612679962 -0.637150 0.500094 -0.304181 0.501417 
141360632565327 -0.631731 0.505927 -0.306267 0.501153 
141360652441368 -0.626218 0.511859 -0.308932 0.500413 
141360672317410 -0.620821 0.517359 -0.311949 0.499609 
141360692193452 -0.615770 0.521968 -0.315167 0.499045 
141360712069493 -0.611142 0.526168 -0.319253 0.497726 
141360731945535 -0.607191 0.530734 -0.324219 0.494492 
141360751821577 -0.604997 0.535637 -0.328035 0.489352 
141360771697618 -0.604284 0.539596 -0.331507 0.483508 
141360791573660 -0.605905 0.543248 -0.332867 0.476403 
141360811449702 -0.612263 0.547548 -0.327255 0.467149 
141360831325743 -0.618448 0.555775 -0.322738 0.452190 
141360851201785 -0.624480 0.565479 -0.321458 0.432346 
141360871077827 -0.635842 0.570873 -0.316207 0.412094 
141360890953868 -0.651525 0.572927 -0.303507 0.393895 
141360910829910 -0.667345 0.575697 -0.288648 0.374040 
141360930705952 -0.683263 0.576968 -0.275692 0.352496 
141360950581993 -0.702263 0.572677 -0.261279 0.332566 
141360970458035 -0.721566 0.565525 -0.248330 0.312820 
141360990334077 -0.739983 0.556477 -0.239730 0.292042 
141361010210118 -0.758141 0.545502 -0.232837 0.270994 
141361030086160 -0.778649 0.529056 -0.219535 0.256143 
141361049962202 -0.800781 0.507348 -0.198582 0.248826 
141361069838243 -0.819228 0.489460 -0.181728 0.237210 
141361089714285 -0.835714 0.472212 -0.164107 0.227308 
141361109590327 -0.850559 0.453823 -0.143545 0.223583 
141361129466368 -0.862062 0.439004 -0.127606 0.218728 
141361149342410 -0.872215 0.424445 -0.113197 0.215113 
141361169218452 -0.881385 0.409625 -0.100710 0.212663 
141361189094493 -0.888989 0.395495 -0.091743 0.211815 
141361208970535 -0.895000 0.383082 -0.083817 0.212600 
141361228846577 -0.899962 0.372130 -0.073766 0.214817 
141361248722618 -0.903862 0.362860 -0.061754 0.218064 
141361268598660 -0.906687 0.355379 -0.050461 0.221537 
141361288474702 -0.908634 0.348418 -0.038513 0.226948 
141361308350743 -0.910126 0.340250 -0.026611 0.234931 
141361328226785 -0.911426 0.330886 -0.019050 0.243833 
141361348102827 -0.912675 0.319962 -0.013877 0.253880 
141361367978868 -0.913530 0.307519 -0.010152 0.266065 
141361387854910 -0.914287 0.293431 -0.005772 0.279184 
141361407730952 -0.914826 0.280770 -0.001794 0.290274 
141361427606993 -0.914934 0.271785 0.001390 0.298374 
141361447483035 -0.914711 0.264571 0.008090 0.305354 
141361467359077 -0.914499 0.257242 0.017315 0.311800 
141361487235118 -0.913858 0.249926 0.025860 0.318954 
141361507111160 -0.912760 0.241545 0.039276 0.327083 
141361526987202 -0.911375 0.232797 0.054659 0.334983 
141361546863243 -0.910075 0.226228 0.065843 0.340954 
141361566739285 -0.908758 0.221741 0.074865 0.345522 
141361586615327 -0.906848 0.219216 0.085447 0.349670 
141361606474181 -0.904385 0.218130 0.098567 0.353259 
141361626193035 -0.900654 0.218223 0.115597 0.357544 
141361645950952 -0.896127 0.219775 0.134836 0.361213 
141361665763347 -0.891356 0.221559 0.152435 0.364909 
141361685635535 -0.887768 0.224519 0.163159 0.367203 
141361705563556 -0.884045 0.228183 0.172416 0.369689 
141361725534806 -0.879324 0.233264 0.182521 0.372911 
141361745530952 -0.873066 0.240870 0.194836 0.376532 
141361765497931 -0.865593 0.251467 0.208699 0.379418 
141361785377827 -0.857646 0.264699 0.221407 0.381258 
141361805253868 -0.849086 0.279292 0.232378 0.383470 
141361825129910 -0.840385 0.294900 0.239864 0.386332 
141361845005952 -0.830602 0.312815 0.244569 0.390427 
141361864881993 -0.818290 0.333068 0.249050 0.396790 
141361884758035 -0.804438 0.353929 0.253305 0.404289 
141361904634077 -0.790909 0.375497 0.254351 0.410817 
141361924510118 -0.778553 0.398566 0.250490 0.415036 
141361944386160 -0.767817 0.424237 0.241338 0.415014 
141361964262202 -0.757138 0.451905 0.230608 0.411514 
141361984138243 -0.745255 0.480584 0.219845 0.406573 
141362004014285 -0.730678 0.508120 0.210318 0.404586 
141362023890327 -0.712333 0.530331 0.205662 0.411138 
141362043766368 -0.691193 0.546494 0.204047 0.426569 
141362063642410 -0.669289 0.556061 0.204604 0.448315 
141362083518452 -0.646846 0.561874 0.208843 0.471458 
141362103394493 -0.625349 0.573931 0.213343 0.483762 
141362123124285 -0.607663 0.591318 0.208254 0.487564 
141362142870743 -0.592788 0.623083 0.198057 0.470260 
141362162668556 -0.576779 0.640665 0.190125 0.469815 
141362182526733 -0.562457 0.655843 0.170934 0.473596 
141362202443556 -0.552069 0.670034 0.138474 0.476548 
141362222407514 -0.539413 0.678437 0.114192 0.485508 
141362242401316 -0.522975 0.682537 0.098560 0.500925 
141362262391368 -0.507207 0.690266 0.070900 0.511123 
141362282280170 -0.495906 0.698640 0.036388 0.514447 
141362302156212 -0.487653 0.703256 0.008301 0.517259 
141362322032254 -0.481848 0.706997 -0.018062 0.517349 
141362341908295 -0.477147 0.714630 -0.053244 0.508724 
141362361784337 -0.470931 0.724177 -0.093286 0.495065 
141362381660379 -0.463096 0.732533 -0.133311 0.480796 
141362401536420 -0.454853 0.738205 -0.169671 0.468374 
141362421412462 -0.448404 0.740440 -0.202569 0.457873 
141362441288504 -0.446012 0.737522 -0.236856 0.448368 
141362461164545 -0.444932 0.730622 -0.279965 0.435714 
141362481040587 -0.441704 0.722461 -0.333785 0.414168 
141362500916629 -0.437941 0.709802 -0.391446 0.388792 
141362520792670 -0.439058 0.688592 -0.444766 0.367765 
141362540668712 -0.438954 0.661668 -0.500448 0.345060 
141362560544754 -0.433308 0.633942 -0.556042 0.318086 
141362580420795 -0.424634 0.614804 -0.598265 0.289451 
141362600296837 -0.406748 0.608688 -0.631273 0.256027 
141362620173608 -0.386057 0.606598 -0.659897 0.218026 
141362640049649 -0.372703 0.603754 -0.679891 0.185263 
141362659925407 -0.387993 0.596355 -0.678700 0.182175 
141362679801657 -0.400180 0.579056 -0.683952 0.191732 
141362699677698 -0.403117 0.564747 -0.690415 0.204659 
141362719553740 -0.425258 0.557212 -0.674857 0.230733 
141362739429782 -0.427595 0.556920 -0.672757 0.233241 
141362759305823 -0.425243 0.568560 -0.668687 0.220828 
141362779181865 -0.436745 0.584307 -0.651472 0.208384 
141362799057907 -0.437829 0.595116 -0.644530 0.196785 
141362818933948 -0.438602 0.599415 -0.639441 0.198609 
141362838809990 -0.440037 0.598151 -0.636256 0.209192 
141362858686032 -0.441258 0.590386 -0.637724 0.223706 
141362878562073 -0.441547 0.583082 -0.639568 0.236652 
141362898438115 -0.437015 0.582204 -0.641599 0.241676 
141362918314157 -0.429261 0.583102 -0.644369 0.246000 
141362938190198 -0.422620 0.583307 -0.644901 0.255437 
141362958066240 -0.414810 0.583987 -0.645618 0.264704 
141362977942282 -0.405576 0.585588 -0.646922 0.272189 
141362997818323 -0.397521 0.587019 -0.647896 0.278598 
141363017694365 -0.393819 0.586621 -0.647995 0.284404 
141363037570407 -0.394222 0.583837 -0.648106 0.289278 
141363057446448 -0.397709 0.578262 -0.647887 0.296112 
141363077322490 -0.402900 0.570666 -0.646916 0.305798 
141363097198532 -0.410791 0.561529 -0.645847 0.314353 
141363117074573 -0.424474 0.549769 -0.643349 0.321990 
141363136950615 -0.439767 0.537841 -0.639107 0.329960 
141363156826657 -0.449320 0.532768 -0.630452 0.341760 
141363176702698 -0.459061 0.533537 -0.614702 0.356010 
141363196578740 -0.471967 0.536060 -0.596625 0.365958 
141363216454782 -0.486528 0.538684 -0.580935 0.368273 
141363236330823 -0.498360 0.542309 -0.571945 0.361133 
141363256206865 -0.509781 0.548439 -0.563124 0.349614 
141363276082907 -0.525367 0.556817 -0.547641 0.337689 
141363295958948 -0.540425 0.567179 -0.531479 0.322148 
141363315834990 -0.545755 0.579223 -0.526643 0.298828 
141363335711032 -0.548016 0.585399 -0.527871 0.279890 
141363355587073 -0.560873 0.583059 -0.519458 0.275004 
141363375463115 -0.578211 0.578819 -0.505101 0.274798 
141363395339157 -0.592460 0.575705 -0.494232 0.270721 
141363415215198 -0.601644 0.575791 -0.489539 0.258535 
141363435091240 -0.607700 0.578229 -0.487529 0.242215 
141363454967282 -0.614174 0.579311 -0.484765 0.228455 
141363474843323 -0.620544 0.578587 -0.482531 0.217545 
141363494719365 -0.625941 0.576827 -0.481587 0.208668 
141363514595407 -0.631447 0.573483 -0.481070 0.202392 
141363534471448 -0.638630 0.566985 -0.479907 0.200917 
141363554347490 -0.647932 0.556668 -0.477020 0.206780 
141363574223532 -0.657062 0.544783 -0.473745 0.216903 
141363594099573 -0.664777 0.532414 -0.472088 0.227465 
141363613978219 -0.671307 0.519522 -0.471984 0.238062 
141363633854469 -0.675844 0.506954 -0.474421 0.247302 
141363653730511 -0.676802 0.497897 -0.480166 0.251946 
141363673606553 -0.673768 0.494074 -0.488850 0.250903 
141363693482594 -0.669221 0.491899 -0.497620 0.250105 
141363713358636 -0.667059 0.485682 -0.502890 0.257386 
141363733234678 -0.670561 0.473423 -0.502554 0.271401 
141363753110719 -0.673151 0.456749 -0.508302 0.282626 
141363772986761 -0.672875 0.441623 -0.520584 0.284957 
141363792862803 -0.685569 0.437194 -0.513779 0.273658 
141363812738844 -0.698314 0.436420 -0.500695 0.266833 
141363832614886 -0.691396 0.442805 -0.501984 0.271861 
141363852490928 -0.683663 0.450453 -0.494512 0.291813 
141363872366969 -0.680778 0.451316 -0.482400 0.316457 
141363892243011 -0.667758 0.461730 -0.486867 0.322281 
141363912119053 -0.650806 0.477643 -0.498263 0.316293 
141363931995094 -0.635939 0.485775 -0.513137 0.310314 
141363951871136 -0.620535 0.484729 -0.536584 0.303400 
141363971747178 -0.588962 0.483897 -0.579607 0.288139 
141363991623219 -0.547018 0.489925 -0.625285 0.264130 
141364011368948 -0.526485 0.501305 -0.641599 0.244658 
141364031113115 -0.518868 0.509109 -0.644183 0.237934 
141364050907907 -0.510170 0.511444 -0.650582 0.234297 
141364070761240 -0.499724 0.512688 -0.660067 0.227464 
141364090672282 -0.485073 0.517478 -0.671352 0.214960 
141364110631240 -0.468836 0.526087 -0.680973 0.199251 
141364130621032 -0.454383 0.535273 -0.687689 0.184670 
141364150613948 -0.441618 0.541893 -0.693881 0.172785 
141364170509157 -0.432215 0.545102 -0.699233 0.164702 
141364190385198 -0.425429 0.546464 -0.703409 0.160006 
141364210261240 -0.421341 0.546272 -0.706276 0.158847 
141364230137282 -0.417923 0.544547 -0.709163 0.160925 
141364250013323 -0.415071 0.542178 -0.711849 0.164413 
141364269889365 -0.413018 0.539594 -0.714439 0.166825 
141364289765407 -0.410432 0.537986 -0.717018 0.167337 
141364309641448 -0.409543 0.538070 -0.717411 0.167563 
141364329517490 -0.408515 0.539519 -0.717386 0.165510 
141364349393532 -0.406397 0.542579 -0.717405 0.160558 
141364369269573 -0.404948 0.546233 -0.717112 0.152965 
141364389145615 -0.404504 0.551160 -0.715965 0.141402 
141364409021657 -0.406179 0.559562 -0.711754 0.123758 
141364428897698 -0.413306 0.572919 -0.700450 0.101550 
141364448773740 -0.431972 0.587982 -0.678840 0.082790 
141364468649782 -0.460037 0.598937 -0.651151 0.075123 
141364488525823 -0.481361 0.608868 -0.626483 0.071359 
141364508402959 -0.490426 0.622936 -0.605934 0.065434 
141364528277959 -0.489421 0.641856 -0.587879 0.053732 
141364548152959 -0.481424 0.661912 -0.573504 0.034585 
141364568027959 -0.469985 0.678251 -0.564748 0.012205 
141364587902959 0.460575 -0.690916 0.557199 0.005888 
141364607777959 0.455971 -0.701954 0.546935 0.014595 
141364627652959 0.450534 -0.711882 0.538405 0.019062 
141364647527959 0.443827 -0.719596 0.533583 0.022097 
141364667402959 0.437472 -0.724483 0.532179 0.022985 
141364687277959 0.428892 -0.728342 0.533891 0.023026 
141364707152959 0.415768 -0.732947 0.537961 0.022887 
141364727027959 0.397897 -0.738174 0.544320 0.022217 
141364746903428 0.376302 -0.743206 0.552790 0.021560 
141364766779469 0.351768 -0.746466 0.564389 0.022647 
141364786655511 0.326834 -0.746065 0.579546 0.026305 
141364806531553 0.305201 -0.740570 0.597746 0.033283 
141364826408584 0.283071 -0.733542 0.616033 0.047857 
141364846285667 0.268284 -0.732144 0.621922 0.072136 
141364866162751 0.264715 -0.726955 0.624323 0.108094 
141364886039834 0.259116 -0.714967 0.634430 0.138491 
141364905916917 0.259366 -0.703564 0.646086 0.142479 
141364925794001 0.261497 -0.699555 0.651814 0.131840 
141364945671084 0.270440 -0.706548 0.642940 0.119499 
141364965548167 0.259938 -0.703703 0.649720 0.122878 
141364985425251 0.252120 -0.708405 0.650167 0.109003 
141365005226865 0.240964 -0.717983 0.645214 0.100678 
141365024957334 0.214728 -0.727497 0.642300 0.109960 
141365044733115 0.193338 -0.730207 0.643712 0.122694 
141365064566448 0.181397 -0.719033 0.656672 0.137357 
141365084458896 0.175783 -0.699468 0.676712 0.148005 
141365104403688 0.164834 -0.677377 0.698716 0.160582 
141365124385719 0.126279 -0.651680 0.721410 0.197319 
141365144385459 0.080034 -0.636122 0.728386 0.241658 
141365164314365 0.061585 -0.640050 0.719341 0.262852 
141365184190407 0.061970 -0.645524 0.713132 0.266272 
141365204066448 0.066007 -0.645430 0.713058 0.265729 
141365223942490 0.064046 -0.641469 0.715184 0.270049 
141365243818532 0.054838 -0.635815 0.717605 0.278881 
141365263694573 0.044006 -0.629929 0.720540 0.286489 
141365283570615 0.034106 -0.624849 0.723664 0.291051 
141365303446657 0.026820 -0.622032 0.725538 0.293174 
141365323322698 0.019806 -0.619636 0.726412 0.296622 
141365343198740 0.014121 -0.618657 0.725897 0.300228 
141365363074782 0.010208 -0.618714 0.723860 0.305149 
141365382950823 0.004978 -0.618681 0.720548 0.313081 
141365402826865 -0.001397 -0.622091 0.714079 0.321080 
141365422702907 -0.002120 -0.631703 0.703618 0.325374 
141365442578948 0.001401 -0.645219 0.688446 0.331258 
141365462454990 -0.001585 -0.661076 0.667539 0.342591 
141365482331032 -0.006857 -0.683757 0.641609 0.347516 
141365502208636 -0.009687 -0.711384 0.614267 0.341343 
141365522084678 -0.012379 -0.737331 0.588919 0.330703 
141365541960719 -0.018138 -0.757963 0.565354 0.324864 
141365561836761 -0.029120 -0.773954 0.540799 0.328151 
141365581712803 -0.044116 -0.787336 0.513896 0.337737 
141365601588844 -0.056863 -0.798347 0.487459 0.348988 
141365621464886 -0.061245 -0.808761 0.466903 0.352359 
141365641340928 -0.060265 -0.818068 0.452473 0.349858 
141365661216969 -0.057818 -0.826300 0.438928 0.348177 
141365681093011 -0.053400 -0.834873 0.425973 0.344503 
141365700969053 -0.047603 -0.842950 0.416578 0.337093 
141365720845094 -0.043688 -0.848364 0.411715 0.329940 
141365740721136 -0.043634 -0.850555 0.411273 0.324817 
141365760597178 -0.047381 -0.849981 0.415426 0.320482 
141365780473219 -0.055151 -0.845355 0.425163 0.318701 
141365800349261 -0.067224 -0.835228 0.440697 0.321965 
141365820225303 -0.084251 -0.818350 0.461158 0.332473 
141365840101344 -0.106092 -0.797026 0.481582 0.348671 
141365859977386 -0.127459 -0.781776 0.490481 0.363331 
141365879853428 -0.136833 -0.779598 0.482139 0.375562 
141365899729469 -0.135652 -0.776673 0.473792 0.392300 
141365919605511 -0.134107 -0.767368 0.472527 0.412166 
141365939481553 -0.137699 -0.757375 0.472468 0.429182 
141365959357594 -0.139579 -0.749981 0.469564 0.444472 
141365979233636 -0.139556 -0.739287 0.474427 0.457054 
141365999111136 -0.142051 -0.742240 0.479104 0.446499 
141366018987907 -0.156126 -0.742157 0.482283 0.438441 
141366038863948 -0.177371 -0.737321 0.483793 0.436854 
141366058739990 -0.194635 -0.728030 0.486177 0.442404 
141366078616032 -0.205482 -0.712220 0.492638 0.455880 
141366098492073 -0.210664 -0.695022 0.503000 0.468567 
141366118368115 -0.214905 -0.677763 0.514411 0.479411 
141366138244157 -0.218495 -0.664194 0.521738 0.488771 
141366158120198 -0.219204 -0.656830 0.524893 0.494986 
141366177996240 -0.220187 -0.651581 0.528432 0.497714 
141366197872282 -0.221551 -0.646423 0.532299 0.499710 
141366217748323 -0.222514 -0.641145 0.536365 0.501731 
141366237624365 -0.224804 -0.634954 0.539183 0.505548 
141366257500407 -0.230366 -0.626144 0.540620 0.512451 
141366277376448 -0.236920 -0.616294 0.542299 0.519579 
141366297252490 -0.242777 -0.606886 0.545322 0.524759 
141366317128532 -0.248571 -0.598330 0.548758 0.528278 
141366337004573 -0.254937 -0.591121 0.550990 0.531030 
141366356880615 -0.261517 -0.585501 0.551164 0.533869 
141366376756657 -0.266235 -0.580263 0.549675 0.538768 
141366396632698 -0.268088 -0.576680 0.548318 0.543062 
141366416508740 -0.267893 -0.577283 0.547694 0.543147 
141366436384782 -0.268688 -0.581160 0.545070 0.541256 
141366456260823 -0.270532 -0.588763 0.539048 0.538143 
141366476136865 -0.271732 -0.602594 0.528853 0.532313 
141366496012907 -0.270603 -0.625407 0.513528 0.521468 
141366515889938 -0.268204 -0.654482 0.492450 0.507162 
141366535767021 -0.264869 -0.684942 0.468146 0.491466 
141366555643376 -0.263349 -0.710307 0.444124 0.478399 
141366575519417 -0.264849 -0.728527 0.422144 0.469997 
141366595395459 -0.270487 -0.741299 0.398909 0.467101 
141366615271501 -0.278488 -0.752552 0.373371 0.465516 
141366635147542 -0.285598 -0.763706 0.348276 0.462483 
141366655023584 -0.290153 -0.772777 0.327015 0.460097 
141366674899626 -0.289838 -0.780578 0.311632 0.457796 
141366694775667 -0.282457 -0.788532 0.302951 0.454593 
141366714651709 -0.270272 -0.797678 0.296973 0.449966 
141366734527751 -0.258392 -0.808060 0.292458 0.441294 
141366754403792 -0.246794 -0.818583 0.292283 0.428468 
141366774279834 -0.237046 -0.826516 0.296644 0.415552 
141366794155876 -0.231478 -0.829128 0.305430 0.407035 
141366814031917 -0.230584 -0.826118 0.319914 0.402511 
141366833907959 -0.234785 -0.816932 0.339925 0.402429 
141366853784001 -0.243023 -0.801741 0.364385 0.406664 
141366873660042 -0.253750 -0.782821 0.391256 0.411973 
141366893536084 -0.264785 -0.766433 0.414813 0.412795 
141366913412126 -0.271076 -0.764974 0.424509 0.401404 
141366933288167 -0.272517 -0.770966 0.418055 0.395697 
141366953164209 -0.271200 -0.773804 0.411141 0.398299 
141366973040251 -0.269855 -0.773783 0.407476 0.402991 
141366992916292 -0.270590 -0.765185 0.405757 0.420278 
141367012794834 -0.268479 -0.751528 0.414078 0.437795 
141367032670876 -0.264794 -0.740130 0.424051 0.449747 
141367052546917 -0.261408 -0.733037 0.423929 0.463256 
141367072422959 -0.261294 -0.728211 0.419752 0.474597 
141367092299001 -0.260069 -0.728578 0.422675 0.472107 
141367112175042 -0.253924 -0.732375 0.434858 0.458310 
141367132051084 -0.249205 -0.732651 0.451379 0.444271 
141367151927126 -0.251634 -0.726521 0.461910 0.442139 
141367171803167 -0.248584 -0.722330 0.469105 0.443155 
141367191679209 -0.241214 -0.718040 0.477858 0.444844 
141367211555251 -0.235223 -0.709078 0.488422 0.450913 
141367231431292 -0.230452 -0.699210 0.498933 0.457234 
141367251307334 -0.226622 -0.692520 0.507642 0.459737 
141367271183376 -0.223741 -0.687499 0.514884 0.460629 
141367291059417 -0.223168 -0.680379 0.521524 0.463997 
141367310935459 -0.226090 -0.670520 0.527429 0.470218 
141367330811501 -0.230317 -0.660993 0.532735 0.475642 
141367350687542 -0.235381 -0.651879 0.537943 0.479862 
141367370563584 -0.241349 -0.641745 0.543583 0.484182 
141367390439626 -0.247499 -0.630890 0.549269 0.488903 
141367410315667 -0.254764 -0.619690 0.552820 0.495448 
141367430191709 -0.262034 -0.610007 0.553360 0.503013 
141367450067751 -0.267755 -0.603746 0.551669 0.509371 
141367469943792 -0.272735 -0.599884 0.548690 0.514484 
141367489819834 -0.276004 -0.597425 0.545395 0.519085 
141367509697126 -0.278225 -0.595320 0.541616 0.524250 
141367529574782 -0.279975 -0.595525 0.536605 0.528223 
141367549450876 -0.280021 -0.602062 0.528885 0.528573 
141367569326917 -0.277756 -0.614248 0.517809 0.526711 
141367589202959 -0.276504 -0.630059 0.502985 0.523046 
141367609079001 -0.277625 -0.651057 0.484179 0.514413 
141367628955042 -0.279455 -0.676775 0.462984 0.499526 
141367648831084 -0.282441 -0.701029 0.441643 0.483463 
141367668707126 -0.287341 -0.718922 0.420426 0.473104 
141367688583167 -0.293287 -0.732290 0.398570 0.467842 
141367708459209 -0.299337 -0.742650 0.376323 0.466100 
141367728335251 -0.306311 -0.749823 0.352952 0.468363 
141367748211292 -0.313177 -0.755262 0.329893 0.471879 
141367768087334 -0.316234 -0.760862 0.311122 0.473590 
141367787963376 -0.313313 -0.767505 0.299029 0.472602 
141367807839417 -0.306084 -0.775694 0.290472 0.469295 
141367827715459 -0.297474 -0.785073 0.285013 0.462532 
141367847591501 -0.288322 -0.795039 0.283553 0.452086 
141367867467542 -0.280629 -0.802704 0.284782 0.442508 
141367887343584 -0.275612 -0.806208 0.288827 0.436630 
141367907219626 -0.273655 -0.805418 0.296243 0.434345 
141367927095667 -0.274989 -0.800742 0.307122 0.434591 
141367946971709 -0.279117 -0.792332 0.321690 0.436829 
141367966847751 -0.286190 -0.779866 0.339786 0.440964 
141367986723792 -0.295845 -0.764778 0.359380 0.445462 
141368006601865 -0.305983 -0.752297 0.375318 0.446721 
141368026478323 -0.310427 -0.750134 0.380244 0.443114 
141368046354365 -0.308376 -0.752974 0.375290 0.443949 
141368066230407 -0.305431 -0.751622 0.368465 0.453883 
141368086106448 -0.304986 -0.743206 0.362765 0.472261 
141368105982490 -0.305202 -0.728510 0.364186 0.493451 
141368125858532 -0.302666 -0.717848 0.375495 0.502086 
141368145734573 -0.295580 -0.713067 0.386951 0.504418 
141368165610615 -0.293084 -0.704774 0.384904 0.518887 
141368185486657 -0.298112 -0.694831 0.383131 0.530613 
141368205362698 -0.304156 -0.694260 0.387545 0.524692 
141368225238740 -0.309938 -0.699023 0.395760 0.508605 
141368245114782 -0.321414 -0.696790 0.403424 0.498424 
141368264990823 -0.330453 -0.691216 0.408664 0.495999 
141368284866865 -0.328460 -0.684945 0.416287 0.499670 
141368304742907 -0.321410 -0.675196 0.427745 0.507780 
141368324618948 -0.316032 -0.660209 0.438117 0.521825 
141368344494990 -0.312016 -0.646941 0.443408 0.536193 
141368364371032 -0.307355 -0.644207 0.448604 0.537852 
141368384247073 -0.301545 -0.645301 0.455534 0.533990 
141368404123115 -0.298484 -0.642047 0.462356 0.533769 
141368423999157 -0.299731 -0.633987 0.467818 0.537930 
141368443875198 -0.302311 -0.625134 0.473739 0.541651 
141368463751240 -0.304633 -0.615925 0.480905 0.544579 
141368483627282 -0.306746 -0.605747 0.489200 0.547413 
141368503504469 -0.309361 -0.594707 0.496990 0.551018 
141368523382282 -0.314152 -0.583125 0.501678 0.556411 
141368543258323 -0.320750 -0.573687 0.502095 0.562053 
141368563134365 -0.326891 -0.568329 0.499992 0.565820 
141368583010407 -0.331043 -0.567178 0.496842 0.567334 
141368602886448 -0.333754 -0.567232 0.491356 0.570460 
141368622762490 -0.337204 -0.568228 0.481802 0.575567 
141368642638532 -0.340886 -0.576374 0.468731 0.576091 
141368662514573 -0.341857 -0.593885 0.452772 0.570466 
141368682390615 -0.340928 -0.618642 0.433075 0.559908 
141368702266657 -0.340293 -0.647982 0.408936 0.545062 
141368722142698 -0.339970 -0.676351 0.384496 0.528330 
141368742018740 -0.342692 -0.695167 0.361289 0.518436 
141368761894782 -0.353261 -0.701521 0.334965 0.520456 
141368781770823 -0.367286 -0.702561 0.306032 0.527119 
141368801646865 -0.379920 -0.704182 0.279151 0.530907 
141368821522907 -0.387481 -0.708488 0.258370 0.530234 
141368841398948 -0.388759 -0.714737 0.245547 0.526996 
141368861274990 -0.385180 -0.720526 0.235145 0.526484 
141368881151032 -0.379986 -0.725972 0.224842 0.527278 
141368901027073 -0.373022 -0.733531 0.219283 0.524121 
141368920903115 -0.364741 -0.742376 0.218856 0.517633 
141368940779157 -0.357139 -0.749604 0.222307 0.511003 
141368960655198 -0.351954 -0.753272 0.228844 0.506299 
141368980531240 -0.350130 -0.752573 0.238339 0.504220 
141369000408115 -0.351746 -0.747050 0.250796 0.505264 
141369020285615 -0.355614 -0.737025 0.266697 0.509121 
141369040161657 -0.360755 -0.723040 0.285503 0.515322 
141369060037698 -0.366923 -0.707039 0.304842 0.522048 
141369079913740 -0.374949 -0.694232 0.316092 0.526821 
141369099789782 -0.381118 -0.693759 0.306156 0.528882 
141369119665823 -0.382666 -0.692629 0.287800 0.539447 
141369139541865 -0.378933 -0.684342 0.275061 0.558952 
141369159417907 -0.372661 -0.671817 0.268890 0.580933 
141369179293948 -0.370005 -0.664771 0.270020 0.590140 
141369199169990 -0.367146 -0.661917 0.266185 0.596838 
141369219046032 -0.362785 -0.655911 0.265525 0.606353 
141369238922073 -0.366523 -0.658035 0.273254 0.598317 
141369258798115 -0.384150 -0.647273 0.276110 0.597688 
141369278674157 -0.408163 -0.630932 0.275088 0.599712 
141369298550198 -0.424662 -0.614974 0.272005 0.606203 
141369318426240 -0.429336 -0.592289 0.270647 0.625792 
141369338302282 -0.427838 -0.567768 0.273307 0.647995 
141369358178323 -0.426566 -0.545760 0.275552 0.666527 
141369378054365 -0.427949 -0.530383 0.272197 0.679310 
141369397930407 -0.434220 -0.515937 0.262763 0.690085 
141369417806448 -0.442314 -0.502192 0.253842 0.698374 
141369437682490 -0.448087 -0.492577 0.250086 0.702882 
141369457558532 -0.452157 -0.483674 0.247665 0.707302 
141369477434573 -0.456546 -0.470423 0.242390 0.715202 
141369497310615 -0.461595 -0.453245 0.234979 0.725455 
141369517188948 -0.466811 -0.435987 0.228543 0.734691 
141369537064990 -0.471555 -0.421411 0.224654 0.741336 
141369556941032 -0.475600 -0.410102 0.222870 0.745620 
141369576817073 -0.480085 -0.399789 0.220010 0.749188 
141369596693115 -0.485992 -0.390125 0.213943 0.752225 
141369616569157 -0.492711 -0.381151 0.205149 0.754900 
141369636445198 -0.499118 -0.374346 0.195491 0.756657 
141369656321240 -0.505630 -0.368891 0.184410 0.757793 
141369676197282 -0.514305 -0.366026 0.171221 0.756438 
141369696073323 -0.527116 -0.368539 0.155663 0.749731 
141369715949365 -0.545225 -0.379334 0.139317 0.734457 
141369735825407 -0.568059 -0.396352 0.122391 0.710799 
141369755701448 -0.591320 -0.416716 0.107872 0.681948 
141369775577490 -0.612011 -0.431641 0.091747 0.656286 
141369795453532 -0.633851 -0.428835 0.062914 0.640605 
141369815329573 -0.655409 -0.411447 0.024410 0.632894 
141369835205615 -0.673736 -0.394659 -0.006940 0.624721 
141369855081657 -0.690324 -0.382673 -0.029154 0.613323 
141369874957698 -0.703661 -0.373527 -0.044215 0.602813 
141369894833740 -0.710974 -0.366693 -0.056071 0.597418 
141369914709782 -0.713915 -0.359992 -0.073009 0.596155 
141369934585823 -0.715918 -0.353544 -0.092176 0.594955 
141369954461865 -0.718222 -0.351439 -0.104507 0.591377 
141369974337907 -0.720137 -0.354228 -0.109056 0.586542 
141369994213948 -0.721474 -0.359032 -0.107341 0.582279 
141370013900407 -0.722221 -0.361613 -0.102557 0.580616 
141370033584678 -0.722294 -0.358195 -0.096732 0.583635 
141370053342594 -0.721617 -0.349517 -0.090042 0.590762 
141370073186657 -0.720056 -0.337244 -0.083334 0.600700 
141370093114678 -0.717905 -0.322552 -0.078779 0.611855 
141370113112907 -0.716687 -0.304515 -0.080327 0.622237 
141370133156136 -0.717390 -0.282619 -0.095620 0.629552 
141370153202907 -0.718797 -0.264233 -0.125469 0.630690 
141370173101448 -0.718275 -0.265726 -0.139334 0.627740 
141370192977490 -0.713197 -0.279413 -0.134555 0.628628 
141370212853532 -0.703503 -0.285270 -0.132117 0.637377 
141370232729573 -0.693750 -0.279016 -0.133673 0.650379 
141370252605615 -0.685181 -0.265519 -0.135481 0.664584 
141370272481657 -0.674100 -0.254503 -0.147080 0.677632 
141370292357698 -0.670759 -0.242674 -0.170424 0.679814 
141370312233740 -0.677464 -0.231593 -0.179753 0.674608 
141370332109782 -0.691252 -0.219976 -0.177457 0.665049 
141370351985823 -0.706289 -0.205998 -0.168377 0.656027 
141370371861865 -0.713963 -0.184455 -0.166489 0.654610 
141370391737907 -0.712704 -0.167042 -0.171700 0.659294 
141370411613948 -0.703223 -0.168020 -0.170262 0.669520 
141370431489990 -0.687324 -0.172867 -0.168616 0.685034 
141370451366032 -0.660724 -0.152308 -0.189730 0.710105 
141370471242073 -0.630722 -0.100496 -0.236781 0.732138 
141370491118115 -0.627512 -0.067203 -0.267490 0.728122 
141370510995615 -0.635534 -0.068825 -0.270065 0.720017 
141370530871657 -0.637338 -0.073262 -0.267831 0.718818 
141370550747698 -0.636066 -0.072300 -0.268754 0.719697 
141370570623740 -0.631939 -0.064096 -0.275585 0.721525 
141370590499782 -0.624614 -0.051807 -0.285105 0.725181 
141370610375823 -0.617535 -0.038891 -0.293637 0.728639 
141370630251865 -0.614210 -0.027516 -0.301472 0.728769 
141370650127907 -0.614667 -0.019407 -0.307673 0.726047 
141370670003948 -0.616996 -0.014324 -0.311770 0.722434 
141370689879990 -0.620665 -0.010949 -0.315147 0.717870 
141370709756032 -0.624254 -0.004466 -0.323497 0.711081 
141370729632073 -0.632648 0.002430 -0.332517 0.699416 
141370749508115 -0.649410 -0.001348 -0.334446 0.682943 
141370769384157 -0.670396 -0.009074 -0.336115 0.661448 
141370789260198 -0.695120 -0.012372 -0.338256 0.634222 
141370809136240 -0.720788 -0.013880 -0.336714 0.605719 
141370829012282 -0.742942 -0.013620 -0.335773 0.578885 
141370848888323 -0.758595 -0.006528 -0.344821 0.552802 
141370868764365 -0.766371 0.008472 -0.366112 0.527794 
141370888640407 -0.770105 0.025322 -0.389086 0.504885 
141370908516448 -0.776331 0.034399 -0.402155 0.484147 
141370928392490 -0.786206 0.033672 -0.403573 0.466772 
141370948268532 -0.796726 0.028210 -0.401387 0.450909 
141370968144573 -0.806706 0.019230 -0.396887 0.437421 
141370988020615 -0.815209 0.008179 -0.390334 0.427793 
141371007898428 -0.822096 -0.002215 -0.383471 0.420837 
141371027775094 -0.827414 -0.010747 -0.376633 0.416436 
141371047651136 -0.830303 -0.016554 -0.370362 0.416118 
141371067527178 -0.830610 -0.018271 -0.364148 0.420892 
141371087403219 -0.828828 -0.015146 -0.357324 0.430272 
141371107279261 -0.824389 -0.007528 -0.351366 0.443697 
141371127155303 -0.816662 0.004666 -0.347602 0.460666 
141371147031344 -0.805818 0.021967 -0.346967 0.479362 
141371166907386 -0.794742 0.042452 -0.348475 0.495124 
141371186783428 -0.787833 0.061934 -0.352931 0.500922 
141371206659469 -0.787626 0.071635 -0.359429 0.495302 
141371226535511 -0.790361 0.069742 -0.362354 0.489046 
141371246411553 -0.787722 0.069238 -0.371892 0.486206 
141371266287594 -0.775154 0.075383 -0.391860 0.489796 
141371286163636 -0.754800 0.085393 -0.413091 0.502335 
141371306039678 -0.736015 0.091648 -0.426153 0.517954 
141371325915719 -0.724992 0.094682 -0.438641 0.522510 
141371345791761 -0.717424 0.104120 -0.454200 0.517846 
141371365667803 -0.716228 0.114754 -0.459359 0.512677 
141371385543844 -0.720320 0.119512 -0.451624 0.512730 
141371405419886 -0.725192 0.123977 -0.438918 0.515827 
141371425295928 -0.726018 0.134800 -0.430987 0.518630 
141371445171969 -0.720626 0.145253 -0.430110 0.524027 
141371465048011 -0.712809 0.145235 -0.431039 0.533868 
141371484924053 -0.701064 0.142322 -0.437079 0.545175 
141371504802073 -0.681814 0.146780 -0.453746 0.554706 
141371524678115 -0.662952 0.155727 -0.473273 0.558799 
141371544554157 -0.656235 0.157604 -0.479937 0.560515 
141371564430198 -0.656158 0.151922 -0.476610 0.564996 
141371584306240 -0.652969 0.148484 -0.476690 0.569518 
141371604182282 -0.645712 0.153006 -0.483421 0.570920 
141371624058323 -0.639476 0.160124 -0.489435 0.570863 
141371643934365 -0.635084 0.165302 -0.491547 0.572473 
141371663810407 -0.628411 0.170175 -0.494586 0.575782 
141371683686448 -0.618583 0.175878 -0.501071 0.579094 
141371703562490 -0.608244 0.182525 -0.509485 0.580646 
141371723438532 -0.602711 0.188379 -0.516349 0.578478 
141371743314573 -0.602138 0.193263 -0.521397 0.572909 
141371763190615 -0.602621 0.198712 -0.527508 0.564886 
141371783066657 -0.603563 0.206919 -0.535954 0.552855 
141371802942698 -0.610386 0.215454 -0.541615 0.536341 
141371822818740 -0.627928 0.220520 -0.541003 0.514192 
141371842694782 -0.653258 0.224098 -0.536769 0.484679 
141371862570823 -0.680597 0.228535 -0.530210 0.451039 
141371882446865 -0.709195 0.232212 -0.516134 0.420389 
141371902322907 -0.733693 0.237219 -0.497378 0.397539 
141371922198948 -0.749648 0.247916 -0.485345 0.375506 
141371942074990 -0.754369 0.265678 -0.488863 0.348361 
141371961951032 -0.750695 0.286617 -0.503027 0.318232 
141371981827073 -0.750323 0.302914 -0.510083 0.291677 
141372001704157 -0.757990 0.308995 -0.504460 0.274759 
141372021581240 -0.767820 0.309975 -0.495278 0.262808 
141372041457282 -0.776239 0.310682 -0.486522 0.253428 
141372061333323 -0.783452 0.310791 -0.478067 0.247113 
141372081209365 -0.788930 0.310203 -0.471098 0.243782 
141372101085407 -0.792104 0.309929 -0.466378 0.242914 
141372120961448 -0.792418 0.311084 -0.464245 0.244491 
141372140837490 -0.789189 0.314324 -0.465431 0.248504 
141372160713532 -0.782041 0.319714 -0.470058 0.255425 
141372180589573 -0.770929 0.327151 -0.478052 0.264777 
141372200465615 -0.755629 0.336166 -0.490019 0.275499 
141372220341657 -0.735252 0.347298 -0.507162 0.285615 
141372240217698 -0.709487 0.361912 -0.529651 0.291750 
141372260093740 -0.688734 0.376849 -0.548410 0.287883 
141372279969782 -0.683854 0.384873 -0.556933 0.272107 
141372299845823 -0.679312 0.386329 -0.568625 0.256809 
141372319721865 -0.666861 0.382310 -0.590113 0.246783 
141372339597907 -0.651352 0.377958 -0.609580 0.247588 
141372359473948 -0.635691 0.381210 -0.622390 0.251408 
141372379349990 -0.615973 0.382921 -0.644510 0.241985 
141372399226032 -0.602273 0.390909 -0.657846 0.227368 
141372419102073 -0.600165 0.405622 -0.651630 0.225060 
141372438978115 -0.599246 0.423432 -0.639777 0.228684 
141372458854157 -0.585070 0.441652 -0.640676 0.228408 
141372478730198 -0.566661 0.451103 -0.652112 0.223947 
141372498606240 -0.552932 0.449606 -0.665488 0.221917 
141372518484678 -0.536032 0.442539 -0.683412 0.223107 
141372538360876 -0.489476 0.440492 -0.722297 0.211346 
141372558236917 -0.437353 0.447151 -0.758686 0.182138 
141372578112959 -0.409930 0.458892 -0.773242 0.153208 
141372597989001 -0.405122 0.466192 -0.773665 0.141361 
141372617865042 -0.404590 0.468347 -0.773451 0.136866 
141372637741084 -0.402330 0.470516 -0.774110 0.132284 
141372657617126 -0.394864 0.473447 -0.777248 0.125758 
141372677493167 -0.383176 0.474154 -0.783662 0.119285 
141372697369209 -0.371484 0.474163 -0.789974 0.114503 
141372717245251 -0.363317 0.475796 -0.793200 0.111585 
141372737121292 -0.357122 0.478530 -0.794712 0.109109 
141372756997334 -0.352591 0.481357 -0.795369 0.106601 
141372776873376 -0.347416 0.483984 -0.796684 0.101769 
141372796749417 -0.341065 0.487966 -0.797885 0.094567 
141372816625459 -0.336205 0.495084 -0.796491 0.086379 
141372836501501 -0.333654 0.504721 -0.792401 0.077677 
141372856377542 -0.332150 0.516511 -0.786479 0.065890 
141372876253584 -0.334515 0.531666 -0.776419 0.051059 
141372896129626 -0.341312 0.553548 -0.758897 0.034155 
141372916005667 -0.351927 0.580679 -0.733915 0.018111 
141372935881709 -0.368828 0.606686 -0.704175 0.006018 
141372955757751 0.385061 -0.629110 0.675205 0.006855 
141372975633792 0.391572 -0.648532 0.652236 0.025789 
141372995509834 0.386002 -0.665586 0.636663 0.051543 
141373015387646 0.376603 -0.679754 0.624657 0.076854 
141373035263688 0.375155 -0.693828 0.607682 0.092647 
141373055139730 0.378806 -0.707821 0.587386 0.102330 
141373075015771 0.383801 -0.719234 0.568801 0.108925 
141373094891813 0.391542 -0.726940 0.552978 0.111657 
141373114767855 0.399950 -0.732432 0.539202 0.113329 
141373134643896 0.406676 -0.737071 0.527416 0.114773 
141373154519938 0.411980 -0.741099 0.518109 0.112284 
141373174395980 0.416358 -0.744454 0.511300 0.104916 
141373194272021 0.418576 -0.747158 0.507756 0.093443 
141373214148063 0.416863 -0.748476 0.509630 0.079283 
141373234024105 0.409938 -0.747659 0.518345 0.065393 
141373253900146 0.396982 -0.744690 0.533705 0.054788 
141373273776188 0.379374 -0.740463 0.552505 0.050265 
141373293652230 0.362304 -0.737173 0.567985 0.052005 
141373313528271 0.353209 -0.736695 0.573750 0.057787 
141373333404313 0.354879 -0.736066 0.573011 0.062645 
141373353280355 0.359018 -0.730070 0.577739 0.065752 
141373373156396 0.357310 -0.719061 0.591933 0.069979 
141373393032438 0.345194 -0.706625 0.612228 0.081853 
141373412908480 0.324750 -0.695635 0.633059 0.099321 
141373432784521 0.311290 -0.692274 0.641878 0.108843 
141373452660563 0.307659 -0.695494 0.637383 0.124005 
141373472536605 0.296733 -0.694067 0.639378 0.146342 
141373492412646 0.285839 -0.689159 0.647137 0.156748 
141373512288688 0.278643 -0.687073 0.653433 0.152691 
141373532164730 0.270660 -0.690356 0.655150 0.144672 
141373552040771 0.258513 -0.693480 0.657706 0.140281 
141373571916813 0.247947 -0.691831 0.663300 0.141159 
141373591792855 0.228324 -0.683300 0.676211 0.153974 
141373611668896 0.207259 -0.675840 0.686907 0.168650 
141373631544938 0.198817 -0.674561 0.689896 0.171707 
141373651420980 0.200356 -0.674483 0.690889 0.166139 
141373671297021 0.201198 -0.670098 0.695819 0.162245 
141373691173063 0.193806 -0.661498 0.704830 0.167554 
141373711049105 0.179038 -0.652749 0.713760 0.180031 
141373730925146 0.163736 -0.647845 0.718926 0.191396 
141373750801188 0.154132 -0.646601 0.720975 0.195819 
141373770677230 0.146530 -0.645059 0.723514 0.197371 
141373790553271 0.137580 -0.641023 0.728010 0.200408 
141373810429313 0.127725 -0.634678 0.733967 0.205338 
141373830305355 0.116859 -0.627214 0.740259 0.212047 
141373850181396 0.104317 -0.620793 0.744995 0.220720 
141373870057438 0.095816 -0.618933 0.745719 0.227255 
141373889933480 0.092590 -0.620385 0.743652 0.231367 
141373909809521 0.087297 -0.621495 0.740881 0.239203 
141373929685563 0.077969 -0.623346 0.736280 0.251499 
141373949561605 0.069683 -0.629418 0.728095 0.262402 
141373969437646 0.063478 -0.639435 0.716043 0.272720 
141373989313688 0.060922 -0.654572 0.698210 0.283420 
141374009192438 0.061055 -0.676421 0.671728 0.295817 
141374029069730 0.062360 -0.701990 0.639296 0.307608 
141374048945771 0.064287 -0.726611 0.606003 0.317277 
141374068821813 0.061418 -0.747975 0.575311 0.325235 
141374088697855 0.049545 -0.764073 0.547818 0.337096 
141374108573896 0.032667 -0.773372 0.524590 0.354449 
141374128449938 0.015558 -0.778473 0.505057 0.372364 
141374148325980 0.002942 -0.784387 0.486175 0.385179 
141374168202021 -0.005179 -0.791046 0.467049 0.395075 
141374188078063 -0.008282 -0.797777 0.449499 0.401788 
141374207954105 -0.006200 -0.805072 0.435899 0.402260 
141374227830146 -0.001351 -0.813500 0.424629 0.397375 
141374247706188 0.002779 -0.821769 0.414657 0.390828 
141374267582230 0.004699 -0.828415 0.407650 0.384094 
141374287458271 0.003162 -0.832636 0.404384 0.378393 
141374307334313 -0.001982 -0.834827 0.405269 0.372580 
141374327210355 -0.010538 -0.834459 0.410992 0.366951 
141374347086396 -0.022049 -0.829869 0.422139 0.364185 
141374366962438 -0.036063 -0.820403 0.438064 0.365701 
141374386838480 -0.052961 -0.807095 0.456252 0.370981 
141374406714521 -0.072171 -0.794008 0.471472 0.376905 
141374426590563 -0.088516 -0.786363 0.476966 0.382494 
141374446466605 -0.095708 -0.785324 0.471700 0.389365 
141374466342646 -0.095908 -0.784664 0.465521 0.397987 
141374486218688 -0.095731 -0.779441 0.464812 0.408970 
141374506095667 -0.099863 -0.767685 0.468525 0.425642 
141374525972126 -0.109619 -0.749709 0.477183 0.445215 
141374545848167 -0.118857 -0.732810 0.489875 0.457039 
141374565724209 -0.121319 -0.726251 0.495532 0.460748 
141374585600251 -0.130323 -0.715903 0.495422 0.474401 
141374605476292 -0.147010 -0.708537 0.490324 0.485743 
141374625352334 -0.159901 -0.710936 0.485912 0.482588 
141374645228376 -0.166852 -0.714783 0.488045 0.472290 
141374665104417 -0.175800 -0.714016 0.493452 0.464522 
141374684980459 -0.185413 -0.707315 0.499235 0.464857 
141374704856501 -0.185713 -0.699607 0.506755 0.468252 
141374724732542 -0.181467 -0.689883 0.515742 0.474491 
141374744608584 -0.182613 -0.674992 0.523056 0.487289 
141374764484626 -0.187544 -0.659425 0.527096 0.502151 
141374784360667 -0.190317 -0.651113 0.531017 0.507792 
141374804236709 -0.188380 -0.648233 0.536729 0.506191 
141374824112751 -0.187127 -0.643254 0.542528 0.506825 
141374843988792 -0.191039 -0.633795 0.546281 0.513211 
141374863864834 -0.197924 -0.623905 0.548478 0.520328 
141374883740876 -0.203677 -0.617188 0.550892 0.523557 
141374903616917 -0.208023 -0.611235 0.554881 0.524619 
141374923492959 -0.212260 -0.603027 0.560042 0.526932 
141374943369001 -0.217277 -0.593074 0.564671 0.531225 
141374963245042 -0.222692 -0.583817 0.567831 0.535849 
141374983121084 -0.226915 -0.577569 0.568894 0.539707 
141375002998688 -0.230532 -0.572591 0.567785 0.544623 
141375022874730 -0.233065 -0.570043 0.565655 0.548421 
141375042750771 -0.234742 -0.571672 0.562594 0.549158 
141375062626813 -0.238954 -0.575106 0.557416 0.549037 
141375082502855 -0.243531 -0.581867 0.549703 0.547677 
141375102378896 -0.247336 -0.593016 0.538037 0.545594 
141375122254938 -0.251023 -0.612097 0.520344 0.539969 
141375142130980 -0.253743 -0.640347 0.496464 0.528294 
141375162007021 -0.253983 -0.673063 0.468880 0.512475 
141375181883063 -0.254156 -0.700636 0.440583 0.500399 
141375201759105 -0.258575 -0.716186 0.413030 0.499623 
141375221635146 -0.265586 -0.723849 0.387089 0.505637 
141375241511188 -0.270776 -0.731009 0.364238 0.509546 
141375261387230 -0.275853 -0.738751 0.341424 0.511452 
141375281263271 -0.280646 -0.747987 0.316812 0.511257 
141375301139313 -0.282593 -0.755646 0.293753 0.512689 
141375321015355 -0.278932 -0.762722 0.277573 0.513231 
141375340891396 -0.271050 -0.771341 0.266765 0.510296 
141375360767438 -0.263275 -0.781502 0.258292 0.503217 
141375380643480 -0.256290 -0.792126 0.251855 0.493377 
141375400519521 -0.249874 -0.801487 0.248845 0.482968 
141375420395563 -0.245184 -0.808733 0.250381 0.472383 
141375440271605 -0.243570 -0.812843 0.256060 0.463026 
141375460147646 -0.244990 -0.812822 0.265728 0.456825 
141375480023688 -0.249560 -0.807544 0.279783 0.455318 
141375499901761 -0.257470 -0.796403 0.297915 0.459019 
141375519776761 -0.268712 -0.780827 0.317935 0.465855 
141375539651761 -0.282786 -0.765679 0.336031 0.469948 
141375559526761 -0.292133 -0.760103 0.345097 0.466702 
141375579401761 -0.294353 -0.762034 0.343985 0.462964 
141375599276761 -0.294196 -0.760575 0.341130 0.467551 
141375619151761 -0.295118 -0.753009 0.338774 0.480745 
141375639026761 -0.299044 -0.736225 0.338489 0.503955 
141375658901761 -0.303333 -0.712088 0.345952 0.530318 
141375678776761 -0.303311 -0.693009 0.360574 0.545644 
141375698651761 -0.301109 -0.687432 0.361959 0.552952 
141375718526761 -0.307902 -0.674183 0.352896 0.571085 
141375738402282 -0.319853 -0.662256 0.345105 0.583107 
141375758278323 -0.328485 -0.659232 0.346957 0.580631 
141375778154365 -0.334602 -0.658433 0.357659 0.571478 
141375798030407 -0.344294 -0.654803 0.367616 0.563518 
141375817906448 -0.355410 -0.646914 0.372674 0.562406 
141375837782490 -0.356462 -0.639786 0.379148 0.565558 
141375857658532 -0.350678 -0.630846 0.388033 0.573140 
141375877534573 -0.347912 -0.614870 0.393994 0.587929 
141375897411136 -0.350180 -0.598479 0.394203 0.603159 
141375917288219 -0.350514 -0.593654 0.396751 0.606055 
141375937165303 -0.346137 -0.594223 0.403814 0.603343 
141375957042386 -0.342115 -0.590156 0.410435 0.605158 
141375976919469 -0.342433 -0.580168 0.413929 0.612215 
141375996796553 -0.345949 -0.569341 0.415928 0.619010 
141376016449678 -0.349495 -0.561737 0.419368 0.621639 
141376036155146 -0.351961 -0.554935 0.424940 0.622572 
141376055934834 -0.353557 -0.546753 0.431022 0.624723 
141376075798115 -0.354694 -0.537803 0.435767 0.628544 
141376095740823 -0.355721 -0.530241 0.438380 0.632558 
141376115746553 -0.356083 -0.526167 0.439940 0.634671 
141376135790563 -0.356428 -0.523292 0.440849 0.636221 
141376155806448 -0.357272 -0.521349 0.441171 0.637118 
141376175688740 -0.359055 -0.520979 0.440641 0.636786 
141376195564782 -0.361991 -0.522143 0.439189 0.635171 
141376215440823 -0.365536 -0.524412 0.435834 0.633581 
141376235316865 -0.368767 -0.530239 0.430269 0.630656 
141376255192907 -0.371714 -0.543735 0.421194 0.623519 
141376275068948 -0.375672 -0.566441 0.407136 0.610128 
141376294944990 -0.379979 -0.595094 0.387662 0.592618 
141376314821032 -0.386137 -0.621718 0.362684 0.576910 
141376334697073 -0.393615 -0.638351 0.334637 0.570607 
141376354573115 -0.400862 -0.646715 0.307991 0.571149 
141376374449157 -0.405755 -0.654537 0.286568 0.569933 
141376394325198 -0.406942 -0.664527 0.270524 0.565349 
141376414201240 -0.408223 -0.672985 0.252191 0.562890 
141376434077959 -0.409099 -0.679670 0.229305 0.564009 
141376453952959 -0.404220 -0.686848 0.210231 0.566259 
141376473827959 -0.391391 -0.698617 0.198583 0.565077 
141376493702959 -0.376530 -0.712280 0.191196 0.560649 
141376513577959 -0.363330 -0.725129 0.186475 0.554442 
141376533452959 -0.351125 -0.737916 0.185161 0.545808 
141376553327959 -0.340255 -0.749236 0.186836 0.536623 
141376573202959 -0.332133 -0.756449 0.191529 0.529896 
141376593077959 -0.328242 -0.758822 0.199434 0.525996 
141376612952959 -0.328197 -0.757729 0.211461 0.522893 
141376632827959 -0.330934 -0.753817 0.227326 0.520159 
141376652702959 -0.336517 -0.746904 0.246428 0.517846 
141376672578896 -0.343323 -0.737864 0.268417 0.515401 
141376692454938 -0.350775 -0.729166 0.291635 0.510121 
141376712330980 -0.356556 -0.726822 0.309172 0.499009 
141376732207021 -0.358347 -0.728147 0.314849 0.492199 
141376752083063 -0.356327 -0.728291 0.314910 0.493411 
141376771959105 -0.352264 -0.727176 0.313437 0.498881 
141376791835146 -0.349736 -0.720103 0.312358 0.511438 
141376811712126 -0.348462 -0.702628 0.317134 0.533211 
141376831589209 -0.344415 -0.682435 0.332457 0.552388 
141376851466292 -0.336010 -0.679029 0.347925 0.552237 
141376871343376 -0.327676 -0.679600 0.353290 0.553135 
141376891220459 -0.327950 -0.669289 0.353423 0.565326 
141376911097542 -0.333490 -0.664341 0.353065 0.568138 
141376930974626 -0.336192 -0.668047 0.359956 0.557780 
141376950851709 -0.337583 -0.670774 0.371453 0.546006 
141376970728792 -0.339498 -0.669931 0.382176 0.538400 
141376990605876 -0.338936 -0.665853 0.391607 0.537034 
141377010482959 -0.333503 -0.660620 0.401770 0.539386 
141377030360042 -0.326360 -0.653038 0.411869 0.545339 
141377050237126 -0.319503 -0.644450 0.420817 0.552733 
141377070113271 -0.312453 -0.639311 0.430605 0.555188 
141377089989313 -0.304298 -0.637692 0.442733 0.552032 
141377109865355 -0.297733 -0.634599 0.454172 0.549878 
141377129741396 -0.294315 -0.628198 0.463098 0.551622 
141377149617438 -0.293720 -0.619451 0.469844 0.556108 
141377169493480 -0.295112 -0.610521 0.475038 0.560813 
141377189369521 -0.297877 -0.601951 0.479422 0.564871 
141377209245563 -0.301793 -0.592573 0.483925 0.568853 
141377229121605 -0.306037 -0.582486 0.488804 0.572820 
141377248997646 -0.309561 -0.572307 0.493631 0.577031 
141377268873688 -0.312662 -0.562251 0.497097 0.582247 
141377288749730 -0.315254 -0.555277 0.498802 0.586071 
141377308625771 -0.317353 -0.552265 0.499201 0.587443 
141377328501813 -0.319570 -0.550677 0.498686 0.588168 
141377348377855 -0.321491 -0.550878 0.497809 0.587676 
141377368253896 -0.323955 -0.552679 0.496312 0.585896 
141377388129938 -0.326620 -0.556022 0.493616 0.583526 
141377408005980 -0.328784 -0.561437 0.488306 0.581590 
141377427883063 -0.330570 -0.572345 0.479043 0.577635 
141377447759105 -0.330329 -0.593334 0.466191 0.567012 
141377467635146 -0.329195 -0.621172 0.449974 0.550726 
141377487511188 -0.327006 -0.651301 0.429480 0.533312 
141377507387230 -0.323585 -0.677117 0.405292 0.522057 
141377527263271 -0.319930 -0.693409 0.382103 0.520409 
141377547139313 -0.315506 -0.704181 0.360778 0.523856 
141377567015355 -0.306061 -0.716960 0.343443 0.523776 
141377586891396 -0.292955 -0.731932 0.328359 0.520224 
141377606767438 -0.278757 -0.744578 0.313336 0.519344 
141377626643480 -0.262830 -0.754980 0.300304 0.520330 
141377646519521 -0.244190 -0.765250 0.292689 0.518746 
141377666395563 -0.222766 -0.776614 0.289758 0.513114 
141377686271605 -0.201840 -0.786940 0.289037 0.506402 
141377706147646 -0.182725 -0.796151 0.290029 0.498637 
141377726023688 -0.167327 -0.804377 0.293708 0.488584 
141377745899730 -0.157655 -0.810238 0.299933 0.478226 
141377765775771 -0.152962 -0.813852 0.308921 0.467776 
141377785651813 -0.152423 -0.815451 0.320656 0.457151 
141377805527855 -0.155156 -0.814547 0.335659 0.446960 
141377825403896 -0.160228 -0.810988 0.354368 0.437092 
141377845279938 -0.165602 -0.805946 0.375871 0.426319 
141377865155980 -0.169465 -0.802257 0.397893 0.411518 
141377885032021 -0.170444 -0.803130 0.415317 0.391718 
141377904908063 -0.170118 -0.804473 0.423225 0.380478 
141377924767230 -0.170700 -0.802784 0.424437 0.382429 
141377944566709 -0.171428 -0.800262 0.422531 0.389437 
141377964386501 -0.174737 -0.795328 0.418928 0.401770 
141377984233376 -0.180396 -0.782725 0.421025 0.421351 
141378004109417 -0.183063 -0.762822 0.437150 0.439876 
141378024012542 -0.181116 -0.746084 0.457641 0.448463 
141378043936501 -0.173826 -0.746125 0.464687 0.444013 
141378063872438 -0.174425 -0.736741 0.466277 0.457574 
141378083794834 -0.181404 -0.720924 0.468272 0.477580 
141378103670876 -0.189017 -0.714140 0.468948 0.484112 
141378123546917 -0.189552 -0.714602 0.474528 0.477742 
141378143422959 -0.190117 -0.713992 0.483414 0.469448 
141378163299001 -0.194914 -0.710609 0.488640 0.467198 
141378183175042 -0.198807 -0.705696 0.492422 0.469030 
141378203051084 -0.199868 -0.698742 0.497722 0.473377 
141378222927126 -0.199338 -0.689565 0.504816 0.479505 
141378242803167 -0.196428 -0.682838 0.512355 0.482328 
141378262679209 -0.189844 -0.680416 0.520300 0.479876 
141378282555251 -0.182428 -0.677731 0.529120 0.476900 
141378302431292 -0.177229 -0.672010 0.537614 0.477455 
141378322307334 -0.174734 -0.664393 0.544992 0.480660 
141378342183376 -0.173667 -0.656504 0.551481 0.484469 
141378362059417 -0.173440 -0.648913 0.557703 0.487645 
141378381935459 -0.174439 -0.641645 0.563814 0.489875 
141378401811501 -0.178116 -0.633462 0.569840 0.492222 
141378421687542 -0.184799 -0.623714 0.575707 0.495370 
141378441564209 -0.192887 -0.613314 0.581437 0.498570 
141378461438167 -0.198809 -0.603679 0.587028 0.501443 
141378481312126 -0.203300 -0.597098 0.590730 0.503171 
141378501186084 -0.207923 -0.593231 0.590993 0.505542 
141378521060042 -0.213376 -0.590663 0.588540 0.509125 
141378540934001 -0.219011 -0.588923 0.584769 0.513078 
141378560808271 -0.225220 -0.587339 0.579910 0.517700 
141378580684417 -0.232037 -0.587418 0.573516 0.521708 
141378600561501 -0.238678 -0.589125 0.565609 0.525406 
141378620438584 -0.242444 -0.594478 0.557403 0.526420 
141378640315667 -0.242683 -0.607816 0.547107 0.521861 
141378660192751 -0.241408 -0.628517 0.532550 0.512913 
141378680069834 -0.239894 -0.653097 0.512798 0.502944 
141378699946917 -0.236487 -0.678408 0.488558 0.495124 
141378719824001 -0.233368 -0.698369 0.462651 0.493735 
141378739701084 -0.231965 -0.710076 0.439637 0.498702 
141378759578167 -0.229905 -0.718418 0.420806 0.503925 
141378779455251 -0.225091 -0.729285 0.403516 0.504631 
141378799332334 -0.220382 -0.739680 0.384850 0.506157 
141378819209417 -0.214597 -0.746977 0.367337 0.510918 
141378839086501 -0.204846 -0.752087 0.353714 0.517002 
141378858962751 -0.188779 -0.759148 0.344425 0.519064 
141378878838792 -0.170825 -0.768343 0.337316 0.516416 
141378898714834 -0.154075 -0.778050 0.333197 0.509784 
141378918590876 -0.138595 -0.787867 0.332405 0.499564 
141378938318271 -0.125912 -0.796105 0.334419 0.488392 
141378958043792 -0.116914 -0.801405 0.339794 0.478144 
141378977826917 -0.112367 -0.804002 0.348099 0.468808 
141378997676917 -0.111927 -0.804503 0.359523 0.459337 
141379017592230 -0.115453 -0.802748 0.374309 0.449621 
141379037561709 -0.122586 -0.798896 0.391868 0.439520 
141379057567438 -0.131726 -0.794026 0.410689 0.428375 
141379077577646 -0.139251 -0.791525 0.428509 0.412889 
141379097476188 -0.142058 -0.793615 0.440869 0.394499 
141379117352230 -0.143130 -0.795579 0.445241 0.385135 
141379137228271 -0.143723 -0.794700 0.445213 0.386758 
141379157104313 -0.143669 -0.791885 0.444516 0.393297 
141379176980355 -0.146091 -0.784582 0.445138 0.406128 
141379196856396 -0.150769 -0.768680 0.452249 0.426462 
141379216732438 -0.152812 -0.749640 0.468571 0.441734 
141379236608480 -0.148858 -0.737063 0.486337 0.445034 
141379256484521 -0.142410 -0.735467 0.492045 0.443508 
141379276360563 -0.145327 -0.727113 0.492384 0.455790 
141379296236605 -0.154718 -0.719275 0.490120 0.467427 
141379316112646 -0.159476 -0.720918 0.490854 0.462501 
141379335988688 -0.158225 -0.726339 0.497306 0.447306 
141379355864730 -0.158196 -0.729053 0.505466 0.433542 
141379375740771 -0.161714 -0.725993 0.512732 0.428823 
141379395616813 -0.162454 -0.719432 0.519870 0.431000 
141379415492855 -0.160310 -0.710756 0.527933 0.436364 
141379435368896 -0.158944 -0.700923 0.535268 0.443769 
141379455244938 -0.156337 -0.695031 0.541240 0.446711 
141379475120980 -0.150300 -0.693886 0.548358 0.441856 
141379494997021 -0.143872 -0.692581 0.556506 0.435814 
141379514873063 -0.140340 -0.688424 0.564433 0.433350 
141379534749105 -0.140647 -0.681612 0.571556 0.434681 
141379554625146 -0.143539 -0.674109 0.577833 0.437130 
141379574501188 -0.147114 -0.667499 0.584012 0.437873 
141379594377230 -0.150171 -0.661458 0.590956 0.436685 
141379614253271 -0.152641 -0.654402 0.599650 0.434602 
141379634129313 -0.154799 -0.645967 0.609510 0.432737 
141379654005355 -0.158095 -0.636553 0.618482 0.432766 
141379673881396 -0.163410 -0.627735 0.624431 0.435123 
141379693757438 -0.169523 -0.621796 0.626508 0.438315 
141379713633480 -0.175736 -0.618345 0.625972 0.441504 
141379733509521 -0.181538 -0.616066 0.624334 0.444650 
141379753385563 -0.185575 -0.615239 0.622891 0.446150 
141379773261605 -0.188368 -0.616071 0.621820 0.445324 
141379793137646 -0.191035 -0.617989 0.619887 0.444224 
141379813013688 -0.192896 -0.621228 0.616180 0.444060 
141379832889730 -0.193384 -0.627857 0.609527 0.443705 
141379852765771 -0.190744 -0.641450 0.598752 0.440063 
141379872641813 -0.185262 -0.662080 0.583058 0.432864 
141379892517855 -0.178876 -0.685882 0.562998 0.424975 
141379912393896 -0.174683 -0.707534 0.539196 0.422078 
141379932170563 -0.173095 -0.723364 0.515472 0.425524 
141379951906501 -0.170570 -0.735754 0.495203 0.429355 
141379971690251 -0.164326 -0.748049 0.478785 0.429168 
141379991532646 -0.154428 -0.760457 0.465453 0.425688 
141380011433688 -0.145101 -0.770974 0.451764 0.424798 
141380031385355 -0.136449 -0.778484 0.437602 0.428776 
141380051371605 -0.127083 -0.782123 0.424915 0.437700 
141380071372438 -0.114474 -0.783962 0.416497 0.445902 
141380091281813 -0.097582 -0.786422 0.411976 0.449772 
141380111157959 -0.080454 -0.790000 0.408518 0.450044 
141380131034001 -0.063939 -0.794750 0.406521 0.446122 
141380150910042 -0.049481 -0.799362 0.406508 0.439685 
141380170786084 -0.039616 -0.802367 0.408885 0.432956 
141380190662126 -0.035714 -0.803432 0.413795 0.426610 
141380210538167 -0.037420 -0.802547 0.421910 0.420132 
141380230414209 -0.043411 -0.799964 0.433299 0.412826 
141380250290251 -0.052077 -0.796978 0.446692 0.403212 
141380270166292 -0.061276 -0.795399 0.459849 0.390031 
141380290042334 -0.067216 -0.797136 0.471020 0.371747 
141380309918376 -0.067167 -0.802623 0.478455 0.349807 
141380329794417 -0.064672 -0.807499 0.481199 0.334977 
141380349670459 -0.065438 -0.808127 0.481170 0.333352 
141380369546501 -0.068331 -0.805412 0.480687 0.339973 
141380389422542 -0.072897 -0.800819 0.480510 0.349979 
141380409298584 -0.079409 -0.791068 0.484625 0.364753 
141380429175198 -0.084426 -0.775503 0.498646 0.377914 
141380449051501 -0.084806 -0.761456 0.517354 0.381230 
141380468927542 -0.079510 -0.758299 0.528911 0.372713 
141380488803584 -0.079598 -0.755734 0.532798 0.372366 
141380508679626 -0.090939 -0.745616 0.535107 0.386584 
141380528555667 -0.103597 -0.740005 0.533596 0.396152 
141380548431709 -0.105557 -0.743327 0.534486 0.388134 
141380568307751 -0.101884 -0.747622 0.540374 0.372393 
141380588183792 -0.100466 -0.748030 0.548313 0.360155 
141380608059834 -0.102173 -0.744518 0.555845 0.355373 
141380627935876 -0.101701 -0.739995 0.562658 0.354232 
141380647811917 -0.096770 -0.735128 0.570070 0.353896 
141380667687959 -0.089833 -0.730051 0.577994 0.353380 
141380687564001 -0.082270 -0.726691 0.585170 0.350325 
141380707440042 -0.074774 -0.725140 0.591571 0.344420 
141380727316084 -0.068503 -0.723919 0.597775 0.337512 
141380747192126 -0.064373 -0.722019 0.603855 0.331517 
141380767068167 -0.061808 -0.719480 0.609881 0.326456 
141380786944209 -0.060624 -0.716452 0.615844 0.322115 
141380806820251 -0.060315 -0.713287 0.621781 0.317762 
141380826696292 -0.060141 -0.710000 0.628023 0.312841 
141380846572334 -0.059664 -0.706141 0.635063 0.307409 
141380866448376 -0.058974 -0.701483 0.642846 0.301981 
141380886324417 -0.058501 -0.695887 0.651073 0.297358 
141380906200459 -0.058671 -0.689344 0.659363 0.294285 
141380926078428 -0.060181 -0.682185 0.667049 0.293337 
141380945953428 -0.063151 -0.676104 0.672839 0.293571 
141380965828428 -0.065787 -0.673669 0.675465 0.292555 
141380985703428 -0.064949 -0.674731 0.675717 0.289702 
141381005578428 -0.061021 -0.677648 0.674641 0.286232 
141381025453428 -0.056998 -0.682662 0.670529 0.284806 
141381045328428 -0.052849 -0.691460 0.661878 0.284616 
141381065203428 -0.045740 -0.705354 0.647864 0.284000 
141381085078428 -0.035644 -0.723369 0.628388 0.283894 
141381104953428 -0.025994 -0.742879 0.604557 0.286297 
141381124828428 -0.018866 -0.762032 0.577820 0.291677 
141381144703428 -0.014694 -0.777809 0.551931 0.300283 
141381164579053 -0.013519 -0.787702 0.531234 0.311663 
141381184455094 -0.009759 -0.794792 0.515794 0.319636 
141381204331136 -0.004291 -0.800538 0.503288 0.325304 
141381224207178 0.003178 -0.805659 0.491846 0.330138 
141381244083219 0.013750 -0.809543 0.481671 0.335328 
141381263959261 0.027261 -0.810689 0.474117 0.342424 
141381283835407 0.044537 -0.809993 0.469559 0.348485 
141381303712490 0.064107 -0.808996 0.466855 0.351371 
141381323589573 0.083647 -0.808197 0.465855 0.350428 
141381343466657 0.101215 -0.807347 0.466850 0.346406 
141381363343740 0.114448 -0.805694 0.470354 0.341359 
141381383220823 0.123750 -0.803552 0.476586 0.334448 
141381403097907 0.128405 -0.800671 0.485609 0.326531 
141381422957698 0.128335 -0.796855 0.497490 0.317895 
141381442677334 0.124409 -0.792408 0.511328 0.308475 
141381462436501 0.118995 -0.788179 0.525396 0.297611 
141381482250303 0.116005 -0.785492 0.537727 0.283539 
141381502123376 0.117516 -0.785573 0.546058 0.266243 
141381522051969 0.121416 -0.787104 0.549757 0.251976 
141381542023011 0.122147 -0.785467 0.553575 0.248347 
141381562019417 0.118801 -0.780862 0.558679 0.253017 
141381581987230 0.112816 -0.774824 0.563917 0.262522 
141381601865771 0.106709 -0.767636 0.570885 0.270994 
141381621741813 0.104036 -0.760402 0.581199 0.270504 
141381641617855 0.108787 -0.759160 0.587639 0.257920 
141381661493896 0.117436 -0.761567 0.589850 0.241457 
141381681369938 0.118275 -0.759023 0.595757 0.234454 
141381701245980 0.112158 -0.753530 0.604158 0.233678 
141381721122021 0.104390 -0.749910 0.610373 0.232772 
141381740998063 0.104195 -0.750725 0.613018 0.223079 
141381760874105 0.110355 -0.751461 0.615999 0.208981 
141381780750146 0.115998 -0.749631 0.620381 0.199312 
141381800626188 0.119703 -0.746819 0.624552 0.194594 
141381820502230 0.123331 -0.743931 0.628728 0.189887 
141381840378271 0.127339 -0.740690 0.633705 0.183252 
141381860254313 0.130771 -0.737690 0.638382 0.176580 
141381880130355 0.132412 -0.736064 0.641224 0.171781 
141381900006396 0.134141 -0.735305 0.642935 0.167235 
141381919882438 0.136746 -0.734095 0.645004 0.162404 
141381939758636 0.138526 -0.731854 0.648159 0.158397 
141381959631553 0.139339 -0.729251 0.651870 0.154413 
141381979504469 0.139852 -0.726851 0.655467 0.149974 
141381999377386 0.140187 -0.724690 0.658759 0.145631 
141382019251344 0.139742 -0.722558 0.662099 0.141447 
141382039127386 0.134403 -0.720028 0.666804 0.137359 
141382059004469 0.122435 -0.718376 0.671942 0.132056 
141382078881553 0.114319 -0.717164 0.675335 0.128570 
141382098758636 0.106906 -0.716134 0.678449 0.124217 
141382118635719 0.097834 -0.714662 0.682087 0.120180 
141382138512803 0.091071 -0.712717 0.685507 0.117565 
141382158389886 0.084030 -0.711298 0.688153 0.115929 
141382178266969 0.079797 -0.710491 0.689664 0.114887 
141382198144053 0.078451 -0.710431 0.690145 0.113285 
141382218021136 0.079607 -0.710981 0.689828 0.110930 
141382237898219 0.083689 -0.711838 0.688849 0.108486 
141382257775303 0.089846 -0.713003 0.687153 0.106655 
141382277652386 0.095253 -0.714707 0.684514 0.107521 
141382297529469 0.097718 -0.716872 0.681327 0.111085 
141382317405771 0.100098 -0.720017 0.677297 0.113248 
141382337281813 0.101934 -0.725784 0.670768 0.113654 
141382357157855 0.101845 -0.733829 0.661745 0.114966 
141382377033896 0.100226 -0.742691 0.651363 0.118707 
141382396909938 0.099663 -0.750970 0.641072 0.123035 
141382416785980 0.101362 -0.757880 0.631981 0.126269 
141382436662282 0.104985 -0.762624 0.625335 0.127823 
141382456537282 0.109296 -0.765848 0.620627 0.127882 
141382476412282 0.114047 -0.768240 0.617136 0.126267 
141382496287282 0.119142 -0.769613 0.615045 0.123370 
141382516162282 0.123239 -0.769976 0.614255 0.120995 
141382536037282 0.125954 -0.769439 0.614569 0.120015 
141382555912282 0.127317 -0.767971 0.616071 0.120282 
141382575787282 0.127899 -0.765788 0.618564 0.120784 
141382595662282 0.128195 -0.763495 0.621397 0.120447 
141382615537282 0.128707 -0.761389 0.624270 0.118356 
141382635412282 0.129639 -0.759270 0.627427 0.114179 
141382655287282 0.131006 -0.757022 0.630924 0.108121 
141382675163323 0.132582 -0.754802 0.634403 0.101132 
141382695039365 0.134094 -0.752658 0.637729 0.093945 
141382714915407 0.135527 -0.750329 0.641126 0.087163 
141382734791448 0.137184 -0.747914 0.644341 0.081429 
141382754668532 0.139799 -0.746079 0.646463 0.076845 
141382774545615 0.143270 -0.745648 0.646620 0.073254 
141382794422698 0.146254 -0.745835 0.645981 0.071050 
141382814299782 0.147140 -0.745003 0.646784 0.070642 
141382834176865 0.145645 -0.742711 0.649617 0.071871 
141382854053948 0.142966 -0.739863 0.653264 0.073552 
141382873931032 0.141384 -0.737670 0.656130 0.073108 
141382893808115 0.142797 -0.736498 0.657631 0.068565 
141382913685198 0.146457 -0.736127 0.657996 0.060898 
141382933562282 0.150025 -0.736101 0.657907 0.052946 
141382953439365 0.150308 -0.735214 0.659162 0.048722 
141382973316448 0.147406 -0.733993 0.661182 0.048620 
141382993193532 0.142593 -0.732938 0.663220 0.051061 
141383013070094 0.136776 -0.731927 0.665272 0.054688 
141383032946136 0.131724 -0.730932 0.667149 0.057412 
141383052822178 0.128254 -0.730265 0.668484 0.058247 
141383072698219 0.125620 -0.729834 0.669452 0.058239 
141383092574261 0.122539 -0.729658 0.670138 0.059135 
141383112450303 0.118954 -0.729580 0.670694 0.061102 
141383132326344 0.115374 -0.729194 0.671553 0.063092 
141383152202386 0.111900 -0.728542 0.672714 0.064508 
141383172078428 0.108630 -0.727677 0.674094 0.065443 
141383191954469 0.105940 -0.726710 0.675503 0.066061 
141383211830511 0.104211 -0.726052 0.676434 0.066524 
141383231706553 0.103296 -0.725538 0.677093 0.066879 
141383251582594 0.102951 -0.724847 0.677905 0.066669 
141383271458636 0.103011 -0.724112 0.678721 0.066245 
141383291334678 0.102979 -0.723413 0.679433 0.066646 
141383311210719 0.103014 -0.722753 0.680028 0.067649 
141383331086761 0.103731 -0.722364 0.680347 0.067528 
141383350962803 0.103748 -0.722012 0.680713 0.067555 
141383370838844 0.102108 -0.721788 0.680980 0.069720 
141383390714886 0.099534 -0.722922 0.679652 0.074497 
141383410590928 0.097715 -0.725105 0.676879 0.080684 
141383430468219 0.098462 -0.728051 0.672819 0.086970 
141383450344678 0.100470 -0.731727 0.667285 0.095979 
141383470220719 0.103292 -0.735958 0.660345 0.107893 
141383490096761 0.104867 -0.739558 0.654601 0.116424 
141383509972803 0.108686 -0.745143 0.648081 0.113755 
141383529848844 0.108675 -0.747250 0.646451 0.109126 
141383549724886 0.105405 -0.745329 0.649827 0.105359 
141383569600928 0.099256 -0.739659 0.657566 0.103246 
141383589476969 0.094917 -0.731686 0.667667 0.099226 
141383609353011 0.091423 -0.724349 0.676543 0.096167 
141383629229053 0.087934 -0.718453 0.682963 0.098261 
141383649105094 0.087886 -0.714930 0.686425 0.099865 
141383668981136 0.095207 -0.716609 0.684771 0.092169 
141383688857178 0.102228 -0.719235 0.682159 0.083115 
141383708733219 0.105402 -0.720034 0.681686 0.075811 
141383728609261 0.105674 -0.720933 0.681307 0.070093 
141383748485303 0.107319 -0.722545 0.679914 0.064254 
141383768361344 0.110637 -0.722438 0.679951 0.059246 
141383788237386 0.112231 -0.719580 0.682849 0.057664 
141383808113428 0.109913 -0.715567 0.687301 0.059150 
141383827989469 0.103513 -0.711671 0.691905 0.063841 
141383847865511 0.093832 -0.708974 0.695400 0.070497 
141383867741553 0.082166 -0.708753 0.696455 0.076606 
141383887617594 0.073853 -0.711868 0.693901 0.079325 
141383907493636 0.070874 -0.716517 0.689247 0.080730 
141383927371865 0.067672 -0.719704 0.686085 0.082056 
141383947246865 0.066348 -0.722191 0.683983 0.078782 
141383967121865 0.067556 -0.724021 0.682701 0.071760 
141383986996865 0.069408 -0.725379 0.681804 0.064402 
141384006871865 0.070174 -0.726424 0.681025 0.059905 
141384026746865 0.069217 -0.727125 0.680468 0.058821 
141384046621865 0.067505 -0.727484 0.680182 0.059680 
141384066496865 0.065500 -0.727543 0.680189 0.061082 
141384086371865 0.064740 -0.727952 0.679899 0.060259 
141384106246865 0.065755 -0.728857 0.679193 0.055998 
141384126121865 0.067405 -0.729707 0.678495 0.051262 
141384145996865 0.068804 -0.730699 0.677524 0.048024 
141384165872490 0.069828 -0.732271 0.675849 0.046160 
141384185748532 0.071055 -0.734814 0.673051 0.044738 
141384205625198 0.072414 -0.738177 0.669286 0.043673 
141384225502282 0.073566 -0.741723 0.665250 0.043327 
141384245379365 0.074319 -0.745444 0.660957 0.043885 
141384265256448 0.076975 -0.750843 0.654547 0.043343 
141384285133532 0.083175 -0.759251 0.644236 0.039741 
141384305010615 0.089181 -0.769801 0.630957 0.036698 
141384324887698 0.092591 -0.781431 0.615868 0.038707 
141384344764782 0.094881 -0.794444 0.598056 0.046752 
141384364641865 0.097787 -0.806551 0.580060 0.058688 
141384384518948 0.103377 -0.814966 0.565960 0.069524 
141384404396032 0.111604 -0.820801 0.554750 0.077999 
141384424273219 0.120089 -0.825492 0.545035 0.084139 
141384444150876 0.129054 -0.830328 0.535051 0.087300 
141384464026969 0.138936 -0.836065 0.523401 0.088000 
141384483903011 0.148661 -0.842341 0.510389 0.088679 
141384503779053 0.156901 -0.848097 0.497807 0.091118 
141384523655094 0.162569 -0.853132 0.486493 0.095190 
141384543531136 0.166589 -0.857970 0.475782 0.098831 
141384563407178 0.169469 -0.862806 0.465538 0.100605 
141384583283219 0.171605 -0.867172 0.456418 0.101228 
141384603159261 0.173813 -0.870394 0.449252 0.101870 
141384623035303 0.175756 -0.872493 0.444225 0.102611 
141384642911344 0.176838 -0.874016 0.440892 0.102170 
141384662787386 0.176721 -0.874751 0.439970 0.100032 
141384682663428 0.174491 -0.873964 0.442907 0.097849 
141384702539469 0.169475 -0.870809 0.450978 0.097918 
141384722415511 0.161887 -0.865109 0.464057 0.100153 
141384742291553 0.152212 -0.856870 0.481589 0.103329 
141384762167594 0.139855 -0.846350 0.502315 0.108681 
141384782043636 0.123366 -0.836114 0.520948 0.119617 
141384801919678 0.110929 -0.827933 0.535483 0.124417 
141384821795719 0.103140 -0.817589 0.553642 0.119960 
141384841671761 0.094059 -0.803041 0.576640 0.117324 
141384861547803 0.083780 -0.784736 0.603104 0.115918 
141384881423844 0.074446 -0.766168 0.628799 0.109803 
141384901299886 0.076495 -0.754469 0.645337 0.092008 
141384921175928 0.086494 -0.745976 0.656600 0.070100 
141384941054157 0.095208 -0.742243 0.661021 0.055310 
141384960930198 0.101482 -0.742485 0.660101 0.051844 
141384980806240 0.106232 -0.745823 0.655549 0.052135 
141385000682282 0.104701 -0.750194 0.650292 0.058015 
141385020558323 0.098573 -0.756437 0.643028 0.067818 
141385040434365 0.098165 -0.762780 0.635004 0.072808 
141385060310407 0.101280 -0.767626 0.628363 0.075196 
141385080186448 0.101936 -0.768878 0.626418 0.077687 
141385100062490 0.102190 -0.766187 0.629691 0.077486 
141385119938532 0.102060 -0.760787 0.636715 0.073357 
141385139814573 0.100632 -0.754425 0.644941 0.069047 
141385159690615 0.099001 -0.748725 0.652021 0.066903 
141385179566657 0.098894 -0.745854 0.655395 0.066170 
141385199442698 0.097986 -0.744735 0.656698 0.067221 
141385219318740 0.095658 -0.743357 0.658498 0.068223 
141385239194782 0.093909 -0.742308 0.660150 0.066049 
141385259070823 0.095123 -0.743798 0.658871 0.060045 
141385278946865 0.097813 -0.747002 0.655296 0.054815 
141385298822907 0.098406 -0.749816 0.651957 0.055130 
141385318698948 0.096305 -0.751602 0.649792 0.059936 
141385338574990 0.092917 -0.752436 0.648686 0.066458 
141385358451032 0.090007 -0.752456 0.648511 0.071710 
141385378327073 0.088899 -0.751795 0.649150 0.074189 
141385398203115 0.090288 -0.750891 0.650027 0.073999 
141385418079157 0.092778 -0.750087 0.650776 0.072465 
141385437956448 0.095120 -0.749614 0.651203 0.070480 
141385457830407 0.096774 -0.749526 0.651287 0.068332 
141385477704365 0.097650 -0.749733 0.651087 0.066730 
141385497578323 0.097636 -0.749910 0.650916 0.066418 
141385517452282 0.097074 -0.750040 0.650807 0.066831 
141385537326240 0.096710 -0.750456 0.650366 0.066969 
141385557201032 0.096937 -0.751116 0.649625 0.066446 
141385577077230 0.098092 -0.751728 0.648896 0.064930 
141385596954313 0.100358 -0.752064 0.648415 0.062342 
141385616831396 0.103826 -0.752045 0.648220 0.058807 
141385636708480 0.107519 -0.751503 0.648536 0.055531 
141385656585563 0.110750 -0.750621 0.649174 0.053594 
141385676462646 0.113721 -0.750010 0.649435 0.052753 
141385696339730 0.116584 -0.749784 0.649241 0.052161 
141385716216813 0.119288 -0.749611 0.648993 0.051559 
141385736093896 0.121502 -0.749293 0.648988 0.051122 
141385755970980 0.123102 -0.748981 0.649065 0.050892 
141385775848063 0.124408 -0.748878 0.648959 0.050511 
141385795725146 0.125605 -0.748997 0.648656 0.049727 
141385815602230 0.126527 -0.749094 0.648429 0.048889 
141385835479157 0.127368 -0.749056 0.648364 0.048141 
141385855355198 0.128726 -0.748996 0.648252 0.046941 
141385875231240 0.130921 -0.749051 0.647900 0.044814 
141385895107282 0.133675 -0.749098 0.647450 0.042328 
141385914983323 0.136163 -0.748869 0.647323 0.040350 
141385934859782 0.138014 -0.748339 0.647616 0.039183 
141385954734782 0.139669 -0.747807 0.647926 0.038336 
141385974609782 0.141802 -0.747569 0.647811 0.037068 
141385994484782 0.144427 -0.747531 0.647372 0.035307 
141386014359782 0.146993 -0.747531 0.646885 0.033616 
141386034234782 0.149218 -0.747476 0.646507 0.032269 
141386054109782 0.151208 -0.747427 0.646160 0.031086 
141386073984782 0.153211 -0.747411 0.645759 0.029978 
141386093859782 0.155080 -0.747526 0.645227 0.028933 
141386113734782 0.156686 -0.747717 0.644664 0.027876 
141386133609782 0.158186 -0.747726 0.644319 0.027109 
141386153484782 0.159659 -0.747609 0.644141 0.025921 
141386173360823 0.161525 -0.747572 0.643785 0.024248 
141386193236865 0.163524 -0.747575 0.643341 0.022434 
141386213112907 0.165369 -0.747489 0.643021 0.020885 
141386232988948 0.167293 -0.747381 0.642694 0.019488 
141386252866032 0.169614 -0.747499 0.641989 0.018070 
141386272743115 0.172243 -0.747858 0.640896 0.017126 
141386292620198 0.174726 -0.747601 0.640534 0.016743 
141386312497282 0.177392 -0.748157 0.639154 0.016622 
141386332374365 0.179690 -0.748622 0.637970 0.016478 
141386352251448 0.180852 -0.749067 0.637104 0.017019 
141386372128532 0.180710 -0.749994 0.636007 0.018645 
141386392005615 0.179663 -0.751602 0.634324 0.021198 
141386411882698 0.177677 -0.753462 0.632564 0.024264 
141386431761344 0.175860 -0.755938 0.629948 0.028217 
141386451639053 0.174105 -0.758780 0.626826 0.032094 
141386471515094 0.171527 -0.761770 0.623688 0.036040 
141386491391136 0.167729 -0.764852 0.620682 0.040266 
141386511267178 0.163872 -0.767772 0.617893 0.043370 
141386531143219 0.161034 -0.770103 0.615708 0.043741 
141386551019261 0.159505 -0.771744 0.614220 0.041259 
141386570895303 0.158598 -0.773030 0.613086 0.037371 
141386590771344 0.157695 -0.774253 0.612029 0.032943 
141386610647386 0.156485 -0.775642 0.610752 0.029568 
141386630523428 0.155008 -0.777516 0.608790 0.028572 
141386650399469 0.153171 -0.779742 0.606337 0.029950 
141386670275511 0.150377 -0.781130 0.605086 0.033067 
141386690151553 0.146546 -0.781529 0.605265 0.037289 
141386710027594 0.141501 -0.781492 0.606194 0.042147 
141386729903636 0.136257 -0.781051 0.607672 0.046137 
141386749779678 0.131840 -0.780037 0.609781 0.048240 
141386769655719 0.128034 -0.778372 0.612703 0.048367 
141386789531761 0.124593 -0.776196 0.616291 0.046716 
141386809407803 0.121327 -0.774014 0.619877 0.043992 
141386829283844 0.117127 -0.772197 0.623067 0.042194 
141386849159886 0.110854 -0.770664 0.626116 0.042030 
141386869035928 0.101214 -0.769741 0.628581 0.046278 
141386888911969 0.091786 -0.768552 0.631015 0.052228 
141386908788011 0.080982 -0.767763 0.632674 0.060889 
141386928665198 0.070299 -0.766417 0.634574 0.070567 
141386948541553 0.060831 -0.764416 0.637108 0.077861 
141386968417594 0.052020 -0.763340 0.638392 0.084025 
141386988293636 0.043957 -0.762744 0.638879 0.090132 
141387008169678 0.034120 -0.761989 0.639089 0.098854 
141387028045719 0.022789 -0.760971 0.639067 0.109533 
141387047921761 0.010566 -0.760451 0.637873 0.121330 
141387067797803 -0.001096 -0.760054 0.636117 0.132937 
141387087673844 -0.012575 -0.759118 0.634421 0.145229 
141387107549886 -0.023990 -0.757777 0.632688 0.157811 
141387127425928 -0.033652 -0.756404 0.630994 0.169016 
141387147301969 -0.040501 -0.754699 0.630074 0.178311 
141387167178011 -0.046984 -0.753010 0.628728 0.188333 
141387187054053 -0.055431 -0.749763 0.627014 0.204049 
141387206930094 -0.067546 -0.743428 0.627271 0.221998 
141387226806136 -0.077112 -0.738550 0.626963 0.235617 
141387246682178 -0.083572 -0.734670 0.626097 0.247547 
141387266558219 -0.091807 -0.729262 0.625647 0.261371 
141387286434261 -0.098444 -0.725389 0.624771 0.271625 
141387306310303 -0.099550 -0.724386 0.624046 0.275539 
141387326186344 -0.103071 -0.725171 0.619294 0.282804 
141387346062386 -0.118137 -0.723697 0.609639 0.301075 
141387365938428 -0.137381 -0.721021 0.598794 0.320470 
141387385814469 -0.153416 -0.716664 0.589636 0.339391 
141387405690511 -0.165362 -0.711918 0.581205 0.357811 
141387425567594 -0.172975 -0.707720 0.574321 0.373319 
141387445444157 -0.177887 -0.704588 0.567348 0.387336 
141387465320198 -0.185288 -0.701587 0.557642 0.403087 
141387485196240 -0.195973 -0.696727 0.547955 0.419418 
141387505072282 -0.205818 -0.691696 0.540709 0.432238 
141387524948323 -0.215015 -0.687487 0.534271 0.442363 
141387544824365 -0.225766 -0.682427 0.527230 0.453158 
141387564700407 -0.238115 -0.676030 0.519759 0.464904 
141387584576448 -0.250909 -0.669019 0.512399 0.476346 
141387604452490 -0.263665 -0.661582 0.505960 0.486616 
141387624328532 -0.276013 -0.654223 0.500660 0.495125 
141387644204573 -0.289482 -0.646356 0.495057 0.503331 
141387664080615 -0.302059 -0.637867 0.491282 0.510419 
141387683956657 -0.314934 -0.628433 0.490225 0.515334 
141387703832698 -0.327250 -0.620448 0.490364 0.517199 
141387723708740 -0.337256 -0.615637 0.491650 0.515296 
141387743584782 -0.345679 -0.611930 0.489549 0.516128 
141387763460823 -0.353118 -0.606539 0.483724 0.522905 
141387783336865 -0.360608 -0.599941 0.476626 0.531847 
141387803212907 -0.367217 -0.593432 0.471167 0.539436 
141387823088948 -0.373437 -0.586929 0.466721 0.546105 
141387842964990 -0.379317 -0.580414 0.462407 0.552646 
141387862841032 -0.384692 -0.574462 0.458496 0.558378 
141387882717073 -0.390877 -0.569061 0.453205 0.563907 
141387902593115 -0.398194 -0.564300 0.445253 0.569875 
141387922469157 -0.408738 -0.559552 0.431209 0.577836 
141387942346865 -0.418849 -0.554445 0.418841 0.584575 
141387962222907 -0.426551 -0.548817 0.408832 0.591363 
141387982098948 -0.430285 -0.545465 0.401029 0.597075 
141388001974990 -0.432618 -0.543490 0.397104 0.599808 
141388021851032 -0.437423 -0.539380 0.392699 0.602925 
141388041727073 -0.443821 -0.532874 0.388405 0.606803 
141388061603115 -0.450386 -0.525610 0.385838 0.609931 
141388081479157 -0.456343 -0.519652 0.383536 0.612056 
141388101355198 -0.460167 -0.515542 0.380994 0.614252 
141388121231240 -0.461824 -0.513921 0.376474 0.617147 
141388141107282 -0.463801 -0.513220 0.368510 0.621043 
141388160983323 -0.469389 -0.510128 0.357857 0.625605 
141388180859365 -0.478282 -0.505611 0.349111 0.627476 
141388200735407 -0.486956 -0.504004 0.344817 0.624464 
141388220611448 -0.497418 -0.502753 0.340197 0.619743 
141388240487490 -0.509741 -0.498570 0.333201 0.616903 
141388260363532 -0.523037 -0.490317 0.325154 0.616682 
141388280239573 -0.537652 -0.478993 0.315190 0.618184 
141388300115615 -0.552230 -0.468187 0.304787 0.618828 
141388319991657 -0.564643 -0.460858 0.296674 0.617068 
141388339867698 -0.573619 -0.456262 0.290218 0.615272 
141388359743740 -0.580583 -0.452172 0.282073 0.615547 
141388379619782 -0.594417 -0.444276 0.262883 0.616587 
141388399495823 -0.607277 -0.440221 0.248363 0.612973 
141388419371865 -0.617297 -0.439659 0.239304 0.606941 
141388439247907 -0.626873 -0.438748 0.228581 0.601898 
141388459123948 -0.638955 -0.434205 0.213177 0.598129 
141388478999990 -0.652241 -0.427265 0.196183 0.594591 
141388498876032 -0.662329 -0.422737 0.186419 0.589798 
141388518752073 -0.669963 -0.418700 0.185393 0.584354 
141388538628115 -0.679249 -0.407341 0.182174 0.582672 
141388558504157 -0.688359 -0.390826 0.178060 0.584561 
141388578380198 -0.695325 -0.374344 0.173271 0.588529 
141388598256240 -0.700415 -0.360230 0.166321 0.593288 
141388618132282 -0.703721 -0.348980 0.157711 0.598428 
141388638008323 -0.706999 -0.337244 0.146693 0.604070 
141388657884365 -0.711452 -0.322503 0.128899 0.610911 
141388677760407 -0.716149 -0.305376 0.103401 0.619019 
141388697636448 -0.720657 -0.290231 0.076254 0.624983 
141388717512490 -0.724745 -0.279590 0.053079 0.627500 
141388737388532 -0.725999 -0.271522 0.033007 0.630961 
141388757264573 -0.724776 -0.260915 0.013159 0.637535 
141388777140615 -0.720470 -0.256653 -0.001566 0.644243 
141388797016657 -0.713426 -0.260904 -0.001554 0.650346 
141388816892698 -0.704117 -0.261302 -0.000070 0.660258 
141388836768740 -0.695588 -0.254277 -0.003854 0.671927 
141388856644782 -0.692314 -0.244637 -0.011094 0.678772 
141388876520823 -0.693391 -0.232734 -0.020805 0.681624 
141388896396865 -0.692100 -0.226016 -0.025261 0.685038 
141388916272907 -0.687578 -0.228740 -0.019079 0.688876 
141388936150615 -0.680787 -0.231153 -0.012848 0.694934 
141388956025615 -0.672377 -0.231547 -0.009224 0.703000 
141388975900615 -0.664484 -0.230208 -0.008869 0.710905 
141388995775615 -0.658802 -0.225289 -0.013438 0.717665 
141389015650615 -0.653549 -0.219953 -0.020609 0.723927 
141389035525615 -0.650889 -0.214216 -0.029109 0.727742 
141389055400615 -0.649464 -0.207169 -0.041724 0.730436 
141389075275615 -0.645687 -0.201075 -0.057470 0.734408 
141389095150615 -0.642323 -0.196645 -0.071612 0.737309 
141389115025615 -0.641283 -0.200186 -0.078361 0.736574 
141389134900615 -0.638977 -0.210480 -0.080131 0.735517 
141389154775615 -0.634808 -0.220230 -0.081764 0.736092 
141389174651292 -0.629112 -0.220512 -0.092490 0.739620 
141389194527334 -0.619842 -0.220363 -0.106580 0.745571 
141389214403376 -0.607454 -0.222031 -0.120309 0.753145 
141389234279573 -0.597908 -0.221641 -0.131420 0.759019 
141389254156657 -0.592502 -0.225341 -0.136327 0.761300 
141389274033740 -0.590893 -0.232194 -0.136540 0.760452 
141389293910823 -0.589414 -0.238402 -0.135996 0.759776 
141389313787907 -0.589229 -0.241388 -0.135331 0.759096 
141389333664990 -0.592104 -0.244984 -0.131344 0.756402 
141389353542073 -0.598258 -0.250285 -0.121824 0.751401 
141389373419157 -0.605742 -0.255882 -0.109826 0.745345 
141389393296240 -0.616596 -0.260792 -0.102516 0.735722 
141389413173323 -0.631614 -0.266331 -0.100630 0.721114 
141389433052438 -0.648608 -0.269863 -0.103192 0.704154 
141389452929209 -0.665583 -0.275250 -0.103644 0.685927 
141389472805251 -0.684402 -0.282965 -0.100159 0.664449 
141389492681292 -0.704906 -0.290770 -0.095562 0.639865 
141389512557334 -0.724385 -0.299052 -0.089658 0.614650 
141389532433376 -0.741379 -0.309039 -0.081419 0.590103 
141389552309417 -0.759309 -0.323735 -0.068328 0.560337 
141389572185459 -0.779924 -0.338444 -0.055516 0.523538 
141389592061501 -0.798103 -0.349833 -0.046991 0.488304 
141389611937542 -0.812765 -0.360410 -0.039083 0.456058 
141389631813584 -0.825302 -0.371608 -0.031479 0.424020 
141389651689626 -0.835929 -0.381880 -0.025417 0.393376 
141389671565667 -0.844430 -0.388734 -0.020998 0.367944 
141389691441709 -0.851765 -0.393173 -0.016034 0.345911 
141389711317751 -0.859182 -0.397194 -0.012475 0.322317 
141389731193792 -0.865579 -0.400054 -0.012409 0.300957 
141389751069834 -0.869615 -0.400597 -0.021967 0.287763 
141389770945876 -0.871605 -0.399851 -0.040377 0.280703 
141389790821917 -0.873175 -0.397411 -0.067145 0.274083 
141389810697959 -0.873732 -0.391491 -0.102605 0.269812 
141389830574001 -0.867824 -0.383268 -0.155288 0.275451 
141389850450042 -0.850741 -0.374902 -0.224635 0.291938 
141389870326084 -0.828692 -0.370510 -0.288538 0.304528 
141389890202126 -0.807705 -0.367196 -0.342829 0.308624 
141389910078167 -0.782991 -0.362465 -0.400044 0.309046 
141389929954678 -0.754606 -0.358394 -0.457649 0.304436 
141389949830719 -0.725165 -0.357522 -0.508724 0.295825 
141389969706761 -0.690983 -0.359364 -0.555766 0.290731 
141389989582803 -0.658535 -0.361875 -0.595867 0.283411 
141390009458844 -0.630034 -0.362420 -0.629880 0.273787 
141390029334886 -0.602348 -0.362374 -0.659383 0.266599 
141390049210928 -0.572590 -0.365068 -0.684765 0.264505 
141390069086969 -0.543505 -0.368331 -0.706269 0.264800 
141390088963011 -0.514679 -0.368694 -0.727582 0.264187 
141390108839053 -0.486314 -0.365933 -0.749582 0.260227 
141390128715094 -0.454631 -0.360131 -0.773715 0.254917 
141390148591136 -0.419692 -0.352493 -0.798216 0.249917 
141390168467178 -0.383949 -0.341365 -0.821853 0.246191 
141390188343219 -0.347593 -0.326493 -0.844187 0.244805 
141390208219261 -0.311293 -0.308184 -0.865137 0.244250 
141390228095303 -0.276713 -0.288534 -0.884148 0.241784 
141390247971344 -0.243995 -0.266351 -0.901837 0.237092 
141390267847386 -0.208262 -0.235046 -0.920417 0.232837 
141390287723428 -0.166502 -0.189560 -0.939643 0.231118 
141390307599469 -0.128233 -0.144410 -0.953874 0.229842 
141390327475511 -0.089716 -0.121876 -0.961977 0.227370 
141390347351553 -0.065039 -0.109432 -0.966625 0.222331 
141390367227594 -0.052720 -0.101829 -0.969436 0.216899 
141390387104469 -0.041553 -0.094518 -0.971113 0.215125 
141390406980823 -0.027591 -0.085699 -0.972297 0.215716 
141390426856865 -0.012165 -0.077957 -0.973309 0.215512 
141390446732907 0.008128 -0.071320 -0.974055 0.214624 
141390466608948 0.032547 -0.066251 -0.974498 0.211906 
141390486484990 0.055134 -0.065657 -0.974331 0.208154 
141390506361032 0.067706 -0.068208 -0.974208 0.204161 
141390526237073 0.066883 -0.066475 -0.975630 0.198125 
141390546113115 0.064889 -0.064087 -0.978249 0.186311 
141390565989157 0.064498 -0.063237 -0.980704 0.173379 
141390585865198 0.065380 -0.064095 -0.982120 0.164492 
141390605741240 0.066134 -0.066030 -0.982691 0.159955 
141390625617282 0.066725 -0.069039 -0.983244 0.154963 
141390645493323 0.067169 -0.071902 -0.984017 0.148420 
141390665369365 0.065963 -0.073021 -0.985124 0.140878 
141390685245407 0.062963 -0.070829 -0.986405 0.134257 
141390705121448 0.059190 -0.065273 -0.987602 0.129920 
141390724997490 0.056185 -0.057654 -0.988388 0.128880 
141390744873532 0.053478 -0.052012 -0.989041 0.127409 
141390764749573 0.052301 -0.048884 -0.989868 0.122626 
141390784625615 0.053705 -0.048126 -0.990560 0.116588 
141390804501657 0.056950 -0.048615 -0.990933 0.111565 
141390824377698 0.059877 -0.048766 -0.990996 0.109391 
141390844253740 0.062280 -0.046750 -0.991002 0.108862 
141390864129782 0.065821 -0.042542 -0.991052 0.108040 
141390884007855 0.069933 -0.038273 -0.991138 0.106251 
141390903880771 0.072381 -0.036756 -0.991338 0.103236 
141390923753688 0.071728 -0.038945 -0.991816 0.098163 
141390943626605 0.072070 -0.040054 -0.992276 0.092701 
141390963499521 0.075028 -0.040254 -0.992530 0.087376 
