# Created at Thu Dec 04 22:38:31 GMT+08:00 2025 in Burnaby Canada 
141167312677320 -70.443756 64.125000 -30.187502 
141167332677320 -70.331253 63.825001 -30.112501 
141167352677320 -70.556252 63.787502 -30.093752 
141167372677320 -70.687500 63.656254 -30.000002 
141167392677320 -70.725006 63.543751 -30.075001 
141167412677320 -70.968750 63.300003 -30.337502 
141167432677320 -71.175003 63.018753 -30.506250 
141167452677320 -71.306252 63.187504 -30.356251 
141167472677320 -71.681252 63.281254 -30.168751 
141167492677320 -72.037506 63.543751 -29.906252 
141167512677320 -72.056252 63.656254 -29.906252 
141167532677320 -72.431252 63.768753 -29.868752 
141167552677320 -72.393753 63.787502 -29.700001 
141167572677320 -72.281250 63.862503 -29.437502 
141167592677320 -72.337502 63.956253 -29.231251 
141167612677320 -72.037506 63.618752 -29.381250 
141167632677320 -71.550003 63.431252 -29.550001 
141167652677320 -71.118752 63.037502 -30.037500 
141167672677320 -70.968750 62.943752 -29.718752 
141167692677320 -70.518753 62.868752 -29.587502 
141167712677320 -70.143753 62.793751 -29.531252 
141167732677320 -70.200005 62.925003 -29.456251 
141167752677320 -70.087502 62.775002 -29.568750 
141167772677320 -70.143753 62.868752 -29.475000 
141167792677320 -70.350006 62.662502 -29.493752 
141167812677320 -70.837502 62.700001 -29.212502 
141167832677320 -71.250000 62.325001 -29.700001 
141167852677320 -71.943756 61.837502 -30.056252 
141167872677320 -72.937500 61.518753 -30.393751 
141167892677320 -73.912506 60.937504 -30.600000 
141167912677320 -75.187500 60.618752 -30.900002 
141167932677320 -76.856255 60.656254 -30.956251 
141167952677320 -78.168755 60.600002 -31.087502 
141167972677320 -79.256256 60.750004 -31.218752 
141167992677320 -79.968750 61.500004 -30.900002 
141168012677320 -80.587502 62.625004 -30.562502 
141168032677320 -81.150002 63.862503 -30.075001 
141168052677320 -81.750000 65.193756 -29.662500 
141168072677320 -82.575005 66.375000 -29.043751 
141168092677320 -83.587502 67.462502 -28.331251 
141168112677320 -85.237503 68.925003 -27.093752 
141168132677320 -87.318756 70.293755 -25.931252 
141168152677320 -89.718750 71.662506 -24.337502 
141168172677320 -91.950005 73.012505 -22.218750 
141168192677320 -94.218750 74.081253 -20.006250 
141168212677320 -95.850006 75.375000 -17.568750 
141168232677320 -96.862503 76.762505 -15.000001 
141168252677320 -97.218758 77.737503 -12.712501 
141168272677320 -97.012505 78.600006 -10.912500 
141168292677320 -96.243752 79.368752 -9.318750 
141168312677320 -95.475006 79.425003 -8.175000 
141168332677320 -94.818756 79.162506 -7.743750 
141168352677320 -94.200005 78.843750 -7.556250 
141168372677320 -93.956253 78.225006 -7.631250 
141168392677320 -94.031250 77.550003 -7.912500 
141168412677320 -94.293755 77.156250 -8.137501 
141168432677320 -94.725006 76.331253 -8.006250 
141168452677320 -95.437500 75.375000 -7.800000 
141168472677320 -96.093758 74.775002 -7.968750 
141168492677320 -96.750008 74.287506 -7.762500 
141168512677320 -97.387505 73.762505 -7.668750 
141168532677320 -98.081253 73.125000 -7.331250 
141168552677320 -98.700005 72.693756 -6.956250 
141168572677320 -99.543755 72.225006 -6.468750 
141168592677320 -100.218758 72.150002 -6.281250 
141168612677320 -101.043755 72.187500 -5.887500 
141168632677320 -101.831253 71.962502 -5.118750 
141168652677320 -102.506256 71.587502 -4.612500 
141168672677320 -103.200005 71.287506 -4.087500 
141168692677320 -103.743752 71.362503 -3.768750 
141168712677320 -104.381256 71.156250 -3.450000 
141168732677320 -104.625008 70.800003 -3.150000 
141168752677320 -105.206253 70.387505 -2.756250 
141168772677320 -105.318756 69.881256 -2.550000 
141168792677320 -105.787506 69.600006 -2.362500 
141168812677320 -106.312508 69.543755 -1.856250 
141168832677320 -106.518753 69.375000 -1.481250 
141168852677320 -107.081253 69.150002 -1.293750 
141168872677320 -107.250008 69.056252 -0.918750 
141168892677320 -107.587502 69.243752 -0.731250 
141168912677320 -107.718758 69.281250 -0.431250 
141168932677320 -108.075005 69.506256 -0.262500 
141168952677320 -108.075005 69.506256 -0.000000 
141168972677320 -108.093758 69.581253 -0.018750 
141168992677320 -108.075005 69.656250 0.318750 
141169012677320 -108.018753 69.768753 0.693750 
141169032677320 -108.018753 69.956253 0.843750 
141169052677320 -107.962502 69.956253 0.937500 
141169072677320 -107.906258 70.125000 0.881250 
141169092677320 -107.925003 70.368752 0.881250 
141169112677320 -107.962502 70.537506 1.031250 
141169132677320 -107.925003 70.631256 1.031250 
141169152677320 -108.150002 70.837502 1.125000 
141169172677320 -107.887505 71.231255 1.237500 
141169192677320 -107.850006 71.475006 1.331250 
141169212677320 -108.037506 71.643753 1.556250 
141169232677320 -107.850006 71.625000 1.800000 
141169252677320 -107.831253 71.456253 1.968750 
141169272677320 -107.662506 71.662506 1.912500 
141169292677320 -107.606255 71.812500 1.875000 
141169312677320 -107.287506 71.925003 1.612500 
141169332677320 -107.381256 71.550003 1.293750 
141169352677320 -107.343758 71.231255 0.956250 
141169372677320 -106.837502 70.893753 0.262500 
141169392677320 -106.706253 70.950005 -0.581250 
141169412677320 -105.918755 71.006256 -1.500000 
141169432677320 -105.131256 70.968750 -2.343750 
141169452677320 -104.343758 71.362503 -3.168750 
141169472677320 -103.687508 71.981255 -3.768750 
141169492677320 -102.693756 72.768753 -3.806250 
141169512677320 -101.625008 73.912506 -3.543750 
141169532677320 -100.725006 75.412506 -2.531250 
141169552677320 -99.731255 76.800003 -0.993750 
141169572677320 -99.112503 78.300003 0.918750 
141169592677320 -98.700005 79.818756 3.018750 
141169612677320 -97.912506 80.868752 5.343750 
141169632677320 -97.181252 81.750000 7.237500 
141169652677320 -96.562508 82.425003 8.681251 
141169672677320 -96.112503 82.875000 10.012501 
141169692677320 -95.962502 83.081253 10.856251 
141169712677320 -96.037506 82.968750 11.025001 
141169732677320 -96.168755 82.650002 11.175000 
141169752677320 -96.506256 82.425003 11.137501 
141169772677320 -97.275002 82.012505 11.287500 
141169792677320 -98.400002 81.562500 11.718750 
141169812677320 -99.562508 81.412506 12.112500 
141169832677320 -100.650002 80.943756 12.656251 
141169852677320 -101.943756 80.268753 13.275001 
141169872677320 -103.162506 79.781250 14.193750 
141169892677320 -104.625008 79.331253 14.850000 
141169912677320 -105.712502 78.487503 15.093751 
141169932677320 -106.875008 77.812500 15.262501 
141169952677320 -107.643753 77.081253 15.206250 
141169972677320 -108.600006 76.218750 15.562501 
141169992677320 -109.537506 75.675003 15.506250 
141170012677320 -110.268753 75.225006 15.506250 
141170032677320 -110.943756 74.625000 15.581250 
141170052677320 -111.375008 73.912506 15.506250 
141170072677320 -111.862503 73.612503 15.843751 
141170092677320 -112.181252 73.256256 15.956250 
141170112677320 -112.481255 73.068756 16.031250 
141170132677320 -112.575005 72.881256 15.937501 
141170152677320 -112.537506 72.712502 15.862500 
141170172677320 -112.293755 72.618752 15.881250 
141170192677320 -112.162506 72.825005 15.937501 
141170212677320 -111.937508 73.087502 16.106251 
141170232677320 -111.656258 73.612503 16.368752 
141170252677320 -111.168755 74.175003 16.650002 
141170272677320 -110.437508 74.962502 17.193750 
141170292677320 -109.875008 75.618752 17.493752 
141170312677320 -109.106255 76.500000 17.756250 
141170332677320 -108.168755 77.418755 18.000000 
141170352677320 -106.856255 78.318756 18.056252 
141170372677320 -105.881256 79.125000 18.168751 
141170392677320 -104.925003 79.687500 18.243752 
141170412677320 -104.118752 80.418755 18.206251 
141170432677320 -103.350006 80.587502 18.112501 
141170452677320 -102.731255 80.850006 18.131250 
141170472677320 -102.300003 81.018753 18.393751 
141170492677320 -102.375008 80.943756 18.412500 
141170512677320 -102.918755 80.681252 18.468750 
141170532677320 -103.387505 80.456253 18.750000 
141170552677320 -103.856255 79.950005 18.881250 
141170572677320 -104.587502 79.125000 18.862501 
141170592677320 -105.675003 78.356255 18.975000 
141170612677320 -106.631256 77.531250 18.956251 
141170632677320 -107.643753 76.443756 18.843750 
141170652677320 -108.468758 75.581253 18.750000 
141170672677320 -109.031258 74.793755 18.562500 
141170692677320 -109.556252 73.987503 18.281250 
141170712677320 -110.418755 73.256256 17.812500 
141170732677320 -110.906258 72.693756 17.456251 
141170752677320 -111.618752 72.281250 17.287500 
141170772677320 -112.106255 71.681252 17.193750 
141170792677320 -112.800003 71.193756 17.231251 
141170812677320 -113.325005 70.687500 17.231251 
141170832677320 -113.925003 69.956253 17.531250 
141170852677320 -114.543755 69.506256 17.943750 
141170872677320 -115.012505 68.887505 18.543751 
141170892677320 -115.406258 68.268753 19.012501 
141170912677320 -115.443756 67.818756 19.462502 
141170932677320 -115.818756 67.331253 19.893751 
141170952677320 -115.931252 66.843750 20.343750 
141170972677320 -116.156258 66.356255 20.868752 
141170992677320 -116.381256 66.206253 21.318750 
141171012677320 -116.381256 65.887505 21.618752 
141171032677320 -116.231255 65.793755 21.956251 
141171052677320 -116.437508 65.587502 22.575001 
141171072677320 -116.700005 65.381256 22.968750 
141171092677320 -116.718758 65.493752 23.175001 
141171112677320 -116.737503 65.456253 23.512501 
141171132677320 -116.831253 65.437500 24.150002 
141171152677320 -116.831253 65.343750 24.487501 
141171172677320 -116.812508 65.137505 24.956251 
141171192677320 -116.868752 65.156250 25.143751 
141171212677320 -116.943756 65.400002 25.143751 
141171232677320 -116.625008 65.493752 25.368752 
141171252677320 -116.437508 65.643753 26.006250 
141171272677320 -116.268753 66.018753 26.118752 
141171292677320 -115.912506 66.300003 25.950001 
141171312677320 -115.743752 66.656250 26.212502 
141171332677320 -115.575005 67.031250 26.043751 
141171352677320 -115.293755 67.293755 26.062502 
141171372677320 -114.956253 67.293755 26.137501 
141171392677320 -114.900002 67.293755 25.987501 
141171412677320 -114.768753 67.331253 25.537500 
141171432677320 -114.731255 67.200005 25.350000 
141171452677320 -114.881256 67.031250 25.256250 
141171472677320 -114.975006 66.881256 24.843752 
141171492677320 -115.200005 66.600006 24.618752 
141171512677320 -115.443756 66.450005 24.356251 
141171532677320 -115.781258 66.262505 24.356251 
141171552677320 -116.137505 66.225006 24.075001 
141171572677320 -116.362503 66.000000 23.906250 
141171592677320 -116.606255 66.018753 23.756250 
141171612677320 -116.643753 66.018753 23.700001 
141171632677320 -116.437508 65.925003 23.512501 
141171652677320 -116.343758 66.112503 23.662500 
141171672677320 -116.287506 65.925003 23.700001 
141171692677320 -116.100006 66.168755 23.606251 
141171712677320 -115.818756 66.393753 23.700001 
141171732677320 -115.668755 66.450005 24.000000 
141171752677320 -115.631256 66.468750 24.168751 
141171772677320 -115.593758 66.468750 24.168751 
141171792677320 -115.875008 66.356255 24.300001 
141171812677320 -115.893753 66.243752 24.356251 
141171832677320 -115.950005 66.168755 24.431252 
141171852677320 -115.875008 65.906250 24.356251 
141171872677320 -116.212502 65.381256 24.037500 
141171892677320 -116.362503 65.193756 23.568750 
141171912677320 -116.400002 64.706253 23.081251 
141171932677320 -116.587502 64.293755 22.631250 
141171952677320 -116.850006 64.275002 22.368752 
141171972677320 -117.300003 63.993752 22.087502 
141171992677320 -117.656258 63.843754 21.712502 
141172012677320 -117.918755 63.675003 21.187500 
141172032677320 -117.993752 63.693752 21.056252 
141172052677320 -118.162506 63.543751 20.850000 
141172072677320 -118.443756 63.581253 20.643751 
141172092677320 -118.575005 63.562504 20.437500 
141172112677320 -118.650002 63.168751 20.043751 
141172132677320 -118.481255 63.131252 19.462502 
141172152677320 -118.537506 62.906254 19.143751 
141172172677320 -118.725006 62.662502 18.918751 
141172192677320 -119.025002 62.287502 18.656250 
141172212677320 -119.250008 61.837502 18.412500 
141172232677320 -119.193756 61.443752 18.356251 
141172252677320 -119.362503 61.181252 18.281250 
141172272677320 -119.362503 60.956253 18.375000 
141172292677320 -119.625008 60.543751 18.693750 
141172312677320 -119.887505 59.981251 18.750000 
141172332677320 -120.168755 59.137501 19.012501 
141172352677320 -120.356255 58.406254 19.368752 
141172372677320 -120.637505 57.712502 19.893751 
141172392677320 -121.200005 57.393753 20.268751 
141172412677320 -121.256256 57.318752 20.756250 
141172432677320 -121.162506 57.637501 20.943750 
141172452677320 -120.881256 58.143753 21.168751 
141172472677320 -120.562508 59.437504 21.487501 
141172492677320 -119.962502 61.031254 21.562500 
141172512677320 -118.875008 62.793751 21.712502 
141172532677320 -117.487503 65.250000 21.525002 
141172552677320 -115.650002 67.762505 21.393751 
141172572677320 -113.662506 70.200005 21.168751 
141172592677320 -111.487503 72.731255 21.187500 
141172612677320 -109.200005 75.075005 21.056252 
141172632677320 -106.725006 77.175003 20.756250 
141172652677320 -104.231255 79.237503 20.718750 
141172672677320 -101.775002 81.375000 20.531250 
141172692677320 -99.243752 82.893753 20.512501 
141172712677320 -96.787506 84.187500 20.250000 
141172732677320 -94.368752 85.275002 20.100000 
141172752677320 -92.193756 85.950005 19.631250 
141172772677320 -89.793755 86.550003 19.162500 
141172792677320 -87.037506 87.112503 19.012501 
141172812677320 -84.393753 87.825005 18.712502 
141172832677320 -81.918755 88.106255 18.300001 
141172852677320 -79.218750 88.443756 17.831251 
141172872677320 -76.631256 88.593750 17.831251 
141172892677320 -74.512505 88.481255 17.681252 
141172912677320 -72.618752 88.500000 17.925001 
141172932677320 -71.100006 88.500000 18.018751 
141172952677320 -70.162506 88.406250 18.206251 
141172972677320 -69.506256 88.293755 18.356251 
141172992677320 -68.925003 88.200005 18.693750 
141173012677320 -69.037506 88.331253 19.068750 
141173032677320 -69.206253 88.312500 19.050001 
141173052677320 -69.506256 88.556252 19.181252 
141173072677320 -69.675003 88.575005 19.406250 
141173092677320 -70.031250 88.668755 19.781250 
141173112677320 -70.743752 88.725006 19.987501 
141173132677320 -71.737503 88.556252 20.193750 
141173152677320 -72.693756 88.406250 20.268751 
141173172677320 -73.837502 88.200005 20.231251 
141173192677320 -75.037506 88.068756 20.512501 
141173212677320 -75.862503 87.975006 20.400002 
141173232677320 -76.350006 87.993752 20.418751 
141173252677320 -76.875000 88.031250 20.456251 
141173272677320 -76.687500 87.993752 20.437500 
141173292677320 -76.200005 88.087502 20.718750 
141173312677320 -75.975006 88.181252 21.000000 
141173332677320 -75.356255 88.218750 21.412500 
141173352677320 -74.737503 88.218750 21.806252 
141173372677320 -74.175003 88.050003 22.350000 
141173392677320 -73.856255 87.993752 22.481251 
141173412677320 -73.293755 87.918755 22.875000 
141173432677320 -72.975006 87.862503 23.437500 
141173452677320 -72.693756 87.787506 23.850000 
141173472677320 -72.206253 87.956253 24.112501 
141173492677320 -71.850006 87.956253 24.412500 
141173512677320 -71.587502 87.993752 24.600000 
141173532677320 -71.287506 88.368752 25.143751 
141173552677320 -71.137505 88.218750 25.556252 
141173572677320 -71.137505 88.350006 25.762501 
141173592677320 -70.875000 88.331253 25.668751 
141173612677320 -70.593750 88.312500 25.518751 
141173632677320 -70.556252 88.331253 25.668751 
141173652677320 -70.425003 88.406250 25.518751 
141173672677320 -70.162506 88.256256 25.481251 
141173692677320 -70.350006 87.918755 25.181252 
141173712677320 -70.481255 87.918755 24.750002 
141173732677320 -70.443756 87.750000 24.393751 
141173752677320 -70.593750 87.806252 24.093752 
141173772677320 -70.743752 87.806252 24.000000 
141173792677320 -70.950005 87.825005 23.812500 
141173812677320 -71.062500 87.712502 23.737501 
141173832677320 -71.193756 87.806252 23.362501 
141173852677320 -71.287506 88.200005 23.100000 
141173872677320 -71.437500 88.237503 23.081251 
141173892677320 -71.606255 88.256256 23.062500 
141173912677320 -71.718750 88.125000 22.893751 
141173932677320 -72.037506 88.237503 22.575001 
141173952677320 -71.850006 88.106255 22.368752 
141173972677320 -71.831253 88.218750 22.181252 
141173992677320 -71.831253 88.181252 22.087502 
141174012677320 -71.793755 87.787506 22.012501 
141174032677320 -71.737503 87.656250 21.881250 
141174052677320 -71.493752 87.637505 21.581251 
141174072677320 -71.475006 87.637505 21.393751 
141174092677320 -71.156250 87.450005 21.131250 
141174112677320 -70.893753 87.187500 20.887501 
141174132677320 -70.612503 86.906250 20.643751 
141174152677320 -70.293755 86.756256 20.418751 
141174172677320 -69.525002 86.643753 19.875000 
141174192677320 -68.793755 86.737503 19.481251 
141174212677320 -68.175003 86.625000 19.218750 
141174232677320 -67.275002 86.568756 19.031250 
141174252677320 -66.806252 86.625000 18.956251 
141174272677320 -66.581253 87.112503 18.693750 
141174292677320 -66.712502 87.375000 18.525002 
141174312677320 -66.881256 87.450005 18.243752 
141174332677320 -67.406250 87.600006 18.487501 
141174352677320 -67.687500 87.581253 18.712502 
141174372677320 -68.156250 87.956253 18.900002 
141174392677320 -68.793755 88.106255 19.087502 
141174412677320 -69.150002 88.293755 19.387501 
141174432677320 -69.581253 88.087502 19.556252 
141174452677320 -69.825005 88.125000 19.668751 
141174472677320 -69.843750 88.200005 20.043751 
141174492677320 -70.125000 88.500000 20.006250 
141174512677320 -70.818756 88.687500 20.006250 
141174532677320 -71.418755 88.687500 19.856251 
141174552677320 -72.243752 88.668755 19.668751 
141174572677320 -73.143753 88.687500 19.350000 
141174592677320 -73.593750 88.837502 19.162500 
141174612677320 -74.025002 88.762505 18.806252 
141174632677320 -74.756256 88.800003 18.525002 
141174652677320 -74.962502 88.743752 18.525002 
141174672677320 -75.037506 88.725006 18.506250 
141174692677320 -75.037506 88.518753 18.581251 
141174712677320 -74.718750 88.856255 18.937500 
141174732677320 -74.268753 88.650002 19.162500 
141174752677320 -74.156250 88.593750 19.706251 
141174772677320 -73.968750 88.687500 20.550001 
141174792677320 -73.800003 88.668755 21.637501 
141174812677320 -73.818756 88.406250 22.687500 
141174832677320 -73.706253 88.481255 23.831251 
141174852677320 -73.593750 88.537506 24.693750 
141174872677320 -73.668755 88.200005 25.725000 
141174892677320 -73.518753 88.256256 26.962502 
141174912677320 -73.181252 88.068756 27.862501 
141174932677320 -72.975006 88.125000 28.631250 
141174952677320 -72.881256 87.975006 29.306252 
141174972677320 -72.618752 88.012505 29.700001 
141174992677320 -72.412506 87.825005 29.981251 
141175012677320 -72.187500 87.675003 30.506250 
141175032677320 -71.943756 87.675003 30.843752 
141175052677320 -72.056252 87.487503 31.237501 
141175072677320 -72.300003 87.637505 31.575001 
141175092677320 -72.618752 87.225006 32.212502 
141175112677320 -72.581253 87.131256 32.700001 
141175132677320 -72.787506 87.056252 33.206253 
141175152677320 -72.862503 86.812500 33.731251 
141175172677320 -73.200005 86.793755 34.200001 
141175192677320 -73.368752 86.531250 34.575001 
141175212677320 -73.500000 86.718750 34.781250 
141175232677320 -73.687500 86.606255 34.893753 
141175252677320 -73.481255 86.643753 34.893753 
141175272677320 -73.518753 86.606255 34.612503 
141175292677320 -73.706253 86.737503 34.406250 
141175312677320 -73.950005 86.887505 34.293751 
141175332677320 -74.156250 86.906250 34.181252 
141175352677320 -74.418755 87.018753 34.275002 
141175372677320 -74.418755 86.981255 34.331253 
141175392677320 -74.606255 86.906250 34.556252 
141175412677320 -75.281250 87.018753 34.875000 
141175432677320 -75.712502 86.906250 35.381252 
141175452677320 -76.050003 86.531250 35.737503 
141175472677320 -76.256256 86.362503 35.962502 
141175492677320 -76.200005 86.118752 36.375000 
141175512677320 -76.406250 85.987503 36.468750 
141175532677320 -76.481255 85.725006 36.975002 
141175552677320 -76.481255 85.650002 37.500000 
141175572677320 -75.937500 85.537506 37.893753 
141175592677320 -75.675003 85.593750 38.381252 
141175612677320 -75.281250 85.387505 39.056252 
141175632677320 -75.018753 85.275002 39.956253 
141175652677320 -74.793755 85.200005 40.912502 
141175672677320 -74.062500 84.843750 42.337502 
141175692677320 -73.875000 84.450005 43.387501 
141175712677320 -73.443756 83.962502 44.625000 
141175732677320 -73.050003 83.118752 45.806252 
141175752677320 -72.750000 82.462502 47.100002 
141175772677320 -72.281250 81.843750 48.450001 
141175792677320 -71.756256 81.056252 49.987503 
141175812677320 -71.306252 80.343750 51.337502 
141175832677320 -71.025002 79.462502 52.143753 
141175852677320 -70.612503 78.600006 53.475002 
141175872677320 -70.275002 77.868752 54.543751 
141175892677320 -70.162506 77.268753 55.743752 
141175912677320 -69.806252 76.256256 56.756252 
141175932677320 -70.050003 75.506256 57.581253 
141175952677320 -70.293755 74.643753 58.275002 
141175972677320 -70.650002 73.893753 58.968754 
141175992677320 -71.118752 73.350006 59.718754 
141176012677320 -71.512505 72.712502 60.187504 
141176032677320 -72.037506 71.981255 60.656254 
141176052677320 -72.412506 71.231255 61.012501 
141176072677320 -72.937500 70.987503 61.406254 
141176092677320 -73.012505 70.837502 61.687504 
141176112677320 -73.293755 70.912506 61.556252 
141176132677320 -73.687500 70.725006 61.537502 
141176152677320 -74.006256 70.781250 61.275002 
141176172677320 -74.381256 71.212502 60.843754 
141176192677320 -74.756256 71.831253 60.375004 
141176212677320 -75.112503 72.562500 59.925003 
141176232677320 -75.393753 73.350006 58.912502 
141176252677320 -76.200005 74.325005 57.843754 
141176272677320 -76.762505 75.206253 56.906254 
141176292677320 -77.156250 76.218750 55.650002 
141176312677320 -77.512505 77.456253 54.581253 
141176332677320 -77.737503 78.450005 53.193752 
141176352677320 -78.075005 79.443756 51.843754 
141176372677320 -78.431252 80.325005 50.306252 
141176392677320 -78.862503 81.431252 48.900002 
141176412677320 -78.693756 82.068756 47.512501 
141176432677320 -78.693756 82.800003 45.750000 
141176452677320 -78.543755 83.512505 44.156250 
141176472677320 -78.525002 83.981255 42.318752 
141176492677320 -78.787506 84.581253 40.818752 
141176512677320 -78.881256 85.106255 39.168751 
141176532677320 -79.012505 85.837502 37.406250 
141176552677320 -79.012505 86.043755 36.037502 
141176572677320 -79.106255 86.587502 34.481251 
141176592677320 -79.181252 87.000000 33.318752 
141176612677320 -79.275002 87.318756 32.287502 
141176632677320 -79.256256 87.712502 31.387501 
141176652677320 -78.993752 87.825005 30.431252 
141176672677320 -78.881256 87.918755 29.831251 
141176692677320 -78.712502 87.918755 29.418751 
141176712677320 -78.506256 88.087502 28.893751 
141176732677320 -78.281250 87.825005 29.100000 
141176752677320 -78.150002 87.750000 29.362501 
141176772677320 -78.112503 87.806252 29.737501 
141176792677320 -78.112503 87.787506 30.187502 
141176812677320 -78.337502 87.787506 30.768751 
141176832677320 -78.318756 87.843750 31.368752 
141176852677320 -78.356255 87.862503 31.931252 
141176872677320 -78.281250 87.712502 32.831253 
141176892677320 -78.243752 87.656250 33.337502 
141176912677320 -78.225006 87.656250 34.012501 
141176932677320 -78.056252 87.150002 34.631252 
141176952677320 -78.018753 86.887505 35.718750 
141176972677320 -77.962502 86.475006 36.731251 
141176992677320 -77.681252 86.137505 37.725002 
141177012677320 -77.325005 85.518753 39.206253 
141177032677320 -77.325005 84.975006 40.650002 
141177052677320 -77.287506 84.506256 42.393753 
141177072677320 -77.137505 83.737503 43.875000 
141177092677320 -76.931252 83.437500 45.431252 
141177112677320 -76.725006 82.687500 46.875000 
141177132677320 -76.237503 81.900002 48.243752 
141177152677320 -76.031250 81.056252 49.425003 
141177172677320 -75.750000 80.475006 50.568752 
141177192677320 -75.318756 79.856255 51.637501 
141177212677320 -74.887505 79.218750 52.368752 
141177232677320 -74.493752 78.450005 53.568752 
141177252677320 -73.968750 77.418755 54.600002 
141177272677320 -73.481255 76.706253 55.837502 
141177292677320 -73.331253 75.937500 57.168751 
141177312677320 -73.200005 75.075005 58.537502 
141177332677320 -73.125000 74.081253 59.456253 
141177352677320 -73.237503 73.237503 60.300003 
141177372677320 -73.575005 72.262505 61.256252 
141177392677320 -74.006256 71.662506 61.743752 
141177412677320 -74.718750 71.268753 62.325001 
141177432677320 -75.525002 70.818756 62.268753 
141177452677320 -76.181252 70.687500 62.025002 
141177472677320 -76.856255 70.725006 61.537502 
141177492677320 -77.775002 71.062500 61.012501 
141177512677320 -78.825005 71.531250 60.412502 
141177532677320 -80.006256 72.412506 59.437504 
141177552677320 -81.112503 73.312500 58.125004 
141177572677320 -82.443756 74.400002 56.343754 
141177592677320 -83.512505 75.543755 54.375004 
141177612677320 -84.450005 76.837502 52.368752 
141177632677320 -85.518753 78.075005 50.418751 
141177652677320 -86.156250 79.406250 48.225002 
141177672677320 -86.418755 80.625000 45.918751 
141177692677320 -86.531250 81.900002 43.762501 
141177712677320 -86.231255 82.818756 41.868752 
141177732677320 -85.650002 83.737503 40.312500 
141177752677320 -84.937500 84.806252 39.000000 
141177772677320 -84.412506 85.293755 37.425003 
141177792677320 -83.456253 86.043755 36.131252 
141177812677320 -82.612503 86.343750 34.950001 
141177832677320 -81.618752 86.718750 34.068752 
141177852677320 -80.606255 86.962502 33.318752 
141177872677320 -79.893753 87.431252 32.662502 
141177892677320 -79.462502 87.693756 31.818750 
141177912677320 -78.937500 87.731255 31.481251 
141177932677320 -78.168755 87.918755 31.631250 
141177952677320 -77.681252 87.787506 31.462502 
141177972677320 -77.437500 87.993752 31.800001 
141177992677320 -77.212502 87.937500 31.950001 
141178012677320 -77.006256 87.750000 32.437500 
141178032677320 -76.800003 87.600006 32.943752 
141178052677320 -76.293755 87.356255 33.787502 
141178072677320 -76.050003 87.056252 34.612503 
141178092677320 -75.937500 86.868752 35.325001 
141178112677320 -75.918755 86.531250 36.356251 
141178132677320 -75.468750 86.100006 37.312500 
141178152677320 -75.337502 85.650002 38.662502 
141178172677320 -75.037506 85.237503 39.731251 
141178192677320 -74.868752 84.600006 40.987503 
141178212677320 -74.831253 83.793755 42.337502 
141178232677320 -74.662506 83.118752 43.706253 
141178252677320 -74.568756 82.650002 45.131252 
141178272677320 -74.231255 82.181252 46.725002 
141178292677320 -74.193756 81.468750 48.206253 
141178312677320 -74.137505 80.550003 49.518753 
141178332677320 -74.250000 79.518753 51.037502 
141178352677320 -74.137505 78.600006 52.575001 
141178372677320 -73.987503 77.587502 53.962502 
141178392677320 -74.175003 76.312500 55.331253 
141178412677320 -74.250000 75.056252 56.418751 
141178432677320 -74.775002 73.743752 57.675003 
141178452677320 -75.150002 72.675003 58.875004 
141178472677320 -75.468750 71.775002 59.925003 
141178492677320 -75.881256 71.025002 60.712502 
141178512677320 -76.500000 70.481255 61.275002 
141178532677320 -77.400002 70.012505 61.575001 
141178552677320 -78.093750 70.068756 61.612503 
141178572677320 -79.087502 70.387505 61.668751 
141178592677320 -79.856255 70.818756 61.050003 
141178612677320 -80.906250 71.681252 59.925003 
141178632677320 -81.993752 72.787506 58.556252 
141178652677320 -83.062500 74.100006 56.962502 
141178672677320 -84.112503 75.450005 55.012501 
141178692677320 -85.106255 77.156250 52.968754 
141178712677320 -86.006256 78.618752 50.718754 
141178732677320 -86.456253 79.818756 48.412502 
141178752677320 -86.943756 81.018753 45.993752 
141178772677320 -87.300003 81.937500 43.837502 
141178792677320 -87.468750 83.081253 41.662502 
141178812677320 -87.243752 83.981255 39.712502 
141178832677320 -87.150002 84.543755 37.800003 
141178852677320 -86.925003 85.031250 36.037502 
141178872677320 -86.737503 85.687500 34.462502 
141178892677320 -86.775002 86.231255 32.981251 
141178912677320 -86.512505 86.606255 31.931252 
141178932677320 -86.306252 86.775002 31.087502 
141178952677320 -86.193756 86.737503 30.506250 
141178972677320 -86.193756 86.756256 30.018751 
141178992677320 -86.100006 86.887505 29.868752 
141179012677320 -85.706253 86.962502 29.906252 
141179032677320 -85.256256 86.962502 30.187502 
141179052677320 -84.787506 86.943756 30.562502 
141179072677320 -84.618752 87.018753 30.825001 
141179092677320 -84.281250 87.093750 31.556252 
141179112677320 -83.943756 86.981255 32.193752 
141179132677320 -83.850006 86.887505 32.775002 
141179152677320 -83.550003 86.793755 33.431252 
141179172677320 -83.475006 86.831253 34.237503 
141179192677320 -83.568756 86.456253 35.025002 
141179212677320 -83.643753 86.212502 36.018753 
141179232677320 -83.756256 85.893753 37.237503 
141179252677320 -83.831253 85.368752 38.231251 
141179272677320 -83.962502 84.693756 39.468750 
141179292677320 -84.000000 84.281250 41.043751 
141179312677320 -83.962502 83.625000 42.656250 
141179332677320 -83.981255 82.800003 44.231251 
141179352677320 -83.962502 82.125000 45.975002 
141179372677320 -83.550003 81.037506 47.812500 
141179392677320 -83.306252 79.762505 49.818752 
141179412677320 -83.137505 78.750000 51.656254 
141179432677320 -82.462502 77.587502 53.625004 
141179452677320 -82.031250 76.312500 55.331253 
141179472677320 -81.693756 75.281250 56.700001 
141179492677320 -81.187500 74.175003 57.862503 
141179512677320 -80.568756 73.200005 58.743752 
141179532677320 -80.437500 72.600006 59.456253 
141179552677320 -80.118752 72.506256 59.681252 
141179572677320 -79.912506 72.468750 59.831253 
141179592677320 -80.156250 73.031250 59.568752 
141179612677320 -80.006256 73.612503 58.968754 
141179632677320 -80.250000 74.306252 58.237503 
141179652677320 -80.568756 75.243752 57.375004 
141179672677320 -81.112503 76.368752 56.137501 
141179692677320 -81.618752 77.606255 54.562504 
141179712677320 -81.918755 78.656250 52.968754 
141179732677320 -82.237503 79.781250 51.206253 
141179752677320 -82.387505 80.887505 49.331253 
141179772677320 -82.818756 81.825005 47.512501 
141179792677320 -82.631256 82.668755 45.600002 
141179812677320 -82.406250 83.662506 43.650002 
141179832677320 -82.068756 84.375000 41.681252 
141179852677320 -81.543755 84.862503 39.693752 
141179872677320 -81.187500 85.537506 37.931252 
141179892677320 -80.850006 86.100006 36.206253 
141179912677320 -80.531250 86.362503 34.631252 
141179932677320 -80.212502 86.643753 33.225002 
141179952677320 -80.062500 86.943756 32.325001 
141179972677320 -80.175003 87.093750 31.350000 
141179992677320 -80.137505 87.150002 30.937502 
141180012677320 -79.987503 87.243752 30.787500 
141180032677320 -79.687500 87.187500 30.750002 
141180052677320 -79.331253 87.187500 31.031252 
141180072677320 -79.200005 87.131256 31.425001 
141180092677320 -78.918755 87.075005 31.856251 
141180112677320 -78.750000 87.150002 32.756252 
141180132677320 -78.581253 86.925003 33.693752 
141180152677320 -78.450005 86.700005 34.668751 
141180172677320 -78.618752 86.625000 35.737503 
141180192677320 -78.937500 86.418755 36.937500 
141180212677320 -79.275002 86.043755 38.025002 
141180232677320 -79.556252 85.593750 39.262501 
141180252677320 -79.987503 85.275002 40.687500 
141180272677320 -80.568756 84.581253 41.925003 
141180292677320 -80.850006 84.037506 43.650002 
141180312677320 -81.281250 83.475006 45.112503 
141180332677320 -81.581253 82.518753 46.668751 
141180352677320 -81.937500 81.656250 48.056252 
141180372677320 -82.200005 80.568756 49.575001 
141180392677320 -82.387505 79.387505 51.412502 
141180412677320 -82.518753 77.943756 53.193752 
141180432677320 -82.068756 76.612503 54.637501 
141180452677320 -81.862503 75.243752 55.931252 
141180472677320 -81.712502 74.400002 57.093754 
141180492677320 -81.618752 73.537506 57.937504 
141180512677320 -81.637505 72.956253 58.556252 
141180532677320 -81.825005 72.768753 59.062504 
141180552677320 -82.256256 73.050003 58.706253 
141180572677320 -82.631256 73.443756 58.050003 
141180592677320 -83.568756 74.306252 57.000004 
141180612677320 -84.431252 75.225006 55.650002 
141180632677320 -85.462502 75.993752 54.018753 
141180652677320 -86.306252 77.156250 52.181252 
141180672677320 -86.850006 78.318756 50.343754 
141180692677320 -87.487503 79.481255 48.262501 
141180712677320 -87.712502 80.568756 46.331253 
141180732677320 -87.806252 81.675003 44.531250 
141180752677320 -87.637505 82.612503 42.581253 
141180772677320 -87.393753 83.512505 40.800003 
141180792677320 -86.606255 84.281250 38.925003 
141180812677320 -86.156250 84.956253 37.425003 
141180832677320 -85.612503 85.443756 35.981251 
141180852677320 -84.881256 85.987503 34.593750 
141180872677320 -84.506256 86.306252 33.243752 
141180892677320 -84.131256 86.775002 31.687502 
141180912677320 -83.981255 86.812500 30.675001 
141180932677320 -83.737503 87.131256 29.568750 
141180952677320 -84.000000 87.225006 29.193750 
141180972677320 -83.981255 87.393753 28.837502 
141180992677320 -84.225006 87.487503 28.462502 
141181012677320 -84.487503 87.468750 28.425001 
141181032677320 -84.431252 87.562500 28.706251 
141181052677320 -84.543755 87.468750 29.531252 
141181072677320 -84.675003 87.262505 30.487501 
141181092677320 -85.012505 86.981255 31.856251 
141181112677320 -85.200005 86.681252 32.868752 
141181132677320 -85.537506 86.118752 34.200001 
141181152677320 -85.837502 85.781250 35.981251 
141181172677320 -86.418755 85.256256 37.706253 
141181192677320 -86.981255 84.450005 39.337502 
141181212677320 -87.487503 83.681252 41.175003 
141181232677320 -87.843750 83.231255 42.918751 
141181252677320 -87.862503 82.331253 45.206253 
141181272677320 -87.675003 81.093750 47.643753 
141181292677320 -87.056252 79.856255 49.950001 
141181312677320 -86.606255 78.337502 52.350002 
141181332677320 -85.575005 76.668755 54.525002 
141181352677320 -84.825005 75.037506 57.075001 
141181372677320 -83.925003 73.387505 59.250004 
141181392677320 -83.250000 71.587502 61.275002 
141181412677320 -82.781250 70.462502 62.118752 
141181432677320 -82.462502 69.918755 62.737503 
141181452677320 -82.593750 69.900002 62.981251 
141181472677320 -82.687500 69.843750 62.756252 
141181492677320 -83.231255 70.443756 62.118752 
141181512677320 -83.718750 71.531250 60.862503 
141181532677320 -84.712502 72.881256 59.343754 
141181552677320 -85.368752 74.568756 57.562504 
141181572677320 -85.987503 75.881256 55.968754 
141181592677320 -86.475006 77.418755 54.281254 
141181612677320 -86.887505 78.712502 52.387501 
141181632677320 -86.906250 80.381256 50.456253 
141181652677320 -86.775002 81.525002 48.675003 
141181672677320 -86.493752 82.575005 46.800003 
141181692677320 -85.462502 83.475006 44.943752 
141181712677320 -84.712502 84.056252 43.125000 
141181732677320 -84.037506 84.787506 41.381252 
141181752677320 -83.550003 85.312500 39.675003 
141181772677320 -82.950005 85.875000 38.306252 
141181792677320 -82.687500 86.212502 36.750000 
141181812677320 -82.293755 86.550003 35.287502 
141181832677320 -81.956253 86.981255 34.387501 
141181852677320 -82.237503 87.093750 33.600002 
141181872677320 -82.218750 87.206253 32.981251 
141181892677320 -82.481255 87.337502 32.718750 
141181912677320 -82.556252 87.450005 32.625000 
141181932677320 -82.781250 87.375000 32.643753 
141181952677320 -82.818756 87.168755 32.906250 
141181972677320 -83.137505 87.093750 33.787502 
141181992677320 -83.400002 86.737503 34.312500 
141182012677320 -83.587502 86.568756 35.231251 
141182032677320 -84.131256 86.381256 36.393753 
141182052677320 -84.225006 86.100006 37.668751 
141182072677320 -84.375000 85.481255 39.243752 
141182092677320 -84.318756 84.843750 40.987503 
141182112677320 -84.768753 83.962502 43.068752 
141182132677320 -84.881256 82.612503 45.393753 
141182152677320 -84.900002 81.243752 48.037502 
141182172677320 -84.825005 79.781250 50.512501 
141182192677320 -84.581253 78.243752 53.231251 
141182212677320 -84.375000 76.443756 55.500004 
141182232677320 -84.281250 74.906250 57.618752 
141182252677320 -84.168755 73.387505 59.418751 
141182272677320 -83.681252 72.075005 61.031254 
141182292677320 -83.400002 71.493752 62.081253 
141182312677320 -83.475006 70.950005 62.475002 
141182332677320 -83.643753 70.687500 62.737503 
141182352677320 -83.831253 70.781250 62.400002 
141182372677320 -84.281250 71.287506 61.912502 
141182392677320 -84.843750 71.868752 61.162502 
141182412677320 -85.556252 72.618752 60.093754 
141182432677320 -86.306252 73.762505 58.425003 
141182452677320 -87.150002 74.981255 56.587502 
141182472677320 -87.637505 76.350006 55.106251 
141182492677320 -87.900002 77.831253 53.137501 
141182512677320 -87.993752 78.918755 51.037502 
141182532677320 -87.825005 80.250000 49.031254 
141182552677320 -87.637505 81.562500 46.968750 
141182572677320 -87.243752 82.650002 44.868752 
141182592677320 -86.887505 83.868752 42.862503 
141182612677320 -86.268753 84.675003 41.081253 
141182632677320 -85.818756 85.425003 39.150002 
141182652677320 -85.425003 85.912506 37.350002 
141182672677320 -85.312500 86.662506 36.225002 
141182692677320 -85.143753 87.018753 35.081253 
141182712677507 -84.900002 87.356255 34.050003 
141182732677299 -84.918755 87.768753 33.618752 
141182752677299 -84.618752 87.787506 33.393753 
141182772677299 -84.543755 87.843750 33.037502 
141182792677299 -84.356255 87.825005 33.093750 
141182812677299 -84.468750 87.731255 33.637501 
141182832677299 -84.375000 87.543755 33.843750 
141182852677299 -84.562500 87.337502 34.425003 
141182872677299 -84.843750 87.056252 35.418751 
141182892677299 -85.275002 86.850006 36.375000 
141182912677299 -85.706253 86.343750 37.837502 
141182932677299 -86.062500 85.668755 39.487503 
141182952677299 -86.981255 84.937500 41.381252 
141182972677299 -87.600006 83.925003 43.387501 
141182992677299 -88.200005 82.875000 45.693752 
141183012677299 -88.500000 81.543755 48.018753 
141183032677299 -88.725006 79.968750 50.231251 
141183052677299 -88.593750 78.168755 52.481251 
141183072677299 -88.481255 76.593750 54.562504 
141183092677299 -88.256256 75.056252 56.437504 
141183112677299 -87.656250 73.575005 57.956253 
141183132677299 -87.056252 72.262505 59.400002 
141183152677299 -86.718750 71.306252 60.431252 
141183172677299 -86.531250 70.537506 61.125004 
141183192677299 -86.400002 70.143753 61.556252 
141183212677299 -86.231255 70.068756 61.518753 
141183232677299 -86.456253 70.143753 60.975002 
141183252677299 -86.850006 70.743752 60.562504 
141183272677299 -87.281250 71.625000 59.662502 
141183292677299 -87.750000 72.712502 58.181252 
141183312677299 -88.125000 73.781250 56.550003 
141183332677299 -88.500000 74.943756 54.825001 
141183352677299 -88.725006 76.312500 52.931252 
141183372677299 -89.118752 77.812500 51.225002 
141183392677299 -88.950005 79.256256 49.462502 
141183412677299 -88.762505 80.437500 47.531250 
141183432677299 -88.218750 81.487503 45.543751 
141183452677299 -87.731255 82.537506 43.762501 
141183472677299 -87.056252 83.475006 41.887501 
141183492677299 -86.437500 84.356255 40.087502 
141183512677299 -85.743752 85.031250 38.606251 
141183532677299 -85.106255 85.593750 37.050003 
141183552677299 -84.712502 86.006256 35.756252 
141183572677299 -84.356255 86.250000 34.312500 
141183592677299 -84.000000 86.643753 33.243752 
141183612677299 -83.850006 86.962502 32.681252 
141183632677299 -83.681252 87.318756 32.662502 
141183652677299 -83.475006 87.487503 32.793751 
141183672677299 -83.193756 87.412506 32.962502 
141183692677299 -83.137505 87.093750 33.618752 
141183712677299 -83.137505 86.962502 34.462502 
141183732677299 -83.306252 87.056252 35.662502 
141183752677299 -83.418755 86.606255 37.087502 
141183772677299 -83.587502 86.156250 38.287502 
141183792677299 -83.831253 85.668755 39.806252 
141183812677299 -84.337502 85.125000 41.512501 
141183832677299 -84.956253 84.393753 43.181252 
141183852677299 -85.537506 83.587502 44.962502 
141183872677299 -86.025002 82.425003 47.062500 
141183892677299 -86.175003 80.981255 49.143753 
141183912677299 -86.475006 79.500000 51.618752 
141183932677299 -86.325005 77.906250 54.056252 
141183952677299 -86.062500 76.143753 56.081253 
141183972677299 -85.762505 74.531250 58.050003 
141183992677299 -85.481255 73.350006 60.000004 
141184012677299 -85.012505 72.150002 61.406254 
141184032677299 -84.618752 71.212502 62.175003 
141184052677299 -84.337502 70.762505 62.868752 
141184072677299 -84.131256 70.781250 62.962502 
141184092677299 -84.375000 71.081253 62.718754 
141184112677299 -84.750000 71.756256 61.912502 
141184132677299 -84.900002 72.806252 60.862503 
141184152677299 -85.087502 74.025002 59.531254 
141184172677299 -85.200005 75.300003 57.862503 
141184192677299 -85.125000 76.875000 56.287502 
141184212677299 -84.918755 78.262505 54.637501 
141184232677299 -84.900002 79.593750 52.837502 
141184252677299 -84.656250 81.037506 50.793751 
141184272677299 -84.337502 82.312500 49.050003 
141184292677299 -84.075005 83.137505 47.100002 
141184312677299 -83.793755 83.925003 44.793751 
141184332677299 -83.812500 84.900002 42.843750 
141184352677299 -83.943756 85.743752 40.800003 
141184372677299 -84.206253 86.381256 38.718750 
141184392677299 -84.225006 86.831253 36.618752 
141184412677299 -84.300003 87.131256 35.100002 
141184432677299 -84.581253 87.300003 33.468750 
141184452677299 -84.937500 87.506256 32.512501 
141184472677299 -85.143753 87.581253 32.043751 
141184492677299 -85.125000 87.450005 31.837502 
141184512677299 -85.200005 87.075005 32.081253 
141184532677299 -85.275002 86.793755 32.343750 
141184552677299 -85.500000 86.550003 33.112503 
141184572677299 -85.650002 86.325005 33.843750 
141184592677299 -85.725006 86.025002 34.968750 
141184612677299 -85.893753 85.575005 35.868752 
141184632677299 -86.156250 85.106255 37.200001 
141184652677299 -86.568756 84.675003 38.662502 
141184672677299 -86.812500 84.243752 40.462502 
141184692677299 -86.943756 83.587502 42.431252 
141184712677299 -87.187500 82.725006 44.718750 
141184732677299 -87.281250 81.412506 47.343750 
141184752677299 -87.318756 80.156250 49.818752 
141184772677299 -87.243752 78.900002 52.518753 
141184792677299 -87.243752 77.287506 54.881252 
141184812677299 -86.868752 75.881256 56.887501 
141184832677299 -86.793755 74.175003 58.406254 
141184852677299 -86.793755 72.956253 59.793751 
141184872677299 -86.643753 72.075005 60.431252 
141184892677299 -86.831253 71.531250 60.656254 
141184912677299 -87.168755 71.381256 60.675003 
141184932677299 -87.581253 71.718750 60.093754 
141184952677299 -87.993752 72.356255 59.268753 
141184972677299 -88.518753 73.275002 58.331253 
141184992677299 -88.893753 74.756256 56.868752 
141185012677299 -89.268753 76.162506 55.031254 
141185032677299 -89.643753 77.531250 53.043751 
141185052677299 -89.625000 78.900002 50.662502 
141185072677299 -89.325005 80.437500 48.150002 
141185092677299 -88.987503 81.843750 45.656250 
141185112677299 -88.350006 83.118752 43.068752 
141185132677299 -87.843750 84.206253 40.537502 
141185152677299 -87.243752 85.087502 37.931252 
141185172677299 -86.718750 85.893753 35.662502 
141185192677299 -86.118752 86.737503 33.393753 
141185212677299 -85.725006 87.656250 31.462502 
141185232677299 -85.481255 88.087502 29.868752 
141185252677299 -85.331253 88.387505 28.781252 
141185272677299 -85.275002 88.800003 27.975000 
141185292677299 -85.312500 88.818756 27.450001 
141185312677299 -85.593750 88.968750 27.468752 
141185332677299 -85.950005 89.025002 27.825001 
141185352677299 -86.193756 88.875000 28.668751 
141185372677299 -86.568756 88.725006 29.606251 
141185392677299 -86.925003 88.500000 30.843752 
141185412677299 -87.000000 88.106255 31.931252 
141185432677299 -87.412506 87.843750 33.262501 
141185452677299 -87.993752 87.712502 34.668751 
141185472677299 -88.162506 87.168755 36.206253 
141185492677299 -88.406250 86.550003 37.762501 
141185512677299 -88.762505 85.875000 39.562500 
141185532677299 -89.231255 84.712502 41.325001 
141185552677299 -89.643753 83.662506 43.462502 
141185572677299 -89.906250 82.593750 45.750000 
141185592677299 -89.925003 81.262505 47.981251 
141185612677299 -89.362503 79.706253 50.587502 
141185632677299 -89.006256 78.150002 53.156254 
141185652677299 -88.293755 76.518753 55.387501 
141185672677299 -87.768753 75.037506 57.093754 
141185692677299 -86.850006 74.156250 58.912502 
141185712677299 -86.381256 73.125000 60.150002 
141185732677299 -86.175003 72.693756 60.900002 
141185752677299 -85.781250 72.487503 61.275002 
141185772677299 -85.987503 72.918755 60.656254 
141185792677299 -86.212502 73.556252 59.550003 
141185812677299 -86.550003 74.831253 58.125004 
141185832677299 -86.925003 76.256256 56.662502 
141185852677299 -87.187500 77.531250 54.843754 
141185872677299 -87.112503 79.256256 52.593754 
141185892677299 -87.056252 80.625000 50.550003 
141185912677299 -87.093750 81.881256 48.112503 
141185932677299 -86.737503 83.062500 46.125000 
141185952677299 -86.512505 84.318756 43.837502 
141185972677299 -86.437500 85.256256 41.831253 
141185992677299 -86.006256 86.081253 39.525002 
141186012677299 -86.043755 86.775002 37.237503 
141186032677299 -85.912506 87.300003 35.362503 
141186052677299 -85.893753 87.712502 33.412502 
141186072677299 -85.800003 88.181252 32.062500 
141186092677299 -85.856255 88.443756 30.900002 
141186112677299 -85.856255 88.575005 30.356251 
141186132677299 -85.781250 88.518753 29.981251 
141186152677299 -86.062500 88.406250 30.150002 
141186172677299 -86.006256 88.312500 30.637501 
141186192677299 -86.400002 88.087502 31.162500 
141186212677299 -86.718750 87.900002 32.100002 
141186232677299 -86.906250 87.843750 33.206253 
141186252677299 -87.262505 87.393753 34.368752 
141186272677299 -87.712502 86.850006 35.662502 
141186292677299 -88.125000 86.325005 37.218750 
141186312677299 -88.331253 85.650002 39.112503 
141186332677299 -88.781250 84.600006 40.931252 
141186352677299 -88.950005 83.643753 43.256252 
141186372677299 -89.025002 82.575005 45.375000 
141186392677299 -89.456253 80.906250 47.700001 
141186412677299 -89.643753 79.500000 49.837502 
141186432677299 -89.643753 77.681252 52.537502 
141186452677299 -89.381256 75.900002 54.937504 
141186472677299 -89.193756 74.137505 57.093754 
141186492677299 -89.100006 72.993752 58.987503 
141186512677299 -88.706253 71.718750 60.300003 
141186532677299 -88.537506 70.837502 61.481251 
141186552677299 -88.425003 70.575005 62.062504 
141186572677299 -88.218750 70.556252 62.325001 
141186592677299 -88.425003 71.137505 61.593754 
141186612677299 -88.706253 72.018753 60.487503 
141186632677299 -88.856255 73.368752 59.175003 
141186652677299 -88.818756 74.887505 57.656254 
141186672677299 -89.025002 76.350006 55.893753 
141186692677299 -88.687500 77.718750 53.775002 
141186712677299 -88.368752 79.031250 51.543751 
141186732677299 -88.087502 80.456253 49.293751 
141186752677299 -87.487503 81.956253 46.875000 
141186772677299 -86.943756 83.175003 44.531250 
141186792677299 -86.550003 84.412506 42.131252 
141186812677299 -86.268753 85.087502 39.750000 
141186832677299 -86.137505 85.818756 37.631252 
141186852677299 -86.231255 86.737503 35.437500 
141186872677299 -86.193756 87.300003 33.731251 
141186892677299 -86.550003 87.675003 32.531250 
141186912677299 -86.681252 87.750000 31.612501 
141186932677299 -87.131256 87.768753 30.937502 
141186952677299 -87.393753 87.693756 30.393751 
141186972677299 -87.562500 87.843750 30.637501 
141186992677299 -87.806252 87.956253 31.031252 
141187012677299 -88.218750 87.637505 31.950001 
141187032677299 -88.725006 87.150002 32.962502 
141187052677299 -89.250000 86.737503 33.806252 
141187072677299 -90.262505 86.343750 35.137501 
141187092677299 -90.825005 85.950005 36.731251 
141187112677299 -91.500000 85.312500 38.643753 
141187132677299 -92.025002 84.525002 40.181252 
141187152677299 -92.606255 83.681252 41.700001 
141187172677299 -93.318756 82.706253 43.425003 
141187192677299 -93.656250 81.918755 45.075001 
141187212677299 -93.693756 80.943756 46.912502 
141187232677299 -93.543755 79.781250 48.562504 
141187252677299 -93.412506 78.881256 50.137501 
141187272677299 -93.525002 77.887505 51.468754 
141187292677299 -93.618752 76.968750 53.137501 
141187312677299 -93.525002 76.162506 54.693752 
141187332677299 -93.225006 75.393753 55.837502 
141187352677299 -93.168755 75.000000 56.925003 
141187372677299 -93.093750 74.756256 57.468754 
141187392677299 -93.018753 74.906250 57.543751 
141187412677299 -93.000000 75.075005 57.281254 
141187432677299 -92.700005 75.618752 56.531254 
141187452677299 -92.493752 76.181252 55.462502 
141187472677299 -92.287506 76.987503 54.075001 
141187492677299 -92.081253 78.262505 52.781254 
141187512677299 -91.800003 79.368752 50.793751 
141187532677299 -91.312500 80.512505 48.956253 
141187552677299 -90.750000 81.581253 47.212502 
141187572677299 -90.506256 82.762505 45.262501 
141187592677299 -90.281250 83.700005 43.218750 
141187612677299 -89.775002 84.825005 41.175003 
141187632677299 -89.606255 85.593750 39.168751 
141187652677299 -89.437500 86.043755 36.693752 
141187672677299 -89.175003 86.606255 35.100002 
141187692677299 -89.343750 87.037506 33.375000 
141187712677299 -89.475006 87.300003 31.875002 
141187732677299 -89.306252 87.375000 30.806252 
141187752677299 -89.287506 87.468750 30.375002 
141187772677299 -89.737503 87.468750 29.850000 
141187792677299 -89.662506 87.637505 29.587502 
141187812677299 -89.568756 87.393753 30.093752 
141187832677299 -89.775002 87.243752 30.637501 
141187852677299 -90.018753 87.225006 31.725000 
141187872677299 -90.131256 86.962502 32.850002 
141187892677299 -90.581253 86.850006 34.031250 
141187912677299 -90.731255 86.400002 35.437500 
141187932677299 -90.731255 85.762505 37.162502 
141187952677299 -91.012505 85.012505 39.075001 
141187972677299 -91.462502 84.431252 40.931252 
141187992677299 -91.818756 83.775002 42.956253 
141188012677299 -91.950005 82.668755 44.943752 
141188032677299 -92.137505 81.693756 47.043751 
141188052677299 -91.987503 80.512505 49.181252 
141188072677299 -91.856255 79.293755 51.243752 
141188092677299 -92.025002 78.262505 53.287502 
141188112677299 -92.043755 76.987503 55.087502 
141188132677299 -91.743752 76.031250 56.718754 
141188152677299 -91.425003 74.981255 57.825001 
141188172677299 -91.350006 74.043755 58.575001 
141188192677299 -91.387505 73.631256 58.950001 
141188212677299 -91.556252 73.275002 59.212502 
141188232677299 -91.875000 73.631256 58.518753 
141188252677299 -91.950005 74.193756 57.581253 
141188272677299 -92.043755 75.281250 56.362503 
141188292677299 -92.137505 76.425003 54.693752 
141188312677299 -92.175003 77.662506 52.837502 
141188332677299 -92.212502 79.312500 50.831253 
141188352677299 -92.025002 80.887505 48.900002 
141188372677299 -91.518753 82.687500 46.443752 
141188392677299 -91.350006 83.943756 44.306252 
141188412677299 -90.843750 84.900002 42.000000 
141188432677299 -90.618752 85.762505 39.731251 
141188452677299 -90.450005 86.662506 37.818752 
141188472677299 -90.281250 87.281250 36.037502 
141188492677299 -89.793755 87.712502 34.312500 
141188512677299 -89.493752 88.031250 32.400002 
141188532677299 -89.812500 88.125000 31.237501 
141188552677299 -89.681252 88.425003 30.581251 
141188572677299 -89.812500 88.706253 30.018751 
141188592677299 -89.850006 88.762505 29.981251 
141188612677299 -89.850006 88.781250 30.037500 
141188632677299 -89.981255 89.025002 30.525002 
141188652677299 -90.168755 89.062500 31.331251 
141188672677299 -90.318756 88.837502 32.381252 
141188692677299 -90.262505 88.612503 33.600002 
141188712677299 -90.262505 88.200005 34.837502 
141188732677299 -90.506256 87.768753 36.168751 
141188752677299 -90.675003 87.375000 37.725002 
141188772677299 -90.918755 86.681252 39.450001 
141188792677299 -91.181252 85.875000 41.325001 
141188812677299 -91.537506 85.050003 43.218750 
141188832677299 -91.706253 84.300003 45.281250 
141188852677299 -91.875000 83.493752 47.400002 
141188872677299 -91.706253 82.425003 49.650002 
141188892677299 -91.518753 81.093750 52.012501 
141188912677299 -91.087502 79.818756 54.056252 
141188932677299 -90.506256 78.693756 56.287502 
141188952677299 -89.962502 77.343750 57.937504 
141188972677299 -89.306252 76.143753 59.737503 
141188992677299 -89.006256 75.262505 61.331253 
141189012677299 -88.500000 74.437500 62.250004 
141189032677299 -88.275002 73.875000 62.793751 
141189052677299 -88.012505 74.025002 63.056252 
141189072677299 -87.825005 74.343750 62.718754 
141189092677299 -87.900002 75.056252 61.668751 
141189112677299 -87.918755 76.256256 60.487503 
141189132677299 -87.937500 77.456253 58.612503 
141189152677299 -87.750000 78.637505 56.718754 
141189172677299 -87.506256 79.781250 54.768753 
141189192677299 -87.243752 81.337502 52.537502 
141189212677299 -86.737503 82.631256 50.287502 
141189232677299 -86.475006 84.000000 48.093754 
141189252677299 -86.137505 85.181252 45.862503 
141189272677299 -86.025002 85.987503 43.856251 
141189292677299 -85.912506 86.925003 41.981251 
141189312677299 -85.837502 87.618752 39.881252 
141189332677299 -86.062500 88.425003 38.156250 
141189352677299 -86.437500 88.668755 36.543751 
141189372677299 -86.981255 89.062500 35.325001 
141189392677299 -87.093750 89.175003 34.612503 
141189412677299 -87.393753 89.100006 34.350002 
141189432677299 -87.375000 89.137505 33.956253 
141189452677299 -87.487503 89.212502 34.031250 
141189472677299 -87.468750 89.343750 34.593750 
141189492677299 -87.431252 89.287506 35.268753 
141189512677299 -87.450005 89.287506 36.150002 
141189532677299 -87.487503 89.006256 37.331253 
141189552677299 -87.843750 88.387505 38.250000 
141189572677299 -88.068756 87.993752 39.393753 
141189592677299 -88.387505 87.600006 40.743752 
141189612677299 -88.781250 86.737503 42.150002 
141189632677299 -89.100006 85.612503 43.800003 
141189652677299 -89.700005 84.562500 45.693752 
141189672677299 -90.018753 83.512505 47.981251 
141189692677299 -90.318756 82.256256 49.631252 
141189712677299 -90.525002 80.906250 51.693752 
141189732677299 -90.825005 79.518753 53.812504 
141189752677299 -90.900002 77.831253 55.950001 
141189772677299 -90.900002 76.500000 57.881252 
141189792677299 -91.200005 75.056252 59.437504 
141189812677299 -91.143753 73.987503 60.543751 
141189832677299 -91.312500 72.937500 61.068752 
141189852677299 -91.275002 72.168755 61.987503 
141189872677299 -91.443756 72.093750 62.306252 
141189892677299 -91.443756 72.000000 62.006252 
141189912677299 -91.537506 72.337502 61.575001 
141189932677299 -91.706253 72.900002 60.675003 
141189952677299 -91.800003 73.893753 59.531254 
141189972677299 -91.837502 75.018753 57.975002 
141189992677299 -91.537506 76.256256 56.287502 
141190012677299 -91.331253 77.700005 54.243752 
141190032677299 -90.768753 79.106255 52.593754 
141190052677299 -90.281250 80.287506 50.475002 
141190072677299 -89.943756 81.562500 48.300003 
141190092677299 -89.193756 82.818756 46.125000 
141190112677299 -88.631256 83.943756 43.762501 
141190132677299 -88.218750 84.675003 41.681252 
141190152677299 -88.031250 85.406250 39.618752 
141190172677299 -88.031250 86.156250 37.387501 
141190192677299 -88.331253 86.418755 35.118752 
141190212677299 -88.537506 86.868752 33.712502 
141190232677299 -88.668755 87.262505 32.493752 
141190252677299 -89.550003 87.450005 31.500002 
141190272677299 -89.943756 87.356255 30.881250 
141190292677299 -90.431252 87.356255 30.581251 
141190312677299 -90.937500 87.187500 30.637501 
141190332677299 -91.275002 86.981255 31.068750 
141190352677299 -91.443756 86.737503 31.518751 
141190372677299 -91.931252 86.362503 32.081253 
141190392677299 -92.325005 85.875000 32.718750 
141190412677299 -92.212502 85.181252 33.712502 
141190432677299 -92.475006 84.768753 34.875000 
141190452677299 -92.587502 84.206253 36.300003 
141190472677299 -92.587502 83.700005 37.743752 
141190492677299 -92.700005 82.706253 39.450001 
141190512677299 -92.850006 81.975006 41.662502 
141190532677299 -92.981255 81.093750 43.743752 
141190552677299 -92.943756 80.231255 45.881252 
141190572677299 -93.112503 79.237503 48.000000 
141190592677299 -93.112503 78.112503 50.193752 
141190612677299 -93.075005 76.762505 52.143753 
141190632677299 -93.243752 75.393753 54.225002 
141190652677299 -92.981255 74.456253 56.137501 
141190672677299 -93.112503 73.425003 57.487503 
141190692677299 -92.943756 72.543755 58.612503 
141190712677299 -92.943756 71.775002 59.362503 
141190732677299 -92.925003 71.512505 59.775002 
141190752677299 -92.925003 71.550003 59.681252 
141190772677299 -92.925003 72.131256 59.268753 
141190792677299 -92.943756 73.031250 58.481251 
141190812677299 -93.393753 73.875000 57.225002 
141190832677299 -93.168755 75.206253 55.481251 
141190852677299 -92.868752 76.706253 53.625004 
141190872677299 -92.381256 78.337502 51.843754 
141190892677299 -91.650002 79.668755 49.818752 
141190912677299 -91.200005 81.075005 47.700001 
141190932677299 -90.600006 82.350006 45.525002 
141190952677299 -89.981255 83.456253 43.143753 
141190972677299 -89.212502 84.600006 40.687500 
141190992677299 -88.968750 85.387505 38.662502 
141191012677299 -88.650002 86.043755 36.675003 
141191032677299 -88.537506 86.437500 34.687500 
141191052677299 -88.725006 86.868752 33.056252 
141191072677299 -88.856255 87.300003 31.912500 
141191092677299 -88.668755 87.618752 30.993752 
141191112677299 -88.687500 87.862503 30.206251 
141191132677299 -88.687500 88.237503 30.150002 
141191152677299 -88.443756 88.218750 30.243752 
141191172677299 -88.368752 88.331253 30.693750 
141191192677299 -88.350006 88.387505 31.406252 
141191212677299 -88.143753 88.368752 32.250000 
141191232677299 -87.881256 87.975006 33.281250 
141191252677299 -88.087502 87.562500 34.462502 
141191272677299 -87.993752 86.868752 36.150002 
141191292677299 -88.087502 86.137505 37.556252 
141191312677299 -88.556252 85.650002 39.393753 
141191332677299 -88.931252 84.937500 41.250000 
141191352677299 -89.100006 84.112503 43.406250 
141191372677299 -89.568756 83.306252 45.600002 
141191392677299 -90.018753 82.312500 47.925003 
141191412677299 -90.112503 81.225006 50.343754 
141191432677299 -90.225006 80.175003 52.443752 
141191452677299 -90.375000 78.731255 54.768753 
141191472677299 -90.037506 77.268753 56.775002 
141191492677299 -89.887505 76.012505 58.725002 
141191512677299 -89.737503 74.868752 60.093754 
141191532677299 -89.681252 73.706253 61.406254 
141191552677299 -89.418755 73.031250 62.006252 
141191572677299 -89.756256 72.581253 62.212502 
141191592677299 -89.887505 72.712502 62.287502 
141191612677299 -90.112503 73.050003 61.818752 
141191632677299 -90.468750 73.706253 60.937504 
141191652677299 -91.068756 74.512505 59.718754 
141191672677299 -91.668755 75.693756 58.368752 
141191692677299 -92.043755 76.893753 56.643753 
141191712677299 -92.456253 78.468750 54.412502 
141191732677299 -92.306252 79.968750 52.350002 
141191752677299 -92.418755 81.375000 49.931252 
141191772677299 -92.100006 82.875000 47.681252 
141191792677299 -91.687500 84.225006 45.450001 
141191812677299 -91.031250 85.312500 42.881252 
141191832677299 -90.412506 86.100006 40.368752 
141191852677299 -89.812500 87.262505 37.987503 
141191872677299 -89.325005 87.768753 36.281250 
141191892677299 -89.062500 88.218750 34.350002 
141191912677299 -88.818756 88.518753 32.962502 
141191932677299 -88.556252 88.668755 31.575001 
141191952677299 -88.668755 88.931252 30.618752 
141191972677299 -88.781250 89.043755 30.168751 
141191992677299 -88.837502 89.250000 30.018751 
141192012677299 -89.025002 89.062500 30.300001 
141192032677299 -89.156250 88.893753 30.656252 
141192052677299 -89.475006 88.781250 31.293751 
141192072677299 -89.700005 88.387505 32.193752 
141192092677299 -90.112503 87.937500 33.356251 
141192112677299 -90.393753 87.862503 34.593750 
141192132677299 -90.581253 87.506256 35.981251 
141192152677299 -91.012505 86.943756 37.593750 
141192172677299 -91.275002 86.268753 39.150002 
141192192677299 -91.350006 85.668755 40.912502 
141192212677299 -91.518753 84.825005 42.862503 
141192232677299 -91.687500 84.056252 44.943752 
141192252677299 -91.875000 83.512505 47.137501 
141192272677299 -91.950005 82.031250 49.350002 
141192292677299 -91.818756 80.887505 51.393753 
141192312677299 -91.687500 79.987503 53.643753 
141192332677299 -91.462502 78.750000 55.631252 
141192352677299 -91.443756 77.400002 57.506252 
141192372677299 -91.181252 76.031250 59.587502 
141192392677299 -90.975006 74.850006 61.181252 
141192412677299 -90.637505 73.575005 62.662502 
141192432677299 -90.393753 72.900002 63.637501 
141192452677299 -90.131256 72.206253 64.087502 
141192472677299 -89.943756 71.793755 64.106255 
141192492677299 -90.150002 71.943756 63.900002 
141192512677299 -90.075005 72.675003 63.337502 
141192532677299 -90.318756 73.800003 62.043751 
141192552677299 -90.468750 75.262505 60.300003 
141192572677299 -90.862503 76.800003 58.050003 
141192592677299 -91.237503 78.431252 55.500004 
141192612677299 -91.818756 80.175003 53.193752 
141192632677299 -92.118752 81.600006 50.662502 
141192652677299 -92.043755 83.193756 48.281254 
141192672677299 -92.456253 84.581253 45.918751 
141192692677299 -92.662506 85.950005 43.443752 
141192712677299 -92.775002 86.700005 41.212502 
141192732677299 -93.018753 87.506256 39.075001 
141192752677299 -93.112503 88.050003 37.368752 
141192772677299 -93.318756 88.593750 35.737503 
141192792677299 -93.862503 89.043755 34.406250 
141192812677299 -94.350006 89.268753 33.243752 
141192832677299 -94.481255 89.118752 32.437500 
141192852677299 -94.650002 88.668755 32.043751 
141192872677299 -94.875000 88.275002 32.081253 
141192892677299 -94.875000 87.768753 32.306252 
141192912677299 -94.781250 87.225006 32.906250 
141192932677299 -94.631256 86.643753 33.768753 
141192952677299 -94.425003 86.137505 34.668751 
141192972677299 -94.481255 85.181252 35.512501 
141192992677299 -94.593750 84.712502 36.243752 
141193012677299 -94.556252 84.168755 37.237503 
141193032677299 -94.818756 83.456253 38.175003 
141193052677299 -94.987503 82.687500 39.412502 
141193072677299 -95.550003 81.881256 40.668751 
141193092677299 -95.868752 80.775002 41.868752 
141193112677299 -96.393753 79.743752 43.387501 
141193132677299 -96.637505 78.843750 45.093750 
141193152677299 -97.087502 77.418755 47.212502 
141193172677299 -97.537506 76.218750 49.031254 
141193192677299 -97.762505 74.868752 51.000004 
141193212677299 -98.212502 73.575005 52.668751 
141193232677299 -98.287506 72.375000 53.850002 
141193252677299 -98.662506 71.343750 55.218754 
141193272677299 -98.681252 70.275002 56.231251 
141193292677299 -98.850006 69.600006 57.131252 
141193312677299 -98.981255 69.225006 57.262501 
141193332677299 -99.206253 69.243752 57.131252 
141193352677299 -99.150002 69.693756 56.381252 
141193372677299 -99.300003 70.406250 55.556252 
141193392677299 -99.318756 71.287506 54.543751 
141193412677299 -99.300003 72.375000 53.118752 
141193432677299 -99.131256 73.425003 51.318752 
141193452677299 -98.681252 74.587502 48.918751 
141193472677299 -98.212502 75.975006 46.856251 
141193492677299 -97.537506 77.212502 44.943752 
141193512677299 -96.993752 78.468750 43.125000 
141193532677299 -96.056252 79.631256 41.118752 
141193552677299 -95.287506 80.775002 39.206253 
141193572677299 -94.443756 81.768753 37.537502 
141193592677299 -93.712502 82.818756 35.625000 
141193612677299 -93.300003 83.793755 34.443752 
141193632677299 -92.475006 84.525002 33.225002 
141193652677299 -91.762505 84.750000 32.062500 
141193672677299 -91.443756 85.106255 31.237501 
141193692677299 -91.068756 85.256256 30.862501 
141193712677299 -90.881256 85.518753 30.712502 
141193732677299 -90.581253 85.593750 30.825001 
141193752677299 -90.262505 85.837502 31.443750 
141193772677299 -89.906250 85.650002 32.006252 
141193792677299 -90.075005 85.443756 32.906250 
141193812677299 -90.168755 85.406250 33.768753 
141193832677299 -90.093750 85.012505 34.950001 
141193852677299 -90.112503 84.675003 36.225002 
141193872677299 -90.131256 83.962502 37.743752 
141193892677299 -90.112503 83.287506 39.150002 
141193912677299 -90.525002 82.518753 40.968750 
141193932677299 -90.731255 81.487503 42.637501 
141193952677299 -90.693756 80.756256 44.606251 
141193972677299 -90.918755 79.500000 46.631252 
141193992677299 -90.881256 78.487503 48.693752 
141194012677299 -91.293755 77.325005 50.681252 
141194032677299 -91.181252 76.087502 52.425003 
141194052677299 -90.825005 74.850006 54.412502 
141194072677299 -90.262505 73.387505 56.025002 
141194092677299 -89.887505 72.412506 57.600002 
141194112677299 -89.512505 71.212502 58.575001 
141194132677299 -88.912506 70.556252 59.493752 
141194152677299 -88.893753 70.143753 59.925003 
141194172677299 -88.162506 70.106255 60.131252 
141194192677299 -87.900002 70.237503 60.131252 
141194212677299 -87.806252 70.987503 59.568752 
141194232677299 -87.993752 72.018753 58.668751 
141194252677299 -87.862503 73.087502 57.693752 
141194272677299 -87.768753 74.418755 56.531254 
141194292677299 -87.731255 75.693756 55.162502 
141194312677299 -87.450005 76.875000 53.606251 
141194332677299 -87.337502 78.075005 51.431252 
141194352677299 -87.168755 79.593750 49.256252 
141194372677299 -87.300003 80.700005 47.006252 
141194392677299 -86.887505 81.843750 44.925003 
141194412677299 -87.075005 82.931252 42.637501 
141194432677299 -87.056252 84.056252 40.143753 
141194452677299 -87.112503 85.068756 37.875000 
141194472677299 -87.093750 86.043755 35.812500 
141194492677299 -87.112503 86.662506 34.293751 
141194512677299 -87.243752 87.112503 33.000000 
141194532677299 -87.168755 87.543755 32.175003 
141194552677299 -87.225006 87.712502 31.500002 
141194572677299 -86.925003 88.087502 31.331251 
141194592677299 -86.812500 88.068756 31.500002 
141194612677299 -86.662506 88.218750 32.043751 
141194632677299 -86.718750 88.143753 32.662502 
141194652677299 -86.906250 88.106255 33.768753 
141194672677299 -86.981255 87.825005 35.043751 
141194692677299 -87.131256 87.318756 36.525002 
141194712677299 -87.487503 86.981255 38.175003 
141194732677299 -88.050003 86.156250 39.637501 
141194752677299 -88.818756 85.500000 41.587502 
141194772677299 -89.362503 84.693756 43.312500 
141194792677299 -89.737503 83.962502 45.056252 
141194812677299 -90.037506 82.893753 46.893753 
141194832677299 -90.075005 82.012505 48.581253 
141194852677299 -90.168755 80.906250 50.118752 
141194872677299 -90.206253 79.800003 51.750004 
141194892677299 -89.925003 78.806252 53.456253 
141194912677299 -89.643753 77.775002 54.806252 
141194932677299 -89.418755 76.762505 56.175003 
141194952677299 -88.893753 75.618752 57.618752 
141194972677299 -88.631256 74.793755 58.518753 
141194992677299 -88.593750 73.893753 59.287502 
141195012677299 -88.781250 73.631256 59.718754 
141195032677299 -88.593750 73.350006 59.700001 
141195052677299 -88.631256 73.500000 59.531254 
141195072677299 -88.575005 73.781250 58.893753 
141195092677299 -88.706253 74.418755 58.162502 
141195112677299 -88.968750 75.393753 56.962502 
141195132677299 -89.025002 76.331253 55.556252 
141195152677299 -89.250000 77.587502 53.943752 
141195172677299 -88.968750 78.750000 52.293751 
141195192677299 -88.762505 79.800003 50.418751 
141195212677299 -88.668755 80.850006 48.393753 
141195232677299 -88.181252 81.993752 46.368752 
141195252677299 -87.656250 82.912506 44.231251 
141195272677299 -87.318756 83.512505 42.131252 
141195292677299 -86.775002 84.562500 40.200001 
141195312677299 -86.100006 85.331253 38.493752 
141195332677299 -85.687500 86.081253 36.881252 
141195352677299 -85.087502 86.981255 35.287502 
141195372677299 -84.637505 87.468750 33.843750 
141195392677299 -84.337502 87.637505 33.112503 
141195412677299 -84.093750 87.956253 32.662502 
141195432677299 -83.456253 88.331253 32.343750 
141195452677299 -83.043755 88.443756 32.325001 
141195472677299 -82.912506 88.350006 32.437500 
141195492677299 -83.006256 88.275002 32.812500 
141195512677299 -83.531250 87.956253 33.487503 
141195532677299 -83.831253 87.900002 34.500000 
141195552677299 -84.225006 87.731255 35.175003 
141195572677299 -84.600006 87.431252 36.018753 
141195592677299 -85.387505 87.037506 37.368752 
141195612677299 -86.381256 86.456253 38.756252 
141195632677299 -87.037506 85.781250 40.125000 
141195652677299 -87.900002 85.106255 41.775002 
141195672677299 -88.612503 84.356255 43.950001 
141195692677299 -89.325005 83.268753 45.937500 
141195712677299 -89.868752 82.256256 48.262501 
141195732677299 -90.243752 81.150002 50.418751 
141195752677299 -90.600006 80.081253 52.312504 
141195772677299 -90.618752 78.843750 54.318752 
141195792677299 -90.731255 77.925003 56.137501 
141195812677299 -90.393753 76.987503 57.450001 
141195832677299 -90.243752 76.200005 58.200001 
141195852677299 -90.075005 75.618752 58.762501 
141195872677299 -90.131256 75.356255 58.968754 
141195892677299 -90.281250 75.431252 58.781254 
141195912677299 -90.562500 75.600006 58.518753 
141195932677299 -90.750000 76.275002 57.637501 
141195952677299 -91.087502 76.987503 56.512501 
141195972677299 -91.368752 77.775002 55.293751 
141195992677299 -91.425003 78.543755 53.906254 
141196012677299 -91.631256 79.818756 52.275002 
141196032677299 -91.593750 80.943756 50.362503 
141196052677299 -91.443756 81.975006 48.131252 
141196072677299 -91.012505 83.118752 45.825001 
141196092677299 -90.806252 84.375000 43.462502 
141196112677299 -90.075005 85.350006 41.193752 
141196132677299 -89.550003 86.475006 38.850002 
141196152677299 -89.512505 87.431252 36.675003 
141196172677299 -89.100006 87.993752 34.556252 
141196192677299 -88.725006 88.481255 32.943752 
141196212677299 -88.500000 88.893753 31.837502 
141196232677299 -88.387505 89.231255 30.787500 
141196252677299 -88.106255 89.287506 30.318750 
141196272677299 -88.481255 89.381256 30.187502 
141196292677299 -88.725006 89.137505 30.450001 
141196312677299 -88.500000 89.175003 30.806252 
141196332677299 -88.443756 88.987503 31.743752 
141196352677299 -88.687500 88.893753 32.606251 
141196372677299 -88.893753 88.387505 33.712502 
141196392677299 -89.231255 87.862503 34.856251 
141196412677299 -89.943756 87.525002 36.168751 
141196432677299 -90.206253 86.906250 37.762501 
141196452677299 -90.675003 86.212502 39.300003 
141196472677299 -91.200005 85.331253 41.118752 
141196492677299 -91.856255 84.525002 42.956253 
141196512677299 -92.456253 83.268753 44.981251 
141196532677299 -93.093750 82.143753 47.006252 
141196552677299 -93.618752 80.887505 49.500004 
141196572677299 -93.637505 79.406250 51.656254 
141196592677299 -93.918755 78.000000 53.475002 
141196612677299 -93.843750 76.612503 55.387501 
141196632677299 -93.768753 75.318756 56.906254 
141196652677299 -93.881256 74.137505 58.331253 
141196672677299 -93.675003 73.312500 59.193752 
141196692677299 -93.637505 72.825005 59.700001 
141196712677299 -93.693756 72.768753 59.531254 
141196732677299 -93.900002 72.918755 58.987503 
141196752677299 -93.806252 73.518753 58.331253 
141196772677299 -93.656250 74.606255 57.056252 
141196792677299 -93.675003 76.031250 55.800003 
141196812677299 -93.187500 77.437500 53.718754 
141196832677299 -92.943756 78.900002 51.806252 
141196852677299 -92.418755 80.437500 49.837502 
141196872677299 -91.612503 81.862503 47.493752 
141196892677299 -90.956253 83.250000 45.393753 
141196912677299 -90.525002 84.562500 42.956253 
141196932677299 -89.962502 85.612503 40.500000 
141196952677299 -89.737503 86.325005 37.875000 
141196972677299 -89.343750 86.868752 35.700001 
141196992677299 -89.137505 87.412506 33.525002 
141197012677299 -88.931252 88.143753 31.800001 
141197032677299 -88.987503 88.387505 30.375002 
141197052677299 -89.100006 88.500000 29.081251 
141197072677299 -89.006256 88.462502 28.631250 
141197092677299 -89.306252 88.237503 28.762501 
141197112677299 -89.137505 87.993752 29.006250 
141197132677299 -89.493752 88.087502 29.568750 
141197152677299 -89.850006 87.825005 30.618752 
141197172677299 -90.356255 87.150002 31.368752 
141197192677299 -90.731255 86.775002 32.550003 
141197212677299 -91.275002 86.250000 33.975002 
141197232677299 -92.043755 85.556252 35.306252 
141197252677299 -92.812500 84.993752 36.825001 
141197272677299 -93.825005 84.431252 38.568752 
141197292677299 -94.762505 83.568756 40.593750 
141197312677299 -95.587502 82.800003 42.375000 
141197332677299 -96.281258 81.750000 44.456253 
141197352677299 -97.143753 80.512505 46.706253 
141197372677299 -97.687508 79.275002 48.825001 
141197392677299 -97.800003 78.112503 50.681252 
141197412677299 -97.800003 76.800003 52.612503 
141197432677299 -97.593758 75.412506 54.112503 
141197452677299 -97.143753 74.193756 55.425003 
141197472677299 -96.750008 73.443756 56.681252 
141197492677299 -96.262505 73.050003 57.525002 
141197512677299 -95.643753 72.750000 57.825001 
141197532677299 -95.231255 72.881256 57.881252 
141197552677299 -95.100006 73.256256 57.543751 
141197572677299 -95.100006 74.006256 56.531254 
141197592677299 -95.137505 75.412506 55.443752 
141197612677299 -95.268753 76.650002 53.868752 
141197632677299 -95.118752 78.056252 51.975002 
141197652677299 -94.837502 79.350006 49.987503 
141197672677299 -94.612503 80.962502 47.850002 
141197692677299 -94.162506 82.275002 45.543751 
141197712677299 -93.637505 83.625000 43.275002 
141197732677299 -93.037506 84.900002 41.062500 
141197752677299 -92.156250 85.668755 39.056252 
141197772677299 -91.425003 86.512505 36.862503 
141197792677299 -90.750000 87.075005 34.875000 
141197812677299 -90.356255 87.637505 33.150002 
141197832677299 -89.925003 88.050003 31.668751 
141197852677299 -89.756256 88.575005 30.487501 
141197872677299 -89.587502 89.006256 29.906252 
141197892677299 -89.418755 88.893753 29.512501 
141197912677299 -89.550003 88.987503 29.643751 
141197932677299 -89.587502 88.912506 30.243752 
141197952677299 -89.925003 88.500000 30.712502 
141197972677299 -90.375000 88.162506 31.650002 
141197992677299 -90.675003 87.806252 32.981251 
141198012677299 -91.012505 87.187500 34.312500 
141198032677299 -91.650002 86.381256 35.625000 
141198052677299 -92.418755 85.762505 37.406250 
141198072677299 -93.225006 85.031250 38.775002 
141198092677299 -94.087502 83.981255 40.387501 
141198112677299 -94.800003 83.325005 42.468750 
141198132677299 -95.287506 82.368752 44.268753 
141198152677299 -95.737503 81.225006 46.200001 
141198172677299 -96.075005 80.156250 48.262501 
141198192677299 -96.337502 79.087502 50.025002 
141198212677299 -96.431252 78.150002 51.543751 
141198232677299 -96.412506 76.968750 53.362503 
141198252677299 -96.468758 75.975006 54.675003 
141198272677299 -96.262505 75.075005 55.931252 
141198292677299 -96.300003 74.418755 56.681252 
141198312677299 -96.600006 74.100006 56.981251 
141198332677299 -96.900002 74.006256 57.000004 
141198352677299 -96.843758 74.175003 56.887501 
141198372677299 -96.900002 74.756256 56.175003 
141198392677299 -96.750008 75.581253 55.012501 
141198412677299 -96.412506 76.725006 53.700001 
141198432677299 -96.075005 77.775002 51.975002 
141198452677299 -95.568756 79.106255 50.512501 
141198472677299 -94.875000 80.493752 48.750004 
141198492677299 -93.937500 81.806252 46.668751 
141198512677299 -93.056252 83.100006 44.475002 
141198532677299 -92.175003 84.112503 42.431252 
141198552677299 -91.387505 85.031250 40.500000 
141198572677299 -90.750000 86.137505 38.531250 
141198592677299 -90.300003 87.000000 36.693752 
141198612677299 -89.868752 87.581253 34.725002 
141198632677299 -89.737503 88.012505 32.906250 
141198652677299 -89.793755 88.293755 31.537500 
141198672677299 -90.300003 88.481255 30.637501 
141198692677299 -91.012505 88.350006 30.543751 
141198712677299 -91.781250 88.125000 30.468752 
141198732677299 -92.643753 87.731255 30.825001 
141198752677299 -93.768753 87.300003 31.293751 
141198772677299 -94.668755 86.868752 32.118752 
141198792677299 -95.568756 86.306252 33.337502 
141198812677299 -96.712502 85.631256 34.668751 
141198832677299 -97.706253 84.993752 36.000000 
141198852677299 -98.493752 84.468750 36.881252 
141198872677299 -99.337502 83.812500 38.062500 
141198892677299 -100.050003 82.987503 39.450001 
141198912677299 -100.368752 82.200005 41.062500 
141198932677299 -100.950005 81.206253 42.637501 
141198952677299 -101.512505 80.043755 43.968750 
141198972677299 -101.718758 79.068756 45.750000 
141198992677299 -101.681252 77.775002 47.475002 
141199012677299 -101.418755 76.537506 49.275002 
141199032677299 -101.175003 75.300003 50.831253 
141199052677299 -100.800003 74.418755 52.218754 
141199072677299 -100.612503 73.800003 53.493752 
141199092677299 -100.200005 73.425003 54.356251 
141199112677299 -99.656258 73.481255 55.031254 
141199132677299 -99.225006 73.687500 54.975002 
141199152677299 -98.868752 74.193756 54.393753 
141199172677299 -98.550003 75.262505 53.681252 
141199192677299 -98.193756 76.631256 52.462502 
141199212677299 -97.968758 77.868752 50.737503 
141199232677299 -97.575005 79.143753 48.618752 
141199252677299 -97.200005 80.231255 46.687500 
141199272677299 -96.562508 81.506256 44.531250 
141199292677299 -95.943756 82.612503 42.131252 
141199312677299 -95.400002 83.887505 39.975002 
141199332677299 -94.837502 84.787506 37.668751 
141199352677299 -94.406250 85.650002 35.587502 
141199372677299 -94.031250 86.250000 33.656250 
141199392677299 -93.618752 86.831253 32.062500 
141199412677299 -93.375000 87.318756 30.525002 
141199432677299 -93.281250 87.618752 29.568750 
141199452677299 -93.112503 87.825005 29.156252 
141199472677299 -93.225006 87.900002 28.950001 
141199492677299 -93.187500 87.768753 28.837502 
141199512677299 -93.037506 87.562500 29.193750 
141199532677299 -92.831253 87.412506 29.756250 
141199552677299 -92.962502 87.131256 30.431252 
141199572677299 -93.281250 86.793755 31.631250 
141199592677299 -94.087502 86.081253 32.737503 
141199612677299 -95.006256 85.462502 33.918751 
141199632677299 -95.756256 84.431252 35.718750 
141199652677299 -96.862503 83.512505 37.762501 
141199672677299 -98.137505 82.350006 39.975002 
141199692677299 -99.300003 81.206253 42.468750 
141199712677299 -100.106255 79.668755 45.150002 
141199732677299 -100.687508 78.243752 47.531250 
141199752677299 -100.743752 76.893753 50.062504 
141199772677299 -100.631256 75.468750 52.350002 
141199792677299 -100.312508 74.437500 54.018753 
141199812677299 -99.956253 73.518753 55.331253 
141199832677299 -99.487503 72.956253 56.100002 
141199852677299 -99.000008 72.712502 56.756252 
141199872677299 -98.625008 72.768753 56.587502 
141199892677299 -98.550003 73.106255 55.800003 
141199912677299 -98.512505 73.743752 54.656254 
141199932677299 -98.456253 74.868752 53.137501 
141199952677299 -98.625008 75.956253 51.431252 
141199972677299 -98.775002 77.287506 49.500004 
141199992677299 -98.512505 78.656250 47.400002 
141200012677299 -98.343758 79.856255 44.981251 
141200032677299 -98.212502 81.225006 42.562500 
141200052677299 -97.687508 82.425003 40.406250 
141200072677299 -97.143753 83.756256 38.081253 
141200092677299 -96.600006 84.581253 35.943752 
141200112677299 -96.075005 85.518753 33.975002 
141200132677299 -95.493752 85.931252 32.231251 
141200152677299 -95.193756 86.175003 30.693750 
141200172677299 -94.875000 86.531250 29.250002 
141200192677299 -94.425003 86.737503 28.087502 
141200212677299 -94.387505 86.981255 27.468752 
141200232677299 -94.368752 87.037506 27.093752 
141200252677299 -94.575005 86.962502 26.943750 
141200272677299 -94.762505 86.906250 27.093752 
141200292677299 -94.950005 86.718750 27.356251 
141200312677299 -95.475006 86.531250 27.918751 
141200332677299 -95.981255 86.268753 28.743752 
141200352677299 -96.581253 85.856255 29.925001 
141200372677299 -97.143753 85.387505 31.218752 
141200392677299 -98.006256 84.675003 32.737503 
141200412677299 -98.700005 84.131256 34.350002 
141200432677299 -99.543755 83.100006 35.962502 
141200452677299 -100.312508 82.031250 38.081253 
141200472677299 -100.856255 80.793755 40.443752 
141200492677299 -101.381256 79.387505 42.806252 
141200512677299 -102.206253 78.056252 45.150002 
141200532677299 -102.675003 76.443756 47.212502 
141200552677299 -102.937508 75.093750 49.312504 
141200572677299 -103.106255 73.762505 51.037502 
141200592677299 -102.993752 72.731255 52.518753 
141200612677299 -102.900002 72.187500 53.418751 
141200632677299 -102.806252 72.131256 53.606251 
141200652677299 -102.937508 71.981255 53.437504 
141200672677299 -102.637505 72.487503 52.800003 
141200692677299 -102.393753 73.425003 51.900002 
141200712677299 -102.150002 74.400002 50.493752 
141200732677299 -101.906258 75.581253 49.031254 
141200752677299 -101.493752 76.987503 47.325001 
141200772677299 -100.725006 78.300003 45.412502 
141200792677299 -99.993752 79.443756 43.462502 
141200812677299 -99.093758 80.962502 41.568752 
141200832677299 -98.268753 81.862503 39.787502 
141200852677299 -97.350006 82.856255 37.856251 
141200872677299 -96.393753 83.737503 35.906250 
141200892677299 -95.475006 84.656250 34.443752 
141200912677299 -94.875000 85.181252 32.868752 
141200932677299 -94.743752 85.781250 31.481251 
141200952677299 -94.200005 86.100006 30.318750 
141200972677299 -93.956253 86.325005 29.606251 
141200992677299 -93.600006 86.662506 28.968752 
141201012677299 -93.750000 86.681252 28.687502 
141201032677299 -94.087502 86.550003 28.762501 
141201052677299 -94.275002 86.231255 28.762501 
141201072677299 -94.425003 86.025002 29.550001 
141201092677299 -94.668755 85.612503 30.393751 
141201112677299 -95.625000 85.500000 31.650002 
141201132677299 -96.431252 85.012505 32.962502 
141201152677299 -97.687508 84.356255 34.631252 
141201172677299 -98.456253 83.512505 36.468750 
141201192677299 -99.093758 82.706253 38.400002 
141201212677299 -99.881256 81.656250 40.893753 
141201232677299 -100.650002 80.681252 43.031250 
141201252677299 -101.137505 79.593750 45.506252 
141201272677299 -101.306252 78.300003 47.775002 
141201292677299 -101.250008 76.950005 49.818752 
141201312677299 -100.912506 75.787506 51.525002 
141201332677299 -100.875008 74.868752 53.062504 
141201352677299 -100.837502 74.268753 54.206253 
141201372677299 -100.968758 73.931252 54.581253 
141201392677299 -100.743752 73.875000 54.731251 
141201412677299 -100.837502 74.156250 53.981251 
141201432677299 -100.743752 74.718750 52.950001 
141201452677299 -100.800003 75.787506 51.712502 
141201472677299 -100.706253 76.875000 50.043751 
141201492677299 -100.462502 78.168755 48.075001 
141201512677299 -100.218758 79.331253 46.162502 
141201532677299 -99.525002 80.568756 44.081253 
141201552677299 -99.000008 81.637505 41.981251 
141201572677299 -98.381256 82.612503 40.068752 
141201592677299 -97.725006 83.512505 38.250000 
141201612677299 -96.918755 84.131256 36.243752 
141201632677299 -96.337502 84.787506 34.706253 
141201652677299 -95.550003 85.143753 33.075001 
141201672677299 -94.762505 85.500000 31.687502 
141201692677299 -94.350006 85.837502 30.618752 
141201712677299 -93.937500 86.006256 29.681252 
141201732677299 -93.375000 86.400002 29.250002 
141201752677299 -92.981255 86.400002 29.043751 
141201772677299 -92.850006 86.662506 29.531252 
141201792677299 -92.456253 86.625000 29.868752 
141201812677299 -92.400002 86.887505 30.712502 
141201832677299 -92.362503 86.962502 31.650002 
141201852677299 -92.606255 86.831253 32.700001 
141201872677299 -92.700005 86.550003 33.881252 
141201892677299 -93.000000 86.006256 35.306252 
141201912677299 -93.693756 85.387505 36.975002 
141201932677299 -94.162506 84.543755 38.325001 
141201952677299 -94.856255 83.643753 40.068752 
141201972677299 -95.587502 82.556252 42.056252 
141201992677299 -96.243752 81.150002 44.062500 
141202012677299 -96.543755 79.893753 46.331253 
141202032677299 -97.162506 78.506256 48.637501 
141202052677299 -97.931252 77.156250 50.512501 
141202072677299 -98.118752 75.900002 52.106251 
141202092677299 -98.587502 74.662506 53.756252 
141202112677299 -98.906258 73.781250 54.975002 
141202132677299 -99.375008 72.862503 55.800003 
141202152677299 -99.712502 72.506256 56.156254 
141202172677299 -100.275002 72.487503 55.818752 
141202192677299 -100.706253 72.712502 55.312504 
141202212677299 -100.818756 72.975006 54.675003 
141202232677299 -101.343758 73.350006 54.075001 
141202252677299 -101.437508 73.650002 53.493752 
141202272677299 -101.831253 73.875000 53.025002 
141202292677299 -101.737503 74.231255 52.931252 
141202312677299 -101.737503 74.268753 52.818752 
141202332677299 -101.587502 74.025002 53.231251 
141202352677299 -101.456253 74.043755 53.400002 
141202372677299 -101.231255 74.175003 53.475002 
141202392677299 -100.893753 74.400002 53.175003 
141202412677299 -100.818756 75.018753 52.668751 
141202432677299 -100.668755 75.675003 51.843754 
141202452677299 -100.368752 76.518753 50.606251 
141202472677299 -100.181252 77.437500 49.687504 
141202492677299 -99.937508 78.262505 48.562504 
141202512677299 -99.618752 78.937500 47.662502 
141202532677299 -99.300003 79.387505 47.100002 
141202552677299 -98.943756 79.968750 47.081253 
141202572677299 -98.287506 80.118752 47.156250 
141202592677299 -97.612503 80.268753 47.793751 
141202612677299 -96.993752 80.325005 48.562504 
141202632677299 -96.131256 80.006256 49.143753 
141202652677299 -95.531250 79.931252 49.837502 
141202672677299 -94.818756 79.687500 50.550003 
141202692677299 -94.368752 79.668755 51.131252 
141202712677299 -93.712502 79.800003 51.375004 
141202732677299 -93.506256 80.043755 51.506252 
141202752677299 -93.131256 80.175003 51.243752 
141202772677299 -92.943756 80.156250 50.943752 
141202792677299 -93.000000 80.625000 50.718754 
141202812677299 -92.718750 80.943756 50.287502 
141202832677299 -92.456253 81.243752 49.987503 
141202852677299 -92.100006 81.375000 49.537502 
141202872677299 -91.837502 81.300003 49.087502 
141202892677299 -91.706253 81.262505 48.975002 
141202912677299 -91.631256 81.243752 48.956253 
141202932677299 -91.481255 81.131256 48.975002 
141202952677299 -91.331253 81.037506 49.200001 
141202972677299 -91.443756 80.775002 49.706253 
141202992677299 -91.781250 80.756256 50.081253 
141203012677299 -92.231255 80.306252 50.550003 
141203032677299 -92.662506 79.856255 51.000004 
141203052677299 -93.037506 79.425003 51.806252 
141203072677299 -93.337502 78.750000 52.368752 
141203092677299 -94.200005 77.775002 53.325001 
141203112677299 -94.781250 76.668755 54.056252 
141203132677299 -95.343750 75.768753 54.637501 
141203152677299 -95.943756 74.737503 55.237503 
141203172677299 -96.300003 74.081253 56.025002 
141203192677299 -96.712502 73.368752 56.718754 
141203212677299 -96.975006 72.787506 56.793751 
141203232677299 -97.500008 72.393753 57.018753 
141203252677299 -97.387505 72.825005 56.381252 
141203272677299 -97.387505 73.500000 55.725002 
141203292677299 -97.218758 74.418755 54.750004 
141203312677299 -97.200005 75.393753 53.512501 
141203332677299 -96.937508 76.612503 51.825001 
141203352677299 -96.675003 77.831253 49.968754 
141203372677299 -96.506256 79.331253 48.000000 
141203392677299 -95.868752 80.700005 45.956253 
141203412677299 -95.456253 81.900002 44.156250 
141203432677299 -95.006256 82.950005 42.037502 
141203452677299 -94.762505 83.850006 40.012501 
141203472677299 -94.106255 84.881256 37.968750 
141203492677299 -93.975006 85.481255 36.262501 
141203512677299 -93.618752 86.193756 34.818752 
141203532677299 -93.000000 86.437500 33.543751 
141203552677299 -92.737503 86.962502 32.643753 
141203572677299 -92.587502 87.431252 31.743752 
141203592677299 -92.700005 87.543755 31.218752 
141203612677299 -92.775002 87.393753 31.012501 
141203632677299 -92.850006 87.187500 31.181252 
141203652677299 -92.775002 87.300003 31.331251 
141203672677299 -92.868752 87.206253 32.006252 
141203692677299 -93.431252 87.150002 32.831253 
141203712677299 -93.768753 86.756256 33.731251 
141203732677299 -94.106255 86.175003 34.650002 
141203752677299 -94.556252 85.537506 35.906250 
141203772677299 -94.931252 85.162506 37.387501 
141203792677299 -95.606255 84.337502 38.850002 
141203812677299 -96.206253 83.343750 40.743752 
141203832677299 -96.675003 82.237503 42.468750 
141203852677299 -96.806252 80.925003 44.512501 
141203872677299 -97.068756 79.706253 46.650002 
141203892677299 -97.350006 78.206253 49.031254 
141203912677299 -97.256256 77.081253 51.281254 
141203932677299 -96.956253 75.712502 53.456253 
141203952677299 -96.600006 74.456253 55.687504 
141203972677299 -96.131256 73.106255 57.375004 
141203992677299 -95.868752 72.187500 58.706253 
141204012677299 -95.662506 71.662506 59.418751 
141204032677299 -95.681252 71.437500 59.475002 
141204052677299 -95.362503 71.700005 59.287502 
141204072677299 -95.156250 72.131256 58.575001 
141204092677299 -95.193756 72.993752 57.393753 
141204112677299 -95.118752 74.062500 55.856251 
141204132677299 -95.268753 75.525002 54.000004 
141204152677299 -95.118752 76.987503 52.012501 
141204172677299 -94.931252 78.393753 49.875004 
141204192677299 -94.406250 80.043755 47.925003 
141204212677299 -93.900002 81.262505 45.581253 
141204232677299 -93.375000 82.612503 43.200001 
141204252677299 -92.906250 83.550003 40.893753 
141204272677299 -92.568756 84.581253 38.493752 
141204292677299 -91.987503 85.350006 36.487503 
141204312677299 -91.706253 86.062500 34.743752 
141204332677299 -91.668755 86.475006 33.487503 
141204352677299 -91.706253 86.550003 32.268753 
141204372677299 -91.875000 86.925003 31.743752 
141204392677299 -92.118752 86.831253 31.837502 
141204412677299 -92.212502 86.906250 32.137501 
141204432677299 -92.306252 86.718750 32.906250 
141204452677299 -92.681252 86.625000 33.825001 
141204472677299 -93.150002 86.437500 34.875000 
141204492677299 -93.300003 86.175003 35.850002 
141204512677299 -93.600006 85.762505 36.806252 
141204532677299 -94.256256 85.275002 37.912502 
141204552677299 -94.781250 84.543755 38.587502 
141204572677299 -95.681252 83.793755 39.600002 
141204592677299 -96.318756 83.062500 40.575001 
141204612677299 -97.012505 82.350006 41.606251 
141204632677299 -97.650002 81.150002 42.487503 
141204652677299 -98.418755 80.025002 43.762501 
141204672677299 -99.131256 78.975006 45.300003 
141204692677299 -99.562508 77.643753 46.612503 
141204712677299 -100.050003 76.462502 48.543751 
141204732677299 -100.575005 75.300003 49.856251 
141204752677299 -101.137505 74.212502 51.506252 
141204772677299 -101.212502 73.106255 52.931252 
141204792677299 -101.231255 72.225006 54.318752 
141204812677299 -101.456253 71.868752 55.125004 
141204832677299 -101.493752 71.512505 55.443752 
141204852677299 -101.437508 72.075005 55.218754 
141204872677299 -101.250008 72.750000 54.393753 
141204892677299 -100.668755 73.668755 53.606251 
141204912677299 -100.162506 74.643753 52.143753 
141204932677299 -99.750008 75.918755 50.550003 
141204952677299 -99.225006 77.475006 48.525002 
141204972677299 -98.400002 78.862503 46.387501 
141204992677299 -97.650002 80.343750 44.343750 
141205012677299 -96.693756 81.543755 42.468750 
141205032677299 -95.887505 82.762505 40.500000 
141205052677299 -95.100006 83.850006 38.381252 
141205072677299 -94.406250 84.675003 36.356251 
141205092677299 -93.900002 85.387505 34.462502 
141205112677299 -93.356255 86.006256 32.756252 
141205132677299 -93.018753 86.625000 31.462502 
141205152677299 -92.812500 87.000000 30.600000 
141205172677299 -92.925003 87.018753 29.943750 
141205192677299 -92.812500 87.225006 29.606251 
141205212677299 -92.812500 87.281250 29.606251 
141205232677299 -92.756256 87.281250 30.018751 
141205252677299 -92.812500 87.131256 30.487501 
141205272677299 -93.281250 86.981255 31.612501 
141205292677299 -93.506256 86.662506 32.793751 
141205312677299 -93.806252 86.212502 33.956253 
141205332677299 -94.087502 85.687500 35.493752 
141205352677299 -94.687500 84.675003 37.143753 
141205372677299 -95.531250 83.531250 38.606251 
141205392677299 -96.243752 82.631256 40.443752 
141205412677299 -97.068756 81.581253 42.450001 
141205432677299 -97.706253 80.400002 44.268753 
141205452677299 -98.381256 78.918755 46.162502 
141205472677299 -98.831253 77.437500 48.075001 
141205492677299 -99.318756 76.162506 50.006252 
141205512677299 -99.637505 75.056252 51.581253 
141205532677299 -99.450005 73.818756 53.662502 
141205552677299 -99.506256 72.693756 55.087502 
141205572677299 -99.337502 71.812500 56.287502 
141205592677299 -99.112503 71.212502 57.281254 
141205612677299 -98.925003 70.781250 57.825001 
141205632677299 -99.037506 70.912506 57.656254 
141205652677299 -98.756256 71.137505 57.168751 
141205672677299 -98.512505 71.756256 56.493752 
141205692677299 -98.512505 72.993752 55.406254 
141205712677299 -98.306252 74.362503 54.075001 
141205732677299 -97.706253 76.181252 51.768753 
141205752677299 -96.881256 77.700005 49.237503 
141205772677299 -96.112503 79.537506 46.725002 
141205792677299 -94.987503 81.450005 44.512501 
141205812677299 -93.975006 83.212502 42.037502 
141205832677299 -93.112503 84.675003 39.656250 
141205852677299 -92.081253 85.725006 37.387501 
141205872677299 -91.068756 86.606255 35.568752 
141205892677299 -90.487503 86.812500 34.612503 
141205912677299 -89.793755 87.431252 33.993752 
141205932677299 -89.306252 87.900002 33.543751 
141205952677299 -88.781250 87.750000 33.318752 
141205972677299 -88.612503 87.750000 33.600002 
141205992677299 -88.387505 87.731255 34.125000 
141206012677299 -88.387505 87.637505 34.687500 
141206032677299 -88.500000 87.562500 35.137501 
141206052677299 -88.425003 87.487503 35.925003 
141206072677299 -88.781250 87.018753 36.581253 
141206092677299 -89.137505 86.643753 37.443752 
141206112677299 -89.587502 86.268753 38.550003 
141206132677299 -90.018753 85.556252 39.806252 
141206152677299 -90.637505 84.825005 41.212502 
141206172677299 -91.443756 84.112503 42.825001 
141206192677299 -92.175003 83.025002 44.512501 
141206212677299 -93.262505 82.031250 46.312500 
141206232677299 -93.956253 80.756256 48.431252 
141206252677299 -94.518753 79.181252 50.606251 
141206272677299 -95.043755 77.493752 52.800003 
141206292677299 -95.475006 75.731255 54.787502 
141206312677299 -95.512505 74.231255 56.587502 
141206332677299 -95.531250 72.900002 58.387501 
141206352677299 -95.681252 71.812500 59.850002 
141206372677299 -95.475006 70.762505 60.693752 
141206392677299 -95.531250 70.387505 61.068752 
141206412677299 -95.606255 70.293755 61.012501 
141206432677299 -95.943756 70.818756 60.187504 
141206452677299 -96.356255 72.000000 59.156254 
141206472677299 -96.975006 73.012505 57.731251 
141206492677299 -96.937508 74.231255 55.856251 
141206512677299 -96.937508 75.600006 53.943752 
141206532677299 -96.881256 77.118752 52.012501 
141206552677299 -96.993752 78.506256 49.950001 
141206572677299 -96.768753 80.212502 47.343750 
141206592677299 -96.393753 81.450005 44.831253 
141206612677299 -95.868752 82.650002 42.150002 
141206632677299 -95.193756 83.737503 39.768753 
141206652677299 -95.043755 84.918755 37.406250 
141206672677299 -94.593750 86.006256 35.043751 
141206692677299 -94.518753 86.756256 33.000000 
141206712677299 -94.087502 87.262505 31.331251 
141206732677299 -93.993752 87.487503 30.412500 
141206752677299 -93.900002 87.693756 29.868752 
141206772677299 -93.937500 87.506256 29.606251 
141206792677299 -94.181252 87.318756 29.456251 
141206812677299 -94.387505 86.962502 29.700001 
141206832677299 -94.743752 86.437500 30.037500 
141206852677299 -94.931252 86.118752 30.468752 
141206872677299 -95.456253 85.931252 31.106251 
141206892677299 -95.962502 85.425003 31.743752 
141206912677299 -96.487503 84.825005 32.775002 
141206932677299 -97.256256 84.243752 33.862503 
141206952677299 -97.893753 83.568756 35.175003 
141206972677299 -98.718758 82.631256 36.600002 
141206992677299 -99.656258 81.918755 38.456253 
141207012677299 -100.368752 80.850006 40.593750 
141207032677299 -101.025002 79.312500 42.843750 
141207052677299 -101.718758 77.756256 45.150002 
141207072677299 -102.075005 76.331253 47.043751 
141207092677299 -102.112503 75.150002 49.312504 
141207112677299 -102.243752 73.875000 51.431252 
141207132677299 -102.056252 72.918755 53.193752 
141207152677299 -101.737503 71.925003 54.543751 
141207172677299 -101.775002 71.175003 55.256252 
141207192677299 -101.437508 71.062500 55.612503 
141207212677299 -101.231255 71.400002 55.706253 
141207232677299 -101.325005 72.093750 55.500004 
141207252677299 -101.362503 72.600006 54.543751 
141207272677299 -101.137505 73.425003 53.250004 
141207292677299 -101.400002 74.175003 51.750004 
141207312677299 -101.268753 75.075005 50.100002 
141207332677299 -100.987503 76.368752 48.356251 
141207352677299 -100.818756 77.531250 46.537502 
141207372677299 -100.200005 78.656250 44.475002 
141207392677299 -99.337502 79.650002 42.600002 
141207412677299 -98.568756 80.737503 40.612503 
141207432677299 -97.800003 81.993752 38.643753 
141207452677299 -96.600006 83.193756 36.712502 
141207472677299 -95.681252 84.300003 35.025002 
141207492677299 -94.593750 85.293755 33.356251 
141207512677299 -93.487503 86.175003 31.593752 
141207532677299 -92.625000 86.737503 30.356251 
141207552677299 -91.987503 87.468750 29.137501 
141207572677299 -91.312500 87.937500 28.331251 
141207592677299 -90.525002 88.162506 27.675001 
141207612677299 -89.981255 88.500000 27.206251 
141207632677299 -89.343750 88.706253 26.606251 
141207652677299 -88.893753 88.687500 26.250002 
141207672677299 -88.650002 88.893753 26.306252 
141207692677299 -88.312500 88.856255 26.043751 
141207712677299 -88.068756 88.725006 25.912500 
141207732677299 -87.806252 88.800003 25.912500 
141207752677299 -87.918755 88.893753 26.006250 
141207772677299 -87.693756 88.800003 26.100000 
141207792677299 -87.787506 88.668755 26.456251 
141207812677299 -87.656250 88.725006 26.681252 
141207832677299 -87.675003 88.537506 26.550001 
141207852677299 -87.900002 88.875000 26.700001 
141207872677299 -87.918755 89.006256 26.662500 
141207892677299 -87.918755 89.006256 26.568750 
141207912677299 -87.806252 89.006256 26.400002 
141207932677299 -87.618752 89.025002 26.118752 
141207952677299 -87.450005 89.212502 25.893751 
141207972677299 -87.450005 89.062500 25.781252 
141207992677299 -87.150002 89.062500 25.612501 
141208012677299 -86.925003 88.725006 25.612501 
141208032677299 -86.718750 88.706253 25.668751 
141208052677299 -86.568756 88.987503 25.481251 
141208072677299 -86.606255 89.118752 25.293751 
141208092677299 -86.681252 89.100006 25.125002 
141208112677299 -86.831253 89.156250 25.012501 
141208132677299 -86.868752 89.175003 24.862501 
141208152677299 -87.131256 89.325005 24.675001 
141208172677299 -87.300003 89.437500 24.262501 
141208192677299 -87.206253 89.287506 23.718750 
141208212677299 -87.375000 88.987503 23.250000 
141208232677299 -87.168755 88.818756 23.100000 
141208252677299 -87.150002 88.893753 23.118752 
141208272677299 -86.981255 88.893753 22.856251 
141208292677299 -87.131256 89.100006 22.650002 
141208312677299 -87.243752 89.062500 22.762501 
141208332677299 -87.412506 89.437500 22.781250 
141208352677299 -87.750000 89.343750 22.856251 
141208372677299 -87.750000 89.437500 22.950001 
141208392677299 -88.106255 89.362503 22.725000 
141208412677299 -88.181252 89.306252 22.368752 
141208432677299 -88.425003 89.231255 22.143751 
141208452677299 -88.650002 89.062500 21.881250 
141208472677299 -88.743752 88.837502 21.562500 
141208492677299 -88.781250 88.443756 21.262501 
141208512677299 -88.706253 88.593750 20.906250 
141208532677299 -88.762505 88.331253 20.587502 
141208552677299 -88.837502 88.312500 20.400002 
141208572677299 -88.968750 88.387505 20.137501 
141208592677299 -88.875000 88.406250 19.968750 
141208612677299 -88.706253 88.368752 19.800001 
141208632677299 -88.462502 88.575005 19.537500 
141208652677299 -88.331253 88.631256 19.368752 
141208672677299 -88.443756 88.556252 19.387501 
141208692677299 -88.650002 88.800003 19.556252 
141208712677299 -88.837502 88.687500 19.631250 
141208732677299 -89.118752 88.481255 19.800001 
141208752677299 -89.306252 88.406250 19.743752 
141208772677299 -89.418755 88.368752 19.687500 
141208792677299 -89.625000 88.275002 20.100000 
141208812677299 -89.681252 88.275002 20.137501 
141208832677299 -89.643753 88.387505 20.343750 
141208852677299 -89.550003 88.462502 20.437500 
141208872677299 -89.118752 88.687500 20.512501 
141208892677299 -88.800003 88.706253 20.606251 
141208912677299 -88.612503 88.800003 21.037500 
141208932677299 -88.518753 88.800003 21.431252 
141208952677299 -88.312500 88.706253 21.375000 
141208972677299 -87.975006 88.687500 21.618752 
141208992677299 -87.806252 88.462502 21.806252 
141209012677299 -87.656250 88.368752 21.993752 
141209032677299 -87.900002 88.293755 22.012501 
141209052677299 -87.825005 88.218750 21.975000 
141209072677299 -87.731255 88.143753 21.900002 
141209092677299 -87.731255 88.275002 21.768751 
141209112677299 -87.825005 88.387505 21.506250 
141209132677299 -88.031250 88.425003 21.431252 
141209152677299 -87.900002 88.537506 21.281250 
141209172677299 -87.675003 88.443756 21.168751 
141209192677299 -87.450005 88.406250 21.281250 
141209212677299 -87.337502 88.293755 21.468750 
141209232677299 -87.243752 88.143753 21.450001 
141209252677299 -87.300003 88.143753 21.600000 
141209272677299 -87.206253 88.050003 21.881250 
141209292677299 -87.281250 88.087502 21.956251 
141209312677299 -87.637505 88.143753 22.050001 
141209332677299 -87.768753 87.975006 21.993752 
141209352677299 -87.862503 88.143753 21.975000 
141209372677299 -88.125000 88.537506 21.956251 
141209392677299 -88.256256 88.706253 21.750000 
141209412677299 -88.068756 88.575005 21.787500 
141209432677299 -88.106255 88.537506 21.581251 
141209452677299 -87.768753 88.518753 21.750000 
141209472677299 -87.393753 88.368752 21.862501 
141209492677299 -87.356255 88.650002 22.012501 
141209512677299 -87.112503 88.518753 22.200001 
141209532677299 -86.793755 88.425003 22.293751 
141209552677299 -86.568756 88.481255 22.368752 
141209572677299 -86.587502 88.500000 22.387501 
141209592677299 -86.512505 88.818756 22.650002 
141209612677299 -86.550003 88.837502 22.668751 
141209632677299 -86.381256 88.968750 22.743752 
141209652677299 -86.212502 88.762505 22.668751 
141209672677299 -86.118752 88.800003 22.575001 
141209692677299 -86.081253 88.575005 22.631250 
141209712677299 -86.137505 88.668755 22.668751 
141209732677299 -86.081253 88.912506 22.612501 
141209752677299 -86.006256 88.725006 22.650002 
141209772677299 -86.100006 88.631256 22.406250 
141209792677299 -86.268753 88.725006 22.218750 
141209812677299 -86.343750 88.706253 22.068750 
141209832677299 -86.418755 88.818756 21.806252 
141209852677299 -86.437500 88.800003 21.543751 
141209872677299 -86.493752 88.668755 21.806252 
141209892677299 -86.268753 88.462502 21.675001 
141209912677299 -86.268753 88.275002 21.543751 
141209932677299 -86.156250 88.368752 21.412500 
141209952677299 -86.381256 88.331253 21.337502 
141209972677299 -86.212502 88.443756 21.356251 
141209992677299 -86.100006 88.443756 21.300001 
141210012677299 -86.006256 88.481255 21.300001 
141210032677299 -85.725006 88.406250 21.056252 
141210052677299 -85.931252 88.350006 21.112501 
141210072677299 -85.912506 88.556252 20.981251 
141210092677299 -85.875000 88.575005 21.093750 
141210112677299 -85.706253 88.743752 21.187500 
141210132677299 -85.762505 88.706253 21.225000 
141210152677299 -85.837502 88.687500 21.543751 
141210172677299 -86.100006 88.743752 21.881250 
141210192677299 -86.212502 88.931252 21.975000 
141210212677299 -86.025002 89.062500 21.918751 
141210232677299 -86.025002 89.137505 22.200001 
141210252677299 -86.025002 89.100006 22.443750 
141210272677299 -85.987503 88.968750 22.631250 
141210292677299 -85.950005 89.043755 22.875000 
141210312677299 -86.100006 88.800003 23.100000 
141210332677299 -85.593750 88.856255 23.193750 
141210352677299 -85.668755 88.537506 23.550001 
141210372677299 -85.893753 88.631256 23.925001 
141210392677299 -86.062500 88.556252 24.093752 
141210412677299 -86.062500 88.462502 24.318750 
141210432677299 -86.175003 88.350006 24.525002 
141210452677299 -86.437500 88.387505 24.731251 
141210472677299 -86.212502 88.556252 24.900002 
141210492677299 -86.456253 88.518753 25.031252 
141210512677299 -86.437500 88.893753 25.106251 
141210532677299 -86.175003 88.725006 25.275002 
141210552677299 -86.081253 88.650002 25.443750 
141210572677299 -86.043755 88.762505 25.781252 
141210592677299 -85.856255 88.706253 26.381250 
141210612677299 -85.706253 88.612503 27.112501 
141210632677299 -85.781250 88.631256 27.806252 
141210652677299 -85.725006 88.500000 28.518751 
141210672677299 -85.687500 88.200005 29.418751 
141210692677299 -85.856255 88.125000 30.431252 
141210712677299 -85.818756 88.012505 31.537500 
141210732677299 -85.781250 87.693756 32.625000 
141210752677299 -85.931252 87.450005 33.656250 
141210772677299 -86.006256 87.168755 34.593750 
141210792677299 -86.456253 86.775002 35.756252 
141210812677299 -87.206253 86.268753 37.031250 
141210832677299 -87.918755 85.631256 38.250000 
141210852677299 -88.800003 84.731255 39.600002 
141210872677299 -89.850006 83.850006 41.025002 
141210892677299 -91.237503 82.912506 42.412502 
141210912677299 -92.287506 81.881256 43.650002 
141210932677299 -93.337502 80.662506 45.262501 
141210952677299 -94.031250 79.462502 46.743752 
141210972677299 -94.706253 78.506256 48.412502 
141210992677299 -95.381256 77.212502 50.118752 
141211012677299 -95.868752 76.012505 51.600002 
141211032677299 -96.018753 74.868752 53.062504 
141211052677299 -95.943756 73.612503 54.412502 
141211072677299 -95.943756 72.825005 55.518753 
141211092677299 -96.168755 72.337502 55.968754 
141211112677299 -96.431252 72.093750 56.175003 
141211132677299 -96.468758 71.868752 55.875004 
141211152677299 -96.581253 72.318756 55.106251 
141211172677299 -96.675003 72.918755 54.150002 
141211192677299 -96.993752 73.987503 52.668751 
141211212677299 -96.975006 75.206253 50.962502 
141211232677299 -97.181252 76.425003 49.050003 
141211252677299 -96.862503 77.531250 47.043751 
141211272677299 -96.675003 78.712502 44.981251 
141211292677299 -96.375008 80.025002 42.881252 
141211312677299 -95.906250 81.056252 40.912502 
141211332677299 -95.193756 82.293755 38.700001 
141211352677299 -94.125000 83.175003 36.787502 
141211372677299 -93.318756 84.056252 34.593750 
141211392677299 -92.493752 84.693756 32.775002 
141211412677299 -91.762505 85.331253 31.181252 
141211432677299 -90.900002 85.668755 29.775002 
141211452677299 -90.281250 85.968750 28.575001 
141211472677299 -89.850006 86.287506 27.581251 
141211492677299 -89.606255 86.306252 27.075001 
141211512677299 -89.812500 86.400002 26.925001 
141211532677299 -89.868752 86.381256 27.356251 
141211552677299 -89.943756 86.268753 28.012501 
141211572677299 -90.243752 86.231255 28.687502 
141211592677299 -90.618752 86.193756 29.400002 
141211612677299 -91.012505 86.118752 30.375002 
141211632677299 -91.312500 85.931252 31.293751 
141211652677299 -91.500000 85.687500 32.400002 
141211672677299 -91.668755 85.125000 33.487503 
141211692677299 -91.968750 84.806252 34.500000 
141211712677299 -92.400002 84.393753 35.531250 
141211732677299 -92.925003 83.587502 37.125000 
141211752677299 -93.356255 82.556252 38.906250 
141211772677299 -94.050003 81.450005 40.687500 
141211792677299 -94.631256 80.193756 42.787502 
141211812677299 -95.625000 78.843750 44.812500 
141211832677299 -96.431252 77.418755 46.893753 
141211852677299 -97.162506 75.637505 48.956253 
141211872677299 -97.650002 74.062500 51.056252 
141211892677299 -97.987503 72.562500 52.837502 
141211912677299 -98.137505 71.718750 54.206253 
141211932677299 -97.950005 70.818756 55.387501 
141211952677299 -97.987503 70.125000 55.968754 
141211972677299 -97.650002 69.956253 56.081253 
141211992677299 -97.312508 70.200005 55.706253 
141212012677299 -97.087502 71.118752 55.087502 
141212032677299 -97.031258 72.018753 53.962502 
141212052677299 -96.900002 73.331253 52.331253 
141212072677299 -96.806252 74.550003 50.681252 
141212092677299 -96.618752 76.050003 48.656254 
141212112677299 -96.225006 77.662506 46.387501 
141212132677299 -95.831253 79.050003 44.287502 
141212152677299 -95.400002 80.475006 41.962502 
141212172677299 -94.987503 81.693756 39.600002 
141212192677299 -94.275002 82.912506 37.312500 
141212212677299 -93.637505 83.831253 35.137501 
141212232677299 -93.262505 84.675003 33.000000 
141212252677299 -92.512505 85.162506 31.068750 
141212272677299 -92.100006 85.650002 29.531252 
141212292677299 -91.668755 85.950005 28.125002 
141212312677299 -91.237503 86.175003 27.225000 
141212332677299 -90.843750 86.250000 26.587502 
141212352677299 -90.862503 86.268753 26.418751 
141212372677299 -90.712502 86.362503 26.568750 
141212392677299 -90.318756 86.475006 26.718752 
141212412677299 -90.468750 86.512505 27.093752 
141212432677299 -90.506256 86.456253 27.637501 
141212452677299 -90.618752 86.512505 28.406252 
141212472677299 -90.806252 86.456253 29.268751 
141212492677299 -91.162506 86.475006 30.187502 
141212512677299 -91.425003 86.306252 31.125002 
141212532677299 -91.931252 85.725006 32.081253 
141212552677299 -92.512505 85.068756 33.468750 
141212572677299 -93.206253 84.393753 35.137501 
141212592677299 -93.825005 83.606255 36.693752 
141212612677299 -94.612503 82.837502 38.531250 
141212632677299 -95.437500 81.656250 40.106251 
141212652677299 -96.131256 80.325005 41.925003 
141212672677299 -96.506256 78.918755 43.743752 
141212692677299 -97.087502 77.756256 45.787502 
141212712677299 -97.762505 76.537506 47.587502 
141212732677299 -98.025002 75.225006 49.087502 
141212752677299 -98.156258 73.893753 51.000004 
141212772677299 -98.193756 72.618752 52.256252 
141212792677299 -98.081253 71.850006 53.493752 
141212812677299 -98.212502 71.493752 53.868752 
141212832677299 -98.175003 71.400002 54.018753 
141212852677299 -97.950005 71.831253 53.550003 
141212872677299 -97.668755 72.412506 52.725002 
141212892677299 -97.593758 73.331253 51.656254 
141212912677299 -97.275002 74.737503 50.025002 
141212932677299 -97.143753 76.087502 48.300003 
141212952677299 -96.862503 77.568756 46.387501 
141212972677299 -96.093758 78.712502 44.737503 
141212992677299 -95.587502 79.781250 42.693752 
141213012677299 -94.931252 80.925003 40.575001 
141213032677299 -94.125000 81.975006 38.681252 
141213052677299 -93.225006 82.856255 36.843750 
141213072677299 -92.625000 83.700005 35.006252 
141213092677299 -91.931252 84.393753 33.281250 
141213112677299 -91.368752 84.862503 31.481251 
141213132677299 -90.975006 85.331253 30.243752 
141213152677299 -90.693756 85.856255 29.400002 
141213172677299 -90.637505 85.893753 28.725000 
141213192677299 -90.862503 86.043755 28.500002 
141213212677299 -91.031250 86.212502 28.331251 
141213232677299 -91.425003 85.856255 28.481251 
141213252677299 -91.593750 85.781250 29.043751 
141213272677299 -92.100006 85.462502 29.756250 
141213292677299 -92.606255 85.218750 30.637501 
141213312677299 -93.131256 84.843750 31.200001 
141213332677299 -93.825005 84.562500 32.100002 
141213352677299 -94.425003 83.943756 32.831253 
141213372677299 -95.306252 83.287506 33.900002 
141213392677299 -96.075005 82.893753 35.025002 
141213412677299 -97.256256 82.218750 36.131252 
141213432677299 -98.100006 81.375000 37.687500 
141213452677299 -99.056252 80.325005 38.925003 
141213472677299 -99.843758 79.425003 40.575001 
141213492677299 -100.368752 78.506256 42.000000 
141213512677299 -101.062508 77.550003 43.462502 
141213532677299 -101.625008 76.575005 45.018753 
141213552677299 -102.206253 75.356255 46.181252 
141213572677299 -102.262505 74.456253 47.231251 
141213592677299 -102.375008 73.931252 47.868752 
141213612677299 -102.543755 73.706253 48.206253 
141213632677299 -102.693756 73.743752 48.243752 
141213652677299 -102.956253 73.987503 48.000000 
141213672677299 -102.956253 74.456253 47.306252 
141213692677299 -102.581253 75.075005 46.068752 
141213712677299 -102.243752 76.293755 44.662502 
141213732677299 -101.606255 77.362503 42.956253 
141213752677299 -100.875008 78.618752 41.175003 
141213772677299 -99.675003 79.837502 39.243752 
141213792677299 -98.306252 81.131256 37.350002 
141213812677299 -96.675003 82.200005 35.606251 
141213832677299 -94.968750 83.531250 34.050003 
141213852677299 -93.318756 84.693756 32.550003 
141213872677299 -91.575005 85.387505 31.218752 
141213892677299 -90.318756 86.343750 29.737501 
141213912677299 -89.043755 86.943756 28.125002 
141213932677299 -88.068756 87.487503 26.831251 
141213952677299 -87.431252 87.750000 25.462502 
141213972677299 -86.737503 87.975006 24.168751 
141213992677299 -86.268753 87.843750 23.043751 
141214012677299 -86.156250 87.750000 22.031250 
141214032677299 -86.043755 87.768753 21.243752 
141214052677299 -85.818756 87.656250 20.643751 
141214072677299 -85.650002 87.600006 20.456251 
141214092677299 -85.818756 87.487503 20.325001 
141214112677299 -85.818756 87.450005 20.418751 
141214132677299 -86.137505 87.525002 20.456251 
141214152677299 -86.156250 87.506256 20.343750 
141214172677299 -86.325005 87.693756 20.287500 
141214192677299 -86.325005 87.881256 20.550001 
141214212677299 -86.400002 87.825005 20.700001 
141214232677299 -86.531250 87.993752 20.400002 
141214252677299 -86.325005 88.031250 20.100000 
141214272677299 -86.250000 87.937500 19.687500 
141214292677299 -85.931252 87.881256 19.481251 
141214312677299 -86.025002 87.918755 19.331251 
141214332677299 -85.743752 87.881256 18.975000 
141214352677299 -85.725006 87.843750 18.525002 
141214372677299 -85.950005 87.768753 18.168751 
141214392677299 -85.968750 87.487503 17.812500 
141214412677299 -86.175003 87.225006 17.550001 
141214432677299 -86.268753 87.281250 17.231251 
141214452677299 -86.568756 87.206253 17.006250 
141214472677299 -86.606255 87.187500 16.818750 
141214492677299 -86.981255 87.225006 16.912500 
141214512677299 -87.168755 87.150002 16.612501 
141214532677299 -87.300003 87.131256 16.500000 
141214552677299 -87.581253 87.112503 16.575001 
141214572677299 -87.543755 87.337502 16.537500 
141214592677299 -87.881256 87.187500 16.650002 
141214612677299 -88.106255 87.018753 16.500000 
141214632677299 -88.256256 86.812500 16.143751 
141214652677299 -88.275002 86.456253 15.825001 
141214672677299 -88.312500 86.456253 15.675000 
141214692677299 -88.237503 86.362503 15.487500 
141214712677299 -88.237503 86.512505 15.225000 
141214732677299 -88.443756 86.568756 15.075001 
141214752677299 -88.368752 86.587502 15.093751 
141214772677299 -88.331253 86.568756 14.981251 
141214792677299 -88.237503 86.775002 15.075001 
141214812677299 -88.162506 87.262505 14.850000 
141214832677299 -88.256256 87.262505 14.812501 
141214852677299 -88.125000 87.375000 14.756250 
141214872677299 -87.993752 87.318756 15.150001 
141214892677299 -87.618752 87.150002 15.112500 
141214912677299 -87.337502 87.337502 14.943750 
141214932677299 -87.075005 87.450005 15.150001 
141214952677299 -86.812500 87.562500 15.468751 
141214972677299 -86.737503 87.281250 15.937501 
141214992677299 -86.512505 87.412506 16.031250 
141215012677299 -86.100006 87.375000 16.406250 
141215032677299 -86.025002 87.431252 16.575001 
141215052677299 -86.250000 87.656250 16.856251 
141215072677299 -86.156250 87.431252 17.043751 
141215092677299 -86.006256 87.525002 17.100000 
141215112677299 -86.043755 87.318756 17.025002 
141215132677299 -85.912506 87.300003 16.950001 
141215152677299 -85.743752 87.131256 16.987501 
141215172677299 -85.856255 87.131256 16.912500 
141215192677299 -85.631256 87.150002 16.650002 
141215212677299 -85.406250 87.037506 16.556252 
141215232677299 -85.275002 87.281250 16.593750 
141215252677299 -85.256256 87.300003 16.518751 
141215272677299 -85.200005 87.412506 16.237501 
141215292677299 -84.862503 87.825005 16.237501 
141215312677299 -84.693756 87.862503 16.200001 
141215332677299 -84.750000 88.125000 16.181252 
141215352677299 -84.750000 88.125000 16.275002 
141215372677299 -84.750000 88.275002 16.575001 
141215392677299 -84.918755 87.956253 16.743752 
141215412677299 -84.862503 88.031250 17.137501 
141215432677299 -84.562500 87.975006 17.512501 
141215452677299 -84.543755 87.543755 17.756250 
141215472677299 -84.431252 87.412506 18.075001 
141215492677299 -84.375000 87.412506 18.225000 
141215512677299 -84.300003 87.468750 18.356251 
141215532677299 -84.168755 87.356255 18.562500 
141215552677299 -83.868752 87.543755 18.506250 
141215572677299 -83.587502 87.450005 18.187500 
141215592677299 -83.606255 87.656250 18.168751 
141215612677299 -83.643753 87.825005 17.962502 
141215632677299 -83.643753 87.956253 17.812500 
141215652677299 -83.456253 88.087502 17.756250 
141215672677299 -83.418755 88.031250 17.868752 
141215692677299 -83.568756 88.050003 17.381250 
141215712677299 -83.700005 88.143753 17.568750 
141215732677299 -84.075005 88.087502 17.643751 
141215752677299 -84.206253 87.806252 17.850000 
141215772677299 -84.393753 87.825005 17.925001 
141215792677299 -84.562500 87.693756 18.000000 
141215812677299 -84.918755 87.356255 17.925001 
141215832677299 -85.162506 87.393753 17.606251 
141215852677299 -85.031250 87.337502 17.737501 
141215872677299 -85.012505 87.131256 17.362501 
141215892677299 -84.806252 87.281250 17.118752 
141215912677299 -84.843750 87.318756 16.781250 
141215932677299 -84.881256 87.281250 16.537500 
141215952677299 -84.787506 87.393753 16.256250 
141215972677299 -84.525002 87.525002 16.218750 
141215992677299 -84.318756 87.468750 16.275002 
141216012677299 -84.243752 87.431252 16.106251 
141216032677299 -84.056252 87.581253 16.162500 
141216052677299 -83.831253 87.581253 16.368752 
141216072677299 -83.775002 87.543755 16.275002 
141216092677299 -83.531250 87.675003 16.312500 
141216112677299 -83.568756 87.825005 16.500000 
141216132677299 -83.568756 87.862503 16.425001 
141216152677299 -83.456253 87.900002 16.481251 
141216172677299 -83.325005 87.975006 16.481251 
141216192677299 -83.268753 87.918755 16.725000 
141216212677299 -83.400002 87.956253 16.575001 
141216232677299 -83.250000 88.143753 16.575001 
141216252677299 -83.325005 87.975006 16.687500 
141216272677299 -83.306252 87.825005 16.762501 
141216292677299 -83.212502 88.031250 16.912500 
141216312677299 -83.193756 87.862503 16.950001 
141216332677299 -83.175003 87.993752 17.156250 
141216352677299 -83.268753 88.162506 16.987501 
141216372677299 -83.287506 88.087502 17.100000 
141216392677299 -83.287506 87.993752 17.287500 
141216412677299 -83.362503 87.993752 17.325001 
141216432677299 -83.193756 87.975006 17.268751 
141216452677299 -83.100006 87.862503 17.175001 
141216472677299 -83.006256 88.012505 17.175001 
141216492677299 -83.156250 87.600006 17.006250 
141216512677299 -83.231255 87.506256 16.987501 
141216532677299 -83.250000 87.525002 16.912500 
141216552677299 -83.381256 87.693756 16.781250 
141216572677299 -83.381256 87.787506 16.968750 
141216592677299 -83.287506 87.768753 16.968750 
141216612677299 -83.362503 87.581253 17.081251 
141216632677299 -83.456253 87.525002 16.893751 
141216652677299 -83.325005 87.862503 17.062500 
141216672677299 -83.156250 87.825005 17.193750 
141216692677299 -83.118752 87.918755 17.193750 
141216712677299 -83.156250 87.900002 17.512501 
141216732677299 -82.987503 87.881256 17.531250 
141216752677299 -83.081253 87.975006 17.737501 
141216772677299 -83.175003 88.087502 17.531250 
141216792677299 -83.325005 88.012505 17.812500 
141216812677299 -83.306252 88.031250 17.793751 
141216832677299 -83.231255 88.012505 17.906250 
141216852677299 -83.268753 87.975006 18.056252 
141216872677299 -83.156250 88.050003 17.718750 
141216892677299 -83.156250 88.181252 17.625000 
141216912677299 -83.250000 88.087502 17.493752 
141216932677299 -83.118752 88.125000 17.606251 
141216952677299 -82.856255 88.275002 17.531250 
141216972677299 -82.987503 88.162506 17.625000 
141216992677299 -83.325005 88.237503 17.400002 
141217012677299 -83.475006 88.050003 17.587502 
141217032677299 -83.568756 88.012505 17.700001 
141217052677299 -83.700005 87.900002 17.850000 
141217072677299 -83.775002 88.050003 17.812500 
141217092677299 -84.243752 87.975006 18.075001 
141217112677299 -84.525002 88.012505 18.168751 
141217132677299 -84.468750 88.087502 18.375000 
141217152677299 -84.506256 88.087502 18.375000 
141217172677299 -84.431252 88.218750 18.206251 
141217192677299 -84.506256 88.162506 18.375000 
141217212677299 -84.581253 88.087502 18.300001 
141217232677299 -84.506256 87.956253 18.412500 
141217252677299 -84.581253 88.050003 18.412500 
141217272677299 -84.712502 87.956253 18.450001 
141217292677299 -84.862503 88.050003 18.618752 
141217312677299 -85.031250 87.993752 18.975000 
141217332677299 -85.556252 88.050003 19.518751 
141217352677299 -85.818756 87.862503 20.212502 
141217372677299 -86.250000 87.900002 20.925001 
141217392677299 -86.850006 87.712502 21.806252 
141217412677299 -87.375000 87.450005 22.893751 
141217432677299 -88.181252 87.600006 23.981251 
141217452677299 -88.931252 87.318756 24.900002 
141217472677299 -89.475006 87.000000 26.193750 
141217492677299 -89.850006 86.700005 27.318750 
141217512677299 -90.468750 86.587502 27.975000 
141217532677299 -90.843750 86.137505 29.043751 
141217552677299 -91.331253 85.987503 30.000002 
141217572677299 -91.706253 85.593750 30.675001 
141217592677299 -91.800003 84.937500 31.725000 
141217612677299 -92.100006 84.600006 32.831253 
141217632677299 -92.493752 84.337502 33.600002 
141217652677299 -92.981255 84.056252 34.687500 
141217672677299 -93.300003 83.643753 36.150002 
141217692677299 -93.806252 83.137505 37.443752 
141217712677299 -94.387505 82.500000 38.568752 
141217732677299 -94.856255 81.918755 40.181252 
141217752677299 -95.493752 81.225006 41.700001 
141217772677299 -96.093758 80.043755 43.518753 
141217792677299 -96.506256 78.825005 45.431252 
141217812677299 -96.693756 77.493752 47.475002 
141217832677299 -97.087502 75.937500 49.200001 
141217852677299 -97.181252 74.625000 50.981251 
141217872677299 -96.918755 73.387505 52.781254 
141217892677299 -96.900002 72.243752 54.262501 
141217912677299 -96.843758 71.250000 55.200001 
141217932677299 -97.050003 70.743752 55.481251 
141217952677299 -97.218758 70.575005 55.950001 
141217972677299 -97.537506 70.537506 55.387501 
141217992677299 -97.612503 71.212502 54.843754 
141218012677299 -97.800003 72.243752 53.662502 
141218032677299 -98.043755 73.275002 52.312504 
141218052677299 -97.912506 74.456253 50.512501 
141218072677299 -97.612503 76.012505 48.656254 
141218092677299 -96.900002 77.493752 47.043751 
141218112677299 -96.206253 78.825005 44.737503 
141218132677299 -95.250000 80.156250 42.825001 
141218152677299 -94.312500 81.225006 40.781250 
141218172677299 -93.675003 82.162506 38.850002 
141218192677299 -92.831253 83.193756 37.068752 
141218212677299 -92.043755 84.018753 35.493752 
141218232677299 -91.218750 84.750000 34.031250 
141218252677299 -90.562500 85.125000 32.381252 
141218272677299 -90.131256 85.687500 31.181252 
141218292677299 -89.906250 86.212502 30.187502 
141218312677299 -89.906250 86.493752 29.531252 
141218332677299 -89.737503 86.625000 29.250002 
141218352677299 -89.681252 86.475006 28.931252 
141218372677299 -89.643753 86.568756 29.062502 
141218392677299 -89.812500 86.362503 29.343752 
141218412677299 -90.075005 86.381256 29.925001 
141218432677299 -90.056252 86.156250 30.768751 
141218452677299 -90.431252 85.556252 31.650002 
141218472677299 -90.431252 85.181252 32.512501 
141218492677299 -90.525002 84.768753 33.468750 
141218512677299 -91.012505 84.393753 34.893753 
141218532677299 -91.500000 83.756256 36.225002 
141218552677299 -91.987503 82.912506 37.725002 
141218572677299 -92.625000 82.125000 39.318752 
141218592677299 -93.300003 81.206253 41.025002 
141218612677299 -93.787506 80.231255 42.900002 
141218632677299 -94.443756 79.218750 44.925003 
141218652677299 -95.118752 77.906250 46.968750 
141218672677299 -95.662506 76.612503 48.618752 
141218692677299 -96.056252 75.412506 50.306252 
141218712677299 -96.581253 74.306252 51.731251 
141218732677299 -96.656258 73.293755 52.987503 
141218752677299 -97.143753 72.168755 53.906254 
141218772677299 -97.218758 71.681252 54.525002 
141218792677299 -97.668755 71.025002 54.900002 
141218812677299 -97.912506 71.156250 54.675003 
141218832677299 -98.025002 71.287506 54.487503 
141218852677299 -98.231255 71.606255 53.737503 
141218872677299 -98.137505 72.393753 52.481251 
141218892677299 -98.343758 73.368752 50.962502 
141218912677299 -98.043755 74.662506 49.387501 
141218932677299 -97.837502 75.843750 47.568752 
141218952677299 -97.256256 77.212502 45.431252 
141218972677299 -96.693756 78.318756 43.706253 
141218992677299 -96.037506 79.781250 41.606251 
141219012677299 -95.137505 80.943756 39.431252 
141219032677299 -94.481255 81.937500 37.687500 
141219052677299 -93.768753 82.818756 35.925003 
141219072677299 -93.112503 83.475006 34.218750 
141219092677299 -92.587502 84.131256 32.493752 
141219112677299 -92.231255 84.656250 31.200001 
141219132677299 -91.931252 85.143753 29.662500 
141219152677299 -91.762505 85.162506 28.631250 
141219172677299 -91.650002 85.462502 28.087502 
141219192677299 -91.650002 85.612503 27.806252 
141219212677299 -91.500000 85.462502 27.900002 
141219232677299 -91.631256 85.462502 27.993752 
141219252677299 -91.593750 85.331253 28.706251 
141219272677299 -91.781250 85.218750 29.325001 
141219292677299 -91.893753 84.843750 30.468752 
141219312677299 -92.100006 84.618752 31.537500 
141219332677299 -92.662506 84.225006 32.756252 
141219352677299 -93.075005 83.681252 34.143753 
141219372677299 -93.618752 83.287506 35.550003 
141219392677299 -94.087502 82.668755 37.031250 
141219412677299 -94.800003 81.881256 38.681252 
141219432677299 -95.175003 80.793755 40.650002 
141219452677299 -95.756256 79.875000 42.562500 
141219472677299 -96.225006 78.618752 44.700001 
141219492677299 -96.300003 77.268753 46.762501 
141219512677299 -96.375008 75.881256 48.637501 
141219532677299 -96.393753 74.437500 50.550003 
141219552677299 -96.393753 73.125000 52.481251 
141219572677299 -96.337502 71.887505 53.943752 
141219592677299 -96.393753 70.781250 55.425003 
141219612677299 -96.150002 70.012505 56.437504 
141219632677299 -95.962502 69.468750 56.962502 
141219652677299 -96.075005 69.206253 57.281254 
141219672677299 -96.318756 69.318756 57.168751 
141219692677299 -96.637505 69.900002 56.568752 
141219712677299 -96.825005 70.556252 55.818752 
141219732677299 -96.806252 71.906250 54.487503 
141219752677299 -96.618752 73.537506 52.481251 
141219772677299 -96.431252 74.756256 50.287502 
141219792677299 -96.018753 76.256256 48.243752 
141219812677299 -95.568756 77.700005 45.862503 
141219832677299 -95.025002 79.200005 43.593750 
141219852677299 -94.312500 80.306252 41.531250 
141219872677299 -93.206253 81.656250 39.112503 
141219892677299 -92.437500 82.462502 37.181252 
141219912677299 -91.687500 83.100006 35.550003 
141219932677299 -91.068756 83.793755 33.956253 
141219952677299 -90.412506 84.450005 32.306252 
141219972677299 -90.018753 85.181252 31.143751 
141219992677299 -89.268753 85.518753 30.168751 
141220012677299 -88.762505 85.912506 29.381250 
141220032677299 -88.762505 86.100006 28.837502 
141220052677299 -88.612503 86.193756 28.668751 
141220072677299 -88.518753 86.287506 28.556252 
141220092677299 -88.368752 86.475006 29.081251 
141220112677299 -88.500000 86.718750 29.812502 
141220132677299 -88.537506 86.418755 30.281252 
141220152677299 -88.781250 86.343750 31.256250 
141220172677299 -89.043755 86.006256 32.025002 
141220192677299 -89.568756 85.668755 33.187500 
141220212677299 -89.868752 85.143753 34.200001 
141220232677299 -90.431252 84.712502 35.662502 
141220252677299 -91.106255 84.300003 36.806252 
141220272677299 -91.800003 83.400002 37.950001 
141220292677299 -92.475006 82.762505 39.637501 
141220312677299 -93.056252 81.881256 41.062500 
141220332677299 -93.468750 80.962502 42.806252 
141220352677299 -93.337502 80.006256 44.456253 
141220372677299 -93.787506 79.143753 46.406250 
141220392677299 -93.956253 78.018753 47.906250 
141220412677299 -93.956253 76.781250 49.556252 
141220432677299 -93.825005 75.862503 51.243752 
141220452677299 -93.506256 75.243752 52.350002 
141220472677299 -93.393753 74.775002 53.381252 
141220492677299 -93.187500 74.793755 53.831253 
141220512677299 -93.281250 75.000000 54.018753 
141220532677299 -92.925003 75.206253 53.512501 
141220552677299 -92.418755 75.843750 53.006252 
141220572677299 -92.137505 76.762505 52.087502 
141220592677299 -92.118752 77.662506 50.756252 
141220612677299 -91.987503 78.281250 49.443752 
141220632677299 -92.043755 78.937500 48.037502 
141220652677299 -92.175003 79.462502 47.137501 
141220672677299 -92.475006 79.443756 46.200001 
141220692677299 -93.018753 79.612503 45.581253 
141220712677299 -93.637505 79.518753 45.187500 
141220732677299 -94.275002 79.162506 45.187500 
141220752677299 -94.706253 78.768753 45.112503 
141220772677299 -95.231255 78.318756 45.712502 
141220792677299 -95.456253 77.943756 46.406250 
141220812677299 -95.868752 77.343750 47.156250 
141220832677299 -96.056252 77.043755 48.056252 
141220852677299 -96.037506 76.781250 48.956253 
141220872677299 -96.093758 76.500000 49.687504 
141220892677299 -95.906250 76.350006 50.156254 
141220912677299 -95.700005 76.256256 50.943752 
141220932677299 -95.606255 76.256256 51.187504 
141220952677299 -95.568756 76.218750 51.093754 
141220972677299 -95.231255 76.518753 50.512501 
141220992677299 -94.875000 76.818756 50.006252 
141221012677299 -94.500000 77.231255 49.162502 
141221032677299 -94.050003 77.700005 48.431252 
141221052677299 -93.618752 77.887505 47.587502 
141221072677299 -93.375000 78.243752 46.950001 
141221092677299 -93.000000 78.525002 46.387501 
141221112677299 -92.812500 78.806252 45.918751 
141221132677299 -92.737503 78.918755 45.862503 
141221152677299 -92.756256 78.975006 45.768753 
141221172677299 -92.962502 78.675003 46.181252 
141221192677299 -93.225006 78.543755 46.293751 
141221212677299 -93.693756 78.562500 46.593750 
141221232677299 -93.937500 78.056252 46.931252 
141221252677299 -94.256256 77.906250 47.212502 
141221272677299 -94.425003 77.700005 47.606251 
141221292677299 -94.837502 77.268753 48.018753 
141221312677299 -94.987503 76.987503 48.356251 
141221332677299 -95.025002 76.931252 48.375004 
141221352677299 -94.875000 76.650002 48.712502 
141221372677299 -94.781250 76.631256 48.937504 
141221392677299 -94.518753 76.781250 48.900002 
141221412677299 -94.387505 76.950005 48.768753 
141221432677299 -94.331253 77.175003 48.712502 
141221452677299 -94.125000 77.550003 48.262501 
141221472677299 -93.712502 77.906250 47.756252 
141221492677299 -93.581253 78.168755 47.400002 
141221512677299 -93.768753 78.393753 46.875000 
141221532677299 -93.862503 78.431252 46.350002 
141221552677299 -94.162506 78.768753 45.975002 
141221572677299 -94.237503 78.656250 45.956253 
141221592677299 -94.406250 78.600006 45.543751 
141221612677299 -94.687500 78.637505 45.487503 
141221632677299 -95.418755 78.506256 45.468750 
141221652677299 -95.718750 78.225006 45.375000 
141221672677299 -95.700005 78.318756 45.562500 
141221692677299 -95.775002 78.337502 45.843750 
141221712677299 -95.925003 78.093750 45.900002 
141221732677299 -96.187508 78.018753 45.993752 
141221752677299 -96.187508 77.868752 46.368752 
141221772677299 -96.018753 77.718750 46.556252 
141221792677299 -95.943756 77.643753 46.762501 
141221812677299 -96.000000 77.887505 47.006252 
141221832677299 -96.018753 77.681252 47.062500 
141221852677299 -95.925003 77.475006 47.193752 
141221872677299 -95.606255 77.512505 47.175003 
141221892677299 -95.381256 77.531250 47.250000 
141221912677299 -95.118752 77.418755 47.062500 
141221932677299 -94.856255 77.587502 47.118752 
141221952677299 -94.556252 77.775002 46.818752 
141221972677299 -94.275002 77.775002 46.762501 
141221992677299 -94.087502 77.850006 46.687500 
141222012677299 -94.031250 78.093750 46.706253 
141222032677299 -94.031250 78.131256 47.043751 
141222052677299 -93.918755 78.337502 46.912502 
141222072677299 -93.900002 78.450005 47.006252 
141222092677299 -93.900002 78.206253 47.100002 
141222112677299 -93.900002 78.206253 47.475002 
141222132677299 -93.900002 78.187500 47.606251 
141222152677299 -94.068756 78.150002 47.606251 
141222172677299 -94.275002 78.093750 47.512501 
141222192677299 -94.387505 78.018753 47.512501 
141222212677299 -94.537506 78.018753 47.512501 
141222232677299 -94.575005 78.093750 47.737503 
141222252677299 -94.968750 78.468750 47.718750 
141222272677299 -94.856255 78.318756 47.775002 
141222292677299 -94.912506 78.318756 47.775002 
141222312677299 -94.818756 78.450005 47.925003 
141222332677299 -94.650002 78.375000 47.812500 
141222352677299 -94.706253 78.506256 47.793751 
141222372677299 -94.593750 78.600006 47.700001 
141222392677299 -94.856255 78.693756 47.550003 
141222412677299 -94.631256 78.525002 47.193752 
141222432677299 -94.893753 78.900002 46.837502 
141222452677299 -94.762505 78.993752 46.743752 
141222472677299 -94.968750 78.993752 46.556252 
141222492677299 -94.725006 79.125000 46.725002 
141222512677299 -94.687500 79.125000 46.575001 
141222532677299 -94.687500 78.937500 46.706253 
141222552677299 -94.575005 78.843750 46.575001 
141222572677299 -94.462502 78.768753 46.743752 
141222592677299 -94.200005 78.450005 46.931252 
141222612677299 -94.368752 78.393753 46.912502 
141222632677299 -94.350006 78.281250 46.931252 
141222652677299 -94.518753 78.056252 46.706253 
141222672677299 -94.537506 77.887505 46.687500 
141222692677299 -94.518753 77.962502 46.425003 
141222712677299 -94.425003 77.981255 46.500000 
141222732677299 -94.556252 77.962502 46.575001 
141222752677299 -94.800003 77.850006 46.631252 
141222772677299 -94.762505 77.850006 46.575001 
141222792677299 -94.837502 77.643753 46.743752 
141222812677299 -94.762505 77.718750 46.818752 
141222832677299 -94.725006 77.812500 46.875000 
141222852677299 -94.743752 77.737503 47.006252 
141222872677299 -94.800003 77.606255 47.100002 
141222892677299 -94.537506 77.550003 47.043751 
141222912677299 -94.331253 77.850006 47.081253 
141222932677299 -94.200005 77.681252 47.043751 
141222952677299 -93.918755 77.868752 46.818752 
141222972677299 -93.768753 77.625000 47.156250 
141222992677299 -93.525002 77.700005 47.456253 
141223012677299 -93.618752 77.737503 47.681252 
141223032677299 -93.731255 77.718750 47.606251 
141223052677299 -93.656250 77.737503 47.718750 
141223072677299 -93.637505 77.568756 47.587502 
141223092677299 -93.600006 77.718750 47.700001 
141223112677299 -93.562500 77.793755 47.681252 
141223132677299 -93.637505 78.018753 47.568752 
141223152677299 -93.750000 78.075005 47.212502 
141223172677299 -93.731255 78.131256 46.931252 
141223192677299 -93.562500 78.150002 46.856251 
141223212677299 -93.712502 78.018753 46.668751 
141223232677299 -93.787506 78.056252 46.537502 
141223252677299 -93.806252 77.943756 46.518753 
141223272677299 -94.050003 77.943756 46.518753 
141223292677299 -94.237503 78.037506 46.387501 
141223312677299 -94.275002 77.981255 46.312500 
141223332677299 -94.293755 77.925003 46.387501 
141223352677299 -94.481255 77.775002 46.443752 
141223372677299 -94.650002 77.962502 46.350002 
141223392677299 -94.818756 77.906250 46.481251 
141223412677299 -95.006256 77.662506 46.387501 
141223432677299 -94.856255 77.475006 46.387501 
141223452677299 -94.931252 77.437500 46.425003 
141223472677299 -95.006256 77.400002 46.462502 
141223492677299 -94.743752 77.193756 46.462502 
141223512677299 -94.837502 77.287506 46.406250 
141223532677299 -94.987503 77.156250 46.368752 
141223552677299 -95.137505 77.006256 46.125000 
141223572677299 -95.493752 77.081253 46.312500 
141223592677299 -95.850006 77.081253 46.481251 
141223612677299 -96.187508 77.137505 46.106251 
141223632677299 -96.543755 76.875000 45.750000 
141223652677299 -97.237503 76.968750 45.243752 
141223672677299 -97.368752 76.856255 44.793751 
141223692677299 -97.537506 77.025002 44.512501 
141223712677299 -97.575005 77.137505 44.343750 
141223732677299 -97.481255 77.325005 43.500000 
141223752677299 -97.387505 77.512505 42.825001 
141223772677299 -97.425003 77.493752 42.375000 
141223792677299 -97.087502 77.831253 41.925003 
141223812677299 -96.693756 78.206253 41.531250 
141223832677299 -96.168755 78.825005 41.006252 
141223852677299 -95.831253 79.218750 40.200001 
141223872677299 -95.381256 79.781250 39.300003 
141223892677299 -94.912506 80.381256 38.550003 
141223912677299 -94.518753 80.925003 37.593750 
141223932677299 -94.050003 81.600006 36.675003 
141223952677299 -93.900002 82.200005 35.662502 
141223972677299 -93.731255 82.668755 34.912502 
141223992677299 -93.693756 82.987503 34.312500 
141224012677299 -93.618752 82.987503 33.918751 
141224032677299 -93.656250 83.043755 33.637501 
141224052677299 -93.918755 83.100006 33.693752 
141224072677299 -94.387505 83.081253 34.031250 
141224092677299 -94.556252 82.650002 34.575001 
141224112677299 -94.968750 82.050003 36.187500 
141224132677299 -95.343750 81.187500 37.762501 
141224152677299 -95.868752 80.212502 39.618752 
141224172677299 -96.412506 79.462502 41.737503 
141224192677299 -96.712502 78.468750 43.893753 
141224212677299 -96.656258 77.137505 46.050003 
141224232677299 -96.581253 75.806252 48.543751 
141224252677299 -96.412506 74.587502 50.756252 
141224272677299 -96.037506 73.425003 52.143753 
141224292677299 -95.568756 72.712502 53.343754 
141224312677299 -95.137505 72.262505 54.187504 
141224332677299 -94.575005 71.887505 54.543751 
141224352677299 -94.143753 71.943756 54.750004 
141224372677299 -93.843750 72.506256 54.412502 
141224392677299 -93.543755 73.162506 53.381252 
141224412677299 -93.131256 74.156250 52.387501 
141224432677299 -92.793755 75.468750 51.131252 
141224452677299 -92.568756 76.668755 49.612503 
141224472677299 -92.100006 77.868752 48.150002 
141224492677299 -91.406250 79.068756 46.537502 
141224512677299 -90.937500 80.100006 44.850002 
141224532677299 -90.393753 81.150002 43.106251 
141224552677299 -89.643753 82.181252 41.437500 
141224572677299 -89.456253 83.043755 39.675003 
141224592677299 -88.875000 83.662506 37.987503 
141224612677299 -88.500000 84.225006 36.206253 
141224632677299 -88.312500 84.637505 34.387501 
141224652677299 -88.387505 85.125000 33.075001 
141224672677299 -88.331253 85.443756 31.818750 
141224692677299 -88.368752 85.593750 30.937502 
141224712677299 -88.631256 85.800003 30.262501 
141224732677299 -88.650002 85.856255 29.906252 
141224752677299 -89.081253 85.856255 29.868752 
141224772677299 -89.268753 85.781250 30.131250 
141224792677299 -89.568756 85.762505 30.731251 
141224812677299 -89.756256 85.500000 30.937502 
141224832677299 -90.037506 85.350006 31.593752 
141224852677299 -90.487503 85.012505 32.306252 
141224872677299 -91.050003 84.618752 33.243752 
141224892677299 -91.500000 84.187500 34.350002 
141224912677299 -91.875000 83.643753 35.343750 
141224932677299 -92.643753 83.212502 36.993752 
141224952677299 -93.150002 82.537506 38.437500 
141224972677299 -93.693756 81.675003 40.331253 
141224992677299 -94.181252 80.662506 42.056252 
141225012677299 -94.743752 79.668755 43.950001 
141225032677299 -94.950005 78.525002 45.750000 
141225052677299 -95.100006 77.118752 47.643753 
141225072677299 -95.456253 75.806252 49.425003 
141225092677299 -95.325005 74.418755 50.850002 
141225112677299 -95.343750 73.162506 52.331253 
141225132677299 -95.156250 72.037506 53.587502 
141225152677299 -94.987503 71.081253 54.693752 
141225172677299 -94.762505 70.425003 55.612503 
141225192677299 -94.668755 69.975006 56.062504 
141225212677299 -95.100006 70.087502 56.006252 
141225232677299 -95.306252 70.275002 55.912502 
141225252677299 -95.643753 71.025002 55.331253 
141225272677299 -95.906250 71.887505 54.356251 
141225292677299 -96.375008 72.975006 53.006252 
141225312677299 -96.675003 74.081253 51.618752 
141225332677299 -96.637505 75.075005 49.668751 
141225352677299 -96.506256 76.106255 47.962502 
141225372677299 -96.037506 77.137505 46.200001 
141225392677299 -95.418755 78.393753 44.212502 
141225412677299 -95.006256 79.068756 42.150002 
141225432677299 -94.500000 80.081253 40.350002 
141225452677299 -93.787506 81.018753 38.700001 
141225472677299 -93.318756 81.956253 36.806252 
141225492677299 -93.037506 82.950005 35.231251 
141225512677299 -92.906250 83.512505 33.468750 
141225532677299 -92.737503 84.112503 31.762501 
141225552677299 -92.550003 84.412506 30.468752 
141225572677299 -92.362503 84.862503 29.268751 
141225592677299 -92.456253 84.787506 28.237501 
141225612677299 -92.531250 84.825005 27.487501 
141225632677299 -92.831253 84.918755 27.056252 
141225652677299 -92.981255 84.693756 27.018751 
141225672677299 -93.056252 84.825005 27.093752 
141225692677299 -93.150002 84.843750 27.712502 
141225712677299 -93.431252 84.618752 28.293751 
141225732677299 -93.543755 84.356255 28.950001 
141225752677299 -93.693756 84.168755 30.075001 
141225772677299 -94.143753 83.981255 31.050001 
141225792677299 -94.218750 83.456253 32.231251 
141225812677299 -94.593750 83.081253 33.412502 
141225832677299 -94.987503 82.500000 34.968750 
141225852677299 -95.418755 81.543755 36.450001 
141225872677299 -95.906250 80.850006 38.306252 
141225892677299 -96.337502 79.912506 40.462502 
141225912677299 -96.468758 78.993752 42.431252 
141225932677299 -96.468758 78.037506 44.756252 
141225952677299 -96.600006 76.837502 47.006252 
141225972677299 -96.393753 75.487503 49.181252 
141225992677299 -96.131256 74.268753 51.281254 
141226012677299 -95.775002 73.462502 53.062504 
141226032677299 -95.475006 72.468750 54.637501 
141226052677299 -95.231255 71.793755 55.912502 
141226072677299 -95.156250 71.137505 56.925003 
141226092677299 -95.137505 70.425003 57.543751 
141226112677299 -95.006256 70.518753 57.562504 
141226132677299 -95.175003 70.706253 57.187504 
141226152677299 -95.418755 71.137505 56.418751 
141226172677299 -95.662506 71.718750 55.312504 
141226192677299 -95.812500 72.750000 54.056252 
141226212677299 -95.887505 73.818756 52.575001 
141226232677299 -96.075005 75.131256 50.700001 
141226252677299 -96.168755 76.443756 48.881252 
141226272677299 -96.075005 77.456253 47.156250 
141226292677299 -95.793755 78.843750 45.356251 
141226312677299 -95.156250 80.025002 43.518753 
141226332677299 -94.725006 81.112503 41.718750 
141226352677299 -94.181252 82.012505 39.787502 
141226372677299 -93.581253 83.081253 38.025002 
141226392677299 -92.718750 83.868752 36.225002 
141226412677299 -92.156250 84.637505 34.443752 
141226432677299 -91.687500 85.275002 32.681252 
141226452677299 -91.331253 85.800003 31.275002 
141226472677299 -91.275002 86.306252 29.981251 
141226492677299 -91.256256 86.512505 28.800001 
141226512677299 -91.143753 86.718750 27.975000 
141226532677299 -91.181252 86.662506 27.262501 
141226552677299 -91.425003 86.456253 26.981251 
141226572677299 -91.425003 86.418755 27.075001 
141226592677299 -91.800003 86.325005 27.393751 
141226612677299 -92.137505 86.100006 27.937502 
141226632677299 -92.306252 85.743752 28.462502 
141226652677299 -92.400002 85.425003 29.418751 
141226672677299 -92.756256 85.181252 30.375002 
141226692677299 -93.262505 84.956253 31.406252 
141226712677299 -93.712502 84.562500 32.775002 
141226732677299 -94.387505 83.925003 33.956253 
141226752677299 -94.950005 83.100006 35.681252 
141226772677299 -95.437500 82.256256 37.181252 
141226792677299 -95.887505 81.075005 39.243752 
141226812677299 -96.675003 80.081253 41.400002 
141226832677299 -97.012505 79.068756 43.631252 
141226852677299 -97.275002 77.812500 45.731251 
141226872677299 -97.612503 76.706253 47.718750 
141226892677299 -97.500008 75.525002 49.593754 
141226912677299 -97.312508 74.775002 51.206253 
141226932677299 -97.218758 73.875000 52.781254 
141226952677299 -97.237503 73.350006 53.868752 
141226972677299 -97.087502 72.675003 54.675003 
141226992677299 -97.125008 72.018753 54.881252 
141227012677299 -97.181252 71.625000 55.256252 
141227032677299 -97.256256 71.718750 55.256252 
141227052677299 -97.706253 72.168755 54.881252 
141227072677299 -98.100006 72.431252 54.075001 
141227092677299 -98.381256 73.031250 53.062504 
141227112677299 -98.587502 74.006256 51.825001 
141227132677299 -98.343758 75.187500 50.212502 
141227152677299 -98.062508 76.350006 48.693752 
141227172677299 -97.725006 77.456253 46.856251 
141227192677299 -97.087502 78.431252 44.793751 
141227212677299 -96.093758 79.406250 42.900002 
141227232677299 -95.062500 80.700005 41.250000 
141227252677299 -94.200005 81.637505 39.525002 
141227272677299 -93.168755 82.406250 38.081253 
141227292677299 -92.287506 83.268753 36.637501 
141227312677299 -91.462502 83.943756 35.250000 
141227332677299 -90.843750 84.562500 33.975002 
141227352677299 -90.187500 85.125000 33.131252 
141227372677299 -89.906250 85.500000 32.381252 
141227392677299 -89.756256 85.575005 31.481251 
141227412677299 -89.400002 85.875000 30.862501 
141227432677299 -89.100006 86.100006 30.225000 
141227452677299 -89.231255 86.081253 30.018751 
141227472677299 -89.400002 86.118752 30.000002 
141227492677299 -89.325005 86.381256 30.262501 
141227512677299 -89.587502 86.231255 30.468752 
141227532677299 -89.831253 86.212502 30.918751 
141227552677299 -90.056252 85.931252 31.293751 
141227572677299 -90.562500 85.593750 32.118752 
141227592677299 -91.462502 85.106255 33.131252 
141227612677299 -92.081253 84.525002 34.200001 
141227632677299 -92.718750 83.906250 35.512501 
141227652677299 -93.468750 83.137505 36.675003 
141227672677299 -94.237503 82.406250 37.912502 
141227692677299 -94.950005 81.675003 39.206253 
141227712677299 -95.737503 81.168755 40.931252 
141227732677299 -96.225006 80.437500 42.525002 
141227752677299 -96.375008 79.706253 44.043751 
141227772677299 -96.806252 78.862503 45.693752 
141227792677299 -97.106255 77.850006 47.250000 
141227812677299 -97.125008 76.650002 49.068752 
141227832677299 -97.068756 75.375000 50.775002 
141227852677299 -96.675003 74.250000 52.481251 
141227872677299 -96.487503 73.162506 53.943752 
141227892677299 -96.262505 72.037506 55.275002 
141227912677299 -96.187508 71.193756 56.287502 
141227932677299 -95.737503 70.743752 56.887501 
141227952677299 -95.625000 70.556252 57.318752 
141227972677299 -95.512505 70.668755 57.150002 
141227992677299 -95.343750 71.156250 56.981251 
141228012677299 -95.531250 71.925003 56.006252 
141228032677299 -95.231255 72.787506 54.956253 
141228052677299 -94.912506 73.893753 53.606251 
141228072677299 -94.800003 75.150002 52.106251 
141228092677299 -94.818756 76.181252 50.568752 
141228112677299 -94.275002 77.268753 48.768753 
141228132677299 -93.843750 78.356255 47.081253 
141228152677299 -93.262505 79.593750 45.187500 
141228172677299 -92.456253 80.400002 43.856251 
141228192677299 -91.762505 81.337502 42.168751 
141228212677299 -91.181252 82.256256 40.537502 
141228232677299 -90.581253 82.837502 38.981251 
141228252677299 -89.681252 83.493752 37.368752 
141228272677299 -88.968750 84.243752 36.018753 
141228292677299 -88.443756 84.862503 34.837502 
141228312677299 -88.125000 85.331253 33.843750 
141228332677299 -87.768753 85.650002 32.625000 
141228352677299 -87.637505 85.668755 32.025002 
141228372677299 -87.543755 85.762505 31.818750 
141228392677299 -87.262505 85.856255 31.893751 
141228412677299 -87.262505 86.118752 32.081253 
141228432677299 -87.337502 85.912506 32.250000 
141228452677299 -87.712502 85.631256 32.756252 
141228472677299 -87.825005 85.237503 33.393753 
141228492677299 -88.012505 84.881256 34.368752 
141228512677299 -88.312500 84.656250 35.437500 
141228532677299 -88.406250 84.337502 36.356251 
141228552677299 -88.650002 83.887505 37.556252 
141228572677299 -89.006256 83.343750 39.056252 
141228592677299 -89.343750 82.781250 40.631252 
141228612677299 -89.306252 82.181252 41.962502 
141228632677299 -89.737503 81.525002 43.500000 
141228652677299 -90.000000 80.643753 45.056252 
141228672677299 -90.168755 79.706253 46.631252 
141228692677299 -90.543755 78.637505 48.281254 
141228712677299 -90.900002 77.381256 49.762501 
141228732677299 -91.012505 75.993752 51.262501 
141228752677299 -91.087502 74.831253 52.743752 
141228772677299 -91.293755 73.743752 54.393753 
141228792677299 -91.012505 72.675003 55.968754 
141228812677299 -91.106255 71.943756 57.356251 
141228832677299 -90.881256 70.950005 58.368752 
141228852677299 -90.862503 70.293755 59.193752 
141228872677299 -90.768753 70.050003 59.793751 
141228892677299 -90.506256 69.956253 60.243752 
141228912677299 -90.356255 70.162506 60.187504 
141228932677299 -90.412506 70.500000 59.868752 
141228952677299 -90.525002 71.025002 59.006252 
141228972677299 -90.468750 71.643753 58.237503 
141228992677299 -90.487503 72.693756 57.356251 
141229012677299 -90.093750 73.893753 56.193752 
141229032677299 -89.550003 75.131256 54.862503 
141229052677299 -89.400002 76.218750 53.156254 
141229072677299 -88.950005 77.381256 51.693752 
141229092677299 -88.275002 78.543755 49.931252 
141229112677299 -87.506256 79.800003 48.468754 
141229132677299 -86.812500 80.981255 46.762501 
141229152677299 -85.987503 82.125000 45.187500 
141229172677299 -85.481255 83.100006 43.443752 
141229192677299 -85.275002 83.756256 41.831253 
141229212677299 -84.918755 84.618752 40.275002 
141229232677299 -84.937500 85.387505 38.831253 
141229252677299 -84.525002 85.968750 37.762501 
141229272677299 -84.637505 86.250000 36.937500 
141229292677299 -84.487503 86.625000 36.168751 
141229312677299 -84.731255 86.681252 35.418751 
141229332677299 -84.693756 86.643753 35.156250 
141229352677299 -84.750000 86.831253 35.100002 
141229372677299 -84.712502 86.625000 35.362503 
141229392677299 -84.862503 86.362503 35.962502 
141229412677299 -85.218750 86.343750 36.581253 
141229432677299 -85.293755 86.175003 36.843750 
141229452677299 -85.818756 85.893753 37.462502 
141229472677299 -85.950005 85.612503 38.381252 
141229492677299 -86.325005 85.368752 39.487503 
141229512677299 -86.400002 84.750000 40.668751 
141229532677299 -86.587502 84.300003 41.925003 
141229552677299 -86.681252 83.587502 43.181252 
141229572677299 -86.568756 82.612503 44.625000 
141229592677299 -86.531250 81.675003 46.575001 
141229612677299 -86.418755 80.643753 48.318752 
141229632677299 -86.531250 79.556252 49.987503 
141229652677299 -86.437500 78.243752 51.731251 
141229672677299 -86.212502 77.193756 53.587502 
141229692677299 -86.193756 76.162506 55.125004 
141229712677299 -85.706253 75.093750 56.756252 
141229732677299 -85.500000 73.968750 58.068752 
141229752677299 -85.312500 73.031250 59.062504 
141229772677299 -84.862503 72.112503 59.943752 
141229792677299 -84.543755 71.268753 60.862503 
141229812677299 -84.431252 70.800003 61.350002 
141229832677299 -84.768753 70.256256 61.481251 
141229852677299 -84.900002 70.406250 61.893753 
141229872677299 -85.331253 70.443756 61.668751 
141229892677299 -85.987503 70.968750 61.143753 
141229912677299 -86.812500 71.756256 60.356251 
141229932677299 -87.637505 72.618752 59.362503 
141229952677299 -88.200005 73.650002 57.993752 
141229972677299 -88.837502 74.775002 56.512501 
141229992677299 -89.343750 76.200005 54.881252 
141230012677299 -89.812500 77.006256 52.781254 
141230032677299 -90.168755 78.206253 50.887501 
141230052677299 -90.093750 79.275002 49.293751 
141230072677299 -89.662506 80.250000 47.587502 
141230092677299 -89.250000 81.243752 45.956253 
141230112677299 -88.893753 82.218750 44.250000 
141230132677299 -88.368752 83.025002 42.581253 
141230152677299 -87.581253 83.906250 41.137501 
141230172677299 -86.831253 84.806252 39.693752 
141230192677299 -86.325005 85.425003 38.193752 
141230212677299 -85.893753 85.743752 36.637501 
141230232677299 -85.762505 85.987503 35.493752 
141230252677299 -85.668755 86.250000 34.593750 
141230272677299 -85.743752 86.456253 33.937500 
141230292677299 -85.743752 86.381256 33.468750 
141230312677299 -86.231255 86.081253 33.168751 
141230332677299 -86.700005 85.650002 33.337502 
141230352677299 -86.943756 85.500000 33.843750 
141230372677299 -87.487503 85.218750 34.331253 
141230392677299 -87.937500 84.918755 34.968750 
141230412677299 -88.518753 84.468750 35.475002 
141230432677299 -88.950005 84.000000 36.318752 
141230452677299 -89.362503 83.475006 37.087502 
141230472677299 -89.643753 83.025002 37.818752 
141230492677299 -89.831253 82.612503 38.831253 
141230512677299 -90.281250 82.031250 39.637501 
141230532677299 -90.412506 81.562500 40.687500 
141230552677299 -90.487503 81.093750 42.262501 
141230572677299 -90.787506 80.512505 44.043751 
141230592677299 -91.050003 79.875000 45.543751 
141230612677299 -91.312500 79.218750 47.118752 
141230632677299 -91.631256 78.281250 48.918751 
141230652677299 -91.893753 77.287506 50.400002 
141230672677299 -92.231255 76.050003 52.256252 
141230692677299 -92.737503 74.925003 53.906254 
141230712677299 -92.981255 73.593750 54.900002 
141230732677299 -93.037506 72.525002 55.837502 
141230752677299 -93.000000 71.662506 56.868752 
141230772677299 -93.168755 71.006256 57.750004 
141230792677299 -93.000000 70.443756 58.050003 
141230812677299 -93.037506 70.181252 58.256252 
141230832677299 -93.037506 70.181252 58.143753 
141230852677299 -92.887505 70.518753 57.862503 
141230872677299 -93.262505 71.081253 57.243752 
141230892677299 -93.431252 71.700005 56.362503 
141230912677299 -93.675003 72.450005 55.181252 
141230932677299 -93.825005 73.462502 53.812504 
141230952677299 -93.843750 74.493752 52.368752 
141230972677299 -94.218750 75.581253 50.681252 
141230992677299 -94.125000 76.893753 48.900002 
141231012677299 -94.012505 78.150002 47.268753 
141231032677299 -93.431252 79.237503 45.300003 
141231052677299 -93.243752 80.587502 43.387501 
141231072677299 -92.868752 81.393753 41.550003 
141231092677299 -92.156250 82.406250 39.375000 
141231112677299 -91.612503 83.287506 37.500000 
141231132677299 -90.693756 83.943756 35.850002 
141231152677299 -90.093750 84.581253 34.143753 
141231172677299 -89.737503 85.087502 32.325001 
141231192677299 -89.381256 85.537506 30.862501 
141231212677299 -88.668755 85.762505 29.756250 
141231232677299 -88.443756 86.212502 28.706251 
141231252677299 -88.443756 86.493752 28.331251 
141231272677299 -88.462502 86.643753 28.106251 
141231292677299 -88.537506 86.793755 27.618752 
141231312677299 -88.275002 86.700005 27.618752 
141231332677299 -88.181252 86.700005 27.843752 
141231352677299 -88.275002 86.643753 28.631250 
141231372677299 -88.537506 86.437500 29.062502 
141231392677299 -88.537506 86.493752 29.643751 
141231412677299 -88.537506 85.968750 30.318750 
141231432677299 -88.762505 85.781250 30.918751 
141231452677299 -89.043755 85.668755 32.193752 
141231472677299 -89.737503 85.500000 33.131252 
141231492677299 -89.981255 85.181252 34.106251 
141231512677299 -90.112503 84.712502 35.006252 
141231532677299 -90.656250 84.337502 36.356251 
141231552677299 -91.181252 83.643753 37.725002 
141231572677299 -91.575005 83.137505 39.337502 
141231592677299 -91.987503 82.556252 40.912502 
141231612677299 -92.437500 81.825005 42.468750 
141231632677299 -92.643753 81.168755 44.043751 
141231652677299 -92.906250 80.231255 45.918751 
141231672677299 -93.318756 79.368752 47.793751 
141231692677299 -93.037506 78.412506 49.781254 
141231712677299 -92.925003 77.531250 51.600002 
141231732677299 -92.550003 76.443756 53.231251 
141231752677299 -92.212502 75.356255 54.918751 
141231772677299 -91.593750 74.400002 56.456253 
141231792677299 -91.500000 73.650002 57.731251 
141231812677299 -91.350006 73.050003 58.593754 
141231832677299 -91.312500 72.956253 59.081253 
141231852677299 -91.556252 72.731255 59.156254 
141231872677299 -91.556252 72.618752 58.781254 
141231892677299 -91.987503 73.331253 58.275002 
141231912677299 -92.362503 74.156250 57.450001 
141231932677299 -92.737503 75.000000 56.025002 
141231952677299 -92.568756 75.975006 54.787502 
141231972677299 -92.568756 77.137505 53.493752 
141231992677299 -92.400002 78.131256 51.918751 
141232012677299 -91.931252 79.293755 50.006252 
141232032677299 -91.856255 80.681252 48.225002 
141232052677299 -91.462502 81.750000 46.387501 
141232072677299 -90.862503 82.687500 44.362503 
141232092677299 -90.281250 83.718750 42.806252 
141232112677299 -89.925003 84.450005 41.062500 
141232132677299 -89.400002 85.237503 39.337502 
141232152677299 -88.837502 85.856255 37.837502 
141232172677299 -88.462502 86.437500 36.450001 
141232192677299 -88.087502 86.868752 35.325001 
141232212677299 -87.806252 87.187500 33.956253 
141232232677299 -87.543755 87.375000 33.056252 
141232252677299 -87.412506 87.468750 32.343750 
141232272677299 -87.075005 87.862503 31.537500 
141232292677299 -87.300003 87.975006 31.143751 
141232312677299 -87.581253 88.200005 30.787500 
141232332677299 -87.656250 88.181252 30.806252 
141232352677299 -87.525002 88.143753 31.256250 
141232372677299 -87.600006 88.050003 31.856251 
141232392677299 -87.693756 88.106255 32.662502 
141232412677299 -87.693756 88.012505 33.393753 
141232432677299 -87.862503 87.637505 34.368752 
141232452677299 -87.750000 87.281250 35.400002 
141232472677299 -87.506256 86.906250 36.506252 
141232492677299 -87.712502 86.700005 37.668751 
141232512677299 -87.693756 86.325005 38.793751 
141232532677299 -87.900002 85.781250 40.181252 
141232552677299 -88.106255 85.162506 41.493752 
141232572677299 -88.462502 84.525002 42.881252 
141232592677299 -88.593750 83.775002 44.831253 
141232612677299 -88.781250 82.987503 46.425003 
141232632677299 -89.062500 81.975006 48.300003 
141232652677299 -89.137505 81.093750 50.100002 
141232672677299 -89.531250 79.893753 51.900002 
141232692677299 -89.475006 78.693756 53.681252 
141232712677299 -89.700005 77.493752 55.575001 
141232732677299 -89.925003 76.556252 57.187504 
141232752677299 -90.018753 75.525002 58.331253 
141232772677299 -90.150002 74.550003 59.231251 
141232792677299 -90.318756 73.931252 60.187504 
141232812677299 -90.750000 73.256256 60.825001 
141232832677299 -90.712502 72.825005 61.162502 
141232852677299 -91.143753 72.825005 61.143753 
141232872677299 -91.106255 72.993752 60.450001 
141232892677299 -90.937500 73.256256 59.681252 
141232912677299 -91.312500 74.118752 58.818752 
141232932677299 -91.612503 74.981255 57.600002 
141232952677299 -91.500000 75.731255 56.025002 
141232972677299 -91.293755 76.837502 54.393753 
141232992677299 -91.350006 78.112503 52.687504 
141233012677299 -91.087502 79.275002 50.981251 
141233032677299 -90.768753 80.418755 49.312504 
141233052677299 -90.543755 81.300003 47.868752 
141233072677299 -90.037506 82.200005 46.087502 
141233092677299 -89.325005 83.212502 44.681252 
141233112677299 -88.668755 84.187500 43.125000 
141233132677299 -88.125000 84.881256 41.437500 
141233152677299 -87.712502 85.668755 39.825001 
141233172677299 -87.225006 86.343750 38.100002 
141233192677299 -86.943756 87.056252 36.712502 
141233212677299 -86.925003 87.731255 35.193752 
141233232677299 -86.812500 87.900002 33.862503 
141233252677299 -86.793755 88.012505 32.812500 
141233272677299 -87.206253 88.125000 32.062500 
141233292677299 -87.450005 88.293755 31.518751 
141233312677299 -87.693756 88.256256 31.218752 
141233332677299 -88.143753 88.331253 31.312502 
141233352677299 -88.631256 88.218750 31.218752 
141233372677299 -88.893753 87.975006 31.331251 
141233392677299 -89.400002 87.843750 31.781252 
141233412677299 -90.112503 87.768753 32.137501 
141233432677299 -90.356255 87.525002 32.831253 
141233452677299 -90.806252 87.281250 33.562500 
141233472677299 -91.031250 86.887505 34.462502 
141233492677299 -91.518753 86.231255 35.400002 
141233512677299 -91.987503 85.500000 36.506252 
141233532677299 -92.400002 85.087502 37.575001 
141233552677299 -92.568756 84.637505 38.868752 
141233572677299 -92.925003 84.150002 40.162502 
141233592677299 -93.281250 83.606255 41.606251 
141233612677299 -93.487503 82.706253 43.087502 
141233632677299 -93.900002 81.918755 44.400002 
141233652677299 -94.162506 81.225006 45.975002 
141233672677299 -94.350006 80.475006 47.643753 
141233692677299 -94.537506 79.481255 49.481251 
141233712677299 -94.781250 78.468750 51.093754 
141233732677299 -94.781250 77.193756 52.762501 
141233752677299 -95.043755 76.050003 54.112503 
141233772677299 -95.512505 75.131256 55.462502 
141233792677299 -95.700005 74.587502 56.718754 
141233812677299 -95.812500 73.950005 57.393753 
141233832677299 -96.075005 73.800003 57.675003 
141233852677299 -96.168755 73.650002 57.487503 
141233872677299 -96.356255 73.856255 57.112503 
141233892677299 -96.468758 74.343750 56.475002 
141233912677299 -96.487503 74.981255 55.368752 
141233932677299 -96.243752 75.825005 54.206253 
141233952677299 -96.131256 76.762505 52.687504 
141233972677299 -95.700005 77.868752 51.206253 
141233992677299 -95.381256 78.862503 49.931252 
141234012677299 -95.081253 80.137505 48.525002 
141234032677299 -94.500000 81.131256 46.725002 
141234052677299 -93.450005 82.256256 45.187500 
141234072677299 -92.662506 83.493752 43.668751 
141234092677299 -91.931252 84.618752 41.962502 
141234112677299 -90.993752 85.556252 40.368752 
141234132677299 -90.356255 86.193756 38.681252 
141234152677299 -89.587502 86.981255 36.787502 
141234172677299 -88.875000 87.675003 35.268753 
141234192677299 -88.462502 88.312500 34.068752 
141234212677299 -88.443756 88.631256 32.475002 
141234232677299 -88.331253 88.893753 31.181252 
141234252677299 -88.050003 89.175003 30.243752 
141234272677299 -88.237503 89.437500 29.456251 
141234292677299 -88.068756 89.625000 28.875002 
141234312677299 -88.143753 89.718750 28.687502 
141234332677299 -88.425003 89.550003 28.518751 
141234352677299 -88.593750 89.437500 28.481251 
141234372677299 -88.931252 89.437500 28.931252 
141234392677299 -89.193756 89.400002 29.418751 
141234412677299 -89.700005 89.231255 30.131250 
141234432677299 -89.737503 88.762505 30.750002 
141234452677299 -90.262505 88.537506 31.837502 
141234472677299 -90.675003 88.087502 32.718750 
141234492677299 -91.050003 87.712502 33.956253 
141234512677299 -91.575005 87.300003 35.118752 
141234532677299 -91.968750 86.756256 36.281250 
141234552677299 -92.568756 85.987503 37.781250 
141234572677299 -92.925003 85.275002 39.112503 
141234592677299 -93.693756 84.487503 41.137501 
141234612677299 -94.293755 83.737503 42.806252 
141234632677299 -94.950005 82.743752 44.943752 
141234652677299 -95.100006 81.675003 46.931252 
141234672677299 -95.268753 80.550003 49.125004 
141234692677299 -95.381256 79.500000 51.300003 
141234712677299 -95.362503 78.431252 52.968754 
141234732677299 -95.456253 77.343750 54.675003 
141234752677299 -95.531250 76.368752 55.743752 
141234772677299 -95.456253 75.468750 56.793751 
141234792677299 -95.287506 74.831253 57.581253 
141234812677299 -95.381256 74.587502 57.862503 
141234832677299 -95.662506 74.437500 57.881252 
141234852677299 -96.093758 74.643753 57.525002 
141234872677299 -96.300003 74.962502 57.037502 
141234892677299 -96.618752 75.468750 56.400002 
141234912677299 -96.862503 76.481255 55.275002 
141234932677299 -97.143753 77.437500 53.962502 
141234952677299 -97.443756 78.637505 52.443752 
141234972677299 -97.631256 79.706253 50.962502 
141234992677299 -97.387505 81.000000 49.237503 
141235012677299 -97.087502 81.937500 47.568752 
141235032677299 -96.881256 83.062500 45.787502 
141235052677299 -96.375008 84.150002 43.762501 
141235072677299 -95.775002 85.256256 42.187500 
141235092677299 -95.118752 86.231255 40.668751 
141235112677299 -94.387505 87.168755 39.168751 
141235132677299 -93.768753 87.843750 37.500000 
141235152677299 -93.356255 88.387505 36.093750 
141235172677299 -92.925003 89.118752 34.968750 
141235192677299 -92.437500 89.681252 33.937500 
141235212677299 -92.306252 90.075005 33.131252 
141235232677299 -92.325005 89.868752 32.587502 
141235252677299 -92.456253 89.775002 31.950001 
141235272677299 -92.868752 89.512505 31.687502 
141235292677299 -93.337502 89.250000 31.818750 
141235312677299 -93.637505 88.650002 32.006252 
141235332677299 -94.087502 88.068756 31.950001 
141235352677299 -95.006256 87.393753 32.418751 
141235372677299 -95.587502 86.718750 32.925003 
141235392677299 -96.037506 86.156250 32.943752 
141235412677299 -96.618752 85.556252 33.506252 
141235432677299 -96.881256 84.862503 33.656250 
141235452677299 -97.425003 84.375000 33.862503 
141235472677299 -97.818756 84.056252 34.500000 
141235492677299 -98.081253 83.550003 35.250000 
141235512677299 -98.212502 82.893753 35.962502 
141235532677299 -98.531258 82.312500 36.881252 
141235552677299 -98.775002 81.712502 38.193752 
141235572677299 -99.112503 81.075005 39.206253 
141235592677299 -99.393753 80.362503 40.575001 
141235612677299 -99.337502 79.443756 42.206253 
141235632677299 -99.562508 78.375000 43.387501 
141235652677299 -100.068756 77.381256 45.037502 
141235672677299 -100.237503 76.575005 46.500000 
141235692677299 -100.537506 75.637505 47.868752 
141235712677299 -100.762505 74.625000 48.937504 
141235732677299 -100.912506 73.875000 49.950001 
141235752677299 -101.212502 73.256256 50.625004 
141235772677299 -101.325005 72.806252 50.606251 
141235792677299 -101.643753 72.825005 50.475002 
141235812677299 -101.793755 72.900002 49.687504 
141235832677299 -102.168755 73.125000 48.618752 
141235852677299 -102.206253 73.650002 47.268753 
141235872677299 -102.112503 74.418755 45.618752 
141235892677299 -102.187508 75.056252 44.062500 
141235912677299 -101.962502 75.750000 42.187500 
141235932677299 -102.000008 76.668755 40.368752 
141235952677299 -101.418755 77.381256 38.737503 
141235972677299 -100.668755 78.093750 37.181252 
141235992677299 -99.637505 78.881256 35.531250 
141236012677299 -98.625008 79.781250 33.975002 
141236032677299 -97.875008 80.587502 32.737503 
141236052677299 -96.768753 81.243752 31.331251 
141236072677299 -95.887505 82.031250 30.243752 
141236092677299 -94.762505 82.762505 29.437502 
141236112677299 -94.162506 83.381256 28.368752 
141236132677299 -93.562500 83.868752 27.543751 
141236152677299 -93.112503 84.262505 27.000002 
141236172677299 -92.943756 84.656250 26.512501 
141236192677299 -92.681252 84.900002 26.268751 
141236212677299 -92.662506 85.200005 26.193750 
141236232677299 -92.400002 85.312500 26.231251 
141236252677299 -92.568756 85.293755 26.100000 
141236272677299 -92.587502 85.537506 26.400002 
141236292677299 -92.962502 85.612503 26.625002 
141236312677299 -93.150002 85.668755 27.000002 
141236332677299 -93.431252 85.387505 27.468752 
141236352677299 -93.975006 85.218750 28.087502 
141236372677299 -94.575005 85.237503 28.668751 
141236392677299 -95.400002 84.787506 29.756250 
141236412677299 -96.281258 84.337502 31.256250 
141236432677299 -97.293755 83.343750 32.700001 
141236452677299 -98.362503 82.500000 34.106251 
141236472677299 -99.468758 81.525002 35.756252 
141236492677299 -100.425003 80.606255 37.593750 
141236512677299 -101.193756 79.387505 39.318752 
141236532677299 -101.831253 77.943756 41.193752 
141236552677299 -102.468758 76.762505 42.806252 
141236572677299 -102.693756 75.525002 44.737503 
141236592677299 -102.862503 74.493752 46.612503 
141236612677299 -102.581253 73.481255 48.206253 
141236632677299 -102.581253 72.525002 49.462502 
141236652677299 -102.525002 71.587502 50.568752 
141236672677299 -102.543755 71.193756 51.243752 
141236692677299 -102.412506 70.968750 51.750004 
141236712677299 -102.318756 71.062500 51.843754 
141236732677299 -102.243752 71.268753 51.187504 
141236752677299 -101.925003 71.887505 50.287502 
141236772677299 -101.756256 72.693756 49.350002 
141236792677299 -101.343758 73.631256 48.225002 
141236812677299 -101.062508 74.793755 46.781250 
141236832677299 -100.368752 75.993752 45.393753 
141236852677299 -99.825005 77.137505 43.893753 
141236872677299 -99.000008 78.075005 42.375000 
141236892677299 -98.306252 79.256256 40.818752 
141236912677299 -97.631256 80.231255 39.300003 
141236932677299 -96.468758 81.112503 38.231251 
141236952677299 -95.418755 81.918755 36.975002 
141236972677299 -94.256256 82.687500 35.775002 
141236992677299 -93.393753 83.100006 34.856251 
141237012677299 -92.568756 83.812500 33.712502 
141237032677299 -91.612503 84.412506 32.681252 
141237052677299 -91.031250 84.825005 31.743752 
141237072677299 -90.318756 85.125000 30.881250 
141237092677299 -90.112503 85.237503 29.962502 
141237112677299 -90.037506 85.387505 29.306252 
141237132677299 -89.962502 85.350006 28.781252 
141237152677299 -90.206253 85.368752 28.237501 
141237172677299 -90.412506 85.106255 28.275002 
141237192677299 -90.843750 85.050003 28.293751 
141237212677299 -91.143753 84.750000 28.818750 
141237232677299 -91.800003 84.393753 29.437502 
141237252677299 -92.512505 84.168755 30.093752 
141237272677299 -93.131256 83.868752 31.106251 
141237292677299 -93.712502 83.700005 32.568752 
141237312677299 -94.293755 83.193756 34.012501 
141237332677299 -94.968750 82.650002 35.475002 
141237352677299 -95.981255 81.918755 36.975002 
141237372677299 -96.750008 81.131256 38.325001 
141237392677299 -97.743752 80.287506 40.050003 
141237412677299 -98.456253 79.350006 41.812500 
141237432677299 -99.468758 78.412506 43.406250 
141237452677299 -100.406258 77.287506 44.625000 
141237472677299 -101.212502 76.387505 45.637501 
141237492677299 -101.681252 75.393753 46.556252 
141237512677299 -102.131256 74.625000 47.475002 
141237532677299 -102.543755 74.212502 48.318752 
141237552677299 -102.618752 73.818756 48.675003 
141237572677299 -102.806252 73.612503 48.581253 
141237592677299 -102.562508 73.481255 48.506252 
141237612677299 -102.412506 73.500000 48.150002 
141237632677299 -102.318756 73.781250 47.756252 
141237652677299 -101.981255 74.456253 47.137501 
141237672677299 -101.568756 75.262505 46.481251 
141237692677299 -101.118752 76.125000 45.281250 
141237712677299 -100.425003 77.268753 44.175003 
141237732677299 -99.750008 78.131256 42.993752 
141237752677299 -98.981255 79.162506 41.681252 
141237772677299 -98.306252 80.250000 40.518753 
141237792677299 -97.068756 81.450005 39.187500 
141237812677299 -96.168755 82.331253 37.762501 
141237832677299 -95.250000 83.081253 36.318752 
141237852677299 -94.331253 83.643753 34.912502 
141237872677299 -94.050003 84.168755 33.525002 
141237892677299 -93.356255 84.693756 32.231251 
141237912677299 -93.018753 85.181252 30.900002 
141237932677299 -92.662506 85.481255 29.831251 
141237952677299 -92.906250 85.650002 29.100000 
141237972677299 -92.962502 85.968750 28.368752 
141237992677299 -93.112503 86.325005 27.956251 
141238012677299 -93.356255 86.212502 27.862501 
141238032677299 -93.243752 86.418755 27.918751 
141238052677299 -93.675003 86.493752 28.331251 
141238072677299 -93.843750 86.343750 29.043751 
141238092677299 -93.881256 86.081253 29.775002 
141238112677299 -94.087502 85.706253 30.525002 
141238132677299 -94.425003 85.125000 31.837502 
141238152677299 -94.893753 84.375000 33.356251 
141238172677299 -95.493752 83.662506 34.912502 
141238192677299 -96.543755 82.631256 36.675003 
141238212677299 -97.575005 81.431252 38.531250 
141238232677299 -98.700005 80.418755 40.256252 
141238252677299 -99.993752 79.350006 41.793751 
141238272677299 -100.818756 78.112503 43.668751 
141238292677299 -101.831253 76.931252 45.506252 
141238312677299 -102.581253 75.712502 47.043751 
141238332677299 -103.275002 74.718750 48.487503 
141238352677299 -103.293755 73.668755 49.687504 
141238372677299 -103.181252 72.993752 50.587502 
141238392677299 -103.181252 72.487503 51.356251 
141238412677299 -103.068756 71.925003 51.918751 
141238432677299 -102.993752 71.812500 52.462502 
141238452677299 -102.750008 71.775002 52.162502 
141238472677299 -102.506256 72.112503 51.956253 
141238492677299 -102.243752 72.675003 51.431252 
141238512677299 -101.943756 73.537506 50.643753 
141238532677299 -101.625008 74.381256 49.743752 
141238552677299 -101.081253 74.962502 48.637501 
141238572677299 -100.500008 76.200005 47.568752 
141238592677299 -100.087502 77.287506 45.993752 
141238612677299 -99.450005 78.337502 44.587502 
141238632677299 -98.662506 79.387505 42.900002 
141238652677299 -97.518753 80.362503 41.493752 
141238672677299 -96.581253 81.318756 39.956253 
141238692677299 -95.643753 82.312500 38.456253 
141238712677299 -94.743752 83.568756 37.237503 
141238732677299 -93.862503 84.262505 35.812500 
141238752677299 -92.662506 84.918755 34.612503 
141238772677299 -91.875000 85.743752 33.750000 
141238792677299 -91.350006 86.250000 32.906250 
141238812677299 -91.031250 86.568756 32.193752 
141238832677299 -90.806252 86.718750 31.500002 
141238852677299 -90.618752 86.831253 31.125002 
141238872677299 -90.600006 86.681252 30.656252 
141238892677299 -90.656250 86.775002 30.656252 
141238912677299 -90.900002 86.812500 30.881250 
141238932677299 -91.143753 86.400002 31.162500 
141238952677299 -91.556252 86.062500 31.743752 
141238972677299 -91.818756 85.762505 32.493752 
141238992677299 -92.362503 85.406250 33.675003 
141239012677299 -92.943756 84.937500 34.818752 
141239032677299 -93.543755 84.318756 36.525002 
141239052677299 -94.350006 83.550003 38.156250 
141239072677299 -95.250000 82.462502 39.806252 
141239092677299 -96.150002 81.393753 41.550003 
141239112677299 -96.750008 80.306252 43.537502 
141239132677299 -97.668755 79.012505 45.356251 
141239152677299 -98.343758 77.625000 47.268753 
141239172677299 -98.962502 76.275002 49.125004 
141239192677299 -99.412506 74.831253 50.831253 
141239212677299 -99.806252 73.743752 52.481251 
141239232677299 -99.956253 72.825005 53.925003 
141239252677299 -99.862503 72.168755 54.900002 
141239272677299 -99.675003 71.625000 55.593754 
141239292677299 -99.356255 71.493752 56.212502 
141239312677299 -99.000008 71.643753 56.193752 
141239332677299 -98.737503 71.756256 56.062504 
141239352677299 -98.718758 72.525002 55.350002 
141239372677299 -98.343758 73.031250 54.281254 
141239392677299 -98.268753 73.893753 53.287502 
141239412677299 -98.175003 74.887505 52.125004 
141239432677299 -98.062508 75.937500 50.756252 
141239452677299 -97.856255 76.968750 49.031254 
141239472677299 -97.725006 78.037506 47.400002 
141239492677299 -97.406258 79.293755 45.693752 
141239512677299 -96.787506 80.212502 44.118752 
141239532677299 -96.037506 81.337502 42.506252 
141239552677299 -95.250000 82.237503 40.612503 
141239572677299 -94.537506 82.987503 38.775002 
141239592677299 -93.900002 83.793755 36.993752 
141239612677299 -93.131256 84.543755 35.343750 
141239632677299 -92.512505 84.937500 34.031250 
141239652677299 -92.043755 85.462502 32.775002 
141239672677299 -91.368752 85.706253 31.518751 
141239692677299 -91.387505 85.856255 30.581251 
141239712677299 -91.256256 86.006256 30.018751 
141239732677299 -91.162506 86.250000 30.018751 
141239752677299 -91.068756 86.175003 30.075001 
141239772677299 -91.406250 86.081253 30.393751 
141239792677299 -91.706253 86.062500 31.031252 
141239812677299 -91.931252 85.818756 31.743752 
141239832677299 -92.700005 85.781250 32.756252 
141239852677299 -93.037506 85.537506 33.843750 
141239872677299 -93.468750 85.068756 35.231251 
141239892677299 -94.200005 84.525002 36.375000 
141239912677299 -95.681252 83.643753 37.987503 
141239932677299 -96.768753 82.387505 39.412502 
141239952677299 -98.025002 81.300003 40.931252 
141239972677299 -99.281258 79.800003 42.768753 
141239992677299 -100.387505 78.300003 44.587502 
141240012677299 -101.418755 76.593750 46.425003 
141240032677299 -102.431252 75.000000 48.093754 
141240052677299 -103.237503 73.612503 49.856251 
141240072677299 -103.481255 72.431252 51.075001 
141240092677299 -103.650002 71.512505 52.387501 
141240112677299 -103.631256 70.743752 53.287502 
141240132677299 -103.518753 70.312500 53.775002 
141240152677299 -103.537506 70.293755 53.887501 
141240172677299 -103.500008 70.725006 53.700001 
141240192677299 -103.481255 71.231255 53.381252 
141240212677299 -103.106255 71.737503 52.593754 
141240232677299 -102.468758 72.787506 51.637501 
141240252677299 -102.168755 74.212502 50.606251 
141240272677299 -101.625008 75.318756 49.293751 
141240292677299 -100.931252 76.593750 47.662502 
141240312677299 -100.012505 77.737503 46.087502 
141240332677299 -99.243752 78.618752 44.662502 
141240352677299 -98.306252 79.818756 42.693752 
141240372677299 -97.631256 81.000000 41.193752 
141240392677299 -96.656258 82.125000 39.375000 
141240412677299 -95.700005 82.856255 37.668751 
141240432677299 -94.893753 83.812500 36.131252 
141240452677299 -94.256256 84.562500 34.931252 
141240472677299 -93.693756 85.256256 33.806252 
141240492677299 -93.187500 86.006256 32.456253 
141240512677299 -92.568756 86.437500 31.650002 
141240532677299 -91.968750 86.587502 30.900002 
141240552677299 -92.175003 86.718750 30.750002 
141240572677299 -91.968750 86.887505 30.618752 
141240592677299 -91.931252 86.831253 30.806252 
141240612677299 -92.025002 87.018753 31.162500 
141240632677299 -92.362503 86.925003 31.725000 
141240652677299 -92.718750 86.831253 32.775002 
141240672677299 -93.375000 86.662506 33.675003 
141240692677299 -93.862503 86.362503 34.518753 
141240712677299 -94.387505 85.856255 35.606251 
141240732677299 -95.287506 85.068756 37.106251 
141240752677299 -96.075005 84.337502 38.306252 
141240772677299 -97.068756 83.156250 39.918751 
141240792677299 -98.006256 82.031250 41.550003 
141240812677299 -98.962502 80.718750 43.218750 
141240832677299 -99.937508 79.387505 45.093750 
141240852677299 -100.837502 77.906250 47.137501 
141240872677299 -101.512505 76.575005 48.956253 
141240892677299 -102.018753 75.281250 50.343754 
141240912677299 -102.618752 74.062500 51.881252 
141240932677299 -102.956253 73.275002 52.950001 
141240952677299 -102.937508 72.525002 53.793751 
141240972677299 -102.975006 71.981255 54.487503 
141240992677299 -102.993752 71.981255 54.993752 
141241012677299 -103.031258 72.112503 54.881252 
141241032677299 -102.862503 72.468750 54.581253 
141241052677299 -102.712502 73.181252 54.000004 
141241072677299 -102.375008 73.950005 52.875004 
141241092677299 -102.056252 74.962502 51.806252 
141241112677299 -101.756256 76.162506 50.362503 
141241132677299 -101.306252 77.381256 48.881252 
141241152677299 -100.837502 78.318756 47.025002 
141241172677299 -100.256256 79.518753 45.018753 
141241192677299 -99.675003 80.587502 43.012501 
141241212677299 -98.812508 81.712502 41.193752 
141241232677299 -98.043755 82.875000 39.487503 
141241252677299 -97.143753 83.643753 37.462502 
141241272677299 -96.356255 84.375000 35.718750 
141241292677299 -95.512505 85.106255 33.843750 
141241312677299 -94.687500 85.781250 32.212502 
141241332677299 -94.162506 86.606255 31.050001 
141241352677299 -93.881256 87.018753 30.150002 
141241372677299 -93.600006 87.225006 29.250002 
141241392677299 -93.506256 87.318756 28.856251 
141241412677299 -93.187500 87.375000 28.650002 
141241432677299 -92.925003 87.468750 28.762501 
141241452677299 -93.093750 87.468750 29.062502 
141241472677299 -93.243752 87.300003 29.606251 
141241492677299 -93.356255 86.868752 30.243752 
141241512677299 -93.318756 86.737503 30.881250 
141241532677299 -93.693756 86.550003 32.062500 
141241552677299 -93.900002 86.175003 33.037502 
141241572677299 -94.518753 85.743752 34.068752 
141241592677299 -95.250000 85.087502 35.418751 
141241612677299 -95.437500 84.356255 36.768753 
141241632677299 -96.018753 83.493752 37.968750 
141241652677299 -96.918755 82.687500 39.731251 
141241672677299 -97.893753 81.543755 41.493752 
141241692677299 -98.625008 80.268753 42.937500 
141241712677299 -99.431252 79.237503 44.550003 
141241732677299 -100.106255 78.075005 46.368752 
141241752677299 -100.612503 76.912506 47.831253 
141241772677299 -101.287506 75.937500 49.106251 
141241792677299 -101.625008 74.925003 50.550003 
141241812677299 -101.756256 74.137505 51.468754 
141241832677299 -101.812508 73.631256 52.050003 
141241852677299 -102.037506 73.575005 52.237503 
141241872677299 -102.581253 73.706253 52.162502 
141241892677299 -102.600006 73.968750 51.262501 
141241912677299 -102.712502 74.381256 50.100002 
141241932677299 -102.750008 75.056252 48.918751 
141241952677299 -102.712502 76.012505 47.400002 
141241972677299 -102.356255 76.931252 45.525002 
141241992677299 -102.131256 77.868752 43.556252 
141242012677299 -101.493752 78.750000 41.587502 
141242032677299 -100.462502 79.443756 39.543751 
141242052677299 -99.806252 80.287506 37.875000 
141242072677299 -98.962502 81.375000 36.225002 
141242092677299 -98.137505 82.012505 34.706253 
141242112677299 -96.993752 82.912506 33.037502 
141242132677299 -96.150002 83.606255 31.650002 
141242152677299 -95.100006 84.281250 30.412500 
141242172677299 -94.612503 84.712502 29.362501 
141242192677299 -94.275002 85.125000 28.631250 
141242212677299 -93.975006 85.612503 27.937502 
141242232677299 -93.675003 85.781250 27.562502 
141242252677299 -93.618752 85.968750 27.318750 
141242272677299 -94.162506 85.893753 27.318750 
141242292677299 -94.425003 86.156250 27.712502 
141242312677299 -94.856255 86.325005 28.331251 
141242332677299 -95.118752 86.306252 29.193750 
141242352677299 -95.287506 86.231255 30.206251 
141242372677299 -95.456253 85.818756 31.518751 
141242392677299 -95.737503 85.275002 33.000000 
141242412677299 -95.868752 84.843750 34.275002 
141242432677299 -95.943756 84.225006 35.925003 
141242452677299 -96.375008 83.325005 37.556252 
141242472677299 -96.787506 82.406250 39.168751 
141242492677299 -97.012505 81.618752 40.631252 
141242512677299 -97.218758 80.587502 42.562500 
141242532677299 -97.706253 79.443756 44.681252 
141242552677299 -98.025002 78.206253 46.556252 
141242572677299 -98.475006 76.931252 48.750004 
141242592677299 -98.662506 75.731255 50.681252 
141242612677299 -98.700005 74.437500 52.312504 
141242632677299 -98.812508 73.218750 54.000004 
141242652677299 -98.756256 72.243752 55.593754 
141242672677299 -98.887505 71.512505 56.287502 
141242692677299 -98.756256 71.400002 56.456253 
141242712677745 -98.775002 71.606255 56.418751 
141242732677745 -98.681252 72.281250 56.118752 
141242752677745 -98.756256 73.181252 55.143753 
141242772677745 -98.625008 74.381256 54.000004 
141242792677745 -98.137505 75.750000 52.275002 
141242812677745 -97.893753 77.025002 50.400002 
141242832677745 -97.293755 78.468750 48.693752 
141242852677745 -96.525002 79.781250 46.968750 
141242872677745 -96.075005 81.206253 45.112503 
141242892677745 -95.231255 82.143753 42.937500 
141242912677745 -94.237503 83.156250 41.268753 
141242932677745 -93.356255 83.831253 39.656250 
141242952677745 -92.756256 84.506256 38.137501 
141242972677745 -92.306252 85.237503 36.675003 
141242992677745 -92.043755 85.893753 35.212502 
141243012677745 -91.743752 86.381256 34.012501 
141243032677745 -91.293755 86.512505 33.225002 
141243052677745 -91.181252 86.812500 32.662502 
141243072677745 -91.387505 86.906250 32.418751 
141243092677745 -91.612503 87.075005 32.250000 
141243112677745 -91.687500 87.075005 32.493752 
141243132677745 -91.818756 87.000000 33.000000 
141243152677745 -91.912506 86.718750 33.525002 
141243172677745 -92.362503 86.400002 33.993752 
141243192677745 -92.606255 86.381256 34.687500 
141243212677745 -92.925003 85.912506 35.775002 
141243232677745 -93.206253 85.425003 36.768753 
141243252677745 -93.262505 84.918755 37.875000 
141243272677745 -93.843750 84.412506 39.168751 
141243292677745 -94.425003 83.531250 40.575001 
141243312677745 -94.856255 82.500000 42.075001 
141243332677745 -95.418755 81.431252 44.137501 
141243352677745 -96.131256 80.062500 46.087502 
141243372677745 -96.900002 78.956253 47.550003 
141243392677745 -97.312508 77.662506 49.500004 
141243412677745 -97.837502 76.050003 51.487503 
141243432677745 -97.968758 74.493752 53.231251 
141243452677745 -98.137505 73.350006 54.900002 
141243472677745 -98.568756 72.356255 56.381252 
141243492677745 -98.775002 71.400002 57.225002 
141243512677745 -98.700005 70.931252 57.825001 
141243532677745 -98.606255 70.350006 58.275002 
141243552677745 -98.681252 70.406250 58.125004 
141243572677745 -98.906258 70.912506 57.806252 
141243592677745 -99.075005 71.587502 57.000004 
141243612677745 -99.000008 72.468750 55.743752 
141243632677745 -98.662506 73.631256 54.262501 
141243652677745 -98.493752 74.775002 52.556252 
141243672677745 -98.250008 75.768753 50.737503 
141243692677745 -97.837502 77.306252 48.825001 
141243712677745 -97.462502 78.637505 46.762501 
141243732677745 -96.862503 79.968750 44.531250 
141243752677745 -96.393753 81.131256 42.300003 
141243772677745 -95.812500 82.200005 40.387501 
141243792677745 -95.550003 83.118752 38.325001 
141243812677745 -95.062500 84.056252 36.375000 
141243832677745 -94.781250 84.918755 34.687500 
141243852677745 -94.500000 85.537506 33.112503 
141243872677745 -94.293755 85.706253 31.762501 
141243892677745 -94.331253 85.837502 30.843752 
141243912677745 -94.350006 86.193756 30.393751 
141243932677745 -94.537506 86.193756 30.187502 
141243952677745 -94.556252 86.231255 30.262501 
141243972677745 -94.706253 86.006256 30.825001 
141243992677745 -95.025002 85.912506 31.293751 
141244012677745 -95.137505 85.668755 32.100002 
141244032677745 -95.287506 85.462502 33.075001 
141244052677745 -95.531250 85.218750 33.975002 
141244072677745 -95.718750 84.487503 35.118752 
141244092677745 -96.131256 83.756256 36.150002 
141244112677745 -96.825005 82.800003 37.556252 
141244132677745 -97.425003 81.900002 39.000000 
141244152677745 -97.912506 80.718750 40.556252 
141244172677745 -98.493752 79.237503 42.468750 
141244192677745 -99.300003 78.112503 44.250000 
141244212677745 -99.993752 76.706253 46.106251 
141244232677745 -100.593758 75.393753 47.625000 
141244252677745 -101.175003 74.156250 49.068752 
141244272677745 -101.268753 73.143753 50.568752 
141244292677745 -101.400002 72.206253 51.731251 
141244312677745 -101.662506 71.493752 52.912502 
141244332677745 -102.093758 71.306252 53.475002 
141244352677745 -102.187508 71.081253 53.662502 
141244372677745 -102.356255 71.418755 53.531254 
141244392677745 -102.375008 71.925003 53.156254 
141244412677745 -101.887505 72.693756 52.481251 
141244432677745 -101.831253 73.312500 51.543751 
141244452677745 -101.606255 74.400002 50.006252 
141244472677745 -101.250008 75.562500 48.318752 
141244492677745 -100.556252 76.668755 46.612503 
141244512677745 -99.600006 77.981255 44.962502 
141244532677745 -98.456253 78.937500 43.237503 
141244552677745 -97.537506 80.081253 41.662502 
141244572677745 -96.768753 81.056252 39.900002 
141244592677745 -95.887505 82.387505 37.950001 
141244612677745 -95.081253 83.362503 36.450001 
141244632677745 -94.312500 83.962502 34.856251 
141244652677745 -93.600006 84.750000 33.393753 
141244672677745 -93.468750 85.312500 32.212502 
141244692677745 -93.187500 85.668755 31.200001 
141244712677745 -92.906250 86.043755 30.243752 
141244732677745 -92.906250 86.043755 29.812502 
141244752677745 -92.681252 85.931252 29.887501 
141244772677745 -92.700005 85.950005 30.187502 
141244792677745 -92.831253 86.006256 30.656252 
141244812677745 -93.300003 85.556252 31.218752 
141244832677745 -93.656250 85.218750 31.875002 
141244852677745 -94.537506 84.731255 32.812500 
141244872677745 -95.250000 84.000000 34.031250 
141244892677745 -95.850006 83.756256 35.306252 
141244912677745 -96.787506 83.043755 36.525002 
141244932677745 -97.481255 81.993752 37.968750 
141244952677745 -98.437508 80.943756 39.712502 
141244972677745 -99.243752 80.156250 41.681252 
141244992677745 -99.656258 78.806252 43.931252 
141245012677745 -100.012505 77.681252 45.993752 
141245032677745 -100.387505 76.387505 47.962502 
141245052677745 -100.893753 74.906250 49.725002 
141245072677745 -101.156258 73.500000 51.468754 
141245092677745 -101.400002 72.281250 52.931252 
141245112677745 -101.418755 71.343750 54.112503 
141245132677745 -101.325005 70.218750 54.562504 
141245152677745 -101.306252 69.618752 54.937504 
141245172677745 -101.212502 69.393753 54.956253 
141245192677745 -101.268753 69.862503 54.618752 
141245212677745 -101.193756 70.256256 53.962502 
141245232677745 -100.893753 71.437500 52.968754 
141245252677745 -100.481255 72.637505 51.712502 
141245272677745 -100.012505 74.025002 50.212502 
141245292677745 -99.618752 75.525002 48.825001 
141245312677745 -99.225006 77.212502 46.968750 
141245332677745 -98.606255 78.637505 45.375000 
141245352677745 -97.725006 79.687500 43.706253 
141245372677745 -96.862503 80.850006 42.243752 
141245392677745 -96.318756 81.825005 41.025002 
141245412677745 -95.756256 82.762505 39.581253 
141245432677745 -95.250000 83.418755 38.268753 
141245452677745 -94.668755 84.187500 37.200001 
141245472677745 -94.181252 84.731255 36.412502 
141245492677745 -93.675003 85.237503 35.550003 
141245512677745 -93.393753 85.556252 34.837502 
141245532677745 -93.131256 85.743752 34.237503 
141245552677745 -92.775002 85.818756 33.787502 
141245572677745 -92.775002 85.968750 33.787502 
141245592677745 -92.775002 85.931252 33.975002 
141245612677745 -93.056252 85.612503 34.425003 
141245632677745 -93.243752 85.218750 35.100002 
141245652677745 -93.675003 84.975006 35.662502 
141245672677745 -94.012505 84.637505 36.750000 
141245692677745 -94.481255 84.243752 37.837502 
141245712677745 -95.268753 83.493752 38.906250 
141245732677745 -95.962502 82.593750 40.350002 
141245752677745 -96.731255 81.768753 41.981251 
141245772677745 -97.068756 80.700005 43.368752 
141245792677745 -97.481255 79.612503 44.831253 
141245812677745 -97.762505 78.337502 46.950001 
141245832677745 -98.212502 76.931252 48.656254 
141245852677745 -98.493752 75.693756 50.362503 
141245872677745 -98.700005 74.756256 52.106251 
141245892677745 -98.718758 73.687500 53.512501 
141245912677745 -98.756256 72.525002 54.506252 
141245932677745 -98.925003 72.000000 55.556252 
141245952677745 -99.206253 71.475006 56.193752 
141245972677745 -99.337502 70.987503 55.950001 
141245992677745 -99.487503 71.081253 55.518753 
141246012677745 -99.843758 71.587502 55.068752 
141246032677745 -99.881256 72.018753 53.981251 
141246052677745 -99.900002 73.162506 52.256252 
141246072677745 -99.843758 74.400002 50.362503 
141246092677745 -99.675003 75.825005 48.000000 
141246112677745 -99.637505 77.325005 45.562500 
141246132677745 -99.562508 78.806252 43.687500 
141246152677745 -99.243752 80.287506 41.662502 
141246172677745 -98.325005 81.412506 39.393753 
141246192677745 -97.706253 82.575005 37.575001 
141246212677745 -96.956253 83.343750 35.868752 
141246232677745 -96.356255 84.262505 34.537502 
141246252677745 -95.737503 84.750000 33.393753 
141246272677745 -94.968750 85.293755 32.268753 
141246292677745 -94.350006 85.893753 31.218752 
141246312677745 -93.787506 86.193756 30.337502 
141246332677745 -93.543755 86.606255 30.093752 
141246352677745 -93.243752 86.737503 29.756250 
141246372677745 -93.206253 86.700005 29.850000 
141246392677745 -93.018753 86.831253 29.943750 
141246412677745 -93.187500 86.812500 30.393751 
141246432677745 -93.225006 86.756256 30.900002 
141246452677745 -93.168755 86.550003 31.406252 
141246472677745 -93.393753 86.231255 32.137501 
141246492677745 -93.637505 85.818756 32.606251 
141246512677745 -93.918755 85.368752 33.187500 
141246532677745 -94.200005 85.125000 34.031250 
141246552677745 -94.668755 84.618752 35.062500 
141246572677745 -95.268753 83.943756 36.131252 
141246592677745 -95.850006 83.437500 37.406250 
141246612677745 -96.731255 82.612503 38.700001 
141246632677745 -97.368752 81.806252 40.406250 
141246652677745 -98.062508 80.625000 42.150002 
141246672677745 -98.493752 79.706253 44.250000 
141246692677745 -99.150002 78.262505 46.162502 
141246712677745 -99.243752 76.912506 48.112503 
141246732677745 -99.243752 75.506256 50.006252 
141246752677745 -99.318756 73.818756 51.937504 
141246772677745 -99.243752 72.731255 53.700001 
141246792677745 -99.206253 71.662506 54.956253 
141246812677745 -99.450005 70.950005 55.856251 
141246832677745 -99.562508 70.537506 56.043751 
141246852677745 -99.637505 70.650002 56.081253 
141246872677745 -99.937508 70.856255 55.556252 
141246892677745 -100.181252 71.756256 54.543751 
141246912677745 -100.293755 72.918755 52.762501 
141246932677745 -100.068756 74.137505 50.550003 
141246952677745 -99.937508 75.525002 48.375004 
141246972677745 -99.618752 77.343750 46.218750 
141246992677745 -99.093758 78.768753 43.687500 
141247012677745 -98.456253 79.912506 41.081253 
141247032677745 -97.725006 81.337502 38.381252 
141247052677745 -97.125008 82.406250 35.700001 
141247072677745 -96.412506 83.343750 33.356251 
141247092677745 -95.981255 84.168755 31.312502 
141247112677745 -95.587502 84.900002 29.493752 
141247132677745 -95.381256 85.237503 27.431252 
141247152677745 -95.587502 85.406250 26.287500 
141247172677745 -95.643753 85.818756 25.143751 
141247192677745 -95.793755 85.800003 24.487501 
141247212677745 -95.906250 85.706253 24.412500 
141247232677745 -96.356255 85.631256 24.468752 
141247252677745 -96.806252 85.462502 24.675001 
141247272677745 -97.350006 85.237503 24.862501 
141247292677745 -97.312508 84.993752 25.575001 
141247312677745 -97.593758 84.937500 26.118752 
141247332677745 -97.781258 84.712502 27.206251 
141247352677745 -98.231255 84.450005 27.993752 
141247372677745 -98.512505 84.206253 29.137501 
141247392677745 -98.662506 83.718750 30.300001 
141247412677745 -99.131256 83.193756 31.687502 
141247432677745 -99.393753 82.687500 33.018753 
141247452677745 -100.143753 82.087502 34.537502 
141247472677745 -100.668755 81.356255 36.300003 
141247492677745 -101.231255 80.550003 38.137501 
141247512677745 -101.793755 79.556252 40.106251 
141247532677745 -102.300003 78.487503 41.850002 
141247552677745 -102.806252 77.418755 43.612503 
141247572677745 -102.993752 76.256256 45.243752 
141247592677745 -103.143753 75.018753 47.193752 
141247612677745 -103.237503 73.931252 48.806252 
141247632677745 -103.125008 72.881256 50.193752 
141247652677745 -103.087502 72.056252 51.075001 
141247672677745 -102.843758 71.625000 51.975002 
141247692677745 -102.937508 71.212502 52.575001 
141247712677745 -102.768753 71.081253 53.250004 
141247732677745 -102.712502 70.893753 53.493752 
141247752677745 -102.431252 71.156250 53.306252 
141247772677745 -102.318756 71.493752 53.025002 
141247792677745 -102.037506 71.850006 52.443752 
141247812677745 -101.906258 72.562500 51.712502 
141247832677745 -101.831253 73.143753 50.925003 
141247852677745 -101.550003 73.781250 50.062504 
141247872677745 -101.381256 74.550003 48.693752 
141247892677745 -100.950005 75.637505 47.437500 
141247912677745 -101.100006 76.593750 46.050003 
141247932677745 -100.650002 77.550003 44.643753 
141247952677745 -100.612503 78.468750 43.481251 
141247972677745 -100.181252 78.975006 42.168751 
141247992677745 -99.862503 79.631256 40.856251 
141248012677745 -99.431252 80.325005 39.750000 
141248032677745 -99.000008 81.150002 38.812500 
141248052677745 -98.493752 81.656250 37.893753 
141248072677745 -97.781258 82.200005 37.293751 
141248092677745 -97.087502 82.668755 36.750000 
141248112677745 -96.506256 83.343750 35.850002 
141248132677745 -95.925003 83.925003 35.400002 
141248152677745 -95.325005 84.543755 34.893753 
141248172677745 -94.931252 85.087502 34.106251 
141248192677745 -94.575005 85.200005 33.581253 
141248212677745 -94.293755 85.443756 33.075001 
141248232677745 -94.143753 85.706253 32.381252 
141248252677745 -94.162506 85.912506 31.500002 
141248272677745 -93.862503 85.893753 30.975000 
141248292677745 -93.731255 86.081253 30.450001 
141248312677745 -93.768753 86.118752 30.206251 
141248332677745 -93.600006 86.175003 29.943750 
141248352677745 -93.618752 86.343750 29.568750 
141248372677745 -93.562500 86.531250 29.662500 
141248392677745 -93.468750 86.531250 29.568750 
141248412677745 -93.487503 86.418755 29.775002 
141248432677745 -93.600006 86.437500 29.925001 
141248452677745 -93.731255 86.418755 30.037500 
141248472677745 -93.656250 86.343750 30.225000 
141248492677745 -93.825005 86.137505 30.525002 
141248512677745 -93.750000 86.118752 30.900002 
141248532677745 -93.993752 85.950005 31.087502 
141248552677745 -94.012505 85.612503 31.537500 
141248572677745 -94.181252 85.500000 32.006252 
141248592677745 -94.331253 85.218750 32.493752 
141248612677745 -94.575005 84.900002 32.850002 
141248632677745 -94.650002 84.731255 33.056252 
141248652677745 -94.818756 84.450005 33.600002 
141248672677745 -95.325005 83.737503 34.162502 
141248692677745 -95.962502 83.175003 34.650002 
141248712677745 -96.806252 82.668755 35.418751 
141248732677745 -97.500008 82.218750 36.056252 
141248752677745 -98.400002 81.750000 36.862503 
141248772677745 -99.206253 81.206253 37.875000 
141248792677745 -100.312508 80.325005 39.037502 
141248812677745 -101.081253 79.481255 39.843750 
141248832677745 -101.831253 78.956253 40.875000 
141248852677745 -102.281258 78.468750 42.206253 
141248872677745 -102.637505 77.943756 43.143753 
141248892677745 -102.975006 77.118752 44.118752 
141248912677745 -103.068756 76.368752 45.168751 
141248932677745 -103.462502 75.562500 46.087502 
141248952677745 -103.481255 74.812500 46.950001 
141248972677745 -103.518753 74.325005 48.037502 
141248992677745 -103.406258 73.781250 48.975002 
141249012677745 -103.481255 73.162506 49.368752 
141249032677745 -103.556252 72.562500 50.193752 
141249052677745 -103.706253 72.018753 50.850002 
141249072677745 -103.743752 71.681252 51.412502 
141249092677745 -103.537506 71.343750 52.031254 
141249112677745 -103.575005 71.250000 52.443752 
141249132677745 -103.631256 71.062500 52.443752 
141249152677745 -103.631256 71.175003 52.593754 
141249172677745 -103.650002 71.212502 52.743752 
141249192677745 -103.593758 71.343750 52.462502 
141249212677745 -103.312508 71.662506 52.200001 
141249232677745 -103.237503 72.000000 51.693752 
141249252677745 -103.275002 72.525002 51.056252 
141249272677745 -103.031258 73.162506 50.175003 
141249292677745 -103.012505 73.725006 49.218754 
141249312677745 -102.993752 74.287506 48.393753 
141249332677745 -102.581253 75.018753 47.381252 
141249352677745 -102.393753 75.843750 46.500000 
141249372677745 -101.981255 76.443756 45.637501 
141249392677745 -101.793755 76.987503 44.756252 
141249412677745 -101.400002 77.737503 43.893753 
141249432677745 -101.062508 78.318756 42.975002 
141249452677745 -100.481255 78.881256 42.375000 
141249472677745 -100.068756 79.537506 41.325001 
141249492677745 -99.900002 80.137505 40.612503 
141249512677745 -99.393753 80.681252 39.693752 
141249532677745 -99.225006 81.262505 38.643753 
141249552677745 -98.550003 81.881256 37.856251 
141249572677745 -98.062508 82.425003 36.750000 
141249592677745 -97.387505 82.893753 36.018753 
141249612677745 -96.900002 83.681252 35.043751 
141249632677745 -96.131256 84.075005 34.218750 
141249652677745 -95.250000 84.581253 33.431252 
141249672677745 -94.556252 84.975006 32.775002 
141249692677745 -93.956253 85.500000 32.343750 
141249712677745 -93.618752 85.800003 31.912500 
141249732677745 -93.131256 86.006256 31.650002 
141249752677745 -92.887505 86.287506 31.368752 
141249772677745 -92.681252 86.268753 30.975000 
141249792677745 -92.493752 86.362503 30.843752 
141249812677745 -92.493752 86.250000 30.468752 
141249832677745 -92.475006 86.250000 30.206251 
141249852677745 -92.400002 86.325005 30.131250 
141249872677745 -92.006256 86.587502 30.037500 
141249892677745 -91.912506 86.512505 30.075001 
141249912677745 -92.006256 86.456253 29.981251 
141249932677745 -91.856255 86.400002 30.318750 
141249952677745 -91.968750 86.381256 30.393751 
141249972677745 -91.987503 86.456253 30.806252 
141249992677745 -91.912506 86.381256 31.293751 
141250012677745 -91.987503 86.062500 31.650002 
141250032677745 -92.400002 85.743752 32.118752 
141250052677745 -92.475006 85.687500 32.793751 
141250072677745 -92.531250 85.368752 33.506252 
141250092677745 -92.625000 85.143753 34.275002 
141250112677745 -92.887505 84.731255 35.287502 
141250132677745 -93.150002 84.356255 36.281250 
141250152677745 -93.468750 83.943756 37.200001 
141250172677745 -93.768753 83.550003 38.250000 
141250192677745 -94.106255 83.175003 39.243752 
141250212677745 -94.387505 82.593750 40.125000 
141250232677745 -94.612503 81.975006 41.306252 
141250252677745 -94.968750 81.487503 42.600002 
141250272677745 -95.156250 80.887505 43.743752 
141250292677745 -95.606255 80.306252 44.906250 
141250312677745 -95.793755 79.668755 46.218750 
141250332677745 -95.943756 78.993752 47.531250 
141250352677745 -95.775002 78.356255 48.693752 
141250372677745 -96.187508 77.925003 50.118752 
141250392677745 -96.300003 77.418755 51.356251 
141250412677745 -96.450005 76.631256 52.050003 
141250432677745 -96.600006 75.956253 53.212502 
141250452677745 -96.375008 75.337502 54.112503 
141250472677745 -96.393753 74.662506 54.750004 
141250492677745 -96.281258 74.156250 55.425003 
141250512677745 -96.431252 73.518753 56.231251 
141250532677745 -96.393753 72.937500 57.000004 
141250552677745 -96.393753 72.468750 57.487503 
141250572677745 -96.375008 72.037506 58.237503 
141250592677745 -96.300003 71.756256 58.387501 
141250612677745 -96.525002 71.418755 58.893753 
141250632677745 -96.731255 71.306252 59.175003 
141250652677745 -96.881256 71.268753 59.043751 
141250672677745 -97.162506 71.118752 58.781254 
141250692677745 -97.143753 71.100006 58.500004 
141250712677745 -97.368752 71.343750 58.218754 
141250732677745 -97.481255 71.775002 57.637501 
141250752677745 -97.387505 72.225006 57.112503 
141250772677745 -97.406258 72.918755 56.212502 
141250792677745 -97.462502 73.668755 55.350002 
141250812677745 -97.481255 74.456253 54.487503 
141250832677745 -97.331253 75.487503 53.456253 
141250852677745 -97.031258 76.593750 51.862503 
141250872677745 -96.712502 77.625000 50.587502 
141250892677745 -96.450005 78.731255 49.237503 
141250912677745 -96.131256 79.706253 47.568752 
141250932677745 -95.512505 80.737503 46.012501 
141250952677745 -94.818756 81.825005 44.456253 
141250972677745 -94.275002 82.968750 43.068752 
141250992677745 -93.543755 83.831253 41.662502 
141251012677745 -93.037506 84.412506 40.387501 
141251032677745 -92.606255 85.068756 38.775002 
141251052677745 -91.781250 85.725006 37.556252 
141251072677745 -91.275002 86.475006 36.412502 
141251092677745 -90.843750 86.943756 35.362503 
141251112677745 -90.562500 87.281250 34.500000 
141251132677745 -90.206253 87.468750 33.375000 
141251152677745 -90.056252 87.806252 32.531250 
141251172677745 -90.112503 88.218750 31.950001 
141251192677745 -90.018753 88.350006 31.650002 
141251212677745 -90.318756 88.312500 31.443750 
141251232677745 -90.543755 88.125000 31.612501 
141251252677745 -90.750000 88.050003 31.800001 
141251272677745 -91.031250 87.787506 31.856251 
141251292677745 -91.725006 87.375000 32.662502 
141251312677745 -92.231255 87.000000 33.337502 
141251332677745 -92.568756 86.418755 34.256252 
141251352677745 -93.262505 85.950005 35.287502 
141251372677745 -93.900002 85.331253 36.356251 
141251392677745 -94.650002 84.562500 37.818752 
141251412677745 -95.437500 83.793755 39.225002 
141251432677745 -96.000000 82.931252 41.306252 
141251452677745 -96.300003 81.918755 42.956253 
141251472677745 -96.825005 80.812500 44.962502 
141251492677745 -97.181252 79.800003 46.800003 
141251512677745 -97.312508 78.787506 48.750004 
141251532677745 -97.575005 77.793755 50.662502 
141251552677745 -97.406258 76.743752 52.087502 
141251572677745 -97.331253 75.506256 53.718754 
141251592677745 -97.387505 74.587502 54.750004 
141251612677745 -97.237503 73.818756 55.893753 
141251632677745 -97.068756 73.125000 56.793751 
141251652677745 -97.368752 72.412506 57.318752 
141251672677745 -97.575005 71.737503 57.637501 
141251692677745 -97.518753 71.231255 57.768753 
141251712677745 -97.837502 71.100006 57.900002 
141251732677745 -97.912506 71.118752 57.525002 
141251752677745 -97.968758 71.156250 57.318752 
141251772677745 -98.306252 71.268753 56.775002 
141251792677745 -98.643753 71.718750 55.893753 
141251812677745 -98.643753 72.225006 55.331253 
141251832677745 -98.681252 73.050003 54.412502 
141251852677745 -98.643753 74.081253 53.250004 
141251872677745 -98.587502 75.131256 51.975002 
141251892677745 -98.606255 76.312500 50.700001 
141251912677745 -98.418755 77.325005 48.918751 
141251932677745 -98.137505 78.675003 47.325001 
141251952677745 -97.481255 79.762505 45.675003 
141251972677745 -96.806252 80.887505 44.006252 
141251992677745 -95.925003 81.768753 42.356251 
141252012677745 -95.400002 82.575005 40.687500 
141252032677745 -94.800003 83.231255 39.075001 
141252052677745 -94.143753 83.756256 37.481251 
141252072677745 -93.525002 84.487503 36.225002 
141252092677745 -93.018753 85.068756 34.875000 
141252112677745 -92.756256 85.575005 33.637501 
141252132677745 -92.437500 85.987503 32.268753 
141252152677745 -92.381256 86.343750 30.862501 
141252172677745 -92.362503 86.456253 30.168751 
141252192677745 -92.362503 86.587502 29.400002 
141252212677745 -92.362503 86.831253 28.875002 
141252232677745 -92.737503 86.943756 28.481251 
141252252677745 -92.981255 86.775002 28.256250 
141252272677745 -93.262505 86.568756 28.368752 
141252292677745 -93.618752 86.718750 28.725000 
141252312677745 -93.881256 86.606255 29.437502 
141252332677745 -94.218750 86.868752 29.737501 
141252352677745 -94.425003 86.812500 30.300001 
141252372677745 -94.687500 86.362503 30.975000 
141252392677745 -94.743752 86.100006 31.950001 
141252412677745 -94.893753 85.987503 32.775002 
141252432677745 -95.550003 85.631256 33.862503 
141252452677745 -95.868752 84.937500 34.968750 
141252472677745 -96.375008 84.450005 36.168751 
141252492677745 -96.825005 83.625000 37.706253 
141252512677745 -97.350006 83.081253 39.393753 
141252532677745 -97.875008 82.293755 41.025002 
141252552677745 -98.437508 81.131256 42.881252 
141252572677745 -99.018753 80.062500 44.831253 
141252592677745 -99.431252 78.862503 46.537502 
141252612677745 -99.806252 77.756256 48.318752 
141252632677745 -100.068756 76.537506 50.231251 
141252652677745 -100.087502 75.393753 51.937504 
141252672677745 -99.881256 74.006256 53.531254 
141252692677745 -99.787506 73.162506 54.993752 
141252712677745 -99.525002 72.637505 56.006252 
141252732677745 -98.831253 72.018753 56.906254 
141252752677745 -98.325005 71.756256 57.468754 
141252772677745 -97.631256 71.887505 57.656254 
141252792677745 -97.162506 72.187500 57.281254 
141252812677745 -96.750008 72.581253 56.643753 
141252832677745 -96.543755 73.593750 55.725002 
141252852677745 -96.168755 74.831253 54.562504 
141252872677745 -95.606255 75.918755 53.006252 
141252892677745 -95.250000 77.175003 51.450001 
141252912677745 -94.406250 78.562500 49.781254 
141252932677745 -93.881256 79.856255 47.925003 
141252952677745 -93.093750 81.225006 46.012501 
141252972677745 -92.062500 82.687500 43.856251 
141252992677745 -91.256256 83.793755 41.775002 
141253012677745 -90.375000 84.843750 39.675003 
141253032677745 -89.868752 85.950005 37.668751 
141253052677745 -89.343750 86.700005 36.018753 
141253072677745 -88.818756 87.375000 34.237503 
141253092677745 -88.725006 87.712502 32.700001 
141253112677745 -88.518753 88.068756 31.631250 
141253132677745 -88.650002 88.218750 31.050001 
141253152677745 -88.818756 88.293755 30.581251 
141253172677745 -89.250000 88.143753 30.375002 
141253192677745 -89.568756 87.956253 30.562502 
141253212677745 -90.131256 87.881256 30.693750 
141253232677745 -90.900002 87.825005 31.293751 
141253252677745 -91.331253 87.637505 32.231251 
141253272677745 -92.212502 87.375000 33.281250 
141253292677745 -93.056252 87.000000 34.312500 
141253312677745 -93.750000 86.550003 35.606251 
141253332677745 -94.481255 86.025002 37.312500 
141253352677745 -95.268753 85.481255 39.168751 
141253372677745 -96.000000 84.675003 41.081253 
141253392677745 -96.712502 83.831253 43.218750 
141253412677745 -97.293755 82.818756 45.468750 
141253432677745 -97.612503 81.450005 47.643753 
141253452677745 -98.100006 80.175003 49.931252 
141253472677745 -98.268753 78.806252 51.956253 
141253492677745 -98.512505 77.475006 53.587502 
141253512677745 -98.512505 76.068756 55.275002 
141253532677745 -98.568756 75.075005 56.418751 
141253552677745 -98.362503 74.062500 57.112503 
141253572677745 -98.606255 73.537506 57.487503 
141253592677745 -98.643753 73.500000 57.581253 
141253612677745 -98.568756 73.706253 57.093754 
141253632677745 -98.737503 74.081253 56.456253 
141253652677745 -98.850006 74.606255 55.631252 
141253672677745 -99.018753 75.225006 54.225002 
141253692677745 -98.962502 75.918755 52.875004 
141253712677745 -99.093758 76.668755 51.318752 
141253732677745 -99.262505 77.381256 49.575001 
141253752677745 -99.150002 78.131256 47.606251 
141253772677745 -98.718758 78.712502 45.468750 
141253792677745 -98.493752 79.687500 43.368752 
141253812677745 -97.668755 80.606255 41.456253 
141253832677745 -96.975006 81.637505 39.243752 
141253852677745 -96.093758 82.687500 36.993752 
141253872677745 -95.025002 83.643753 35.081253 
141253892677745 -93.600006 84.731255 33.131252 
141253912677745 -92.325005 85.387505 31.481251 
141253932677745 -91.200005 86.043755 30.337502 
141253952677745 -89.868752 86.587502 29.343752 
141253972677745 -89.418755 86.906250 28.350000 
141253992677745 -88.987503 87.168755 28.181252 
141254012677745 -88.987503 87.300003 28.387501 
141254032677745 -89.100006 87.337502 28.518751 
141254052677745 -89.381256 86.962502 29.006250 
141254072677745 -89.850006 86.906250 29.700001 
141254092677745 -90.300003 86.850006 30.562502 
141254112677745 -91.106255 86.400002 31.387501 
141254132677745 -91.368752 86.400002 32.550003 
141254152677745 -91.818756 86.043755 33.375000 
141254172677745 -92.100006 85.631256 34.556252 
141254192677745 -92.437500 84.993752 36.150002 
141254212677745 -92.718750 84.543755 37.593750 
141254232677745 -93.187500 83.962502 39.281250 
141254252677745 -93.768753 82.968750 40.931252 
141254272677745 -94.462502 82.200005 43.031250 
141254292677745 -94.987503 80.681252 44.812500 
141254312677745 -95.531250 79.425003 46.875000 
141254332677745 -96.056252 78.093750 49.012501 
141254352677745 -96.712502 76.706253 50.812504 
141254372677745 -97.387505 75.281250 52.593754 
141254392677745 -98.043755 73.837502 54.206253 
141254412677745 -98.437508 72.656250 55.612503 
141254432677745 -98.700005 71.587502 56.531254 
141254452677745 -99.018753 71.043755 57.187504 
141254472677745 -99.168755 70.687500 57.206253 
141254492677745 -99.243752 70.800003 56.606251 
141254512677745 -99.468758 71.475006 55.762501 
141254532677745 -99.562508 72.337502 54.637501 
141254552677745 -99.506256 73.518753 53.118752 
141254572677745 -99.450005 75.112503 51.581253 
141254592677745 -98.925003 76.481255 49.556252 
141254612677745 -98.550003 77.962502 47.587502 
141254632677745 -98.006256 79.556252 45.637501 
141254652677745 -97.387505 80.887505 44.006252 
141254672677745 -96.375008 81.956253 42.112503 
141254692677745 -95.362503 83.175003 40.256252 
141254712677745 -94.443756 83.962502 38.325001 
141254732677745 -93.712502 84.787506 36.543751 
141254752677745 -92.981255 85.518753 34.818752 
141254772677745 -92.381256 86.268753 33.262501 
141254792677745 -91.650002 86.775002 31.968752 
141254812677745 -91.275002 87.375000 30.337502 
141254832677745 -91.181252 87.731255 29.381250 
141254852677745 -91.031250 87.731255 28.725000 
141254872677745 -90.993752 87.862503 28.237501 
141254892677745 -90.918755 87.731255 28.125002 
141254912677745 -91.218750 87.618752 28.481251 
141254932677745 -91.668755 87.431252 28.950001 
141254952677745 -92.343750 86.925003 29.606251 
141254972677745 -92.925003 86.306252 30.806252 
141254992677745 -93.318756 85.612503 31.818750 
141255012677745 -93.843750 85.068756 33.168751 
141255032677745 -94.575005 84.468750 34.631252 
141255052677745 -95.437500 83.625000 36.037502 
141255072677745 -96.056252 82.856255 37.462502 
141255092677745 -96.543755 81.768753 39.393753 
141255112677745 -96.881256 80.962502 41.212502 
141255132677745 -97.425003 79.875000 42.993752 
141255152677745 -97.875008 78.881256 44.925003 
141255172677745 -98.362503 77.831253 46.668751 
141255192677745 -98.681252 76.800003 48.412502 
141255212677745 -98.906258 75.675003 49.931252 
141255232677745 -98.850006 74.925003 51.487503 
141255252677745 -98.737503 74.306252 52.200001 
141255272677745 -98.812508 73.968750 52.837502 
141255292677745 -98.587502 73.950005 53.006252 
141255312677745 -98.531258 74.362503 52.725002 
141255332677745 -98.212502 74.793755 52.031254 
141255352677745 -98.212502 75.412506 51.112503 
141255372677745 -97.931252 76.500000 49.725002 
141255392677745 -97.912506 77.456253 48.018753 
141255412677745 -97.856255 78.450005 46.256252 
141255432677745 -97.556252 79.593750 44.381252 
141255452677745 -97.218758 80.662506 42.300003 
141255472677745 -96.881256 81.581253 40.331253 
141255492677745 -96.468758 82.462502 38.325001 
141255512677745 -95.587502 83.381256 36.225002 
141255532677745 -94.950005 84.206253 34.312500 
141255552677745 -94.181252 84.993752 32.531250 
141255572677745 -93.487503 85.818756 30.806252 
141255592677745 -92.962502 86.325005 29.531252 
141255612677745 -92.437500 86.681252 28.293751 
141255632677745 -91.931252 87.018753 27.187502 
141255652677745 -91.612503 87.300003 26.625002 
141255672677745 -91.275002 87.675003 26.512501 
141255692677745 -91.181252 87.581253 26.606251 
141255712677745 -91.312500 87.281250 26.850000 
141255732677745 -91.237503 87.131256 27.600000 
141255752677745 -91.293755 86.906250 28.387501 
141255772677745 -91.500000 86.737503 29.775002 
141255792677745 -91.893753 86.475006 31.443750 
141255812677745 -92.137505 86.231255 32.925003 
141255832677745 -92.850006 85.631256 34.481251 
141255852677745 -93.393753 85.068756 36.150002 
141255872677745 -93.937500 84.562500 38.025002 
141255892677745 -94.500000 83.662506 40.162502 
141255912677745 -95.212502 82.612503 41.850002 
141255932677745 -95.587502 81.450005 43.706253 
141255952677745 -96.018753 80.362503 45.600002 
141255972677745 -96.618752 78.993752 47.568752 
141255992677745 -96.825005 77.812500 49.181252 
141256012677745 -96.768753 76.650002 50.887501 
141256032677745 -96.543755 75.525002 52.575001 
141256052677745 -96.843758 74.681252 53.793751 
141256072677745 -96.693756 73.837502 54.937504 
141256092677745 -96.825005 73.181252 55.537502 
141256112677745 -96.712502 72.600006 55.725002 
141256132677745 -96.750008 72.506256 55.575001 
141256152677745 -96.637505 72.525002 55.237503 
141256172677745 -96.900002 73.331253 54.318752 
141256192677745 -97.293755 74.062500 53.006252 
141256212677745 -97.200005 74.887505 51.562504 
141256232677745 -97.162506 76.181252 49.818752 
141256252677745 -96.843758 77.493752 48.093754 
141256272677745 -96.431252 78.937500 46.162502 
141256292677745 -95.925003 80.418755 44.156250 
141256312677745 -95.306252 81.731255 42.318752 
141256332677745 -94.593750 82.537506 40.537502 
141256352677745 -93.731255 83.587502 38.606251 
141256372677745 -92.887505 84.468750 36.637501 
141256392677745 -92.175003 85.293755 35.118752 
141256412677745 -91.725006 85.912506 33.506252 
141256432677745 -91.275002 86.400002 32.212502 
141256452677745 -90.862503 86.681252 30.900002 
141256472677745 -90.693756 87.056252 29.906252 
141256492677745 -90.618752 87.375000 29.362501 
141256512677745 -90.600006 87.487503 28.950001 
141256532677745 -90.600006 87.581253 28.800001 
141256552677745 -90.806252 87.300003 28.931252 
141256572677745 -90.993752 87.243752 29.268751 
141256592677745 -91.406250 87.018753 29.681252 
141256612677745 -91.631256 87.000000 30.431252 
141256632677745 -91.875000 86.681252 31.012501 
141256652677745 -92.006256 86.325005 32.081253 
141256672677745 -92.418755 85.762505 33.281250 
141256692677745 -92.812500 85.181252 34.687500 
141256712677745 -93.150002 84.806252 35.962502 
141256732677745 -93.562500 84.262505 37.518753 
141256752677745 -93.750000 83.662506 39.412502 
141256772677745 -94.087502 82.631256 41.212502 
141256792677745 -94.593750 81.731255 43.443752 
141256812677745 -94.893753 80.681252 45.318752 
141256832677745 -94.987503 79.818756 47.400002 
141256852677745 -95.212502 79.031250 49.200001 
141256872677745 -95.137505 77.775002 51.225002 
141256892677745 -95.062500 76.518753 52.950001 
141256912677745 -95.025002 75.412506 54.450001 
141256932677745 -95.081253 74.568756 55.743752 
141256952677745 -94.893753 73.875000 56.456253 
141256972677745 -94.818756 73.556252 57.000004 
141256992677745 -95.006256 73.387505 57.000004 
141257012677745 -95.043755 73.237503 56.906254 
141257032677745 -95.043755 73.912506 56.175003 
141257052677745 -95.100006 74.737503 55.518753 
141257072677745 -95.268753 75.581253 54.243752 
141257092677745 -95.193756 76.650002 52.893753 
141257112677745 -95.025002 77.662506 51.450001 
141257132677745 -94.987503 78.881256 50.156254 
141257152677745 -94.893753 79.856255 48.825001 
141257172677745 -94.687500 80.700005 47.643753 
141257192677745 -94.950005 81.281250 46.650002 
141257212677745 -95.175003 81.618752 45.656250 
141257232677745 -95.175003 81.843750 45.225002 
141257252677745 -95.625000 81.712502 44.943752 
141257272677745 -96.281258 81.562500 45.187500 
141257292677745 -96.787506 81.000000 45.112503 
141257312677745 -97.218758 80.550003 45.375000 
141257332677745 -97.762505 79.968750 45.900002 
141257352677745 -98.043755 79.275002 46.650002 
141257372677745 -98.306252 78.862503 47.381252 
141257392677745 -98.643753 78.506256 48.150002 
141257412677745 -98.493752 78.056252 48.918751 
141257432677745 -98.381256 77.625000 49.331253 
141257452677745 -98.212502 77.550003 49.987503 
141257472677745 -97.818756 77.512505 50.493752 
141257492677745 -97.518753 77.643753 50.493752 
141257512677745 -97.312508 77.775002 50.475002 
141257532677745 -97.050003 78.206253 50.212502 
141257552677745 -96.806252 78.768753 49.443752 
141257572677745 -96.637505 79.256256 48.937504 
141257592677745 -96.675003 79.781250 48.243752 
141257612677745 -96.825005 80.137505 47.362503 
141257632677745 -96.806252 80.456253 46.518753 
141257652677745 -96.993752 80.700005 45.881252 
141257672677745 -97.143753 81.037506 45.150002 
141257692677745 -97.462502 80.681252 44.737503 
141257712677745 -97.593758 80.306252 44.568752 
141257732677745 -98.006256 80.100006 44.306252 
141257752677745 -98.156258 79.762505 44.400002 
141257772677745 -98.400002 79.593750 44.400002 
141257792677745 -98.906258 79.031250 44.737503 
141257812677745 -99.168755 78.600006 45.000000 
141257832677745 -99.525002 78.225006 45.300003 
141257852677745 -99.637505 78.318756 45.562500 
141257872677745 -99.768753 78.450005 45.675003 
141257892677745 -99.787506 78.506256 45.768753 
141257912677745 -99.843758 78.562500 45.862503 
141257932677745 -99.768753 78.487503 45.975002 
141257952677745 -99.806252 78.637505 45.843750 
141257972677745 -99.731255 78.900002 45.900002 
141257992677745 -99.412506 79.237503 45.731251 
141258012677745 -99.131256 79.200005 45.562500 
141258032677745 -99.131256 79.237503 45.618752 
141258052677745 -98.775002 79.518753 45.600002 
141258072677745 -98.268753 79.500000 45.693752 
141258092677745 -97.893753 79.631256 45.731251 
141258112677745 -97.462502 79.931252 45.900002 
141258132677745 -97.218758 80.043755 46.050003 
141258152677745 -96.993752 79.781250 46.275002 
141258172677745 -96.975006 79.950005 46.631252 
141258192677745 -96.637505 79.687500 46.987503 
141258212677745 -96.693756 79.350006 47.343750 
141258232677745 -96.900002 79.350006 47.550003 
141258252677745 -97.087502 79.068756 47.831253 
141258272677745 -97.068756 78.937500 48.037502 
141258292677745 -96.975006 78.543755 48.206253 
141258312677745 -97.275002 78.375000 48.487503 
141258332677745 -97.256256 78.093750 48.487503 
141258352677745 -97.350006 78.150002 48.243752 
141258372677745 -97.537506 78.131256 47.943752 
141258392677745 -97.687508 78.150002 47.625000 
141258412677745 -97.781258 78.318756 47.212502 
141258432677745 -98.100006 78.206253 46.931252 
141258452677745 -98.306252 78.487503 46.312500 
141258472677745 -98.306252 78.618752 45.731251 
141258492677745 -98.493752 78.881256 45.131252 
141258512677745 -98.662506 78.993752 44.831253 
141258532677745 -98.850006 79.012505 44.756252 
141258552677745 -99.000008 79.050003 44.606251 
141258572677745 -99.131256 78.806252 44.550003 
141258592677745 -99.150002 78.918755 44.475002 
141258612677745 -99.225006 78.806252 44.643753 
141258632677745 -99.243752 78.825005 44.850002 
141258652677745 -99.225006 78.581253 45.206253 
141258672677745 -98.925003 78.281250 45.487503 
141258692677745 -98.831253 78.281250 45.618752 
141258712677745 -98.587502 78.168755 45.881252 
141258732677745 -98.231255 78.168755 46.200001 
141258752677745 -98.043755 78.093750 46.350002 
141258772677745 -98.043755 78.000000 46.481251 
141258792677745 -97.762505 78.093750 46.593750 
141258812677745 -97.668755 77.887505 46.743752 
141258832677745 -97.743752 78.000000 46.837502 
141258852677745 -97.406258 77.981255 46.856251 
141258872677745 -97.312508 78.112503 46.856251 
141258892677745 -97.425003 78.225006 46.781250 
141258912677745 -97.368752 78.318756 46.781250 
141258932677745 -97.068756 78.487503 46.856251 
141258952677745 -97.087502 78.281250 46.725002 
141258972677745 -96.825005 78.525002 46.518753 
141258992677745 -97.012505 78.581253 46.331253 
141259012677745 -97.087502 78.656250 46.387501 
141259032677745 -97.181252 78.525002 46.237503 
141259052677745 -97.087502 78.693756 46.106251 
141259072677745 -97.087502 78.506256 45.843750 
141259092677745 -97.331253 78.675003 45.787502 
141259112677745 -97.368752 78.843750 45.768753 
141259132677745 -97.687508 78.806252 45.787502 
141259152677745 -97.537506 78.806252 45.918751 
141259172677745 -97.575005 78.806252 45.881252 
141259192677745 -97.725006 78.806252 45.843750 
141259212677745 -97.837502 78.581253 45.862503 
141259232677745 -98.043755 78.693756 46.050003 
141259252677745 -98.043755 78.600006 46.106251 
141259272677745 -98.212502 78.562500 45.937500 
141259292677745 -98.175003 78.506256 45.750000 
141259312677745 -98.343758 78.375000 45.581253 
141259332677745 -98.193756 78.318756 45.393753 
141259352677745 -98.025002 78.506256 45.206253 
141259372677745 -97.987503 78.600006 45.056252 
141259392677745 -97.762505 78.731255 44.850002 
141259412677745 -97.612503 78.768753 44.606251 
141259432677745 -97.425003 78.600006 44.568752 
141259452677745 -97.425003 78.543755 44.662502 
141259472677745 -97.237503 78.375000 44.737503 
141259492677745 -97.443756 78.337502 44.681252 
141259512677745 -97.350006 78.225006 44.887501 
141259532677745 -97.275002 78.206253 44.962502 
141259552677745 -97.312508 78.206253 45.206253 
141259572677745 -97.293755 78.168755 45.281250 
141259592677745 -97.425003 78.318756 45.300003 
141259612677745 -97.593758 78.562500 45.150002 
141259632677745 -97.631256 78.825005 45.225002 
141259652677745 -97.650002 78.956253 45.393753 
141259672677745 -97.725006 79.068756 45.431252 
141259692677745 -97.950005 79.087502 45.562500 
141259712677745 -98.081253 79.012505 45.543751 
141259732677745 -98.137505 78.993752 45.543751 
141259752677745 -98.062508 78.900002 45.431252 
141259772677745 -97.818756 78.787506 45.543751 
141259792677745 -97.856255 78.843750 45.450001 
141259812677745 -97.968758 78.768753 45.468750 
141259832677745 -97.743752 78.750000 45.281250 
141259852677745 -97.706253 78.731255 45.206253 
141259872677745 -97.575005 78.731255 45.187500 
141259892677745 -97.950005 78.731255 45.168751 
141259912677745 -98.043755 78.993752 45.450001 
141259932677745 -98.175003 79.200005 45.337502 
141259952677745 -98.081253 79.031250 45.450001 
141259972677745 -98.006256 79.162506 45.375000 
141259992677745 -98.437508 79.256256 45.600002 
141260012677745 -98.606255 79.218750 45.543751 
141260032677745 -98.831253 79.031250 45.393753 
141260052677745 -98.475006 79.012505 45.393753 
141260072677745 -98.643753 78.843750 45.262501 
141260092677745 -98.681252 78.600006 45.337502 
141260112677745 -98.775002 78.843750 45.243752 
141260132677745 -98.812508 78.806252 45.131252 
141260152677745 -98.925003 78.637505 44.925003 
141260172677745 -98.868752 78.525002 44.775002 
141260192677745 -99.018753 78.618752 44.643753 
141260212677745 -99.281258 78.656250 44.512501 
141260232677745 -99.375008 78.562500 44.362503 
141260252677745 -99.525002 78.581253 44.362503 
141260272677745 -99.787506 78.393753 44.325001 
141260292677745 -99.787506 78.337502 44.343750 
141260312677745 -99.768753 78.487503 44.400002 
141260332677745 -99.937508 78.787506 44.437500 
141260352677745 -99.862503 78.956253 44.512501 
141260372677745 -100.031258 78.862503 44.531250 
141260392677745 -100.200005 79.012505 44.381252 
141260412677745 -100.162506 79.068756 44.400002 
141260432677745 -99.975006 79.125000 44.231251 
141260452677745 -100.293755 78.937500 44.137501 
141260472677745 -100.350006 78.712502 43.968750 
141260492677745 -100.275002 78.581253 43.837502 
141260512677745 -100.331253 78.225006 43.706253 
141260532677745 -100.087502 78.225006 43.443752 
141260552677745 -99.937508 78.412506 43.350002 
141260572677745 -100.200005 78.562500 42.993752 
141260592677745 -100.425003 78.656250 42.750000 
141260612677745 -100.537506 78.825005 42.637501 
141260632677745 -100.650002 78.975006 42.506252 
141260652677745 -100.781258 79.237503 42.450001 
141260672677745 -100.706253 79.612503 42.318752 
141260692677745 -100.781258 79.631256 42.356251 
141260712677745 -100.743752 79.443756 42.450001 
141260732677745 -100.668755 79.518753 42.525002 
141260752677745 -100.575005 79.556252 42.450001 
141260772677745 -100.331253 79.687500 42.337502 
141260792677745 -100.275002 79.781250 42.243752 
141260812677745 -100.181252 79.575005 42.131252 
141260832677745 -100.125008 79.575005 42.075001 
141260852677745 -100.050003 79.725006 42.000000 
141260872677745 -99.918755 79.837502 41.981251 
141260892677745 -99.693756 79.706253 42.150002 
141260912677745 -99.600006 79.800003 42.450001 
141260932677745 -99.093758 79.631256 42.581253 
141260952677745 -98.906258 79.631256 42.806252 
141260972677745 -98.681252 79.762505 42.937500 
141260992677745 -98.437508 79.762505 43.218750 
141261012677745 -98.325005 79.931252 43.537502 
141261032677745 -98.325005 79.987503 43.762501 
141261052677745 -98.118752 80.081253 43.912502 
141261072677745 -98.043755 80.062500 44.118752 
141261092677745 -98.137505 80.287506 44.493752 
141261112677745 -97.781258 80.325005 44.550003 
141261132677745 -97.687508 80.325005 44.793751 
141261152677745 -97.893753 80.418755 44.793751 
141261172677745 -97.837502 80.343750 44.737503 
141261192677745 -97.893753 80.381256 44.775002 
141261212677745 -98.100006 80.568756 44.625000 
141261232677745 -98.137505 80.325005 44.381252 
141261252677745 -98.231255 80.175003 44.043751 
141261272677745 -98.512505 80.175003 43.987503 
141261292677745 -98.793755 80.493752 43.725002 
141261312677745 -98.756256 80.400002 43.818752 
141261332677745 -98.925003 80.456253 43.781250 
141261352677745 -98.943756 80.531250 43.800003 
141261372677745 -99.056252 80.512505 43.818752 
141261392677745 -99.206253 80.868752 43.650002 
141261412677745 -99.543755 81.037506 43.612503 
141261432677745 -99.881256 80.981255 43.743752 
141261452677745 -99.862503 80.625000 43.856251 
141261472677745 -100.106255 80.643753 43.537502 
141261492677745 -100.143753 80.531250 43.706253 
141261512677745 -100.162506 80.306252 43.687500 
141261532677745 -100.293755 80.156250 43.762501 
141261552677745 -100.650002 80.062500 43.893753 
141261572677745 -100.781258 80.006256 43.931252 
141261592677745 -100.650002 79.818756 43.743752 
141261612677745 -100.725006 79.950005 43.818752 
141261632677745 -100.556252 80.043755 43.950001 
141261652677745 -100.575005 80.156250 43.762501 
141261672677745 -100.725006 80.475006 43.800003 
141261692677745 -100.556252 80.512505 43.687500 
141261712677745 -100.368752 80.287506 43.818752 
141261732677745 -100.200005 80.250000 43.743752 
141261752677745 -100.143753 80.437500 43.875000 
141261772677745 -100.237503 80.400002 43.781250 
141261792677745 -100.500008 80.381256 43.687500 
141261812677745 -100.331253 80.100006 43.837502 
141261832677745 -100.275002 79.837502 43.631252 
141261852677745 -100.218758 79.725006 43.668751 
141261872677745 -100.087502 79.968750 43.556252 
141261892677745 -100.218758 80.062500 43.650002 
141261912677745 -100.387505 80.081253 43.612503 
141261932677745 -100.256256 80.043755 43.631252 
141261952677745 -100.143753 79.950005 43.687500 
141261972677745 -100.406258 80.100006 43.687500 
141261992677745 -100.368752 80.137505 43.781250 
141262012677745 -100.518753 80.193756 43.556252 
141262032677745 -100.556252 80.025002 43.481251 
141262052677745 -100.762505 79.931252 43.612503 
141262072677745 -100.593758 80.006256 43.500000 
141262092677745 -100.443756 79.837502 43.481251 
141262112677745 -100.256256 79.743752 43.668751 
141262132677745 -100.237503 79.781250 43.593750 
141262152677745 -100.256256 79.668755 43.706253 
141262172677745 -100.106255 79.500000 44.006252 
141262192677745 -99.937508 79.631256 44.325001 
141262212677745 -99.450005 79.631256 44.268753 
141262232677745 -99.300003 79.537506 44.643753 
141262252677745 -99.393753 79.800003 45.075001 
141262272677745 -99.468758 79.912506 45.093750 
141262292677745 -99.300003 79.837502 45.262501 
141262312677745 -99.131256 80.081253 45.337502 
141262332677745 -99.168755 80.437500 45.168751 
141262352677745 -99.300003 80.550003 45.131252 
141262372677745 -99.450005 80.643753 45.037502 
141262392677745 -99.618752 80.700005 44.850002 
141262412677745 -99.318756 80.512505 44.625000 
141262432677745 -99.318756 80.587502 44.606251 
141262452677745 -99.618752 80.718750 44.550003 
141262472677745 -99.937508 80.418755 44.568752 
141262492677745 -99.881256 80.081253 45.112503 
141262512677745 -99.787506 79.537506 45.525002 
141262532677745 -99.900002 78.975006 46.181252 
141262552677745 -99.918755 78.600006 46.912502 
141262572677745 -100.125008 78.318756 48.037502 
141262592677745 -100.237503 77.643753 49.181252 
141262612677745 -99.956253 76.856255 50.306252 
141262632677745 -99.675003 76.481255 51.543751 
141262652677745 -99.768753 75.825005 52.425003 
141262672677745 -99.900002 75.431252 53.456253 
141262692677745 -99.618752 75.018753 54.131252 
141262712677745 -99.337502 74.643753 54.487503 
141262732677745 -99.431252 74.437500 54.393753 
141262752677745 -99.075005 74.981255 54.018753 
141262772677745 -98.643753 75.562500 53.418751 
141262792677745 -98.400002 75.993752 52.481251 
141262812677745 -97.987503 77.137505 51.243752 
141262832677745 -97.293755 78.281250 49.462502 
141262852677745 -96.806252 79.612503 47.925003 
141262872677745 -96.393753 81.037506 46.143753 
141262892677745 -95.250000 82.143753 44.175003 
141262912677745 -94.368752 82.875000 42.243752 
141262932677745 -93.918755 83.737503 40.462502 
141262952677745 -93.300003 84.562500 38.662502 
141262972677745 -92.381256 85.162506 37.068752 
141262992677745 -91.818756 85.800003 35.850002 
141263012677745 -91.350006 86.456253 34.331253 
141263032677745 -90.693756 86.887505 33.375000 
141263052677745 -90.225006 87.225006 32.568752 
141263072677745 -90.056252 87.618752 32.268753 
141263092677745 -89.493752 88.012505 31.968752 
141263112677745 -89.325005 88.350006 32.025002 
141263132677745 -89.250000 88.481255 32.156250 
141263152677745 -89.231255 88.350006 32.231251 
141263172677745 -89.306252 88.143753 32.868752 
141263192677745 -89.737503 87.900002 33.468750 
141263212677745 -90.543755 87.731255 34.218750 
141263232677745 -91.181252 87.300003 35.043751 
141263252677745 -92.025002 86.512505 36.018753 
141263272677745 -92.606255 85.800003 37.031250 
141263292677745 -93.637505 84.656250 38.118752 
141263312677745 -94.537506 83.962502 39.562500 
141263332677745 -95.362503 82.931252 40.837502 
141263352677745 -96.281258 81.712502 42.412502 
141263372677745 -96.975006 80.475006 44.250000 
141263392677745 -97.687508 79.087502 45.768753 
141263412677745 -98.493752 77.887505 47.362503 
141263432677745 -99.037506 76.462502 48.900002 
141263452677745 -99.093758 75.600006 50.681252 
141263472677745 -99.206253 74.418755 52.012501 
141263492677745 -99.468758 73.462502 53.418751 
141263512677745 -99.562508 72.768753 54.281254 
141263532677745 -99.506256 72.281250 54.787502 
141263552677745 -99.506256 72.225006 55.012501 
141263572677745 -99.393753 72.618752 54.806252 
141263592677745 -99.225006 73.237503 54.262501 
141263612677745 -99.187508 74.175003 53.343754 
141263632677745 -99.300003 75.075005 52.537502 
141263652677745 -98.756256 76.181252 51.393753 
141263672677745 -98.268753 77.250000 50.231251 
141263692677745 -98.006256 78.468750 49.143753 
141263712677745 -97.593758 79.275002 48.300003 
141263732677745 -97.556252 79.593750 47.925003 
141263752677745 -97.762505 79.800003 47.887501 
141263772677745 -98.268753 79.331253 47.925003 
141263792677745 -98.587502 78.806252 48.187504 
141263812677745 -99.168755 78.243752 48.843754 
141263832677745 -99.768753 77.100006 49.743752 
141263852677745 -100.256256 75.787506 50.812504 
141263872677745 -100.743752 74.775002 51.918751 
141263892677745 -100.875008 73.950005 53.025002 
141263912677745 -101.006256 73.256256 53.850002 
141263932677745 -100.968758 72.993752 54.562504 
141263952677745 -100.668755 72.975006 54.937504 
141263972677745 -100.500008 73.012505 54.787502 
141263992677745 -100.481255 73.518753 54.412502 
141264012677745 -100.425003 74.381256 53.756252 
141264032677745 -100.350006 75.150002 52.631252 
141264052677745 -100.087502 75.993752 51.112503 
141264072677745 -99.618752 76.818756 49.856251 
141264092677745 -99.450005 77.681252 48.618752 
141264112677745 -99.506256 78.356255 47.362503 
141264132677745 -99.581253 78.900002 46.331253 
141264152677745 -99.675003 79.256256 45.487503 
141264172677745 -99.918755 79.125000 44.831253 
141264192677745 -100.368752 79.031250 44.550003 
141264212677745 -100.968758 78.675003 44.662502 
141264232677745 -101.887505 78.337502 44.718750 
141264252677745 -102.487503 77.531250 44.943752 
141264272677745 -103.200005 76.593750 45.600002 
141264292677745 -103.743752 75.412506 46.293751 
141264312677745 -104.025002 74.625000 47.437500 
141264332677745 -104.381256 73.893753 48.412502 
141264352677745 -104.343758 73.162506 49.537502 
141264372677745 -104.175003 72.506256 50.437504 
141264392677745 -104.025002 71.756256 51.243752 
141264412677745 -103.762505 71.381256 51.900002 
141264432677745 -103.556252 71.287506 52.331253 
141264452677745 -103.387505 71.550003 52.556252 
141264472677745 -103.125008 72.131256 52.050003 
141264492677745 -102.768753 72.825005 51.262501 
141264512677745 -102.487503 73.593750 50.062504 
141264532677745 -102.300003 74.550003 49.125004 
141264552677745 -101.850006 75.487503 47.887501 
141264572677745 -101.268753 76.556252 46.837502 
141264592677745 -100.781258 77.493752 45.843750 
141264612677745 -100.406258 78.187500 45.018753 
141264632677745 -100.125008 78.281250 44.550003 
141264652677745 -99.900002 78.506256 44.568752 
141264672677745 -99.956253 78.356255 44.887501 
141264692677745 -100.068756 78.075005 45.093750 
141264712677745 -100.275002 77.718750 45.712502 
141264732677745 -100.818756 77.156250 46.350002 
141264752677745 -101.137505 76.500000 46.706253 
141264772677745 -101.362503 76.162506 47.381252 
141264792677745 -101.475006 75.637505 47.887501 
141264812677745 -101.643753 75.131256 48.150002 
141264832677745 -101.587502 74.718750 48.337502 
141264852677745 -101.568756 74.493752 48.562504 
141264872677745 -101.381256 74.531250 48.525002 
141264892677745 -101.137505 74.662506 48.206253 
141264912677745 -100.631256 75.112503 47.868752 
141264932677745 -100.106255 75.412506 47.268753 
141264952677745 -99.787506 75.993752 46.725002 
141264972677745 -99.243752 76.537506 46.143753 
141264992677745 -98.793755 77.062500 45.543751 
141265012677745 -98.118752 77.625000 45.037502 
141265032677745 -97.762505 78.000000 44.625000 
141265052677745 -97.668755 78.131256 44.343750 
141265072677745 -97.668755 78.300003 44.400002 
141265092677745 -97.856255 78.206253 44.531250 
141265112677745 -97.950005 78.093750 44.775002 
141265132677745 -98.231255 77.812500 45.150002 
141265152677745 -98.512505 77.493752 45.600002 
141265172677745 -99.000008 76.893753 46.106251 
141265192677745 -99.393753 76.368752 46.650002 
141265212677745 -99.468758 75.975006 47.287502 
141265232677745 -99.656258 75.468750 47.962502 
141265252677745 -99.787506 74.962502 48.900002 
141265272677745 -99.937508 74.493752 49.293751 
141265292677745 -99.768753 74.306252 49.856251 
141265312677745 -99.750008 74.400002 50.400002 
141265332677745 -99.618752 74.362503 50.512501 
141265352677745 -99.487503 74.550003 50.437504 
141265372677745 -99.187508 74.812500 50.231251 
141265392677745 -98.718758 74.962502 49.781254 
141265412677745 -98.437508 75.693756 49.106251 
141265432677745 -98.100006 76.368752 48.487503 
141265452677745 -97.818756 76.931252 47.662502 
141265472677745 -97.443756 77.418755 46.837502 
141265492677745 -97.350006 78.300003 46.143753 
141265512677745 -97.106255 78.806252 45.806252 
141265532677745 -97.162506 79.050003 45.318752 
141265552677745 -97.425003 79.331253 45.131252 
141265572677745 -97.743752 79.200005 44.925003 
141265592677745 -98.156258 79.031250 45.225002 
141265612677745 -98.962502 78.731255 45.675003 
141265632677745 -99.675003 78.356255 46.237503 
141265652677745 -100.143753 77.550003 46.950001 
141265672677745 -100.612503 76.762505 47.568752 
141265692677745 -101.175003 75.956253 48.450001 
141265712677745 -101.625008 75.281250 49.125004 
141265732677745 -101.700005 74.775002 49.687504 
141265752677745 -101.643753 74.587502 50.175003 
141265772677745 -101.643753 74.437500 50.362503 
141265792677745 -101.343758 74.362503 50.306252 
141265812677745 -101.306252 74.718750 49.762501 
141265832677745 -101.250008 75.243752 49.256252 
141265852677745 -100.837502 76.162506 48.656254 
141265872677745 -100.331253 76.837502 47.887501 
141265892677745 -99.918755 77.775002 47.043751 
141265912677745 -99.693756 78.187500 46.256252 
141265932677745 -99.393753 78.731255 45.656250 
141265952677745 -99.543755 79.275002 45.300003 
141265972677745 -99.337502 79.406250 45.262501 
141265992677745 -99.243752 79.556252 45.225002 
141266012677745 -99.337502 79.368752 45.187500 
141266032677745 -99.825005 79.106255 45.543751 
141266052677745 -100.181252 78.412506 46.237503 
141266072677745 -100.818756 77.906250 46.931252 
141266092677745 -101.081253 77.100006 47.718750 
141266112677745 -101.325005 76.087502 48.412502 
141266132677745 -101.756256 75.262505 49.218754 
141266152677745 -101.943756 74.512505 49.875004 
141266172677745 -102.206253 74.043755 50.437504 
141266192677745 -102.412506 73.743752 50.906254 
141266212677745 -102.431252 73.406250 50.925003 
141266232677745 -102.281258 73.406250 50.793751 
141266252677745 -102.093758 73.650002 50.137501 
141266272677745 -101.681252 74.118752 49.500004 
141266292677745 -101.400002 74.925003 48.806252 
141266312677745 -101.475006 75.562500 47.943752 
141266332677745 -101.156258 76.181252 47.137501 
141266352677745 -100.668755 76.912506 46.162502 
141266372677745 -100.500008 77.625000 45.450001 
141266392677745 -100.237503 78.131256 44.718750 
141266412677745 -100.200005 78.487503 44.343750 
141266432677745 -100.293755 78.900002 44.137501 
141266452677745 -100.443756 78.675003 43.837502 
141266472677745 -100.612503 78.637505 43.893753 
141266492677745 -101.137505 78.412506 43.912502 
141266512677745 -101.531258 78.075005 44.137501 
141266532677745 -101.925003 77.868752 43.856251 
141266552677745 -102.281258 77.718750 43.781250 
141266572677745 -102.525002 77.625000 43.800003 
141266592677745 -102.937508 77.287506 43.762501 
141266612677745 -103.050003 77.268753 43.781250 
141266632677745 -103.237503 76.968750 43.818752 
141266652677745 -103.425003 76.725006 44.193752 
141266672677745 -103.593758 76.331253 44.587502 
141266692677745 -103.725006 75.693756 45.562500 
141266712677745 -103.781258 75.056252 46.631252 
141266732677745 -103.800003 74.306252 47.681252 
141266752677745 -103.725006 73.556252 48.618752 
141266772677745 -103.612503 72.918755 49.556252 
141266792677745 -103.500008 72.600006 50.343754 
141266812677745 -103.462502 72.056252 50.756252 
141266832677745 -103.368752 71.868752 50.943752 
141266852677745 -103.443756 72.150002 50.981251 
141266872677745 -103.350006 72.356255 50.475002 
141266892677745 -103.350006 72.900002 49.668751 
141266912677745 -102.937508 73.687500 48.712502 
141266932677745 -102.712502 74.775002 47.850002 
141266952677745 -102.018753 75.806252 46.687500 
141266972677745 -101.006256 77.137505 45.318752 
141266992677745 -100.218758 78.412506 43.968750 
141267012677745 -99.112503 79.743752 42.356251 
141267032677745 -98.062508 80.925003 41.062500 
141267052677745 -97.031258 82.125000 39.543751 
141267072677745 -95.925003 83.268753 38.062500 
141267092677745 -94.931252 83.925003 36.393753 
141267112677745 -94.275002 84.600006 34.893753 
141267132677745 -93.506256 85.331253 33.843750 
141267152677745 -92.700005 85.912506 32.775002 
141267172677745 -92.287506 86.268753 31.818750 
141267192677745 -91.950005 86.662506 30.881250 
141267212677745 -91.837502 86.756256 30.600000 
141267232677745 -92.062500 86.793755 30.506250 
141267252677745 -92.231255 86.775002 30.637501 
141267272677745 -92.287506 86.550003 30.768751 
141267292677745 -92.868752 86.306252 30.900002 
141267312677745 -93.562500 86.081253 31.500002 
141267332677745 -94.143753 85.443756 32.268753 
141267352677745 -95.006256 84.881256 33.000000 
141267372677745 -95.737503 84.450005 33.543751 
141267392677745 -96.787506 83.643753 34.462502 
141267412677745 -98.118752 82.950005 35.175003 
141267432677745 -99.356255 82.162506 36.356251 
141267452677745 -100.481255 81.037506 37.537502 
141267472677745 -101.325005 79.781250 38.625000 
141267492677745 -102.075005 78.731255 39.825001 
141267512677745 -102.918755 77.550003 41.568752 
141267532677745 -103.650002 76.125000 43.537502 
141267552677745 -103.987503 75.018753 45.168751 
141267572677745 -103.968758 73.800003 47.006252 
141267592677745 -103.837502 72.618752 48.562504 
141267612677745 -103.687508 71.737503 49.875004 
141267632677745 -103.575005 71.137505 51.225002 
141267652677745 -103.537506 70.762505 52.275002 
141267672677745 -103.106255 70.668755 52.537502 
141267692677745 -102.675003 71.081253 52.631252 
141267712677745 -102.243752 71.718750 52.256252 
141267732677745 -101.700005 72.618752 51.393753 
141267752677745 -101.550003 73.631256 50.531254 
141267772677745 -101.025002 74.775002 49.612503 
141267792677745 -100.481255 75.937500 47.962502 
141267812677745 -99.525002 77.025002 46.500000 
141267832677745 -98.587502 78.300003 45.075001 
141267852677745 -97.593758 79.331253 43.368752 
141267872677745 -96.468758 80.193756 41.868752 
141267892677745 -95.362503 81.093750 40.650002 
141267912677745 -93.993752 82.368752 39.356251 
141267932677745 -92.793755 83.343750 38.043751 
141267952677745 -91.593750 84.318756 37.087502 
141267972677745 -90.806252 85.087502 36.018753 
141267992677745 -90.131256 85.781250 35.081253 
141268012677745 -89.681252 86.343750 34.443752 
141268032677745 -89.493752 86.831253 33.712502 
141268052677745 -89.512505 87.093750 33.150002 
141268072677745 -89.793755 87.018753 32.943752 
141268092677745 -90.037506 86.850006 32.943752 
141268112677745 -90.768753 86.531250 32.962502 
141268132677745 -91.293755 86.193756 33.431252 
141268152677745 -91.912506 85.725006 34.087502 
141268172677745 -92.718750 85.181252 34.668751 
141268192677745 -93.356255 84.431252 35.887501 
141268212677745 -94.106255 83.775002 37.293751 
141268232677745 -94.950005 82.818756 38.681252 
141268252677745 -95.943756 81.918755 39.843750 
141268272677745 -96.825005 81.093750 41.418751 
141268292677745 -97.743752 80.025002 42.787502 
141268312677745 -98.325005 78.900002 44.456253 
141268332677745 -98.606255 77.531250 46.237503 
141268352677745 -99.075005 76.312500 47.812500 
141268372677745 -99.168755 75.131256 49.368752 
141268392677745 -98.943756 74.287506 50.662502 
141268412677745 -98.662506 73.406250 52.106251 
141268432677745 -97.968758 72.731255 52.987503 
141268452677745 -97.481255 72.618752 53.700001 
141268472677745 -97.275002 72.675003 53.756252 
141268492677745 -96.862503 73.256256 53.362503 
141268512677745 -96.600006 74.156250 52.481251 
141268532677745 -96.375008 74.943756 51.281254 
141268552677745 -96.318756 75.881256 49.856251 
141268572677745 -96.112503 76.893753 48.412502 
141268592677745 -96.281258 77.737503 46.968750 
141268612677745 -96.356255 78.487503 45.712502 
141268632677745 -96.318756 78.900002 44.887501 
141268652677745 -96.656258 79.068756 44.381252 
141268672677745 -97.087502 79.012505 44.306252 
141268692677745 -97.387505 78.862503 44.475002 
141268712677745 -98.062508 78.262505 45.093750 
141268732677745 -98.362503 77.643753 45.825001 
141268752677745 -98.793755 76.762505 47.006252 
141268772677745 -99.150002 75.768753 48.243752 
141268792677745 -99.712502 74.943756 49.331253 
141268812677745 -100.125008 74.137505 50.418751 
141268832677745 -100.068756 73.612503 51.168751 
141268852677745 -100.350006 73.218750 51.731251 
141268872677745 -99.993752 72.993752 52.200001 
141268892677745 -100.181252 72.993752 52.350002 
141268912677745 -100.012505 73.331253 52.181252 
141268932677745 -99.825005 73.837502 51.656254 
141268952677745 -99.318756 74.418755 50.775002 
141268972677745 -98.700005 75.225006 49.837502 
141268992677745 -98.343758 75.843750 49.106251 
141269012677745 -98.043755 76.593750 48.187504 
141269032677745 -98.025002 77.400002 47.193752 
141269052677745 -97.968758 77.981255 46.275002 
141269072677745 -98.062508 78.431252 45.543751 
141269092677745 -98.606255 78.675003 45.018753 
141269112677745 -99.356255 78.468750 44.831253 
141269132677745 -100.068756 77.981255 44.850002 
141269152677745 -100.893753 77.381256 44.906250 
141269172677745 -101.456253 76.537506 45.168751 
141269192677745 -102.281258 75.768753 45.506252 
141269212677745 -103.012505 75.112503 45.825001 
141269232677745 -103.631256 74.381256 46.218750 
141269252677745 -103.743752 73.650002 46.518753 
141269272677745 -103.893753 73.537506 46.931252 
141269292677745 -104.175003 73.631256 46.912502 
141269312677745 -104.231255 73.800003 46.725002 
141269332677745 -104.193756 74.287506 46.518753 
141269352677745 -103.893753 74.606255 46.293751 
141269372677745 -103.481255 75.056252 46.162502 
141269392677745 -103.031258 75.450005 45.881252 
141269412677745 -102.787506 75.918755 45.543751 
141269432677745 -102.375008 76.406250 45.037502 
141269452677745 -101.925003 76.575005 44.681252 
141269472677745 -101.418755 76.800003 44.681252 
141269492677745 -101.025002 76.875000 44.737503 
141269512677745 -100.443756 76.987503 44.756252 
141269532677745 -100.050003 77.137505 44.925003 
141269552677745 -99.675003 77.287506 45.037502 
141269572677745 -99.206253 77.475006 45.450001 
141269592677745 -98.831253 77.381256 45.900002 
141269612677745 -98.362503 77.456253 46.537502 
141269632677745 -98.118752 77.475006 47.156250 
141269652677745 -97.706253 77.625000 47.606251 
141269672677745 -97.331253 77.493752 48.056252 
141269692677745 -97.106255 77.231255 48.431252 
141269712677745 -96.825005 77.118752 48.918751 
141269732677745 -96.618752 77.118752 49.068752 
141269752677745 -96.450005 77.043755 49.293751 
141269772677745 -96.243752 77.100006 49.162502 
141269792677745 -95.868752 77.250000 49.068752 
141269812677745 -95.887505 76.987503 48.956253 
141269832677745 -95.943756 77.081253 48.956253 
141269852677745 -96.112503 77.362503 48.862503 
141269872677745 -96.300003 77.625000 48.543751 
141269892677745 -96.281258 77.475006 48.356251 
141269912677745 -96.600006 77.306252 48.131252 
141269932677745 -97.181252 76.931252 48.056252 
141269952677745 -97.800003 76.575005 48.018753 
141269972677745 -98.418755 76.218750 48.318752 
141269992677745 -99.037506 75.731255 48.600002 
141270012677745 -99.468758 74.831253 49.125004 
141270032677745 -100.050003 73.593750 49.762501 
141270052677745 -100.725006 72.731255 50.475002 
141270072677745 -101.193756 71.906250 51.168751 
141270092677745 -101.550003 71.287506 51.918751 
141270112677745 -101.775002 70.800003 52.162502 
141270132677745 -101.962502 70.725006 52.068752 
141270152677745 -102.131256 70.856255 51.600002 
141270172677745 -102.393753 71.175003 50.793751 
141270192677745 -102.431252 72.093750 49.800003 
141270212677745 -102.600006 73.106255 48.393753 
141270232677745 -102.318756 74.343750 46.912502 
141270252677745 -102.168755 75.693756 45.150002 
141270272677745 -101.850006 76.818756 43.556252 
141270292677745 -100.893753 78.018753 41.925003 
141270312677745 -99.918755 79.237503 40.443752 
141270332677745 -98.850006 80.568756 38.718750 
141270352677745 -97.856255 81.787506 37.068752 
141270372677745 -96.656258 82.856255 35.493752 
141270392677745 -96.056252 83.793755 33.993752 
141270412677745 -95.175003 84.600006 32.643753 
141270432677745 -94.443756 85.293755 31.200001 
141270452677745 -94.218750 85.818756 29.981251 
141270472677745 -94.200005 86.100006 28.762501 
141270492677745 -94.275002 86.381256 28.218752 
141270512677745 -94.443756 86.231255 27.637501 
141270532677745 -94.687500 86.081253 27.581251 
141270552677745 -94.931252 85.931252 27.281252 
141270572677745 -95.343750 85.500000 27.412500 
141270592677745 -95.887505 85.293755 27.768751 
141270612677745 -96.806252 85.143753 28.387501 
141270632677745 -97.350006 84.600006 29.175001 
141270652677745 -98.250008 84.056252 29.775002 
141270672677745 -98.981255 83.287506 30.731251 
141270692677745 -99.918755 82.443756 31.706251 
141270712677745 -100.837502 81.262505 33.281250 
141270732677745 -102.037506 80.137505 34.837502 
141270752677745 -103.068756 78.618752 36.656250 
141270772677745 -103.856255 77.043755 38.606251 
141270792677745 -104.793755 75.825005 40.818752 
141270812677745 -105.356255 74.306252 43.012501 
141270832677745 -105.937508 73.293755 45.018753 
141270852677745 -106.218758 71.906250 47.100002 
141270872677745 -106.312508 70.818756 48.656254 
141270892677745 -105.881256 70.218750 50.118752 
141270912677745 -105.618752 69.843750 50.925003 
141270932677745 -105.243752 69.656250 51.093754 
141270952677745 -104.887505 69.843750 50.868752 
141270972677745 -104.550003 70.181252 50.400002 
141270992677745 -104.287506 70.800003 49.575001 
141271012677745 -103.987503 71.962502 48.243752 
141271032677745 -103.350006 73.462502 46.725002 
141271052677745 -102.843758 74.775002 45.037502 
141271072677745 -102.243752 76.331253 43.425003 
141271092677745 -101.381256 77.906250 41.812500 
141271112677745 -100.312508 79.237503 40.275002 
141271132677745 -99.018753 80.775002 38.812500 
141271152677745 -97.781258 81.956253 37.518753 
141271172677745 -96.375008 83.175003 36.243752 
141271192677745 -95.456253 84.000000 35.250000 
141271212677745 -94.425003 84.806252 34.200001 
141271232677745 -93.412506 85.500000 33.150002 
141271252677745 -92.756256 85.875000 32.437500 
141271272677745 -92.343750 86.212502 31.912500 
141271292677745 -92.193756 86.362503 31.462502 
141271312677745 -92.006256 86.512505 31.481251 
141271332677745 -92.268753 86.493752 31.687502 
141271352677745 -92.156250 86.475006 32.081253 
141271372677745 -92.325005 86.231255 32.550003 
141271392677745 -93.093750 85.706253 33.562500 
141271412677745 -93.543755 85.350006 34.818752 
141271432677745 -94.125000 84.618752 35.793751 
141271452677745 -94.725006 84.112503 37.143753 
141271472677745 -95.287506 83.175003 38.606251 
141271492677745 -95.775002 82.218750 39.975002 
141271512677745 -96.675003 81.112503 41.606251 
141271532677745 -97.518753 79.893753 43.631252 
141271552677745 -97.687508 78.712502 45.581253 
141271572677745 -97.725006 77.193756 47.606251 
141271592677745 -97.650002 75.975006 49.856251 
141271612677745 -97.350006 74.512505 51.881252 
141271632677745 -96.900002 73.706253 53.343754 
141271652677745 -96.468758 72.937500 54.956253 
141271672677745 -95.662506 72.187500 56.212502 
141271692677745 -95.006256 71.925003 56.906254 
141271712677745 -94.331253 72.075005 57.168751 
141271732677745 -94.087502 72.543755 56.756252 
141271752677745 -93.806252 73.462502 56.062504 
141271772677745 -93.581253 74.493752 55.087502 
141271792677745 -93.356255 75.412506 53.981251 
141271812677745 -92.981255 76.237503 53.193752 
141271832677745 -93.093750 77.343750 52.012501 
141271852677745 -93.093750 77.962502 51.018753 
141271872677745 -93.318756 78.675003 50.362503 
141271892677745 -93.431252 78.937500 50.025002 
141271912677745 -93.750000 78.900002 49.987503 
141271932677745 -94.068756 78.693756 50.062504 
141271952677745 -94.631256 78.375000 50.550003 
141271972677745 -95.400002 77.981255 50.737503 
141271992677745 -95.943756 77.343750 51.037502 
141272012677745 -96.281258 76.968750 51.487503 
141272032677745 -96.693756 76.143753 51.862503 
141272052677745 -97.031258 75.600006 52.012501 
141272072677745 -97.387505 75.018753 51.937504 
141272092677745 -97.743752 74.643753 52.106251 
141272112677745 -98.118752 74.343750 51.993752 
141272132677745 -98.287506 74.268753 51.675003 
141272152677745 -98.550003 74.568756 51.431252 
141272172677745 -98.662506 74.868752 50.981251 
141272192677745 -98.868752 75.300003 50.362503 
141272212677745 -99.262505 75.918755 49.687504 
141272232677745 -99.262505 76.743752 48.900002 
141272252677745 -99.487503 77.400002 47.700001 
141272272677745 -99.262505 78.150002 46.875000 
141272292677745 -99.487503 78.731255 46.218750 
141272312677745 -99.450005 78.975006 45.712502 
141272332677745 -99.600006 79.068756 45.581253 
141272352677745 -99.581253 78.956253 45.750000 
141272372677745 -99.656258 78.468750 46.425003 
141272392677745 -99.825005 77.812500 47.568752 
141272412677745 -99.731255 77.193756 49.031254 
141272432677745 -99.750008 76.218750 50.531254 
141272452677745 -99.525002 75.150002 52.031254 
141272472677745 -99.131256 74.175003 53.531254 
141272492677745 -98.587502 73.443756 54.787502 
141272512677745 -98.193756 72.993752 55.931252 
141272532677745 -97.368752 73.050003 56.512501 
141272552677745 -96.787506 73.237503 56.718754 
141272572677745 -96.468758 73.293755 56.643753 
141272592677745 -96.075005 73.762505 56.268753 
141272612677745 -95.606255 74.625000 55.687504 
141272632677745 -95.175003 75.600006 54.862503 
141272652677745 -95.287506 76.462502 54.075001 
141272672677745 -94.987503 77.231255 53.175003 
141272692677745 -94.837502 77.606255 52.556252 
141272712677745 -94.556252 78.000000 52.050003 
141272732677745 -94.237503 78.600006 51.656254 
141272752677745 -94.387505 78.825005 51.450001 
141272772677745 -94.556252 78.768753 51.375004 
141272792677745 -94.725006 78.450005 51.731251 
141272812677745 -94.631256 77.981255 52.312504 
141272832677745 -94.537506 77.475006 52.893753 
141272852677745 -94.725006 76.837502 53.775002 
141272872677745 -94.743752 75.937500 54.618752 
141272892677745 -94.537506 74.793755 55.593754 
141272912677745 -94.087502 74.043755 56.381252 
141272932677745 -93.506256 73.312500 57.356251 
141272952677745 -93.093750 72.787506 57.825001 
141272972677745 -92.925003 72.750000 57.993752 
141272992677745 -92.850006 72.862503 58.068752 
141273012677745 -92.700005 73.350006 57.600002 
141273032677745 -92.662506 74.175003 56.906254 
141273052677745 -92.381256 75.131256 56.025002 
141273072677745 -92.381256 76.106255 55.200001 
141273092677745 -92.531250 77.118752 54.131252 
141273112677745 -92.531250 78.112503 53.081253 
141273132677745 -92.287506 78.900002 52.275002 
141273152677745 -92.362503 79.406250 51.543751 
141273172677745 -92.325005 79.593750 51.112503 
141273192677745 -92.325005 79.687500 51.112503 
141273212677745 -92.625000 79.593750 51.356251 
141273232677745 -92.887505 79.031250 51.918751 
141273252677745 -93.168755 78.356255 52.406254 
141273272677745 -93.450005 77.531250 53.418751 
141273292677745 -93.787506 76.500000 54.393753 
141273312677745 -93.975006 75.300003 55.237503 
141273332677745 -94.181252 74.550003 56.025002 
141273352677745 -94.518753 73.537506 56.475002 
141273372677745 -95.025002 73.200005 56.587502 
141273392677745 -95.212502 73.143753 56.043751 
141273412677745 -95.381256 73.406250 55.687504 
141273432677745 -95.831253 73.968750 54.768753 
141273452677745 -96.093758 74.812500 53.568752 
141273472677745 -96.318756 75.806252 52.537502 
141273492677745 -96.600006 76.612503 51.112503 
141273512677745 -96.543755 77.568756 50.025002 
141273532677745 -96.506256 78.262505 49.050003 
141273552677745 -96.787506 78.862503 48.356251 
141273572677745 -96.918755 79.162506 47.812500 
141273592677745 -97.068756 79.181252 47.625000 
141273612677745 -97.387505 78.768753 47.493752 
141273632677745 -97.781258 78.468750 47.568752 
141273652677745 -98.081253 78.075005 48.281254 
141273672677745 -98.343758 77.437500 49.050003 
141273692677745 -98.362503 76.500000 50.287502 
141273712677745 -98.512505 75.562500 51.731251 
141273732677745 -98.606255 74.812500 52.818752 
141273752677745 -98.493752 74.100006 53.681252 
141273772677745 -98.437508 73.668755 54.506252 
141273792677745 -98.250008 73.425003 54.956253 
141273812677745 -98.025002 73.481255 54.975002 
141273832677745 -98.025002 73.987503 54.356251 
141273852677745 -97.950005 74.737503 53.343754 
141273872677745 -97.462502 75.581253 52.106251 
141273892677745 -97.125008 76.537506 50.812504 
141273912677745 -96.806252 77.550003 49.650002 
141273932677745 -96.206253 78.356255 48.918751 
141273952677745 -95.831253 79.125000 48.168751 
141273972677745 -95.287506 79.575005 47.625000 
141273992677745 -95.081253 79.725006 47.493752 
141274012677745 -95.212502 79.443756 47.362503 
141274032677745 -95.512505 79.087502 47.718750 
141274052677745 -95.643753 78.525002 48.450001 
141274072677745 -95.812500 77.587502 49.275002 
141274092677745 -96.037506 76.612503 50.231251 
141274112677745 -95.981255 75.412506 51.300003 
141274132677745 -96.487503 74.512505 52.537502 
141274152677745 -96.506256 73.556252 53.756252 
141274172677745 -96.318756 73.087502 55.012501 
141274192677745 -95.962502 72.581253 55.650002 
141274212677745 -95.962502 72.581253 55.743752 
141274232677745 -95.962502 73.143753 55.575001 
141274252677745 -96.037506 73.856255 54.768753 
141274272677745 -95.962502 74.850006 54.037502 
141274292677745 -95.887505 75.768753 52.893753 
141274312677745 -95.831253 76.875000 51.806252 
141274332677745 -95.775002 77.775002 50.587502 
141274352677745 -95.718750 78.731255 49.575001 
141274372677745 -95.625000 79.125000 48.937504 
141274392677745 -95.568756 79.443756 48.562504 
141274412677745 -95.568756 79.387505 48.468754 
141274432677745 -95.868752 79.106255 48.618752 
141274452677745 -95.831253 78.581253 49.256252 
141274472677745 -95.662506 77.718750 49.875004 
141274492677745 -95.606255 76.837502 50.887501 
141274512677745 -95.568756 75.825005 52.312504 
141274532677745 -95.381256 74.962502 53.681252 
141274552677745 -94.912506 73.818756 55.106251 
141274572677745 -94.387505 73.143753 56.400002 
141274592677745 -93.843750 72.693756 57.281254 
141274612677745 -93.356255 72.525002 57.900002 
141274632677745 -93.150002 72.656250 57.993752 
141274652677745 -92.906250 73.143753 57.600002 
141274672677745 -92.493752 73.762505 56.887501 
141274692677745 -92.231255 74.381256 56.006252 
141274712677745 -92.175003 75.262505 54.825001 
141274732677745 -92.100006 76.143753 53.625004 
141274752677745 -92.025002 76.968750 52.556252 
141274772677745 -91.987503 77.512505 51.281254 
141274792677745 -91.781250 77.962502 50.737503 
141274812677745 -91.875000 78.112503 50.381252 
141274832677745 -91.987503 78.075005 50.137501 
141274852677745 -92.025002 77.981255 50.006252 
141274872677745 -92.156250 77.550003 50.400002 
141274892677745 -92.381256 77.081253 50.943752 
141274912677745 -92.531250 76.368752 51.675003 
141274932677745 -92.662506 75.637505 52.668751 
141274952677745 -92.756256 75.056252 53.606251 
141274972677745 -92.587502 74.118752 54.543751 
141274992677745 -92.568756 73.556252 55.425003 
141275012677745 -92.625000 73.143753 56.043751 
141275032677745 -92.606255 72.918755 56.362503 
141275052677745 -92.437500 72.918755 56.400002 
141275072677745 -92.512505 73.406250 56.250004 
141275092677745 -92.437500 74.006256 55.781254 
141275112677745 -92.512505 74.437500 54.881252 
141275132677745 -92.587502 75.431252 54.037502 
141275152677745 -92.700005 76.275002 53.212502 
141275172677745 -92.662506 76.968750 52.406254 
141275192677745 -92.681252 77.756256 51.787502 
141275212677745 -92.756256 77.981255 51.225002 
141275232677745 -92.756256 77.962502 50.850002 
141275252677745 -92.981255 78.000000 50.643753 
141275272677745 -92.981255 77.850006 50.887501 
141275292677745 -93.056252 77.587502 51.056252 
141275312677745 -93.037506 77.175003 51.187504 
141275332677745 -93.318756 76.687500 51.881252 
141275352677745 -93.225006 76.012505 52.406254 
141275372677745 -93.206253 75.393753 53.175003 
141275392677745 -93.150002 74.793755 53.718754 
141275412677745 -92.981255 74.287506 54.393753 
141275432677745 -93.168755 74.025002 54.956253 
141275452677745 -93.056252 73.706253 55.256252 
141275472677745 -93.450005 73.725006 55.650002 
141275492677745 -93.187500 73.762505 55.593754 
141275512677745 -93.487503 74.137505 55.331253 
141275532677745 -93.993752 74.812500 54.656254 
141275552677745 -93.956253 75.431252 54.131252 
141275572677745 -94.162506 76.106255 53.381252 
141275592677745 -94.162506 76.556252 52.368752 
141275612677745 -94.387505 76.875000 51.731251 
141275632677745 -93.956253 77.100006 51.075001 
141275652677745 -94.462502 77.343750 50.512501 
141275672677745 -94.556252 77.137505 50.418751 
141275692677745 -94.256256 76.893753 50.718754 
141275712677745 -94.687500 76.743752 50.981251 
141275732677745 -94.781250 76.012505 51.487503 
141275752677745 -94.987503 75.412506 52.106251 
141275772677745 -95.212502 74.850006 52.856251 
141275792677745 -95.662506 74.400002 53.437504 
141275812677745 -95.568756 74.100006 54.075001 
141275832677745 -95.775002 73.875000 54.693752 
141275852677745 -95.943756 73.837502 54.825001 
141275872677745 -95.718750 73.406250 54.993752 
141275892677745 -95.925003 73.406250 54.862503 
141275912677745 -95.962502 73.762505 54.806252 
141275932677745 -95.812500 74.362503 54.318752 
141275952677745 -95.700005 74.793755 53.868752 
141275972677745 -95.625000 74.925003 53.193752 
141275992677745 -95.493752 75.506256 52.237503 
141276012677745 -95.418755 75.843750 51.487503 
141276032677745 -95.625000 76.500000 50.793751 
141276052677745 -95.531250 77.156250 50.100002 
141276072677745 -95.700005 77.475006 49.481251 
141276092677745 -95.981255 77.662506 49.162502 
141276112677745 -96.393753 77.550003 48.843754 
141276132677745 -96.806252 77.531250 48.975002 
141276152677745 -96.975006 77.137505 49.050003 
141276172677745 -97.631256 76.593750 49.593754 
141276192677745 -97.950005 76.106255 49.725002 
141276212677745 -98.400002 75.450005 50.325001 
141276232677745 -98.662506 74.831253 50.850002 
141276252677745 -98.887505 74.193756 51.356251 
141276272677745 -98.868752 73.725006 51.881252 
141276292677745 -99.018753 73.462502 52.256252 
141276312677745 -99.337502 73.181252 52.612503 
141276332677745 -99.093758 73.331253 52.612503 
141276352677745 -98.906258 73.593750 52.800003 
141276372677745 -98.550003 73.931252 52.725002 
141276392677745 -98.400002 74.362503 52.387501 
141276412677745 -98.118752 74.850006 51.843754 
141276432677745 -97.950005 75.393753 51.018753 
141276452677745 -97.575005 75.937500 50.287502 
141276472677745 -97.350006 76.706253 49.668751 
141276492677745 -97.500008 77.043755 49.237503 
141276512677745 -97.893753 77.025002 48.843754 
141276532677745 -98.250008 76.818756 48.581253 
141276552677745 -98.606255 76.537506 48.881252 
141276572677745 -99.318756 75.937500 49.387501 
141276592677745 -99.675003 75.131256 50.475002 
141276612677745 -100.387505 74.137505 51.581253 
141276632677745 -100.650002 73.031250 52.556252 
141276652677745 -100.668755 71.943756 53.456253 
141276672677745 -100.518753 70.968750 54.412502 
141276692677745 -100.818756 70.293755 55.331253 
141276712677745 -100.800003 69.600006 55.575001 
141276732677745 -100.743752 69.356255 55.706253 
141276752677745 -100.856255 69.450005 55.368752 
141276772677745 -100.706253 69.918755 54.881252 
141276792677745 -100.650002 70.537506 54.243752 
141276812677745 -100.500008 71.512505 53.175003 
141276832677745 -100.443756 72.825005 51.993752 
141276852677745 -99.787506 74.175003 50.400002 
141276872677745 -99.112503 75.787506 48.956253 
141276892677745 -98.531258 77.381256 47.175003 
141276912677745 -97.818756 78.918755 45.468750 
141276932677745 -97.012505 80.381256 43.518753 
141276952677745 -96.281258 81.712502 41.475002 
141276972677745 -95.662506 82.818756 39.768753 
141276992677745 -94.893753 83.812500 37.950001 
141277012677745 -94.368752 84.656250 36.262501 
141277032677745 -94.125000 85.387505 34.668751 
141277052677745 -93.731255 85.837502 33.300003 
141277072677745 -93.300003 86.362503 31.968752 
141277092677745 -92.925003 86.531250 30.787500 
141277112677745 -93.037506 86.606255 30.300001 
141277132677745 -93.468750 86.550003 29.906252 
141277152677745 -94.087502 86.268753 29.437502 
141277172677745 -94.856255 86.025002 29.250002 
141277192677745 -95.437500 85.462502 29.475000 
141277212677745 -96.150002 85.087502 29.868752 
141277232677745 -97.143753 84.562500 30.431252 
141277252677745 -98.100006 83.887505 31.312502 
141277272677745 -98.812508 83.156250 32.100002 
141277292677745 -99.412506 82.612503 32.643753 
141277312677745 -100.068756 82.181252 33.656250 
141277332677745 -100.725006 81.600006 34.781250 
141277352677745 -101.268753 81.018753 35.700001 
141277372677745 -101.943756 80.118752 36.900002 
141277392677745 -102.412506 79.050003 38.381252 
141277412677745 -103.256256 78.018753 39.712502 
141277432677745 -103.762505 76.950005 41.175003 
141277452677745 -104.175003 75.825005 43.218750 
141277472677745 -104.437508 74.493752 45.112503 
141277492677745 -104.325005 73.312500 46.781250 
141277512677745 -104.381256 72.093750 48.712502 
141277532677745 -104.081253 70.875000 50.287502 
141277552677745 -104.100006 70.050003 51.225002 
141277572677745 -103.931252 69.562500 52.068752 
141277592677745 -103.818756 69.468750 52.256252 
141277612677745 -103.462502 69.450005 51.937504 
141277632677745 -103.481255 69.750000 51.393753 
141277652677745 -103.350006 70.293755 50.531254 
141277672677745 -103.181252 71.418755 48.975002 
141277692677745 -103.106255 72.712502 47.381252 
141277712677745 -102.506256 74.137505 45.881252 
141277732677745 -101.418755 75.581253 44.250000 
141277752677745 -100.237503 76.893753 42.693752 
141277772677745 -99.225006 78.525002 41.025002 
141277792677745 -97.875008 79.968750 39.431252 
141277812677745 -96.825005 80.943756 38.118752 
141277832677745 -95.437500 81.937500 37.031250 
141277852677745 -94.218750 82.931252 35.550003 
141277872677745 -93.243752 83.718750 34.256252 
141277892677745 -92.475006 84.243752 32.943752 
141277912677745 -92.100006 84.506256 31.987501 
141277932677745 -91.575005 84.600006 31.387501 
141277952677745 -91.106255 84.750000 30.750002 
141277972677745 -90.543755 85.050003 30.281252 
141277992677745 -90.600006 84.918755 29.850000 
141278012677745 -90.487503 84.787506 30.093752 
141278032677745 -90.675003 84.412506 30.525002 
141278052677745 -90.937500 84.243752 31.293751 
141278072677745 -91.200005 84.131256 31.931252 
141278092677745 -91.743752 83.981255 32.775002 
141278112677745 -92.325005 83.718750 33.618752 
141278132677745 -93.112503 83.137505 34.762501 
141278152677745 -93.750000 82.518753 36.337502 
141278172677745 -94.575005 81.768753 37.800003 
141278192677745 -95.437500 80.793755 39.506252 
141278212677745 -96.300003 79.631256 41.193752 
141278232677745 -97.162506 78.525002 43.106251 
141278252677745 -97.743752 77.100006 45.018753 
141278272677745 -98.287506 75.600006 47.025002 
141278292677745 -98.793755 74.400002 49.012501 
141278312677745 -99.093758 73.200005 50.568752 
141278332677745 -99.281258 72.150002 52.125004 
141278352677745 -99.300003 71.400002 53.137501 
141278372677745 -99.468758 70.931252 53.962502 
141278392677745 -99.543755 70.556252 54.487503 
141278412677745 -99.712502 70.706253 54.450001 
141278432677745 -99.975006 71.081253 53.981251 
141278452677745 -100.125008 71.793755 53.100002 
141278472677745 -100.275002 72.825005 51.956253 
141278492677745 -100.331253 73.968750 50.625004 
141278512677745 -100.256256 75.318756 49.143753 
141278532677745 -100.050003 76.725006 47.306252 
141278552677745 -99.562508 78.243752 45.581253 
141278572677745 -98.906258 79.668755 43.800003 
141278592677745 -97.706253 81.206253 42.131252 
141278612677745 -96.731255 82.837502 40.312500 
141278632677745 -95.700005 84.243752 38.531250 
141278652677745 -94.631256 85.612503 36.618752 
141278672677745 -93.600006 86.625000 34.893753 
141278692677745 -92.550003 87.581253 33.637501 
141278712677745 -91.612503 88.556252 32.118752 
141278732677745 -91.125000 89.306252 31.031252 
141278752677745 -90.937500 89.756256 30.300001 
141278772677745 -90.675003 89.981255 30.018751 
141278792677745 -90.675003 90.093750 30.037500 
141278812677745 -90.825005 90.093750 30.187502 
141278832677745 -91.068756 90.375000 30.468752 
141278852677745 -91.256256 90.300003 30.768751 
141278872677745 -92.118752 90.112503 31.518751 
141278892677745 -92.737503 89.756256 32.306252 
141278912677745 -93.356255 89.400002 33.150002 
141278932677745 -94.256256 89.043755 34.237503 
141278952677745 -95.212502 88.350006 35.606251 
141278972677745 -96.000000 87.656250 37.293751 
141278992677745 -97.293755 86.606255 39.243752 
141279012677745 -98.418755 85.331253 41.418751 
141279032677745 -99.093758 83.737503 43.687500 
141279052677745 -99.937508 82.181252 46.050003 
141279072677745 -100.800003 80.643753 48.393753 
141279092677745 -101.062508 78.881256 50.587502 
141279112677745 -101.287506 77.643753 52.612503 
141279132677745 -101.550003 76.162506 54.506252 
141279152677745 -101.137505 75.000000 56.156254 
141279172677745 -101.137505 74.287506 57.318752 
141279192677745 -100.950005 74.062500 58.181252 
141279212677745 -100.575005 74.100006 58.556252 
141279232677745 -100.387505 74.306252 58.556252 
141279252677745 -100.293755 74.925003 58.087502 
141279272677745 -100.068756 75.506256 57.375004 
141279292677745 -100.106255 76.368752 56.306252 
141279312677745 -100.481255 77.400002 54.937504 
141279332677745 -100.687508 78.375000 53.662502 
141279352677745 -100.950005 79.237503 52.350002 
141279372677745 -101.250008 79.950005 51.243752 
141279392677745 -101.550003 80.418755 50.531254 
141279412677745 -101.850006 80.418755 49.743752 
141279432677745 -102.375008 80.437500 49.162502 
141279452677745 -102.693756 80.250000 48.975002 
141279472677745 -103.050003 79.706253 49.425003 
141279492677745 -103.293755 79.106255 50.006252 
141279512677745 -103.837502 78.431252 50.737503 
141279532677745 -104.006256 77.550003 51.562504 
141279552677745 -104.175003 76.968750 52.293751 
141279572677745 -104.437508 76.350006 53.287502 
141279592677745 -104.362503 75.712502 54.375004 
141279612677745 -104.081253 75.131256 55.125004 
141279632677745 -103.481255 74.831253 55.687504 
141279652677745 -102.900002 74.400002 56.231251 
141279672677745 -102.187508 74.043755 56.812504 
141279692677745 -101.812508 74.062500 57.206253 
141279712677745 -101.287506 74.175003 57.375004 
141279732677745 -100.593758 74.287506 57.450001 
141279752677745 -100.125008 74.793755 57.262501 
141279772677745 -99.468758 75.468750 57.337502 
141279792677745 -99.037506 75.900002 56.925003 
141279812677745 -98.812508 76.650002 56.550003 
141279832677745 -98.268753 77.475006 55.818752 
141279852677745 -97.950005 78.300003 55.200001 
141279872677745 -97.518753 78.862503 54.581253 
141279892677745 -97.537506 79.687500 53.962502 
141279912677745 -97.331253 79.987503 53.718754 
141279932677745 -97.631256 80.231255 53.250004 
141279952677745 -97.762505 80.568756 53.193752 
141279972677745 -97.762505 80.850006 52.950001 
141279992677745 -98.043755 80.831253 53.100002 
141280012677745 -97.931252 80.681252 53.100002 
141280032677745 -98.231255 80.512505 53.287502 
141280052677745 -98.381256 80.250000 53.550003 
141280072677745 -98.793755 80.137505 53.643753 
141280092677745 -98.793755 79.856255 53.775002 
141280112677745 -98.887505 79.706253 53.962502 
141280132677745 -99.150002 79.556252 54.225002 
141280152677745 -99.393753 79.406250 54.168751 
141280172677745 -99.712502 79.143753 54.206253 
141280192677745 -99.731255 79.275002 54.281254 
141280212677745 -99.600006 79.293755 54.262501 
141280232677745 -99.525002 79.406250 54.187504 
141280252677745 -99.693756 79.875000 53.962502 
141280272677745 -99.993752 80.156250 53.587502 
141280292677745 -100.050003 80.306252 53.250004 
141280312677745 -99.993752 80.643753 52.800003 
141280332677745 -100.237503 80.906250 52.650002 
141280352677745 -100.668755 81.131256 52.556252 
141280372677745 -101.175003 81.450005 52.575001 
141280392677745 -101.493752 81.525002 52.537502 
141280412677745 -101.662506 81.318756 52.650002 
141280432677745 -102.000008 81.131256 52.837502 
141280452677745 -102.281258 81.168755 52.987503 
141280472677745 -102.600006 80.962502 53.493752 
141280492677745 -102.787506 80.868752 53.850002 
141280512677745 -102.900002 80.550003 53.962502 
141280532677745 -102.881256 80.212502 54.150002 
141280552677745 -103.256256 80.006256 54.262501 
141280572677745 -103.537506 80.043755 54.450001 
141280592677745 -103.612503 79.875000 54.618752 
141280612677745 -103.950005 79.762505 54.581253 
141280632677745 -104.306252 79.893753 54.581253 
141280652677745 -104.643753 80.006256 54.262501 
141280672677745 -104.962502 80.006256 54.225002 
141280692677745 -105.468758 79.987503 54.056252 
141280712677745 -105.750008 79.987503 53.981251 
141280732677745 -105.993752 79.893753 53.981251 
141280752677745 -106.556252 79.950005 53.793751 
141280772677745 -106.800003 79.725006 53.737503 
141280792677745 -107.250008 79.331253 53.568752 
141280812677745 -107.718758 78.993752 53.737503 
141280832677745 -108.037506 78.656250 53.568752 
141280852677745 -108.393753 78.168755 53.362503 
141280872677745 -108.450005 77.568756 53.137501 
141280892677745 -108.956253 77.043755 52.818752 
141280912677745 -108.975006 76.650002 52.575001 
141280932677745 -109.125008 76.331253 52.668751 
141280952677745 -109.106255 75.993752 52.481251 
141280972677745 -108.900002 75.656250 52.218754 
141280992677745 -108.900002 75.356255 52.200001 
141281012677745 -108.618752 75.225006 52.350002 
141281032677745 -108.206253 75.112503 52.443752 
141281052677745 -107.718758 74.643753 52.462502 
141281072677745 -107.306252 74.381256 52.706253 
141281092677745 -106.875008 74.287506 52.706253 
141281112677745 -106.593758 74.418755 52.893753 
141281132677745 -106.275002 74.400002 52.893753 
141281152677745 -105.881256 74.418755 52.800003 
141281172677745 -105.393753 74.343750 52.781254 
141281192677745 -105.450005 73.837502 53.175003 
141281212677745 -105.525002 73.556252 53.531254 
141281232677745 -105.506256 72.862503 54.168751 
141281252677745 -105.675003 71.887505 54.693752 
141281272677745 -105.487503 70.650002 55.406254 
141281292677745 -105.450005 69.581253 56.081253 
141281312677745 -105.375008 68.550003 56.756252 
141281332677745 -105.525002 67.781250 57.112503 
141281352677745 -105.637505 67.481255 56.981251 
141281372677745 -105.600006 67.593750 56.531254 
141281392677745 -105.881256 67.931252 55.743752 
141281412677745 -106.293755 68.606255 54.618752 
141281432677745 -106.762505 69.375000 52.875004 
141281452677745 -106.987503 70.162506 51.150002 
141281472677745 -107.306252 71.418755 49.331253 
141281492677745 -107.381256 72.543755 47.700001 
141281512677745 -107.100006 73.912506 46.256252 
141281532677745 -106.631256 74.887505 45.037502 
141281552677745 -106.031258 75.993752 43.593750 
141281572677745 -104.756256 77.100006 42.600002 
141281592677745 -103.200005 78.243752 42.075001 
141281612677745 -101.775002 79.181252 41.662502 
141281632677745 -100.293755 79.950005 41.268753 
141281652677745 -98.906258 80.625000 40.912502 
141281672677745 -97.743752 81.112503 40.237503 
141281692677745 -96.712502 81.787506 39.543751 
141281712677745 -95.493752 82.125000 39.018753 
141281732677745 -94.968750 82.368752 38.306252 
141281752677745 -94.668755 82.462502 37.893753 
141281772677745 -94.537506 82.743752 37.500000 
141281792677745 -94.387505 82.537506 37.237503 
141281812677745 -94.443756 82.312500 37.237503 
141281832677745 -94.462502 81.956253 37.275002 
141281852677745 -94.650002 81.318756 37.481251 
141281872677745 -95.118752 80.756256 37.875000 
141281892677745 -95.362503 80.156250 38.493752 
141281912677745 -95.550003 79.406250 39.187500 
141281932677745 -96.056252 78.450005 39.881252 
141281952677745 -96.450005 77.381256 40.987503 
141281972677745 -96.881256 76.350006 42.056252 
141281992677745 -97.443756 75.187500 43.443752 
141282012677745 -97.912506 73.875000 44.962502 
141282032677745 -98.250008 72.375000 46.556252 
141282052677745 -98.306252 70.612503 48.093754 
141282072677745 -98.550003 69.131256 49.762501 
141282092677745 -98.587502 67.725006 51.225002 
141282112677745 -98.756256 66.487503 52.218754 
141282132677745 -98.850006 65.456253 53.118752 
141282152677745 -98.756256 64.612503 53.718754 
141282172677745 -98.662506 64.331253 54.131252 
141282192677745 -98.700005 64.481255 53.925003 
141282212677745 -98.681252 64.912506 53.381252 
141282232677745 -98.831253 65.475006 52.312504 
141282252677745 -98.981255 66.431252 51.075001 
141282272677745 -98.793755 67.593750 49.762501 
141282292677745 -98.531258 68.943756 48.093754 
141282312677745 -98.212502 70.350006 46.331253 
141282332677745 -97.650002 71.756256 44.568752 
141282352677745 -96.918755 73.106255 42.993752 
141282372677745 -96.131256 74.437500 41.456253 
141282392677745 -95.081253 75.956253 39.693752 
141282412677745 -93.862503 76.912506 38.212502 
141282432677745 -92.831253 78.018753 36.693752 
141282452677745 -91.818756 78.825005 35.193752 
141282472677745 -90.787506 79.668755 33.843750 
141282492677745 -89.981255 80.100006 32.643753 
141282512677745 -89.118752 80.343750 31.275002 
141282532677745 -88.612503 80.756256 30.356251 
141282552677745 -88.050003 81.000000 29.625002 
141282572677745 -87.787506 81.375000 29.156252 
141282592677745 -87.543755 81.562500 28.800001 
141282612677745 -87.150002 81.825005 28.631250 
141282632677745 -87.168755 82.068756 28.706251 
141282652677745 -87.262505 82.425003 28.781252 
141282672677745 -87.468750 82.781250 29.493752 
141282692677745 -87.806252 82.968750 30.056252 
141282712677745 -88.293755 83.118752 30.975000 
141282732677745 -88.706253 83.006256 31.875002 
141282752677745 -89.512505 83.268753 32.962502 
141282772677745 -90.675003 83.043755 34.237503 
141282792677745 -91.800003 82.781250 35.737503 
141282812677745 -92.887505 82.218750 37.537502 
141282832677745 -94.200005 81.600006 39.225002 
141282852677745 -95.418755 80.962502 41.175003 
141282872677745 -96.487503 79.912506 42.993752 
141282892677745 -97.331253 78.900002 45.093750 
141282912677745 -97.912506 77.475006 47.212502 
141282932677745 -98.212502 76.387505 49.237503 
141282952677745 -98.400002 75.112503 50.850002 
141282972677745 -98.643753 74.193756 52.162502 
141282992677745 -98.812508 73.443756 53.137501 
141283012677745 -98.625008 73.031250 53.793751 
141283032677745 -98.700005 72.956253 54.150002 
141283052677745 -98.756256 73.481255 53.625004 
141283072677745 -98.737503 74.100006 52.743752 
141283092677745 -98.962502 74.887505 51.750004 
141283112677745 -98.906258 76.218750 50.512501 
141283132677745 -98.737503 77.512505 49.106251 
141283152677745 -98.250008 78.918755 47.456253 
141283172677745 -97.706253 80.062500 45.731251 
141283192677745 -96.843758 81.393753 43.912502 
141283212677745 -96.112503 82.500000 42.075001 
141283232677745 -95.512505 83.568756 40.743752 
141283252677745 -94.612503 84.562500 39.093750 
141283272677745 -93.618752 85.275002 37.537502 
141283292677745 -92.793755 85.931252 36.093750 
141283312677745 -92.118752 86.475006 34.837502 
141283332677745 -91.593750 87.037506 33.750000 
141283352677745 -91.050003 87.225006 33.131252 
141283372677745 -90.787506 87.356255 32.775002 
141283392677745 -90.300003 87.525002 32.231251 
141283412677745 -89.887505 87.562500 32.025002 
141283432677745 -89.831253 87.412506 32.212502 
141283452677745 -89.943756 87.412506 32.437500 
141283472677745 -89.981255 87.187500 32.962502 
141283492677745 -90.187500 86.775002 33.787502 
141283512677745 -90.918755 86.550003 34.687500 
141283532677745 -91.462502 86.062500 35.756252 
141283552677745 -92.306252 85.518753 36.862503 
141283572677745 -93.375000 84.825005 38.250000 
141283592677745 -94.556252 83.962502 39.581253 
141283612677745 -95.606255 82.781250 41.231251 
141283632677745 -96.937508 81.468750 43.143753 
141283652677745 -98.343758 79.912506 44.962502 
141283672677745 -99.468758 78.187500 46.743752 
141283692677745 -100.350006 76.650002 48.768753 
141283712677745 -100.987503 74.793755 50.718754 
141283732677745 -101.568756 73.181252 52.312504 
141283752677745 -101.943756 71.718750 53.793751 
141283772677745 -102.225006 70.593750 54.787502 
141283792677745 -102.281258 69.768753 55.237503 
141283812677745 -102.150002 69.450005 55.556252 
141283832677745 -102.150002 69.675003 55.181252 
141283852677745 -102.337502 69.918755 54.281254 
141283872677745 -102.431252 70.781250 53.193752 
141283892677745 -102.431252 71.887505 51.937504 
141283912677745 -102.337502 73.387505 50.287502 
141283932677745 -102.056252 74.981255 48.375004 
141283952677745 -101.587502 76.518753 46.575001 
141283972677745 -100.987503 78.206253 44.512501 
141283992677745 -100.125008 79.612503 42.787502 
141284012677745 -99.243752 81.262505 40.893753 
141284032677745 -98.231255 82.650002 39.075001 
141284052677745 -97.218758 83.943756 37.162502 
141284072677745 -96.093758 84.825005 35.568752 
141284092677745 -95.043755 85.762505 34.125000 
141284112677745 -94.368752 86.606255 32.700001 
141284132677745 -93.600006 87.300003 31.181252 
141284152677745 -92.887505 87.656250 30.000002 
141284172677745 -92.343750 87.768753 29.250002 
141284192677745 -92.212502 87.993752 28.837502 
141284212677745 -92.043755 88.143753 28.950001 
141284232677745 -92.268753 88.293755 29.043751 
141284252677745 -92.568756 88.012505 29.193750 
141284272677745 -92.456253 87.693756 29.793751 
141284292677745 -93.206253 87.431252 30.918751 
141284312677745 -93.881256 87.056252 31.912500 
141284332677745 -94.368752 86.737503 33.262501 
141284352677745 -94.875000 86.100006 34.387501 
141284372677745 -95.887505 85.406250 35.793751 
141284392677745 -96.525002 84.318756 37.275002 
141284412677745 -97.331253 83.268753 39.262501 
141284432677745 -98.681252 82.387505 40.875000 
141284452677745 -99.300003 81.093750 42.543751 
141284472677745 -99.975006 79.837502 44.212502 
141284492677745 -100.762505 78.337502 46.050003 
141284512677745 -101.400002 76.931252 47.981251 
141284532677745 -101.400002 75.431252 49.406254 
141284552677745 -101.831253 74.175003 50.850002 
141284572677745 -102.056252 73.256256 52.162502 
141284592677745 -102.000008 72.150002 53.550003 
141284612677745 -102.206253 71.512505 54.487503 
141284632677745 -102.318756 71.212502 54.975002 
141284652677745 -102.525002 71.250000 54.862503 
141284672677745 -102.562508 71.643753 54.318752 
141284692677745 -102.881256 72.225006 53.568752 
141284712677745 -102.843758 73.387505 52.387501 
141284732677745 -102.487503 74.625000 50.700001 
141284752677745 -102.056252 76.087502 49.031254 
141284772677745 -101.250008 77.381256 47.118752 
141284792677745 -100.593758 78.881256 45.300003 
141284812677745 -99.487503 80.306252 43.425003 
141284832677745 -98.587502 81.843750 41.700001 
141284852677745 -97.368752 83.250000 39.881252 
141284872677745 -96.112503 84.168755 38.231251 
141284892677745 -95.137505 84.806252 36.937500 
141284912677745 -93.993752 85.593750 35.306252 
141284932677745 -93.131256 86.325005 34.087502 
141284952677745 -92.400002 86.831253 32.887501 
141284972677745 -92.100006 87.356255 32.062500 
141284992677745 -91.668755 87.356255 31.443750 
141285012677745 -91.631256 87.375000 31.256250 
141285032677745 -91.631256 87.562500 31.368752 
141285052677745 -92.043755 87.543755 31.481251 
141285072677745 -92.662506 87.431252 32.250000 
141285092677745 -93.375000 87.131256 32.981251 
141285112677745 -93.993752 86.568756 34.181252 
141285132677745 -94.556252 85.912506 35.268753 
141285152677745 -95.043755 85.387505 36.375000 
141285172677745 -95.625000 84.787506 37.931252 
141285192677745 -96.393753 83.831253 39.300003 
141285212677745 -96.806252 83.025002 40.931252 
141285232677745 -97.368752 81.975006 42.356251 
141285252677745 -98.062508 80.981255 44.006252 
141285272677745 -98.456253 80.006256 45.600002 
141285292677745 -98.831253 78.937500 47.306252 
141285312677745 -99.168755 77.775002 49.143753 
141285332677745 -99.187508 76.518753 50.587502 
141285352677745 -99.168755 75.637505 52.031254 
141285372677745 -99.187508 74.868752 53.400002 
141285392677745 -99.056252 74.081253 54.506252 
141285412677745 -98.775002 73.593750 55.312504 
141285432677745 -98.606255 73.331253 55.800003 
141285452677745 -98.306252 73.387505 55.818752 
141285472677745 -98.212502 73.856255 55.406254 
141285492677745 -98.081253 74.418755 54.825001 
141285512677745 -97.931252 75.393753 54.225002 
141285532677745 -97.443756 76.087502 53.006252 
141285552677745 -97.031258 77.268753 51.881252 
141285572677745 -96.731255 78.187500 50.718754 
141285592677745 -96.431252 79.087502 49.706253 
141285612677745 -96.150002 79.668755 48.975002 
141285632677745 -95.625000 79.650002 48.750004 
141285652677745 -95.362503 79.912506 48.768753 
141285672677745 -95.325005 79.593750 48.993752 
141285692677745 -95.325005 79.237503 49.818752 
141285712677745 -95.062500 78.581253 50.793751 
141285732677745 -94.518753 77.887505 51.956253 
141285752677745 -94.143753 77.043755 53.212502 
141285772677745 -93.768753 76.275002 54.562504 
141285792677745 -93.318756 75.843750 55.725002 
141285812677745 -92.831253 75.337502 56.850002 
141285832677745 -92.062500 74.812500 57.656254 
141285852677745 -91.443756 74.550003 58.275002 
141285872677745 -91.256256 74.493752 58.556252 
141285892677745 -91.087502 74.550003 58.687504 
141285912677745 -91.106255 75.018753 58.537502 
141285932677745 -90.825005 75.693756 58.031254 
141285952677745 -90.768753 76.368752 57.337502 
141285972677745 -90.712502 77.081253 56.400002 
141285992677745 -90.881256 77.925003 55.593754 
141286012677745 -90.881256 78.693756 54.543751 
141286032677745 -91.143753 79.200005 53.625004 
141286052677745 -91.293755 79.743752 52.800003 
141286072677745 -91.331253 80.043755 51.975002 
141286092677745 -91.931252 80.062500 51.375004 
141286112677745 -92.662506 79.950005 50.981251 
141286132677745 -93.281250 79.575005 50.812504 
141286152677745 -93.618752 79.162506 50.718754 
141286172677745 -94.387505 78.581253 51.262501 
141286192677745 -94.837502 77.981255 51.562504 
141286212677745 -95.268753 77.437500 51.937504 
141286232677745 -95.812500 76.668755 52.425003 
141286252677745 -96.037506 76.050003 52.912502 
141286272677745 -96.112503 75.581253 53.306252 
141286292677745 -96.262505 75.356255 53.493752 
141286312677745 -96.600006 75.337502 53.587502 
141286332677745 -96.600006 75.525002 53.006252 
141286352677745 -96.581253 76.050003 52.706253 
141286372677745 -96.862503 76.518753 52.200001 
141286392677745 -96.637505 77.043755 51.618752 
141286412677745 -96.825005 77.625000 50.718754 
141286432677745 -96.975006 78.281250 49.968754 
141286452677745 -97.106255 78.806252 49.218754 
141286472677745 -97.050003 78.956253 48.656254 
141286492677745 -97.068756 78.993752 48.375004 
141286512677745 -97.237503 78.787506 48.018753 
141286532677745 -97.387505 78.525002 47.812500 
141286552677745 -97.912506 78.337502 47.793751 
141286572677745 -98.250008 78.018753 48.187504 
141286592677745 -98.606255 77.475006 48.731251 
141286612677745 -98.868752 76.818756 48.993752 
141286632677745 -99.375008 76.537506 49.537502 
141286652677745 -99.900002 76.106255 49.837502 
141286672677745 -100.181252 75.637505 50.212502 
141286692677745 -100.293755 75.375000 50.700001 
141286712677745 -100.575005 75.131256 50.812504 
141286732677745 -100.462502 75.206253 50.868752 
141286752677745 -100.668755 75.431252 50.531254 
141286772677745 -100.875008 75.731255 50.156254 
141286792677745 -100.762505 75.975006 49.462502 
141286812677745 -100.725006 76.593750 48.900002 
141286832677745 -100.650002 77.325005 48.093754 
141286852677745 -100.668755 77.868752 47.081253 
141286872677745 -100.556252 78.450005 46.275002 
141286892677745 -100.743752 78.675003 45.450001 
141286912677745 -100.837502 78.862503 44.831253 
141286932677745 -100.856255 79.143753 44.250000 
141286952677745 -101.100006 79.237503 43.837502 
141286972677745 -101.437508 79.162506 43.425003 
141286992677745 -101.906258 78.918755 43.068752 
141287012677745 -102.431252 78.637505 43.143753 
141287032677745 -102.843758 78.300003 43.162502 
141287052677745 -103.406258 78.112503 43.425003 
141287072677745 -103.668755 77.775002 43.650002 
141287092677745 -104.062508 77.418755 44.137501 
141287112677745 -104.343758 76.837502 44.381252 
141287132677745 -104.643753 76.331253 44.775002 
141287152677745 -104.756256 75.937500 45.131252 
141287172677745 -104.812508 75.656250 45.412502 
141287192677745 -105.056252 75.375000 45.731251 
141287212677745 -104.943756 75.243752 45.937500 
141287232677745 -105.000008 75.187500 45.881252 
141287252677745 -105.075005 75.150002 45.900002 
141287272677745 -104.981255 75.562500 45.918751 
141287292677745 -104.775002 75.975006 45.618752 
141287312677745 -104.512505 76.593750 45.243752 
141287332677745 -104.381256 77.306252 44.381252 
141287352677745 -104.006256 78.018753 43.518753 
141287372677745 -103.800003 78.487503 42.562500 
141287392677745 -103.537506 78.881256 41.906250 
141287412677745 -103.293755 79.293755 41.306252 
141287432677745 -103.200005 79.537506 40.725002 
141287452677745 -103.237503 79.650002 40.818752 
141287472677745 -103.481255 79.443756 40.893753 
141287492677745 -103.350006 79.012505 41.475002 
141287512677745 -103.125008 78.600006 42.562500 
141287532677745 -102.900002 78.281250 43.406250 
141287552677745 -102.900002 78.000000 44.231251 
141287572677745 -102.618752 77.737503 45.000000 
141287592677745 -102.112503 77.643753 45.993752 
141287612677745 -101.625008 77.531250 46.650002 
141287632677745 -101.062508 77.568756 47.418751 
141287652677745 -100.443756 77.625000 47.925003 
141287672677745 -99.918755 77.737503 47.943752 
141287692677745 -99.506256 77.775002 48.431252 
141287712677745 -98.737503 77.906250 48.993752 
141287732677745 -98.212502 78.075005 49.350002 
141287752677745 -97.818756 78.300003 49.537502 
141287772677745 -97.275002 78.468750 49.781254 
141287792677745 -96.450005 78.637505 49.987503 
141287812677745 -95.887505 78.956253 50.212502 
141287832677745 -95.512505 79.068756 50.718754 
141287852677745 -95.062500 79.350006 50.943752 
141287872677745 -94.687500 79.537506 51.056252 
141287892677745 -94.518753 79.706253 51.112503 
141287912677745 -94.500000 79.500000 51.056252 
141287932677745 -94.518753 79.425003 50.943752 
141287952677745 -94.856255 79.181252 51.150002 
141287972677745 -95.250000 78.900002 51.356251 
141287992677745 -95.718750 78.731255 51.281254 
141288012677745 -96.075005 78.543755 50.981251 
141288032677745 -96.468758 78.187500 50.887501 
141288052677745 -96.843758 78.037506 50.981251 
141288072677745 -97.162506 77.850006 50.868752 
141288092677745 -97.425003 77.943756 50.962502 
141288112677745 -97.481255 77.962502 50.606251 
141288132677745 -97.650002 78.093750 50.231251 
141288152677745 -97.725006 78.300003 49.781254 
141288172677745 -97.800003 78.356255 49.575001 
141288192677745 -98.006256 78.675003 49.143753 
141288212677745 -98.081253 78.768753 48.675003 
141288232677745 -98.325005 79.312500 48.431252 
141288252677745 -98.400002 79.293755 47.812500 
141288272677745 -98.531258 79.425003 47.456253 
141288292677745 -98.681252 79.462502 46.912502 
141288312677745 -98.812508 79.425003 46.818752 
141288332677745 -99.056252 79.256256 46.481251 
141288352677745 -99.018753 79.087502 46.200001 
141288372677745 -99.281258 79.162506 46.125000 
141288392677745 -99.281258 78.768753 45.993752 
141288412677745 -99.487503 78.768753 46.050003 
141288432677745 -99.881256 78.637505 46.162502 
141288452677745 -100.350006 78.618752 46.256252 
141288472677745 -100.537506 78.675003 46.200001 
141288492677745 -100.781258 78.768753 46.293751 
141288512677745 -101.062508 78.750000 46.481251 
141288532677745 -100.931252 78.487503 46.556252 
141288552677745 -101.025002 78.637505 46.668751 
141288572677745 -101.100006 78.618752 46.537502 
141288592677745 -100.800003 78.712502 46.425003 
141288612677745 -100.518753 78.487503 46.781250 
141288632677745 -100.462502 78.487503 46.781250 
141288652677745 -100.350006 78.562500 46.987503 
141288672677745 -100.443756 78.656250 46.800003 
141288692677745 -100.350006 78.825005 46.800003 
141288712677745 -100.256256 78.731255 46.668751 
141288732677745 -99.975006 78.600006 46.875000 
141288752677745 -100.275002 78.731255 46.687500 
141288772677745 -100.350006 78.862503 46.256252 
141288792677745 -100.425003 78.787506 46.237503 
141288812677745 -100.312508 78.768753 45.993752 
141288832677745 -100.275002 78.862503 46.050003 
141288852677745 -100.481255 78.750000 45.731251 
141288872677745 -100.443756 78.881256 45.750000 
141288892677745 -100.631256 78.881256 45.506252 
141288912677745 -100.725006 78.656250 45.787502 
141288932677745 -100.856255 78.806252 45.862503 
141288952677745 -100.950005 78.675003 45.956253 
141288972677745 -101.137505 78.637505 45.900002 
141288992677745 -101.118752 78.581253 46.012501 
141289012677745 -101.100006 78.506256 46.181252 
141289032677745 -101.156258 78.356255 46.181252 
141289052677745 -101.343758 78.487503 46.406250 
141289072677745 -101.268753 78.468750 46.237503 
141289092677745 -101.100006 78.337502 46.218750 
141289112677745 -101.043755 78.506256 46.050003 
141289132677745 -100.800003 78.468750 46.031250 
141289152677745 -100.668755 78.243752 45.918751 
141289172677745 -100.593758 78.243752 45.825001 
141289192677745 -100.406258 78.281250 45.956253 
141289212677745 -100.218758 78.150002 45.825001 
141289232677745 -100.143753 78.168755 46.106251 
141289252677745 -100.143753 78.337502 46.275002 
141289272677745 -99.918755 78.337502 46.275002 
141289292677745 -99.712502 78.318756 46.162502 
141289312677745 -99.731255 78.656250 46.218750 
141289332677745 -99.881256 78.825005 46.256252 
141289352677745 -100.218758 78.693756 46.031250 
141289372677745 -100.481255 78.693756 46.087502 
141289392677745 -101.081253 78.487503 46.275002 
141289412677745 -101.831253 77.850006 46.425003 
141289432677745 -102.506256 77.418755 46.743752 
141289452677745 -103.612503 76.668755 47.512501 
141289472677745 -104.381256 75.956253 47.943752 
141289492677745 -105.018753 75.187500 48.862503 
141289512677745 -105.468758 74.475006 49.856251 
141289532677745 -105.825005 73.781250 50.400002 
141289552677745 -105.918755 73.256256 50.306252 
141289572677745 -105.731255 73.181252 50.287502 
141289592677745 -105.881256 72.993752 50.193752 
141289612677745 -105.581253 73.425003 49.350002 
141289632677745 -105.300003 73.743752 48.656254 
141289652677745 -104.906258 74.325005 47.193752 
141289672677745 -104.587502 75.393753 45.618752 
141289692677745 -104.231255 76.481255 44.193752 
141289712677745 -103.762505 77.868752 42.806252 
141289732677745 -103.218758 79.162506 41.175003 
141289752677745 -102.187508 80.362503 39.393753 
141289772677745 -101.325005 81.468750 38.062500 
141289792677745 -100.518753 82.612503 36.262501 
141289812677745 -99.600006 83.531250 34.612503 
141289832677745 -98.643753 84.150002 32.962502 
141289852677745 -97.931252 84.843750 31.368752 
141289872677745 -97.068756 85.275002 30.243752 
141289892677745 -96.337502 85.518753 29.100000 
141289912677745 -95.925003 85.781250 28.181252 
141289932677745 -95.531250 86.006256 27.450001 
141289952677745 -95.381256 86.081253 26.925001 
141289972677745 -95.268753 86.062500 26.700001 
141289992677745 -95.343750 86.043755 26.831251 
141290012677745 -95.343750 85.856255 27.150002 
141290032677745 -95.493752 85.500000 27.356251 
141290052677745 -95.962502 85.218750 28.106251 
141290072677745 -96.525002 85.012505 28.837502 
141290092677745 -97.331253 84.881256 29.643751 
141290112677745 -97.818756 84.393753 30.600000 
141290132677745 -98.343758 83.831253 31.743752 
141290152677745 -98.943756 83.193756 32.756252 
141290172677745 -99.806252 82.593750 33.993752 
141290192677745 -100.762505 81.881256 35.456253 
141290212677745 -101.568756 80.925003 36.993752 
141290232677745 -102.393753 79.818756 38.643753 
141290252677745 -102.862503 78.656250 40.331253 
141290272677745 -103.331253 77.381256 42.468750 
141290292677745 -104.081253 76.462502 44.550003 
141290312677745 -104.193756 75.187500 46.593750 
141290332677745 -104.137505 74.043755 48.581253 
141290352677745 -103.950005 73.050003 50.400002 
141290372677745 -103.500008 71.943756 51.806252 
141290392677745 -102.956253 71.193756 53.268753 
141290412677745 -102.562508 70.537506 54.356251 
141290432677745 -102.375008 70.406250 54.918751 
141290452677745 -101.812508 70.443756 55.293751 
141290472677745 -101.737503 70.800003 55.350002 
141290492677745 -101.287506 71.268753 54.825001 
141290512677745 -100.875008 72.018753 54.225002 
141290532677745 -100.406258 73.200005 53.381252 
141290552677745 -99.900002 74.531250 52.331253 
141290572677745 -99.337502 75.787506 50.962502 
141290592677745 -98.531258 77.081253 49.406254 
141290612677745 -97.687508 78.300003 47.681252 
141290632677745 -96.806252 79.668755 45.806252 
141290652677745 -96.056252 81.093750 44.287502 
141290672677745 -95.081253 82.237503 42.318752 
141290692677745 -94.387505 83.381256 40.481251 
141290712677745 -93.637505 84.281250 38.681252 
141290732677745 -93.037506 85.312500 36.975002 
141290752677745 -92.512505 85.968750 35.456253 
141290772677745 -92.062500 86.493752 34.125000 
141290792677745 -91.725006 86.981255 33.168751 
141290812677745 -91.350006 87.206253 32.062500 
141290832677745 -91.256256 87.581253 31.537500 
141290852677745 -91.406250 87.787506 31.331251 
141290872677745 -91.575005 87.618752 31.143751 
141290892677745 -91.518753 87.262505 31.293751 
141290912677745 -91.837502 87.168755 31.781252 
141290932677745 -92.343750 86.943756 32.343750 
141290952677745 -92.868752 86.568756 33.056252 
141290972677745 -93.450005 86.006256 34.050003 
141290992677745 -94.068756 85.387505 34.950001 
141291012677745 -94.706253 84.806252 35.906250 
141291032677745 -95.475006 84.225006 36.975002 
141291052677745 -96.543755 83.456253 38.118752 
141291072677745 -97.162506 82.406250 39.656250 
141291092677745 -97.800003 81.375000 41.325001 
141291112677745 -98.287506 80.081253 42.956253 
141291132677745 -98.887505 78.600006 44.812500 
141291152677745 -99.318756 77.175003 46.875000 
141291172677745 -99.468758 75.637505 48.975002 
141291192677745 -99.581253 74.175003 51.056252 
141291212677745 -99.281258 72.806252 53.137501 
141291232677745 -99.318756 71.793755 54.581253 
141291252677745 -99.393753 70.856255 55.725002 
141291272677745 -99.412506 70.087502 56.662502 
141291292677745 -99.468758 69.768753 56.943752 
141291312677745 -99.731255 69.731255 57.131252 
141291332677745 -99.693756 69.843750 56.681252 
141291352677745 -99.768753 70.368752 56.062504 
141291372677745 -100.031258 71.250000 55.050003 
141291392677745 -99.975006 72.093750 53.925003 
141291412677745 -99.543755 73.181252 52.425003 
141291432677745 -99.356255 74.531250 50.906254 
141291452677745 -99.075005 76.031250 49.331253 
141291472677745 -98.193756 77.362503 47.081253 
141291492677745 -97.556252 78.693756 45.393753 
141291512677745 -96.675003 80.100006 43.443752 
141291532677745 -95.943756 81.450005 41.381252 
141291552677745 -95.156250 82.443756 39.487503 
141291572677745 -94.462502 83.343750 37.687500 
141291592677745 -93.693756 84.262505 35.700001 
141291612677745 -93.018753 85.106255 34.068752 
141291632677745 -92.606255 85.781250 32.925003 
141291652677745 -92.250000 86.381256 31.443750 
141291672677745 -92.156250 86.793755 30.168751 
141291692677745 -91.987503 86.925003 29.381250 
141291712677745 -91.818756 87.093750 28.462502 
141291732677745 -92.043755 87.318756 28.031252 
141291752677745 -92.137505 87.300003 28.237501 
141291772677745 -92.475006 87.018753 28.293751 
141291792677745 -92.962502 86.850006 28.706251 
141291812677745 -93.656250 86.475006 29.437502 
141291832677745 -94.087502 85.912506 30.281252 
141291852677745 -94.687500 85.387505 31.143751 
141291872677745 -95.568756 85.143753 32.456253 
141291892677745 -96.281258 84.525002 33.787502 
141291912677745 -96.918755 83.718750 35.175003 
141291932677745 -97.406258 83.100006 36.900002 
141291952677745 -98.043755 82.106255 38.250000 
141291972677745 -98.362503 81.150002 40.050003 
141291992677745 -98.868752 80.062500 42.056252 
141292012677745 -99.281258 78.900002 44.156250 
141292032677745 -99.525002 77.306252 46.312500 
141292052677745 -99.750008 75.975006 48.431252 
141292072677745 -100.106255 74.906250 50.343754 
141292092677745 -100.050003 73.668755 52.050003 
141292112677745 -99.993752 72.562500 53.943752 
141292132677745 -99.975006 71.700005 55.068752 
141292152677745 -99.825005 71.175003 56.118752 
141292172677745 -99.431252 70.725006 56.718754 
141292192677745 -99.375008 70.781250 56.756252 
141292212677745 -99.168755 70.762505 56.475002 
141292232677745 -98.812508 71.081253 55.837502 
141292252677745 -98.850006 71.850006 55.050003 
141292272677745 -98.700005 72.768753 53.756252 
141292292677745 -98.550003 74.137505 52.331253 
141292312677745 -98.268753 75.375000 50.475002 
141292332677745 -98.175003 76.668755 48.656254 
141292352677745 -97.725006 77.925003 46.781250 
141292372677745 -97.143753 79.293755 44.943752 
141292392677745 -96.637505 80.512505 43.031250 
141292412677745 -95.925003 81.675003 41.118752 
141292432677745 -95.137505 82.668755 39.056252 
141292452677745 -94.256256 83.456253 37.237503 
141292472677745 -93.656250 84.150002 35.662502 
141292492677745 -93.187500 84.750000 33.937500 
141292512677745 -92.775002 85.462502 32.418751 
141292532677745 -92.587502 86.043755 31.068750 
141292552677745 -92.418755 86.437500 29.868752 
141292572677745 -92.268753 86.493752 28.800001 
141292592677745 -92.475006 86.531250 28.312502 
141292612677745 -92.850006 86.475006 28.293751 
141292632677745 -93.300003 86.400002 28.256250 
141292652677745 -93.562500 86.568756 28.518751 
141292672677745 -93.787506 86.381256 28.950001 
141292692677745 -94.218750 85.875000 29.587502 
141292712677745 -94.481255 85.406250 30.468752 
141292732677745 -95.081253 84.862503 31.631250 
141292752677745 -95.456253 84.506256 32.756252 
141292772677745 -95.700005 83.718750 33.731251 
141292792677745 -96.393753 82.968750 34.950001 
141292812677745 -96.956253 82.106255 36.412502 
141292832677745 -97.575005 81.262505 37.987503 
141292852677745 -98.268753 80.418755 39.543751 
141292872677745 -99.150002 79.406250 41.306252 
141292892677745 -99.937508 78.637505 43.087502 
141292912677745 -100.781258 77.587502 44.887501 
141292932677745 -101.512505 76.687500 46.631252 
141292952677745 -101.662506 75.618752 48.393753 
141292972677745 -101.868752 74.531250 49.818752 
141292992677745 -102.225006 73.275002 51.187504 
141293012677745 -102.431252 72.281250 52.462502 
141293032677745 -102.562508 71.568756 53.062504 
141293052677745 -102.768753 70.987503 53.418751 
141293072677745 -102.750008 70.593750 53.587502 
141293092677745 -102.900002 70.725006 53.306252 
141293112677745 -103.181252 71.081253 52.706253 
141293132677745 -103.350006 71.606255 51.937504 
141293152677745 -103.312508 72.543755 50.756252 
141293172677745 -103.162506 73.875000 49.162502 
141293192677745 -103.125008 74.981255 47.587502 
141293212677745 -102.450005 76.087502 46.012501 
141293232677745 -101.850006 77.381256 44.287502 
141293252677745 -101.137505 78.506256 42.675003 
141293272677745 -100.068756 79.612503 40.593750 
141293292677745 -99.131256 80.737503 39.018753 
141293312677745 -98.306252 81.843750 37.387501 
141293332677745 -97.425003 82.612503 35.756252 
141293352677745 -96.300003 83.512505 34.312500 
141293372677745 -95.531250 84.131256 32.681252 
141293392677745 -95.081253 84.712502 31.068750 
141293412677745 -94.837502 85.087502 29.531252 
141293432677745 -94.650002 85.425003 28.837502 
141293452677745 -94.762505 85.743752 27.956251 
141293472677745 -94.575005 85.893753 27.356251 
141293492677745 -94.406250 85.950005 27.225000 
141293512677745 -94.800003 85.893753 27.450001 
141293532677745 -95.062500 85.950005 27.993752 
141293552677745 -95.343750 85.800003 28.612501 
141293572677745 -95.587502 85.743752 29.512501 
141293592677745 -95.981255 85.575005 30.206251 
141293612677745 -96.450005 85.125000 31.106251 
141293632677745 -97.031258 84.525002 32.325001 
141293652677745 -98.006256 84.037506 33.525002 
141293672677745 -98.643753 83.156250 34.762501 
141293692677745 -99.581253 82.143753 36.056252 
141293712677745 -100.518753 81.075005 37.781250 
141293732677745 -101.400002 79.668755 39.675003 
141293752677745 -102.056252 78.225006 41.718750 
141293772677745 -102.656258 76.856255 43.987503 
141293792677745 -103.050003 75.356255 45.843750 
141293812677745 -103.387505 73.612503 48.093754 
141293832677745 -103.556252 72.525002 49.762501 
141293852677745 -103.481255 71.418755 51.562504 
141293872677745 -103.312508 70.575005 52.800003 
141293892677745 -103.181252 69.937500 53.643753 
141293912677745 -103.331253 69.637505 54.225002 
141293932677745 -103.162506 69.356255 54.262501 
141293952677745 -103.275002 69.750000 54.112503 
141293972677745 -103.087502 70.500000 53.456253 
141293992677745 -103.106255 71.231255 52.781254 
141294012677745 -102.862503 72.168755 51.637501 
141294032677745 -102.431252 73.293755 50.437504 
141294052677745 -102.018753 74.362503 49.068752 
141294072677745 -101.268753 75.600006 47.456253 
141294092677745 -100.556252 77.118752 45.787502 
141294112677745 -99.618752 78.375000 44.137501 
141294132677745 -98.868752 79.725006 42.450001 
141294152677745 -97.856255 80.850006 40.537502 
141294172677745 -96.975006 82.012505 38.887501 
141294192677745 -96.037506 82.968750 37.350002 
141294212677745 -95.118752 84.018753 35.887501 
141294232677745 -94.406250 84.843750 34.425003 
141294252677745 -93.843750 85.593750 33.168751 
141294272677745 -93.412506 86.231255 32.062500 
141294292677745 -92.793755 86.531250 31.143751 
141294312677745 -92.512505 86.887505 30.843752 
141294332677745 -92.437500 87.018753 30.543751 
141294352677745 -92.268753 87.225006 30.525002 
141294372677745 -92.006256 87.318756 30.750002 
141294392677745 -91.800003 87.300003 31.462502 
141294412677745 -91.631256 87.187500 32.400002 
141294432677745 -91.931252 86.962502 33.862503 
141294452677745 -91.912506 86.587502 35.137501 
141294472677745 -91.800003 86.175003 36.431252 
141294492677745 -92.193756 85.950005 37.725002 
141294512677745 -92.737503 85.275002 39.168751 
141294532677745 -93.243752 84.450005 40.818752 
141294552677745 -94.162506 83.475006 42.468750 
141294572677745 -94.856255 82.237503 44.193752 
141294592677745 -95.268753 80.812500 45.750000 
141294612677745 -96.075005 79.462502 47.606251 
141294632677745 -96.843758 77.850006 49.687504 
141294652677745 -96.881256 75.975006 51.825001 
141294672677745 -97.350006 74.381256 53.737503 
141294692677745 -97.743752 72.618752 55.687504 
141294712677745 -97.950005 71.287506 57.150002 
141294732677745 -97.987503 70.087502 58.312504 
141294752677745 -98.156258 69.337502 59.250004 
141294772677745 -98.137505 68.700005 59.718754 
141294792677745 -98.381256 68.625000 59.812504 
141294812677745 -98.550003 68.793755 59.587502 
141294832677745 -98.550003 69.243752 58.968754 
141294852677745 -98.606255 70.050003 57.900002 
141294872677745 -98.512505 70.818756 56.812504 
141294892677745 -98.831253 72.112503 55.631252 
141294912677745 -98.681252 73.331253 54.225002 
141294932677745 -98.775002 74.718750 52.837502 
141294952677745 -98.381256 75.731255 51.393753 
141294972677745 -98.025002 77.175003 49.837502 
141294992677745 -97.537506 78.450005 48.187504 
141295012677745 -96.712502 79.631256 46.518753 
141295032677745 -95.831253 80.868752 45.056252 
141295052677745 -94.556252 82.031250 43.331253 
141295072677745 -93.581253 83.006256 41.606251 
141295092677745 -92.606255 83.906250 39.693752 
141295112677745 -91.668755 85.031250 37.856251 
141295132677745 -91.125000 85.593750 36.187500 
141295152677745 -90.525002 86.343750 35.043751 
141295172677745 -90.225006 87.168755 33.975002 
141295192677745 -89.925003 87.637505 32.981251 
141295212677745 -90.056252 87.675003 32.400002 
141295232677745 -90.187500 87.750000 32.287502 
141295252677745 -90.637505 87.918755 32.250000 
141295272677745 -91.106255 87.918755 32.568752 
141295292677745 -91.218750 87.618752 33.112503 
141295312677745 -91.818756 86.943756 33.656250 
141295332677745 -92.418755 86.362503 34.631252 
141295352677745 -93.093750 85.743752 35.625000 
141295372677745 -93.750000 85.106255 36.768753 
141295392677745 -94.500000 84.450005 37.800003 
141295412677745 -94.893753 83.362503 39.618752 
141295432677745 -95.718750 82.293755 41.306252 
141295452677745 -96.656258 81.337502 43.162502 
141295472677745 -97.068756 80.250000 45.262501 
141295492677745 -97.593758 78.787506 47.268753 
141295512677745 -98.137505 77.362503 49.481251 
141295532677745 -98.756256 75.881256 51.787502 
141295552677745 -98.887505 74.268753 54.000004 
141295572677745 -99.168755 72.806252 55.518753 
141295592677745 -99.506256 71.456253 56.981251 
141295612677745 -99.768753 70.425003 58.256252 
141295632677745 -100.218758 69.431252 58.912502 
141295652677745 -100.556252 69.093750 58.987503 
141295672677745 -100.725006 68.718750 58.800003 
141295692677745 -100.687508 68.981255 58.387501 
141295712677745 -101.156258 69.356255 57.618752 
141295732677745 -101.568756 70.162506 56.793751 
141295752677745 -101.437508 70.950005 55.500004 
141295772677745 -101.268753 72.018753 53.775002 
141295792677745 -100.706253 73.368752 52.050003 
141295812677745 -100.275002 74.662506 50.756252 
141295832677745 -99.787506 76.181252 48.825001 
141295852677745 -99.206253 77.418755 47.025002 
141295872677745 -98.343758 78.993752 45.168751 
141295892677745 -97.087502 80.250000 43.125000 
141295912677745 -96.281258 81.600006 41.043751 
141295932677745 -95.831253 82.650002 39.243752 
141295952677745 -95.400002 83.737503 37.800003 
141295972677745 -94.856255 84.468750 36.112503 
141295992677745 -94.537506 85.218750 34.781250 
141296012677745 -94.481255 85.706253 33.281250 
141296032677745 -94.293755 85.893753 31.912500 
141296052677745 -94.556252 86.118752 31.256250 
141296072677745 -94.537506 86.287506 30.787500 
141296092677745 -94.406250 86.287506 30.487501 
141296112677745 -94.631256 85.987503 30.112501 
141296132677745 -94.912506 85.818756 29.943750 
141296152677745 -95.137505 85.387505 30.375002 
141296172677745 -95.456253 84.956253 30.881250 
141296192677745 -96.056252 84.562500 31.762501 
141296212677745 -96.543755 84.000000 32.606251 
141296232677745 -97.087502 83.325005 33.806252 
141296252677745 -97.875008 82.706253 35.006252 
141296272677745 -98.400002 81.975006 36.206253 
141296292677745 -99.206253 80.906250 37.668751 
141296312677745 -100.031258 80.025002 39.018753 
141296332677745 -100.650002 79.143753 40.331253 
141296352677745 -101.100006 78.112503 41.906250 
141296372677745 -101.568756 77.175003 43.500000 
141296392677745 -102.112503 75.843750 45.225002 
141296412677745 -102.356255 74.643753 47.156250 
141296432677745 -102.843758 73.368752 49.143753 
141296452677745 -103.050003 72.412506 50.962502 
141296472677745 -102.993752 71.250000 52.350002 
141296492677745 -103.125008 70.200005 53.981251 
141296512677745 -103.500008 69.356255 54.975002 
141296532677745 -103.462502 68.737503 55.368752 
141296552677745 -103.481255 68.625000 55.443752 
141296572677745 -103.387505 68.775002 54.881252 
141296592677745 -103.218758 69.243752 53.981251 
141296612677745 -102.787506 69.900002 52.856251 
141296632677745 -102.375008 70.743752 51.825001 
141296652677745 -101.625008 71.831253 50.137501 
141296672677745 -101.006256 73.031250 48.675003 
141296692677745 -100.368752 74.306252 46.987503 
141296712677745 -99.581253 75.543755 45.112503 
141296732677745 -98.662506 76.837502 43.293751 
141296752677745 -97.743752 78.075005 41.662502 
141296772677745 -96.712502 79.331253 40.012501 
141296792677745 -96.037506 80.493752 38.306252 
141296812677745 -95.343750 81.243752 36.693752 
141296832677745 -94.237503 81.918755 35.043751 
141296852677745 -93.637505 82.631256 33.825001 
141296872677745 -93.018753 83.156250 32.418751 
141296892677745 -92.531250 83.325005 31.481251 
141296912677745 -91.987503 83.325005 30.581251 
141296932677745 -92.025002 83.212502 29.812502 
141296952677745 -91.856255 83.043755 29.456251 
141296972677745 -91.987503 83.212502 29.287500 
141296992677745 -92.343750 83.268753 29.287500 
141297012677745 -92.268753 82.931252 29.437502 
141297032677745 -92.343750 82.462502 30.468752 
141297052677745 -92.737503 82.087502 31.350000 
141297072677745 -93.000000 81.675003 32.381252 
141297092677745 -93.018753 81.131256 33.618752 
141297112677745 -93.075005 80.493752 35.006252 
141297132677745 -93.412506 79.650002 36.825001 
141297152677745 -93.431252 78.637505 38.681252 
141297172677745 -93.862503 77.756256 40.593750 
141297192677745 -93.937500 77.081253 42.075001 
141297212677745 -94.012505 76.237503 44.081253 
141297232677745 -94.293755 75.243752 45.956253 
141297252677745 -94.593750 74.456253 47.700001 
141297272677745 -94.968750 73.668755 49.200001 
141297292677745 -94.950005 72.675003 50.512501 
141297312677745 -95.193756 71.943756 52.012501 
141297332677745 -95.231255 71.306252 53.175003 
141297352677745 -95.531250 70.650002 54.206253 
141297372677745 -95.550003 70.106255 54.393753 
141297392677745 -95.681252 70.293755 54.637501 
141297412677745 -95.625000 70.368752 54.525002 
141297432677745 -95.625000 70.725006 54.187504 
141297452677745 -95.568756 71.362503 53.625004 
141297472677745 -95.493752 72.450005 52.406254 
141297492677745 -95.175003 73.500000 51.168751 
141297512677745 -95.118752 74.681252 49.687504 
141297532677745 -94.968750 76.293755 48.281254 
141297552677745 -94.518753 77.625000 46.593750 
141297572677745 -94.143753 78.918755 45.056252 
141297592677745 -93.262505 80.193756 43.612503 
141297612677745 -92.700005 81.300003 41.756252 
141297632677745 -91.950005 82.443756 39.881252 
141297652677745 -91.612503 83.493752 37.950001 
141297672677745 -90.862503 84.468750 36.318752 
141297692677745 -90.450005 85.087502 34.725002 
141297712677745 -90.150002 85.725006 33.243752 
141297732677745 -89.887505 86.381256 31.762501 
141297752677745 -90.131256 86.868752 30.431252 
141297772677745 -90.056252 87.300003 29.737501 
141297792677745 -90.187500 87.356255 29.475000 
141297812677745 -90.112503 87.562500 29.325001 
141297832677745 -90.262505 87.600006 29.475000 
141297852677745 -90.543755 87.637505 29.643751 
141297872677745 -90.787506 87.468750 30.375002 
141297892677745 -91.331253 87.150002 31.312502 
141297912677745 -91.706253 86.887505 32.212502 
141297932677745 -92.193756 86.587502 33.300003 
141297952677745 -92.887505 85.800003 34.556252 
141297972677745 -93.787506 84.843750 36.168751 
141297992677745 -94.837502 83.962502 37.743752 
141298012677745 -95.681252 82.743752 39.487503 
141298032677745 -96.712502 81.356255 41.175003 
141298052677745 -97.481255 80.156250 43.050003 
141298072677745 -98.250008 78.768753 45.243752 
141298092677745 -98.962502 77.400002 47.250000 
141298112677745 -99.581253 76.368752 48.900002 
141298132677745 -100.031258 75.093750 50.343754 
141298152677745 -100.443756 73.631256 51.787502 
141298172677745 -100.668755 72.731255 53.250004 
141298192677745 -100.743752 72.150002 54.206253 
141298212677745 -100.856255 71.718750 54.693752 
141298232677745 -100.706253 71.456253 54.768753 
141298252677745 -100.856255 71.362503 54.431252 
141298272677745 -100.743752 71.437500 54.150002 
141298292677745 -100.631256 72.168755 53.493752 
141298312677745 -100.312508 73.275002 52.687504 
141298332677745 -100.125008 74.193756 51.525002 
141298352677745 -99.581253 75.168755 50.175003 
141298372677745 -99.018753 76.143753 48.506252 
141298392677745 -98.512505 77.400002 47.137501 
141298412677745 -97.575005 78.487503 45.581253 
141298432677745 -96.656258 79.875000 43.875000 
141298452677745 -95.512505 80.943756 42.412502 
141298472677745 -94.312500 81.956253 40.818752 
141298492677745 -93.131256 83.062500 39.187500 
141298512677745 -92.006256 84.037506 37.912502 
141298532677745 -91.068756 84.975006 36.993752 
141298552677745 -90.318756 85.537506 35.493752 
141298572677745 -89.831253 86.193756 34.368752 
141298592677745 -89.175003 86.493752 33.487503 
141298612677745 -88.781250 86.850006 32.793751 
141298632677745 -88.762505 87.093750 32.325001 
141298652677745 -88.312500 86.906250 32.006252 
141298672677745 -88.256256 86.775002 31.931252 
141298692677745 -88.331253 86.418755 32.118752 
141298712677745 -88.368752 86.306252 32.850002 
141298732677745 -88.500000 86.062500 33.600002 
141298752677745 -88.518753 85.818756 34.687500 
141298772677745 -88.931252 85.481255 35.756252 
141298792677745 -89.306252 84.956253 36.712502 
141298812677745 -90.112503 84.656250 38.643753 
141298832677745 -90.675003 83.831253 40.406250 
141298852677745 -91.181252 83.081253 42.337502 
141298872677745 -91.856255 81.956253 44.268753 
141298892677745 -92.475006 80.850006 46.481251 
141298912677745 -93.262505 79.687500 48.412502 
141298932677745 -93.618752 78.300003 50.343754 
141298952677745 -94.087502 77.118752 52.556252 
141298972677745 -94.350006 75.712502 54.093754 
141298992677745 -94.725006 74.812500 55.481251 
141299012677745 -95.100006 73.987503 56.643753 
141299032677745 -95.343750 73.275002 57.656254 
141299052677745 -95.550003 72.881256 58.162502 
141299072677745 -95.831253 72.487503 58.387501 
141299092677745 -96.225006 72.262505 58.387501 
141299112677745 -96.168755 72.431252 57.900002 
141299132677745 -96.393753 72.956253 57.225002 
141299152677745 -96.337502 73.518753 56.343754 
141299172677745 -96.262505 74.287506 54.993752 
141299192677745 -96.037506 75.225006 53.400002 
141299212677745 -95.606255 76.293755 51.862503 
141299232677745 -95.268753 77.381256 50.250004 
141299252677745 -94.575005 78.581253 48.525002 
141299272677745 -93.862503 79.650002 46.800003 
141299292677745 -92.793755 80.887505 44.793751 
141299312677745 -92.118752 82.181252 42.881252 
141299332677745 -91.256256 83.025002 41.287502 
141299352677745 -90.675003 84.262505 39.750000 
141299372677745 -89.906250 84.975006 38.043751 
141299392677745 -88.931252 85.575005 36.525002 
141299412677745 -88.406250 86.268753 35.343750 
141299432677745 -87.975006 86.737503 34.350002 
141299452677745 -87.900002 86.812500 33.787502 
141299472677745 -87.693756 86.831253 33.356251 
141299492677745 -87.525002 87.037506 32.981251 
141299512677745 -87.281250 86.775002 33.000000 
141299532677745 -87.450005 86.925003 33.506252 
141299552677745 -88.068756 87.037506 33.937500 
141299572677745 -88.518753 86.812500 34.575001 
141299592677745 -88.912506 86.456253 35.287502 
141299612677745 -89.400002 86.212502 36.075001 
141299632677745 -89.925003 85.743752 36.975002 
141299652677745 -90.581253 85.012505 37.931252 
141299672677745 -91.406250 84.450005 38.793751 
141299692677745 -92.418755 83.343750 39.975002 
141299712677745 -92.962502 82.256256 41.831253 
141299732677745 -93.843750 81.187500 43.425003 
141299752677745 -94.743752 80.062500 45.075001 
141299772677745 -95.587502 78.937500 46.912502 
141299792677745 -96.731255 77.737503 48.656254 
141299812677745 -97.537506 76.668755 50.212502 
141299832677745 -98.512505 75.468750 51.806252 
141299852677745 -98.831253 74.456253 53.006252 
141299872677745 -99.581253 73.631256 53.681252 
141299892677745 -99.731255 73.087502 54.056252 
141299912677745 -100.406258 72.656250 54.318752 
141299932677745 -100.856255 72.318756 53.868752 
141299952677745 -100.893753 72.562500 53.062504 
141299972677745 -101.118752 72.993752 52.162502 
141299992677745 -100.762505 73.443756 50.981251 
141300012677745 -100.631256 74.456253 49.387501 
141300032677745 -100.368752 75.581253 47.737503 
141300052677745 -99.993752 76.668755 46.331253 
141300072677745 -99.225006 77.943756 44.662502 
141300092677745 -98.006256 79.350006 43.125000 
141300112677745 -96.900002 80.362503 41.531250 
141300132677745 -95.418755 81.581253 40.106251 
141300152677745 -94.012505 82.781250 39.037502 
141300172677745 -92.775002 83.531250 37.968750 
141300192677745 -91.331253 84.243752 36.862503 
141300212677745 -90.375000 85.087502 35.718750 
141300232677745 -89.268753 85.762505 34.706253 
141300252677745 -88.743752 86.100006 33.993752 
141300272677745 -88.162506 86.625000 33.881252 
141300292677745 -88.050003 86.756256 33.450001 
141300312677745 -88.068756 86.906250 33.000000 
141300332677745 -88.143753 87.037506 32.925003 
141300352677745 -88.143753 87.075005 33.318752 
141300372677745 -88.218750 86.643753 33.637501 
141300392677745 -88.406250 86.062500 34.556252 
141300412677745 -88.612503 85.800003 35.381252 
141300432677745 -89.081253 85.087502 36.318752 
141300452677745 -89.587502 84.712502 37.593750 
141300472677745 -90.525002 84.168755 38.887501 
141300492677745 -91.275002 83.681252 40.631252 
141300512677745 -92.212502 82.612503 41.850002 
141300532677745 -93.206253 81.881256 43.481251 
141300552677745 -94.031250 81.056252 44.962502 
141300572677745 -94.968750 79.650002 46.800003 
141300592677745 -96.093758 78.506256 48.468754 
141300612677745 -97.068756 77.043755 50.193752 
141300632677745 -97.350006 75.675003 51.712502 
141300652677745 -97.800003 74.212502 52.612503 
141300672677745 -98.325005 73.368752 53.737503 
141300692677745 -98.700005 72.262505 54.843754 
141300712677745 -99.206253 71.681252 55.406254 
141300732677745 -99.506256 71.512505 55.593754 
141300752677745 -99.450005 71.643753 55.462502 
141300772677745 -99.431252 71.868752 54.975002 
141300792677745 -99.637505 72.375000 54.243752 
141300812677745 -99.637505 73.218750 53.343754 
141300832677745 -99.562508 74.118752 52.181252 
141300852677745 -99.018753 75.168755 50.700001 
141300872677745 -98.550003 76.425003 48.993752 
141300892677745 -97.912506 77.587502 47.231251 
141300912677745 -97.125008 78.675003 45.393753 
141300932677745 -96.075005 79.931252 43.650002 
141300952677745 -94.837502 81.243752 41.906250 
141300972677745 -93.750000 82.256256 40.481251 
141300992677745 -92.550003 83.156250 38.906250 
141301012677745 -91.593750 84.168755 37.518753 
141301032677745 -90.656250 84.993752 36.393753 
141301052677745 -89.662506 85.743752 35.381252 
141301072677745 -88.725006 86.362503 34.425003 
141301092677745 -88.237503 86.831253 33.731251 
141301112677745 -87.862503 87.112503 33.300003 
141301132677745 -87.393753 87.393753 33.093750 
141301152677745 -86.850006 87.656250 33.243752 
141301172677745 -86.662506 87.787506 33.150002 
141301192677745 -86.456253 87.506256 33.431252 
141301212677745 -86.418755 87.412506 34.012501 
141301232677745 -86.531250 86.943756 34.631252 
141301252677745 -86.343750 86.681252 35.587502 
141301272677745 -86.550003 85.968750 36.675003 
141301292677745 -86.925003 85.350006 37.631252 
141301312677745 -87.543755 84.562500 38.943752 
141301332677745 -88.068756 83.756256 40.800003 
141301352677745 -88.481255 83.043755 42.412502 
141301372677745 -88.968750 82.143753 44.025002 
141301392677745 -89.550003 81.412506 45.900002 
141301412677745 -90.356255 80.493752 47.568752 
141301432677745 -90.881256 79.518753 49.200001 
141301452677745 -91.350006 78.450005 50.962502 
141301472677745 -91.856255 77.437500 52.312504 
141301492677745 -92.437500 76.518753 53.100002 
141301512677745 -92.850006 75.768753 53.943752 
141301532677745 -93.375000 75.412506 54.506252 
141301552677745 -93.637505 75.150002 54.562504 
141301572677745 -93.712502 75.243752 54.318752 
141301592677745 -93.881256 75.731255 53.737503 
141301612677745 -93.712502 76.481255 52.706253 
141301632677745 -93.600006 77.306252 51.487503 
141301652677745 -93.187500 78.300003 50.531254 
141301672677745 -93.000000 79.275002 49.518753 
141301692677745 -92.831253 79.800003 48.525002 
141301712677745 -92.662506 80.250000 47.981251 
141301732677745 -92.718750 80.381256 47.512501 
141301752677745 -92.643753 80.531250 47.531250 
141301772677745 -92.775002 80.475006 47.700001 
141301792677745 -92.812500 80.418755 48.112503 
141301812677745 -92.981255 79.931252 48.693752 
141301832677745 -93.131256 79.200005 49.425003 
141301852677745 -93.150002 78.768753 50.043751 
141301872677745 -93.225006 78.281250 50.587502 
141301892677745 -93.093750 77.906250 51.412502 
141301912677745 -92.962502 77.362503 51.956253 
141301932677745 -92.943756 77.118752 52.593754 
141301952677745 -92.681252 76.650002 53.175003 
141301972677745 -92.400002 76.425003 53.325001 
141301992677745 -92.381256 76.650002 53.250004 
141302012677745 -92.193756 76.875000 53.512501 
141302032677745 -92.062500 77.287506 53.381252 
141302052677745 -91.706253 77.700005 53.081253 
141302072677745 -91.462502 78.168755 52.800003 
141302092677745 -91.087502 78.412506 52.143753 
141302112677745 -91.012505 78.975006 51.431252 
141302132677745 -90.937500 79.462502 51.225002 
141302152677745 -90.581253 79.837502 51.018753 
141302172677745 -90.768753 79.893753 50.662502 
141302192677745 -90.731255 79.893753 50.700001 
141302212677745 -91.068756 79.781250 50.531254 
141302232677745 -91.256256 79.593750 50.437504 
141302252677745 -91.687500 79.293755 50.868752 
141302272677745 -92.006256 79.012505 51.168751 
141302292677745 -92.437500 78.618752 51.187504 
141302312677745 -92.887505 77.943756 51.393753 
141302332677745 -93.206253 77.606255 51.412502 
141302352677745 -93.675003 77.231255 51.318752 
141302372677745 -93.975006 76.875000 51.431252 
141302392677745 -94.575005 76.818756 51.300003 
141302412677745 -95.025002 76.837502 50.925003 
141302432677745 -95.250000 76.762505 50.643753 
141302452677745 -95.625000 76.743752 50.287502 
141302472677745 -96.037506 76.912506 49.762501 
141302492677745 -96.131256 77.043755 49.537502 
141302512677745 -96.356255 77.137505 49.256252 
141302532677745 -96.637505 77.400002 48.843754 
141302552677745 -96.731255 77.343750 48.618752 
141302572677745 -96.693756 77.606255 48.431252 
141302592677745 -96.881256 77.831253 48.281254 
141302612677745 -96.768753 77.812500 48.168751 
141302632677745 -96.825005 77.925003 48.337502 
141302652677745 -96.956253 77.812500 48.093754 
141302672677745 -97.087502 77.962502 48.000000 
141302692677618 -97.106255 77.850006 48.037502 
141302712677462 -97.256256 77.812500 48.150002 
141302732677462 -97.593758 77.381256 48.318752 
141302752677462 -97.781258 77.250000 48.375004 
141302772677462 -98.081253 77.175003 48.656254 
141302792677462 -98.212502 77.006256 48.637501 
141302812677462 -98.456253 76.837502 48.900002 
141302832677462 -98.512505 76.500000 48.993752 
141302852677462 -98.625008 76.425003 49.068752 
141302872677462 -98.550003 76.481255 48.881252 
141302892677462 -98.606255 76.443756 48.787502 
141302912677462 -98.625008 76.462502 48.768753 
141302932677462 -98.625008 76.556252 48.393753 
141302952677462 -98.718758 76.650002 48.300003 
141302972677462 -98.737503 76.856255 48.131252 
141302992677462 -98.681252 77.156250 47.925003 
141303012677462 -98.531258 77.193756 47.812500 
141303032677462 -98.662506 77.175003 47.793751 
141303052677462 -98.475006 77.381256 47.625000 
141303072677462 -98.475006 77.381256 47.718750 
141303092677462 -98.287506 77.456253 48.056252 
141303112677462 -98.193756 77.456253 47.868752 
141303132677462 -98.081253 77.362503 47.775002 
141303152677462 -98.081253 77.175003 48.093754 
141303172677462 -98.325005 76.875000 48.093754 
141303192677462 -98.418755 76.950005 48.206253 
141303212677462 -98.568756 76.837502 48.525002 
141303232677462 -98.662506 76.650002 48.525002 
141303252677462 -98.606255 76.406250 48.618752 
141303272677462 -98.531258 76.275002 48.993752 
141303292677462 -98.325005 76.593750 49.312504 
141303312677462 -98.381256 76.631256 49.406254 
141303332677462 -98.100006 76.931252 49.725002 
141303352677462 -97.837502 76.762505 50.006252 
141303372677462 -97.518753 77.100006 49.856251 
141303392677462 -97.275002 77.193756 50.081253 
141303412677462 -97.275002 77.250000 50.025002 
141303432677462 -97.068756 77.343750 50.156254 
141303452677462 -96.918755 77.175003 50.306252 
141303472677462 -96.375008 77.156250 50.343754 
141303492677462 -96.318756 77.212502 50.325001 
141303512677462 -95.925003 77.306252 50.287502 
141303532677462 -95.850006 77.081253 50.531254 
141303552677462 -95.887505 77.100006 50.475002 
141303572677462 -95.775002 77.250000 50.700001 
141303592677462 -95.718750 77.175003 50.662502 
141303612677462 -95.700005 77.006256 50.587502 
141303632677462 -95.793755 77.025002 50.587502 
141303652677462 -95.568756 77.006256 50.718754 
141303672677462 -95.587502 77.118752 50.812504 
141303692677462 -95.512505 77.025002 50.812504 
141303712677462 -95.437500 77.062500 50.775002 
141303732677462 -95.418755 77.137505 50.550003 
141303752677462 -95.325005 77.325005 50.587502 
141303772677462 -95.493752 77.568756 50.493752 
141303792677462 -95.550003 77.831253 50.343754 
141303812677462 -95.625000 78.000000 50.231251 
141303832677462 -95.925003 78.056252 50.081253 
141303852677462 -96.150002 78.206253 50.081253 
141303872677462 -96.131256 78.281250 49.968754 
141303892677462 -96.412506 78.450005 50.025002 
141303912677462 -96.543755 78.487503 49.762501 
141303932677462 -96.431252 78.431252 49.668751 
141303952677462 -96.675003 78.375000 49.743752 
141303972677462 -96.862503 78.131256 49.593754 
141303992677462 -96.993752 78.112503 49.425003 
141304012677462 -96.862503 78.187500 49.312504 
141304032677462 -96.993752 78.131256 49.218754 
141304052677462 -96.918755 77.793755 48.862503 
141304072677462 -96.956253 77.681252 48.900002 
141304092677462 -97.237503 77.831253 48.993752 
141304112677462 -97.218758 77.718750 48.993752 
141304132677462 -97.256256 77.700005 48.881252 
141304152677462 -97.218758 77.718750 48.768753 
141304172677462 -97.162506 77.793755 48.525002 
141304192677462 -97.256256 77.831253 48.506252 
141304212677462 -97.143753 78.168755 48.487503 
141304232677462 -97.425003 78.337502 48.375004 
141304252677462 -97.331253 78.468750 48.412502 
141304272677462 -97.275002 78.468750 48.168751 
141304292677462 -97.312508 78.712502 48.075001 
141304312677462 -97.443756 78.543755 48.000000 
141304332677462 -97.387505 78.450005 48.000000 
141304352677462 -97.106255 78.431252 48.206253 
141304372677462 -97.387505 78.375000 48.318752 
141304392677462 -97.218758 78.356255 48.431252 
141304412677462 -97.237503 78.318756 48.300003 
141304432677462 -97.331253 78.337502 48.468754 
141304452677462 -97.125008 78.093750 48.618752 
141304472677462 -97.087502 78.112503 48.843754 
141304492677462 -97.106255 78.037506 48.993752 
141304512677462 -97.218758 77.943756 49.106251 
141304532677462 -97.031258 77.868752 49.256252 
141304552677462 -97.031258 77.850006 49.406254 
141304572677462 -96.825005 77.737503 49.537502 
141304592677462 -96.825005 77.737503 49.537502 
141304612677462 -96.843758 77.831253 49.743752 
141304632677462 -96.581253 77.887505 49.893753 
141304652677462 -96.450005 77.925003 50.025002 
141304672677462 -96.337502 78.168755 49.912502 
141304692677462 -96.375008 78.150002 50.006252 
141304712677462 -96.225006 78.018753 49.818752 
141304732677462 -96.412506 78.112503 49.856251 
141304752677462 -96.243752 78.000000 49.912502 
141304772677462 -96.112503 78.037506 49.856251 
141304792677462 -96.075005 77.943756 50.156254 
141304812677462 -96.093758 77.981255 50.325001 
141304832677462 -96.168755 77.925003 50.456253 
141304852677462 -96.000000 77.831253 50.625004 
141304872677462 -95.887505 77.943756 50.850002 
141304892677462 -95.606255 77.906250 50.756252 
141304912677462 -95.737503 77.925003 50.643753 
141304932677462 -95.756256 77.812500 50.831253 
141304952677462 -95.850006 77.981255 50.550003 
141304972677462 -95.812500 77.943756 50.250004 
141304992677462 -95.512505 78.112503 50.250004 
141305012677462 -95.325005 78.075005 49.987503 
141305032677462 -95.306252 78.187500 49.968754 
141305052677462 -95.231255 78.206253 50.175003 
141305072677462 -95.062500 78.243752 50.625004 
141305092677462 -94.987503 78.356255 50.550003 
141305112677462 -94.837502 78.206253 50.643753 
141305132677462 -94.837502 78.168755 51.075001 
141305152677462 -94.893753 78.037506 51.206253 
141305172677462 -94.875000 78.018753 51.412502 
141305192677462 -94.837502 77.925003 51.600002 
141305212677462 -94.762505 77.587502 51.656254 
141305232677462 -94.687500 77.700005 51.712502 
141305252677462 -95.062500 77.606255 51.843754 
141305272677462 -95.043755 77.681252 51.956253 
141305292677462 -95.231255 77.756256 51.881252 
141305312677462 -95.137505 77.587502 51.900002 
141305332677462 -95.306252 77.737503 52.012501 
141305352677462 -95.568756 77.681252 51.900002 
141305372677462 -95.793755 78.018753 51.712502 
141305392677462 -95.906250 78.150002 51.375004 
141305412677462 -95.793755 78.356255 51.243752 
141305432677462 -95.962502 78.487503 51.168751 
141305452677462 -95.981255 78.412506 51.000004 
141305472677462 -96.431252 78.750000 50.587502 
141305492677462 -96.412506 78.731255 50.400002 
141305512677462 -96.431252 78.656250 50.231251 
141305532677462 -96.356255 78.768753 50.193752 
141305552677462 -96.281258 78.693756 50.156254 
141305572677462 -96.375008 78.750000 49.968754 
141305592677462 -96.450005 79.050003 49.593754 
141305612677462 -96.468758 79.518753 49.406254 
141305632677462 -96.393753 79.593750 49.181252 
141305652677462 -96.525002 79.631256 48.843754 
141305672677462 -96.543755 80.062500 48.656254 
141305692677462 -96.562508 80.156250 48.393753 
141305712677462 -96.675003 80.343750 48.112503 
141305732677462 -96.656258 80.456253 47.906250 
141305752677462 -96.468758 80.381256 47.718750 
141305772677462 -96.468758 80.081253 47.681252 
141305792677462 -96.562508 80.156250 47.793751 
141305812677462 -96.562508 80.362503 47.568752 
141305832677462 -96.450005 80.418755 47.343750 
141305852677462 -96.543755 80.381256 47.118752 
141305872677462 -96.431252 80.381256 46.818752 
141305892677462 -96.225006 80.456253 46.575001 
141305912677462 -96.225006 80.512505 46.293751 
141305932677462 -96.281258 80.700005 45.993752 
141305952677462 -96.187508 80.531250 45.918751 
141305972677462 -96.281258 80.587502 45.750000 
141305992677462 -96.262505 80.400002 45.656250 
141306012677462 -96.112503 80.625000 45.506252 
141306032677462 -96.187508 80.718750 45.487503 
141306052677462 -96.375008 80.756256 45.468750 
141306072677462 -96.600006 80.643753 45.393753 
141306092677462 -96.637505 80.812500 45.318752 
141306112677462 -96.581253 80.943756 45.000000 
141306132677462 -96.581253 81.075005 45.056252 
141306152677462 -96.693756 81.093750 45.187500 
141306172677462 -96.862503 80.962502 45.206253 
141306192677462 -97.200005 80.868752 45.281250 
141306212677462 -97.331253 80.850006 45.356251 
141306232677462 -97.443756 80.887505 45.431252 
141306252677462 -97.425003 80.737503 45.281250 
141306272677462 -97.537506 80.887505 45.393753 
141306292677462 -97.443756 80.925003 45.637501 
141306312677462 -97.350006 81.281250 45.487503 
141306332677462 -97.312508 81.337502 45.600002 
141306352677462 -96.825005 81.431252 45.562500 
141306372677462 -96.693756 81.375000 45.543751 
141306392677462 -96.525002 81.487503 45.750000 
141306412677462 -96.262505 81.562500 45.881252 
141306432677462 -95.943756 81.281250 46.406250 
141306452677462 -95.625000 81.150002 46.593750 
141306472677462 -95.250000 80.887505 47.137501 
141306492677462 -94.912506 80.812500 47.456253 
141306512677462 -94.706253 80.662506 47.793751 
141306532677462 -94.237503 80.493752 48.243752 
141306552677462 -93.637505 80.587502 48.543751 
141306572677462 -93.356255 80.437500 49.068752 
141306592677462 -93.075005 80.437500 49.125004 
141306612677462 -92.943756 80.231255 49.275002 
141306632677462 -92.868752 80.231255 49.218754 
141306652677462 -92.512505 80.025002 49.181252 
141306672677462 -92.493752 79.968750 49.387501 
141306692677462 -92.437500 80.137505 49.425003 
141306712677462 -92.418755 79.931252 49.443752 
141306732677462 -92.343750 80.025002 49.425003 
141306752677462 -92.493752 80.137505 49.481251 
141306772677462 -92.531250 80.343750 49.481251 
141306792677462 -92.418755 80.381256 49.500004 
141306812677462 -92.493752 80.362503 49.575001 
141306832677462 -92.512505 80.681252 49.312504 
141306852677462 -92.456253 80.700005 49.218754 
141306872677462 -92.531250 80.756256 49.425003 
141306892677462 -92.306252 80.587502 49.481251 
141306912677462 -92.025002 80.681252 49.593754 
141306932677462 -91.875000 80.531250 49.575001 
141306952677462 -91.968750 80.475006 49.481251 
141306972677462 -91.875000 80.662506 49.575001 
141306992677462 -91.818756 80.418755 50.025002 
141307012677462 -91.650002 80.418755 50.268753 
141307032677462 -91.762505 80.306252 50.343754 
141307052677462 -92.043755 80.325005 50.512501 
141307072677462 -92.137505 80.231255 50.381252 
141307092677462 -92.006256 80.137505 50.325001 
141307112677462 -92.081253 80.043755 50.681252 
141307132677462 -92.100006 79.968750 50.850002 
141307152677462 -92.081253 80.006256 50.718754 
141307172677462 -92.250000 80.193756 50.568752 
141307192677462 -92.418755 80.268753 50.512501 
141307212677462 -92.362503 80.268753 50.456253 
141307232677462 -92.550003 80.231255 50.362503 
141307252677462 -92.850006 80.212502 50.437504 
141307272677462 -92.962502 80.137505 50.306252 
141307292677462 -93.300003 80.118752 50.156254 
141307312677462 -93.356255 80.081253 50.062504 
141307332677462 -93.450005 79.856255 50.043751 
141307352677462 -93.337502 79.818756 49.856251 
141307372677462 -93.412506 79.743752 49.631252 
141307392677462 -93.375000 79.593750 49.631252 
141307412677462 -93.112503 79.575005 49.631252 
141307432677462 -93.093750 79.743752 49.575001 
141307452677462 -93.037506 79.593750 49.312504 
141307472677462 -93.318756 79.687500 49.125004 
141307492677462 -93.393753 79.518753 49.068752 
141307512677462 -93.581253 79.406250 48.993752 
141307532677462 -93.450005 79.462502 48.881252 
141307552677462 -93.543755 79.443756 48.918751 
141307572677462 -94.087502 79.631256 48.993752 
141307592677462 -94.106255 79.293755 48.675003 
141307612677462 -94.237503 79.368752 48.787502 
141307632677462 -94.237503 79.181252 48.693752 
141307652677462 -94.462502 79.218750 48.543751 
141307672677462 -94.481255 79.237503 48.525002 
141307692677462 -94.912506 79.181252 48.543751 
141307712677462 -95.175003 79.275002 48.356251 
141307732677462 -95.362503 79.143753 47.943752 
141307752677462 -95.718750 79.387505 47.850002 
141307772677462 -96.187508 79.350006 47.662502 
141307792677462 -96.543755 79.275002 47.681252 
141307812677462 -96.937508 79.031250 47.793751 
141307832677462 -97.687508 78.581253 48.075001 
141307852677462 -98.306252 78.262505 48.412502 
141307872677462 -98.943756 77.625000 48.881252 
141307892677462 -99.506256 76.987503 49.612503 
141307912677462 -100.012505 76.181252 50.381252 
141307932677462 -100.350006 75.225006 51.243752 
141307952677462 -100.837502 74.306252 52.162502 
141307972677462 -101.250008 73.556252 52.575001 
141307992677462 -101.418755 73.200005 52.762501 
141308012677462 -101.700005 72.937500 52.650002 
141308032677462 -101.831253 72.918755 52.350002 
141308052677462 -101.943756 73.181252 51.693752 
141308072677462 -102.131256 73.818756 50.700001 
141308092677462 -102.281258 74.700005 49.387501 
141308112677462 -102.375008 75.637505 47.812500 
141308132677462 -102.243752 76.743752 46.125000 
141308152677462 -101.906258 77.756256 44.287502 
141308172677462 -101.681252 78.731255 42.600002 
141308192677462 -100.968758 79.950005 40.762501 
141308212677462 -100.368752 80.943756 39.131252 
141308232677462 -99.600006 81.862503 37.537502 
141308252677462 -98.793755 82.743752 35.812500 
141308272677462 -97.837502 83.643753 34.218750 
141308292677462 -96.993752 84.431252 32.756252 
141308312677462 -96.375008 85.106255 31.500002 
141308332677462 -95.531250 85.650002 30.318750 
141308352677462 -95.437500 86.137505 29.400002 
141308372677462 -94.912506 86.475006 28.275002 
141308392677462 -94.500000 86.437500 27.412500 
141308412677462 -94.256256 86.456253 27.000002 
141308432677462 -94.143753 86.381256 26.550001 
141308452677462 -94.125000 86.456253 26.343752 
141308472677462 -94.012505 86.456253 26.006250 
141308492677462 -94.293755 86.362503 25.912500 
141308512677462 -94.256256 86.156250 25.687502 
141308532677462 -94.856255 86.043755 25.893751 
141308552677462 -95.437500 85.912506 26.362501 
141308572677462 -96.262505 85.725006 26.906252 
141308592677462 -97.087502 85.500000 27.375002 
141308612677462 -97.968758 84.975006 28.218752 
141308632677462 -98.793755 84.562500 29.475000 
141308652677462 -99.450005 83.943756 30.468752 
141308672677462 -100.406258 83.100006 31.725000 
141308692677462 -101.437508 82.331253 33.262501 
141308712677462 -102.187508 81.375000 34.743752 
141308732677462 -102.918755 80.381256 36.393753 
141308752677462 -103.537506 79.425003 38.643753 
141308772677462 -104.287506 78.281250 40.856251 
141308792677462 -104.887505 77.025002 42.900002 
141308812677462 -105.243752 75.806252 45.000000 
141308832677462 -105.431252 74.606255 47.081253 
141308852677462 -105.300003 73.481255 48.975002 
141308872677462 -105.300003 72.600006 50.587502 
141308892677462 -105.262505 71.868752 51.712502 
141308912677462 -105.075005 71.193756 52.612503 
141308932677462 -104.587502 71.006256 52.706253 
141308952677462 -104.193756 70.818756 52.818752 
141308972677462 -103.987503 71.231255 52.743752 
141308992677462 -103.650002 71.756256 52.068752 
141309012677462 -103.518753 72.450005 51.262501 
141309032677462 -103.237503 73.275002 50.100002 
141309052677462 -102.900002 74.437500 48.900002 
141309072677462 -102.543755 75.543755 47.193752 
141309092677462 -102.187508 76.706253 45.993752 
141309112677462 -101.775002 77.962502 44.268753 
141309132677462 -101.212502 78.993752 42.637501 
141309152677462 -100.462502 80.118752 41.362503 
141309172677462 -99.356255 81.356255 39.750000 
141309192677462 -98.512505 82.650002 38.212502 
141309212677462 -97.312508 83.531250 36.843750 
141309232677462 -96.637505 84.243752 35.493752 
141309252677462 -95.812500 85.106255 34.050003 
141309272677462 -95.231255 85.593750 32.662502 
141309292677462 -94.443756 86.306252 31.425001 
141309312677462 -94.106255 86.718750 30.243752 
141309332677462 -93.956253 87.075005 29.118752 
141309352677462 -93.693756 87.150002 28.518751 
141309372677462 -93.656250 87.150002 27.768751 
141309392677462 -93.412506 87.468750 27.450001 
141309412677462 -93.375000 87.393753 27.243752 
141309432677462 -93.356255 87.562500 27.562502 
141309452677462 -93.543755 87.356255 27.918751 
141309472677462 -93.768753 87.393753 28.162500 
141309492677462 -94.068756 86.962502 28.968752 
141309512677462 -94.387505 86.756256 29.587502 
141309532677462 -95.043755 86.381256 30.525002 
141309552677462 -95.531250 86.043755 31.687502 
141309572677462 -96.262505 85.293755 32.981251 
141309592677462 -97.125008 84.731255 34.218750 
141309612677462 -97.875008 83.925003 35.568752 
141309632677462 -98.587502 82.875000 37.387501 
141309652677462 -99.206253 81.937500 38.887501 
141309672677462 -99.918755 80.737503 40.706253 
141309692677462 -100.368752 79.462502 42.600002 
141309712677462 -100.837502 78.187500 44.531250 
141309732677462 -101.175003 76.931252 46.425003 
141309752677462 -101.343758 75.600006 48.281254 
141309772677462 -101.456253 74.362503 50.043751 
141309792677462 -101.475006 73.312500 51.375004 
141309812677462 -101.381256 72.412506 52.856251 
141309832677462 -101.362503 71.625000 54.018753 
141309852677462 -101.362503 71.362503 54.937504 
141309872677462 -101.362503 71.175003 55.162502 
141309892677462 -101.231255 71.456253 55.162502 
141309912677462 -100.893753 71.775002 55.031254 
141309932677462 -100.856255 72.562500 54.600002 
141309952677462 -100.706253 73.593750 54.150002 
141309972677462 -100.800003 74.625000 53.081253 
141309992677462 -100.743752 75.956253 51.881252 
141310012677462 -100.518753 77.006256 50.437504 
141310032677462 -99.975006 78.112503 48.881252 
141310052677462 -99.600006 79.293755 47.343750 
141310072677462 -99.281258 80.550003 45.487503 
141310092677462 -98.606255 81.525002 43.387501 
141310112677462 -98.043755 82.518753 41.362503 
141310132677462 -96.975006 83.456253 39.750000 
141310152677462 -96.093758 84.225006 37.931252 
141310172677462 -95.175003 85.181252 36.281250 
141310192677462 -94.818756 86.100006 34.706253 
141310212677462 -94.031250 86.812500 33.281250 
141310232677462 -93.131256 87.243752 32.062500 
141310252677462 -92.606255 87.618752 31.293751 
141310272677462 -92.043755 87.806252 30.506250 
141310292677462 -91.650002 88.087502 30.000002 
141310312677462 -91.143753 88.350006 29.643751 
141310332677462 -90.918755 88.368752 29.550001 
141310352677462 -90.600006 88.368752 29.925001 
141310372677462 -90.750000 88.106255 30.356251 
141310392677462 -91.256256 87.975006 30.956251 
141310412677462 -91.406250 87.806252 31.650002 
141310432677462 -91.706253 87.618752 32.475002 
141310452677462 -92.268753 87.281250 33.243752 
141310472677462 -93.018753 86.850006 34.631252 
141310492677462 -93.637505 86.343750 35.718750 
141310512677462 -94.012505 85.537506 36.862503 
141310532677462 -94.631256 84.825005 38.137501 
141310552677462 -95.231255 83.981255 39.693752 
141310572677462 -96.093758 82.987503 41.175003 
141310592677462 -96.956253 81.900002 42.993752 
141310612677462 -97.593758 80.531250 44.793751 
141310632677462 -98.137505 79.125000 46.350002 
141310652677462 -98.737503 77.625000 48.206253 
141310672677462 -99.450005 76.387505 50.137501 
141310692677462 -99.825005 75.037506 51.787502 
141310712677462 -100.050003 73.800003 53.212502 
141310732677462 -100.293755 72.918755 54.806252 
141310752677462 -100.537506 72.075005 55.725002 
141310772677462 -101.100006 71.512505 56.306252 
141310792677462 -101.175003 71.306252 56.737503 
141310812677462 -101.512505 71.381256 56.681252 
141310832677462 -101.606255 71.437500 56.231251 
141310852677462 -101.700005 72.037506 55.781254 
141310872677462 -101.756256 72.656250 54.918751 
141310892677462 -101.775002 73.275002 53.681252 
141310912677462 -101.568756 74.043755 52.650002 
141310932677462 -101.100006 75.037506 51.412502 
141310952677462 -100.931252 76.031250 49.912502 
141310972677462 -100.200005 77.175003 48.412502 
141310992677462 -99.693756 78.300003 46.856251 
141311012677462 -99.112503 79.425003 45.168751 
141311032677462 -98.287506 80.400002 43.781250 
141311052677462 -97.387505 81.375000 42.187500 
141311072677462 -96.431252 82.518753 40.650002 
141311092677462 -95.493752 83.531250 39.093750 
141311112677462 -94.631256 84.468750 37.650002 
141311132677462 -94.181252 85.218750 36.318752 
141311152677462 -93.600006 86.100006 34.950001 
141311172677462 -93.262505 86.475006 33.750000 
141311192677462 -93.000000 87.075005 32.606251 
141311212677462 -92.775002 87.675003 31.687502 
141311232677462 -92.850006 87.825005 30.975000 
141311252677462 -92.906250 88.087502 30.468752 
141311272677462 -92.831253 88.162506 30.450001 
141311292677462 -92.812500 88.331253 30.375002 
141311312677462 -92.962502 88.237503 30.562502 
141311332677462 -92.812500 88.143753 30.993752 
141311352677462 -93.018753 87.806252 31.556252 
141311372677462 -93.375000 87.393753 32.418751 
141311392677462 -93.506256 87.075005 32.887501 
141311412677462 -93.843750 86.625000 33.787502 
141311432677462 -94.368752 86.062500 34.537502 
141311452677462 -94.893753 85.556252 35.718750 
141311472677462 -95.362503 84.750000 36.768753 
141311492677462 -96.037506 84.168755 38.006252 
141311512677462 -96.637505 83.512505 39.206253 
141311532677462 -97.256256 82.856255 40.575001 
141311552677462 -97.818756 81.787506 42.168751 
141311572677462 -98.475006 80.700005 43.612503 
141311592677462 -99.056252 79.612503 45.168751 
141311612677462 -99.337502 78.037506 46.818752 
141311632677462 -99.750008 76.781250 48.562504 
141311652677462 -100.237503 75.600006 49.800003 
141311672677462 -100.650002 74.606255 51.131252 
141311692677462 -100.800003 73.537506 52.031254 
141311712677462 -101.043755 72.993752 53.137501 
141311732677462 -101.062508 72.450005 53.681252 
141311752677462 -101.025002 72.412506 53.737503 
141311772677462 -101.231255 72.562500 53.362503 
141311792677462 -101.287506 72.937500 52.818752 
141311812677462 -101.437508 73.500000 52.162502 
141311832677462 -101.400002 74.325005 50.962502 
141311852677462 -101.512505 75.337502 49.856251 
141311872677462 -101.362503 76.368752 48.150002 
141311892677462 -101.231255 77.531250 46.856251 
141311912677462 -100.950005 78.487503 45.693752 
141311932677462 -100.293755 79.668755 44.043751 
141311952677462 -99.618752 80.831253 42.393753 
141311972677462 -98.625008 81.712502 40.743752 
141311992677462 -97.706253 82.518753 39.093750 
141312012677462 -96.656258 83.231255 37.481251 
141312032677462 -95.550003 84.206253 35.793751 
141312052677462 -94.650002 84.918755 34.106251 
141312072677462 -93.825005 85.518753 32.381252 
141312092677462 -93.093750 86.006256 30.993752 
141312112677462 -92.475006 86.287506 29.681252 
141312132677462 -91.968750 86.868752 28.668751 
141312152677462 -91.650002 87.262505 27.806252 
141312172677462 -91.312500 87.393753 26.906252 
141312192677462 -91.425003 87.393753 26.606251 
141312212677462 -91.631256 87.637505 26.362501 
141312232677462 -91.912506 87.656250 26.306252 
141312252677462 -92.193756 87.487503 26.381250 
141312272677462 -92.456253 87.750000 26.700001 
141312292677462 -93.000000 87.543755 27.000002 
141312312677462 -93.318756 87.393753 27.318750 
141312332677462 -93.768753 87.243752 28.237501 
141312352677462 -94.162506 87.018753 29.062502 
141312372677462 -94.443756 86.700005 30.037500 
141312392677462 -94.781250 86.306252 31.162500 
141312412677462 -95.212502 85.950005 32.437500 
141312432677462 -95.493752 85.087502 33.787502 
141312452677462 -95.906250 84.506256 35.625000 
141312472677462 -96.243752 83.625000 37.481251 
141312492677462 -96.918755 83.006256 39.018753 
141312512677462 -97.425003 82.106255 40.781250 
141312532677462 -97.818756 80.981255 42.806252 
141312552677462 -98.343758 80.043755 44.475002 
141312572677462 -98.681252 79.256256 46.425003 
141312592677462 -99.356255 78.243752 48.168751 
141312612677462 -99.656258 77.418755 49.556252 
141312632677462 -100.068756 76.612503 51.093754 
141312652677462 -100.237503 75.768753 51.975002 
141312672677462 -100.143753 75.262505 52.593754 
141312692677462 -100.256256 75.112503 52.668751 
141312712677462 -100.293755 74.868752 52.875004 
141312732677462 -100.387505 75.112503 52.143753 
141312752677462 -100.312508 75.693756 51.412502 
141312772677462 -100.012505 76.125000 50.306252 
141312792677462 -99.618752 77.193756 48.825001 
141312812677462 -99.206253 78.262505 47.287502 
141312832677462 -98.868752 79.331253 45.656250 
141312852677462 -98.062508 80.512505 44.025002 
141312872677462 -97.181252 81.825005 41.850002 
141312892677462 -96.281258 82.912506 40.368752 
141312912677462 -95.043755 84.112503 38.456253 
141312932677462 -94.106255 85.368752 36.731251 
141312952677462 -93.056252 86.193756 34.968750 
141312972677462 -91.968750 87.018753 33.543751 
141312992677462 -91.068756 87.600006 32.100002 
141313012677462 -90.412506 88.143753 30.993752 
141313032677462 -89.850006 88.631256 30.075001 
141313052677462 -89.268753 88.875000 29.193750 
141313072677462 -88.987503 89.025002 28.537500 
141313092677462 -88.800003 89.156250 28.087502 
141313112677462 -88.875000 89.287506 28.031252 
141313132677462 -88.931252 89.193756 28.031252 
141313152677462 -89.137505 89.118752 28.237501 
141313172677462 -89.437500 88.743752 28.368752 
141313192677462 -89.493752 88.462502 28.968752 
141313212677462 -90.075005 88.293755 29.493752 
141313232677462 -90.468750 87.900002 30.468752 
141313252677462 -90.937500 87.243752 31.518751 
141313272677462 -91.668755 86.775002 32.568752 
141313292677462 -92.343750 86.268753 33.750000 
141313312677462 -93.187500 85.781250 34.893753 
141313332677462 -94.068756 85.256256 36.187500 
141313352677462 -95.212502 84.525002 37.481251 
141313372677462 -95.812500 83.718750 38.868752 
141313392677462 -96.712502 82.912506 40.237503 
141313412677462 -97.650002 81.937500 41.418751 
141313432677462 -98.306252 80.831253 43.050003 
141313452677462 -99.131256 79.912506 44.643753 
141313472677462 -99.712502 78.862503 46.293751 
141313492677462 -100.218758 77.906250 47.925003 
141313512677462 -100.481255 76.818756 49.350002 
141313532677462 -101.043755 75.918755 50.437504 
141313552677462 -101.550003 75.206253 51.393753 
141313572677462 -101.512505 74.681252 52.106251 
141313592677462 -101.493752 74.268753 52.500004 
141313612677462 -101.437508 74.062500 52.368752 
141313632677462 -101.400002 74.287506 52.143753 
141313652677462 -101.193756 74.606255 51.468754 
141313672677462 -101.118752 75.450005 50.643753 
141313692677462 -100.575005 76.256256 49.856251 
141313712677462 -99.900002 77.081253 48.412502 
141313732677462 -99.431252 78.243752 46.987503 
141313752677462 -98.831253 79.443756 45.225002 
141313772677462 -98.081253 80.775002 43.781250 
141313792677462 -97.143753 81.787506 42.037502 
141313812677462 -96.131256 82.968750 40.068752 
141313832677462 -95.062500 83.943756 38.343750 
141313852677462 -94.012505 84.862503 36.318752 
141313872677462 -93.318756 85.950005 34.987503 
141313892677462 -92.568756 86.606255 33.656250 
141313912677462 -91.762505 87.150002 32.493752 
141313932677462 -91.106255 87.337502 31.237501 
141313952677462 -90.581253 87.562500 30.206251 
141313972677462 -90.168755 87.843750 29.718752 
141313992677462 -90.037506 88.087502 29.231251 
141314012677462 -90.075005 88.125000 29.437502 
141314032677462 -90.000000 87.956253 29.362501 
141314052677462 -89.868752 87.862503 29.475000 
141314072677462 -90.000000 87.956253 30.000002 
141314092677462 -90.206253 87.881256 30.825001 
141314112677462 -90.431252 87.768753 31.781252 
141314132677462 -91.012505 87.450005 32.793751 
141314152677462 -91.462502 87.131256 33.825001 
141314172677462 -91.987503 86.793755 34.781250 
141314192677462 -92.362503 86.231255 36.056252 
141314212677462 -93.112503 85.725006 37.443752 
141314232677462 -93.937500 84.918755 38.718750 
141314252677462 -94.781250 84.131256 40.050003 
141314272677462 -95.718750 83.268753 41.418751 
141314292677462 -96.356255 82.068756 42.862503 
141314312677462 -96.918755 80.850006 44.512501 
141314332677462 -97.387505 79.725006 46.293751 
141314352677462 -98.287506 78.487503 47.737503 
141314372677462 -98.981255 77.268753 49.481251 
141314392677462 -99.600006 76.256256 50.943752 
141314412677462 -99.975006 75.243752 52.293751 
141314432677462 -100.218758 74.287506 53.418751 
141314452677462 -100.462502 73.687500 54.187504 
141314472677462 -100.856255 73.331253 54.675003 
141314492677462 -101.100006 73.106255 54.637501 
141314512677462 -100.931252 73.500000 54.468754 
141314532677462 -101.025002 74.137505 53.681252 
141314552677462 -100.893753 74.625000 52.687504 
141314572677462 -100.800003 75.506256 51.431252 
141314592677462 -100.406258 76.668755 50.100002 
141314612677462 -100.106255 77.775002 48.768753 
141314632677462 -99.468758 78.862503 47.268753 
141314652677462 -99.018753 79.893753 45.787502 
141314672677462 -98.137505 80.850006 44.325001 
141314692677462 -97.125008 81.693756 42.618752 
141314712677462 -96.131256 82.800003 41.118752 
141314732677462 -95.006256 83.718750 39.450001 
141314752677462 -94.050003 84.506256 38.062500 
141314772677462 -93.075005 85.293755 36.618752 
141314792677462 -92.212502 86.118752 35.287502 
141314812677462 -91.181252 86.831253 33.787502 
141314832677462 -90.806252 87.243752 32.531250 
141314852677462 -90.225006 87.618752 31.837502 
141314872677462 -90.056252 87.825005 31.068750 
141314892677462 -90.056252 88.143753 30.787500 
141314912677462 -90.225006 88.125000 30.525002 
141314932677462 -90.543755 88.181252 30.562502 
141314952677462 -90.768753 88.068756 30.787500 
141314972677462 -91.425003 87.862503 31.331251 
141314992677462 -91.950005 87.693756 32.062500 
141315012677462 -92.531250 87.262505 32.812500 
141315032677462 -93.187500 86.868752 33.787502 
141315052677462 -93.918755 86.100006 34.875000 
141315072677462 -94.875000 85.500000 36.131252 
141315092677462 -95.737503 84.843750 37.537502 
141315112677462 -97.012505 83.737503 38.981251 
141315132677462 -97.893753 82.537506 40.781250 
141315152677462 -98.700005 81.281250 42.450001 
141315172677462 -99.712502 80.081253 44.550003 
141315192677462 -100.256256 78.750000 46.556252 
141315212677462 -100.593758 77.306252 48.412502 
141315232677462 -100.875008 75.806252 50.456253 
141315252677462 -100.912506 74.400002 51.975002 
141315272677462 -100.762505 73.125000 53.587502 
141315292677462 -100.706253 72.281250 55.031254 
141315312677462 -101.006256 71.531250 56.100002 
141315332677462 -100.818756 71.118752 56.587502 
141315352677462 -100.687508 70.931252 56.887501 
141315372677462 -100.687508 71.231255 56.775002 
141315392677462 -100.500008 71.831253 56.062504 
141315412677462 -100.575005 72.525002 55.331253 
141315432677462 -100.481255 73.443756 54.131252 
141315452677462 -100.406258 74.456253 52.518753 
141315472677462 -99.825005 75.600006 51.131252 
141315492677462 -99.431252 76.931252 49.593754 
141315512677462 -99.112503 78.206253 47.662502 
141315532677462 -98.625008 79.500000 46.050003 
141315552677462 -97.912506 80.906250 44.043751 
141315572677462 -97.256256 82.181252 42.093750 
141315592677462 -96.431252 83.437500 40.237503 
141315612677462 -95.587502 84.525002 38.475002 
141315632677462 -94.856255 85.650002 36.656250 
141315652677462 -94.143753 86.625000 34.800003 
141315672677462 -93.431252 87.187500 33.262501 
141315692677462 -92.756256 87.731255 31.781252 
141315712677462 -92.400002 88.162506 30.993752 
141315732677462 -92.006256 88.387505 30.225000 
141315752677462 -91.893753 88.631256 29.775002 
141315772677462 -91.912506 88.987503 29.550001 
141315792677462 -91.912506 88.837502 29.606251 
141315812677462 -92.100006 88.462502 29.887501 
141315832677462 -92.287506 88.368752 30.562502 
141315852677462 -92.737503 88.106255 31.237501 
141315872677462 -93.431252 87.675003 31.856251 
141315892677462 -94.237503 87.281250 32.925003 
141315912677462 -94.893753 86.812500 34.031250 
141315932677462 -95.400002 86.193756 35.456253 
141315952677462 -96.393753 85.612503 36.768753 
141315972677462 -97.387505 84.937500 38.662502 
141315992677462 -98.643753 83.700005 40.593750 
141316012677462 -99.656258 82.350006 42.918751 
141316032677462 -100.368752 80.700005 45.431252 
141316052677462 -100.856255 79.256256 47.793751 
141316072677462 -101.362503 77.493752 50.531254 
141316092677462 -101.812508 75.506256 52.612503 
141316112677462 -102.225006 73.837502 54.787502 
141316132677462 -102.243752 72.112503 56.400002 
141316152677462 -102.056252 71.025002 57.750004 
141316172677462 -102.018753 70.200005 58.650002 
141316192677462 -101.981255 69.787506 59.175003 
141316212677462 -101.812508 69.356255 59.512501 
141316232677462 -101.793755 69.750000 59.006252 
141316252677462 -102.000008 70.406250 58.837502 
141316272677462 -101.681252 71.175003 58.181252 
141316292677462 -101.831253 72.187500 57.431252 
141316312677462 -101.737503 73.312500 56.362503 
141316332677462 -101.400002 74.418755 55.350002 
141316352677462 -101.025002 75.787506 54.093754 
141316372677462 -100.650002 77.137505 52.706253 
141316392677462 -100.218758 78.412506 51.262501 
141316412677462 -99.468758 79.668755 49.800003 
141316432677462 -98.812508 81.168755 48.093754 
141316452677462 -97.800003 82.725006 46.143753 
141316472677462 -97.087502 84.318756 44.268753 
141316492677462 -96.487503 85.781250 42.300003 
141316512677462 -95.887505 86.850006 40.575001 
141316532677462 -95.493752 87.806252 38.925003 
141316552677462 -95.006256 88.575005 37.593750 
141316572677462 -94.575005 89.231255 36.318752 
141316592677462 -94.275002 89.568756 35.493752 
141316612677462 -94.050003 89.456253 34.931252 
141316632677462 -93.750000 89.156250 34.800003 
141316652677462 -93.750000 88.931252 35.025002 
141316672677462 -93.675003 88.650002 35.306252 
141316692677462 -93.768753 88.312500 35.718750 
141316712677462 -93.918755 87.656250 36.318752 
141316732677462 -94.293755 86.718750 36.975002 
141316752677462 -94.668755 85.612503 37.781250 
141316772677462 -95.156250 84.881256 38.793751 
141316792677462 -95.700005 83.906250 39.787502 
141316812677462 -96.037506 82.837502 40.706253 
141316832677462 -96.487503 81.468750 41.887501 
141316852677462 -96.975006 80.043755 43.125000 
141316872677462 -97.443756 78.337502 44.475002 
141316892677462 -97.650002 76.931252 45.975002 
141316912677462 -97.987503 75.506256 47.381252 
141316932677462 -98.231255 73.893753 48.956253 
141316952677462 -98.062508 72.262505 50.625004 
141316972677462 -97.875008 70.593750 51.937504 
141316992677462 -97.818756 69.262505 53.062504 
141317012677462 -97.500008 68.062500 54.206253 
141317032677462 -97.368752 67.218750 55.068752 
141317052677462 -97.331253 66.543755 55.706253 
141317072677462 -97.275002 66.168755 56.025002 
141317092677462 -97.162506 65.775002 55.987503 
141317112677462 -97.368752 65.850006 55.500004 
141317132677462 -97.462502 66.206253 54.693752 
141317152677462 -97.481255 66.731255 53.887501 
141317172677462 -97.650002 67.650002 52.725002 
141317192677462 -97.650002 68.793755 51.300003 
141317212677462 -97.387505 70.068756 49.593754 
141317232677462 -97.087502 71.381256 47.981251 
141317252677462 -96.881256 73.031250 46.162502 
141317272677462 -96.525002 74.700005 44.475002 
141317292677462 -96.037506 76.106255 43.068752 
141317312677462 -95.100006 77.662506 41.062500 
141317332677462 -94.162506 79.068756 39.075001 
141317352677462 -93.225006 80.381256 37.275002 
141317372677462 -92.456253 81.431252 35.456253 
141317392677462 -91.668755 82.575005 33.675003 
141317412677462 -90.806252 83.418755 32.025002 
141317432677462 -90.037506 84.206253 30.431252 
141317452677462 -89.625000 85.031250 28.837502 
141317472677462 -89.550003 85.650002 27.750002 
141317492677462 -89.325005 86.081253 27.206251 
141317512677462 -89.306252 86.512505 26.756250 
141317532677462 -89.493752 86.737503 26.643751 
141317552677462 -89.831253 86.775002 26.625002 
141317572677462 -90.037506 87.000000 27.000002 
141317592677462 -90.412506 86.831253 27.656252 
141317612677462 -90.975006 86.475006 28.387501 
141317632677462 -91.518753 86.287506 29.325001 
141317652677462 -92.287506 85.856255 30.281252 
141317672677462 -92.981255 85.350006 31.518751 
141317692677462 -93.787506 84.900002 32.681252 
141317712677462 -94.556252 84.375000 34.350002 
141317732677462 -95.606255 83.437500 35.906250 
141317752677462 -96.693756 82.650002 37.612503 
141317772677462 -97.425003 81.937500 39.356251 
141317792677462 -98.343758 80.700005 41.268753 
141317812677462 -99.112503 79.593750 43.331253 
141317832677462 -99.881256 78.487503 45.037502 
141317852677462 -100.537506 77.062500 46.987503 
141317872677462 -101.062508 75.900002 48.656254 
141317892677462 -101.437508 74.718750 50.381252 
141317912677462 -101.718758 73.537506 51.562504 
141317932677462 -102.000008 72.431252 52.818752 
141317952677462 -102.262505 71.943756 53.606251 
141317972677462 -102.262505 71.475006 53.775002 
141317992677462 -102.337502 71.156250 53.850002 
141318012677462 -102.337502 71.306252 53.756252 
141318032677462 -102.168755 71.550003 53.212502 
141318052677462 -102.225006 72.056252 52.237503 
141318072677462 -101.831253 72.787506 51.356251 
141318092677462 -101.587502 73.800003 50.156254 
141318112677462 -101.118752 74.606255 49.031254 
141318132677462 -100.537506 75.993752 47.681252 
141318152677462 -99.712502 76.950005 46.293751 
141318172677462 -98.831253 78.393753 44.418751 
141318192677462 -97.818756 79.406250 42.768753 
141318212677462 -96.637505 80.718750 41.212502 
141318232677462 -95.793755 81.881256 39.618752 
141318252677462 -94.762505 83.287506 37.968750 
141318272677462 -93.693756 84.412506 36.187500 
141318292677462 -92.831253 85.200005 34.593750 
141318312677462 -92.306252 86.100006 33.112503 
141318332677462 -91.668755 86.493752 31.856251 
141318352677462 -91.256256 87.037506 30.768751 
141318372677462 -91.087502 87.168755 29.925001 
141318392677462 -91.087502 87.337502 29.062502 
141318412677462 -90.993752 87.206253 28.537500 
141318432677462 -91.162506 87.150002 28.462502 
141318452677462 -91.593750 86.775002 28.818750 
141318472677462 -91.706253 86.550003 29.156252 
141318492677462 -92.268753 86.343750 29.793751 
141318512677462 -92.868752 85.950005 30.675001 
141318532677462 -93.412506 85.743752 31.481251 
141318552677462 -93.618752 85.387505 32.606251 
141318572677462 -94.406250 84.825005 33.787502 
141318592677462 -95.100006 84.206253 34.875000 
141318612677462 -95.812500 83.587502 36.037502 
141318632677462 -96.393753 82.968750 37.612503 
141318652677462 -96.993752 82.106255 39.243752 
141318672677462 -97.687508 81.018753 40.837502 
141318692677462 -98.137505 80.025002 42.618752 
141318712677462 -98.643753 78.937500 44.493752 
141318732677462 -98.850006 77.662506 46.500000 
141318752677462 -98.962502 76.575005 48.506252 
141318772677462 -98.681252 75.525002 50.493752 
141318792677462 -98.737503 74.343750 52.237503 
141318812677462 -98.643753 73.312500 53.606251 
141318832677462 -98.212502 72.562500 54.993752 
141318852677462 -98.062508 71.681252 56.100002 
141318872677462 -97.893753 70.968750 56.568752 
141318892677462 -97.856255 70.762505 56.887501 
141318912677462 -97.987503 70.762505 56.643753 
141318932677462 -98.400002 71.100006 56.081253 
141318952677462 -98.418755 71.700005 55.162502 
141318972677462 -98.343758 72.656250 54.000004 
141318992677462 -98.512505 73.706253 52.668751 
141319012677462 -98.343758 74.943756 51.018753 
141319032677462 -98.250008 76.331253 49.275002 
141319052677462 -97.931252 77.756256 47.343750 
141319072677462 -97.162506 79.200005 45.506252 
141319092677462 -96.300003 80.437500 43.425003 
141319112677462 -95.681252 81.600006 41.587502 
141319132677462 -95.100006 82.650002 39.750000 
141319152677462 -94.631256 83.568756 37.687500 
141319172677462 -93.956253 84.731255 35.775002 
141319192677462 -93.450005 85.575005 34.181252 
141319212677462 -93.131256 85.950005 32.681252 
141319232677462 -93.037506 86.362503 31.518751 
141319252677462 -92.850006 86.831253 30.637501 
141319272677462 -92.868752 87.112503 29.850000 
141319292677462 -92.700005 87.337502 29.400002 
141319312677462 -92.531250 87.525002 29.043751 
141319332677462 -92.587502 87.168755 28.912500 
141319352677462 -92.681252 86.943756 29.212502 
141319372677462 -92.531250 86.943756 29.418751 
141319392677462 -92.587502 86.756256 29.943750 
141319412677462 -93.018753 86.137505 30.618752 
141319432677462 -93.356255 85.687500 31.350000 
141319452677462 -93.825005 85.031250 32.193752 
141319472677462 -94.331253 84.450005 33.431252 
141319492677462 -95.025002 83.887505 34.950001 
141319512677462 -95.868752 83.212502 36.431252 
141319532677462 -96.656258 82.518753 38.006252 
141319552677462 -97.462502 81.356255 39.581253 
141319572677462 -98.437508 80.531250 41.175003 
141319592677462 -99.093758 79.387505 42.768753 
141319612677462 -99.862503 78.206253 44.681252 
141319632677462 -100.406258 76.931252 46.443752 
141319652677462 -100.893753 75.656250 48.037502 
141319672677462 -101.137505 74.475006 49.631252 
141319692677462 -101.625008 73.106255 51.075001 
141319712677462 -101.737503 72.150002 52.106251 
141319732677462 -101.550003 71.175003 53.175003 
141319752677462 -101.681252 70.725006 53.906254 
141319772677462 -101.606255 70.425003 54.056252 
141319792677462 -101.662506 70.293755 54.206253 
141319812677462 -101.662506 70.650002 54.075001 
141319832677462 -101.606255 71.137505 53.475002 
141319852677462 -101.325005 72.225006 52.631252 
141319872677462 -101.231255 73.312500 51.881252 
141319892677462 -100.650002 74.512505 50.681252 
141319912677462 -99.862503 75.731255 49.481251 
141319932677462 -98.943756 77.231255 48.600002 
141319952677462 -97.687508 78.712502 47.006252 
141319972677462 -96.581253 79.687500 45.300003 
141319992677462 -95.362503 81.056252 43.856251 
141320012677462 -94.293755 82.087502 42.712502 
141320032677462 -93.206253 83.081253 41.137501 
141320052677462 -92.175003 84.037506 39.562500 
141320072677462 -91.312500 84.862503 38.175003 
141320092677462 -90.656250 85.331253 36.337502 
141320112677462 -90.262505 85.762505 35.025002 
141320132677462 -89.625000 86.625000 33.918751 
141320152677462 -89.325005 87.093750 32.812500 
141320172677462 -88.893753 87.431252 31.968752 
141320192677462 -88.612503 87.562500 31.425001 
141320212677462 -88.818756 87.656250 31.181252 
141320232677462 -88.968750 87.450005 31.237501 
141320252677462 -89.175003 87.356255 31.462502 
141320272677462 -89.568756 87.318756 31.875002 
141320292677462 -89.850006 86.906250 32.587502 
141320312677462 -90.093750 86.418755 33.262501 
141320332677462 -90.637505 85.743752 33.900002 
141320352677462 -91.068756 85.406250 35.081253 
141320372677462 -91.537506 84.806252 36.168751 
141320392677462 -92.025002 84.412506 37.387501 
141320412677462 -92.643753 83.850006 38.793751 
141320432677462 -93.300003 83.100006 40.237503 
141320452677462 -94.087502 82.331253 41.587502 
141320472677462 -94.687500 81.337502 43.293751 
141320492677462 -95.250000 80.156250 45.168751 
141320512677462 -95.625000 78.731255 46.931252 
141320532677462 -95.943756 77.512505 48.862503 
141320552677462 -96.075005 76.200005 50.550003 
141320572677462 -96.037506 74.981255 52.200001 
141320592677462 -95.793755 73.556252 53.662502 
141320612677462 -95.550003 72.356255 55.031254 
141320632677462 -95.531250 71.606255 55.950001 
141320652677462 -95.343750 70.800003 56.531254 
141320672677462 -95.343750 70.368752 56.887501 
141320692677462 -95.193756 70.181252 56.981251 
141320712677462 -95.343750 70.237503 56.606251 
141320732677462 -95.700005 70.462502 56.137501 
141320752677462 -96.000000 71.231255 55.368752 
141320772677462 -96.300003 71.906250 54.487503 
141320792677462 -96.225006 72.825005 53.043751 
141320812677462 -96.018753 74.287506 51.281254 
141320832677462 -95.962502 75.731255 49.631252 
141320852677462 -95.700005 76.912506 47.643753 
141320872677462 -95.175003 78.000000 45.562500 
141320892677462 -94.518753 79.218750 43.537502 
141320912677462 -93.750000 80.231255 41.756252 
141320932677462 -92.793755 81.487503 39.637501 
141320952677462 -92.137505 82.331253 37.893753 
141320972677462 -91.500000 82.912506 36.525002 
141320992677462 -90.825005 83.325005 34.968750 
141321012677462 -90.525002 83.962502 33.600002 
141321032677462 -90.506256 84.487503 32.681252 
141321052677462 -90.225006 84.900002 31.725000 
141321072677462 -90.075005 85.087502 30.900002 
141321092677462 -90.150002 85.068756 30.525002 
141321112677462 -90.281250 85.162506 30.393751 
141321132677462 -90.468750 85.481255 30.243752 
141321152677462 -90.487503 85.537506 30.168751 
141321172677462 -90.525002 85.537506 30.393751 
141321192677462 -90.337502 85.537506 30.731251 
141321212677462 -90.543755 85.181252 31.068750 
141321232677462 -90.900002 85.050003 31.425001 
141321252677462 -91.256256 84.937500 32.006252 
141321272677462 -91.556252 84.562500 32.737503 
141321292677462 -92.175003 84.056252 33.468750 
141321312677462 -92.700005 83.700005 34.575001 
141321332677462 -93.300003 83.268753 35.718750 
141321352677462 -94.275002 82.668755 36.975002 
141321372677462 -95.043755 82.181252 38.493752 
141321392677462 -95.812500 81.506256 40.068752 
141321412677462 -96.637505 80.550003 41.587502 
141321432677462 -97.575005 79.818756 43.162502 
141321452677462 -98.212502 78.731255 45.131252 
141321472677462 -98.812508 77.812500 46.818752 
141321492677462 -98.962502 76.556252 48.787502 
141321512677462 -99.225006 75.375000 50.550003 
141321532677462 -99.262505 74.043755 52.106251 
141321552677462 -98.943756 73.143753 53.550003 
141321572677462 -98.531258 72.562500 54.862503 
141321592677462 -98.268753 71.943756 55.668751 
141321612677462 -97.875008 71.906250 56.156254 
141321632677462 -97.425003 71.793755 56.287502 
141321652677462 -97.237503 72.356255 56.006252 
141321672677462 -96.787506 73.200005 55.293751 
141321692677462 -96.525002 74.306252 54.337502 
141321712677462 -96.450005 75.206253 53.418751 
141321732677462 -96.093758 76.387505 51.918751 
141321752677462 -95.531250 77.512505 50.643753 
141321772677462 -95.062500 78.618752 49.031254 
141321792677462 -94.725006 79.725006 47.193752 
141321812677462 -94.050003 80.737503 45.506252 
141321832677462 -93.281250 81.731255 43.987503 
141321852677462 -92.568756 82.575005 42.412502 
141321872677462 -91.912506 83.418755 40.387501 
141321892677462 -91.556252 84.000000 38.850002 
141321912677462 -90.993752 84.731255 37.218750 
141321932677462 -90.525002 85.293755 35.587502 
141321952677462 -90.112503 85.781250 34.387501 
141321972677462 -90.093750 86.062500 32.868752 
141321992677462 -89.962502 86.343750 31.725000 
141322012677462 -89.625000 86.625000 31.218752 
141322032677462 -89.737503 86.906250 31.068750 
141322052677462 -89.718750 86.981255 30.900002 
141322072677462 -89.737503 86.831253 31.256250 
141322092677462 -89.850006 86.700005 32.043751 
141322112677462 -89.850006 86.625000 32.906250 
141322132677462 -90.187500 86.587502 34.218750 
141322152677462 -90.412506 86.118752 35.493752 
141322172677462 -90.862503 85.800003 36.393753 
141322192677462 -90.881256 85.275002 37.181252 
141322212677462 -91.031250 85.068756 38.475002 
141322232677462 -91.312500 84.731255 39.637501 
141322252677462 -91.893753 84.356255 40.575001 
141322272677462 -92.418755 83.700005 41.475002 
141322292677462 -92.756256 83.062500 42.393753 
141322312677462 -93.337502 82.443756 43.481251 
141322332677462 -93.975006 81.487503 44.737503 
141322352677462 -94.593750 80.662506 46.406250 
141322372677462 -95.062500 79.387505 47.700001 
141322392677462 -95.568756 78.131256 49.106251 
141322412677462 -95.587502 76.762505 50.587502 
141322432677462 -96.018753 75.618752 52.087502 
141322452677462 -96.037506 74.212502 53.587502 
141322472677462 -96.262505 72.825005 54.825001 
141322492677462 -96.637505 71.775002 56.006252 
141322512677462 -96.843758 70.875000 56.718754 
141322532677462 -97.500008 70.331253 57.206253 
141322552677462 -97.931252 70.387505 56.850002 
141322572677462 -98.512505 70.593750 56.531254 
141322592677462 -98.756256 71.006256 55.743752 
141322612677462 -99.318756 71.943756 54.487503 
141322632677462 -99.450005 73.218750 53.062504 
141322652677462 -99.300003 74.456253 51.131252 
141322672677462 -99.337502 75.900002 49.162502 
141322692677462 -98.850006 77.287506 47.212502 
141322712677462 -98.512505 78.412506 45.450001 
141322732677462 -97.931252 79.425003 43.350002 
141322752677462 -97.181252 80.568756 41.418751 
141322772677462 -96.375008 81.543755 39.693752 
141322792677462 -95.606255 82.481255 37.931252 
141322812677462 -94.912506 83.437500 36.187500 
141322832677462 -94.068756 84.168755 34.650002 
141322852677462 -93.562500 84.825005 33.056252 
141322872677462 -93.018753 85.350006 31.743752 
141322892677462 -92.850006 85.968750 30.562502 
141322912677462 -92.643753 86.212502 29.643751 
141322932677462 -92.456253 86.475006 28.518751 
141322952677462 -92.587502 86.700005 27.693750 
141322972677462 -92.606255 86.756256 27.450001 
141322992677462 -92.812500 86.718750 27.018751 
141323012677462 -92.868752 86.568756 27.150002 
141323032677462 -93.037506 86.625000 27.412500 
141323052677462 -93.225006 86.400002 28.012501 
141323072677462 -93.731255 86.193756 28.631250 
141323092677462 -94.125000 85.893753 29.400002 
141323112677462 -94.593750 85.481255 30.487501 
141323132677462 -95.025002 85.068756 31.425001 
141323152677462 -95.606255 84.600006 32.906250 
141323172677462 -96.300003 84.075005 33.881252 
141323192677462 -97.050003 83.362503 35.006252 
141323212677462 -97.837502 82.556252 36.168751 
141323232677462 -98.662506 81.787506 37.668751 
141323252677462 -99.393753 80.812500 39.281250 
141323272677462 -99.918755 79.800003 40.987503 
141323292677462 -100.612503 78.787506 42.731251 
141323312677462 -101.400002 77.643753 44.306252 
141323332677462 -101.850006 76.331253 46.125000 
141323352677462 -102.168755 75.018753 48.075001 
141323372677462 -102.262505 73.725006 49.800003 
141323392677462 -102.131256 72.750000 51.300003 
141323412677462 -102.281258 71.756256 52.575001 
141323432677462 -102.262505 70.950005 53.381252 
141323452677462 -102.243752 70.387505 53.868752 
141323472677462 -101.793755 70.087502 54.093754 
141323492677462 -101.606255 70.425003 54.000004 
141323512677462 -101.343758 70.893753 53.456253 
141323532677462 -101.025002 71.925003 52.612503 
141323552677462 -100.762505 72.562500 51.487503 
141323572677462 -100.275002 73.612503 50.343754 
141323592677462 -99.918755 74.700005 49.012501 
141323612677462 -99.075005 76.012505 47.793751 
141323632677462 -98.662506 77.306252 46.331253 
141323652677462 -97.987503 78.525002 44.775002 
141323672677462 -97.350006 79.612503 43.331253 
141323692677462 -96.525002 80.550003 41.793751 
141323712677462 -95.850006 81.843750 40.275002 
141323732677462 -95.118752 82.912506 38.250000 
141323752677462 -94.331253 83.718750 36.487503 
141323772677462 -94.068756 84.412506 34.762501 
141323792677462 -93.075005 84.918755 33.000000 
141323812677462 -92.268753 85.425003 31.537500 
141323832677462 -91.912506 85.893753 30.018751 
141323852677462 -91.631256 86.250000 28.931252 
141323872677462 -91.256256 86.456253 27.750002 
141323892677462 -91.068756 86.662506 27.356251 
141323912677462 -90.881256 86.906250 27.131250 
141323932677462 -90.637505 87.037506 26.887501 
141323952677462 -91.087502 87.150002 27.075001 
141323972677462 -91.443756 87.037506 27.562502 
141323992677462 -91.631256 86.925003 28.218752 
141324012677462 -91.781250 86.756256 28.706251 
141324032677462 -92.100006 86.418755 29.812502 
141324052677462 -92.531250 86.062500 30.768751 
141324072677462 -93.037506 85.706253 31.631250 
141324092677462 -93.618752 85.050003 33.000000 
141324112677462 -93.881256 84.543755 34.331253 
141324132677462 -94.631256 84.000000 35.493752 
141324152677462 -95.418755 83.418755 36.900002 
141324172677462 -96.375008 82.575005 38.550003 
141324192677462 -97.218758 81.600006 40.087502 
141324212677462 -98.043755 80.475006 41.906250 
141324232677462 -98.831253 79.200005 43.875000 
141324252677462 -99.337502 78.056252 45.768753 
141324272677462 -100.143753 76.593750 47.756252 
141324292677462 -100.537506 74.981255 49.593754 
141324312677462 -100.931252 73.312500 51.075001 
141324332677462 -101.193756 71.887505 52.650002 
141324352677462 -101.418755 70.706253 53.812504 
141324372677462 -101.437508 69.600006 54.787502 
141324392677462 -101.343758 68.887505 55.293751 
141324412677462 -101.737503 68.493752 55.218754 
141324432677462 -101.737503 68.643753 54.731251 
141324452677462 -101.756256 69.187500 54.112503 
141324472677462 -101.587502 70.162506 53.231251 
141324492677462 -101.418755 71.043755 51.918751 
141324512677462 -101.493752 72.356255 50.775002 
141324532677462 -101.662506 73.631256 49.125004 
141324552677462 -101.737503 74.775002 47.400002 
141324572677462 -101.625008 75.993752 45.825001 
141324592677462 -101.287506 77.193756 44.193752 
141324612677462 -100.687508 78.356255 42.468750 
141324632677462 -100.181252 79.350006 40.781250 
141324652677462 -99.731255 80.568756 39.112503 
141324672677462 -99.056252 81.450005 37.293751 
141324692677462 -98.306252 82.350006 35.812500 
141324712677462 -97.218758 83.418755 34.368752 
141324732677462 -96.168755 84.037506 32.550003 
141324752677462 -95.550003 84.393753 31.181252 
141324772677462 -95.250000 84.843750 29.887501 
141324792677462 -94.781250 85.200005 28.912500 
141324812677462 -94.425003 85.256256 27.975000 
141324832677462 -94.125000 85.518753 27.318750 
141324852677462 -93.881256 85.706253 26.775002 
141324872677462 -94.162506 85.950005 26.512501 
141324892677462 -94.368752 86.137505 26.681252 
141324912677462 -94.387505 86.400002 26.700001 
141324932677462 -94.368752 86.381256 27.093752 
141324952677462 -94.556252 86.193756 27.525002 
141324972677462 -94.781250 86.175003 27.975000 
141324992677462 -94.912506 85.612503 28.706251 
141325012677462 -94.987503 85.312500 29.381250 
141325032677462 -95.193756 84.768753 30.112501 
141325052677462 -95.400002 84.506256 31.162500 
141325072677462 -95.981255 84.056252 32.437500 
141325092677462 -96.356255 83.587502 33.768753 
141325112677462 -96.768753 83.100006 35.268753 
141325132677462 -96.843758 82.125000 36.993752 
141325152677462 -97.200005 81.543755 38.981251 
141325172677462 -97.612503 80.606255 41.306252 
141325192677462 -98.043755 79.275002 43.668751 
141325212677462 -98.212502 77.868752 45.918751 
141325232677462 -97.893753 76.481255 48.056252 
141325252677462 -97.931252 74.981255 50.250004 
141325272677462 -97.668755 73.593750 52.050003 
141325292677462 -97.800003 72.750000 53.756252 
141325312677462 -97.575005 71.850006 54.806252 
141325332677462 -97.331253 71.325005 55.425003 
141325352677462 -96.900002 71.287506 55.837502 
141325372677462 -96.975006 71.156250 56.118752 
141325392677462 -97.106255 71.456253 55.950001 
141325412677462 -97.256256 71.887505 55.275002 
141325432677462 -97.443756 72.525002 54.375004 
141325452677462 -97.631256 73.368752 53.343754 
141325472677462 -97.856255 74.231255 52.143753 
141325492677462 -98.118752 75.075005 50.700001 
141325512677462 -98.475006 76.031250 49.293751 
141325532677462 -98.137505 77.025002 47.493752 
141325552677462 -98.043755 77.943756 45.768753 
141325572677462 -97.668755 79.087502 44.043751 
141325592677462 -97.256256 80.062500 42.581253 
141325612677462 -96.525002 80.943756 40.950001 
141325632677462 -95.643753 81.768753 39.431252 
141325652677462 -94.743752 82.743752 37.950001 
141325672677462 -93.675003 83.531250 36.543751 
141325692677462 -92.831253 84.393753 35.212502 
141325712677462 -91.987503 85.012505 33.918751 
141325732677462 -91.181252 85.518753 32.943752 
141325752677462 -90.506256 86.118752 32.006252 
141325772677462 -90.112503 86.550003 31.087502 
141325792677462 -89.831253 86.887505 30.393751 
141325812677462 -89.831253 86.943756 29.868752 
141325832677462 -89.775002 87.000000 29.343752 
141325852677462 -90.168755 87.037506 28.837502 
141325872677462 -90.243752 87.018753 29.006250 
141325892677462 -90.506256 86.887505 28.912500 
141325912677462 -90.900002 86.756256 28.912500 
141325932677462 -91.350006 86.456253 29.100000 
141325952677462 -91.856255 86.231255 29.437502 
141325972677462 -92.212502 85.912506 29.906252 
141325992677462 -92.700005 85.668755 30.431252 
141326012677462 -93.262505 85.031250 31.781252 
141326032677462 -94.106255 84.506256 32.662502 
141326052677462 -95.137505 83.868752 33.956253 
141326072677462 -95.812500 82.912506 35.231251 
141326092677462 -96.675003 82.162506 36.881252 
141326112677462 -97.800003 81.262505 38.475002 
141326132677462 -98.681252 80.043755 40.350002 
141326152677462 -99.450005 78.731255 42.450001 
141326172677462 -100.050003 77.550003 44.193752 
141326192677462 -100.406258 76.181252 45.975002 
141326212677462 -100.556252 74.906250 47.831253 
141326232677462 -101.118752 73.556252 49.575001 
141326252677462 -101.268753 72.225006 51.375004 
141326272677462 -101.231255 70.800003 52.837502 
141326292677462 -101.550003 70.031250 53.643753 
141326312677462 -101.962502 69.337502 54.281254 
141326332677462 -102.318756 69.000000 54.562504 
141326352677462 -102.843758 69.056252 54.525002 
141326372677462 -103.218758 69.206253 54.037502 
141326392677462 -103.443756 69.993752 53.587502 
141326412677462 -103.556252 70.893753 52.181252 
141326432677462 -103.800003 72.206253 50.906254 
141326452677462 -103.612503 73.275002 49.443752 
141326472677462 -103.331253 74.475006 47.850002 
141326492677462 -102.975006 75.675003 46.050003 
141326512677462 -102.300003 76.837502 44.325001 
141326532677462 -101.681252 78.131256 42.393753 
141326552677462 -100.893753 79.143753 40.143753 
141326572677462 -100.106255 80.137505 38.606251 
141326592677462 -99.018753 81.206253 36.731251 
141326612677462 -97.987503 82.218750 35.156250 
141326632677462 -96.656258 83.081253 33.637501 
141326652677462 -95.456253 83.925003 32.306252 
141326672677462 -94.500000 84.543755 30.975000 
141326692677462 -93.525002 85.125000 30.075001 
141326712677462 -92.400002 85.800003 29.662500 
141326732677462 -91.462502 86.250000 28.818750 
141326752677462 -90.637505 86.400002 28.518751 
141326772677462 -89.850006 86.531250 28.275002 
141326792677462 -89.493752 86.793755 28.312502 
141326812677462 -89.156250 86.981255 28.500002 
141326832677462 -88.950005 87.056252 29.043751 
141326852677462 -88.912506 87.075005 29.550001 
141326872677462 -88.912506 86.887505 29.831251 
141326892677462 -89.043755 86.887505 30.487501 
141326912677462 -89.381256 86.681252 31.237501 
141326932677462 -89.887505 86.437500 32.006252 
141326952677462 -90.675003 86.025002 32.550003 
141326972677462 -91.425003 85.443756 33.187500 
141326992677462 -92.100006 85.068756 34.050003 
141327012677462 -92.793755 84.450005 34.781250 
141327032677462 -93.731255 83.737503 35.775002 
141327052677462 -94.668755 82.968750 37.012501 
141327072677462 -95.381256 82.275002 38.062500 
141327092677462 -95.737503 81.506256 39.412502 
141327112677462 -96.112503 80.625000 40.931252 
141327132677462 -96.618752 79.800003 42.618752 
141327152677462 -96.750008 78.843750 44.006252 
141327172677462 -96.993752 78.093750 45.825001 
141327192677462 -97.068756 77.306252 47.550003 
141327212677462 -96.862503 76.425003 48.843754 
141327232677462 -96.637505 75.600006 50.212502 
141327252677462 -96.525002 75.281250 51.468754 
141327272677462 -96.318756 74.906250 52.425003 
141327292677462 -95.568756 74.831253 53.175003 
141327312677462 -95.062500 74.868752 53.550003 
141327332677462 -94.518753 74.981255 53.737503 
141327352677462 -93.900002 75.581253 53.325001 
141327372677462 -93.468750 76.312500 52.837502 
141327392677462 -93.112503 77.212502 52.012501 
141327412677462 -92.662506 78.075005 51.056252 
141327432677462 -91.950005 78.975006 49.837502 
141327452677462 -91.837502 79.631256 48.712502 
141327472677462 -91.593750 80.456253 47.925003 
141327492677462 -91.462502 81.018753 46.800003 
141327512677462 -91.762505 81.356255 46.237503 
141327532677462 -91.931252 81.581253 45.787502 
141327552677462 -92.250000 81.525002 45.375000 
141327572677462 -92.887505 81.431252 45.150002 
141327592677462 -93.843750 81.131256 45.506252 
141327612677462 -94.650002 80.831253 45.450001 
141327632677462 -95.587502 80.250000 45.356251 
141327652677462 -96.281258 79.800003 45.506252 
141327672677462 -96.712502 79.256256 45.712502 
141327692677462 -97.425003 78.693756 45.975002 
141327712677462 -98.100006 78.356255 46.312500 
141327732677462 -98.775002 77.568756 46.425003 
141327752677462 -99.056252 77.306252 46.368752 
141327772677462 -99.300003 77.193756 46.331253 
141327792677462 -99.450005 77.156250 46.256252 
141327812677462 -99.693756 77.193756 45.937500 
141327832677462 -99.843758 77.400002 45.318752 
141327852677462 -99.806252 77.662506 44.437500 
141327872677462 -99.993752 77.737503 43.875000 
141327892677462 -99.993752 78.093750 43.293751 
141327912677462 -100.312508 78.206253 42.862503 
141327932677462 -100.593758 78.112503 42.525002 
141327952677462 -101.250008 77.775002 42.300003 
141327972677462 -101.643753 77.362503 42.543751 
141327992677462 -102.337502 76.687500 42.993752 
141328012677462 -103.106255 75.900002 43.800003 
141328032677462 -103.500008 75.262505 44.475002 
141328052677462 -103.893753 74.437500 45.337502 
141328072677462 -104.025002 73.725006 45.918751 
141328092677462 -104.325005 72.937500 47.081253 
141328112677462 -104.268753 72.562500 47.775002 
141328132677462 -104.306252 72.206253 48.393753 
141328152677462 -104.043755 71.981255 48.431252 
141328172677462 -103.612503 72.075005 48.356251 
141328192677462 -103.406258 72.243752 48.150002 
141328212677462 -103.331253 72.787506 47.793751 
141328232677462 -103.312508 73.500000 47.175003 
141328252677462 -103.050003 74.681252 45.937500 
141328272677462 -102.581253 75.525002 44.793751 
141328292677462 -102.018753 76.500000 43.368752 
141328312677462 -101.643753 77.775002 42.281250 
141328332677462 -101.250008 78.731255 41.043751 
141328352677462 -100.387505 79.762505 39.768753 
141328372677462 -99.187508 80.606255 38.531250 
141328392677462 -98.156258 81.450005 37.518753 
141328412677462 -96.843758 82.050003 36.487503 
141328432677462 -95.756256 83.006256 35.568752 
141328452677462 -94.818756 83.681252 34.762501 
141328472677462 -93.806252 84.206253 34.125000 
141328492677462 -93.018753 84.881256 33.487503 
141328512677462 -92.100006 85.350006 32.925003 
141328532677462 -91.593750 85.912506 32.175003 
141328552677462 -91.087502 86.250000 31.406252 
141328572677462 -90.712502 86.400002 30.956251 
141328592677462 -90.487503 86.587502 30.731251 
141328612677462 -90.206253 86.737503 30.318750 
141328632677462 -90.056252 86.737503 30.281252 
141328652677462 -89.700005 86.662506 30.056252 
141328672677462 -89.831253 86.793755 30.112501 
141328692677462 -89.925003 86.718750 30.431252 
141328712677462 -90.093750 86.475006 30.956251 
141328732677462 -90.318756 86.418755 31.425001 
141328752677462 -90.543755 86.118752 31.931252 
141328772677462 -90.825005 85.875000 32.737503 
141328792677462 -91.237503 85.800003 33.600002 
141328812677462 -91.725006 85.425003 34.593750 
141328832677462 -92.325005 84.750000 35.568752 
141328852677462 -93.000000 84.262505 36.600002 
141328872677462 -93.525002 83.568756 37.725002 
141328892677462 -94.331253 82.875000 39.075001 
141328912677462 -95.212502 82.012505 40.556252 
141328932677462 -96.150002 80.925003 42.037502 
141328952677462 -96.787506 79.593750 43.481251 
141328972677462 -97.368752 78.562500 45.525002 
141328992677462 -97.968758 77.512505 47.212502 
141329012677462 -98.231255 76.181252 48.843754 
141329032677462 -98.662506 75.337502 50.531254 
141329052677462 -99.018753 74.381256 51.956253 
141329072677462 -98.981255 73.331253 53.025002 
141329092677462 -98.981255 72.562500 53.925003 
141329112677462 -99.093758 72.018753 54.637501 
141329132677462 -99.318756 71.550003 54.581253 
141329152677462 -99.562508 71.437500 54.562504 
141329172677462 -99.975006 71.643753 54.375004 
141329192677462 -100.125008 71.643753 53.662502 
141329212677462 -100.106255 71.981255 52.762501 
141329232677462 -100.293755 72.806252 51.881252 
141329252677462 -100.443756 73.481255 50.850002 
141329272677462 -100.425003 74.381256 49.481251 
141329292677462 -100.143753 75.300003 48.412502 
141329312677462 -99.731255 76.200005 47.193752 
141329332677462 -98.962502 77.325005 45.918751 
141329352677462 -98.062508 78.562500 44.587502 
141329372677462 -97.125008 79.537506 43.387501 
141329392677462 -96.075005 80.381256 42.000000 
141329412677462 -94.781250 81.506256 40.818752 
141329432677462 -93.618752 82.425003 39.881252 
141329452677462 -92.325005 83.362503 38.531250 
141329472677462 -91.068756 84.468750 37.406250 
141329492677462 -90.112503 85.181252 36.243752 
141329512677462 -89.306252 85.725006 35.493752 
141329532677462 -88.575005 86.137505 34.481251 
141329552677462 -88.106255 86.681252 33.712502 
141329572677462 -87.975006 87.018753 32.925003 
141329592677462 -87.656250 87.318756 32.231251 
141329612677462 -87.618752 87.562500 31.781252 
141329632677462 -87.506256 87.375000 31.481251 
141329652677462 -87.581253 87.243752 31.462502 
141329672677462 -87.787506 87.262505 31.462502 
141329692677462 -88.031250 87.168755 31.875002 
141329712677462 -88.162506 87.112503 32.325001 
141329732677462 -88.087502 86.981255 32.981251 
141329752677462 -88.443756 86.906250 33.318752 
141329772677462 -89.025002 86.606255 34.256252 
141329792677462 -89.662506 86.137505 35.062500 
141329812677462 -90.281250 85.725006 35.962502 
141329832677462 -91.068756 85.200005 37.087502 
141329852677462 -91.837502 84.862503 38.306252 
141329872677462 -92.606255 84.150002 39.637501 
141329892677462 -93.618752 83.400002 41.006252 
141329912677462 -94.575005 82.425003 42.712502 
141329932677462 -95.343750 81.412506 44.175003 
141329952677462 -96.093758 80.493752 45.900002 
141329972677462 -96.525002 79.556252 47.718750 
141329992677462 -96.656258 78.431252 49.406254 
141330012677462 -96.712502 77.156250 50.925003 
141330032677462 -96.787506 76.106255 52.518753 
141330052677462 -96.862503 74.850006 53.962502 
141330072677462 -96.543755 73.912506 55.256252 
141330092677462 -96.412506 72.918755 56.400002 
141330112677462 -96.150002 72.281250 57.206253 
141330132677462 -96.112503 71.606255 57.768753 
141330152677462 -96.225006 71.306252 58.031254 
141330172677462 -96.450005 71.100006 58.143753 
141330192677462 -96.675003 71.362503 57.975002 
141330212677462 -96.525002 72.131256 57.431252 
141330232677462 -96.543755 72.693756 56.662502 
141330252677462 -96.281258 73.781250 55.593754 
141330272677462 -96.093758 74.643753 54.487503 
141330292677462 -95.943756 75.675003 53.193752 
141330312677462 -95.456253 76.762505 51.937504 
141330332677462 -94.818756 77.962502 50.493752 
141330352677462 -94.125000 78.993752 49.237503 
141330372677462 -93.506256 79.706253 47.793751 
141330392677462 -92.606255 80.831253 46.237503 
141330412677462 -92.081253 81.637505 44.812500 
141330432677462 -91.387505 82.631256 43.256252 
141330452677462 -90.637505 83.475006 41.906250 
141330472677462 -89.943756 84.225006 40.350002 
141330492677462 -89.400002 84.993752 39.056252 
141330512677462 -88.818756 85.500000 37.443752 
141330532677462 -88.237503 86.137505 36.168751 
141330552677462 -88.331253 86.362503 35.231251 
141330572677462 -88.125000 86.531250 34.556252 
141330592677462 -87.975006 86.512505 34.031250 
141330612677462 -87.918755 86.737503 33.506252 
141330632677462 -87.937500 86.756256 33.337502 
141330652677462 -88.012505 86.793755 33.300003 
141330672677462 -88.068756 86.643753 33.506252 
141330692677462 -88.200005 86.418755 33.825001 
141330712677462 -88.256256 86.381256 34.631252 
141330732677462 -88.331253 86.325005 35.193752 
141330752677462 -88.668755 86.325005 36.037502 
141330772677462 -88.931252 85.818756 36.862503 
141330792677462 -89.306252 85.368752 37.987503 
141330812677462 -89.568756 84.787506 39.225002 
141330832677462 -89.868752 84.225006 40.556252 
141330852677462 -90.656250 83.737503 41.981251 
141330872677462 -91.106255 82.987503 43.331253 
141330892677462 -91.612503 81.993752 44.906250 
141330912677462 -92.193756 80.606255 46.443752 
141330932677462 -92.756256 79.612503 48.393753 
141330952677462 -93.225006 78.450005 49.725002 
141330972677462 -93.637505 77.193756 51.150002 
141330992677462 -94.087502 75.975006 52.650002 
141331012677462 -94.050003 74.531250 54.187504 
141331032677462 -94.068756 73.256256 55.293751 
141331052677462 -93.993752 72.318756 56.287502 
141331072677462 -93.825005 71.775002 56.906254 
141331092677462 -93.431252 71.212502 57.206253 
141331112677462 -93.243752 70.931252 57.637501 
141331132677462 -92.981255 70.743752 57.862503 
141331152677462 -92.906250 70.893753 57.750004 
141331172677462 -92.793755 71.231255 57.618752 
141331192677462 -92.925003 71.812500 57.168751 
141331212677462 -92.887505 72.506256 56.362503 
141331232677462 -92.531250 73.706253 55.575001 
141331252677462 -92.381256 74.775002 54.487503 
141331272677462 -92.306252 75.806252 53.231251 
141331292677462 -92.100006 77.118752 51.581253 
141331312677462 -91.837502 78.281250 50.025002 
141331332677462 -91.481255 79.481255 48.075001 
141331352677462 -90.768753 80.493752 46.350002 
141331372677462 -90.243752 81.581253 44.887501 
141331392677462 -89.981255 82.237503 43.275002 
141331412677462 -89.531250 83.043755 41.587502 
141331432677462 -89.043755 83.756256 40.200001 
141331452677462 -88.668755 84.281250 39.000000 
141331472677462 -88.162506 84.637505 37.725002 
141331492677462 -87.806252 85.050003 36.693752 
141331512677462 -87.487503 85.293755 35.831253 
141331532677462 -87.375000 85.537506 34.950001 
141331552677462 -87.131256 85.612503 34.575001 
141331572677462 -87.093750 85.518753 34.537502 
141331592677462 -86.925003 85.612503 34.462502 
141331612677462 -87.093750 85.443756 34.293751 
141331632677462 -87.300003 85.518753 34.387501 
141331652677462 -87.712502 85.200005 34.818752 
141331672677462 -88.218750 85.293755 34.987503 
141331692677462 -88.462502 84.975006 35.587502 
141331712677462 -88.912506 84.693756 36.056252 
141331732677462 -89.362503 84.656250 36.712502 
141331752677462 -89.868752 84.243752 37.443752 
141331772677462 -90.318756 83.850006 38.606251 
141331792677462 -90.618752 83.343750 39.712502 
141331812677462 -91.012505 82.950005 40.781250 
141331832677462 -91.462502 82.050003 42.187500 
141331852677462 -92.137505 81.187500 43.556252 
141331872677462 -92.643753 80.343750 44.906250 
141331892677462 -92.943756 79.162506 46.462502 
141331912677462 -93.075005 78.000000 48.150002 
141331932677462 -93.318756 77.100006 49.725002 
141331952677462 -93.787506 75.862503 51.393753 
141331972677462 -93.750000 74.718750 52.987503 
141331992677462 -93.525002 73.687500 54.525002 
141332012677462 -93.187500 72.768753 55.781254 
141332032677462 -92.981255 71.868752 57.093754 
141332052677462 -92.850006 70.856255 57.918751 
141332072677462 -92.868752 70.218750 58.350002 
141332092677462 -92.756256 69.806252 58.687504 
141332112677462 -92.343750 69.618752 58.781254 
141332132677462 -92.493752 69.900002 58.368752 
141332152677462 -92.662506 70.462502 57.993752 
141332172677462 -92.868752 71.100006 57.300003 
141332192677462 -92.887505 72.037506 56.343754 
141332212677462 -92.812500 73.237503 55.256252 
141332232677462 -92.625000 74.550003 54.075001 
141332252677462 -92.250000 75.675003 52.875004 
141332272677462 -91.818756 76.837502 51.581253 
141332292677462 -91.012505 77.643753 50.512501 
141332312677462 -90.187500 78.693756 49.087502 
141332332677462 -89.062500 79.837502 47.793751 
141332352677462 -88.068756 80.831253 46.481251 
141332372677462 -87.056252 81.806252 45.187500 
141332392677462 -86.193756 82.706253 43.875000 
141332412677462 -85.406250 83.325005 42.450001 
141332432677462 -85.068756 84.468750 41.156250 
141332452677462 -84.506256 85.293755 39.975002 
141332472677462 -84.318756 85.912506 38.906250 
141332492677462 -84.018753 86.212502 37.931252 
141332512677462 -83.793755 86.381256 37.012501 
141332532677462 -84.056252 86.662506 36.487503 
141332552677462 -84.131256 86.625000 36.093750 
141332572677462 -84.356255 86.981255 35.793751 
141332592677462 -84.262505 86.700005 35.793751 
141332612677462 -84.675003 86.550003 35.681252 
141332632677462 -85.068756 86.175003 35.775002 
141332652677462 -85.631256 86.006256 35.943752 
141332672677462 -86.212502 85.725006 36.562500 
141332692677462 -86.343750 85.181252 37.050003 
141332712677462 -86.681252 84.618752 37.743752 
141332732677462 -87.187500 83.981255 38.662502 
141332752677462 -87.881256 83.475006 39.675003 
141332772677462 -88.537506 82.987503 40.968750 
141332792677462 -89.137505 82.368752 42.300003 
141332812677462 -89.793755 81.618752 43.950001 
141332832677462 -90.281250 80.775002 45.487503 
141332852677462 -91.143753 79.968750 47.043751 
141332872677462 -91.818756 79.106255 48.750004 
141332892677462 -92.212502 77.812500 50.475002 
141332912677462 -92.475006 76.575005 51.956253 
141332932677462 -92.662506 75.093750 53.493752 
141332952677462 -92.643753 73.875000 55.125004 
141332972677462 -92.681252 72.393753 56.493752 
141332992677462 -92.737503 71.250000 57.562504 
141333012677462 -92.812500 70.162506 58.500004 
141333032677462 -93.037506 69.450005 59.100002 
141333052677462 -93.318756 69.075005 59.550003 
141333072677462 -93.600006 68.756256 59.568752 
141333092677462 -93.768753 68.962502 59.343754 
141333112677462 -94.181252 69.131256 58.762501 
141333132677462 -94.650002 69.881256 57.956253 
141333152677462 -94.931252 70.650002 56.887501 
141333172677462 -94.912506 71.775002 55.743752 
141333192677462 -94.856255 72.918755 54.562504 
141333212677462 -94.818756 74.062500 53.118752 
141333232677462 -94.612503 75.300003 51.956253 
141333252677462 -94.237503 76.537506 50.400002 
141333272677462 -93.318756 77.793755 48.900002 
141333292677462 -92.606255 78.937500 47.362503 
141333312677462 -91.987503 80.175003 45.993752 
141333332677462 -91.387505 81.075005 44.456253 
141333352677462 -90.318756 82.031250 42.918751 
141333372677462 -89.287506 82.762505 41.568752 
141333392677462 -88.687500 83.456253 39.993752 
141333412677462 -88.106255 84.112503 38.793751 
141333432677462 -87.731255 84.675003 37.612503 
141333452677462 -87.206253 85.181252 36.543751 
141333472677462 -86.775002 85.781250 35.643753 
141333492677462 -86.287506 86.381256 35.175003 
141333512677462 -86.250000 86.381256 34.800003 
141333532677462 -86.025002 86.531250 34.443752 
141333552677462 -85.668755 86.662506 34.443752 
141333572677462 -85.462502 86.475006 34.387501 
141333592677462 -85.331253 86.400002 34.650002 
141333612677462 -85.012505 86.175003 35.043751 
141333632677462 -84.843750 85.818756 35.775002 
141333652677462 -84.843750 85.331253 36.225002 
141333672677462 -84.843750 85.087502 37.012501 
141333692677462 -84.862503 84.993752 37.912502 
141333712677462 -84.862503 84.450005 39.018753 
141333732677462 -84.993752 84.356255 40.106251 
141333752677462 -85.218750 83.737503 41.231251 
141333772677462 -85.743752 83.231255 42.506252 
141333792677462 -86.250000 82.593750 43.687500 
141333812677462 -86.568756 81.656250 45.056252 
141333832677462 -87.168755 80.662506 46.500000 
141333852677462 -87.562500 79.462502 48.131252 
141333872677462 -87.993752 78.562500 49.837502 
141333892677462 -88.443756 77.250000 51.562504 
141333912677462 -88.875000 76.106255 53.362503 
141333932677462 -89.250000 75.037506 54.975002 
141333952677462 -89.156250 73.800003 56.493752 
141333972677462 -89.381256 72.900002 58.012501 
141333992677462 -89.175003 71.943756 59.043751 
141334012677462 -89.193756 71.287506 59.812504 
141334032677462 -89.325005 70.931252 60.168751 
141334052677462 -89.362503 70.556252 60.262501 
141334072677462 -89.287506 70.762505 60.393753 
141334092677462 -89.475006 70.818756 60.037502 
141334112677462 -89.850006 71.250000 59.456253 
141334132677462 -89.962502 71.756256 58.668751 
141334152677462 -90.131256 72.525002 57.825001 
141334172677462 -90.225006 73.387505 56.943752 
141334192677462 -90.018753 74.175003 55.875004 
141334212677462 -89.681252 75.131256 54.768753 
141334232677462 -89.606255 76.068756 53.287502 
141334252677462 -88.950005 77.231255 52.012501 
141334272677462 -88.293755 78.093750 50.550003 
141334292677462 -87.656250 79.087502 49.406254 
141334312677462 -86.831253 80.156250 48.150002 
141334332677462 -86.156250 81.187500 46.781250 
141334352677462 -85.462502 81.918755 45.525002 
141334372677462 -85.031250 82.800003 44.362503 
141334392677462 -84.243752 83.343750 43.162502 
141334412677462 -83.681252 83.850006 42.075001 
141334432677462 -83.175003 84.487503 41.306252 
141334452677462 -83.043755 84.918755 40.443752 
141334472677462 -83.081253 85.350006 39.656250 
141334492677462 -83.156250 85.518753 38.812500 
141334512677462 -83.193756 85.781250 38.550003 
141334532677462 -83.193756 85.518753 38.343750 
141334552677462 -83.118752 85.481255 38.250000 
141334572677462 -83.381256 85.556252 38.456253 
141334592677462 -83.700005 85.275002 38.662502 
141334612677462 -83.887505 85.350006 39.000000 
141334632677462 -84.093750 84.881256 39.487503 
141334652677462 -84.281250 84.731255 40.087502 
141334672677462 -84.637505 84.356255 40.687500 
141334692677462 -84.731255 84.225006 41.587502 
141334712677462 -85.387505 83.606255 42.712502 
141334732677462 -85.762505 82.893753 43.856251 
141334752677462 -86.400002 82.406250 44.925003 
141334772677462 -86.887505 81.337502 46.312500 
141334792677462 -87.412506 80.606255 47.587502 
141334812677462 -88.068756 79.556252 49.293751 
141334832677462 -88.687500 78.656250 50.718754 
141334852677462 -89.343750 77.493752 52.200001 
141334872677462 -89.812500 76.518753 53.718754 
141334892677462 -90.187500 75.225006 54.956253 
141334912677462 -90.243752 74.081253 56.268753 
141334932677462 -90.187500 73.031250 57.300003 
141334952677462 -90.093750 72.000000 58.575001 
141334972677462 -89.831253 71.043755 59.456253 
141334992677462 -89.662506 70.425003 60.168751 
141335012677462 -89.625000 69.862503 60.825001 
141335032677462 -89.418755 69.581253 61.012501 
141335052677462 -89.381256 69.412506 61.275002 
141335072677462 -89.231255 69.225006 61.331253 
141335092677462 -89.343750 69.487503 61.106251 
141335112677462 -89.475006 70.106255 60.600002 
141335132677462 -89.775002 70.706253 60.243752 
141335152677462 -89.737503 71.062500 59.606251 
141335172677462 -89.606255 72.000000 58.800003 
141335192677462 -89.531250 72.843750 57.975002 
141335212677462 -89.156250 74.006256 57.075001 
141335232677462 -89.212502 75.337502 56.156254 
141335252677462 -88.818756 76.368752 55.068752 
141335272677462 -88.462502 77.156250 53.868752 
141335292677462 -87.956253 78.075005 52.331253 
141335312677462 -87.375000 78.975006 50.850002 
141335332677462 -86.981255 79.818756 49.293751 
141335352677462 -86.381256 80.887505 47.793751 
141335372677462 -85.893753 81.468750 46.125000 
141335392677462 -85.087502 81.975006 44.512501 
141335412677462 -84.637505 82.762505 43.031250 
141335432677462 -84.281250 83.606255 41.850002 
141335452677462 -83.718750 84.168755 40.800003 
141335472677462 -83.568756 84.825005 39.975002 
141335492677462 -83.193756 85.200005 39.131252 
141335512677462 -83.081253 85.368752 38.381252 
141335532677462 -83.006256 85.668755 38.156250 
141335552677462 -83.156250 85.893753 37.893753 
141335572677462 -83.100006 85.743752 37.837502 
141335592677462 -83.081253 85.575005 37.725002 
141335612677462 -83.362503 85.556252 37.950001 
141335632677462 -83.512505 85.312500 38.456253 
141335652677462 -83.775002 85.012505 38.943752 
141335672677462 -84.000000 84.862503 39.750000 
141335692677462 -84.356255 84.562500 40.443752 
141335712677462 -84.750000 84.150002 41.456253 
141335732677462 -85.312500 83.831253 42.412502 
141335752677462 -85.875000 83.287506 43.631252 
141335772677462 -86.212502 82.612503 44.700001 
141335792677462 -86.812500 81.937500 45.656250 
141335812677462 -87.412506 81.187500 46.856251 
141335832677462 -88.012505 80.231255 47.887501 
141335852677462 -88.781250 79.406250 49.106251 
141335872677462 -89.268753 78.393753 50.268753 
141335892677462 -89.531250 77.456253 51.581253 
141335912677462 -90.000000 76.293755 52.762501 
141335932677462 -90.412506 75.112503 53.943752 
141335952677462 -90.806252 74.137505 55.012501 
141335972677462 -91.012505 73.181252 56.156254 
141335992677462 -91.312500 72.318756 57.243752 
141336012677462 -91.106255 71.493752 58.106251 
141336032677462 -91.256256 70.837502 58.875004 
141336052677462 -91.481255 70.293755 59.343754 
141336072677462 -91.443756 69.993752 59.737503 
141336092677462 -91.593750 70.068756 59.925003 
141336112677462 -91.593750 70.125000 60.075001 
141336132677462 -91.875000 70.518753 60.000004 
141336152677462 -91.950005 70.837502 59.587502 
141336172677462 -92.306252 71.343750 59.043751 
141336192677462 -92.381256 71.831253 58.293751 
141336212677462 -92.306252 72.487503 57.637501 
141336232677462 -92.231255 73.331253 56.775002 
141336252677462 -92.062500 74.118752 55.875004 
141336272677462 -91.950005 74.981255 54.750004 
141336292677462 -91.462502 75.825005 53.775002 
141336312677462 -91.050003 76.856255 52.593754 
141336332677462 -90.300003 77.700005 51.375004 
141336352677462 -89.606255 78.806252 50.268753 
141336372677462 -88.818756 79.650002 49.087502 
141336392677462 -87.956253 80.625000 47.906250 
141336412677462 -87.206253 81.581253 46.556252 
141336432677462 -86.137505 82.593750 45.450001 
141336452677462 -85.368752 83.381256 44.137501 
141336472677462 -84.487503 84.112503 43.293751 
141336492677462 -83.793755 84.750000 42.525002 
141336512677462 -82.837502 85.162506 41.662502 
141336532677462 -82.462502 85.743752 40.856251 
141336552677462 -81.918755 86.062500 40.293751 
141336572677462 -81.393753 86.156250 40.181252 
141336592677462 -80.775002 86.137505 39.937500 
141336612677462 -80.381256 86.212502 40.068752 
141336632677462 -80.212502 86.343750 39.975002 
141336652677462 -80.043755 86.512505 40.087502 
141336672677462 -79.968750 86.550003 40.200001 
141336692677462 -79.818756 86.306252 40.631252 
141336712677462 -80.043755 86.100006 41.006252 
141336732677462 -80.062500 86.081253 41.212502 
141336752677462 -80.362503 86.006256 41.643753 
141336772677462 -80.681252 85.837502 41.981251 
141336792677462 -80.906250 85.162506 42.675003 
141336812677462 -81.206253 84.750000 43.106251 
141336832677462 -81.731255 84.468750 43.950001 
141336852677462 -82.331253 84.018753 44.887501 
141336872677462 -82.856255 83.550003 45.637501 
141336892677462 -83.643753 82.875000 46.556252 
141336912677462 -84.675003 82.012505 47.550003 
141336932677462 -85.443756 80.962502 48.618752 
141336952677462 -86.362503 80.418755 49.781254 
141336972677462 -87.243752 79.537506 51.112503 
141336992677462 -87.993752 78.225006 52.406254 
141337012677462 -88.481255 77.268753 53.306252 
141337032677462 -88.818756 76.068756 54.562504 
141337052677462 -89.156250 75.093750 55.762501 
141337072677462 -89.212502 74.268753 56.906254 
141337092677462 -89.231255 73.406250 57.843754 
141337112677462 -89.081253 72.393753 58.687504 
141337132677462 -89.025002 71.756256 59.268753 
141337152677462 -89.137505 71.643753 59.793751 
141337172677462 -89.306252 71.568756 60.075001 
141337192677462 -89.512505 71.831253 60.168751 
141337212677462 -89.531250 72.112503 59.981251 
141337232677462 -89.681252 72.618752 59.531254 
141337252677462 -89.662506 73.556252 58.912502 
141337272677462 -89.700005 74.325005 58.012501 
141337292677462 -89.681252 75.206253 57.206253 
141337312677462 -89.625000 75.993752 55.987503 
141337332677462 -89.381256 76.875000 54.881252 
141337352677462 -89.193756 77.756256 53.718754 
141337372677462 -88.968750 78.862503 52.143753 
141337392677462 -88.687500 79.687500 50.568752 
141337412677462 -88.500000 80.643753 48.693752 
141337432677462 -88.237503 81.918755 46.800003 
141337452677462 -87.993752 82.912506 44.812500 
141337472677462 -87.750000 84.018753 43.031250 
141337492677462 -87.712502 85.031250 41.137501 
141337512677462 -87.225006 85.856255 39.225002 
141337532677462 -86.906250 86.512505 37.612503 
141337552677462 -86.437500 87.112503 36.131252 
141337572677462 -86.137505 87.693756 35.062500 
141337592677462 -85.875000 87.918755 34.050003 
141337612677462 -85.687500 88.162506 33.262501 
141337632677462 -85.331253 88.256256 32.475002 
141337652677462 -84.937500 88.237503 31.950001 
141337672677462 -85.162506 88.312500 31.593752 
141337692677462 -85.200005 88.218750 31.537500 
141337712677462 -85.425003 88.443756 31.368752 
141337732677462 -85.575005 88.368752 31.406252 
141337752677462 -85.556252 88.350006 31.481251 
141337772677462 -85.725006 88.406250 31.537500 
141337792677462 -85.968750 88.312500 31.725000 
141337812677462 -86.418755 88.256256 31.875002 
141337832677462 -86.718750 88.181252 32.212502 
141337852677462 -87.225006 88.050003 32.625000 
141337872677462 -87.806252 87.562500 33.056252 
141337892677462 -88.518753 87.150002 33.581253 
141337912677462 -89.625000 86.775002 34.256252 
141337932677462 -90.656250 86.325005 35.062500 
141337952677462 -91.875000 85.912506 35.775002 
141337972677462 -92.925003 85.443756 36.656250 
141337992677462 -94.106255 84.712502 37.593750 
141338012677462 -95.531250 84.000000 38.606251 
141338032677462 -96.750008 83.062500 39.862503 
141338052677462 -98.043755 82.031250 40.987503 
141338072677462 -98.943756 80.906250 42.600002 
141338092677462 -99.806252 79.500000 44.250000 
141338112677462 -100.331253 78.243752 46.181252 
141338132677462 -100.912506 76.762505 47.906250 
141338152677462 -101.325005 75.431252 49.350002 
141338172677462 -101.568756 74.231255 50.793751 
141338192677462 -101.887505 73.406250 51.918751 
141338212677462 -101.775002 72.637505 53.137501 
141338232677462 -101.906258 72.037506 53.606251 
141338252677462 -101.981255 71.643753 53.643753 
141338272677462 -102.375008 71.512505 53.306252 
141338292677462 -102.581253 71.943756 53.025002 
141338312677462 -102.675003 72.506256 52.575001 
141338332677462 -102.843758 73.087502 51.881252 
141338352677462 -102.787506 73.650002 50.962502 
141338372677462 -102.956253 74.493752 49.650002 
141338392677462 -103.237503 75.300003 48.375004 
141338412677462 -103.106255 76.425003 47.062500 
141338432677462 -102.600006 77.400002 45.750000 
141338452677462 -102.225006 78.262505 44.231251 
141338472677462 -101.737503 79.218750 42.618752 
141338492677462 -100.781258 80.212502 41.175003 
141338512677462 -100.125008 81.468750 40.031250 
141338532677462 -99.206253 82.218750 38.662502 
141338552677462 -97.837502 83.231255 37.443752 
141338572677462 -96.787506 84.168755 36.356251 
141338592677462 -95.850006 84.918755 35.100002 
141338612677462 -94.912506 85.518753 33.731251 
141338632677462 -94.218750 85.987503 32.625000 
141338652677462 -93.768753 86.418755 31.275002 
141338672677462 -93.206253 86.512505 30.075001 
141338692677462 -93.056252 86.925003 28.875002 
141338712677462 -93.056252 87.131256 27.937502 
141338732677462 -93.337502 87.018753 27.075001 
141338752677462 -93.656250 87.131256 26.418751 
141338772677462 -93.787506 87.300003 25.912500 
141338792677462 -93.843750 87.243752 25.631250 
141338812677462 -94.031250 87.318756 25.518751 
141338832677462 -94.256256 87.393753 25.443750 
141338852677462 -94.350006 87.262505 25.781252 
141338872677462 -94.631256 87.356255 25.931252 
141338892677462 -94.743752 87.393753 26.118752 
141338912677462 -94.931252 87.468750 26.400002 
141338932677462 -95.400002 87.262505 27.075001 
141338952677462 -96.037506 87.243752 27.731251 
141338972677462 -96.300003 86.906250 28.443750 
141338992677462 -96.825005 86.456253 29.156252 
141339012677462 -97.687508 86.250000 29.925001 
141339032677462 -98.362503 85.631256 30.881250 
141339052677462 -99.187508 84.862503 31.875002 
141339072677462 -99.881256 83.868752 33.187500 
141339092677462 -100.668755 82.818756 34.725002 
141339112677462 -101.550003 81.525002 36.337502 
141339132677462 -102.806252 80.381256 37.987503 
141339152677462 -103.725006 79.256256 39.843750 
141339172677462 -104.456253 77.981255 41.718750 
141339192677462 -105.168755 76.556252 43.481251 
141339212677462 -105.862503 75.318756 45.225002 
141339232677462 -106.462502 74.212502 46.706253 
141339252677462 -107.175003 73.106255 47.643753 
141339272677462 -107.475006 72.225006 48.375004 
141339292677462 -107.587502 71.193756 49.050003 
141339312677462 -107.718758 70.668755 49.218754 
141339332677462 -107.868752 70.050003 49.387501 
141339352677462 -108.187508 69.731255 49.162502 
141339372677462 -108.262505 69.750000 48.656254 
141339392677462 -108.525002 69.937500 47.962502 
141339412677462 -108.506256 70.368752 47.381252 
141339432677462 -108.431252 71.081253 46.387501 
141339452677462 -108.506256 72.187500 44.962502 
141339472677462 -108.356255 72.956253 43.706253 
141339492677462 -108.018753 74.362503 42.150002 
141339512677462 -107.250008 75.675003 40.781250 
141339532677462 -106.856255 77.025002 39.412502 
141339552677462 -106.293755 78.150002 38.193752 
141339572677462 -105.243752 79.162506 36.675003 
141339592677462 -104.287506 80.006256 35.381252 
141339612677462 -103.275002 81.112503 34.181252 
141339632677462 -102.600006 81.993752 32.868752 
141339652677462 -101.606255 82.387505 31.668751 
141339672677462 -100.856255 82.875000 30.375002 
141339692677462 -99.956253 83.287506 29.043751 
141339712677462 -99.206253 83.625000 27.675001 
141339732677462 -98.925003 84.168755 26.400002 
141339752677462 -98.906258 84.675003 25.237501 
141339772677462 -98.756256 84.675003 24.487501 
141339792677462 -98.362503 84.675003 23.831251 
141339812677462 -98.306252 84.843750 23.306252 
141339832677462 -98.493752 85.143753 22.950001 
141339852677462 -98.606255 85.068756 22.968750 
141339872677462 -98.493752 85.368752 23.231251 
141339892677462 -98.606255 85.312500 23.700001 
141339912677462 -98.718758 85.275002 24.168751 
141339932677462 -98.925003 85.200005 24.618752 
141339952677462 -99.600006 85.031250 25.312502 
141339972677462 -100.181252 84.600006 26.156252 
141339992677462 -100.612503 84.093750 27.281252 
141340012677462 -101.137505 83.700005 28.537500 
141340032677462 -101.868752 82.818756 29.737501 
141340052677462 -102.356255 82.087502 30.843752 
141340072677462 -102.862503 81.356255 32.156250 
141340092677462 -103.481255 80.531250 33.468750 
141340112677462 -103.781258 79.743752 34.931252 
141340132677462 -104.475006 78.900002 36.525002 
141340152677462 -105.300003 77.850006 38.081253 
141340172677462 -105.993752 76.725006 39.543751 
141340192677462 -106.612503 75.768753 40.931252 
141340212677462 -107.531258 74.568756 42.318752 
141340232677462 -108.131256 73.275002 43.818752 
141340252677462 -108.918755 72.112503 45.375000 
141340272677462 -109.650002 70.781250 46.500000 
141340292677462 -109.856255 69.806252 47.081253 
141340312677462 -110.175003 68.700005 47.756252 
141340332677462 -110.493752 67.987503 48.168751 
141340352677462 -110.981255 67.350006 48.412502 
141340372677462 -111.356255 67.143753 48.525002 
141340392677462 -111.581253 66.918755 48.056252 
141340412677462 -111.731255 66.862503 47.306252 
141340432677462 -112.181252 67.256256 46.425003 
141340452677462 -112.556252 67.612503 45.637501 
141340472677462 -112.762505 68.512505 44.231251 
141340492677462 -112.912506 69.337502 42.750000 
141340512677462 -113.025002 70.012505 41.175003 
141340532677462 -112.837502 70.893753 39.375000 
141340552677462 -112.893753 72.187500 37.706253 
141340572677462 -112.556252 73.425003 35.943752 
141340592677462 -111.806252 74.737503 34.331253 
141340612677462 -111.206253 76.012505 32.550003 
141340632677462 -110.587502 77.118752 30.975000 
141340652677462 -109.762505 78.131256 29.418751 
141340672677462 -108.993752 79.350006 27.881250 
141340692677462 -108.337502 80.100006 26.587502 
141340712677462 -107.400002 80.887505 25.387501 
141340732677462 -106.687508 81.600006 24.187502 
141340752677462 -106.162506 82.106255 22.912500 
141340772677462 -105.675003 82.518753 21.900002 
141340792677462 -105.281258 82.931252 20.906250 
141340812677462 -104.850006 83.418755 20.212502 
141340832677462 -104.775002 83.700005 19.931252 
141340852677462 -104.606255 83.943756 19.612501 
141340872677462 -104.550003 83.775002 19.350000 
141340892677462 -104.587502 83.850006 19.556252 
141340912677462 -104.325005 83.925003 20.175001 
141340932677462 -104.512505 83.643753 20.493752 
141340952677462 -104.662506 83.475006 21.168751 
141340972677462 -105.243752 82.818756 22.068750 
141340992677462 -105.318756 82.293755 22.762501 
141341012677462 -105.525002 81.975006 23.550001 
141341032677462 -106.012505 81.506256 24.768751 
141341052677462 -106.725006 80.906250 25.762501 
141341072677462 -107.662506 80.118752 26.868752 
141341092677462 -108.300003 79.500000 28.350000 
141341112677462 -108.806252 78.543755 29.906252 
141341132677462 -109.331253 77.943756 31.462502 
141341152677462 -110.118752 76.987503 33.075001 
141341172677462 -110.812508 75.656250 35.062500 
141341192677462 -111.393753 74.625000 36.506252 
141341212677462 -111.618752 73.275002 38.193752 
141341232677462 -111.806252 72.150002 39.693752 
141341252677462 -112.162506 70.893753 41.006252 
141341272677462 -112.762505 69.843750 42.000000 
141341292677462 -112.912506 68.662506 42.600002 
141341312677462 -112.987503 67.743752 43.068752 
141341332677462 -113.456253 66.918755 43.462502 
141341352677462 -113.775002 66.337502 43.725002 
141341372677462 -113.925003 65.756256 43.837502 
141341392677462 -114.337502 65.400002 43.462502 
141341412677462 -114.431252 65.212502 42.731251 
141341432677462 -114.393753 65.118752 42.093750 
141341452677462 -114.581253 65.362503 41.081253 
141341472677462 -114.543755 65.625000 39.918751 
141341492677462 -114.056252 66.243752 38.175003 
141341512677462 -113.737503 66.768753 36.675003 
141341532677462 -113.456253 67.518753 34.968750 
141341552677462 -112.856255 68.568756 33.450001 
141341572677462 -112.068756 69.843750 32.400002 
141341592677462 -111.075005 70.931252 31.050001 
141341612677462 -110.118752 71.943756 29.906252 
141341632677462 -109.143753 73.125000 28.818750 
141341652677462 -108.206253 74.306252 28.087502 
141341672677462 -107.268753 75.356255 27.262501 
141341692677462 -106.237503 76.443756 26.212502 
141341712677462 -105.337502 77.175003 25.443750 
141341732677462 -104.625008 77.868752 24.450001 
141341752677462 -103.837502 78.712502 23.962502 
141341772677462 -103.237503 79.387505 23.418751 
141341792677462 -102.675003 80.006256 22.912500 
141341812677462 -102.187508 80.493752 22.575001 
141341832677462 -101.962502 80.737503 22.143751 
141341852677462 -101.812508 80.943756 22.181252 
141341872677462 -101.756256 80.925003 22.368752 
141341892677462 -101.925003 80.643753 22.537500 
141341912677462 -102.337502 80.325005 22.818750 
141341932677462 -102.618752 79.968750 23.250000 
141341952677462 -102.900002 79.462502 23.981251 
141341972677462 -103.293755 78.975006 24.675001 
141341992677462 -103.650002 78.318756 25.856251 
141342012677462 -104.118752 77.418755 26.850000 
141342032677462 -104.643753 76.687500 27.768751 
141342052677462 -105.243752 76.106255 28.968752 
141342072677462 -105.750008 75.018753 29.925001 
141342092677462 -106.481255 74.043755 31.162500 
141342112677462 -107.400002 72.843750 32.287502 
141342132677462 -108.262505 71.400002 33.506252 
141342152677462 -108.900002 70.125000 34.518753 
141342172677462 -109.893753 69.056252 35.943752 
141342192677462 -110.718758 67.593750 37.368752 
141342212677462 -111.206253 66.037506 38.625000 
141342232677462 -111.768753 64.950005 40.012501 
141342252677462 -112.050003 63.918751 41.212502 
141342272677462 -112.443756 63.056252 42.225002 
141342292677462 -112.650002 62.306252 43.068752 
141342312677462 -112.875008 61.650002 43.687500 
141342332677462 -112.875008 61.143753 43.856251 
141342352677462 -112.856255 60.975002 43.800003 
141342372677462 -112.725006 61.181252 43.687500 
141342392677462 -112.875008 61.218754 43.275002 
141342412677462 -113.100006 61.293751 42.468750 
141342432677462 -113.137505 61.800003 41.737503 
141342452677462 -112.931252 62.418751 40.668751 
141342472677462 -112.818756 63.393753 39.375000 
141342492677462 -112.593758 64.387505 38.081253 
141342512677462 -112.275002 65.231255 36.656250 
141342532677462 -111.937508 66.150002 35.062500 
141342552677462 -111.375008 67.256256 33.693752 
141342572677462 -110.437508 68.662506 32.100002 
141342592677462 -109.481255 69.862503 30.543751 
141342612677462 -108.768753 71.100006 29.400002 
141342632677462 -108.093758 72.131256 28.237501 
141342652677462 -107.381256 73.012505 27.056252 
141342672677462 -106.668755 74.043755 25.893751 
141342692677462 -106.106255 74.606255 24.862501 
141342712677462 -105.637505 75.112503 23.681252 
141342732677462 -105.393753 75.375000 23.137501 
141342752677462 -105.300003 75.618752 22.706251 
141342772677462 -105.187508 75.562500 22.200001 
141342792677462 -105.262505 75.393753 21.900002 
141342812677462 -105.018753 75.356255 21.843750 
141342832677462 -104.868752 75.318756 21.768751 
141342852677462 -105.150002 75.281250 21.937500 
141342872677462 -105.168755 75.187500 22.237501 
141342892677462 -105.337502 74.925003 22.500000 
141342912677462 -105.656258 74.437500 22.743752 
141342932677462 -105.993752 73.931252 22.743752 
141342952677462 -106.125008 73.725006 23.118752 
141342972677462 -106.725006 73.368752 23.587502 
141342992677462 -107.362503 72.543755 24.075001 
141343012677462 -107.700005 72.037506 24.618752 
141343032677462 -108.393753 71.137505 25.293751 
141343052677462 -109.162506 70.425003 26.100000 
141343072677462 -109.631256 69.468750 27.018751 
141343092677462 -110.400002 68.493752 28.162500 
141343112677462 -111.281258 67.162506 29.231251 
141343132677462 -112.106255 65.475006 30.375002 
141343152677462 -112.950005 64.162506 31.856251 
141343172677462 -113.681252 62.437504 33.393753 
141343192677462 -114.112503 61.031254 35.043751 
141343212677462 -114.543755 59.643753 36.693752 
141343232677462 -114.956253 58.518753 38.193752 
141343252677462 -114.975006 57.525002 39.618752 
141343272677462 -115.218758 56.662502 40.650002 
141343292677462 -115.068756 56.343754 41.362503 
141343312677462 -114.900002 56.043751 41.643753 
141343332677462 -114.937508 56.343754 41.512501 
141343352677462 -115.068756 56.962502 40.800003 
141343372677462 -114.881256 57.468754 39.825001 
141343392677462 -115.050003 58.275002 38.587502 
141343412677462 -115.237503 59.268753 37.256252 
141343432677462 -114.675003 60.337502 35.737503 
141343452677462 -114.581253 61.556252 34.143753 
141343472677462 -114.525002 62.868752 32.550003 
141343492677462 -114.131256 64.068756 31.106251 
141343512677462 -113.512505 65.081253 29.737501 
141343532677462 -113.156258 66.356255 28.368752 
141343552677462 -112.143753 67.500000 26.925001 
141343572677462 -111.450005 68.681252 25.668751 
141343592677462 -110.868752 69.900002 24.506250 
141343612677462 -110.325005 70.856255 23.437500 
141343632677462 -109.406258 71.625000 22.443750 
141343652677462 -108.750008 72.262505 21.431252 
141343672677462 -108.281258 72.881256 20.362501 
141343692677462 -107.737503 73.293755 19.425001 
141343712677462 -107.456253 73.706253 18.693750 
141343732677462 -106.875008 74.081253 17.850000 
141343752677462 -106.518753 74.250000 17.325001 
141343772677462 -106.218758 74.418755 17.081251 
141343792677462 -106.125008 74.718750 16.931252 
141343812677462 -105.956253 74.868752 16.912500 
141343832677462 -105.787506 75.000000 17.231251 
141343852677462 -105.562508 75.131256 17.587502 
141343872677462 -105.618752 75.168755 18.262501 
141343892677462 -105.712502 74.981255 19.181252 
141343912677462 -106.012505 75.075005 20.287500 
141343932677462 -106.125008 74.775002 21.075001 
141343952677462 -106.462502 74.381256 21.975000 
141343972677462 -106.987503 74.175003 23.193750 
141343992677462 -107.587502 73.612503 24.487501 
141344012677462 -108.206253 72.956253 25.875002 
141344032677462 -108.787506 72.131256 27.206251 
141344052677462 -109.500008 71.287506 28.537500 
141344072677462 -110.100006 70.237503 29.887501 
141344092677462 -110.793755 69.243752 31.725000 
141344112677462 -111.281258 67.912506 33.543751 
141344132677462 -111.450005 66.487503 35.456253 
141344152677462 -111.487503 65.212502 37.425003 
141344172677462 -111.656258 63.900002 39.243752 
141344192677462 -111.731255 62.550003 40.818752 
141344212677462 -111.768753 61.331253 42.412502 
141344232677462 -111.975006 60.075001 43.706253 
141344252677462 -111.993752 59.118752 44.587502 
141344272677462 -112.125008 58.612503 45.131252 
141344292677462 -112.293755 58.181252 45.300003 
141344312677462 -112.856255 58.181252 45.112503 
141344332677462 -113.193756 58.012501 44.625000 
141344352677462 -113.475006 58.537502 44.062500 
141344372677462 -113.550003 59.250004 42.956253 
141344392677462 -113.418755 60.075001 41.737503 
141344412677462 -113.568756 60.918751 40.387501 
141344432677462 -113.287506 61.931252 39.131252 
141344452677462 -113.118752 63.131252 37.650002 
141344472677462 -112.725006 64.125000 35.887501 
141344492677462 -112.125008 65.568756 34.462502 
141344512677462 -111.731255 66.581253 32.981251 
141344532677462 -111.412506 67.631256 31.837502 
141344552677462 -110.925003 68.568756 30.581251 
141344572677462 -110.343758 69.487503 29.287500 
141344592677462 -110.100006 70.312500 27.937502 
141344612677462 -109.781258 70.931252 26.493752 
141344632677462 -109.481255 71.456253 25.387501 
141344652677462 -109.312508 71.850006 24.356251 
141344672677462 -108.881256 72.131256 23.362501 
141344692677462 -108.525002 72.393753 22.406250 
141344712677462 -108.300003 72.637505 21.712502 
141344732677462 -108.168755 72.787506 21.300001 
141344752677462 -108.000008 72.731255 20.850000 
141344772677462 -107.981255 72.656250 20.831251 
141344792677462 -107.981255 72.450005 20.868752 
141344812677462 -108.056252 72.187500 20.831251 
141344832677462 -108.206253 71.775002 20.925001 
141344852677462 -108.656258 71.306252 21.150002 
141344872677462 -109.181252 70.800003 21.112501 
141344892677462 -109.350006 70.481255 21.431252 
141344912677462 -109.781258 70.106255 21.975000 
141344932677462 -110.175003 69.506256 22.443750 
141344952677462 -110.625008 68.943756 23.043751 
141344972677462 -111.131256 68.268753 23.831251 
141344992677462 -111.881256 67.537506 24.693750 
141345012677462 -112.162506 66.562500 25.631250 
141345032677462 -112.800003 65.625000 26.962502 
141345052677462 -113.718758 64.462502 28.050001 
141345072677462 -114.243752 63.150002 29.212502 
141345092677462 -114.975006 61.668751 30.506250 
141345112677462 -115.368752 60.225002 31.931252 
141345132677462 -115.968758 58.818752 33.206253 
141345152677462 -116.287506 57.618752 34.556252 
141345172677462 -116.718758 56.231251 35.718750 
141345192677462 -116.812508 54.862503 36.712502 
141345212677462 -116.700005 53.512501 37.556252 
141345232677462 -116.831253 52.631252 38.381252 
141345252677462 -116.925003 52.012501 38.793751 
141345272677462 -117.243752 51.581253 38.775002 
141345292677462 -117.487503 51.225002 38.681252 
141345312677462 -117.506256 51.281254 38.212502 
141345332677462 -117.787506 51.881252 37.462502 
141345352677462 -117.843758 52.668751 36.843750 
141345372677462 -118.012505 53.775002 35.812500 
141345392677462 -118.162506 54.675003 34.612503 
141345412677462 -117.900002 55.818752 33.506252 
141345432677462 -117.562508 57.093754 32.475002 
141345452677462 -117.000008 58.537502 31.237501 
141345472677462 -116.512505 59.737503 30.150002 
141345492677462 -115.743752 60.900002 29.212502 
141345512677462 -115.350006 62.231251 28.031252 
141345532677462 -114.506256 63.318752 27.018751 
141345552677462 -113.793755 64.481255 26.043751 
141345572677462 -113.231255 65.568756 24.993752 
141345592677462 -112.575005 66.468750 23.925001 
141345612677462 -112.012505 67.218750 22.987501 
141345632677462 -111.750008 68.137505 22.068750 
141345652677462 -111.506256 68.793755 21.093750 
141345672677462 -111.150002 69.187500 20.175001 
141345692677462 -111.150002 69.506256 19.500000 
141345712677462 -110.868752 69.768753 19.050001 
141345732677462 -110.868752 69.900002 18.262501 
141345752677462 -110.962502 69.956253 18.018751 
141345772677462 -111.206253 70.106255 17.962502 
141345792677462 -111.150002 69.862503 17.868752 
141345812677462 -110.981255 69.712502 17.868752 
141345832677462 -110.943756 69.412506 18.112501 
141345852677462 -110.981255 69.300003 18.206251 
141345872677462 -111.356255 69.075005 18.393751 
141345892677462 -111.393753 68.868752 19.143751 
141345912677462 -111.581253 68.587502 19.537500 
141345932677462 -111.712502 68.212502 19.987501 
141345952677462 -111.956253 67.950005 20.625000 
141345972677462 -112.387505 67.537506 21.862501 
141345992677462 -112.706253 67.256256 22.856251 
141346012677462 -112.931252 66.637505 24.131250 
141346032677462 -113.250008 65.756256 25.968752 
141346052677462 -113.681252 64.931252 27.637501 
141346072677462 -114.018753 64.050003 29.606251 
141346092677462 -114.206253 62.681252 31.875002 
141346112677462 -114.468758 61.275002 34.406250 
141346132677462 -114.600006 59.681252 36.581253 
141346152677462 -114.693756 57.900002 38.943752 
141346172677462 -114.862503 56.381252 41.025002 
141346192677462 -114.843758 55.275002 42.412502 
141346212677462 -114.675003 53.887501 43.800003 
141346232677462 -114.731255 52.950001 44.925003 
141346252677462 -114.506256 52.481251 45.543751 
141346272677462 -114.731255 52.237503 45.618752 
141346292677462 -114.937508 52.443752 45.468750 
141346312677462 -114.975006 52.912502 45.018753 
141346332677462 -115.125008 53.456253 44.343750 
141346352677462 -115.312508 54.318752 43.387501 
141346372677462 -115.425003 55.331253 42.225002 
141346392677462 -115.350006 56.325001 40.950001 
141346412677462 -115.631256 57.356251 39.375000 
141346432677462 -115.500008 58.481251 38.025002 
141346452677462 -115.256256 59.756252 36.206253 
141346472677462 -115.368752 60.825001 34.537502 
141346492677462 -115.050003 62.043751 33.112503 
141346512677462 -114.712502 63.056252 31.706251 
141346532677462 -114.525002 64.143753 30.375002 
141346552677462 -114.000008 65.193756 28.987501 
141346572677462 -113.587502 66.206253 27.693750 
141346592677462 -113.325005 66.900002 26.437502 
141346612677462 -113.156258 67.368752 25.537500 
141346632677462 -112.800003 68.025002 24.318750 
141346652677462 -112.687508 68.550003 23.231251 
141346672677462 -112.500008 68.850006 22.481251 
141346692677462 -112.350006 69.300003 21.806252 
141346712677462 -112.593758 69.543755 21.112501 
141346732677462 -112.631256 69.618752 20.568750 
141346752677462 -112.387505 69.768753 20.193750 
141346772677462 -112.237503 69.975006 20.100000 
141346792677462 -112.162506 69.768753 20.475000 
141346812677462 -112.350006 69.581253 20.625000 
141346832677462 -112.500008 69.506256 20.756250 
141346852677462 -112.800003 69.093750 21.056252 
141346872677462 -112.837502 68.756256 21.506250 
141346892677462 -113.062508 68.456253 22.162500 
141346912677462 -113.456253 67.912506 22.743752 
141346932677462 -113.887505 67.293755 23.343750 
141346952677462 -114.581253 66.637505 24.112501 
141346972677462 -114.918755 65.812500 25.068750 
141346992677462 -115.387505 64.800003 26.043751 
141347012677462 -115.875008 63.843754 27.056252 
141347032677462 -116.400002 62.737503 28.143751 
141347052677462 -116.981255 61.462502 29.381250 
141347072677462 -117.487503 60.131252 30.693750 
141347092677462 -117.918755 58.518753 32.137501 
141347112677462 -118.106255 57.093754 33.562500 
141347132677462 -118.237503 55.650002 35.100002 
141347152677462 -118.406258 54.131252 36.450001 
141347172677462 -118.537506 52.687504 37.912502 
141347192677462 -118.631256 51.131252 39.375000 
141347212677462 -118.650002 49.725002 40.593750 
141347232677462 -118.443756 48.693752 41.531250 
141347252677462 -118.406258 47.943752 42.150002 
141347272677462 -118.556252 47.587502 42.431252 
141347292677462 -118.725006 47.193752 42.450001 
141347312677462 -118.650002 47.362503 42.243752 
141347332677462 -118.575005 47.606251 41.793751 
141347352677462 -118.575005 48.187504 41.043751 
141347372677462 -118.425003 49.031254 40.237503 
141347392677462 -118.631256 49.856251 39.393753 
141347412677462 -118.612503 50.906254 38.418751 
141347432677462 -118.425003 51.993752 37.143753 
141347452677462 -118.312508 53.456253 35.943752 
141347472677462 -118.162506 54.693752 34.875000 
141347492677462 -117.975006 55.875004 33.900002 
141347512677462 -117.675003 57.150002 32.812500 
141347532677462 -117.506256 58.593754 31.893751 
141347552677462 -117.206253 60.168751 30.825001 
141347572677462 -116.775002 61.462502 29.831251 
141347592677462 -116.343758 62.418751 29.287500 
141347612677462 -115.912506 63.281254 28.481251 
141347632677462 -115.631256 64.106255 27.768751 
141347652677462 -115.218758 65.006256 27.093752 
141347672677462 -115.162506 65.868752 26.550001 
141347692677462 -114.862503 66.356255 25.781252 
141347712677462 -114.525002 66.562500 25.312502 
141347732677462 -114.468758 66.881256 24.881250 
141347752677462 -114.487503 67.200005 24.562502 
141347772677462 -114.431252 67.387505 24.468752 
141347792677462 -114.300003 67.443756 24.337502 
141347812677462 -114.281258 67.293755 24.075001 
141347832677462 -114.206253 66.993752 24.318750 
141347852677462 -114.412506 66.450005 24.806252 
141347872677462 -114.731255 66.075005 25.106251 
141347892677462 -114.656258 65.550003 25.743752 
141347912677462 -114.693756 65.025002 26.325001 
141347932677462 -114.937508 64.443756 27.037500 
141347952677462 -115.200005 63.618752 27.881250 
141347972677462 -115.537506 62.700001 28.800001 
141347992677462 -115.837502 61.725002 29.568750 
141348012677462 -116.062508 60.900002 30.393751 
141348032677462 -116.325005 59.700001 31.425001 
141348052677462 -116.775002 58.481251 32.550003 
141348072677462 -117.000008 56.962502 33.656250 
141348092677462 -117.112503 55.425003 34.856251 
141348112677462 -117.187508 53.981251 36.187500 
141348132677462 -117.393753 52.500004 37.725002 
141348152677462 -117.431252 50.831253 39.018753 
141348172677462 -117.356255 49.106251 40.406250 
141348192677462 -117.000008 47.681252 41.568752 
141348212677462 -116.775002 46.162502 42.712502 
141348232677462 -116.568756 45.056252 43.687500 
141348252677462 -116.343758 43.893753 44.643753 
141348272677462 -116.231255 42.937500 45.262501 
141348292677462 -115.968758 42.281250 45.581253 
141348312677462 -115.856255 41.625000 45.993752 
141348332677462 -115.781258 41.381252 45.731251 
141348352677462 -115.875008 41.268753 45.843750 
141348372677462 -116.062508 41.437500 45.412502 
141348392677462 -116.287506 41.381252 44.737503 
141348412677462 -116.550003 41.737503 43.875000 
141348432677462 -116.850006 42.075001 43.106251 
141348452677462 -117.187508 42.468750 42.487503 
141348472677462 -117.468758 42.993752 41.643753 
141348492677462 -117.731255 43.256252 41.006252 
141348512677462 -118.200005 43.293751 40.068752 
141348532677462 -118.556252 43.125000 39.525002 
141348552677462 -118.781258 43.181252 39.093750 
141348572677462 -118.950005 42.712502 38.906250 
141348592677462 -119.156258 42.243752 38.700001 
141348612677462 -118.950005 41.681252 38.493752 
141348632677462 -119.006256 41.137501 38.568752 
141348652677462 -118.987503 40.556252 38.550003 
141348672677462 -118.875008 39.993752 38.550003 
141348692677462 -118.800003 39.375000 38.587502 
141348712677462 -118.687508 38.550003 38.831253 
141348732677462 -118.612503 37.837502 38.700001 
141348752677462 -118.631256 37.181252 38.587502 
141348772677462 -118.706253 36.675003 38.381252 
141348792677462 -118.856255 35.981251 38.043751 
141348812677462 -119.081253 35.381252 37.837502 
141348832677462 -119.250008 34.893753 37.631252 
141348852677462 -119.231255 34.481251 37.012501 
141348872677462 -119.475006 34.443752 36.506252 
141348892677462 -119.756256 34.593750 35.681252 
141348912677462 -119.943756 34.500000 35.118752 
141348932677462 -120.393753 34.443752 34.593750 
141348952677462 -120.412506 34.706253 33.862503 
141348972677462 -120.543755 34.875000 33.300003 
141348992677462 -120.712502 34.893753 32.437500 
141349012677462 -120.768753 35.043751 32.006252 
141349032677462 -121.012505 34.912502 31.143751 
141349052677462 -120.825005 34.500000 30.881250 
141349072677462 -120.843758 34.331253 30.300001 
141349092677462 -120.881256 34.012501 29.887501 
141349112677462 -120.956253 33.656250 29.718752 
141349132677462 -121.012505 33.206253 29.437502 
141349152677462 -120.881256 32.906250 29.606251 
141349172677462 -121.068756 32.362503 29.643751 
141349192677462 -120.918755 31.781252 30.093752 
141349212677462 -121.256256 31.593752 30.412500 
141349232677462 -121.275002 31.425001 30.825001 
141349252677462 -120.975006 31.293751 31.181252 
141349272677462 -121.012505 31.200001 31.556252 
141349292677462 -120.900002 31.368752 32.062500 
141349312677462 -121.293755 31.800001 32.193752 
141349332677462 -121.237503 32.456253 32.212502 
141349352677462 -121.425003 33.262501 32.137501 
141349372677462 -121.425003 34.031250 32.025002 
141349392677462 -121.425003 34.743752 31.668751 
141349412677462 -121.706253 35.550003 31.443750 
141349432677462 -121.818756 36.468750 31.200001 
141349452677462 -121.837502 37.237503 30.918751 
141349472677462 -121.762505 37.650002 30.881250 
141349492677462 -121.931252 38.137501 31.087502 
141349512677462 -121.875008 38.493752 31.200001 
141349532677462 -121.856255 38.887501 31.368752 
141349552677462 -121.781258 39.150002 31.931252 
141349572677462 -121.781258 39.206253 32.025002 
141349592677462 -121.687508 39.056252 32.456253 
141349612677462 -121.837502 39.018753 32.700001 
141349632677462 -121.650002 38.775002 33.187500 
141349652677462 -121.518753 38.268753 33.787502 
141349672677462 -121.462502 37.950001 34.425003 
141349692677462 -121.237503 37.443752 35.006252 
141349712677462 -121.068756 36.750000 35.550003 
141349732677462 -120.637505 36.337502 36.187500 
141349752677462 -120.356255 35.793751 36.656250 
141349772677462 -120.056252 35.250000 37.443752 
141349792677462 -119.718758 35.118752 37.856251 
141349812677462 -119.812508 35.006252 38.118752 
141349832677462 -119.793755 35.043751 38.287502 
141349852677462 -119.831253 35.156250 38.381252 
141349872677462 -119.775002 35.381252 38.475002 
141349892677462 -119.906258 35.587502 38.662502 
141349912677462 -119.737503 35.850002 38.793751 
141349932677462 -119.550003 36.018753 38.793751 
141349952677462 -119.512505 36.262501 38.981251 
141349972677462 -118.987503 36.356251 39.000000 
141349992677462 -118.650002 36.318752 39.356251 
141350012677462 -118.387505 35.981251 39.956253 
141350032677462 -118.200005 35.756252 40.218750 
141350052677462 -117.806252 35.362503 40.668751 
141350072677462 -117.525002 35.043751 41.118752 
141350092677462 -117.243752 34.762501 41.662502 
141350112677462 -116.981255 34.200001 42.037502 
141350132677462 -116.662506 33.637501 42.468750 
141350152677462 -116.137505 32.831253 43.125000 
141350172677462 -115.837502 32.212502 43.293751 
141350192677462 -115.575005 31.837502 43.875000 
141350212677462 -115.406258 31.218752 44.306252 
141350232677462 -115.125008 30.712502 44.662502 
141350252677462 -114.731255 30.018751 44.906250 
141350272677462 -114.131256 29.493752 45.093750 
141350292677462 -113.943756 29.025002 45.356251 
141350312677462 -113.793755 28.950001 45.075001 
141350332677462 -113.625008 28.950001 45.243752 
141350352677462 -113.456253 28.612501 45.243752 
141350372677462 -113.625008 28.612501 44.925003 
141350392677462 -113.812508 28.331251 44.812500 
141350412677462 -114.112503 28.293751 44.681252 
141350432677462 -114.693756 28.181252 44.737503 
141350452677462 -114.862503 28.125002 44.512501 
141350472677462 -115.106255 28.068750 44.400002 
141350492677462 -115.143753 27.843752 44.400002 
141350512677462 -115.237503 27.656252 44.193752 
141350532677462 -115.181252 27.300001 44.268753 
141350552677462 -115.331253 27.131250 44.287502 
141350572677462 -115.312508 26.981251 44.137501 
141350592677462 -115.068756 26.718752 44.100002 
141350612677462 -114.825005 26.550001 44.156250 
141350632677462 -114.656258 26.062502 44.400002 
141350652677462 -114.393753 25.875002 44.587502 
141350672677462 -114.150002 25.462502 44.850002 
141350692677462 -113.943756 25.125002 45.187500 
141350712677462 -113.700005 24.862501 45.300003 
141350732677462 -113.362503 24.543751 45.562500 
141350752677462 -113.343758 24.468752 45.768753 
141350772677462 -113.231255 24.243752 45.975002 
141350792677462 -113.175003 24.187502 46.012501 
141350812677462 -113.212502 23.868752 45.900002 
141350832677462 -113.287506 23.850000 45.825001 
141350852677462 -113.381256 23.812500 45.825001 
141350872677462 -113.475006 23.643751 45.712502 
141350892677462 -113.643753 23.643751 45.562500 
141350912677462 -113.550003 23.437500 45.300003 
141350932677462 -113.718758 23.325001 45.037502 
141350952677462 -113.868752 23.100000 45.000000 
141350972677462 -113.981255 23.062500 44.943752 
141350992677462 -114.037506 22.893751 44.925003 
141351012677462 -113.943756 22.762501 44.756252 
141351032677462 -114.075005 22.650002 44.737503 
141351052677462 -114.337502 22.312500 44.775002 
141351072677462 -114.318756 22.143751 44.831253 
141351092677462 -114.318756 21.900002 44.925003 
141351112677462 -114.337502 21.768751 44.793751 
141351132677462 -114.281258 21.431252 44.943752 
141351152677462 -114.112503 21.337502 45.037502 
141351172677462 -113.887505 21.131250 45.150002 
141351192677462 -113.381256 20.906250 45.075001 
141351212677462 -113.156258 20.643751 45.150002 
141351232677462 -113.156258 20.325001 45.318752 
141351252677462 -112.781258 20.156250 45.487503 
141351272677462 -112.443756 19.931252 45.712502 
141351292677462 -112.162506 19.912500 45.562500 
141351312677462 -112.106255 19.725000 45.562500 
141351332677462 -112.031258 19.837502 45.600002 
141351352677462 -112.031258 19.743752 45.843750 
141351372677462 -111.900002 20.025002 46.050003 
141351392677462 -111.693756 20.156250 45.900002 
141351412677462 -111.750008 20.118752 46.068752 
141351432677462 -111.862503 20.118752 46.181252 
141351452677462 -111.806252 20.025002 46.425003 
141351472677462 -111.637505 20.006250 46.387501 
141351492677462 -111.487503 19.706251 46.406250 
141351512677462 -111.281258 19.800001 46.387501 
141351532677462 -111.225006 19.612501 46.481251 
141351552677462 -111.131256 19.481251 46.706253 
141351572677462 -111.093758 19.275002 46.631252 
141351592677462 -110.700005 19.125000 46.612503 
141351612677462 -110.587502 18.862501 46.725002 
141351632677462 -110.531258 18.806252 46.856251 
141351652677462 -110.325005 18.806252 47.137501 
141351672677462 -110.268753 18.693750 47.400002 
141351692677462 -109.987503 18.525002 47.475002 
141351712677462 -109.556252 18.393751 47.550003 
141351732677462 -109.237503 18.356251 47.606251 
141351752677462 -109.087502 18.281250 47.662502 
141351772677462 -108.956253 18.468750 47.643753 
141351792677462 -108.487503 18.356251 47.943752 
141351812677462 -108.187508 18.281250 47.943752 
141351832677462 -107.981255 18.187500 47.943752 
141351852677462 -107.606255 18.187500 47.962502 
141351872677462 -107.456253 18.093750 48.243752 
141351892677462 -107.325005 18.037500 48.487503 
141351912677462 -107.100006 18.093750 48.825001 
141351932677462 -106.912506 17.887501 48.900002 
141351952677462 -106.743752 17.737501 48.937504 
141351972677462 -106.875008 17.493752 49.125004 
141351992677462 -106.500008 17.475000 49.481251 
141352012677462 -106.443756 17.343750 49.837502 
141352032677462 -106.200005 17.268751 49.818752 
141352052677462 -105.956253 17.100000 50.025002 
141352072677462 -105.543755 17.006250 49.818752 
141352092677462 -105.450005 16.950001 49.950001 
141352112677462 -105.375008 16.875000 50.025002 
141352132677462 -104.925003 16.912500 50.081253 
141352152677462 -105.018753 16.875000 49.781254 
141352172677462 -104.868752 16.800001 49.575001 
141352192677462 -105.150002 16.800001 49.800003 
141352212677462 -105.243752 16.912500 49.556252 
141352232677462 -105.468758 16.650002 49.575001 
141352252677462 -105.337502 16.556252 49.256252 
141352272677462 -105.225006 16.612501 49.256252 
141352292677462 -105.375008 16.593750 48.993752 
141352312677462 -105.356255 16.612501 48.862503 
141352332677462 -105.131256 16.593750 48.768753 
141352352677462 -105.056252 16.706251 48.543751 
141352372677462 -105.056252 16.837502 48.600002 
141352392677462 -104.962502 17.081251 48.562504 
141352412677462 -104.925003 17.100000 48.768753 
141352432677462 -105.168755 17.175001 48.412502 
141352452677462 -105.093758 17.118752 48.318752 
141352472677462 -105.262505 17.081251 48.112503 
141352492677462 -105.768753 16.837502 47.906250 
141352512677462 -106.031258 16.743752 47.568752 
141352532677462 -106.012505 16.500000 47.212502 
141352552677462 -106.368752 16.350000 47.043751 
141352572677462 -106.612503 16.331251 46.875000 
141352592677462 -106.687508 16.293751 46.668751 
141352612677462 -107.025002 16.331251 46.350002 
141352632677462 -107.062508 16.106251 46.387501 
141352652677462 -107.156258 16.125000 46.256252 
141352672677462 -107.137505 15.937501 46.162502 
141352692677462 -107.268753 15.975000 46.050003 
141352712677462 -107.100006 16.050001 45.918751 
141352732677462 -107.137505 16.275002 45.731251 
141352752677462 -107.437508 16.256250 45.543751 
141352772677462 -107.475006 16.256250 45.412502 
141352792677462 -107.643753 16.368752 45.225002 
141352812677462 -107.643753 16.612501 45.131252 
141352832677462 -107.512505 16.818750 44.962502 
141352852677462 -107.793755 16.912500 44.943752 
141352872677462 -107.887505 16.725000 44.943752 
141352892677462 -107.943756 16.312500 44.925003 
141352912677462 -107.775002 16.068750 44.906250 
141352932677462 -108.056252 15.918751 44.981251 
141352952677462 -108.056252 15.881250 44.737503 
141352972677462 -108.075005 15.768750 44.512501 
141352992677462 -108.243752 15.543751 44.400002 
141353012677462 -108.412506 15.562501 44.137501 
141353032677462 -108.768753 15.487500 43.706253 
141353052677462 -109.031258 15.506250 43.293751 
141353072677462 -109.181252 15.731251 43.068752 
141353092677462 -109.125008 15.806251 42.581253 
141353112677462 -109.293755 15.731251 42.356251 
141353132677462 -109.293755 15.825001 42.112503 
141353152677462 -109.706253 15.825001 41.775002 
141353172677462 -109.800003 15.862500 41.568752 
141353192677462 -110.025002 15.918751 41.156250 
141353212677462 -110.268753 16.106251 41.081253 
141353232677462 -110.718758 15.956250 40.893753 
141353252677462 -111.000008 15.862500 41.062500 
141353272677462 -111.206253 15.918751 40.781250 
141353292677462 -111.881256 15.881250 40.593750 
141353312677462 -111.900002 16.012501 40.631252 
141353332677462 -112.275002 15.918751 40.631252 
141353352677462 -112.387505 16.350000 40.818752 
141353372677462 -112.650002 16.443750 40.593750 
141353392677462 -112.818756 16.631250 40.481251 
141353412677462 -113.043755 16.931252 40.218750 
141353432677462 -113.306252 17.025002 40.331253 
141353452677462 -113.400002 17.287500 40.275002 
141353472677462 -113.568756 17.212502 40.237503 
141353492677462 -113.531258 17.100000 39.731251 
141353512677462 -113.700005 17.006250 39.600002 
141353532677462 -113.550003 16.987501 39.487503 
141353552677462 -113.550003 17.081251 39.206253 
141353572677462 -113.606255 16.950001 38.943752 
141353592677462 -113.793755 17.118752 38.775002 
141353612677462 -113.550003 17.006250 38.343750 
141353632677462 -113.456253 17.137501 38.043751 
141353652677462 -113.568756 17.362501 38.100002 
141353672677462 -113.850006 17.268751 37.781250 
141353692677462 -114.300003 17.362501 37.762501 
141353712677462 -114.412506 17.250000 37.687500 
141353732677462 -114.431252 17.512501 37.518753 
141353752677462 -114.450005 17.493752 37.181252 
141353772677462 -114.656258 17.437500 37.556252 
141353792677462 -114.993752 17.400002 37.462502 
141353812677462 -115.087502 17.400002 37.237503 
141353832677462 -114.993752 17.625000 37.181252 
141353852677462 -114.881256 17.475000 36.693752 
141353872677462 -114.993752 17.475000 36.450001 
141353892677462 -115.068756 17.400002 36.525002 
141353912677462 -115.162506 17.212502 36.187500 
141353932677462 -115.387505 17.268751 35.475002 
141353952677462 -115.650002 17.343750 35.025002 
141353972677462 -115.875008 17.493752 34.575001 
141353992677462 -116.156258 17.250000 33.900002 
141354012677462 -116.418755 17.400002 33.562500 
141354032677462 -116.775002 17.493752 33.187500 
141354052677462 -117.075005 17.493752 32.231251 
141354072677462 -117.525002 17.643751 31.706251 
141354092677462 -117.843758 17.812500 31.162500 
141354112677462 -117.843758 18.000000 30.487501 
141354132677462 -118.031258 18.112501 30.131250 
141354152677462 -118.368752 18.318750 29.831251 
141354172677462 -118.575005 18.450001 29.418751 
141354192677462 -118.818756 18.637501 28.800001 
141354212677462 -119.100006 18.993752 28.462502 
141354232677462 -119.231255 19.462502 28.162500 
141354252677462 -119.587502 19.593750 27.881250 
141354272677462 -119.887505 19.781250 27.618752 
141354292677462 -120.131256 20.193750 27.018751 
141354312677462 -120.468758 20.756250 26.512501 
141354332677462 -120.618752 21.000000 25.987501 
141354352677462 -120.993752 21.431252 25.462502 
141354372677462 -121.200005 21.675001 25.068750 
141354392677462 -121.425003 21.900002 24.675001 
141354412677462 -121.406258 22.350000 24.206251 
141354432677462 -121.650002 22.950001 23.643751 
141354452677462 -121.968758 23.081251 23.100000 
141354472677462 -122.231255 23.362501 22.575001 
141354492677462 -122.681252 23.906250 21.881250 
141354512677462 -122.756256 24.300001 21.431252 
141354532677462 -123.112503 24.675001 20.662500 
141354552677462 -123.675003 24.937502 19.781250 
141354572677462 -124.143753 25.237501 18.993752 
141354592677462 -124.725006 25.443750 18.281250 
141354612677462 -124.856255 25.818750 17.606251 
141354632677462 -124.987503 26.175001 16.950001 
141354652677462 -125.250008 26.700001 16.481251 
141354672677462 -125.568756 27.206251 16.031250 
141354692677462 -125.906258 27.862501 15.693750 
141354712677462 -125.887505 28.425001 15.506250 
141354732677462 -126.187508 29.250002 15.356251 
141354752677462 -126.262505 30.150002 15.093751 
141354772677462 -126.562508 31.012501 15.112500 
141354792677462 -126.787506 31.912500 15.187501 
141354812677462 -127.087502 32.850002 15.131250 
141354832677462 -127.293755 33.675003 14.925000 
141354852677462 -127.443756 34.406250 14.962501 
141354872677462 -127.556252 35.306252 14.887501 
141354892677462 -127.631256 36.037502 14.981251 
141354912677462 -127.725006 36.600002 14.906251 
141354932677462 -127.931252 37.425003 15.075001 
141354952677462 -127.931252 38.025002 15.037500 
141354972677462 -127.931252 38.625000 15.412500 
141354992677462 -128.100006 39.337502 15.506250 
141355012677462 -128.287506 39.956253 15.581250 
141355032677462 -128.268753 40.800003 15.937501 
141355052677462 -128.212509 41.437500 16.050001 
141355072677462 -128.268753 42.056252 16.368752 
141355092677462 -128.175003 42.487503 16.425001 
141355112677462 -128.250000 43.106251 16.593750 
141355132677462 -128.006256 43.368752 16.650002 
141355152677462 -127.912506 43.725002 17.062500 
141355172677462 -127.575005 44.231251 17.193750 
141355192677462 -127.481255 44.493752 16.856251 
141355212677462 -127.387505 44.793751 16.856251 
141355232677462 -127.443756 45.393753 16.893751 
141355252677462 -127.312508 45.843750 16.837502 
141355272677462 -127.331253 46.331253 16.950001 
141355292677462 -127.275002 46.912502 16.781250 
141355312677462 -127.050003 47.343750 16.818750 
141355332677462 -127.293755 47.718750 16.950001 
141355352677462 -127.368752 48.112503 17.400002 
141355372677462 -127.481255 48.431252 17.606251 
141355392677462 -127.162506 48.675003 17.906250 
141355412677462 -127.162506 48.862503 18.450001 
141355432677462 -126.918755 49.087502 18.731251 
141355452677462 -127.181252 49.293751 19.143751 
141355472677462 -126.937508 49.687504 19.425001 
141355492677462 -126.581253 49.893753 19.875000 
141355512677462 -126.412506 49.893753 20.043751 
141355532677462 -126.206253 50.212502 20.362501 
141355552677462 -126.225006 50.287502 20.531250 
141355572677462 -126.281258 50.587502 20.493752 
141355592677462 -126.150002 50.793751 20.512501 
141355612677462 -125.887505 51.037502 20.568750 
141355632677462 -125.943756 51.150002 20.662500 
141355652677462 -125.868752 51.337502 20.287500 
141355672677462 -125.868752 51.468754 20.193750 
141355692677462 -125.887505 51.693752 19.968750 
141355712677462 -125.662506 51.768753 19.875000 
141355732677462 -125.475006 51.731251 19.650002 
141355752677462 -125.287506 51.637501 19.575001 
141355772677462 -125.343758 51.543751 19.293751 
141355792677462 -125.306252 51.468754 18.975000 
141355812677462 -125.437508 51.412502 18.956251 
141355832677462 -125.512505 51.712502 19.050001 
141355852677462 -125.306252 51.843754 19.012501 
141355872677462 -125.531258 51.712502 18.937500 
141355892677462 -125.325005 51.975002 18.918751 
141355912677462 -125.550003 52.218754 18.731251 
141355932677462 -125.381256 52.218754 18.918751 
141355952677462 -125.437508 52.575001 18.993752 
141355972677462 -125.325005 52.837502 18.993752 
141355992677462 -124.987503 52.912502 18.993752 
141356012677462 -125.062508 52.950001 19.012501 
141356032677462 -124.800003 53.400002 19.200001 
141356052677462 -124.931252 53.475002 19.275002 
141356072677462 -124.612503 53.625004 19.500000 
141356092677462 -124.537506 53.981251 19.406250 
141356112677462 -124.443756 54.056252 19.237501 
141356132677462 -124.406258 54.168751 19.537500 
141356152677462 -124.425003 54.337502 19.556252 
141356172677462 -124.237503 54.431252 19.518751 
141356192677462 -124.050003 54.600002 19.256250 
141356212677462 -123.881256 55.012501 19.200001 
141356232677462 -123.975006 55.293751 19.068750 
141356252677462 -123.993752 55.593754 18.975000 
141356272677462 -123.768753 55.650002 19.087502 
141356292677462 -123.581253 55.987503 18.787500 
141356312677462 -123.693756 56.418751 18.637501 
141356332677462 -123.637505 56.700001 18.675001 
141356352677462 -123.693756 56.981251 18.675001 
141356372677462 -123.656258 57.243752 18.862501 
141356392677462 -123.468758 57.318752 18.806252 
141356412677462 -123.262505 57.731251 18.843750 
141356432677462 -123.243752 58.106251 19.031250 
141356452677462 -123.262505 58.500004 19.368752 
141356472677462 -123.037506 58.612503 19.631250 
141356492677462 -122.906258 59.250004 19.893751 
141356512677462 -122.568756 59.868752 20.418751 
141356532677462 -122.456253 60.337502 20.868752 
141356552677462 -122.250008 61.162502 21.431252 
141356572677462 -121.800003 61.762501 22.012501 
141356592677462 -121.350006 62.400002 22.443750 
141356612677462 -120.881256 62.943752 22.856251 
141356632677462 -120.318756 63.787502 23.137501 
141356652677462 -119.943756 64.162506 23.587502 
141356672677462 -119.925003 64.443756 23.775002 
141356692677462 -119.531258 64.800003 23.868752 
141356712677462 -119.325005 65.062500 24.337502 
141356732677462 -119.231255 65.156250 24.675001 
141356752677462 -119.250008 65.343750 25.275002 
141356772677462 -119.006256 65.343750 25.687502 
141356792677462 -118.875008 65.325005 26.362501 
141356812677462 -118.818756 65.512505 26.681252 
141356832677462 -118.518753 65.700005 27.412500 
141356852677462 -118.256256 65.943756 28.125002 
141356872677462 -118.012505 66.093750 28.650002 
141356892677462 -117.825005 66.525002 29.287500 
141356912677462 -117.375008 67.012505 29.643751 
141356932677462 -117.018753 67.875000 30.262501 
141356952677462 -116.625008 68.643753 30.731251 
141356972677462 -115.875008 69.337502 31.275002 
141356992677462 -115.293755 70.275002 31.350000 
141357012677462 -114.637505 70.912506 31.537500 
141357032677462 -114.037506 71.756256 31.518751 
141357052677462 -113.287506 72.543755 31.593752 
141357072677462 -112.687508 73.443756 31.556252 
141357092677462 -112.162506 74.062500 31.500002 
141357112677462 -111.581253 74.981255 31.443750 
141357132677462 -111.075005 75.712502 31.481251 
141357152677462 -110.550003 76.406250 31.725000 
141357172677462 -109.931252 77.325005 31.575001 
141357192677462 -109.293755 78.150002 31.368752 
141357212677462 -108.768753 79.087502 31.087502 
141357232677462 -108.262505 79.931252 30.918751 
141357252677462 -107.775002 81.056252 30.525002 
141357272677462 -107.325005 81.843750 29.981251 
141357292677462 -106.837502 82.762505 29.062502 
141357312677462 -106.500008 83.625000 27.806252 
141357332677462 -106.500008 84.487503 26.718752 
141357352677462 -106.462502 85.125000 25.612501 
141357372677462 -106.518753 85.593750 24.487501 
141357392677462 -106.818756 85.968750 22.800001 
141357412677462 -107.212502 85.912506 21.262501 
141357432677462 -107.868752 85.800003 19.687500 
141357452677462 -108.693756 85.650002 18.356251 
141357472677462 -109.518753 85.312500 17.193750 
141357492677462 -110.212502 84.862503 16.200001 
141357512677462 -110.906258 84.637505 15.281251 
141357532677462 -111.318756 84.243752 14.231251 
141357552677462 -111.581253 83.850006 13.762501 
141357572677462 -111.787506 83.681252 13.162500 
141357592677462 -111.806252 83.437500 12.712501 
141357612677462 -111.806252 83.193756 12.318750 
141357632677462 -111.300003 83.062500 12.262501 
141357652677462 -110.681252 83.193756 11.962501 
141357672677462 -110.081253 83.306252 11.681251 
141357692677462 -109.556252 83.606255 11.400001 
141357712677462 -108.825005 83.925003 11.043751 
141357732677462 -108.225006 84.318756 10.706250 
141357752677462 -107.531258 85.031250 10.143750 
141357772677462 -106.762505 85.743752 9.600000 
141357792677462 -106.406258 86.625000 8.512501 
141357812677462 -106.162506 87.262505 7.593750 
141357832677462 -105.918755 87.993752 6.787500 
141357852677462 -105.862503 88.687500 5.643750 
141357872677462 -105.900002 89.325005 4.481250 
141357892677462 -105.862503 89.625000 3.093750 
141357912677462 -105.675003 89.737503 1.837500 
141357932677462 -105.487503 89.887505 0.525000 
141357952677462 -105.037506 89.887505 -0.468750 
141357972677462 -104.587502 89.812500 -1.481250 
141357992677462 -104.118752 89.606255 -2.587500 
141358012677462 -103.293755 89.231255 -3.225000 
141358032677462 -102.731255 89.062500 -3.675000 
141358052677462 -102.018753 89.043755 -4.068750 
141358072677462 -101.475006 89.081253 -4.312500 
141358092677462 -100.743752 89.325005 -4.481250 
141358112677462 -100.293755 89.287506 -4.818750 
141358132677462 -100.106255 89.475006 -5.006250 
141358152677462 -99.600006 89.643753 -5.400000 
141358172677462 -99.618752 90.131256 -5.981250 
141358192677462 -99.525002 90.375000 -6.450000 
141358212677462 -99.543755 90.693756 -6.806250 
141358232677462 -99.431252 90.881256 -7.275000 
141358252677462 -99.581253 90.787506 -7.762500 
141358272677462 -99.693756 91.050003 -7.875000 
141358292677462 -99.656258 90.843750 -8.062500 
141358312677462 -100.106255 90.431252 -7.931250 
141358332677462 -100.406258 89.981255 -7.443750 
141358352677462 -100.650002 89.568756 -7.312500 
141358372677462 -100.837502 89.100006 -7.012500 
141358392677462 -101.193756 88.443756 -6.506250 
141358412677462 -101.718758 88.012505 -6.131250 
141358432677462 -102.225006 87.356255 -5.962500 
141358452677462 -102.712502 87.093750 -6.018750 
141358472677462 -103.125008 87.075005 -6.112500 
141358492677462 -103.818756 86.981255 -6.300000 
141358512677462 -104.737503 86.812500 -6.300000 
141358532677462 -106.031258 86.906250 -6.375000 
141358552677462 -107.456253 87.243752 -5.981250 
141358572677462 -108.712502 87.412506 -5.493750 
141358592677462 -110.137505 87.506256 -4.743750 
141358612677462 -111.543755 87.600006 -3.825000 
141358632677462 -112.743752 87.393753 -2.606250 
141358652677462 -113.718758 87.018753 -1.481250 
141358672677462 -114.337502 86.643753 -0.487500 
141358692677462 -114.525002 86.100006 0.562500 
141358712677462 -114.375008 85.762505 0.937500 
141358732677462 -114.300003 85.181252 1.668750 
141358752677462 -113.793755 84.693756 2.212500 
141358772677462 -113.231255 84.375000 2.625000 
141358792677462 -112.631256 84.206253 2.831250 
141358812677462 -112.050003 84.150002 3.018750 
141358832677462 -111.581253 84.468750 3.581250 
141358852677462 -111.075005 84.562500 4.143750 
141358872677462 -110.812508 84.375000 5.006250 
141358892677462 -110.493752 84.693756 5.681250 
141358912677462 -110.437508 85.087502 6.150000 
141358932677462 -110.193756 85.218750 6.975000 
141358952677462 -110.100006 85.556252 7.893750 
141358972677462 -109.856255 85.968750 8.981251 
141358992677462 -109.518753 86.043755 9.750000 
141359012677462 -109.275002 86.362503 10.537500 
141359032677462 -108.675003 86.681252 11.400001 
141359052677462 -108.112503 86.925003 12.225000 
141359072677462 -107.456253 87.056252 13.387501 
141359092677462 -107.081253 87.187500 14.100000 
141359112677462 -106.443756 87.412506 14.812501 
141359132677462 -105.656258 87.300003 15.637501 
141359152677462 -104.793755 87.225006 16.575001 
141359172677462 -104.156258 87.112503 17.118752 
141359192677462 -103.593758 87.018753 17.381250 
141359212677462 -103.218758 86.925003 17.775002 
141359232677462 -102.562508 86.850006 18.150002 
141359252677462 -101.812508 86.850006 18.787500 
141359272677462 -101.287506 86.681252 19.537500 
141359292677462 -100.725006 86.700005 20.250000 
141359312677462 -100.481255 86.850006 20.681252 
141359332677462 -99.806252 86.887505 21.581251 
141359352677462 -99.318756 86.756256 22.762501 
141359372677462 -98.493752 86.737503 23.625000 
141359392677462 -97.800003 86.700005 24.506250 
141359412677462 -97.256256 86.700005 25.481251 
141359432677462 -96.637505 86.793755 26.287500 
141359452677462 -96.262505 86.850006 26.962502 
141359472677462 -95.831253 86.943756 28.031252 
141359492677462 -95.587502 86.906250 29.043751 
141359512677462 -95.118752 87.187500 29.925001 
141359532677462 -94.837502 87.168755 30.862501 
141359552677462 -94.725006 87.168755 31.837502 
141359572677462 -94.593750 87.131256 32.268753 
141359592677462 -94.368752 86.793755 32.512501 
141359612677462 -94.143753 86.681252 32.418751 
141359632677462 -93.712502 86.437500 32.062500 
141359652677462 -93.675003 86.418755 31.593752 
141359672677462 -93.693756 86.231255 30.768751 
141359692677462 -93.637505 85.818756 29.625002 
141359712677462 -93.750000 85.575005 28.350000 
141359732677462 -93.431252 84.993752 27.150002 
141359752677462 -93.468750 84.656250 25.931252 
141359772677462 -93.356255 84.225006 24.787500 
141359792677462 -93.093750 83.737503 23.381250 
141359812677462 -92.625000 83.400002 21.787500 
141359832677462 -92.381256 82.875000 20.700001 
141359852677462 -92.175003 82.950005 19.725000 
141359872677462 -91.612503 82.725006 18.675001 
141359892677462 -91.462502 82.781250 17.906250 
141359912677462 -91.106255 82.968750 16.987501 
141359932677462 -90.806252 82.856255 16.350000 
141359952677462 -90.656250 83.100006 15.675000 
141359972677462 -90.468750 82.912506 15.131250 
141359992677462 -90.243752 83.081253 14.306251 
141360012677462 -89.981255 82.837502 13.668751 
141360032677462 -89.531250 82.668755 12.900001 
141360052677462 -89.343750 82.687500 11.925000 
141360072677462 -88.875000 82.537506 11.137501 
141360092677462 -88.331253 82.631256 10.200001 
141360112677462 -87.806252 82.481255 9.412500 
141360132677462 -87.262505 82.593750 8.700001 
141360152677462 -86.250000 82.725006 7.781250 
141360172677462 -85.537506 82.837502 7.050000 
141360192677462 -84.937500 83.212502 6.318750 
141360212677462 -84.018753 83.231255 5.812500 
141360232677462 -83.381256 83.325005 5.250000 
141360252677462 -82.687500 83.606255 4.912500 
141360272677462 -81.993752 83.887505 4.706250 
141360292677462 -80.981255 83.962502 4.406250 
141360312677462 -80.306252 83.887505 4.425000 
141360332677462 -79.443756 84.018753 4.181250 
141360352677462 -78.656250 84.093750 4.143750 
141360372677462 -77.775002 84.262505 4.012500 
141360392677462 -76.931252 84.375000 4.256250 
141360412677462 -76.162506 84.281250 4.143750 
141360432677462 -75.300003 84.300003 4.050000 
141360452677462 -74.643753 84.281250 4.125000 
141360472677462 -74.100006 84.206253 4.181250 
141360492677462 -73.406250 84.281250 4.387500 
141360512677462 -72.806252 84.206253 4.481250 
141360532677462 -72.075005 84.431252 4.706250 
141360552677462 -71.325005 84.356255 4.631250 
141360572677462 -70.725006 84.450005 4.968750 
141360592677462 -70.181252 84.300003 5.287500 
141360612677462 -69.618752 84.375000 5.756250 
141360632677462 -68.906250 84.506256 5.850000 
141360652677462 -68.043755 84.318756 6.018750 
141360672677462 -67.350006 84.468750 6.150000 
141360692677462 -66.675003 84.150002 6.056250 
141360712677462 -66.131256 84.093750 5.925000 
141360732677462 -65.418755 83.831253 5.718750 
141360752677462 -64.856255 83.812500 5.512500 
141360772677462 -64.256256 83.868752 5.268750 
141360792677462 -63.600002 83.812500 5.362500 
141360812677462 -63.431252 83.850006 5.531250 
141360832677462 -63.093754 83.831253 6.131250 
141360852677462 -63.206253 83.925003 6.806250 
141360872677462 -63.243752 84.337502 7.968750 
141360892677462 -63.356251 84.693756 9.450001 
141360912677462 -63.525002 85.181252 10.968750 
141360932677462 -63.993752 85.481255 12.862500 
141360952677462 -64.931252 85.912506 14.981251 
141360972677462 -65.475006 86.212502 17.250000 
141360992677462 -66.393753 86.381256 19.481251 
141361012677462 -67.293755 86.568756 21.956251 
141361032677462 -68.512505 86.325005 24.356251 
141361052677462 -70.125000 86.156250 26.662500 
141361072677462 -71.625000 85.875000 28.968752 
141361092677462 -73.275002 85.312500 31.106251 
141361112677462 -74.625000 84.731255 33.187500 
141361132677462 -76.331253 84.206253 35.137501 
141361152677462 -77.718750 83.306252 36.900002 
141361172677462 -79.087502 82.631256 38.550003 
141361192677462 -79.875000 82.087502 39.993752 
141361212677462 -80.718750 81.281250 41.175003 
141361232677462 -81.393753 80.606255 42.450001 
141361252677462 -81.843750 80.006256 43.331253 
141361272677462 -82.237503 79.425003 43.856251 
141361292677462 -82.537506 78.956253 44.212502 
141361312677462 -82.575005 78.750000 44.568752 
141361332677462 -82.425003 78.375000 44.906250 
141361352677462 -82.425003 78.056252 45.337502 
141361372677462 -82.012505 78.093750 45.375000 
141361392677462 -81.900002 77.887505 45.225002 
141361412677462 -81.693756 77.850006 44.943752 
141361432677462 -81.750000 78.075005 44.812500 
141361452677462 -81.525002 78.168755 44.681252 
141361472677462 -81.618752 78.300003 44.400002 
141361492677462 -81.731255 78.468750 43.837502 
141361512677462 -81.750000 78.600006 43.106251 
141361532677462 -81.862503 78.750000 42.581253 
141361552677462 -81.637505 79.050003 42.225002 
141361572677462 -81.506256 79.556252 42.168751 
141361592677462 -80.943756 79.575005 41.925003 
141361612677462 -80.568756 79.725006 41.812500 
141361632677462 -80.081253 79.781250 41.793751 
141361652677462 -79.218750 79.950005 42.037502 
141361672677462 -78.637505 80.062500 42.206253 
141361692677462 -77.737503 80.043755 42.450001 
141361712677462 -76.856255 80.006256 42.393753 
141361732677462 -75.712502 79.837502 42.375000 
141361752677462 -74.475006 79.800003 42.525002 
141361772677462 -73.106255 79.593750 42.431252 
141361792677462 -71.681252 79.668755 42.243752 
141361812677462 -70.406250 79.687500 41.887501 
141361832677462 -68.793755 79.650002 41.456253 
141361852677462 -67.162506 79.443756 41.137501 
141361872677462 -65.568756 79.406250 40.687500 
141361892677462 -63.843754 79.218750 39.975002 
141361912677462 -62.100002 79.106255 39.356251 
141361932677462 -60.543751 79.350006 38.475002 
141361952677462 -58.950001 79.218750 37.575001 
141361972677462 -57.000004 79.087502 36.581253 
141361992677462 -55.443752 78.918755 35.662502 
141362012677462 -53.831253 78.712502 34.725002 
141362032677462 -52.331253 78.581253 33.993752 
141362052677462 -50.643753 78.337502 33.093750 
141362072677462 -49.200001 77.831253 31.781252 
141362092677462 -47.587502 77.193756 30.581251 
141362112677462 -45.993752 76.706253 29.081251 
141362132677462 -44.643753 75.918755 27.487501 
141362152677462 -43.162502 75.168755 26.250002 
141362172677462 -41.906250 74.306252 25.012501 
141362192677462 -40.350002 73.050003 23.737501 
141362212677462 -39.450001 72.356255 22.612501 
141362232677462 -38.512501 71.793755 21.768751 
141362252677462 -37.725002 71.043755 21.131250 
141362272677462 -37.256252 70.293755 20.606251 
141362292677462 -36.993752 69.900002 20.306252 
141362312677462 -36.487503 69.581253 19.518751 
141362332677462 -36.375000 69.712502 18.525002 
141362352677462 -36.675003 69.900002 17.606251 
141362372677462 -36.712502 69.806252 16.968750 
141362392677462 -36.937500 70.012505 16.462502 
141362412677462 -37.125000 70.368752 15.975000 
141362432677462 -37.368752 70.800003 15.787500 
141362452677462 -37.631252 71.231255 15.825001 
141362472677462 -38.418751 71.587502 15.993751 
141362492677462 -39.112503 72.243752 16.125000 
141362512677462 -40.031250 72.993752 16.312500 
141362532677462 -41.287502 74.231255 16.368752 
141362552677462 -42.956253 75.206253 15.937501 
141362572677462 -44.943752 76.368752 15.337501 
141362592677462 -47.212502 77.400002 14.343751 
141362612677462 -49.818752 78.431252 13.237500 
141362632677462 -52.125004 79.462502 12.206250 
141362652677462 -54.318752 80.193756 11.231251 
141362672677462 -56.287502 81.000000 10.312500 
141362692677386 -58.331253 81.431252 9.243751 
141362712677386 -59.887501 81.468750 8.212501 
141362732677386 -61.125004 81.375000 7.312500 
141362752677386 -61.837502 81.543755 6.825000 
141362772677386 -62.437504 81.675003 6.262500 
141362792677386 -63.150002 81.843750 6.243750 
141362812677386 -63.618752 82.087502 6.337500 
141362832677386 -63.806252 82.237503 6.431250 
141362852677386 -63.787502 82.200005 6.750000 
141362872677386 -63.843754 82.593750 7.125000 
141362892677386 -63.787502 82.818756 7.612500 
141362912677386 -63.900002 82.668755 7.875000 
141362932677386 -63.543751 82.668755 8.118751 
141362952677386 -63.018753 82.612503 7.837500 
141362972677386 -62.606251 82.143753 7.275000 
141362992677386 -62.306252 81.731255 6.806250 
141363012677386 -61.518753 81.412506 6.093750 
141363032677386 -60.656254 81.000000 5.493750 
141363052677386 -59.943752 80.643753 5.156250 
141363072677386 -59.231251 80.325005 4.968750 
141363092677386 -58.837502 79.893753 4.368750 
141363112677386 -58.556252 79.650002 3.787500 
141363132677386 -58.293751 79.593750 3.225000 
141363152677386 -58.200001 79.143753 2.625000 
141363172677386 -58.706253 78.956253 1.968750 
141363192677386 -59.400002 78.787506 1.500000 
141363212677386 -60.018753 78.543755 0.768750 
141363232677386 -60.562504 78.450005 0.131250 
141363252677386 -61.143753 78.543755 0.112500 
141363272677386 -61.575001 78.506256 0.093750 
141363292677386 -62.325001 78.712502 0.637500 
141363312677386 -63.075001 79.293755 1.425000 
141363332677386 -63.750004 79.725006 2.643750 
141363352677386 -63.937504 80.025002 3.843750 
141363372677386 -64.312500 80.643753 5.118750 
141363392677386 -65.043755 81.356255 6.581250 
141363412677386 -65.756256 81.806252 7.950000 
141363432677386 -66.768753 82.387505 9.412500 
141363452677386 -67.650002 82.706253 10.593750 
141363472677386 -68.437500 83.025002 11.756250 
141363492677386 -69.187500 83.268753 12.600000 
141363512677386 -70.256256 83.756256 13.518750 
141363532677386 -71.418755 83.737503 14.681251 
141363552677386 -72.150002 83.718750 15.412500 
141363572677386 -73.125000 83.793755 15.731251 
141363592677386 -73.631256 83.437500 16.106251 
141363612677386 -74.231255 83.418755 16.256250 
141363632677386 -74.775002 83.118752 15.937501 
141363652677386 -75.618752 82.912506 15.731251 
141363672677386 -76.368752 82.706253 15.093751 
141363692677386 -77.081253 82.706253 14.268750 
141363712677386 -77.550003 82.406250 13.518750 
141363732677386 -78.037506 81.956253 12.993751 
141363752677386 -78.825005 81.806252 12.150001 
141363772677386 -79.050003 81.281250 11.325001 
141363792677386 -79.950005 80.812500 10.443750 
141363812677386 -80.550003 80.362503 9.768750 
141363832677386 -81.243752 79.687500 9.506250 
141363852677386 -81.581253 79.275002 9.000000 
141363872677386 -81.768753 78.862503 8.512501 
141363892677386 -81.656250 78.618752 7.987500 
141363912677386 -81.281250 78.487503 7.706250 
141363932677386 -81.187500 78.412506 7.350000 
141363952677386 -80.456253 78.281250 7.350000 
141363972677386 -79.256256 78.075005 6.731250 
141363992677386 -77.906250 78.037506 5.887500 
141364012677386 -76.725006 77.850006 5.137500 
141364032677386 -75.581253 77.831253 4.293750 
141364052677386 -74.381256 77.700005 3.806250 
141364072677386 -73.462502 77.343750 3.131250 
141364092677386 -72.525002 77.250000 2.718750 
141364112677386 -71.418755 77.362503 2.212500 
141364132677386 -70.518753 77.418755 1.968750 
141364152677386 -69.731255 77.493752 2.081250 
141364172677386 -68.887505 77.587502 2.437500 
141364192677386 -68.268753 77.681252 2.775000 
141364212677386 -67.687500 77.943756 3.000000 
141364232677386 -67.125000 78.150002 3.112500 
141364252677386 -66.431252 78.262505 3.487500 
141364272677386 -66.093750 78.375000 3.693750 
141364292677386 -65.831253 78.412506 3.900000 
141364312677386 -65.325005 78.375000 3.843750 
141364332677386 -65.212502 78.393753 3.431250 
141364352677386 -65.043755 78.337502 3.431250 
141364372677386 -64.818756 78.187500 3.393750 
141364392677386 -64.762505 78.093750 3.543750 
141364412677386 -64.856255 78.000000 3.600000 
141364432677386 -64.912506 78.018753 3.862500 
141364452677386 -65.306252 78.300003 4.612500 
141364472677386 -66.093750 78.525002 5.775000 
141364492677386 -66.750000 78.731255 7.312500 
141364512677386 -67.612503 79.068756 8.887501 
141364532677386 -68.343750 79.237503 10.481251 
141364552677386 -68.775002 79.518753 12.412500 
141364572677386 -69.506256 79.893753 14.531251 
141364592677386 -70.031250 80.025002 16.762501 
141364612677386 -70.293755 79.968750 18.675001 
141364632677386 -70.275002 79.875000 20.400002 
141364652677386 -69.843750 79.687500 21.975000 
141364672677386 -69.600006 79.500000 23.418751 
141364692677386 -69.581253 79.556252 24.975000 
141364712677386 -69.375000 79.350006 25.987501 
141364732677386 -68.793755 79.050003 26.831251 
141364752677386 -68.400002 78.862503 27.506250 
141364772677386 -67.743752 78.525002 28.050001 
141364792677386 -66.881256 78.450005 28.387501 
141364812677386 -66.468750 78.431252 28.443750 
141364832677386 -65.456253 78.412506 28.256250 
141364852677386 -64.575005 78.375000 28.068750 
141364872677386 -63.956253 78.656250 28.275002 
141364892677386 -63.637501 78.693756 28.500002 
141364912677386 -63.506252 78.768753 28.425001 
141364932677386 -63.806252 78.993752 28.425001 
141364952677386 -64.331253 79.350006 28.275002 
141364972677386 -64.443756 79.556252 28.368752 
141364992677386 -65.006256 79.500000 28.706251 
141365012677386 -65.306252 79.500000 28.837502 
141365032677386 -65.662506 79.350006 28.800001 
141365052677386 -65.456253 79.575005 28.837502 
141365072677386 -65.025002 79.631256 29.043751 
141365092677386 -64.537506 79.443756 29.156252 
141365112677386 -64.106255 79.200005 29.343752 
141365132677386 -63.975002 79.312500 29.100000 
141365152677386 -63.918751 79.687500 28.687502 
141365172677386 -64.181252 79.875000 28.706251 
141365192677386 -64.425003 80.043755 28.725000 
141365212677386 -65.025002 80.231255 28.275002 
141365232677386 -65.812500 80.550003 28.162500 
141365252677386 -66.375000 81.037506 27.956251 
141365272677386 -66.862503 81.225006 27.937502 
141365292677386 -67.312500 81.393753 28.218752 
141365312677386 -67.650002 81.450005 28.443750 
141365332677386 -67.800003 81.656250 28.425001 
141365352677386 -67.875000 81.731255 28.312502 
141365372677386 -67.725006 81.881256 28.312502 
141365392677386 -67.537506 81.881256 28.218752 
141365412677386 -67.650002 81.768753 28.462502 
141365432677386 -67.781250 81.956253 28.800001 
141365452677386 -68.212502 81.900002 29.306252 
141365472677386 -68.568756 81.731255 30.168751 
141365492677386 -68.962502 81.506256 31.106251 
141365512677386 -69.600006 81.281250 32.643753 
141365532677386 -70.312500 80.475006 34.481251 
141365552677386 -70.968750 79.687500 36.468750 
141365572677386 -71.175003 79.031250 38.606251 
141365592677386 -71.606255 77.718750 40.818752 
141365612677386 -72.056252 76.200005 43.143753 
141365632677386 -72.487503 74.925003 45.375000 
141365652677386 -72.918755 73.237503 47.625000 
141365672677386 -73.012505 71.531250 49.275002 
141365692677386 -73.312500 70.181252 50.887501 
141365712677386 -73.256256 68.681252 52.200001 
141365732677386 -73.518753 67.256256 53.306252 
141365752677386 -73.275002 66.337502 54.168751 
141365772677386 -72.900002 65.550003 54.787502 
141365792677386 -72.675003 64.837502 55.256252 
141365812677386 -72.262505 64.556252 55.500004 
141365832677386 -71.962502 64.631256 55.593754 
141365852677386 -71.625000 65.043755 55.331253 
141365872677386 -71.681252 65.643753 54.900002 
141365892677386 -71.775002 66.431252 54.543751 
141365912677386 -72.412506 67.012505 54.318752 
141365932677386 -73.350006 67.837502 54.000004 
141365952677386 -73.987503 68.456253 53.643753 
141365972677386 -74.962502 69.112503 53.175003 
141365992677386 -76.331253 69.543755 52.743752 
141366012677386 -77.737503 69.881256 52.406254 
141366032677386 -78.693756 70.050003 52.331253 
141366052677386 -79.612503 70.031250 52.050003 
141366072677386 -80.156250 70.125000 51.750004 
141366092677386 -80.587502 70.256256 51.450001 
141366112677386 -81.075005 70.800003 51.000004 
141366132677386 -81.525002 71.400002 50.343754 
141366152677386 -81.525002 72.187500 49.856251 
141366172677386 -81.487503 72.843750 49.443752 
141366192677386 -81.731255 73.518753 48.562504 
141366212677386 -81.937500 74.343750 47.793751 
141366232677386 -82.425003 75.056252 46.800003 
141366252677386 -82.612503 75.787506 45.956253 
141366272677386 -82.762505 76.143753 45.187500 
141366292677386 -82.800003 76.631256 44.606251 
141366312677386 -83.137505 76.818756 44.062500 
141366332677386 -83.381256 77.118752 43.443752 
141366352677386 -83.550003 77.475006 42.937500 
141366372677386 -83.812500 77.793755 42.525002 
141366392677386 -84.206253 78.243752 42.356251 
141366412677386 -84.393753 78.506256 42.000000 
141366432677386 -84.656250 78.843750 41.756252 
141366452677386 -84.862503 78.956253 41.662502 
141366472677386 -84.937500 79.012505 41.587502 
141366492677386 -85.218750 78.937500 41.681252 
141366512677386 -85.275002 78.450005 42.281250 
141366532677386 -85.406250 78.000000 43.050003 
141366552677386 -85.312500 77.137505 44.156250 
141366572677386 -85.368752 76.012505 45.393753 
141366592677386 -85.275002 74.343750 47.175003 
141366612677386 -85.500000 72.468750 49.106251 
141366632677386 -85.518753 70.350006 50.943752 
141366652677386 -85.650002 67.950005 52.818752 
141366672677386 -85.856255 65.737503 54.618752 
141366692677386 -86.175003 63.262501 56.175003 
141366712677386 -86.381256 60.993752 57.187504 
141366732677386 -86.437500 58.893753 58.425003 
141366752677386 -86.643753 57.206253 59.025002 
141366772677386 -86.493752 55.762501 59.662502 
141366792677386 -86.043755 54.693752 60.281254 
141366812677386 -85.425003 53.981251 60.862503 
141366832677386 -84.656250 53.587502 61.087502 
141366852677386 -83.887505 53.606251 61.331253 
141366872677386 -83.175003 53.925003 61.350002 
141366892677386 -82.481255 55.256252 61.181252 
141366912677386 -81.731255 56.718754 60.881252 
141366932677386 -80.850006 57.918751 60.468754 
141366952677386 -80.512505 59.231251 60.206253 
141366972677386 -80.025002 60.318752 59.906254 
141366992677386 -80.081253 61.143753 59.587502 
141367012677386 -80.175003 62.137501 59.212502 
141367032677386 -80.437500 63.075001 58.968754 
141367052677386 -80.981255 63.206253 58.706253 
141367072677386 -81.675003 63.393753 58.443752 
141367092677386 -82.593750 63.806252 58.068752 
141367112677386 -83.343750 64.031250 57.412502 
141367132677386 -83.887505 64.425003 56.906254 
141367152677386 -84.018753 65.250000 56.343754 
141367172677386 -83.981255 65.925003 55.781254 
141367192677386 -83.850006 66.450005 55.593754 
141367212677386 -83.493752 67.012505 55.143753 
141367232677386 -82.800003 67.425003 54.450001 
141367252677386 -82.368752 68.156250 53.887501 
141367272677386 -82.050003 69.206253 53.456253 
141367292677386 -81.937500 70.012505 52.781254 
141367312677386 -81.900002 70.725006 52.256252 
141367332677386 -81.862503 71.268753 51.581253 
141367352677386 -81.956253 72.093750 50.775002 
141367372677386 -82.050003 72.731255 49.931252 
141367392677386 -82.537506 73.593750 49.350002 
141367412677386 -82.743752 74.175003 48.787502 
141367432677386 -82.706253 74.681252 48.150002 
141367452677386 -83.025002 75.468750 47.287502 
141367472677386 -83.456253 76.218750 46.425003 
141367492677386 -83.756256 76.743752 45.806252 
141367512677386 -83.850006 76.931252 45.150002 
141367532677386 -84.300003 77.268753 44.868752 
141367552677386 -84.562500 77.418755 44.700001 
141367572677386 -84.937500 77.531250 44.268753 
141367592677386 -85.500000 77.212502 44.362503 
141367612677386 -85.837502 76.556252 44.606251 
141367632677386 -86.268753 75.693756 45.225002 
141367652677386 -86.793755 74.962502 46.162502 
141367672677386 -87.262505 73.950005 47.268753 
141367692677386 -87.356255 72.675003 48.543751 
141367712677386 -87.581253 70.931252 49.987503 
141367732677386 -87.768753 68.962502 51.881252 
141367752677386 -87.956253 66.937500 53.306252 
141367772677386 -88.162506 64.968750 54.937504 
141367792677386 -88.256256 62.868752 56.325001 
141367812677386 -88.387505 60.675003 57.337502 
141367832677386 -88.425003 58.762501 58.200001 
141367852677386 -88.537506 57.075001 58.800003 
141367872677386 -88.518753 55.481251 59.400002 
141367892677386 -88.293755 54.506252 59.925003 
141367912677386 -88.181252 53.850002 60.393753 
141367932677386 -87.787506 53.212502 60.712502 
141367952677386 -87.356255 53.100002 60.862503 
141367972677386 -86.793755 53.437504 60.806252 
141367992677386 -86.400002 54.112503 60.581253 
141368012677386 -86.006256 55.087502 60.412502 
141368032677386 -85.706253 56.718754 60.093754 
141368052677386 -85.668755 57.693752 59.625004 
141368072677386 -85.481255 58.575001 59.437504 
141368092677386 -85.612503 59.512501 59.193752 
141368112677386 -86.043755 60.562504 58.875004 
141368132677386 -86.587502 61.387501 58.481251 
141368152677386 -87.243752 61.893753 58.143753 
141368172677386 -88.106255 62.381252 57.750004 
141368192677386 -89.025002 62.512501 56.981251 
141368212677386 -89.831253 62.962502 56.306252 
141368232677386 -90.675003 63.412502 55.593754 
141368252677386 -91.162506 64.143753 54.956253 
141368272677386 -91.162506 64.725006 54.506252 
141368292677386 -91.068756 64.950005 54.318752 
141368312677386 -91.050003 65.362503 54.206253 
141368332677386 -90.825005 65.700005 53.643753 
141368352677386 -90.562500 66.393753 53.343754 
141368372677386 -90.450005 67.275002 52.781254 
141368392677386 -90.243752 68.306252 52.237503 
141368412677386 -90.225006 69.075005 51.506252 
141368432677386 -90.693756 69.637505 50.812504 
141368452677386 -91.068756 70.687500 49.968754 
141368472677386 -91.200005 71.737503 48.900002 
141368492677386 -91.256256 72.600006 48.262501 
141368512677386 -91.050003 73.312500 47.625000 
141368532677386 -90.937500 73.931252 46.950001 
141368552677386 -90.806252 74.531250 46.068752 
141368572677386 -90.581253 75.243752 45.318752 
141368592677386 -90.281250 75.881256 44.418751 
141368612677386 -90.393753 76.275002 43.837502 
141368632677386 -90.487503 76.500000 43.425003 
141368652677386 -90.712502 76.668755 43.068752 
141368672677386 -91.143753 76.612503 43.012501 
141368692677386 -91.575005 76.087502 43.687500 
141368712677386 -92.212502 75.075005 44.887501 
141368732677386 -92.681252 73.668755 46.162502 
141368752677386 -93.037506 72.150002 47.756252 
141368772677386 -93.243752 70.068756 49.293751 
141368792677386 -93.656250 68.100006 50.775002 
141368812677386 -94.331253 65.737503 52.500004 
141368832677386 -95.043755 63.281254 54.037502 
141368852677386 -95.550003 60.843754 54.993752 
141368872677386 -96.018753 58.837502 55.443752 
141368892677386 -96.862503 56.887501 55.818752 
141368912677386 -97.537506 55.050003 56.118752 
141368932677386 -97.875008 53.868752 56.418751 
141368952677386 -98.306252 52.556252 56.606251 
141368972677386 -98.137505 51.750004 56.812504 
141368992677386 -98.043755 51.018753 57.168751 
141369012677386 -97.687508 51.000004 57.506252 
141369032677386 -97.387505 51.225002 57.750004 
141369052677386 -97.143753 51.900002 57.975002 
141369072677386 -96.768753 52.837502 57.731251 
141369092677386 -96.618752 53.962502 57.600002 
141369112677386 -96.318756 55.068752 57.656254 
141369132677386 -96.712502 56.062504 57.431252 
141369152677386 -97.068756 56.981251 57.000004 
141369172677386 -97.912506 57.693752 56.456253 
141369192677386 -98.887505 58.050003 55.743752 
141369212677386 -99.656258 58.218754 55.087502 
141369232677386 -100.762505 58.162502 54.506252 
141369252677386 -102.056252 57.937504 53.718754 
141369272677386 -103.031258 57.975002 53.118752 
141369292677386 -103.650002 58.012501 52.368752 
141369312677386 -104.287506 58.368752 51.506252 
141369332677386 -104.625008 58.631252 50.868752 
141369352677386 -105.056252 59.325001 49.893753 
141369372677386 -105.581253 59.981251 48.581253 
141369392677386 -106.031258 60.956253 47.362503 
141369412677386 -106.593758 61.818752 46.031250 
141369432677386 -107.156258 62.531254 44.025002 
141369452677386 -108.018753 63.468754 42.281250 
141369472677386 -108.618752 64.068756 40.612503 
141369492677386 -109.312508 64.743752 38.550003 
141369512677386 -109.893753 65.062500 36.993752 
141369532677386 -110.512505 65.643753 35.643753 
141369552677386 -110.943756 65.850006 34.050003 
141369572677386 -111.187508 66.168755 32.418751 
141369592677386 -111.431252 66.506256 31.275002 
141369612677386 -111.450005 66.637505 29.906252 
141369632677386 -111.768753 66.975006 28.556252 
141369652677386 -111.881256 67.181252 27.431252 
141369672677386 -112.106255 67.293755 26.343752 
141369692677386 -112.200005 67.181252 25.462502 
141369712677386 -112.368752 66.918755 25.068750 
141369732677386 -112.443756 66.562500 24.900002 
141369752677386 -112.875008 66.018753 25.481251 
141369772677386 -113.362503 65.137505 26.306252 
141369792677386 -113.587502 64.125000 27.468752 
141369812677386 -114.168755 62.943752 28.818750 
141369832677386 -114.618752 61.350002 29.775002 
141369852677386 -115.050003 59.756252 30.656252 
141369872677386 -115.650002 58.443752 31.425001 
141369892677386 -116.325005 57.075001 32.100002 
141369912677386 -116.700005 55.856251 31.875002 
141369932677386 -116.887505 54.937504 31.162500 
141369952677386 -117.412506 53.850002 30.187502 
141369972677386 -117.600006 52.875004 29.081251 
141369992677386 -117.712502 52.293751 28.312502 
141370012677386 -117.825005 51.806252 27.806252 
141370032677386 -117.787506 51.337502 27.431252 
141370052677386 -117.750008 51.075001 26.962502 
141370072677386 -117.918755 50.943752 26.512501 
141370092677386 -118.050003 50.962502 26.400002 
141370112677386 -118.106255 51.675003 26.306252 
141370132677386 -118.068756 52.556252 25.987501 
141370152677386 -117.900002 53.531254 25.668751 
141370172677386 -117.881256 54.468754 24.956251 
141370192677386 -117.993752 55.031254 23.756250 
141370212677386 -117.618752 55.631252 22.762501 
141370232677386 -117.431252 56.006252 22.050001 
141370252677386 -117.468758 55.987503 20.981251 
141370272677386 -117.525002 55.818752 19.743752 
141370292677386 -117.675003 55.575001 18.693750 
141370312677386 -117.918755 55.293751 17.193750 
141370332677386 -117.993752 54.900002 15.900001 
141370352677386 -117.768753 54.806252 14.887501 
141370372677386 -117.993752 54.806252 14.006250 
141370392677386 -117.975006 55.050003 13.031251 
141370412677386 -117.656258 55.931252 12.075001 
141370432677386 -117.187508 56.550003 11.193750 
141370452677386 -116.700005 57.150002 9.956250 
141370472677386 -115.837502 57.581253 8.475000 
141370492677386 -114.750008 57.993752 6.431250 
141370512677386 -113.831253 58.687504 4.500000 
141370532677386 -112.912506 59.062504 2.381250 
141370552677386 -112.218758 59.306252 0.262500 
141370572677386 -111.543755 59.250004 -1.800000 
141370592677386 -110.643753 59.062504 -3.750000 
141370612677386 -109.818756 58.800003 -5.456250 
141370632677386 -109.181252 58.931252 -6.375000 
141370652677386 -108.787506 59.043751 -6.693750 
141370672677386 -108.243752 59.081253 -7.256250 
141370692677386 -107.812508 59.193752 -7.875000 
141370712677386 -106.987503 59.212502 -8.381250 
141370732677386 -106.256256 59.325001 -8.793751 
141370752677386 -105.768753 59.625004 -9.168751 
141370772677386 -105.637505 60.093754 -9.056251 
141370792677386 -105.750008 60.337502 -8.775001 
141370812677386 -106.087502 60.806252 -8.268750 
141370832677386 -106.612503 61.293751 -7.275000 
141370852677386 -106.931252 61.856251 -5.831250 
141370872677386 -107.700005 62.437504 -4.593750 
141370892677386 -108.187508 62.718754 -3.318750 
141370912677386 -108.712502 63.412502 -1.893750 
141370932677386 -108.956253 63.993752 -0.693750 
141370952677386 -108.900002 64.518753 0.525000 
141370972677386 -108.918755 64.800003 1.518750 
141370992677386 -109.293755 64.762505 2.325000 
141371012677386 -109.500008 64.443756 2.737500 
141371032677386 -109.593758 64.275002 3.675000 
141371052677386 -109.987503 64.162506 4.500000 
141371072677386 -110.531258 63.675003 5.437500 
141371092677386 -111.018753 63.206253 6.150000 
141371112677386 -111.731255 62.850002 6.712500 
141371132677386 -111.881256 62.587502 7.350000 
141371152677386 -111.712502 62.775002 7.687500 
141371172677386 -111.543755 63.300003 7.875000 
141371192677386 -111.075005 63.956253 7.406250 
141371212677386 -110.625008 64.875000 6.956250 
141371232677386 -109.781258 65.756256 6.281250 
141371252677386 -108.956253 66.450005 5.925000 
141371272677386 -107.906258 67.143753 5.156250 
141371292677386 -107.175003 67.575005 3.956250 
141371312677386 -106.350006 67.743752 2.475000 
141371332677386 -105.562508 67.668755 1.087500 
141371352677386 -104.700005 67.406250 -0.225000 
141371372677386 -103.743752 67.125000 -1.425000 
141371392677386 -102.975006 66.712502 -2.625000 
141371412677386 -102.300003 66.600006 -3.862500 
141371432677386 -101.512505 66.637505 -4.668750 
141371452677386 -100.987503 66.993752 -5.381250 
141371472677386 -100.275002 67.481255 -5.643750 
141371492677386 -99.581253 67.818756 -5.981250 
141371512677386 -98.981255 67.987503 -6.150000 
141371532677386 -98.512505 67.931252 -6.731250 
141371552677386 -97.668755 67.856255 -7.556250 
141371572677386 -96.900002 67.518753 -8.475000 
141371592677386 -96.431252 67.218750 -9.431251 
141371612677386 -95.587502 66.712502 -10.237500 
141371632677386 -94.931252 66.037506 -11.100000 
141371652677386 -94.406250 65.718750 -11.700001 
141371672677386 -93.993752 65.475006 -12.600000 
141371692677386 -93.225006 65.287506 -13.162500 
141371712677386 -93.000000 65.212502 -13.575001 
141371732677386 -92.437500 65.362503 -14.025001 
141371752677386 -91.856255 65.193756 -14.512501 
141371772677386 -91.068756 65.268753 -14.981251 
141371792677386 -90.337502 65.550003 -15.356251 
141371812677386 -89.587502 65.568756 -15.900001 
141371832677386 -88.893753 65.718750 -15.806251 
141371852677386 -88.781250 66.168755 -15.487500 
141371872677386 -88.762505 66.918755 -14.662500 
141371892677386 -89.006256 67.631256 -13.575001 
141371912677386 -89.812500 68.793755 -12.056251 
141371932677386 -90.975006 69.862503 -10.012501 
141371952677386 -92.043755 70.912506 -7.800000 
141371972677386 -92.925003 72.225006 -5.343750 
141371992677386 -93.843750 73.368752 -3.356250 
141372012677386 -94.425003 74.362503 -1.218750 
141372032677386 -94.687500 75.150002 0.956250 
141372052677386 -94.912506 75.806252 3.000000 
141372072677386 -94.725006 76.331253 4.500000 
141372092677386 -94.575005 76.593750 5.981250 
141372112677386 -94.575005 76.781250 7.087500 
141372132677386 -94.650002 76.762505 8.025001 
141372152677386 -94.668755 77.043755 8.943750 
141372172677386 -94.725006 77.193756 9.618751 
141372192677386 -94.781250 77.268753 9.806251 
141372212677386 -94.537506 77.400002 9.712501 
141372232677386 -93.937500 77.343750 9.618751 
141372252677386 -92.850006 77.887505 8.550000 
141372272677386 -91.725006 78.262505 7.631250 
141372292677386 -90.656250 78.600006 6.693750 
141372312677386 -89.850006 78.862503 6.112500 
141372332677386 -88.818756 79.068756 5.212500 
141372352677386 -87.806252 79.143753 4.125000 
141372372677386 -86.925003 79.218750 3.187500 
141372392677386 -86.175003 79.181252 2.025000 
141372412677386 -85.537506 78.806252 1.462500 
141372432677386 -84.993752 78.581253 0.918750 
141372452677386 -84.243752 78.637505 0.543750 
141372472677386 -83.193756 78.712502 0.093750 
141372492677386 -82.275002 78.693756 -0.168750 
141372512677386 -81.131256 78.825005 -0.187500 
141372532677386 -80.025002 79.031250 -0.356250 
141372552677386 -78.487503 79.031250 -0.450000 
141372572677386 -76.968750 79.181252 -0.693750 
141372592677386 -75.093750 79.293755 -1.200000 
141372612677386 -73.462502 79.162506 -1.556250 
141372632677386 -71.943756 78.843750 -1.893750 
141372652677386 -70.537506 78.731255 -2.118750 
141372672677386 -69.412506 78.900002 -2.306250 
141372692677386 -68.325005 78.918755 -2.418750 
141372712677386 -67.556252 79.256256 -2.156250 
141372732677386 -67.068756 79.275002 -1.893750 
141372752677386 -66.675003 79.331253 -1.593750 
141372772677386 -66.506256 79.593750 -1.518750 
141372792677386 -66.000000 79.668755 -1.612500 
141372812677386 -65.568756 79.818756 -1.537500 
141372832677386 -65.175003 79.762505 -1.425000 
141372852677386 -64.781250 79.800003 -1.143750 
141372872677386 -64.462502 80.100006 -0.656250 
141372892677386 -64.293755 80.381256 -0.075000 
141372912677386 -64.331253 80.812500 1.162500 
141372932677386 -64.443756 81.243752 2.625000 
141372952677386 -64.706253 81.843750 4.556250 
141372972677386 -65.212502 82.593750 6.825000 
141372992677386 -65.775002 83.025002 9.243751 
141373012677386 -66.656250 83.531250 12.431251 
141373032677386 -67.650002 83.718750 15.412500 
141373052677386 -68.662506 83.868752 18.806252 
141373072677386 -69.412506 83.831253 22.012501 
141373092677386 -70.106255 83.681252 25.181252 
141373112677386 -70.987503 83.493752 27.768751 
141373132677386 -71.625000 82.818756 30.131250 
141373152677386 -72.150002 82.575005 32.118752 
141373172677386 -72.375000 82.143753 33.356251 
141373192677386 -72.468750 81.712502 34.593750 
141373212677386 -72.206253 81.656250 35.325001 
141373232677386 -72.206253 81.581253 35.906250 
141373252677386 -71.718750 81.450005 36.000000 
141373272677386 -70.875000 81.337502 36.093750 
141373292677386 -70.125000 81.675003 35.737503 
141373312677386 -69.431252 81.881256 35.287502 
141373332677386 -68.531250 81.918755 34.856251 
141373352677386 -67.968750 82.143753 34.312500 
141373372677386 -67.425003 82.087502 33.693752 
141373392677386 -67.293755 82.312500 32.925003 
141373412677386 -67.462502 82.481255 32.193752 
141373432677386 -67.931252 82.706253 31.537500 
141373452677386 -68.100006 82.856255 30.975000 
141373472677386 -68.475006 82.856255 30.656252 
141373492677386 -69.056252 83.100006 30.356251 
141373512677386 -69.731255 83.306252 30.037500 
141373532677386 -70.256256 83.381256 29.925001 
141373552677386 -70.237503 83.400002 29.662500 
141373572677386 -70.143753 83.325005 29.625002 
141373592677386 -70.087502 83.137505 29.587502 
141373612677386 -70.012505 82.950005 29.531252 
141373632677386 -69.712502 82.875000 29.400002 
141373652677386 -69.581253 82.818756 29.287500 
141373672677386 -69.131256 82.631256 28.987501 
141373692677386 -68.700005 82.687500 28.800001 
141373712677386 -68.268753 82.575005 28.668751 
141373732677386 -68.081253 82.593750 28.237501 
141373752677386 -68.081253 82.968750 27.956251 
141373772677386 -68.118752 83.062500 27.843752 
141373792677386 -68.156250 83.306252 27.750002 
141373812677386 -68.156250 83.493752 27.412500 
141373832677386 -68.025002 83.831253 27.243752 
141373852677386 -68.006256 83.906250 27.037500 
141373872677386 -68.231255 84.206253 26.775002 
141373892677386 -68.418755 84.506256 26.662500 
141373912677386 -68.100006 84.562500 26.531252 
141373932677386 -67.987503 84.787506 26.343752 
141373952677386 -68.081253 84.712502 26.531252 
141373972677386 -68.175003 84.637505 26.962502 
141373992677386 -68.400002 84.618752 27.693750 
141374012677386 -69.112503 84.562500 28.762501 
141374032677386 -69.862503 84.412506 30.075001 
141374052677386 -70.631256 83.943756 32.025002 
141374072677386 -71.906250 83.118752 34.368752 
141374092677386 -73.106255 82.068756 36.993752 
141374112677386 -74.306252 80.812500 39.656250 
141374132677386 -75.356255 79.462502 42.318752 
141374152677386 -76.762505 77.756256 44.775002 
141374172677386 -77.868752 76.200005 46.968750 
141374192677386 -78.843750 74.456253 49.181252 
141374212677386 -80.043755 72.712502 50.793751 
141374232677386 -80.512505 71.006256 52.181252 
141374252677386 -81.150002 69.506256 53.306252 
141374272677386 -81.300003 68.493752 54.037502 
141374292677386 -81.618752 67.500000 54.693752 
141374312677386 -81.675003 66.693756 55.518753 
141374332677386 -81.412506 65.925003 56.306252 
141374352677386 -81.243752 65.400002 56.943752 
141374372677386 -80.475006 65.287506 57.300003 
141374392677386 -80.212502 65.550003 57.543751 
141374412677386 -79.987503 66.056252 57.506252 
141374432677386 -79.950005 66.562500 57.487503 
141374452677386 -79.575005 67.293755 57.356251 
141374472677386 -79.593750 67.987503 57.018753 
141374492677386 -79.743752 68.475006 56.718754 
141374512677386 -80.006256 68.962502 56.381252 
141374532677386 -80.793755 69.468750 56.362503 
141374552677386 -81.525002 69.956253 55.968754 
141374572677386 -82.200005 70.425003 55.575001 
141374592677386 -82.950005 70.687500 55.087502 
141374612677386 -84.093750 70.931252 54.300003 
141374632677386 -84.862503 71.193756 53.550003 
141374652677386 -85.931252 71.643753 52.781254 
141374672677386 -86.512505 72.018753 52.218754 
141374692677386 -86.718750 72.393753 51.675003 
141374712677386 -87.112503 72.600006 51.468754 
141374732677386 -86.906250 72.581253 51.262501 
141374752677386 -87.093750 72.975006 50.943752 
141374772677386 -87.187500 73.331253 50.718754 
141374792677386 -87.318756 73.800003 50.118752 
141374812677386 -87.337502 74.456253 49.500004 
141374832677386 -87.468750 75.056252 48.787502 
141374852677386 -87.581253 75.712502 47.737503 
141374872677386 -87.843750 76.612503 46.537502 
141374892677386 -88.368752 77.475006 45.637501 
141374912677386 -88.556252 77.812500 44.737503 
141374932677386 -88.481255 78.206253 44.006252 
141374952677386 -88.275002 78.600006 43.443752 
141374972677386 -88.143753 78.862503 42.806252 
141374992677386 -88.256256 79.162506 42.206253 
141375012677386 -88.481255 79.443756 41.681252 
141375032677386 -88.387505 79.706253 41.193752 
141375052677386 -88.350006 79.725006 40.668751 
141375072677386 -88.481255 80.081253 40.218750 
141375092677386 -88.687500 80.325005 40.125000 
141375112677386 -88.856255 80.250000 40.293751 
141375132677386 -89.193756 80.100006 40.575001 
141375152677386 -89.418755 79.781250 41.325001 
141375172677386 -89.643753 78.806252 42.581253 
141375192677386 -90.018753 77.550003 44.268753 
141375212677386 -90.337502 76.181252 46.143753 
141375232677386 -90.562500 74.231255 48.300003 
141375252677386 -91.012505 72.131256 50.175003 
141375272677386 -91.856255 70.012505 52.031254 
141375292677386 -92.493752 67.556252 53.643753 
141375312677386 -93.018753 65.006256 55.143753 
141375332677386 -93.618752 62.831253 56.100002 
141375352677386 -94.162506 60.562504 56.925003 
141375372677386 -94.818756 58.387501 57.468754 
141375392677386 -95.118752 56.662502 57.825001 
141375412677386 -95.306252 55.106251 58.218754 
141375432677386 -95.156250 53.587502 58.781254 
141375452677386 -94.837502 52.406254 59.700001 
141375472677386 -94.425003 51.750004 59.981251 
141375492677386 -93.806252 51.262501 60.600002 
141375512677386 -93.262505 51.225002 61.050003 
141375532677386 -92.943756 51.881252 61.312504 
141375552677386 -92.831253 52.725002 61.556252 
141375572677386 -92.456253 53.831253 61.706253 
141375592677386 -92.137505 55.237503 61.725002 
141375612677386 -91.912506 56.737503 61.425003 
141375632677386 -92.025002 57.600002 61.162502 
141375652677386 -92.643753 58.631252 60.525002 
141375672677386 -93.468750 59.812504 59.606251 
141375692677386 -94.012505 60.825001 58.800003 
141375712677386 -94.837502 61.425003 57.825001 
141375732677386 -96.056252 61.931252 56.700001 
141375752677386 -97.425003 62.231251 55.368752 
141375772677386 -98.831253 62.587502 54.187504 
141375792677386 -99.693756 63.337502 53.306252 
141375812677386 -100.050003 64.125000 52.387501 
141375832677386 -100.012505 64.500000 51.975002 
141375852677386 -100.050003 64.875000 51.262501 
141375872677386 -99.862503 65.568756 50.831253 
141375892677386 -99.675003 66.318756 50.550003 
141375912677386 -99.318756 67.368752 50.025002 
141375932677386 -99.018753 68.343750 49.143753 
141375952677386 -99.131256 69.225006 48.150002 
141375972677386 -99.337502 69.918755 47.606251 
141375992677386 -99.562508 70.518753 46.687500 
141376012677386 -99.843758 71.325005 45.975002 
141376032677386 -100.143753 71.925003 44.981251 
141376052677386 -100.331253 72.281250 44.175003 
141376072677386 -100.500008 72.637505 43.537502 
141376092677386 -100.725006 73.087502 43.162502 
141376112677386 -100.650002 73.687500 42.393753 
141376132677386 -100.668755 74.212502 41.962502 
141376152677386 -100.668755 75.018753 41.100002 
141376172677386 -100.406258 75.225006 40.481251 
141376192677386 -100.293755 75.618752 40.181252 
141376212677386 -100.406258 76.087502 39.506252 
141376232677386 -100.200005 76.237503 39.225002 
141376252677386 -99.806252 76.293755 39.056252 
141376272677386 -99.825005 76.031250 39.356251 
141376292677386 -99.675003 75.618752 39.262501 
141376312677386 -99.862503 74.981255 40.237503 
141376332677386 -100.106255 74.212502 41.681252 
141376352677386 -100.237503 72.806252 43.125000 
141376372677386 -100.181252 70.968750 44.943752 
141376392677386 -100.668755 69.225006 46.743752 
141376412677386 -101.156258 67.125000 48.300003 
141376432677386 -101.531258 64.912506 49.856251 
141376452677386 -102.075005 62.606251 51.431252 
141376472677386 -102.356255 60.412502 52.425003 
141376492677386 -102.993752 57.768753 53.025002 
141376512677386 -103.481255 55.593754 53.475002 
141376532677386 -103.762505 53.681252 53.906254 
141376552677386 -103.556252 51.956253 54.412502 
141376572677386 -103.481255 50.531254 55.050003 
141376592677386 -103.181252 49.293751 55.612503 
141376612677386 -102.862503 48.525002 56.137501 
141376632677386 -102.581253 47.906250 56.662502 
141376652677386 -102.056252 48.412502 57.131252 
141376672677386 -101.400002 49.031254 57.750004 
141376692677386 -100.893753 49.950001 58.125004 
141376712677386 -100.218758 51.056252 58.368752 
141376732677386 -99.337502 52.518753 58.725002 
141376752677386 -98.756256 53.943752 58.950001 
141376772677386 -98.025002 55.106251 59.062504 
141376792677386 -97.368752 56.175003 59.212502 
141376812677386 -96.900002 56.775002 59.287502 
141376832677386 -96.937508 57.656254 58.781254 
141376852677386 -96.993752 58.706253 58.331253 
141376872677386 -97.556252 59.550003 57.787502 
141376892677386 -98.081253 60.056252 56.868752 
141376912677386 -98.606255 60.843754 56.006252 
141376932677386 -99.468758 61.687504 55.125004 
141376952677386 -99.731255 62.681252 54.468754 
141376972677386 -99.900002 63.693752 53.775002 
141376992677386 -99.675003 64.593750 53.531254 
141377012677386 -99.300003 65.100006 53.625004 
141377032677386 -98.643753 65.831253 53.306252 
141377052677386 -98.643753 66.656250 53.118752 
141377072677386 -98.212502 67.443756 52.987503 
141377092677386 -97.462502 68.493752 52.631252 
141377112677386 -97.143753 69.206253 52.275002 
141377132677386 -96.768753 70.012505 51.693752 
141377152677386 -96.525002 70.856255 51.131252 
141377172677386 -96.468758 71.737503 50.137501 
141377192677386 -96.562508 72.431252 49.406254 
141377212677386 -96.093758 73.293755 48.900002 
141377232677386 -96.018753 73.968750 47.906250 
141377252677386 -96.075005 74.475006 47.250000 
141377272677386 -95.943756 75.056252 46.462502 
141377292677386 -96.037506 75.975006 45.675003 
141377312677386 -95.925003 76.500000 44.681252 
141377332677386 -95.943756 77.156250 43.912502 
141377352677386 -95.756256 77.568756 43.181252 
141377372677386 -95.643753 77.756256 42.468750 
141377392677386 -95.681252 77.981255 42.356251 
141377412677386 -95.643753 78.168755 42.412502 
141377432677386 -95.700005 78.262505 42.225002 
141377452677386 -95.662506 77.925003 42.562500 
141377472677386 -95.606255 77.418755 43.612503 
141377492677386 -95.493752 76.631256 45.018753 
141377512677386 -95.531250 75.393753 46.931252 
141377532677386 -95.662506 73.893753 48.600002 
141377552677386 -95.775002 72.150002 50.456253 
141377572677386 -95.831253 70.312500 51.993752 
141377592677386 -96.206253 68.362503 53.831253 
141377612677386 -96.468758 66.150002 55.556252 
141377632677386 -96.656258 64.012505 56.550003 
141377652677386 -97.200005 61.912502 57.487503 
141377672677386 -97.387505 60.412502 57.937504 
141377692677386 -97.537506 58.931252 58.593754 
141377712677386 -97.462502 57.693752 58.818752 
141377732677386 -97.218758 56.475002 59.250004 
141377752677386 -96.618752 55.612503 59.775002 
141377772677386 -96.000000 55.181252 60.243752 
141377792677386 -95.643753 55.012501 60.731251 
141377812677386 -94.518753 55.050003 61.125004 
141377832677386 -93.506256 55.350002 61.537502 
141377852677386 -92.400002 55.818752 61.781254 
141377872677386 -91.218750 56.587502 62.118752 
141377892677386 -89.906250 57.806252 62.493752 
141377912677386 -88.443756 58.950001 62.625004 
141377932677386 -86.981255 60.150002 62.775002 
141377952677386 -85.612503 61.106251 62.887501 
141377972677386 -84.562500 62.043751 62.962502 
141377992677386 -84.131256 62.887501 62.756252 
141378012677386 -83.775002 63.693752 62.775002 
141378032677386 -83.906250 64.443756 62.493752 
141378052677386 -84.356255 65.268753 61.500004 
141378072677386 -85.050003 65.981255 60.956253 
141378092677386 -85.856255 66.712502 60.000004 
141378112677386 -86.850006 67.612503 58.837502 
141378132677386 -87.600006 68.325005 57.637501 
141378152677386 -88.237503 69.112503 56.981251 
141378172677386 -88.612503 70.200005 55.893753 
141378192677386 -88.743752 71.043755 55.143753 
141378212677386 -88.912506 71.625000 54.825001 
141378232677386 -89.100006 72.018753 54.168751 
141378252677386 -89.287506 72.468750 53.531254 
141378272677386 -89.175003 72.956253 53.362503 
141378292677386 -89.025002 73.931252 52.968754 
141378312677386 -88.912506 74.606255 52.218754 
141378332677386 -88.762505 75.300003 51.881252 
141378352677386 -88.762505 75.825005 51.168751 
141378372677386 -88.800003 76.593750 50.662502 
141378392677386 -88.500000 77.250000 49.893753 
141378412677386 -88.556252 77.981255 49.237503 
141378432677386 -88.350006 78.543755 48.487503 
141378452677386 -88.668755 78.806252 47.568752 
141378472677386 -88.312500 79.387505 46.781250 
141378492677386 -88.350006 79.875000 45.656250 
141378512677386 -88.106255 80.512505 45.037502 
141378532677386 -87.843750 80.737503 44.306252 
141378552677386 -88.218750 81.487503 43.743752 
141378572677386 -87.937500 81.731255 43.481251 
141378592677386 -88.031250 82.181252 43.125000 
141378612677386 -87.787506 82.425003 43.012501 
141378632677386 -88.162506 82.275002 43.125000 
141378652677386 -88.443756 81.862503 43.350002 
141378672677386 -88.875000 81.356255 43.912502 
141378692677386 -89.081253 80.737503 44.775002 
141378712677386 -89.212502 79.818756 46.125000 
141378732677386 -89.662506 78.506256 47.287502 
141378752677386 -90.056252 76.856255 48.806252 
141378772677386 -90.618752 75.150002 50.437504 
141378792677386 -91.143753 73.462502 51.881252 
141378812677386 -91.443756 71.625000 53.587502 
141378832677386 -92.118752 69.693756 55.012501 
141378852677386 -92.737503 67.500000 56.118752 
141378872677386 -93.225006 65.362503 56.868752 
141378892677386 -93.787506 63.825001 57.487503 
141378912677386 -94.256256 62.362503 58.087502 
141378932677386 -94.481255 61.200001 58.631252 
141378952677386 -94.443756 60.093754 59.231251 
141378972677386 -94.312500 59.156254 59.625004 
141378992677386 -93.862503 58.462502 59.943752 
141379012677386 -93.281250 58.350002 60.281254 
141379032677386 -92.493752 58.481251 60.618752 
141379052677386 -91.237503 58.950001 61.143753 
141379072677386 -89.943756 59.793751 61.275002 
141379092677386 -88.368752 60.750004 61.556252 
141379112677386 -86.943756 62.006252 61.743752 
141379132677386 -85.556252 63.112503 61.875004 
141379152677386 -84.281250 64.256256 61.781254 
141379172677386 -83.137505 65.325005 61.706253 
141379192677386 -82.443756 66.112503 61.537502 
141379212677386 -82.350006 66.806252 61.200001 
141379232677386 -82.462502 67.481255 60.693752 
141379252677386 -82.856255 68.137505 59.812504 
141379272677386 -83.418755 68.756256 59.100002 
141379292677386 -84.225006 69.562500 58.275002 
141379312677386 -84.937500 70.143753 57.581253 
141379332677386 -85.612503 70.612503 56.887501 
141379352677386 -85.950005 71.100006 56.100002 
141379372677386 -85.781250 71.418755 55.687504 
141379392677386 -85.387505 71.718750 55.537502 
141379412677386 -85.162506 71.943756 55.368752 
141379432677386 -85.050003 72.150002 55.012501 
141379452677386 -84.543755 72.562500 54.618752 
141379472677386 -84.206253 73.218750 54.356251 
141379492677386 -83.906250 74.043755 54.093754 
141379512677386 -83.531250 74.812500 53.756252 
141379532677386 -83.362503 75.731255 53.006252 
141379552677386 -83.175003 76.462502 52.350002 
141379572677386 -83.081253 77.212502 51.693752 
141379592677386 -82.725006 78.112503 51.093754 
141379612677386 -82.650002 78.731255 50.512501 
141379632677386 -82.218750 79.275002 49.631252 
141379652677386 -81.862503 79.837502 49.068752 
141379672677386 -81.750000 80.437500 48.487503 
141379692677386 -81.581253 80.925003 47.925003 
141379712677386 -81.431252 81.562500 47.212502 
141379732677386 -81.131256 82.181252 46.481251 
141379752677386 -80.925003 82.275002 45.956253 
141379772677386 -80.681252 82.575005 45.600002 
141379792677386 -80.550003 82.818756 45.581253 
141379812677386 -80.512505 83.025002 45.281250 
141379832677386 -80.212502 83.100006 45.187500 
141379852677386 -80.081253 83.156250 45.300003 
141379872677386 -80.362503 82.893753 45.525002 
141379892677386 -80.493752 82.518753 46.237503 
141379912677386 -80.531250 81.956253 47.193752 
141379932677386 -80.400002 81.243752 48.337502 
141379952677386 -80.943756 79.987503 49.725002 
141379972677386 -81.375000 78.506256 51.356251 
141379992677386 -82.031250 76.931252 52.875004 
141380012677386 -82.556252 75.131256 54.712502 
141380032677386 -82.987503 73.331253 56.456253 
141380052677386 -83.381256 71.418755 57.825001 
141380072677386 -84.056252 69.900002 58.893753 
141380092677386 -84.975006 68.587502 59.718754 
141380112677386 -85.443756 67.481255 60.300003 
141380132677386 -85.800003 66.712502 60.600002 
141380152677386 -86.306252 66.206253 60.975002 
141380172677386 -86.512505 65.700005 60.993752 
141380192677386 -86.437500 65.625000 61.050003 
141380212677386 -86.475006 65.775002 61.031254 
141380232677386 -86.306252 65.943756 61.143753 
141380252677386 -85.950005 66.112503 61.068752 
141380272677386 -85.181252 66.768753 60.656254 
141380292677386 -84.393753 67.312500 60.506252 
141380312677386 -82.987503 67.931252 60.243752 
141380332677386 -81.768753 68.793755 60.018753 
141380352677386 -80.568756 69.506256 59.981251 
141380372677386 -79.237503 70.068756 60.000004 
141380392677386 -78.037506 70.500000 59.906254 
141380412677386 -77.025002 70.800003 59.850002 
141380432677386 -76.612503 71.043755 60.075001 
141380452677386 -76.368752 71.493752 59.793751 
141380472677386 -76.331253 71.887505 59.437504 
141380492677386 -76.668755 72.487503 58.893753 
141380512677386 -76.837502 72.937500 58.275002 
141380532677386 -77.400002 73.556252 57.618752 
141380552677386 -77.906250 74.212502 56.850002 
141380572677386 -78.150002 75.018753 56.306252 
141380592677386 -77.943756 75.600006 55.687504 
141380612677386 -77.437500 75.975006 55.593754 
141380632677386 -77.325005 76.443756 55.500004 
141380652677386 -76.687500 76.481255 55.481251 
141380672677386 -76.368752 76.725006 55.237503 
141380692677386 -75.937500 77.062500 55.106251 
141380712677386 -75.168755 77.531250 54.731251 
141380732677386 -74.568756 77.887505 54.337502 
141380752677386 -74.062500 78.412506 53.756252 
141380772677386 -73.668755 79.237503 52.950001 
141380792677386 -72.975006 79.818756 52.312504 
141380812677386 -72.712502 80.456253 51.562504 
141380832677386 -72.375000 81.018753 51.000004 
141380852677386 -71.643753 81.412506 50.250004 
141380872677386 -71.081253 81.937500 49.818752 
141380892677386 -70.575005 82.368752 49.275002 
141380912677386 -69.825005 82.725006 48.843754 
141380932677386 -69.337502 82.931252 48.206253 
141380952677386 -68.812500 83.343750 47.550003 
141380972677386 -68.268753 83.793755 47.062500 
141380992677386 -67.668755 84.056252 46.218750 
141381012677386 -67.181252 84.281250 45.768753 
141381032677386 -66.675003 84.412506 45.225002 
141381052677386 -66.225006 84.525002 44.962502 
141381072677386 -66.018753 84.618752 44.850002 
141381092677386 -65.831253 84.318756 45.168751 
141381112677386 -66.206253 83.962502 45.825001 
141381132677386 -66.393753 83.325005 46.575001 
141381152677386 -66.731255 82.593750 47.943752 
141381172677386 -67.331253 81.712502 49.537502 
141381192677386 -68.287506 80.568756 51.225002 
141381212677386 -69.056252 79.443756 52.725002 
141381232677386 -70.275002 77.962502 54.300003 
141381252677386 -71.212502 76.837502 55.856251 
141381272677386 -71.943756 75.600006 57.112503 
141381292677386 -72.768753 74.625000 58.256252 
141381312677386 -73.631256 73.950005 58.837502 
141381332677386 -74.325005 73.406250 59.062504 
141381352677386 -75.075005 73.331253 59.006252 
141381372677386 -75.768753 73.256256 59.062504 
141381392677386 -76.125000 73.406250 58.781254 
141381412677386 -76.275002 73.650002 58.387501 
141381432677386 -76.350006 74.268753 57.787502 
141381452677386 -76.368752 74.962502 57.093754 
141381472677386 -76.275002 75.525002 56.475002 
141381492677386 -75.862503 76.200005 56.006252 
141381512677386 -74.925003 76.743752 55.350002 
141381532677386 -73.912506 77.400002 54.412502 
141381552677386 -72.806252 78.375000 53.962502 
141381572677386 -71.925003 79.068756 53.400002 
141381592677386 -71.100006 79.631256 52.762501 
141381612677386 -70.537506 80.137505 52.312504 
141381632677386 -69.806252 80.493752 52.050003 
141381652677386 -69.262505 81.075005 51.281254 
141381672677386 -69.000000 81.506256 50.831253 
141381692677386 -68.793755 82.087502 50.568752 
141381712677386 -68.493752 82.350006 49.800003 
141381732677386 -68.118752 82.743752 49.068752 
141381752677386 -67.781250 82.950005 48.600002 
141381772677386 -66.806252 83.250000 47.737503 
141381792677386 -66.093750 83.756256 46.987503 
141381812677386 -65.193756 83.906250 46.537502 
141381832677386 -64.425003 84.112503 45.806252 
141381852677386 -63.618752 84.187500 45.075001 
141381872677386 -63.150002 84.450005 44.643753 
141381892677386 -62.718754 84.600006 44.043751 
141381912677386 -61.950001 85.031250 43.312500 
141381932677386 -61.518753 85.293755 42.787502 
141381952677386 -60.900002 85.537506 42.262501 
141381972677386 -60.712502 85.687500 41.625000 
141381992677386 -60.375004 86.006256 41.325001 
141382012677386 -60.225002 86.287506 40.800003 
141382032677386 -59.643753 86.531250 40.425003 
141382052677386 -59.325001 86.775002 40.012501 
141382072677386 -58.856251 86.793755 39.431252 
141382092677386 -58.462502 86.737503 39.075001 
141382112677386 -58.012501 86.812500 38.587502 
141382132677386 -57.131252 86.925003 38.343750 
141382152677386 -56.643753 86.793755 38.081253 
141382172677386 -55.818752 86.662506 38.006252 
141382192677386 -55.275002 86.475006 37.743752 
141382212677386 -54.581253 86.437500 37.556252 
141382232677386 -54.150002 86.400002 37.762501 
141382252677386 -53.812504 86.212502 37.593750 
141382272677386 -53.493752 86.118752 37.781250 
141382292677386 -53.456253 85.893753 37.706253 
141382312677386 -53.193752 85.762505 37.556252 
141382332677386 -53.212502 85.612503 37.218750 
141382352677386 -53.043751 85.593750 37.162502 
141382372677386 -52.912502 85.481255 37.387501 
141382392677386 -53.156254 85.368752 37.968750 
141382412677386 -52.987503 85.350006 38.700001 
141382432677386 -53.043751 85.181252 39.300003 
141382452677386 -53.362503 85.087502 40.256252 
141382472677386 -53.493752 85.012505 41.175003 
141382492677386 -53.606251 85.012505 42.562500 
141382512677386 -53.775002 84.768753 43.743752 
141382532677386 -54.018753 84.393753 44.475002 
141382552677386 -53.962502 84.206253 44.925003 
141382572677386 -54.337502 84.243752 45.018753 
141382592677386 -54.581253 84.206253 45.262501 
141382612677386 -54.468754 84.356255 45.206253 
141382632677386 -54.450001 84.300003 45.056252 
141382652677386 -54.525002 84.318756 44.531250 
141382672677386 -54.562504 84.468750 43.950001 
141382692677386 -54.393753 84.712502 43.518753 
141382712677386 -54.281254 84.881256 42.993752 
141382732677386 -54.150002 85.012505 42.656250 
141382752677386 -53.737503 85.181252 41.925003 
141382772677386 -53.512501 85.125000 41.325001 
141382792677386 -53.250004 85.406250 40.837502 
141382812677386 -53.043751 85.237503 40.256252 
141382832677386 -52.950001 85.368752 39.787502 
141382852677386 -52.837502 85.668755 39.225002 
141382872677386 -52.668751 85.650002 38.681252 
141382892677386 -52.237503 85.687500 38.025002 
141382912677386 -52.162502 85.818756 37.725002 
141382932677386 -51.825001 86.043755 37.425003 
141382952677386 -51.450001 85.968750 37.181252 
141382972677386 -51.018753 86.175003 36.918751 
141382992677386 -50.718754 86.118752 36.656250 
141383012677386 -50.343754 85.893753 36.543751 
141383032677386 -50.118752 85.950005 36.412502 
141383052677386 -50.156254 85.987503 36.656250 
141383072677386 -50.062504 85.912506 36.581253 
141383092677386 -50.156254 85.912506 36.337502 
141383112677386 -50.156254 85.968750 36.243752 
141383132677386 -50.118752 86.006256 36.506252 
141383152677386 -50.231251 85.893753 36.318752 
141383172677386 -50.306252 85.968750 36.300003 
141383192677386 -50.381252 85.987503 36.281250 
141383212677386 -50.306252 85.950005 36.281250 
141383232677386 -50.137501 86.118752 36.262501 
141383252677386 -49.950001 86.100006 36.431252 
141383272677386 -49.875004 86.025002 36.450001 
141383292677386 -50.043751 86.100006 36.187500 
141383312677386 -49.762501 86.118752 36.243752 
141383332677386 -49.818752 86.100006 36.300003 
141383352677386 -49.537502 86.025002 36.468750 
141383372677386 -49.537502 86.175003 36.225002 
141383392677386 -49.631252 86.025002 36.450001 
141383412677386 -49.893753 85.893753 36.450001 
141383432677386 -50.306252 86.062500 36.750000 
141383452677386 -50.381252 86.062500 37.031250 
141383472677386 -50.943752 86.231255 37.687500 
141383492677386 -51.525002 86.306252 38.381252 
141383512677386 -52.031254 86.381256 38.831253 
141383532677386 -52.406254 86.231255 39.525002 
141383552677386 -52.743752 86.137505 39.993752 
141383572677386 -52.856251 86.381256 40.518753 
141383592677386 -52.893753 86.325005 40.612503 
141383612677386 -53.193752 86.343750 40.800003 
141383632677386 -52.875004 86.362503 40.425003 
141383652677386 -52.650002 86.550003 39.975002 
141383672677386 -52.575001 86.756256 39.675003 
141383692677386 -52.256252 86.812500 39.150002 
141383712677386 -52.050003 87.093750 38.512501 
141383732677386 -51.862503 87.093750 37.912502 
141383752677386 -51.581253 87.187500 37.350002 
141383772677386 -51.000004 87.150002 37.031250 
141383792677386 -50.737503 87.300003 36.806252 
141383812677386 -50.268753 87.225006 36.318752 
141383832677386 -49.781254 86.943756 35.737503 
141383852677386 -49.556252 87.112503 35.268753 
141383872677386 -49.312504 87.075005 35.212502 
141383892677386 -49.125004 87.056252 35.193752 
141383912677386 -49.087502 87.018753 35.381252 
141383932677386 -49.050003 87.037506 35.606251 
141383952677386 -48.993752 86.606255 35.850002 
141383972677386 -48.956253 86.343750 36.412502 
141383992677386 -48.900002 86.306252 36.900002 
141384012677386 -48.787502 85.950005 37.368752 
141384032677386 -48.562504 85.612503 37.537502 
141384052677386 -48.187504 85.425003 37.762501 
141384072677386 -47.662502 85.237503 37.875000 
141384092677386 -47.400002 85.087502 37.875000 
141384112677386 -47.175003 85.068756 37.912502 
141384132677386 -46.875000 85.068756 37.631252 
141384152677386 -46.687500 85.012505 37.575001 
141384172677386 -46.368752 84.975006 37.668751 
141384192677386 -46.162502 84.900002 37.612503 
141384212677386 -46.068752 84.900002 37.668751 
141384232677386 -46.087502 84.468750 37.706253 
141384252677386 -45.937500 84.168755 37.893753 
141384272677386 -45.918751 83.962502 37.931252 
141384292677386 -45.881252 83.775002 38.381252 
141384312677386 -45.750000 83.512505 38.737503 
141384332677386 -45.731251 83.268753 39.150002 
141384352677386 -45.993752 83.062500 40.125000 
141384372677386 -46.200001 82.387505 41.212502 
141384392677386 -46.631252 82.181252 42.712502 
141384412677386 -47.025002 81.918755 44.062500 
141384432677386 -47.475002 81.543755 45.881252 
141384452677386 -48.093754 81.037506 47.231251 
141384472677386 -48.843754 80.718750 48.600002 
141384492677386 -49.668751 80.250000 50.193752 
141384512677386 -50.118752 79.762505 51.300003 
141384532677386 -50.868752 79.368752 52.256252 
141384552677386 -51.393753 78.956253 52.837502 
141384572677386 -52.012501 78.600006 53.512501 
141384592677386 -52.518753 78.131256 53.868752 
141384612677386 -53.043751 77.831253 54.787502 
141384632677386 -53.250004 77.418755 55.762501 
141384652677386 -53.493752 76.856255 56.362503 
141384672677386 -53.925003 76.218750 57.075001 
141384692677386 -53.925003 75.937500 57.618752 
141384712677386 -53.793751 75.768753 58.068752 
141384732677386 -53.681252 75.543755 58.162502 
141384752677386 -53.531254 75.637505 58.162502 
141384772677386 -53.250004 75.468750 57.787502 
141384792677386 -53.381252 75.562500 57.450001 
141384812677386 -53.456253 75.975006 56.962502 
141384832677386 -53.381252 76.912506 56.306252 
141384852677386 -53.456253 77.512505 55.350002 
141384872677386 -53.418751 78.206253 54.187504 
141384892677386 -53.418751 79.143753 53.025002 
141384912677386 -53.250004 80.118752 51.618752 
141384932677386 -52.931252 81.056252 50.006252 
141384952677386 -52.125004 82.106255 47.756252 
141384972677386 -51.187504 83.081253 45.693752 
141384992677386 -50.193752 83.737503 43.875000 
141385012677386 -49.537502 84.600006 42.562500 
141385032677386 -49.031254 85.181252 41.400002 
141385052677386 -48.637501 85.631256 40.631252 
141385072677386 -48.337502 85.706253 40.443752 
141385092677386 -48.243752 85.762505 40.575001 
141385112677386 -48.337502 85.706253 41.306252 
141385132677386 -48.750004 85.725006 41.887501 
141385152677386 -49.050003 85.556252 42.093750 
141385172677386 -49.293751 85.406250 42.150002 
141385192677386 -49.312504 85.443756 42.225002 
141385212677386 -49.275002 85.350006 42.168751 
141385232677386 -49.275002 85.500000 41.775002 
141385252677386 -49.181252 85.706253 41.118752 
141385272677386 -49.087502 85.725006 40.612503 
141385292677386 -48.750004 85.631256 40.200001 
141385312677386 -48.693752 85.387505 40.106251 
141385332677386 -48.543751 85.443756 40.200001 
141385352677386 -48.468754 85.218750 40.312500 
141385372677386 -48.656254 85.050003 40.443752 
141385392677386 -48.543751 84.806252 40.537502 
141385412677386 -48.675003 84.731255 40.987503 
141385432677386 -48.656254 84.750000 40.912502 
141385452677386 -49.012501 84.843750 41.212502 
141385472677386 -49.106251 85.143753 41.268753 
141385492677386 -49.031254 85.012505 40.931252 
141385512677386 -49.031254 85.068756 40.800003 
141385532677386 -48.862503 85.012505 40.706253 
141385552677386 -49.012501 85.106255 40.800003 
141385572677386 -48.881252 85.143753 40.575001 
141385592677386 -49.087502 85.012505 40.668751 
141385612677386 -48.918751 84.956253 40.368752 
141385632677386 -48.900002 84.918755 40.350002 
141385652677386 -48.806252 85.050003 40.556252 
141385672677386 -48.825001 85.031250 40.518753 
141385692677386 -48.675003 84.993752 40.181252 
141385712677386 -48.487503 84.993752 39.993752 
141385732677386 -48.600002 85.312500 40.050003 
141385752677386 -48.506252 85.293755 39.787502 
141385772677386 -48.506252 85.200005 39.618752 
141385792677386 -48.431252 85.218750 39.450001 
141385812677386 -48.750004 85.331253 39.318752 
141385832677386 -48.750004 85.593750 39.131252 
141385852677386 -48.750004 85.781250 39.243752 
141385872677386 -48.731251 85.856255 39.056252 
141385892677386 -48.656254 85.687500 38.887501 
141385912677386 -48.543751 85.950005 38.925003 
141385932677386 -48.487503 86.175003 39.018753 
141385952677386 -48.656254 86.231255 38.887501 
141385972677386 -48.375004 86.137505 38.775002 
141385992677386 -48.375004 86.043755 38.643753 
141386012677386 -48.318752 86.268753 38.437500 
141386032677386 -48.150002 86.343750 38.100002 
141386052677386 -48.000000 86.118752 37.725002 
141386072677386 -47.887501 86.100006 37.406250 
141386092677386 -47.887501 86.231255 37.218750 
141386112677386 -47.718750 86.325005 37.031250 
141386132677386 -47.756252 86.418755 36.693752 
141386152677386 -47.681252 86.343750 36.543751 
141386172677386 -47.681252 86.193756 36.356251 
141386192677386 -47.850002 86.193756 36.562500 
141386212677386 -48.056252 86.475006 36.712502 
141386232677386 -48.412502 86.343750 36.675003 
141386252677386 -48.393753 86.175003 36.656250 
141386272677386 -48.393753 86.231255 36.656250 
141386292677386 -48.581253 86.118752 36.693752 
141386312677386 -48.881252 86.325005 36.693752 
141386332677386 -48.993752 86.306252 36.675003 
141386352677386 -49.143753 86.381256 36.506252 
141386372677386 -49.106251 86.268753 36.487503 
141386392677386 -48.918751 86.512505 36.581253 
141386412677386 -48.843754 86.737503 36.487503 
141386432677386 -49.031254 86.700005 36.487503 
141386452677386 -49.200001 86.906250 36.600002 
141386472677386 -49.068752 86.868752 36.787502 
141386492677386 -49.068752 86.962502 37.293751 
141386512677386 -49.143753 86.943756 37.668751 
141386532677386 -49.293751 87.187500 38.156250 
141386552677386 -49.293751 86.887505 38.906250 
141386572677386 -49.462502 86.456253 39.468750 
141386592677386 -49.368752 86.287506 39.956253 
141386612677386 -49.087502 85.950005 40.406250 
141386632677386 -49.087502 85.706253 40.800003 
141386652677386 -48.825001 85.425003 40.856251 
141386672677386 -48.675003 85.031250 41.137501 
141386692677386 -48.412502 84.562500 41.231251 
141386712677386 -48.243752 84.600006 41.193752 
141386732677386 -48.243752 84.562500 41.475002 
141386752677386 -48.000000 84.412506 41.812500 
141386772677386 -47.981251 84.300003 42.225002 
141386792677386 -47.906250 84.018753 42.562500 
141386812677386 -48.093754 84.056252 42.825001 
141386832677386 -47.831253 83.906250 42.975002 
141386852677386 -47.625000 84.018753 42.862503 
141386872677386 -47.887501 83.475006 42.618752 
141386892677386 -47.625000 83.343750 42.581253 
141386912677386 -47.793751 83.212502 42.506252 
141386932677386 -47.906250 83.156250 42.431252 
141386952677386 -47.925003 83.287506 42.431252 
141386972677386 -48.093754 83.025002 42.450001 
141386992677386 -48.262501 83.062500 42.806252 
141387012677386 -48.825001 82.856255 43.500000 
141387032677386 -49.068752 82.968750 44.343750 
141387052677386 -49.706253 82.931252 44.943752 
141387072677386 -50.306252 82.781250 45.750000 
141387092677386 -50.681252 82.612503 46.500000 
141387112677386 -51.468754 82.350006 47.268753 
141387132677386 -52.068752 82.068756 48.112503 
141387152677386 -53.137501 81.918755 48.881252 
141387172677386 -53.906254 81.750000 49.312504 
141387192677386 -54.656254 81.562500 49.931252 
141387212677386 -55.800003 81.393753 50.475002 
141387232677386 -56.643753 81.506256 50.756252 
141387252677386 -57.975002 81.600006 51.112503 
141387272677386 -59.062504 81.468750 51.337502 
141387292677386 -60.318752 81.825005 51.712502 
141387312677386 -61.218754 81.900002 52.012501 
141387332677386 -62.268753 81.918755 52.387501 
141387352677386 -63.375004 82.125000 52.725002 
141387372677386 -64.218750 82.125000 53.193752 
141387392677386 -65.681252 81.843750 53.793751 
141387412677386 -66.787506 81.637505 54.450001 
141387432677386 -68.193756 81.618752 55.125004 
141387452677386 -69.600006 81.187500 55.537502 
141387472677386 -71.400002 80.868752 55.818752 
141387492677386 -73.387505 80.400002 56.306252 
141387512677386 -75.318756 79.950005 56.550003 
141387532677386 -77.231255 79.593750 56.512501 
141387552677386 -78.862503 79.462502 56.587502 
141387572677386 -80.343750 79.125000 56.643753 
141387592677386 -81.825005 78.825005 56.568752 
141387612677386 -83.381256 78.525002 56.812504 
141387632677386 -84.806252 78.112503 56.850002 
141387652677386 -85.950005 77.887505 56.925003 
141387672677386 -87.131256 77.643753 56.643753 
141387692677386 -88.087502 77.643753 56.625004 
141387712677386 -89.118752 77.475006 56.493752 
141387732677386 -90.075005 77.568756 55.987503 
141387752677386 -90.825005 77.306252 55.706253 
141387772677386 -91.462502 77.193756 55.368752 
141387792677386 -92.118752 77.156250 55.012501 
141387812677386 -92.625000 77.456253 54.487503 
141387832677386 -93.281250 77.512505 54.112503 
141387852677386 -93.806252 77.381256 53.587502 
141387872677386 -94.256256 77.381256 53.175003 
141387892677386 -94.893753 77.193756 52.650002 
141387912677386 -95.512505 77.306252 52.331253 
141387932677386 -96.375008 77.362503 51.956253 
141387952677386 -97.181252 77.475006 51.618752 
141387972677386 -97.950005 77.156250 51.318752 
141387992677386 -98.831253 76.762505 50.887501 
141388012677386 -99.675003 76.425003 50.681252 
141388032677386 -100.556252 76.125000 50.156254 
141388052677386 -101.437508 75.937500 49.856251 
141388072677386 -102.262505 75.600006 49.387501 
141388092677386 -102.825005 75.262505 48.881252 
141388112677386 -103.293755 74.962502 48.318752 
141388132677386 -103.687508 74.925003 47.812500 
141388152677386 -103.987503 74.925003 47.643753 
141388172677386 -104.456253 74.943756 47.231251 
141388192677386 -104.775002 74.606255 46.950001 
141388212677386 -105.150002 74.268753 46.875000 
141388232677386 -105.506256 74.062500 46.687500 
141388252677386 -105.825005 73.800003 46.481251 
141388272677386 -106.050003 73.556252 46.406250 
141388292677386 -106.275002 73.162506 46.331253 
141388312677386 -106.706253 72.937500 46.143753 
141388332677386 -107.118752 72.618752 45.993752 
141388352677386 -107.287506 72.468750 45.843750 
141388372677386 -107.737503 72.375000 45.600002 
141388392677386 -108.093758 72.225006 45.243752 
141388412677386 -108.431252 72.000000 45.000000 
141388432677386 -108.956253 71.606255 44.700001 
141388452677386 -109.537506 71.100006 44.606251 
141388472677386 -109.856255 70.537506 44.418751 
141388492677386 -110.231255 70.143753 44.325001 
141388512677386 -110.793755 69.656250 44.118752 
141388532677386 -111.131256 68.962502 44.118752 
141388552677386 -111.468758 68.381256 44.212502 
141388572677386 -111.731255 68.025002 44.193752 
141388592677386 -111.918755 67.987503 43.762501 
141388612677386 -112.087502 68.362503 43.181252 
141388632677386 -112.462502 68.812500 42.693752 
141388652677386 -112.537506 69.018753 41.718750 
141388672677386 -112.837502 69.487503 40.631252 
141388692677386 -113.100006 69.937500 39.075001 
141388712677386 -113.868752 70.425003 37.387501 
141388732677386 -114.468758 70.612503 35.606251 
141388752677386 -115.200005 70.556252 33.881252 
141388772677386 -115.725006 70.143753 31.987501 
141388792677386 -116.325005 69.693756 30.112501 
141388812677386 -117.056252 69.168755 28.481251 
141388832677386 -117.618752 68.493752 27.000002 
141388852677386 -118.087502 67.968750 25.518751 
141388872677386 -118.218758 67.650002 24.056252 
141388892677386 -118.537506 67.368752 22.500000 
141388912677386 -118.593758 67.031250 21.412500 
141388932677386 -118.837502 66.806252 20.681252 
141388952677386 -118.706253 66.731255 19.781250 
141388972677386 -118.856255 66.787506 18.731251 
141388992677386 -118.781258 66.862503 17.962502 
141389012677386 -118.912506 66.993752 17.381250 
141389032677386 -118.856255 66.862503 16.668751 
141389052677386 -118.950005 66.825005 15.993751 
141389072677386 -118.968758 66.618752 15.075001 
141389092677386 -118.950005 66.562500 13.912500 
141389112677386 -119.137505 66.243752 12.693750 
141389132677386 -119.175003 65.756256 11.850000 
141389152677386 -119.287506 65.025002 10.893750 
141389172677386 -119.343758 64.162506 9.918751 
141389192677386 -119.418755 63.187504 9.337501 
141389212677386 -119.418755 62.325001 8.756250 
141389232677386 -119.662506 61.462502 8.137501 
141389252677386 -119.925003 60.337502 7.500000 
141389272677386 -120.131256 59.212502 6.900000 
141389292677386 -120.187508 58.125004 6.412500 
141389312677386 -120.337502 57.093754 5.962500 
141389332677386 -120.450005 56.156254 5.700000 
141389352677386 -120.675003 55.481251 5.437500 
141389372677386 -120.975006 54.731251 5.606250 
141389392677386 -121.162506 54.543751 6.168750 
141389412677386 -121.556252 54.731251 7.368750 
141389432677386 -121.837502 55.087502 8.718750 
141389452677386 -122.212502 55.331253 9.656250 
141389472677386 -122.437508 55.837502 11.156250 
141389492677386 -122.587502 56.231251 12.862500 
141389512677386 -122.756256 56.793751 14.831250 
141389532677386 -122.793755 57.206253 16.968750 
141389552677386 -122.812508 57.487503 19.425001 
141389572677386 -122.775002 57.375004 21.693750 
141389592677386 -122.625008 57.225002 24.300001 
141389612677386 -122.231255 57.131252 27.825001 
141389632677386 -121.968758 56.681252 31.256250 
141389652677386 -121.350006 56.062504 34.443752 
141389672677386 -120.618752 55.087502 37.575001 
141389692677386 -119.906258 54.093754 40.537502 
141389712677386 -119.118752 52.856251 43.068752 
141389732677386 -117.956253 51.506252 45.506252 
141389752677386 -116.775002 50.212502 47.775002 
141389772677386 -115.968758 48.825001 49.425003 
141389792677386 -115.162506 47.587502 50.418751 
141389812677386 -115.106255 46.481251 51.056252 
141389832677386 -115.031258 45.375000 50.868752 
141389852677386 -115.518753 44.100002 49.931252 
141389872677386 -116.456253 42.825001 47.981251 
141389892677386 -117.843758 41.400002 44.981251 
141389912677386 -119.268753 39.750000 41.043751 
141389932677386 -120.506256 38.118752 36.393753 
141389952677386 -121.800003 36.356251 30.975000 
141389972677386 -122.325005 33.993752 25.125002 
141389992677386 -122.568756 31.781252 19.387501 
141390012677386 -121.875008 29.456251 13.275001 
141390032677386 -120.412506 26.887501 7.893750 
141390052677386 -118.650002 24.768751 2.962500 
141390072677386 -116.493752 22.612501 -1.425000 
141390092677386 -113.943756 20.437500 -5.306250 
141390112677386 -110.981255 18.412500 -8.606251 
141390132677386 -107.925003 17.062500 -11.756250 
141390152677386 -104.793755 15.750001 -14.437501 
141390172677386 -101.493752 14.831250 -16.593750 
141390192677386 -97.950005 14.306251 -18.918751 
141390212677386 -94.068756 13.631250 -21.093750 
141390232677386 -90.150002 13.537500 -22.987501 
141390252677386 -86.062500 13.912500 -24.993752 
141390272677386 -81.225006 14.775001 -26.718752 
141390292677386 -76.087502 16.200001 -27.881250 
141390312677386 -71.362503 17.606251 -29.043751 
141390332677386 -66.750000 19.425001 -29.868752 
141390352677386 -61.931252 21.450001 -29.737501 
141390372677386 -57.318752 23.831251 -29.381250 
141390392677386 -53.043751 25.931252 -28.912500 
141390412677386 -49.275002 27.937502 -28.050001 
141390432677386 -46.443752 29.737501 -27.150002 
141390452677386 -44.137501 30.806252 -26.081251 
141390472677386 -41.718750 32.100002 -24.881250 
141390492677386 -39.506252 33.000000 -23.493752 
141390512677386 -38.193752 33.581253 -22.518751 
141390532677386 -36.862503 33.862503 -21.431252 
141390552677386 -35.662502 34.162502 -20.662500 
141390572677386 -34.725002 34.425003 -19.800001 
141390592677386 -34.031250 34.687500 -19.068750 
141390612677386 -33.506252 35.193752 -18.506250 
141390632677386 -33.056252 35.475002 -17.962502 
141390652677386 -32.756252 35.625000 -17.868752 
141390672677386 -32.606251 35.887501 -17.718750 
141390692677386 -32.756252 36.337502 -17.793751 
141390712677386 -33.000000 36.862503 -17.831251 
141390732677386 -33.131252 37.425003 -18.000000 
141390752677386 -33.018753 37.912502 -18.075001 
141390772677386 -33.206253 38.456253 -18.375000 
141390792677386 -33.281250 39.093750 -18.506250 
141390812677386 -33.431252 39.881252 -18.450001 
141390832677386 -33.375000 40.575001 -18.525002 
141390852677386 -33.375000 41.306252 -18.525002 
141390872677386 -33.243752 41.775002 -18.300001 
141390892677386 -33.018753 42.243752 -18.187500 
141390912677386 -33.093750 42.581253 -18.093750 
141390932677386 -32.962502 42.881252 -17.625000 
141390952677386 -32.925003 43.087502 -17.437500 
141390972677386 -32.943752 43.443752 -17.362501 
