# Created at Thu Dec 04 22:38:31 GMT+08:00 2025 in Burnaby Canada 
141167312677320 2.756250 25.012501 -50.175003 
141167332677320 2.868750 24.712502 -50.081253 
141167352677320 2.643750 24.675001 -50.081253 
141167372677320 2.512500 24.525002 -49.987503 
141167392677320 2.475000 24.431252 -50.062504 
141167412677320 2.231250 24.187502 -50.306252 
141167432677320 2.025000 23.906250 -50.475002 
141167452677320 1.893750 24.075001 -50.325001 
141167472677320 1.518750 24.168751 -50.156254 
141167492677320 1.162500 24.412500 -49.893753 
141167512677320 1.143750 24.543751 -49.893753 
141167532677320 0.768750 24.656252 -49.856251 
141167552677320 0.806250 24.675001 -49.668751 
141167572677320 0.918750 24.750002 -49.406254 
141167592677320 0.862500 24.843752 -49.218754 
141167612677320 1.162500 24.487501 -49.350002 
141167632677320 1.650000 24.318750 -49.537502 
141167652677320 2.081250 23.925001 -50.025002 
141167672677320 2.231250 23.831251 -49.706253 
141167692677320 2.681250 23.756250 -49.575001 
141167712677320 3.056250 23.662500 -49.500004 
141167732677320 3.000000 23.793751 -49.443752 
141167752677320 3.112500 23.643751 -49.537502 
141167772677320 3.056250 23.737501 -49.443752 
141167792677320 2.850000 23.550001 -49.462502 
141167812677320 2.362500 23.587502 -49.181252 
141167832677320 1.950000 23.212502 -49.687504 
141167852677320 1.256250 22.706251 -50.025002 
141167872677320 0.262500 22.406250 -50.362503 
141167892677320 -0.712500 21.806252 -50.587502 
141167912677320 -1.987500 21.506250 -50.887501 
141167932677320 -3.656250 21.543751 -50.943752 
141167952677320 -4.968750 21.487501 -51.075001 
141167972677320 -6.056250 21.637501 -51.187504 
141167992677320 -6.768750 22.387501 -50.868752 
141168012677320 -7.387500 23.493752 -50.550003 
141168032677320 -7.950000 24.750002 -50.043751 
141168052677320 -8.550000 26.081251 -49.631252 
141168072677320 -9.375000 27.262501 -49.031254 
141168092677320 -10.387501 28.331251 -48.318752 
141168112677320 -12.037500 29.812502 -47.062500 
141168132677320 -14.118751 31.181252 -45.918751 
141168152677320 -16.518751 32.550003 -44.325001 
141168172677320 -18.750000 33.881252 -42.187500 
141168192677320 -21.018751 34.968750 -39.993752 
141168212677320 -22.650002 36.243752 -37.537502 
141168232677320 -23.662500 37.650002 -34.987503 
141168252677320 -24.018751 38.625000 -32.700001 
141168272677320 -23.812500 39.487503 -30.881250 
141168292677320 -23.043751 40.256252 -29.306252 
141168312677320 -22.275002 40.312500 -28.162500 
141168332677320 -21.618752 40.031250 -27.712502 
141168352677320 -21.000000 39.731251 -27.543751 
141168372677320 -20.756250 39.112503 -27.600000 
141168392677320 -20.831251 38.437500 -27.900002 
141168412677320 -21.093750 38.043751 -28.125002 
141168432677320 -21.525002 37.200001 -27.975000 
141168452677320 -22.237501 36.243752 -27.787500 
141168472677320 -22.893751 35.662502 -27.937502 
141168492677320 -23.550001 35.175003 -27.750002 
141168512677320 -24.187502 34.631252 -27.656252 
141168532677320 -24.881250 33.993752 -27.300001 
141168552677320 -25.500002 33.581253 -26.943750 
141168572677320 -26.343752 33.093750 -26.456251 
141168592677320 -27.018751 33.037502 -26.250002 
141168612677320 -27.843752 33.056252 -25.856251 
141168632677320 -28.631250 32.831253 -25.106251 
141168652677320 -29.306252 32.456253 -24.581251 
141168672677320 -30.000002 32.175003 -24.056252 
141168692677320 -30.543751 32.231251 -23.756250 
141168712677320 -31.181252 32.043751 -23.437500 
141168732677320 -31.425001 31.687502 -23.137501 
141168752677320 -32.006252 31.256250 -22.725000 
141168772677320 -32.118752 30.768751 -22.518751 
141168792677320 -32.587502 30.468752 -22.350000 
141168812677320 -33.112503 30.412500 -21.843750 
141168832677320 -33.318752 30.243752 -21.468750 
141168852677320 -33.881252 30.018751 -21.262501 
141168872677320 -34.050003 29.925001 -20.906250 
141168892677320 -34.387501 30.131250 -20.700001 
141168912677320 -34.518753 30.168751 -20.418751 
141168932677320 -34.875000 30.393751 -20.231251 
141168952677320 -34.875000 30.393751 -19.987501 
141168972677320 -34.893753 30.468752 -20.006250 
141168992677320 -34.875000 30.543751 -19.668751 
141169012677320 -34.818752 30.656252 -19.293751 
141169032677320 -34.818752 30.843752 -19.143751 
141169052677320 -34.762501 30.843752 -19.050001 
141169072677320 -34.706253 31.012501 -19.106251 
141169092677320 -34.725002 31.237501 -19.106251 
141169112677320 -34.762501 31.406252 -18.937500 
141169132677320 -34.725002 31.500002 -18.937500 
141169152677320 -34.950001 31.725000 -18.862501 
141169172677320 -34.687500 32.118752 -18.750000 
141169192677320 -34.650002 32.362503 -18.637501 
141169212677320 -34.837502 32.531250 -18.431252 
141169232677320 -34.650002 32.512501 -18.187500 
141169252677320 -34.631252 32.343750 -18.018751 
141169272677320 -34.462502 32.550003 -18.075001 
141169292677320 -34.406250 32.681252 -18.112501 
141169312677320 -34.087502 32.793751 -18.356251 
141169332677320 -34.181252 32.437500 -18.693750 
141169352677320 -34.143753 32.118752 -19.012501 
141169372677320 -33.637501 31.781252 -19.725000 
141169392677320 -33.506252 31.837502 -20.568750 
141169412677320 -32.718750 31.893751 -21.487501 
141169432677320 -31.931252 31.856251 -22.312500 
141169452677320 -31.143751 32.250000 -23.156250 
141169472677320 -30.487501 32.868752 -23.737501 
141169492677320 -29.493752 33.656250 -23.793751 
141169512677320 -28.425001 34.781250 -23.512501 
141169532677320 -27.525002 36.281250 -22.518751 
141169552677320 -26.531252 37.668751 -20.981251 
141169572677320 -25.912500 39.187500 -19.068750 
141169592677320 -25.500002 40.687500 -16.968750 
141169612677320 -24.712502 41.737503 -14.643750 
141169632677320 -23.981251 42.637501 -12.750001 
141169652677320 -23.362501 43.312500 -11.287500 
141169672677320 -22.912500 43.743752 -9.975000 
141169692677320 -22.762501 43.950001 -9.131250 
141169712677320 -22.837502 43.856251 -8.962501 
141169732677320 -22.968750 43.518753 -8.812500 
141169752677320 -23.306252 43.293751 -8.850000 
141169772677320 -24.075001 42.900002 -8.681251 
141169792677320 -25.200001 42.450001 -8.250000 
141169812677320 -26.362501 42.300003 -7.856250 
141169832677320 -27.450001 41.831253 -7.312500 
141169852677320 -28.743752 41.156250 -6.693750 
141169872677320 -29.962502 40.650002 -5.793750 
141169892677320 -31.425001 40.218750 -5.118750 
141169912677320 -32.512501 39.356251 -4.893750 
141169932677320 -33.675003 38.681252 -4.706250 
141169952677320 -34.443752 37.950001 -4.762500 
141169972677320 -35.400002 37.106251 -4.425000 
141169992677320 -36.337502 36.562500 -4.481250 
141170012677320 -37.068752 36.112503 -4.462500 
141170032677320 -37.743752 35.493752 -4.387500 
141170052677320 -38.175003 34.800003 -4.462500 
141170072677320 -38.662502 34.500000 -4.143750 
141170092677320 -38.981251 34.143753 -4.031250 
141170112677320 -39.281250 33.956253 -3.956250 
141170132677320 -39.375000 33.768753 -4.050000 
141170152677320 -39.337502 33.600002 -4.125000 
141170172677320 -39.093750 33.506252 -4.087500 
141170192677320 -38.962502 33.693752 -4.031250 
141170212677320 -38.737503 33.975002 -3.881250 
141170232677320 -38.456253 34.500000 -3.618750 
141170252677320 -37.968750 35.062500 -3.318750 
141170272677320 -37.237503 35.831253 -2.793750 
141170292677320 -36.675003 36.506252 -2.475000 
141170312677320 -35.906250 37.387501 -2.231250 
141170332677320 -34.968750 38.306252 -1.987500 
141170352677320 -33.656250 39.187500 -1.931250 
141170372677320 -32.681252 39.993752 -1.818750 
141170392677320 -31.725000 40.575001 -1.725000 
141170412677320 -30.918751 41.306252 -1.762500 
141170432677320 -30.150002 41.456253 -1.875000 
141170452677320 -29.531252 41.737503 -1.856250 
141170472677320 -29.100000 41.887501 -1.593750 
141170492677320 -29.175001 41.812500 -1.575000 
141170512677320 -29.718752 41.568752 -1.518750 
141170532677320 -30.187502 41.343750 -1.218750 
141170552677320 -30.656252 40.818752 -1.106250 
141170572677320 -31.387501 39.993752 -1.106250 
141170592677320 -32.475002 39.243752 -1.012500 
141170612677320 -33.431252 38.400002 -1.031250 
141170632677320 -34.443752 37.331253 -1.143750 
141170652677320 -35.268753 36.468750 -1.237500 
141170672677320 -35.831253 35.681252 -1.406250 
141170692677320 -36.356251 34.875000 -1.706250 
141170712677320 -37.218750 34.143753 -2.175000 
141170732677320 -37.706253 33.581253 -2.512500 
141170752677320 -38.418751 33.150002 -2.681250 
141170772677320 -38.906250 32.568752 -2.775000 
141170792677320 -39.600002 32.062500 -2.737500 
141170812677320 -40.125000 31.575001 -2.737500 
141170832677320 -40.725002 30.843752 -2.456250 
141170852677320 -41.343750 30.375002 -2.025000 
141170872677320 -41.812500 29.775002 -1.443750 
141170892677320 -42.206253 29.156252 -0.956250 
141170912677320 -42.243752 28.687502 -0.506250 
141170932677320 -42.618752 28.218752 -0.093750 
141170952677320 -42.731251 27.712502 0.375000 
141170972677320 -42.956253 27.243752 0.881250 
141170992677320 -43.181252 27.075001 1.331250 
141171012677320 -43.181252 26.775002 1.650000 
141171032677320 -43.031250 26.681252 1.987500 
141171052677320 -43.237503 26.475000 2.606250 
141171072677320 -43.500000 26.268751 2.981250 
141171092677320 -43.518753 26.381250 3.187500 
141171112677320 -43.537502 26.343752 3.543750 
141171132677320 -43.631252 26.306252 4.162500 
141171152677320 -43.631252 26.231251 4.518750 
141171172677320 -43.612503 26.025002 4.968750 
141171192677320 -43.668751 26.025002 5.156250 
141171212677320 -43.743752 26.268751 5.175000 
141171232677320 -43.425003 26.381250 5.400000 
141171252677320 -43.237503 26.531252 6.018750 
141171272677320 -43.068752 26.906252 6.131250 
141171292677320 -42.712502 27.187502 5.962500 
141171312677320 -42.543751 27.543751 6.243750 
141171332677320 -42.375000 27.918751 6.075000 
141171352677320 -42.093750 28.162500 6.093750 
141171372677320 -41.756252 28.181252 6.150000 
141171392677320 -41.700001 28.162500 6.000000 
141171412677320 -41.568752 28.218752 5.568750 
141171432677320 -41.531250 28.087502 5.362500 
141171452677320 -41.681252 27.900002 5.268750 
141171472677320 -41.775002 27.750002 4.875000 
141171492677320 -42.000000 27.487501 4.650000 
141171512677320 -42.243752 27.318750 4.368750 
141171532677320 -42.581253 27.150002 4.368750 
141171552677320 -42.937500 27.093752 4.087500 
141171572677320 -43.162502 26.887501 3.918750 
141171592677320 -43.406250 26.887501 3.768750 
141171612677320 -43.443752 26.887501 3.712500 
141171632677320 -43.237503 26.812502 3.543750 
141171652677320 -43.143753 27.000002 3.675000 
141171672677320 -43.087502 26.812502 3.731250 
141171692677320 -42.900002 27.037500 3.637500 
141171712677320 -42.618752 27.281252 3.731250 
141171732677320 -42.468750 27.318750 4.012500 
141171752677320 -42.431252 27.337502 4.181250 
141171772677320 -42.393753 27.337502 4.181250 
141171792677320 -42.675003 27.243752 4.312500 
141171812677320 -42.693752 27.112501 4.368750 
141171832677320 -42.750000 27.037500 4.462500 
141171852677320 -42.675003 26.775002 4.368750 
141171872677320 -43.012501 26.250002 4.068750 
141171892677320 -43.162502 26.062502 3.581250 
141171912677320 -43.200001 25.593752 3.112500 
141171932677320 -43.387501 25.181252 2.643750 
141171952677320 -43.650002 25.143751 2.400000 
141171972677320 -44.100002 24.862501 2.118750 
141171992677320 -44.456253 24.731251 1.725000 
141172012677320 -44.718750 24.562502 1.218750 
141172032677320 -44.793751 24.581251 1.087500 
141172052677320 -44.962502 24.412500 0.881250 
141172072677320 -45.243752 24.468752 0.675000 
141172092677320 -45.375000 24.450001 0.450000 
141172112677320 -45.450001 24.056252 0.075000 
141172132677320 -45.281250 24.000000 -0.525000 
141172152677320 -45.337502 23.793751 -0.825000 
141172172677320 -45.525002 23.550001 -1.068750 
141172192677320 -45.825001 23.175001 -1.331250 
141172212677320 -46.050003 22.706251 -1.556250 
141172232677320 -45.993752 22.312500 -1.631250 
141172252677320 -46.162502 22.068750 -1.706250 
141172272677320 -46.162502 21.825001 -1.612500 
141172292677320 -46.425003 21.431252 -1.293750 
141172312677320 -46.687500 20.868752 -1.237500 
141172332677320 -46.968750 20.006250 -0.975000 
141172352677320 -47.156250 19.293751 -0.618750 
141172372677320 -47.437500 18.600000 -0.075000 
141172392677320 -48.000000 18.262501 0.281250 
141172412677320 -48.056252 18.206251 0.787500 
141172432677320 -47.962502 18.525002 0.956250 
141172452677320 -47.681252 19.031250 1.181250 
141172472677320 -47.362503 20.306252 1.500000 
141172492677320 -46.762501 21.918751 1.575000 
141172512677320 -45.675003 23.681252 1.725000 
141172532677320 -44.287502 26.118752 1.556250 
141172552677320 -42.450001 28.650002 1.406250 
141172572677320 -40.462502 31.068750 1.181250 
141172592677320 -38.287502 33.600002 1.200000 
141172612677320 -36.000000 35.943752 1.087500 
141172632677320 -33.525002 38.062500 0.768750 
141172652677320 -31.031252 40.125000 0.750000 
141172672677320 -28.575001 42.243752 0.543750 
141172692677320 -26.043751 43.762501 0.525000 
141172712677320 -23.587502 45.075001 0.262500 
141172732677320 -21.168751 46.143753 0.112500 
141172752677320 -18.993752 46.818752 -0.337500 
141172772677320 -16.593750 47.418751 -0.825000 
141172792677320 -13.837501 48.000000 -0.975000 
141172812677320 -11.193750 48.712502 -1.256250 
141172832677320 -8.718750 48.993752 -1.687500 
141172852677320 -6.018750 49.331253 -2.156250 
141172872677320 -3.431250 49.481251 -2.156250 
141172892677320 -1.312500 49.368752 -2.287500 
141172912677320 0.581250 49.368752 -2.043750 
141172932677320 2.100000 49.387501 -1.968750 
141172952677320 3.018750 49.293751 -1.762500 
141172972677320 3.693750 49.181252 -1.631250 
141172992677320 4.275000 49.068752 -1.293750 
141173012677320 4.162500 49.218754 -0.900000 
141173032677320 3.993750 49.200001 -0.918750 
141173052677320 3.693750 49.425003 -0.806250 
141173072677320 3.525000 49.462502 -0.562500 
141173092677320 3.168750 49.537502 -0.206250 
141173112677320 2.456250 49.612503 -0.000000 
141173132677320 1.462500 49.443752 0.225000 
141173152677320 0.506250 49.293751 0.281250 
141173172677320 -0.637500 49.068752 0.243750 
141173192677320 -1.837500 48.956253 0.525000 
141173212677320 -2.662500 48.843754 0.412500 
141173232677320 -3.150000 48.881252 0.450000 
141173252677320 -3.675000 48.918751 0.468750 
141173272677320 -3.487500 48.881252 0.468750 
141173292677320 -3.000000 48.975002 0.731250 
141173312677320 -2.775000 49.068752 1.012500 
141173332677320 -2.156250 49.106251 1.425000 
141173352677320 -1.537500 49.106251 1.818750 
141173372677320 -0.975000 48.918751 2.362500 
141173392677320 -0.656250 48.881252 2.493750 
141173412677320 -0.093750 48.806252 2.887500 
141173432677320 0.225000 48.750004 3.468750 
141173452677320 0.506250 48.675003 3.881250 
141173472677320 0.993750 48.843754 4.125000 
141173492677320 1.350000 48.825001 4.425000 
141173512677320 1.612500 48.881252 4.612500 
141173532677320 1.912500 49.237503 5.175000 
141173552677320 2.062500 49.087502 5.568750 
141173572677320 2.062500 49.218754 5.775000 
141173592677320 2.325000 49.218754 5.681250 
141173612677320 2.606250 49.181252 5.550000 
141173632677320 2.643750 49.200001 5.700000 
141173652677320 2.775000 49.293751 5.550000 
141173672677320 3.037500 49.125004 5.493750 
141173692677320 2.850000 48.806252 5.212500 
141173712677320 2.718750 48.806252 4.781250 
141173732677320 2.756250 48.637501 4.406250 
141173752677320 2.606250 48.693752 4.125000 
141173772677320 2.456250 48.693752 4.031250 
141173792677320 2.250000 48.693752 3.843750 
141173812677320 2.137500 48.581253 3.768750 
141173832677320 2.006250 48.675003 3.375000 
141173852677320 1.912500 49.068752 3.112500 
141173872677320 1.762500 49.106251 3.112500 
141173892677320 1.593750 49.143753 3.093750 
141173912677320 1.481250 49.012501 2.906250 
141173932677320 1.162500 49.106251 2.587500 
141173952677320 1.350000 48.993752 2.381250 
141173972677320 1.368750 49.106251 2.212500 
141173992677320 1.368750 49.068752 2.118750 
141174012677320 1.406250 48.675003 2.025000 
141174032677320 1.462500 48.543751 1.893750 
141174052677320 1.706250 48.525002 1.612500 
141174072677320 1.725000 48.525002 1.406250 
141174092677320 2.043750 48.318752 1.162500 
141174112677320 2.306250 48.075001 0.900000 
141174132677320 2.587500 47.775002 0.675000 
141174152677320 5.062500 45.956253 -1.781250 
141174172677320 5.850000 45.843750 -2.325000 
141174192677320 6.581250 45.937500 -2.718750 
141174212677320 7.181250 45.825001 -2.981250 
141174232677320 8.081250 45.768753 -3.168750 
141174252677320 8.550000 45.825001 -3.243750 
141174272677320 8.775001 46.312500 -3.506250 
141174292677320 8.643750 46.575001 -3.675000 
141174312677320 8.475000 46.650002 -3.956250 
141174332677320 7.950000 46.800003 -3.712500 
141174352677320 7.668750 46.781250 -3.487500 
141174372677320 7.200000 47.156250 -3.300000 
141174392677320 6.562500 47.306252 -3.112500 
141174412677320 6.206250 47.493752 -2.812500 
141174432677320 5.775000 47.287502 -2.643750 
141174452677320 5.531250 47.325001 -2.531250 
141174472677320 5.512500 47.400002 -2.156250 
141174492677320 5.250000 47.700001 -2.193750 
141174512677320 4.537500 47.887501 -2.193750 
141174532677320 3.937500 47.887501 -2.343750 
141174552677320 3.112500 47.868752 -2.531250 
141174572677320 2.212500 47.887501 -2.850000 
141174592677320 1.781250 48.037502 -3.037500 
141174612677320 1.331250 47.962502 -3.393750 
141174632677320 0.600000 48.000000 -3.675000 
141174652677320 0.412500 47.943752 -3.675000 
141174672677320 0.318750 47.925003 -3.693750 
141174692677320 0.318750 47.718750 -3.618750 
141174712677320 0.637500 48.056252 -3.262500 
141174732677320 1.087500 47.850002 -3.037500 
141174752677320 1.200000 47.793751 -2.493750 
141174772677320 1.387500 47.887501 -1.650000 
141174792677320 1.556250 47.868752 -0.562500 
141174812677320 1.556250 47.606251 0.487500 
141174832677320 1.650000 47.681252 1.631250 
141174852677320 1.781250 47.737503 2.493750 
141174872677320 1.687500 47.400002 3.525000 
141174892677320 1.837500 47.456253 4.762500 
141174912677320 2.175000 47.268753 5.662500 
141174932677320 2.381250 47.325001 6.431250 
141174952677320 2.475000 47.175003 7.106250 
141174972677320 2.737500 47.212502 7.500000 
141174992677320 2.943750 47.025002 7.781250 
141175012677320 3.168750 46.875000 8.306251 
141175032677320 3.243750 46.631252 9.018750 
141175052677320 3.131250 46.462502 9.393750 
141175072677320 2.868750 46.593750 9.750000 
141175092677320 2.568750 46.181252 10.368751 
141175112677320 2.606250 46.106251 10.856251 
141175132677320 2.381250 46.012501 11.362500 
141175152677320 2.306250 45.768753 11.887501 
141175172677320 1.987500 45.750000 12.375001 
141175192677320 1.818750 45.506252 12.731251 
141175212677320 1.687500 45.675003 12.937501 
141175232677320 1.500000 45.562500 13.068750 
141175252677320 1.687500 45.600002 13.050000 
141175272677320 1.650000 45.562500 12.768750 
141175292677320 1.481250 45.693752 12.562501 
141175312677320 1.237500 45.843750 12.450001 
141175332677320 1.012500 45.881252 12.337501 
141175352677320 0.750000 45.975002 12.450001 
141175372677320 0.768750 45.937500 12.506250 
141175392677320 0.581250 45.881252 12.712501 
141175412677320 -0.093750 45.975002 13.031251 
141175432677320 -0.525000 45.862503 13.556251 
141175452677320 -0.881250 45.487503 13.893750 
141175472677320 -1.068750 45.318752 14.118751 
141175492677320 -1.031250 45.075001 14.531251 
141175512677320 -1.218750 44.943752 14.643750 
141175532677320 -1.293750 44.681252 15.131250 
141175552677320 -1.293750 44.606251 15.675000 
141175572677320 -0.750000 44.493752 16.068750 
141175592677320 -0.675000 44.906250 16.237501 
141175612677320 -0.281250 44.700001 16.912500 
141175632677320 -0.018750 44.587502 17.812500 
141175652677320 0.206250 44.512501 18.768751 
141175672677320 0.937500 44.156250 20.193750 
141175692677320 1.125000 43.781250 21.262501 
141175712677320 1.556250 43.275002 22.481251 
141175732677320 1.950000 42.450001 23.662500 
141175752677320 2.250000 41.775002 24.975000 
141175772677320 2.718750 41.175003 26.306252 
141175792677320 3.243750 40.725002 28.331251 
141175812677320 3.693750 40.031250 29.681252 
141175832677320 3.975000 39.150002 30.487501 
141175852677320 4.387500 38.268753 31.818750 
141175872677320 4.725000 37.556252 32.887501 
141175892677320 4.837500 36.956253 34.087502 
141175912677320 5.193750 35.943752 35.100002 
141175932677320 4.950000 35.193752 35.925003 
141175952677320 4.706250 34.331253 36.618752 
141175972677320 4.350000 33.562500 37.312500 
141175992677320 3.881250 33.037502 38.043751 
141176012677320 3.487500 32.381252 38.531250 
141176032677320 2.962500 31.650002 39.000000 
141176052677320 2.587500 30.918751 39.337502 
141176072677320 2.062500 30.675001 39.750000 
141176092677320 1.987500 30.525002 40.012501 
141176112677320 1.706250 30.600000 39.881252 
141176132677320 1.312500 30.412500 39.881252 
141176152677320 0.993750 30.450001 39.618752 
141176172677320 0.618750 30.881250 39.187500 
141176192677320 0.243750 31.500002 38.718750 
141176212677320 -0.112500 32.250000 38.268753 
141176232677320 -0.393750 33.018753 37.237503 
141176252677320 -1.200000 33.993752 36.168751 
141176272677320 -1.762500 34.875000 35.250000 
141176292677320 -2.156250 35.887501 33.993752 
141176312677320 -2.512500 37.143753 32.906250 
141176332677320 -2.737500 38.118752 31.537500 
141176352677320 -3.075000 39.112503 30.187502 
141176372677320 -3.431250 40.012501 28.650002 
141176392677320 -3.731250 40.743752 27.000002 
141176412677320 -3.581250 41.400002 25.612501 
141176432677320 -3.562500 42.112503 23.850000 
141176452677320 -3.412500 42.825001 22.256250 
141176472677320 -3.412500 43.293751 20.418751 
141176492677320 -3.675000 43.893753 18.918751 
141176512677320 -3.768750 44.437500 17.268751 
141176532677320 -3.881250 45.150002 15.506250 
141176552677320 -4.312500 45.975002 14.437501 
141176572677320 -4.406250 46.500000 12.881250 
141176592677320 -4.481250 46.912502 11.718750 
141176612677320 -4.575000 47.250000 10.687500 
141176632677320 -4.556250 47.625000 9.787500 
141176652677320 -4.293750 47.756252 8.831250 
141176672677320 -4.181250 47.831253 8.231251 
141176692677320 -4.012500 47.850002 7.818750 
141176712677320 -3.806250 48.018753 7.293750 
141176732677320 -3.581250 47.756252 7.500000 
141176752677320 -3.450000 47.681252 7.762500 
141176772677320 -3.412500 47.737503 8.137501 
141176792677320 -3.412500 47.700001 8.587501 
141176812677320 -3.637500 47.718750 9.168751 
141176832677320 -3.618750 47.756252 9.768750 
141176852677320 -3.656250 47.775002 10.331250 
141176872677320 -3.581250 47.625000 11.231251 
141176892677320 -3.543750 47.568752 11.737500 
141176912677320 -3.525000 47.587502 12.412500 
141176932677320 -3.356250 47.062500 13.031251 
141176952677320 -3.318750 46.818752 14.118751 
141176972677320 -3.262500 46.406250 15.131250 
141176992677320 -2.981250 46.050003 16.125000 
141177012677320 -2.681250 45.750000 17.662500 
141177032677320 -2.681250 45.187500 19.106251 
141177052677320 -2.643750 44.718750 20.850000 
141177072677320 -2.493750 43.950001 22.331251 
141177092677320 -2.287500 43.650002 23.887501 
141177112677320 -2.081250 42.900002 25.331251 
141177132677320 -1.612500 42.131252 26.700001 
141177152677320 -1.387500 41.287502 27.881250 
141177172677320 -1.106250 40.687500 29.025002 
141177192677320 -0.262500 39.600002 29.493752 
141177212677320 0.187500 38.962502 30.225000 
141177232677320 0.562500 38.193752 31.425001 
141177252677320 1.087500 37.162502 32.475002 
141177272677320 1.593750 36.450001 33.693752 
141177292677320 1.743750 35.681252 35.025002 
141177312677320 1.875000 34.818752 36.393753 
141177332677320 1.931250 33.825001 37.312500 
141177352677320 1.818750 32.962502 38.156250 
141177372677320 1.481250 31.987501 39.112503 
141177392677320 1.050000 31.406252 39.600002 
141177412677320 0.337500 31.012501 40.181252 
141177432677320 -0.468750 30.562502 40.125000 
141177452677320 -1.125000 30.431252 39.881252 
141177472677320 -1.800000 30.468752 39.393753 
141177492677320 -2.718750 30.806252 38.868752 
141177512677320 -3.750000 31.275002 38.287502 
141177532677320 -4.931250 32.156250 37.293751 
141177552677320 -6.056250 33.056252 36.000000 
141177572677320 -7.612500 34.387501 34.331253 
141177592677320 -8.700001 35.531250 32.362503 
141177612677320 -9.618751 36.825001 30.356251 
141177632677320 -10.706250 38.043751 28.387501 
141177652677320 -11.343750 39.375000 26.193750 
141177672677320 -11.606251 40.593750 23.906250 
141177692677320 -11.700001 41.868752 21.750000 
141177712677320 -11.662500 42.918751 20.081251 
141177732677320 -11.062500 43.837502 18.543751 
141177752677320 -10.350000 44.906250 17.212502 
141177772677320 -9.825001 45.393753 15.656251 
141177792677320 -8.868751 46.143753 14.343751 
141177812677320 -8.043751 46.443752 13.162500 
141177832677320 -7.031250 46.818752 12.281251 
141177852677320 -6.037500 47.062500 11.550000 
141177872677320 -5.306250 47.531250 10.893750 
141177892677320 -4.875000 47.793751 10.050000 
141177912677320 -4.368750 47.831253 9.693750 
141177932677320 -3.581250 48.018753 9.862500 
141177952677320 -3.093750 47.887501 9.675000 
141177972677320 -2.850000 48.093754 10.031250 
141177992677320 -2.643750 48.037502 10.181251 
141178012677320 -2.418750 47.850002 10.650001 
141178032677320 -2.231250 47.700001 11.156250 
141178052677320 -1.725000 47.456253 12.018750 
141178072677320 -1.462500 47.156250 12.825001 
141178092677320 -1.368750 46.968750 13.556251 
141178112677320 -1.350000 46.631252 14.587501 
141178132677320 -0.881250 46.200001 15.525001 
141178152677320 -0.750000 45.750000 16.875000 
141178172677320 -0.450000 45.337502 17.943750 
141178192677320 -0.300000 44.700001 19.200001 
141178212677320 -0.262500 43.893753 20.568750 
141178232677320 -0.131250 43.818752 22.893751 
141178252677320 -0.056250 43.350002 24.300001 
141178272677320 0.300000 42.881252 25.893751 
141178292677320 0.318750 42.168751 27.393751 
141178312677320 0.375000 41.250000 28.687502 
141178332677320 0.281250 40.218750 30.225000 
141178352677320 0.750000 39.168751 31.275002 
141178372677320 0.881250 38.175003 32.662502 
141178392677320 0.693750 36.900002 34.031250 
141178412677320 0.637500 35.625000 35.118752 
141178432677320 0.112500 34.312500 36.375000 
141178452677320 -0.281250 33.243752 37.575001 
141178472677320 -0.600000 32.343750 38.625000 
141178492677320 -1.012500 31.593752 39.412502 
141178512677320 -1.631250 31.068750 39.975002 
141178532677320 -2.512500 30.581251 40.275002 
141178552677320 -3.206250 30.637501 40.312500 
141178572677320 -4.200000 30.975000 40.368752 
141178592677320 -4.987500 31.406252 39.750000 
141178612677320 -6.018750 32.250000 38.625000 
141178632677320 -7.106250 33.375000 37.256252 
141178652677320 -8.006250 34.556252 35.718750 
141178672677320 -9.056251 35.906250 33.768753 
141178692677320 -10.050000 37.612503 31.725000 
141178712677320 -10.950001 39.093750 29.475000 
141178732677320 -11.381250 40.275002 27.168751 
141178752677320 -11.868751 41.475002 24.750002 
141178772677320 -12.243751 42.393753 22.593750 
141178792677320 -12.412500 43.612503 20.250000 
141178812677320 -12.187501 44.493752 18.281250 
141178832677320 -12.093751 45.075001 16.387501 
141178852677320 -11.850000 45.543751 14.625001 
141178872677320 -11.681251 46.200001 13.031251 
141178892677320 -11.718750 46.743752 11.568750 
141178912677320 -11.456250 47.137501 10.518750 
141178932677320 -11.250000 47.306252 9.675000 
141178952677320 -11.137501 47.250000 9.075001 
141178972677320 -11.137501 47.287502 8.606251 
141178992677320 -11.043751 47.400002 8.456250 
141179012677320 -10.650001 47.493752 8.493751 
141179032677320 -10.200001 47.475002 8.775001 
141179052677320 -9.731251 47.456253 9.150001 
141179072677320 -9.562500 47.531250 9.412500 
141179092677320 -9.225000 47.625000 10.125000 
141179112677320 -8.887501 47.512501 10.781250 
141179132677320 -8.793751 47.418751 11.343750 
141179152677320 -8.475000 47.325001 12.018750 
141179172677320 -8.418751 47.343750 12.825001 
141179192677320 -8.512501 46.968750 13.593751 
141179212677320 -8.587501 46.725002 14.587501 
141179232677320 -8.700001 46.406250 15.825001 
141179252677320 -8.756250 45.881252 16.800001 
141179272677320 -8.887501 45.225002 18.037500 
141179292677320 -8.943750 44.793751 19.631250 
141179312677320 -9.075001 43.725002 20.625000 
141179332677320 -9.112500 42.900002 22.200001 
141179352677320 -9.075001 42.225002 23.962502 
141179372677320 -8.681251 41.137501 25.800001 
141179392677320 -8.437500 39.862503 27.787500 
141179412677320 -8.268750 38.850002 29.643751 
141179432677320 -7.575000 37.687500 31.612501 
141179452677320 -7.162500 36.412502 33.300003 
141179472677320 -6.825000 35.381252 34.687500 
141179492677320 -6.300000 34.275002 35.831253 
141179512677320 -5.681250 33.300003 36.712502 
141179532677320 -5.550000 32.700001 37.443752 
141179552677320 -5.250000 32.606251 37.668751 
141179572677320 -5.025000 32.568752 37.818752 
141179592677320 -5.287500 33.131252 37.556252 
141179612677320 -5.118750 33.712502 36.937500 
141179632677320 -5.362500 34.406250 36.206253 
141179652677320 -5.681250 35.343750 35.362503 
141179672677320 -6.225000 36.468750 34.125000 
141179692677320 -6.750000 37.706253 32.550003 
141179712677320 -6.731250 38.512501 30.656252 
141179732677320 -7.050000 39.637501 28.893751 
141179752677320 -7.200000 40.743752 27.018751 
141179772677320 -7.631250 41.681252 25.200001 
141179792677320 -7.462500 42.525002 23.287500 
141179812677320 -7.237500 43.518753 21.318750 
141179832677320 -6.881250 44.250000 19.350000 
141179852677320 -6.356250 44.718750 17.362501 
141179872677320 -5.887500 45.750000 15.187501 
141179892677320 -5.550000 46.312500 13.462501 
141179912677320 -5.231250 46.575001 11.906250 
141179932677320 -4.912500 46.875000 10.481251 
141179952677320 -4.762500 47.175003 9.581250 
141179972677320 -4.875000 47.306252 8.606251 
141179992677320 -4.837500 47.381252 8.193750 
141180012677320 -4.687500 47.456253 8.062500 
141180032677320 -4.387500 47.418751 8.006250 
141180052677320 -4.031250 47.400002 8.287500 
141180072677320 -3.900000 47.343750 8.700001 
141180092677320 -3.618750 47.287502 9.112500 
141180112677320 -3.450000 47.362503 10.012501 
141180132677320 -3.281250 47.156250 10.968750 
141180152677320 -3.150000 46.912502 11.925000 
141180172677320 -3.318750 46.837502 13.012501 
141180192677320 -3.637500 46.650002 14.193750 
141180212677320 -3.975000 46.256252 15.281251 
141180232677320 -4.256250 45.825001 16.518751 
141180252677320 -4.687500 45.506252 17.943750 
141180272677320 -5.100000 44.606251 18.825001 
141180292677320 -5.362500 44.062500 20.550001 
141180312677320 -5.793750 43.500000 22.012501 
141180332677320 -6.093750 42.562500 23.568750 
141180352677320 -6.468750 41.700001 24.956251 
141180372677320 -6.712500 40.612503 26.475000 
141180392677320 -6.918750 39.412502 28.312502 
141180412677320 -7.706250 38.531250 30.393751 
141180432677320 -7.237500 37.200001 31.837502 
141180452677320 -7.050000 35.831253 33.131252 
141180472677320 -6.900000 34.968750 34.293751 
141180492677320 -6.787500 34.106251 35.137501 
141180512677320 -6.825000 33.543751 35.756252 
141180532677320 -6.993750 33.356251 36.262501 
141180552677320 -7.443750 33.618752 35.906250 
141180572677320 -7.818750 34.012501 35.250000 
141180592677320 -8.737500 34.893753 34.200001 
141180612677320 -9.600000 35.812500 32.850002 
141180632677320 -10.687500 36.693752 31.050001 
141180652677320 -11.550000 37.856251 29.193750 
141180672677320 -12.093751 39.018753 27.356251 
141180692677320 -12.712501 40.181252 25.293751 
141180712677320 -12.956250 41.268753 23.362501 
141180732677320 -13.050000 42.375000 21.543751 
141180752677320 -12.881250 43.312500 19.612501 
141180772677320 -12.637501 44.212502 17.812500 
141180792677320 -11.850000 44.981251 15.937501 
141180812677320 -11.400001 45.656250 14.456250 
141180832677320 -10.856251 46.143753 12.993751 
141180852677320 -10.125000 46.687500 11.606251 
141180872677320 -9.750000 47.006252 10.275001 
141180892677320 -9.375000 47.475002 8.700001 
141180912677320 -9.225000 47.512501 7.687500 
141180932677320 -8.981251 47.831253 6.600000 
141180952677320 -9.243751 47.925003 6.225000 
141180972677320 -9.225000 48.093754 5.850000 
141180992677320 -9.468750 48.187504 5.475000 
141181012677320 -9.731251 48.168751 5.437500 
141181032677320 -9.675000 48.262501 5.737500 
141181052677320 -9.787500 48.168751 6.543750 
141181072677320 -9.918751 47.962502 7.500000 
141181092677320 -10.237500 47.681252 8.868751 
141181112677320 -10.443750 47.381252 9.881250 
141181132677320 -10.781250 46.818752 11.212501 
141181152677320 -11.081250 46.481251 12.993751 
141181172677320 -11.662500 45.956253 14.718751 
141181192677320 -12.225000 45.150002 16.368752 
141181212677320 -12.731251 44.381252 18.206251 
141181232677320 -13.087501 43.931252 19.950001 
141181252677320 -13.106251 43.031250 22.218750 
141181272677320 -12.900001 41.793751 24.656252 
141181292677320 -12.300000 40.556252 26.981251 
141181312677320 -11.850000 39.037502 29.362501 
141181332677320 -10.800000 37.368752 31.556252 
141181352677320 -10.312500 36.093750 34.575001 
141181372677320 -9.412500 34.443752 36.750000 
141181392677320 -8.718750 32.643753 38.775002 
141181412677320 -8.250000 31.537500 39.618752 
141181432677320 -7.950000 30.975000 40.237503 
141181452677320 -8.062500 30.956251 40.481251 
141181472677320 -8.156250 30.900002 40.256252 
141181492677320 -8.718750 31.518751 39.618752 
141181512677320 -9.206250 32.587502 38.362503 
141181532677320 -10.200001 33.937500 36.843750 
141181552677320 -10.800000 35.568752 35.362503 
141181572677320 -11.400001 36.881252 33.768753 
141181592677320 -11.887501 38.418751 32.081253 
141181612677320 -12.318750 39.712502 30.187502 
141181632677320 -12.337501 41.381252 28.256250 
141181652677320 -12.187501 42.525002 26.475000 
141181672677320 -11.550000 43.818752 24.487501 
141181692677320 -10.518750 44.718750 22.631250 
141181712677320 -9.768750 45.300003 20.793751 
141181732677320 -9.093750 46.012501 19.068750 
141181752677320 -8.606251 46.556252 17.362501 
141181772677320 -8.025001 47.118752 15.975000 
141181792677320 -7.762500 47.456253 14.437501 
141181812677320 -7.350000 47.793751 12.975000 
141181832677320 -7.031250 48.225002 12.075001 
141181852677320 -7.293750 48.337502 11.268750 
141181872677320 -7.275000 48.450001 10.668751 
141181892677320 -7.556250 48.562504 10.406250 
141181912677320 -7.612500 48.675003 10.312500 
141181932677320 -7.837500 48.618752 10.331250 
141181952677320 -7.875000 48.412502 10.593750 
141181972677320 -8.193750 48.318752 11.456250 
141181992677320 -8.456250 47.962502 12.000000 
141182012677320 -8.662500 47.812500 12.918751 
141182032677320 -9.187500 47.606251 14.062501 
141182052677320 -9.281250 47.325001 15.337501 
141182072677320 -9.431251 46.725002 16.931252 
141182092677320 -9.375000 46.087502 18.656250 
141182112677320 -9.825001 45.206253 20.737501 
141182132677320 -9.581250 43.556252 22.893751 
141182152677320 -9.600000 42.187500 25.537500 
141182172677320 -9.525001 40.725002 28.012501 
141182192677320 -9.281250 39.168751 30.731251 
141182212677320 -9.075001 37.387501 33.000000 
141182232677320 -8.981251 35.850002 35.118752 
141182252677320 -8.868751 34.331253 36.918751 
141182272677320 -8.381250 33.018753 38.531250 
141182292677320 -8.100000 32.437500 39.581253 
141182312677320 -8.175000 31.875002 39.975002 
141182332677320 -8.343750 31.631250 40.237503 
141182352677320 -8.531250 31.725000 39.900002 
141182372677320 -8.981251 32.212502 39.412502 
141182392677320 -9.543751 32.793751 38.662502 
141182412677320 -10.256250 33.562500 37.593750 
141182432677320 -11.006250 34.706253 35.925003 
141182452677320 -11.850000 35.925003 34.087502 
141182472677320 -12.337501 37.293751 32.606251 
141182492677320 -12.600000 38.775002 30.637501 
141182512677320 -12.693750 39.862503 28.537500 
141182532677320 -12.525001 41.175003 26.531252 
141182552677320 -12.337501 42.506252 24.468752 
141182572677320 -11.943750 43.593750 22.368752 
141182592677320 -11.587501 44.812500 20.362501 
141182612677320 -10.968750 45.600002 18.581251 
141182632677320 -10.518750 46.368752 16.650002 
141182652677320 -10.125000 46.856251 14.850000 
141182672677320 -10.012501 47.606251 13.725000 
141182692677320 -9.843750 47.962502 12.581250 
141182712677507 -9.600000 48.300003 11.550000 
141182732677299 -9.618751 48.712502 11.118751 
141182752677299 -9.318750 48.712502 10.893750 
141182772677299 -9.243751 48.787502 10.537500 
141182792677299 -9.056251 48.768753 10.593750 
141182812677299 -9.168751 48.675003 11.137501 
141182832677299 -9.075001 48.468754 11.343750 
141182852677299 -9.262501 48.281254 11.925000 
141182872677299 -9.543751 48.000000 12.918751 
141182892677299 -9.975000 47.793751 13.875001 
141182912677299 -10.406250 47.287502 15.337501 
141182932677299 -10.762501 46.612503 16.987501 
141182952677299 -11.681251 45.881252 18.881250 
141182972677299 -12.300000 44.868752 20.887501 
141182992677299 -12.900001 43.818752 23.193750 
141183012677299 -13.200001 42.487503 25.518751 
141183032677299 -13.425000 40.912502 27.731251 
141183052677299 -13.293751 39.093750 29.981251 
141183072677299 -13.181251 37.537502 32.062500 
141183092677299 -12.956250 36.000000 33.937500 
141183112677299 -12.356251 34.500000 35.456253 
141183132677299 -11.756250 33.206253 36.900002 
141183152677299 -11.418751 32.250000 37.931252 
141183172677299 -11.231251 31.481251 38.625000 
141183192677299 -11.100000 31.087502 39.056252 
141183212677299 -10.931251 31.012501 39.018753 
141183232677299 -11.156250 31.087502 38.475002 
141183252677299 -11.550000 31.687502 38.062500 
141183272677299 -11.981251 32.568752 37.162502 
141183292677299 -12.450001 33.637501 35.681252 
141183312677299 -12.825001 34.706253 34.050003 
141183332677299 -13.200001 35.887501 32.325001 
141183352677299 -13.425000 37.237503 30.431252 
141183372677299 -13.818750 38.756252 28.725000 
141183392677299 -13.650001 40.012501 26.887501 
141183412677299 -13.462501 41.193752 24.975000 
141183432677299 -12.918751 42.243752 22.987501 
141183452677299 -12.431251 43.312500 21.187500 
141183472677299 -11.756250 44.250000 19.312500 
141183492677299 -11.137501 45.112503 17.531250 
141183512677299 -10.443750 45.787502 16.050001 
141183532677299 -9.806251 46.368752 14.493751 
141183552677299 -9.412500 46.781250 13.200001 
141183572677299 -9.056251 47.006252 11.756250 
141183592677299 -8.700001 47.400002 10.687500 
141183612677299 -8.550000 47.737503 10.125000 
141183632677299 -8.381250 48.075001 10.106251 
141183652677299 -8.175000 48.262501 10.237500 
141183672677299 -7.893750 48.168751 10.406250 
141183692677299 -7.837500 47.850002 11.062500 
141183712677299 -7.837500 47.718750 11.906250 
141183732677299 -8.006250 47.812500 13.087501 
141183752677299 -8.118751 47.381252 14.531251 
141183772677299 -8.287500 46.912502 15.731251 
141183792677299 -8.662500 45.693752 17.606251 
141183812677299 -9.150001 45.168751 19.312500 
141183832677299 -9.768750 44.418751 20.981251 
141183852677299 -10.368751 43.631252 22.762501 
141183872677299 -10.837501 42.468750 24.862501 
141183892677299 -11.287500 41.381252 26.887501 
141183912677299 -11.606251 39.900002 29.362501 
141183932677299 -11.456250 38.306252 31.800001 
141183952677299 -11.175000 36.543751 33.825001 
141183972677299 -10.893750 34.931252 35.793751 
141183992677299 -10.593750 33.750000 37.743752 
141184012677299 -10.143750 32.550003 39.150002 
141184032677299 -9.731251 31.612501 39.918751 
141184052677299 -9.450001 31.162500 40.612503 
141184072677299 -9.262501 31.181252 40.706253 
141184092677299 -9.506250 31.481251 40.462502 
141184112677299 -9.881250 32.156250 39.656250 
141184132677299 -10.012501 33.206253 38.606251 
141184152677299 -10.200001 34.425003 37.275002 
141184172677299 -10.331250 35.700001 35.606251 
141184192677299 -10.237500 37.275002 34.031250 
141184212677299 -10.162500 38.362503 32.381252 
141184232677299 -10.143750 39.693752 30.581251 
141184252677299 -9.900001 41.137501 28.537500 
141184272677299 -9.581250 42.412502 26.793751 
141184292677299 -9.318750 43.237503 24.843752 
141184312677299 -9.037500 44.025002 22.537500 
141184332677299 -9.056251 45.000000 20.587502 
141184352677299 -9.187500 45.843750 18.543751 
141184372677299 -9.450001 46.481251 16.462502 
141184392677299 -9.468750 46.931252 14.362500 
141184412677299 -9.543751 47.231251 12.843751 
141184432677299 -9.825001 47.400002 11.212501 
141184452677299 -10.181251 47.606251 10.237500 
141184472677299 -10.387501 47.681252 9.787500 
141184492677299 -10.368751 47.550003 9.581250 
141184512677299 -10.443750 47.175003 9.825001 
141184532677299 -10.518750 46.893753 10.087501 
141184552677299 -10.743751 46.650002 10.856251 
141184572677299 -10.893750 46.425003 11.587501 
141184592677299 -10.950001 46.125000 12.712501 
141184612677299 -11.137501 45.675003 13.593751 
141184632677299 -11.400001 45.206253 14.943750 
141184652677299 -11.737500 44.643753 16.218750 
141184672677299 -11.981251 44.212502 18.037500 
141184692677299 -12.131250 43.575001 19.987501 
141184712677299 -12.356251 42.712502 22.293751 
141184732677299 -12.468751 41.381252 24.918751 
141184752677299 -12.506250 40.143753 27.393751 
141184772677299 -12.412500 38.868752 30.075001 
141184792677299 -13.031251 37.687500 32.737503 
141184812677299 -12.656251 36.281250 34.743752 
141184832677299 -12.562501 34.575001 36.262501 
141184852677299 -12.581250 33.356251 37.650002 
141184872677299 -12.412500 32.475002 38.287502 
141184892677299 -12.618751 31.931252 38.512501 
141184912677299 -12.937501 31.781252 38.531250 
141184932677299 -13.368751 32.118752 37.950001 
141184952677299 -13.762501 32.756252 37.143753 
141184972677299 -14.306251 33.675003 36.206253 
141184992677299 -14.681251 35.156250 34.725002 
141185012677299 -15.056251 36.562500 32.887501 
141185032677299 -15.000001 37.631252 30.656252 
141185052677299 -14.981251 39.000000 28.275002 
141185072677299 -14.681251 40.537502 25.762501 
141185092677299 -14.343751 41.943752 23.268751 
141185112677299 -13.706250 43.218750 20.681252 
141185132677299 -13.200001 44.306252 18.168751 
141185152677299 -12.600000 45.731251 15.618751 
141185172677299 -12.093751 46.537502 13.350000 
141185192677299 -11.475000 47.381252 11.062500 
141185212677299 -11.100000 48.281254 9.150001 
141185232677299 -10.837501 48.731251 7.556250 
141185252677299 -10.687500 49.031254 6.468750 
141185272677299 -10.631250 49.443752 5.643750 
141185292677299 -10.668751 49.443752 5.137500 
141185312677299 -10.950001 49.612503 5.156250 
141185332677299 -11.306251 49.668751 5.512500 
141185352677299 -11.550000 49.518753 6.356250 
141185372677299 -11.943750 49.368752 7.293750 
141185392677299 -12.281251 49.143753 8.512501 
141185412677299 -12.356251 48.750004 9.600000 
141185432677299 -12.768750 48.468754 10.950001 
141185452677299 -13.368751 48.337502 12.356251 
141185472677299 -13.518750 47.812500 13.893750 
141185492677299 -13.762501 47.193752 15.431251 
141185512677299 -14.250001 46.050003 16.987501 
141185532677299 -14.718751 44.868752 18.768751 
141185552677299 -15.112500 43.818752 20.906250 
141185572677299 -15.393750 42.750000 23.193750 
141185592677299 -15.412500 41.418751 25.425001 
141185612677299 -14.850000 39.862503 28.031252 
141185632677299 -14.962501 38.493752 30.768751 
141185652677299 -14.250001 36.862503 33.000000 
141185672677299 -13.725000 35.381252 34.706253 
141185692677299 -12.806251 34.500000 36.543751 
141185712677299 -12.337501 33.468750 37.762501 
141185732677299 -12.131250 33.037502 38.531250 
141185752677299 -11.737500 32.831253 38.906250 
141185772677299 -11.943750 33.243752 38.268753 
141185792677299 -12.168751 33.900002 37.181252 
141185812677299 -12.506250 35.175003 35.737503 
141185832677299 -12.881250 36.600002 34.293751 
141185852677299 -13.162500 37.875000 32.475002 
141185872677299 -13.312501 39.956253 30.150002 
141185892677299 -13.256250 41.325001 28.125002 
141185912677299 -13.293751 42.581253 25.687502 
141185932677299 -12.937501 43.762501 23.681252 
141185952677299 -12.712501 45.018753 21.393751 
141185972677299 -12.637501 45.956253 19.387501 
141185992677299 -12.150001 46.781250 16.725000 
141186012677299 -12.187501 47.475002 14.437501 
141186032677299 -12.056251 48.000000 12.562501 
141186052677299 -12.037500 48.412502 10.612500 
141186072677299 -11.943750 48.881252 9.262501 
141186092677299 -12.000000 49.143753 8.100000 
141186112677299 -12.000000 49.275002 7.556250 
141186132677299 -11.925000 49.218754 7.181250 
141186152677299 -12.206250 49.106251 7.350000 
141186172677299 -12.150001 49.012501 7.837500 
141186192677299 -12.543751 48.787502 8.362500 
141186212677299 -12.862500 48.600002 9.300000 
141186232677299 -13.050000 48.543751 10.406250 
141186252677299 -13.406251 48.093754 11.568750 
141186272677299 -13.837501 47.550003 12.862500 
141186292677299 -14.268750 47.025002 14.418751 
141186312677299 -14.662500 45.750000 16.312500 
141186332677299 -15.093751 44.700001 18.131250 
141186352677299 -15.262501 43.743752 20.456251 
141186372677299 -15.356251 42.675003 22.575001 
141186392677299 -15.768750 41.006252 24.900002 
141186412677299 -15.787500 39.412502 27.150002 
141186432677299 -15.768750 37.593750 29.868752 
141186452677299 -15.525001 35.831253 32.250000 
141186472677299 -15.337501 34.050003 34.406250 
141186492677299 -15.225000 32.925003 36.318752 
141186512677299 -14.850000 31.650002 37.612503 
141186532677299 -14.681251 30.768751 38.812500 
141186552677299 -14.568750 30.487501 39.375000 
141186572677299 -14.362500 30.468752 39.637501 
141186592677299 -14.568750 31.050001 38.906250 
141186612677299 -14.850000 31.950001 37.800003 
141186632677299 -15.000001 33.281250 36.487503 
141186652677299 -14.943750 34.800003 34.968750 
141186672677299 -15.150001 36.262501 33.206253 
141186692677299 -14.175000 37.518753 30.975000 
141186712677299 -13.856251 38.831253 28.743752 
141186732677299 -13.556251 40.256252 26.493752 
141186752677299 -12.975000 41.756252 24.075001 
141186772677299 -12.412500 42.975002 21.731251 
141186792677299 -12.037500 44.212502 19.331251 
141186812677299 -11.756250 44.887501 16.950001 
141186832677299 -11.625000 45.618752 14.831250 
141186852677299 -11.700001 46.537502 12.637501 
141186872677299 -11.681251 47.100002 10.931251 
141186892677299 -12.037500 47.475002 9.731251 
141186912677299 -12.168751 47.550003 8.812500 
141186932677299 -12.600000 47.568752 8.137501 
141186952677299 -12.881250 47.493752 7.593750 
141186972677299 -13.050000 47.643753 7.837500 
141186992677299 -13.293751 47.756252 8.231251 
141187012677299 -13.706250 47.437500 9.150001 
141187032677299 -14.212501 46.950001 10.162500 
141187052677299 -14.737500 46.537502 11.006250 
141187072677299 -15.750001 46.143753 12.337501 
141187092677299 -16.293751 45.750000 13.931251 
141187112677299 -17.175001 45.056252 15.600000 
141187132677299 -17.700001 44.268753 17.137501 
141187152677299 -18.262501 43.425003 18.656250 
141187172677299 -18.993752 42.450001 20.381250 
141187192677299 -19.312500 41.662502 22.050001 
141187212677299 -19.368752 40.668751 23.868752 
141187232677299 -19.200001 39.525002 25.518751 
141187252677299 -19.068750 38.606251 27.093752 
141187272677299 -19.181252 37.631252 28.425001 
141187292677299 -19.275002 36.712502 30.093752 
141187312677299 -19.181252 35.887501 31.668751 
141187332677299 -18.881250 35.137501 32.793751 
141187352677299 -18.843750 34.743752 33.881252 
141187372677299 -18.750000 34.481251 34.425003 
141187392677299 -18.675001 34.650002 34.518753 
141187412677299 -18.675001 34.818752 34.237503 
141187432677299 -18.356251 35.343750 33.506252 
141187452677299 -18.150002 35.925003 32.418751 
141187472677299 -17.943750 36.731251 31.050001 
141187492677299 -17.381250 38.193752 29.793751 
141187512677299 -17.100000 39.281250 27.806252 
141187532677299 -16.612501 40.425003 25.987501 
141187552677299 -16.050001 41.493752 24.225000 
141187572677299 -15.806251 42.693752 22.293751 
141187592677299 -15.581250 43.612503 20.250000 
141187612677299 -15.075001 44.737503 18.206251 
141187632677299 -15.150001 45.693752 16.368752 
141187652677299 -14.981251 46.143753 13.893750 
141187672677299 -14.700001 46.706253 12.300000 
141187692677299 -14.887501 47.137501 10.575001 
141187712677299 -15.000001 47.400002 9.075001 
141187732677299 -14.831250 47.475002 8.006250 
141187752677299 -14.831250 47.568752 7.575000 
141187772677299 -15.281251 47.568752 7.050000 
141187792677299 -15.206250 47.737503 6.787500 
141187812677299 -15.112500 47.493752 7.293750 
141187832677299 -15.318750 47.343750 7.856250 
141187852677299 -15.562501 47.325001 8.925000 
141187872677299 -15.675000 47.062500 10.050000 
141187892677299 -16.125000 46.950001 11.231251 
141187912677299 -16.275002 46.500000 12.637501 
141187932677299 -16.275002 45.862503 14.362500 
141187952677299 -16.368752 45.468750 16.631250 
141187972677299 -16.818750 44.887501 18.487501 
141187992677299 -17.175001 44.231251 20.512501 
141188012677299 -17.306252 43.125000 22.500000 
141188032677299 -17.493752 42.150002 24.618752 
141188052677299 -17.287500 40.968750 26.568750 
141188072677299 -17.156250 39.750000 28.631250 
141188092677299 -17.325001 38.737503 30.675001 
141188112677299 -17.343750 37.462502 32.475002 
141188132677299 -17.043751 36.487503 34.106251 
141188152677299 -16.725000 35.456253 35.193752 
141188172677299 -16.650002 34.518753 35.943752 
141188192677299 -16.687500 34.087502 36.337502 
141188212677299 -16.856251 33.731251 36.600002 
141188232677299 -17.175001 34.087502 35.906250 
141188252677299 -17.250000 34.650002 34.968750 
141188272677299 -17.343750 35.756252 33.731251 
141188292677299 -17.437500 36.881252 32.062500 
141188312677299 -17.475000 38.118752 30.225000 
141188332677299 -17.512501 39.787502 28.218752 
141188352677299 -17.156250 41.100002 26.456251 
141188372677299 -16.631250 42.900002 24.000000 
141188392677299 -16.481251 44.175003 21.881250 
141188412677299 -15.975000 45.131252 19.556252 
141188432677299 -15.731251 45.975002 17.287500 
141188452677299 -15.562501 46.875000 15.393750 
141188472677299 -15.412500 47.493752 13.593751 
141188492677299 -14.906251 47.925003 11.868751 
141188512677299 -14.625001 48.243752 9.956250 
141188532677299 -14.925000 48.337502 8.793751 
141188552677299 -14.812501 48.637501 8.137501 
141188572677299 -14.925000 48.937504 7.575000 
141188592677299 -14.962501 48.993752 7.537500 
141188612677299 -14.962501 48.993752 7.593750 
141188632677299 -15.112500 49.237503 8.081250 
141188652677299 -15.300000 49.275002 8.887501 
141188672677299 -15.431251 49.050003 9.937500 
141188692677299 -15.393750 48.825001 11.156250 
141188712677299 -15.393750 48.412502 12.393750 
141188732677299 -15.618751 48.000000 13.725000 
141188752677299 -15.731251 47.231251 15.168751 
141188772677299 -15.975000 46.537502 16.893751 
141188792677299 -16.256250 45.731251 18.768751 
141188812677299 -16.593750 44.906250 20.662500 
141188832677299 -16.781250 44.175003 22.725000 
141188852677299 -16.931252 43.350002 24.843752 
141188872677299 -17.118752 42.356251 26.681252 
141188892677299 -16.950001 41.006252 29.025002 
141188912677299 -16.518751 39.731251 31.087502 
141188932677299 -15.918751 38.606251 33.300003 
141188952677299 -15.393750 37.256252 34.968750 
141188972677299 -14.737500 36.056252 36.750000 
141188992677299 -14.437501 35.175003 38.343750 
141189012677299 -13.912500 34.350002 39.281250 
141189032677299 -13.687501 33.806252 39.825001 
141189052677299 -13.443750 33.937500 40.068752 
141189072677299 -13.256250 34.275002 39.750000 
141189092677299 -13.331250 34.987503 38.681252 
141189112677299 -13.331250 36.168751 37.500000 
141189132677299 -13.350000 37.368752 35.625000 
141189152677299 -13.181251 38.568752 33.750000 
141189172677299 -12.937501 39.693752 31.781252 
141189192677299 -12.675000 41.250000 29.550001 
141189212677299 -12.150001 42.562500 27.300001 
141189232677299 -11.831250 43.668751 24.468752 
141189252677299 -11.493751 44.850002 22.237501 
141189272677299 -11.381250 45.656250 20.212502 
141189292677299 -11.268750 46.593750 18.337502 
141189312677299 -11.193750 47.287502 16.237501 
141189332677299 -11.418751 48.093754 14.512501 
141189352677299 -11.812500 48.356251 12.900001 
141189372677299 -12.337501 48.750004 11.681251 
141189392677299 -12.450001 48.843754 10.968750 
141189412677299 -12.750001 48.787502 10.706250 
141189432677299 -12.731251 48.825001 10.312500 
141189452677299 -12.862500 48.900002 10.387501 
141189472677299 -12.825001 49.031254 10.950001 
141189492677299 -12.787500 48.956253 11.625000 
141189512677299 -12.806251 48.975002 12.506250 
141189532677299 -12.843751 48.693752 13.706250 
141189552677299 -13.200001 48.075001 14.606251 
141189572677299 -13.425000 47.681252 15.768750 
141189592677299 -13.743751 47.287502 17.100000 
141189612677299 -14.156251 46.425003 18.506250 
141189632677299 -14.456250 45.281250 20.175001 
141189652677299 -15.056251 44.231251 22.050001 
141189672677299 -15.393750 43.200001 24.337502 
141189692677299 -15.675000 41.943752 26.006250 
141189712677299 -15.768750 40.762501 28.050001 
141189732677299 -16.068750 39.393753 30.168751 
141189752677299 -16.143751 37.687500 32.306252 
141189772677299 -16.143751 36.375000 34.256252 
141189792677299 -16.443750 34.912502 35.812500 
141189812677299 -16.387501 33.843750 36.900002 
141189832677299 -16.537500 32.793751 37.425003 
141189852677299 -16.500000 32.025002 38.362503 
141189872677299 -16.687500 31.968752 38.662502 
141189892677299 -16.687500 31.856251 38.381252 
141189912677299 -16.781250 32.193752 37.931252 
141189932677299 -16.950001 32.756252 37.031250 
141189952677299 -17.025002 33.750000 35.887501 
141189972677299 -17.081251 34.875000 34.331253 
141189992677299 -16.781250 36.112503 32.643753 
141190012677299 -16.575001 37.556252 30.618752 
141190032677299 -16.012501 38.962502 28.950001 
141190052677299 -15.450001 40.275002 26.662500 
141190072677299 -15.112500 41.550003 24.487501 
141190092677299 -14.362500 42.806252 22.312500 
141190112677299 -13.800000 43.931252 19.950001 
141190132677299 -13.387501 44.643753 17.850000 
141190152677299 -13.218751 45.393753 15.806251 
141190172677299 -13.218751 46.125000 13.575001 
141190192677299 -13.518750 46.387501 11.306251 
141190212677299 -14.137501 46.368752 9.712501 
141190232677299 -14.268750 46.762501 8.493751 
141190252677299 -15.150001 46.950001 7.500000 
141190272677299 -15.543751 46.856251 6.881250 
141190292677299 -16.031250 46.856251 6.581250 
141190312677299 -16.537500 46.687500 6.637500 
141190332677299 -16.875000 46.481251 7.068750 
141190352677299 -17.043751 46.237503 7.518750 
141190372677299 -17.531250 45.862503 8.081250 
141190392677299 -17.925001 45.375000 8.718750 
141190412677299 -17.812500 44.681252 9.712501 
141190432677299 -18.075001 44.268753 10.875000 
141190452677299 -18.187500 43.706253 12.300000 
141190472677299 -18.243752 42.956253 13.612500 
141190492677299 -18.356251 41.962502 15.337501 
141190512677299 -18.506250 41.231251 17.550001 
141190532677299 -18.637501 40.350002 19.631250 
141190552677299 -18.618752 39.487503 21.750000 
141190572677299 -18.900002 38.737503 23.700001 
141190592677299 -18.881250 37.612503 25.893751 
141190612677299 -18.862501 36.262501 27.843752 
141190632677299 -19.012501 34.893753 29.925001 
141190652677299 -18.768751 33.956253 31.837502 
141190672677299 -18.881250 32.925003 33.187500 
141190692677299 -18.731251 32.043751 34.312500 
141190712677299 -18.731251 31.275002 35.062500 
141190732677299 -18.712502 31.012501 35.475002 
141190752677299 -18.712502 31.050001 35.381252 
141190772677299 -18.712502 31.631250 34.968750 
141190792677299 -18.731251 32.531250 34.181252 
141190812677299 -19.181252 33.375000 32.925003 
141190832677299 -18.937500 34.706253 31.181252 
141190852677299 -18.637501 36.206253 29.325001 
141190872677299 -18.168751 37.837502 27.543751 
141190892677299 -17.418751 39.168751 25.518751 
141190912677299 -16.968750 40.575001 23.400002 
141190932677299 -16.387501 41.850002 21.225000 
141190952677299 -15.768750 42.956253 18.843750 
141190972677299 -14.981251 44.100002 16.387501 
141190992677299 -14.325001 45.543751 14.587501 
141191012677299 -14.006250 46.218750 12.600000 
141191032677299 -13.912500 46.593750 10.612500 
141191052677299 -14.081250 47.025002 9.000000 
141191072677299 -14.212501 47.456253 7.856250 
141191092677299 -14.025001 47.775002 6.937500 
141191112677299 -14.043751 48.018753 6.131250 
141191132677299 -14.043751 48.393753 6.093750 
141191152677299 -13.800000 48.393753 6.187500 
141191172677299 -13.725000 48.506252 6.637500 
141191192677299 -13.725000 48.543751 7.350000 
141191212677299 -13.518750 48.525002 8.193750 
141191232677299 -13.237500 48.150002 9.206250 
141191252677299 -13.443750 47.718750 10.406250 
141191272677299 -13.350000 47.025002 12.093751 
141191292677299 -13.443750 46.293751 13.500001 
141191312677299 -13.912500 45.806252 15.337501 
141191332677299 -14.287500 45.112503 17.193750 
141191352677299 -14.456250 44.137501 19.050001 
141191372677299 -14.943750 43.350002 21.243752 
141191392677299 -15.375001 42.356251 23.568750 
141191412677299 -15.468751 41.268753 25.987501 
141191432677299 -15.581250 40.218750 28.087502 
141191452677299 -15.731251 38.775002 30.412500 
141191472677299 -16.050001 37.312500 32.475002 
141191492677299 -15.900001 36.056252 34.425003 
141191512677299 -15.768750 34.912502 35.793751 
141191532677299 -15.693750 33.750000 37.106251 
141191552677299 -15.450001 33.075001 37.706253 
141191572677299 -15.768750 32.625000 37.912502 
141191592677299 -15.918751 32.756252 37.987503 
141191612677299 -16.143751 33.093750 37.518753 
141191632677299 -16.481251 33.731251 36.637501 
141191652677299 -17.081251 34.556252 35.418751 
141191672677299 -17.681252 35.718750 34.068752 
141191692677299 -18.056252 36.937500 32.343750 
141191712677299 -16.931252 38.325001 30.056252 
141191732677299 -16.781250 39.825001 27.993752 
141191752677299 -16.875000 41.231251 25.556252 
141191772677299 -16.556252 42.731251 23.325001 
141191792677299 -16.162500 44.081253 21.093750 
141191812677299 -15.487500 45.600002 18.881250 
141191832677299 -14.868751 46.368752 16.368752 
141191852677299 -14.287500 47.550003 13.987500 
141191872677299 -13.781251 48.056252 12.281251 
141191892677299 -13.518750 48.506252 10.350000 
141191912677299 -13.275001 48.787502 8.962501 
141191932677299 -13.012501 48.956253 7.575000 
141191952677299 -13.125001 49.200001 6.618750 
141191972677299 -13.237500 49.331253 6.168750 
141191992677299 -13.312501 49.537502 6.018750 
141192012677299 -13.481251 49.331253 6.300000 
141192032677299 -13.612500 49.181252 6.656250 
141192052677299 -13.931251 49.050003 7.293750 
141192072677299 -14.175000 48.656254 8.193750 
141192092677299 -14.587501 48.206253 9.356251 
141192112677299 -14.850000 48.131252 10.593750 
141192132677299 -15.056251 47.793751 11.981251 
141192152677299 -15.468751 47.212502 13.593751 
141192172677299 -15.731251 46.556252 15.150001 
141192192677299 -15.806251 45.956253 16.912500 
141192212677299 -15.993751 45.112503 18.862501 
141192232677299 -16.200001 43.987503 20.887501 
141192252677299 -16.387501 43.443752 23.081251 
141192272677299 -16.481251 41.943752 25.293751 
141192292677299 -16.350000 40.800003 27.337502 
141192312677299 -16.200001 39.900002 29.587502 
141192332677299 -15.993751 38.681252 31.556252 
141192352677299 -16.500000 37.500000 33.450001 
141192372677299 -16.237501 36.131252 35.531250 
141192392677299 -16.031250 34.950001 37.125000 
141192412677299 -15.693750 33.675003 38.587502 
141192432677299 -15.450001 33.000000 39.581253 
141192452677299 -15.187501 32.306252 40.031250 
141192472677299 -15.000001 31.893751 40.031250 
141192492677299 -15.206250 32.043751 39.825001 
141192512677299 -15.150001 32.775002 39.281250 
141192532677299 -15.375001 33.900002 37.987503 
141192552677299 -15.525001 35.362503 36.243752 
141192572677299 -15.918751 36.900002 33.975002 
141192592677299 -15.993751 38.418751 31.443750 
141192612677299 -16.575001 40.162502 29.137501 
141192632677299 -16.875000 41.587502 26.606251 
141192652677299 -16.800001 43.162502 24.206251 
141192672677299 -17.212502 44.568752 21.862501 
141192692677299 -17.418751 45.918751 19.387501 
141192712677299 -17.418751 46.387501 17.212502 
141192732677299 -17.643751 47.175003 15.075001 
141192752677299 -17.756250 47.737503 13.368751 
141192772677299 -17.962502 48.281254 11.737500 
141192792677299 -18.487501 48.731251 10.406250 
141192812677299 -18.975000 48.956253 9.243751 
141192832677299 -19.125000 48.806252 8.437500 
141192852677299 -19.293751 48.337502 8.043751 
141192872677299 -19.518751 47.962502 8.081250 
141192892677299 -19.500000 47.437500 8.306251 
141192912677299 -19.406250 46.912502 8.906250 
141192932677299 -19.275002 46.331253 9.768750 
141192952677299 -19.068750 45.806252 10.668751 
141192972677299 -19.125000 44.868752 11.512501 
141192992677299 -19.237501 44.400002 12.243751 
141193012677299 -19.200001 43.856251 13.237500 
141193032677299 -19.462502 43.125000 14.175000 
141193052677299 -19.631250 42.375000 15.412500 
141193072677299 -20.193750 41.550003 16.668751 
141193092677299 -21.600000 39.975002 18.037500 
141193112677299 -22.106251 38.943752 19.575001 
141193132677299 -22.350000 38.043751 21.262501 
141193152677299 -22.800001 36.618752 23.400002 
141193172677299 -23.250000 35.418751 25.200001 
141193192677299 -23.493752 34.068752 27.187502 
141193212677299 -23.925001 32.775002 28.837502 
141193232677299 -24.000000 31.575001 30.037500 
141193252677299 -24.375002 30.543751 31.406252 
141193272677299 -24.412500 29.475000 32.400002 
141193292677299 -24.581251 28.800001 33.300003 
141193312677299 -24.693750 28.425001 33.431252 
141193332677299 -24.937502 28.443750 33.300003 
141193352677299 -24.862501 28.893751 32.568752 
141193372677299 -25.012501 29.606251 31.725000 
141193392677299 -25.031252 30.487501 30.731251 
141193412677299 -25.012501 31.575001 29.306252 
141193432677299 -24.862501 32.625000 27.487501 
141193452677299 -24.393751 33.787502 25.106251 
141193472677299 -23.925001 35.175003 23.025002 
141193492677299 -23.250000 36.412502 21.131250 
141193512677299 -22.706251 37.668751 19.312500 
141193532677299 -21.787500 38.831253 17.306252 
141193552677299 -21.431252 39.862503 15.450001 
141193572677299 -20.568750 40.837502 13.762501 
141193592677299 -19.837502 41.887501 11.868751 
141193612677299 -19.425001 42.881252 10.687500 
141193632677299 -18.618752 43.593750 9.468750 
141193652677299 -17.906250 43.837502 8.306251 
141193672677299 -17.587502 44.193752 7.481250 
141193692677299 -17.212502 44.343750 7.106250 
141193712677299 -17.025002 44.606251 6.956250 
141193732677299 -16.706251 44.662502 7.068750 
141193752677299 -16.387501 44.925003 7.687500 
141193772677299 -16.050001 44.737503 8.250000 
141193792677299 -16.218750 44.531250 9.150001 
141193812677299 -16.312500 44.475002 10.012501 
141193832677299 -16.237501 44.081253 11.193750 
141193852677299 -16.256250 43.743752 12.468751 
141193872677299 -16.275002 43.050003 13.987500 
141193892677299 -16.256250 42.356251 15.375001 
141193912677299 -16.668751 41.606251 17.212502 
141193932677299 -16.875000 40.575001 18.862501 
141193952677299 -16.837502 39.825001 20.850000 
141193972677299 -17.062500 38.587502 22.875000 
141193992677299 -17.025002 37.575001 24.918751 
141194012677299 -17.437500 36.412502 26.925001 
141194032677299 -17.325001 35.175003 28.668751 
141194052677299 -16.950001 33.937500 30.637501 
141194072677299 -16.837502 32.718750 32.137501 
141194092677299 -16.443750 31.743752 33.712502 
141194112677299 -16.068750 30.543751 34.687500 
141194132677299 -15.468751 29.887501 35.625000 
141194152677299 -15.468751 29.456251 36.056252 
141194172677299 -14.718751 29.418751 36.262501 
141194192677299 -14.456250 29.550001 36.262501 
141194212677299 -14.362500 30.300001 35.681252 
141194232677299 -14.550000 31.331251 34.781250 
141194252677299 -14.418751 32.418751 33.825001 
141194272677299 -14.343751 33.750000 32.643753 
141194292677299 -14.287500 35.025002 31.275002 
141194312677299 -13.106251 36.206253 29.662500 
141194332677299 -12.993751 37.387501 27.487501 
141194352677299 -12.825001 38.906250 25.331251 
141194372677299 -12.956250 40.012501 23.062500 
141194392677299 -12.562501 41.175003 20.981251 
141194412677299 -12.750001 42.262501 18.693750 
141194432677299 -12.656251 43.668751 16.331251 
141194452677299 -12.712501 44.681252 14.062501 
141194472677299 -12.693750 45.656250 11.981251 
141194492677299 -12.712501 46.275002 10.481251 
141194512677299 -12.843751 46.725002 9.187500 
141194532677299 -12.768750 47.156250 8.343750 
141194552677299 -12.825001 47.343750 7.687500 
141194572677299 -12.525001 47.718750 7.518750 
141194592677299 -12.412500 47.700001 7.687500 
141194612677299 -12.262501 47.850002 8.212501 
141194632677299 -12.318750 47.756252 8.850000 
141194652677299 -12.506250 47.718750 9.937500 
141194672677299 -12.581250 47.437500 11.212501 
141194692677299 -12.731251 46.950001 12.712501 
141194712677299 -13.087501 46.612503 14.362500 
141194732677299 -13.650001 45.768753 15.825001 
141194752677299 -14.418751 45.112503 17.756250 
141194772677299 -14.962501 44.306252 19.500000 
141194792677299 -14.793751 43.706253 21.168751 
141194812677299 -15.093751 42.637501 23.006250 
141194832677299 -15.131250 41.756252 24.693750 
141194852677299 -15.243751 40.650002 26.231251 
141194872677299 -15.281251 39.543751 27.881250 
141194892677299 -14.981251 38.550003 29.587502 
141194912677299 -14.700001 37.518753 30.918751 
141194932677299 -13.931251 36.506252 32.343750 
141194952677299 -13.425000 35.362503 33.806252 
141194972677299 -13.162500 34.537502 34.687500 
141194992677299 -13.125001 33.637501 35.456253 
141195012677299 -13.312501 33.375000 35.906250 
141195032677299 -13.125001 33.075001 35.887501 
141195052677299 -13.143750 33.243752 35.700001 
141195072677299 -13.087501 33.525002 35.081253 
141195092677299 -13.218751 34.162502 34.350002 
141195112677299 -13.500001 35.137501 33.150002 
141195132677299 -13.012501 36.131252 31.743752 
141195152677299 -13.237500 37.387501 30.112501 
141195172677299 -12.937501 38.550003 28.481251 
141195192677299 -12.731251 39.600002 26.587502 
141195212677299 -12.656251 40.650002 24.581251 
141195232677299 -12.150001 41.793751 22.556252 
141195252677299 -11.625000 42.712502 20.418751 
141195272677299 -11.287500 43.312500 18.318750 
141195292677299 -10.762501 44.362503 16.387501 
141195312677299 -10.556251 45.187500 15.225000 
141195332677299 -10.143750 45.937500 13.593751 
141195352677299 -9.543751 46.837502 12.018750 
141195372677299 -9.093750 47.325001 10.556251 
141195392677299 -8.793751 47.493752 9.825001 
141195412677299 -8.550000 47.812500 9.393750 
141195432677299 -7.931250 48.206253 9.056251 
141195452677299 -7.500000 48.300003 9.037500 
141195472677299 -7.368750 48.225002 9.150001 
141195492677299 -7.481250 48.131252 9.525001 
141195512677299 -7.987500 47.831253 10.200001 
141195532677299 -8.287500 47.756252 11.231251 
141195552677299 -8.681251 47.587502 11.906250 
141195572677299 -9.056251 47.306252 12.731251 
141195592677299 -9.843750 46.893753 14.081250 
141195612677299 -10.837501 46.312500 15.468751 
141195632677299 -11.006250 45.993752 16.856251 
141195652677299 -11.868751 45.318752 18.487501 
141195672677299 -12.581250 44.568752 20.681252 
141195692677299 -13.293751 43.500000 22.668751 
141195712677299 -13.837501 42.487503 24.975000 
141195732677299 -14.231251 41.381252 27.131250 
141195752677299 -15.243751 40.181252 29.156252 
141195772677299 -15.262501 38.943752 31.143751 
141195792677299 -15.375001 38.025002 32.981251 
141195812677299 -15.037500 37.087502 34.293751 
141195832677299 -14.887501 36.300003 35.043751 
141195852677299 -14.718751 35.718750 35.606251 
141195872677299 -14.756250 35.456253 35.812500 
141195892677299 -14.925000 35.531250 35.625000 
141195912677299 -15.206250 35.700001 35.362503 
141195932677299 -15.393750 36.375000 34.481251 
141195952677299 -15.712501 37.087502 33.356251 
141195972677299 -16.012501 37.875000 32.118752 
141195992677299 -16.050001 38.643753 30.731251 
141196012677299 -15.975000 39.918751 29.343752 
141196032677299 -15.937501 41.043751 27.450001 
141196052677299 -15.787500 42.075001 25.218752 
141196072677299 -15.356251 43.218750 22.912500 
141196092677299 -15.150001 44.475002 20.550001 
141196112677299 -14.400001 45.450001 18.281250 
141196132677299 -13.893750 46.575001 15.918751 
141196152677299 -13.856251 47.531250 13.762501 
141196172677299 -13.425000 48.093754 11.625000 
141196192677299 -12.750001 48.956253 10.200001 
141196212677299 -12.543751 49.350002 9.093750 
141196232677299 -12.412500 49.687504 8.043751 
141196252677299 -12.150001 49.743752 7.575000 
141196272677299 -12.525001 49.837502 7.462500 
141196292677299 -12.768750 49.612503 7.706250 
141196312677299 -12.543751 49.631252 8.062500 
141196332677299 -12.487500 49.443752 9.000000 
141196352677299 -12.731251 49.350002 9.862500 
141196372677299 -12.937501 48.843754 10.968750 
141196392677299 -13.275001 48.318752 12.112500 
141196412677299 -13.987500 47.981251 13.425000 
141196432677299 -14.475000 46.950001 14.793751 
141196452677299 -14.962501 46.256252 16.312500 
141196472677299 -15.487500 45.375000 18.131250 
141196492677299 -16.125000 44.568752 19.968750 
141196512677299 -16.743752 43.312500 22.012501 
141196532677299 -17.737501 42.000000 24.262501 
141196552677299 -18.243752 40.743752 26.756250 
141196572677299 -18.281250 39.262501 28.912500 
141196592677299 -18.543751 37.856251 30.750002 
141196612677299 -18.487501 36.468750 32.643753 
141196632677299 -18.393751 35.175003 34.181252 
141196652677299 -18.506250 33.993752 35.606251 
141196672677299 -18.318750 33.168751 36.450001 
141196692677299 -18.281250 32.700001 36.956253 
141196712677299 -18.337502 32.643753 36.787502 
141196732677299 -18.543751 32.775002 36.262501 
141196752677299 -18.450001 33.375000 35.587502 
141196772677299 -18.300001 34.481251 34.312500 
141196792677299 -18.318750 35.887501 33.056252 
141196812677299 -17.231251 37.481251 30.918751 
141196832677299 -16.987501 38.925003 29.006250 
141196852677299 -16.462502 40.481251 27.037500 
141196872677299 -15.656251 41.906250 24.693750 
141196892677299 -14.981251 43.293751 22.593750 
141196912677299 -14.568750 44.587502 20.156250 
141196932677299 -14.006250 45.656250 17.700001 
141196952677299 -13.537500 46.837502 15.431251 
141196972677299 -13.143750 47.400002 13.275001 
141196992677299 -12.937501 47.943752 11.100000 
141197012677299 -12.731251 48.675003 9.356251 
141197032677299 -12.787500 48.918751 7.950000 
141197052677299 -12.900001 49.012501 6.637500 
141197072677299 -12.806251 48.993752 6.187500 
141197092677299 -13.106251 48.768753 6.318750 
141197112677299 -12.937501 48.525002 6.562500 
141197132677299 -13.293751 48.600002 7.125000 
141197152677299 -13.650001 48.337502 8.175000 
141197172677299 -14.156251 47.681252 8.925000 
141197192677299 -14.531251 47.306252 10.106251 
141197212677299 -15.075001 46.781250 11.550000 
141197232677299 -15.843751 46.087502 12.862500 
141197252677299 -16.612501 45.506252 14.381250 
141197272677299 -17.981251 44.831253 15.768750 
141197292677299 -18.918751 43.968750 17.793751 
141197312677299 -19.743752 43.200001 19.575001 
141197332677299 -20.437500 42.150002 21.656250 
141197352677299 -21.300001 40.912502 23.906250 
141197372677299 -21.843750 39.675003 26.025002 
141197392677299 -22.012501 38.681252 27.581251 
141197412677299 -22.012501 37.368752 29.512501 
141197432677299 -21.806252 36.000000 31.012501 
141197452677299 -21.375000 34.781250 32.325001 
141197472677299 -20.962502 34.012501 33.581253 
141197492677299 -20.493752 33.618752 34.425003 
141197512677299 -19.875000 33.337502 34.725002 
141197532677299 -19.462502 33.468750 34.781250 
141197552677299 -19.312500 33.843750 34.443752 
141197572677299 -19.331251 34.593750 33.431252 
141197592677299 -19.368752 35.981251 32.343750 
141197612677299 -19.481251 37.237503 30.768751 
141197632677299 -18.562500 38.700001 29.043751 
141197652677299 -18.281250 39.993752 27.075001 
141197672677299 -18.056252 41.606251 24.937502 
141197692677299 -17.606251 42.900002 22.631250 
141197712677299 -17.081251 44.268753 20.362501 
141197732677299 -16.481251 45.543751 18.150002 
141197752677299 -15.468751 46.068752 15.956250 
141197772677299 -14.756250 46.912502 13.762501 
141197792677299 -14.081250 47.475002 11.775001 
141197812677299 -13.687501 48.037502 10.050000 
141197832677299 -13.237500 48.450001 8.568750 
141197852677299 -13.068750 48.975002 7.387500 
141197872677299 -12.900001 49.406254 6.806250 
141197892677299 -12.731251 49.293751 6.412500 
141197912677299 -12.881250 49.387501 6.543750 
141197932677299 -12.900001 49.312504 7.143750 
141197952677299 -13.256250 48.900002 7.612500 
141197972677299 -13.706250 48.562504 8.550000 
141197992677299 -14.006250 48.206253 9.881250 
141198012677299 -14.325001 47.587502 11.212501 
141198032677299 -14.962501 46.781250 12.525001 
141198052677299 -15.731251 46.162502 14.306251 
141198072677299 -16.556252 45.431252 15.675000 
141198092677299 -17.400002 44.381252 17.287500 
141198112677299 -18.656250 43.425003 19.556252 
141198132677299 -19.162500 42.468750 21.337502 
141198152677299 -19.593750 41.325001 23.268751 
141198172677299 -19.931252 40.256252 25.350000 
141198192677299 -20.193750 39.187500 27.093752 
141198212677299 -20.287500 38.250000 28.631250 
141198232677299 -20.268751 37.068752 30.450001 
141198252677299 -20.325001 36.075001 31.762501 
141198272677299 -20.118752 35.175003 33.000000 
141198292677299 -20.156250 34.518753 33.768753 
141198312677299 -20.456251 34.200001 34.050003 
141198332677299 -20.756250 34.106251 34.068752 
141198352677299 -20.700001 34.275002 33.956253 
141198372677299 -20.756250 34.856251 33.262501 
141198392677299 -20.625000 35.681252 32.100002 
141198412677299 -20.268751 36.825001 30.787500 
141198432677299 -19.931252 37.875000 29.062502 
141198452677299 -19.425001 39.206253 27.581251 
141198472677299 -18.731251 40.593750 25.837502 
141198492677299 -17.812500 41.906250 23.756250 
141198512677299 -16.912500 43.200001 21.562500 
141198532677299 -16.050001 44.212502 19.518751 
141198552677299 -15.243751 45.131252 17.568750 
141198572677299 -14.606251 46.237503 15.618751 
141198592677299 -14.156251 47.100002 13.781251 
141198612677299 -13.725000 47.681252 11.812500 
141198632677299 -13.593751 48.112503 9.993751 
141198652677299 -13.650001 48.393753 8.625000 
141198672677299 -14.156251 48.581253 7.706250 
141198692677299 -14.868751 48.450001 7.612500 
141198712677299 -15.637501 48.225002 7.556250 
141198732677299 -16.500000 47.831253 7.893750 
141198752677299 -17.625000 47.400002 8.362500 
141198772677299 -18.525002 46.968750 9.206250 
141198792677299 -19.425001 46.406250 10.406250 
141198812677299 -20.568750 45.731251 11.756250 
141198832677299 -21.562500 45.093750 13.087501 
141198852677299 -22.893751 44.081253 13.068750 
141198872677299 -23.737501 43.425003 14.231251 
141198892677299 -24.450001 42.618752 15.637501 
141198912677299 -24.768751 41.812500 17.231251 
141198932677299 -25.350000 40.837502 18.825001 
141198952677299 -25.912500 39.656250 20.156250 
141198972677299 -26.118752 38.700001 21.918751 
141198992677299 -26.625002 37.518753 23.531250 
141199012677299 -26.362501 36.262501 25.331251 
141199032677299 -26.100000 35.043751 26.887501 
141199052677299 -25.743752 34.162502 28.293751 
141199072677299 -25.556252 33.543751 29.550001 
141199092677299 -25.143751 33.168751 30.412500 
141199112677299 -24.600000 33.225002 31.087502 
141199132677299 -24.168751 33.431252 31.031252 
141199152677299 -23.812500 33.937500 30.450001 
141199172677299 -23.475000 35.006252 29.737501 
141199192677299 -23.137501 36.356251 28.518751 
141199212677299 -22.912500 37.612503 26.793751 
141199232677299 -21.918751 39.300003 24.562502 
141199252677299 -21.543751 40.406250 22.631250 
141199272677299 -20.906250 41.662502 20.475000 
141199292677299 -20.287500 42.768753 18.075001 
141199312677299 -19.725000 44.062500 15.918751 
141199332677299 -19.312500 44.662502 13.612500 
141199352677299 -18.862501 45.506252 11.531250 
141199372677299 -18.506250 46.125000 9.600000 
141199392677299 -18.093750 46.687500 8.006250 
141199412677299 -17.831251 47.193752 6.468750 
141199432677299 -17.756250 47.493752 5.512500 
141199452677299 -17.568750 47.681252 5.100000 
141199472677299 -17.700001 47.756252 4.893750 
141199492677299 -17.643751 47.625000 4.781250 
141199512677299 -17.512501 47.418751 5.137500 
141199532677299 -17.287500 47.268753 5.681250 
141199552677299 -17.418751 46.987503 6.375000 
141199572677299 -17.737501 46.668751 7.556250 
141199592677299 -18.543751 45.937500 8.681251 
141199612677299 -18.731251 45.262501 10.350000 
141199632677299 -19.500000 44.231251 12.150001 
141199652677299 -20.606251 43.312500 14.175000 
141199672677299 -21.881250 42.150002 16.387501 
141199692677299 -23.043751 41.006252 18.881250 
141199712677299 -23.850000 39.468750 21.581251 
141199732677299 -24.656252 37.987503 24.018751 
141199752677299 -24.712502 36.618752 26.550001 
141199772677299 -24.618752 35.212502 28.837502 
141199792677299 -24.281252 34.181252 30.506250 
141199812677299 -23.943750 33.262501 31.800001 
141199832677299 -23.475000 32.700001 32.568752 
141199852677299 -22.987501 32.437500 33.243752 
141199872677299 -22.612501 32.512501 33.056252 
141199892677299 -22.537500 32.850002 32.287502 
141199912677299 -22.500000 33.468750 31.143751 
141199932677299 -22.443750 34.612503 29.625002 
141199952677299 -22.593750 35.700001 27.918751 
141199972677299 -22.518751 36.975002 26.043751 
141199992677299 -22.237501 38.325001 23.943750 
141200012677299 -22.087502 39.525002 21.525002 
141200032677299 -21.937500 40.912502 19.106251 
141200052677299 -21.431252 42.112503 16.950001 
141200072677299 -20.868752 43.425003 14.625001 
141200092677299 -20.175001 44.493752 12.600000 
141200112677299 -19.631250 45.431252 10.631250 
141200132677299 -19.050001 45.862503 8.887501 
141200152677299 -18.768751 46.087502 7.368750 
141200172677299 -18.450001 46.443752 5.906250 
141200192677299 -17.981251 46.668751 4.762500 
141200212677299 -17.943750 46.893753 4.125000 
141200232677299 -17.925001 46.968750 3.768750 
141200252677299 -18.131250 46.875000 3.618750 
141200272677299 -18.337502 46.837502 3.750000 
141200292677299 -18.506250 46.631252 4.012500 
141200312677299 -19.031250 46.462502 4.575000 
141200332677299 -19.556252 46.181252 5.400000 
141200352677299 -20.137501 45.787502 6.581250 
141200372677299 -20.700001 45.318752 7.875000 
141200392677299 -21.562500 44.606251 9.393750 
141200412677299 -22.612501 43.443752 10.593750 
141200432677299 -23.475000 42.431252 12.206250 
141200452677299 -24.225000 41.343750 14.325001 
141200472677299 -24.787500 40.125000 16.687500 
141200492677299 -25.312502 38.700001 19.050001 
141200512677299 -26.118752 37.368752 21.393751 
141200532677299 -26.606251 35.756252 23.456251 
141200552677299 -27.750002 34.593750 25.425001 
141200572677299 -27.918751 33.262501 27.168751 
141200592677299 -27.806252 32.231251 28.631250 
141200612677299 -27.712502 31.687502 29.531252 
141200632677299 -27.618752 31.631250 29.718752 
141200652677299 -27.750002 31.481251 29.550001 
141200672677299 -27.468752 31.987501 28.912500 
141200692677299 -27.206251 32.925003 28.031252 
141200712677299 -26.981251 33.900002 26.625002 
141200732677299 -27.450001 34.912502 25.087502 
141200752677299 -27.037500 36.318752 23.381250 
141200772677299 -26.268751 37.612503 21.468750 
141200792677299 -25.537500 38.775002 19.537500 
141200812677299 -24.637501 40.293751 17.625000 
141200832677299 -23.812500 41.193752 15.843751 
141200852677299 -22.893751 42.168751 13.912500 
141200872677299 -21.993752 43.237503 12.450001 
141200892677299 -21.075001 44.156250 10.987500 
141200912677299 -20.475000 44.681252 9.412500 
141200932677299 -20.343750 45.281250 8.025001 
141200952677299 -19.800001 45.600002 6.862500 
141200972677299 -19.556252 45.825001 6.131250 
141200992677299 -19.200001 46.162502 5.512500 
141201012677299 -19.350000 46.181252 5.212500 
141201032677299 -19.687500 46.050003 5.306250 
141201052677299 -19.875000 45.731251 5.306250 
141201072677299 -20.025002 45.525002 6.075000 
141201092677299 -20.268751 45.112503 6.937500 
141201112677299 -21.225000 45.000000 8.193750 
141201132677299 -22.031250 44.512501 9.506250 
141201152677299 -23.175001 44.043751 11.231251 
141201172677299 -23.925001 43.200001 13.068750 
141201192677299 -24.581251 42.393753 15.000001 
141201212677299 -25.350000 41.343750 17.493752 
141201232677299 -26.137501 40.368752 19.631250 
141201252677299 -26.625002 39.262501 22.106251 
141201272677299 -27.281252 37.856251 24.075001 
141201292677299 -27.206251 36.525002 26.118752 
141201312677299 -26.868752 35.343750 27.825001 
141201332677299 -26.850000 34.425003 29.362501 
141201352677299 -26.793751 33.825001 30.506250 
141201372677299 -26.925001 33.487503 30.881250 
141201392677299 -26.718752 33.431252 31.031252 
141201412677299 -26.793751 33.712502 30.281252 
141201432677299 -26.700001 34.275002 29.250002 
141201452677299 -26.756250 35.343750 28.012501 
141201472677299 -26.662500 36.431252 26.343752 
141201492677299 -26.418751 37.725002 24.375002 
141201512677299 -25.631250 38.962502 22.462502 
141201532677299 -24.937502 40.181252 20.381250 
141201552677299 -24.412500 41.250000 18.281250 
141201572677299 -23.793751 42.225002 16.368752 
141201592677299 -23.137501 43.125000 14.550000 
141201612677299 -22.331251 43.743752 12.543751 
141201632677299 -21.768751 44.418751 11.006250 
141201652677299 -20.793751 44.700001 9.243751 
141201672677299 -19.987501 45.056252 7.856250 
141201692677299 -19.575001 45.412502 6.787500 
141201712677299 -19.181252 45.562500 5.868750 
141201732677299 -18.618752 45.975002 5.418750 
141201752677299 -18.225000 45.956253 5.231250 
141201772677299 -18.075001 46.237503 5.718750 
141201792677299 -17.681252 46.181252 6.056250 
141201812677299 -17.625000 46.443752 6.900000 
141201832677299 -17.606251 46.537502 7.837500 
141201852677299 -17.850000 46.387501 8.887501 
141201872677299 -17.943750 46.106251 10.068750 
141201892677299 -18.243752 45.562500 11.475000 
141201912677299 -19.293751 44.587502 12.487500 
141201932677299 -19.762501 43.743752 13.837501 
141201952677299 -20.456251 42.843750 15.581250 
141201972677299 -21.187500 41.756252 17.568750 
141201992677299 -21.843750 40.350002 19.575001 
141202012677299 -22.143751 39.093750 21.862501 
141202032677299 -22.762501 37.706253 24.150002 
141202052677299 -23.531250 36.356251 26.043751 
141202072677299 -23.718750 35.100002 27.637501 
141202092677299 -24.187502 33.862503 29.268751 
141202112677299 -24.506250 32.981251 30.487501 
141202132677299 -24.975000 32.062500 31.331251 
141202152677299 -25.312502 31.706251 31.668751 
141202172677299 -25.875002 31.687502 31.331251 
141202192677299 -26.306252 31.912500 30.825001 
141202212677299 -26.418751 32.175003 30.206251 
141202232677299 -26.943750 32.550003 29.587502 
141202252677299 -27.037500 32.850002 29.006250 
141202272677299 -27.431252 33.075001 28.537500 
141202292677299 -27.337502 33.431252 28.443750 
141202312677299 -27.337502 33.468750 28.350000 
141202332677299 -27.187502 33.225002 28.743752 
141202352677299 -27.056252 33.243752 28.912500 
141202372677299 -26.831251 33.375000 28.987501 
141202392677299 -26.493752 33.600002 28.706251 
141202412677299 -26.418751 34.218750 28.200001 
141202432677299 -26.268751 34.875000 27.356251 
141202452677299 -25.968752 35.718750 26.118752 
141202472677299 -25.781252 36.637501 25.200001 
141202492677299 -25.537500 37.462502 24.075001 
141202512677299 -25.218752 38.137501 23.193750 
141202532677299 -24.900002 38.587502 22.612501 
141202552677299 -24.543751 39.168751 22.593750 
141202572677299 -23.887501 39.318752 22.668751 
141202592677299 -23.212502 39.468750 23.306252 
141202612677299 -22.593750 39.525002 24.093752 
141202632677299 -21.731251 39.206253 24.675001 
141202652677299 -21.131250 39.150002 25.350000 
141202672677299 -20.418751 38.887501 26.062502 
141202692677299 -19.968750 38.868752 26.662500 
141202712677299 -19.312500 39.000000 26.887501 
141202732677299 -19.106251 39.243752 27.037500 
141202752677299 -18.731251 39.375000 26.756250 
141202772677299 -18.900002 39.056252 26.043751 
141202792677299 -18.975000 39.525002 25.818750 
141202812677299 -18.675001 39.843750 25.387501 
141202832677299 -18.412500 40.143753 25.087502 
141202852677299 -18.056252 40.275002 24.637501 
141202872677299 -17.793751 40.200001 24.187502 
141202892677299 -17.662500 40.162502 24.075001 
141202912677299 -17.587502 40.143753 24.056252 
141202932677299 -17.456251 40.031250 24.075001 
141202952677299 -17.287500 39.937500 24.300001 
141202972677299 -17.400002 39.675003 24.806252 
141202992677299 -17.737501 39.656250 25.181252 
141203012677299 -18.187500 39.206253 25.650002 
141203032677299 -18.637501 38.756252 26.100000 
141203052677299 -18.993752 38.325001 26.906252 
141203072677299 -19.293751 37.650002 27.468752 
141203092677299 -20.156250 36.675003 28.425001 
141203112677299 -20.737501 35.568752 29.156252 
141203132677299 -21.300001 34.668751 29.737501 
141203152677299 -21.900002 33.637501 30.337502 
141203172677299 -22.256250 32.981251 31.125002 
141203192677299 -22.687500 32.268753 31.818750 
141203212677299 -22.931252 31.687502 31.893751 
141203232677299 -23.456251 31.293751 32.118752 
141203252677299 -23.343750 31.725000 31.481251 
141203272677299 -23.343750 32.400002 30.825001 
141203292677299 -23.193750 33.318752 29.850000 
141203312677299 -23.156250 34.293751 28.612501 
141203332677299 -22.893751 35.512501 26.925001 
141203352677299 -22.631250 36.731251 25.068750 
141203372677299 -22.462502 38.231251 23.100000 
141203392677299 -21.825001 39.600002 21.056252 
141203412677299 -21.412500 40.800003 19.256250 
141203432677299 -21.450001 41.550003 16.837502 
141203452677299 -21.206251 42.450001 14.812501 
141203472677299 -20.550001 43.481251 12.768750 
141203492677299 -20.400002 44.081253 11.062500 
141203512677299 -20.062500 44.793751 9.618751 
141203532677299 -19.443750 45.037502 8.343750 
141203552677299 -19.181252 45.562500 7.443750 
141203572677299 -19.012501 46.031250 6.543750 
141203592677299 -19.143751 46.143753 6.018750 
141203612677299 -19.200001 45.993752 5.812500 
141203632677299 -19.275002 45.787502 5.981250 
141203652677299 -19.200001 45.900002 6.131250 
141203672677299 -19.312500 45.806252 6.806250 
141203692677299 -19.875000 45.750000 7.631250 
141203712677299 -20.212502 45.356251 8.531250 
141203732677299 -20.550001 44.775002 9.450001 
141203752677299 -21.000000 44.137501 10.706250 
141203772677299 -21.375000 43.762501 12.187501 
141203792677299 -22.050001 42.937500 13.650001 
141203812677299 -22.762501 41.700001 15.600000 
141203832677299 -23.250000 40.593750 17.325001 
141203852677299 -23.362501 39.281250 19.368752 
141203872677299 -23.643751 38.062500 21.506250 
141203892677299 -23.906250 36.562500 23.887501 
141203912677299 -23.812500 35.437500 26.137501 
141203932677299 -23.512501 34.068752 28.312502 
141203952677299 -23.175001 32.812500 30.562502 
141203972677299 -22.687500 31.481251 32.231251 
141203992677299 -22.443750 30.562502 33.562500 
141204012677299 -22.218750 30.018751 34.275002 
141204032677299 -22.237501 29.793751 34.331253 
141204052677299 -21.937500 30.056252 34.143753 
141204072677299 -21.712502 30.487501 33.431252 
141204092677299 -21.750000 31.350000 32.268753 
141204112677299 -21.675001 32.418751 30.731251 
141204132677299 -21.825001 33.881252 28.875002 
141204152677299 -21.675001 35.343750 26.868752 
141204172677299 -21.487501 36.750000 24.750002 
141204192677299 -20.962502 38.400002 22.781250 
141204212677299 -20.456251 39.618752 20.437500 
141204232677299 -19.931252 40.968750 18.056252 
141204252677299 -19.462502 41.906250 15.768750 
141204272677299 -19.237501 42.637501 13.181251 
141204292677299 -18.675001 43.406250 11.175000 
141204312677299 -18.375000 44.118752 9.431251 
141204332677299 -18.337502 44.531250 8.175000 
141204352677299 -18.393751 44.606251 6.956250 
141204372677299 -18.562500 44.981251 6.412500 
141204392677299 -18.806252 44.887501 6.525000 
141204412677299 -18.900002 44.962502 6.825000 
141204432677299 -18.993752 44.793751 7.593750 
141204452677299 -19.350000 44.681252 8.512501 
141204472677299 -19.837502 44.493752 9.543751 
141204492677299 -19.968750 44.231251 10.518750 
141204512677299 -20.287500 43.818752 11.475000 
141204532677299 -20.943750 43.331253 12.600000 
141204552677299 -21.468750 42.600002 13.256250 
141204572677299 -22.368752 41.850002 14.287500 
141204592677299 -22.987501 41.118752 15.262501 
141204612677299 -23.700001 40.406250 16.293751 
141204632677299 -24.337502 39.206253 17.156250 
141204652677299 -25.087502 38.081253 18.450001 
141204672677299 -25.800001 37.031250 19.987501 
141204692677299 -26.250002 35.700001 21.300001 
141204712677299 -26.381250 34.575001 23.343750 
141204732677299 -26.906252 33.431252 24.656252 
141204752677299 -27.450001 32.343750 26.306252 
141204772677299 -27.525002 31.218752 27.731251 
141204792677299 -27.562502 30.337502 29.118752 
141204812677299 -27.768751 29.981251 29.925001 
141204832677299 -27.825001 29.643751 30.243752 
141204852677299 -27.750002 30.187502 30.018751 
141204872677299 -27.581251 30.881250 29.193750 
141204892677299 -26.981251 31.781252 28.406252 
141204912677299 -26.475000 32.775002 26.943750 
141204932677299 -26.062502 34.031250 25.350000 
141204952677299 -24.468752 35.475002 23.456251 
141204972677299 -23.643751 36.862503 21.300001 
141204992677299 -22.875000 38.343750 19.275002 
141205012677299 -21.937500 39.543751 17.400002 
141205032677299 -21.131250 40.762501 15.431251 
141205052677299 -20.043751 42.450001 13.481251 
141205072677299 -19.350000 43.275002 11.456250 
141205092677299 -18.843750 43.987503 9.562500 
141205112677299 -18.281250 44.606251 7.856250 
141205132677299 -17.962502 45.225002 6.562500 
141205152677299 -17.756250 45.600002 5.700000 
141205172677299 -17.850000 45.618752 5.043750 
141205192677299 -17.737501 45.825001 4.706250 
141205212677299 -17.737501 45.881252 4.706250 
141205232677299 -17.700001 45.881252 5.118750 
141205252677299 -17.756250 45.731251 5.587500 
141205272677299 -18.206251 45.581253 6.712500 
141205292677299 -18.450001 45.262501 7.893750 
141205312677299 -18.750000 44.812500 9.056251 
141205332677299 -19.031250 44.287502 10.593750 
141205352677299 -19.631250 43.275002 12.243751 
141205372677299 -20.475000 42.131252 13.706250 
141205392677299 -21.600000 40.818752 15.656251 
141205412677299 -22.425001 39.750000 17.662500 
141205432677299 -23.062500 38.568752 19.500000 
141205452677299 -23.737501 37.106251 21.375000 
141205472677299 -24.187502 35.625000 23.306252 
141205492677299 -25.687502 34.350002 24.693750 
141205512677299 -26.006250 33.225002 26.268751 
141205532677299 -25.837502 31.987501 28.331251 
141205552677299 -25.893751 30.862501 29.756250 
141205572677299 -25.706251 29.981251 30.975000 
141205592677299 -25.481251 29.400002 31.950001 
141205612677299 -25.312502 28.950001 32.512501 
141205632677299 -25.425001 29.081251 32.343750 
141205652677299 -25.125002 29.306252 31.856251 
141205672677299 -24.881250 29.943750 31.162500 
141205692677299 -24.900002 31.162500 30.093752 
141205712677299 -24.675001 32.550003 28.743752 
141205732677299 -24.318750 34.650002 26.381250 
141205752677299 -23.493752 36.187500 23.850000 
141205772677299 -22.725000 38.025002 21.356251 
141205792677299 -21.600000 39.937500 19.143751 
141205812677299 -20.587502 41.681252 16.668751 
141205832677299 -19.725000 43.162502 14.268750 
141205852677299 -18.693750 44.212502 12.018750 
141205872677299 -17.681252 45.075001 10.200001 
141205892677299 -17.100000 45.281250 9.225000 
141205912677299 -16.406250 45.900002 8.625000 
141205932677299 -15.937501 46.387501 8.156250 
141205952677299 -15.393750 46.237503 7.931250 
141205972677299 -15.243751 46.237503 8.231251 
141205992677299 -15.000001 46.218750 8.737500 
141206012677299 -15.018750 46.125000 9.318750 
141206032677299 -15.112500 46.050003 9.750000 
141206052677299 -15.037500 45.975002 10.556251 
141206072677299 -15.412500 45.487503 11.212501 
141206092677299 -15.768750 45.131252 12.056251 
141206112677299 -16.218750 44.756252 13.181251 
141206132677299 -16.631250 44.043751 14.418751 
141206152677299 -17.250000 43.293751 15.825001 
141206172677299 -18.056252 42.581253 17.437500 
141206192677299 -18.787500 41.493752 19.125000 
141206212677299 -19.875000 40.500000 20.925001 
141206232677299 -20.568750 39.243752 23.043751 
141206252677299 -21.131250 37.650002 25.237501 
141206272677299 -22.500000 35.981251 27.300001 
141206292677299 -22.950001 34.200001 29.287500 
141206312677299 -22.968750 32.700001 31.087502 
141206332677299 -22.987501 31.387501 32.887501 
141206352677299 -23.137501 30.300001 34.350002 
141206372677299 -22.931252 29.231251 35.193752 
141206392677299 -22.987501 28.875002 35.568752 
141206412677299 -23.062500 28.762501 35.512501 
141206432677299 -23.400002 29.306252 34.687500 
141206452677299 -23.831251 30.468752 33.656250 
141206472677299 -24.431252 31.500002 32.231251 
141206492677299 -24.393751 32.718750 30.356251 
141206512677299 -24.393751 34.068752 28.443750 
141206532677299 -24.337502 35.606251 26.512501 
141206552677299 -24.393751 36.993752 24.206251 
141206572677299 -24.168751 38.700001 21.600000 
141206592677299 -23.793751 39.937500 19.087502 
141206612677299 -23.268751 41.118752 16.406250 
141206632677299 -22.593750 42.225002 14.025001 
141206652677299 -22.443750 43.406250 11.662500 
141206672677299 -21.637501 44.906250 10.256250 
141206692677299 -21.562500 45.656250 8.212501 
141206712677299 -21.131250 46.162502 6.543750 
141206732677299 -21.018751 46.387501 5.643750 
141206752677299 -20.943750 46.593750 5.081250 
141206772677299 -20.981251 46.406250 4.837500 
141206792677299 -21.225000 46.218750 4.668750 
141206812677299 -21.431252 45.862503 4.931250 
141206832677299 -21.787500 45.337502 5.250000 
141206852677299 -21.975000 45.018753 5.681250 
141206872677299 -22.500000 44.831253 6.318750 
141206892677299 -22.987501 44.325001 6.956250 
141206912677299 -23.512501 43.725002 7.987500 
141206932677299 -24.300001 43.143753 9.075001 
141206952677299 -25.181252 42.412502 10.275001 
141206972677299 -25.987501 41.475002 11.700001 
141206992677299 -26.943750 40.762501 13.556251 
141207012677299 -27.656252 39.693752 15.693750 
141207032677299 -28.312502 38.156250 17.943750 
141207052677299 -28.987501 36.600002 20.250000 
141207072677299 -28.650002 35.100002 22.256250 
141207092677299 -28.668751 33.937500 24.543751 
141207112677299 -28.800001 32.643753 26.643751 
141207132677299 -28.612501 31.706251 28.425001 
141207152677299 -28.293751 30.712502 29.756250 
141207172677299 -28.350000 29.962502 30.487501 
141207192677299 -28.012501 29.831251 30.843752 
141207212677299 -27.787500 30.187502 30.918751 
141207232677299 -27.881250 30.862501 30.712502 
141207252677299 -27.937502 31.368752 29.775002 
141207272677299 -27.693750 32.193752 28.462502 
141207292677299 -27.956251 32.962502 26.962502 
141207312677299 -27.825001 33.862503 25.312502 
141207332677299 -27.562502 35.156250 23.587502 
141207352677299 -26.418751 36.075001 21.993752 
141207372677299 -25.800001 37.200001 19.931252 
141207392677299 -24.937502 38.193752 18.056252 
141207412677299 -24.168751 39.281250 16.068750 
141207432677299 -23.400002 40.518753 14.100000 
141207452677299 -22.387501 41.681252 12.225000 
141207472677299 -21.468750 42.768753 10.556251 
141207492677299 -20.381250 43.781250 8.887501 
141207512677299 -19.256250 44.662502 7.125000 
141207532677299 -18.393751 45.225002 5.868750 
141207552677299 -17.756250 45.956253 4.668750 
141207572677299 -17.100000 46.406250 3.862500 
141207592677299 -16.312500 46.631252 3.206250 
141207612677299 -15.768750 46.987503 2.718750 
141207632677299 -15.131250 47.175003 2.118750 
141207652677299 -14.681251 47.156250 1.762500 
141207672677299 -14.418751 47.381252 1.818750 
141207692677299 -14.081250 47.343750 1.556250 
141207712677299 -13.837501 47.193752 1.443750 
141207732677299 -13.593751 47.287502 1.425000 
141207752677299 -13.687501 47.381252 1.537500 
141207772677299 -13.481251 47.287502 1.631250 
141207792677299 -13.575001 47.137501 1.968750 
141207812677299 -13.443750 47.212502 2.193750 
141207832677299 -13.443750 47.006252 2.081250 
141207852677299 -13.687501 47.343750 2.212500 
141207872677299 -13.706250 47.475002 2.175000 
141207892677299 -13.706250 47.475002 2.081250 
141207912677299 -13.593751 47.493752 1.912500 
141207932677299 -13.406251 47.493752 1.650000 
141207952677299 -13.237500 47.700001 1.406250 
141207972677299 -13.218751 47.550003 1.293750 
141207992677299 -12.918751 47.531250 1.143750 
141208012677299 -12.693750 47.193752 1.125000 
141208032677299 -12.506250 47.193752 1.181250 
141208052677299 -12.356251 47.456253 0.993750 
141208072677299 -12.393750 47.606251 0.806250 
141208092677299 -12.468751 47.587502 0.637500 
141208112677299 -12.600000 47.625000 0.525000 
141208132677299 -12.637501 47.643753 0.375000 
141208152677299 -12.900001 47.793751 0.187500 
141208172677299 -13.087501 47.906250 -0.206250 
141208192677299 -12.993751 47.775002 -0.768750 
141208212677299 -13.143750 47.456253 -1.237500 
141208232677299 -12.937501 47.306252 -1.387500 
141208252677299 -12.937501 47.381252 -1.368750 
141208272677299 -12.768750 47.362503 -1.612500 
141208292677299 -12.918751 47.568752 -1.818750 
141208312677299 -13.031251 47.550003 -1.706250 
141208332677299 -13.200001 47.925003 -1.706250 
141208352677299 -13.537500 47.831253 -1.631250 
141208372677299 -13.537500 47.925003 -1.518750 
141208392677299 -13.893750 47.831253 -1.743750 
141208412677299 -13.950001 47.793751 -2.118750 
141208432677299 -14.212501 47.700001 -2.343750 
141208452677299 -14.437501 47.550003 -2.587500 
141208472677299 -14.531251 47.325001 -2.925000 
141208492677299 -14.568750 46.912502 -3.206250 
141208512677299 -14.493751 47.081253 -3.581250 
141208532677299 -14.550000 46.818752 -3.900000 
141208552677299 -14.625001 46.800003 -4.068750 
141208572677299 -14.737500 46.875000 -4.331250 
141208592677299 -14.662500 46.893753 -4.518750 
141208612677299 -14.475000 46.837502 -4.687500 
141208632677299 -14.250001 47.043751 -4.931250 
141208652677299 -14.118751 47.100002 -5.100000 
141208672677299 -14.231251 47.025002 -5.081250 
141208692677299 -14.437501 47.287502 -4.931250 
141208712677299 -14.606251 47.156250 -4.856250 
141208732677299 -14.906251 46.968750 -4.687500 
141208752677299 -15.093751 46.875000 -4.725000 
141208772677299 -15.187501 46.837502 -4.800000 
141208792677299 -15.412500 46.743752 -4.387500 
141208812677299 -15.468751 46.743752 -4.350000 
141208832677299 -15.412500 46.856251 -4.143750 
141208852677299 -15.318750 46.950001 -4.050000 
141208872677299 -14.906251 47.156250 -3.975000 
141208892677299 -14.587501 47.193752 -3.881250 
141208912677299 -14.400001 47.268753 -3.431250 
141208932677299 -14.306251 47.287502 -3.056250 
141208952677299 -14.100000 47.175003 -3.093750 
141208972677299 -13.743751 47.175003 -2.850000 
141208992677299 -13.593751 46.950001 -2.662500 
141209012677299 -13.425000 46.856251 -2.475000 
141209032677299 -13.687501 46.762501 -2.475000 
141209052677299 -13.593751 46.706253 -2.493750 
141209072677299 -13.518750 46.631252 -2.568750 
141209092677299 -13.518750 46.762501 -2.700000 
141209112677299 -13.593751 46.875000 -2.981250 
141209132677299 -13.818750 46.912502 -3.037500 
141209152677299 -13.687501 47.025002 -3.206250 
141209172677299 -13.462501 46.931252 -3.318750 
141209192677299 -13.218751 46.893753 -3.206250 
141209212677299 -13.125001 46.781250 -3.018750 
141209232677299 -13.012501 46.631252 -3.018750 
141209252677299 -13.087501 46.631252 -2.887500 
141209272677299 -12.975000 46.537502 -2.606250 
141209292677299 -13.068750 46.556252 -2.531250 
141209312677299 -13.425000 46.631252 -2.418750 
141209332677299 -13.556251 46.443752 -2.475000 
141209352677299 -13.631250 46.612503 -2.493750 
141209372677299 -13.912500 47.006252 -2.531250 
141209392677299 -14.025001 47.175003 -2.737500 
141209412677299 -13.837501 47.062500 -2.700000 
141209432677299 -13.875001 47.025002 -2.887500 
141209452677299 -13.556251 47.006252 -2.718750 
141209472677299 -13.162500 46.856251 -2.606250 
141209492677299 -13.143750 47.137501 -2.456250 
141209512677299 -12.881250 47.006252 -2.268750 
141209532677299 -12.562501 46.893753 -2.175000 
141209552677299 -12.356251 46.968750 -2.100000 
141209572677299 -12.375001 46.987503 -2.081250 
141209592677299 -12.281251 47.306252 -1.837500 
141209612677299 -12.337501 47.325001 -1.818750 
141209632677299 -12.150001 47.437500 -1.743750 
141209652677299 -12.000000 47.250000 -1.800000 
141209672677299 -11.887501 47.287502 -1.893750 
141209692677299 -11.868751 47.062500 -1.837500 
141209712677299 -11.906250 47.156250 -1.800000 
141209732677299 -11.868751 47.400002 -1.856250 
141209752677299 -11.793751 47.212502 -1.818750 
141209772677299 -11.887501 47.118752 -2.081250 
141209792677299 -12.037500 47.212502 -2.268750 
141209812677299 -12.112500 47.193752 -2.418750 
141209832677299 -12.206250 47.306252 -2.681250 
141209852677299 -12.225000 47.287502 -2.925000 
141209872677299 -12.281251 47.156250 -2.681250 
141209892677299 -12.056251 46.950001 -2.793750 
141209912677299 -12.037500 46.762501 -2.943750 
141209932677299 -11.943750 46.837502 -3.075000 
141209952677299 -12.150001 46.818752 -3.150000 
141209972677299 -11.981251 46.912502 -3.131250 
141209992677299 -11.887501 46.912502 -3.187500 
141210012677299 -11.793751 46.968750 -3.187500 
141210032677299 -11.512501 46.875000 -3.412500 
141210052677299 -11.700001 46.837502 -3.356250 
141210072677299 -11.681251 47.043751 -3.487500 
141210092677299 -11.643750 47.062500 -3.375000 
141210112677299 -11.475000 47.212502 -3.300000 
141210132677299 -11.531250 47.175003 -3.262500 
141210152677299 -11.625000 47.175003 -2.943750 
141210172677299 -11.887501 47.212502 -2.606250 
141210192677299 -11.981251 47.400002 -2.512500 
141210212677299 -11.793751 47.550003 -2.568750 
141210232677299 -11.812500 47.606251 -2.287500 
141210252677299 -11.812500 47.568752 -2.025000 
141210272677299 -11.756250 47.437500 -1.837500 
141210292677299 -11.737500 47.512501 -1.612500 
141210312677299 -11.887501 47.287502 -1.387500 
141210332677299 -11.381250 47.325001 -1.293750 
141210352677299 -11.437500 47.025002 -0.937500 
141210372677299 -11.662500 47.100002 -0.562500 
141210392677299 -11.850000 47.043751 -0.393750 
141210412677299 -11.850000 46.950001 -0.168750 
141210432677299 -11.962501 46.818752 0.056250 
141210452677299 -12.225000 46.875000 0.243750 
141210472677299 -12.000000 47.043751 0.412500 
141210492677299 -12.225000 47.006252 0.543750 
141210512677299 -12.225000 47.381252 0.637500 
141210532677299 -11.943750 47.212502 0.806250 
141210552677299 -11.868751 47.137501 0.975000 
141210572677299 -11.812500 47.250000 1.293750 
141210592677299 -11.643750 47.193752 1.912500 
141210612677299 -11.493751 47.100002 2.625000 
141210632677299 -11.568750 47.100002 3.318750 
141210652677299 -11.512501 46.987503 4.050000 
141210672677299 -11.475000 46.668751 4.950000 
141210692677299 -11.643750 46.593750 5.962500 
141210712677299 -11.606251 46.481251 7.068750 
141210732677299 -11.568750 46.181252 8.156250 
141210752677299 -11.718750 45.937500 9.187500 
141210772677299 -11.793751 45.656250 10.125000 
141210792677299 -12.243751 45.262501 11.268750 
141210812677299 -12.993751 44.737503 12.562501 
141210832677299 -13.687501 44.118752 13.762501 
141210852677299 -14.587501 43.218750 15.112500 
141210872677299 -15.637501 42.318752 16.537500 
141210892677299 -17.006250 41.381252 17.925001 
141210912677299 -18.075001 40.368752 19.162500 
141210932677299 -19.106251 39.150002 20.775002 
141210952677299 -19.818750 37.950001 22.256250 
141210972677299 -20.493752 36.993752 23.925001 
141210992677299 -21.225000 35.587502 25.275002 
141211012677299 -21.712502 34.368752 26.775002 
141211032677299 -21.862501 33.225002 28.237501 
141211052677299 -21.787500 31.968752 29.568750 
141211072677299 -21.768751 31.181252 30.675001 
141211092677299 -21.993752 30.693750 31.125002 
141211112677299 -22.275002 30.450001 31.350000 
141211132677299 -22.312500 30.225000 31.031252 
141211152677299 -22.425001 30.693750 30.281252 
141211172677299 -22.518751 31.275002 29.306252 
141211192677299 -22.818750 32.362503 27.825001 
141211212677299 -22.818750 33.581253 26.118752 
141211232677299 -23.025002 34.781250 24.206251 
141211252677299 -22.650002 36.075001 21.900002 
141211272677299 -22.443750 37.237503 19.856251 
141211292677299 -22.143751 38.568752 17.737501 
141211312677299 -21.693750 39.600002 15.768750 
141211332677299 -20.981251 40.837502 13.556251 
141211352677299 -19.912500 41.700001 11.643750 
141211372677299 -19.106251 42.600002 9.450001 
141211392677299 -18.450001 43.125000 7.575000 
141211412677299 -17.737501 43.762501 5.981250 
141211432677299 -16.856251 44.081253 4.575000 
141211452677299 -16.237501 44.381252 3.375000 
141211472677299 -15.806251 44.700001 2.381250 
141211492677299 -15.562501 44.737503 1.875000 
141211512677299 -15.768750 44.831253 1.725000 
141211532677299 -15.825001 44.793751 2.156250 
141211552677299 -15.918751 44.700001 2.812500 
141211572677299 -16.200001 44.662502 3.487500 
141211592677299 -16.575001 44.606251 4.200000 
141211612677299 -16.987501 44.531250 5.175000 
141211632677299 -17.287500 44.362503 6.093750 
141211652677299 -17.456251 44.118752 7.200000 
141211672677299 -17.625000 43.537502 8.287500 
141211692677299 -17.925001 43.237503 9.300000 
141211712677299 -19.143751 42.093750 9.600000 
141211732677299 -19.668751 41.287502 11.212501 
141211752677299 -20.100000 40.256252 12.993751 
141211772677299 -20.793751 39.150002 14.756250 
141211792677299 -21.356251 37.893753 16.856251 
141211812677299 -22.368752 36.543751 18.881250 
141211832677299 -24.131250 35.118752 20.718750 
141211852677299 -24.862501 33.337502 22.800001 
141211872677299 -25.350000 31.762501 24.900002 
141211892677299 -25.687502 30.262501 26.681252 
141211912677299 -25.837502 29.418751 28.050001 
141211932677299 -25.650002 28.518751 29.231251 
141211952677299 -25.687502 27.825001 29.812502 
141211972677299 -25.350000 27.656252 29.925001 
141211992677299 -25.012501 27.900002 29.550001 
141212012677299 -24.787500 28.818750 28.931252 
141212032677299 -24.731251 29.718752 27.806252 
141212052677299 -24.600000 31.031252 26.175001 
141212072677299 -24.506250 32.250000 24.525002 
141212092677299 -24.318750 33.750000 22.500000 
141212112677299 -24.300001 35.287502 20.175001 
141212132677299 -23.887501 36.693752 18.075001 
141212152677299 -23.456251 38.118752 15.750001 
141212172677299 -23.062500 39.337502 13.387501 
141212192677299 -22.331251 40.537502 11.100000 
141212212677299 -21.525002 41.718750 9.037500 
141212232677299 -21.150002 42.543751 6.900000 
141212252677299 -20.381250 43.031250 4.968750 
141212272677299 -19.968750 43.518753 3.431250 
141212292677299 -19.556252 43.837502 2.025000 
141212312677299 -19.125000 44.062500 1.125000 
141212332677299 -18.712502 44.137501 0.487500 
141212352677299 -18.731251 44.156250 0.318750 
141212372677299 -18.581251 44.231251 0.468750 
141212392677299 -18.206251 44.362503 0.618750 
141212412677299 -18.337502 44.381252 0.993750 
141212432677299 -18.393751 44.343750 1.537500 
141212452677299 -18.487501 44.381252 2.306250 
141212472677299 -18.675001 44.325001 3.168750 
141212492677299 -19.050001 44.343750 4.087500 
141212512677299 -19.312500 44.193752 5.025000 
141212532677299 -20.043751 43.293751 6.093750 
141212552677299 -20.643751 42.656250 7.481250 
141212572677299 -21.318750 41.981251 9.150001 
141212592677299 -21.937500 41.175003 10.725000 
141212612677299 -22.725000 40.406250 12.543751 
141212632677299 -23.550001 39.243752 14.118751 
141212652677299 -24.262501 37.893753 15.937501 
141212672677299 -24.918751 36.562500 17.643751 
141212692677299 -25.518751 35.381252 19.687500 
141212712677299 -26.175001 34.181252 21.487501 
141212732677299 -26.456251 32.868752 22.987501 
141212752677299 -26.587502 31.537500 24.900002 
141212772677299 -26.606251 30.262501 26.156252 
141212792677299 -26.493752 29.475000 27.393751 
141212812677299 -26.625002 29.137501 27.768751 
141212832677299 -26.587502 29.043751 27.918751 
141212852677299 -26.362501 29.475000 27.450001 
141212872677299 -26.100000 30.056252 26.625002 
141212892677299 -26.025002 30.975000 25.556252 
141212912677299 -25.687502 32.381252 23.925001 
141212932677299 -25.556252 33.712502 22.200001 
141212952677299 -25.275002 35.212502 20.287500 
141212972677299 -24.506250 36.356251 18.637501 
141212992677299 -23.475000 37.293751 16.537500 
141213012677299 -22.818750 38.456253 14.418751 
141213032677299 -22.012501 39.487503 12.525001 
141213052677299 -21.112501 40.387501 10.687500 
141213072677299 -20.512501 41.231251 8.850000 
141213092677299 -19.818750 41.906250 7.125000 
141213112677299 -19.237501 42.393753 5.325000 
141213132677299 -18.843750 42.862503 4.068750 
141213152677299 -18.581251 43.368752 3.243750 
141213172677299 -18.525002 43.425003 2.568750 
141213192677299 -18.731251 43.556252 2.343750 
141213212677299 -18.918751 43.725002 2.175000 
141213232677299 -19.293751 43.368752 2.325000 
141213252677299 -19.481251 43.312500 2.887500 
141213272677299 -19.968750 42.975002 3.600000 
141213292677299 -20.493752 42.731251 4.481250 
141213312677299 -21.018751 42.375000 5.043750 
141213332677299 -21.693750 42.093750 5.943750 
141213352677299 -22.293751 41.475002 6.675000 
141213372677299 -23.193750 40.800003 7.743750 
141213392677299 -23.962502 40.425003 8.868751 
141213412677299 -25.125002 39.731251 9.975000 
141213432677299 -25.987501 38.887501 11.531250 
141213452677299 -26.925001 37.856251 12.768750 
141213472677299 -27.187502 37.125000 14.475000 
141213492677299 -27.712502 36.206253 15.900001 
141213512677299 -28.387501 35.250000 17.362501 
141213532677299 -28.968752 34.275002 18.918751 
141213552677299 -29.550001 33.056252 20.081251 
141213572677299 -29.606251 32.156250 21.131250 
141213592677299 -29.718752 31.631250 21.768751 
141213612677299 -29.887501 31.406252 22.106251 
141213632677299 -30.037500 31.443750 22.143751 
141213652677299 -30.300001 31.687502 21.900002 
141213672677299 -30.300001 32.156250 21.206251 
141213692677299 -29.906252 32.775002 19.968750 
141213712677299 -29.587502 33.993752 18.562500 
141213732677299 -28.950001 35.062500 16.856251 
141213752677299 -28.200001 36.318752 15.075001 
141213772677299 -27.131250 37.781250 13.256250 
141213792677299 -25.781252 39.075001 11.362500 
141213812677299 -24.131250 40.143753 9.637501 
141213832677299 -22.425001 41.475002 8.081250 
141213852677299 -20.775002 42.618752 6.581250 
141213872677299 -19.031250 43.331253 5.250000 
141213892677299 -17.775002 44.287502 3.768750 
141213912677299 -16.518751 44.887501 2.156250 
141213932677299 -15.525001 45.431252 0.862500 
141213952677299 -15.131250 45.750000 -0.225000 
141213972677299 -14.437501 45.975002 -1.518750 
141213992677299 -13.968751 45.843750 -2.625000 
141214012677299 -13.856251 45.750000 -3.637500 
141214032677299 -13.743751 45.768753 -4.425000 
141214052677299 -13.518750 45.656250 -5.025000 
141214072677299 -13.350000 45.600002 -5.231250 
141214092677299 -13.518750 45.487503 -5.362500 
141214112677299 -13.518750 45.450001 -5.268750 
141214132677299 -13.837501 45.525002 -5.212500 
141214152677299 -13.856251 45.506252 -5.325000 
141214172677299 -14.025001 45.693752 -5.381250 
141214192677299 -14.025001 45.881252 -5.137500 
141214212677299 -14.100000 45.825001 -4.987500 
141214232677299 -14.231251 45.993752 -5.287500 
141214252677299 -14.025001 46.031250 -5.568750 
141214272677299 -13.950001 45.937500 -6.000000 
141214292677299 -13.631250 45.881252 -6.187500 
141214312677299 -13.725000 45.918751 -6.337500 
141214332677299 -13.443750 45.881252 -6.712500 
141214352677299 -13.425000 45.843750 -7.143750 
141214372677299 -13.650001 45.768753 -7.518750 
141214392677299 -13.668751 45.487503 -7.856250 
141214412677299 -13.875001 45.225002 -8.137501 
141214432677299 -13.968751 45.281250 -8.456250 
141214452677299 -14.268750 45.206253 -8.681251 
141214472677299 -14.306251 45.187500 -8.850000 
141214492677299 -14.681251 45.225002 -8.775001 
141214512677299 -14.868751 45.150002 -9.075001 
141214532677299 -15.000001 45.131252 -9.187500 
141214552677299 -15.281251 45.112503 -9.112500 
141214572677299 -15.243751 45.337502 -9.150001 
141214592677299 -15.581250 45.187500 -9.018750 
141214612677299 -15.806251 45.018753 -9.187500 
141214632677299 -15.956250 44.812500 -9.543751 
141214652677299 -15.975000 44.456253 -9.862500 
141214672677299 -16.012501 44.456253 -10.012501 
141214692677299 -15.937501 44.362503 -10.200001 
141214712677299 -15.937501 44.512501 -10.443750 
141214732677299 -16.143751 44.568752 -10.593750 
141214752677299 -16.068750 44.587502 -10.575001 
141214772677299 -16.031250 44.568752 -10.687500 
141214792677299 -15.937501 44.775002 -10.593750 
141214812677299 -15.862500 45.262501 -10.818750 
141214832677299 -15.956250 45.262501 -10.856251 
141214852677299 -15.825001 45.375000 -10.912500 
141214872677299 -15.693750 45.318752 -10.537500 
141214892677299 -15.318750 45.150002 -10.556251 
141214912677299 -15.037500 45.337502 -10.743751 
141214932677299 -14.775001 45.450001 -10.518750 
141214952677299 -14.512501 45.562500 -10.200001 
141214972677299 -14.437501 45.281250 -9.750000 
141214992677299 -14.212501 45.412502 -9.656250 
141215012677299 -13.800000 45.375000 -9.281250 
141215032677299 -13.725000 45.431252 -9.112500 
141215052677299 -13.950001 45.656250 -8.831250 
141215072677299 -13.856251 45.431252 -8.643750 
141215092677299 -13.706250 45.525002 -8.587501 
141215112677299 -13.743751 45.318752 -8.643750 
141215132677299 -13.612500 45.300003 -8.718750 
141215152677299 -13.443750 45.131252 -8.700001 
141215172677299 -13.556251 45.131252 -8.775001 
141215192677299 -13.331250 45.150002 -9.037500 
141215212677299 -13.106251 45.037502 -9.112500 
141215232677299 -12.975000 45.281250 -9.075001 
141215252677299 -12.956250 45.300003 -9.150001 
141215272677299 -12.900001 45.412502 -9.450001 
141215292677299 -12.562501 45.825001 -9.431251 
141215312677299 -12.393750 45.862503 -9.487500 
141215332677299 -12.450001 46.125000 -9.487500 
141215352677299 -12.450001 46.125000 -9.393750 
141215372677299 -12.450001 46.275002 -9.112500 
141215392677299 -12.618751 45.956253 -8.943750 
141215412677299 -12.562501 46.031250 -8.531250 
141215432677299 -12.262501 45.975002 -8.156250 
141215452677299 -12.243751 45.543751 -7.912500 
141215472677299 -12.131250 45.412502 -7.612500 
141215492677299 -12.075001 45.412502 -7.462500 
141215512677299 -12.000000 45.468750 -7.331250 
141215532677299 -11.868751 45.356251 -7.125000 
141215552677299 -11.568750 45.543751 -7.181250 
141215572677299 -11.287500 45.450001 -7.481250 
141215592677299 -11.306251 45.656250 -7.500000 
141215612677299 -11.343750 45.825001 -7.706250 
141215632677299 -11.343750 45.956253 -7.856250 
141215652677299 -11.156250 46.087502 -7.931250 
141215672677299 -11.118751 46.031250 -7.818750 
141215692677299 -11.268750 46.050003 -8.306251 
141215712677299 -11.400001 46.143753 -8.118751 
141215732677299 -11.775001 46.087502 -8.025001 
141215752677299 -11.906250 45.806252 -7.818750 
141215772677299 -12.093751 45.825001 -7.762500 
141215792677299 -12.262501 45.693752 -7.687500 
141215812677299 -12.618751 45.356251 -7.762500 
141215832677299 -12.862500 45.393753 -8.081250 
141215852677299 -12.731251 45.337502 -7.950000 
141215872677299 -12.712501 45.131252 -8.325001 
141215892677299 -12.506250 45.281250 -8.568750 
141215912677299 -12.543751 45.318752 -8.887501 
141215932677299 -12.581250 45.281250 -9.131250 
141215952677299 -12.487500 45.393753 -9.431251 
141215972677299 -12.225000 45.525002 -9.468750 
141215992677299 -12.018750 45.468750 -9.412500 
141216012677299 -11.943750 45.431252 -9.562500 
141216032677299 -11.756250 45.581253 -9.506250 
141216052677299 -11.531250 45.581253 -9.300000 
141216072677299 -11.475000 45.543751 -9.393750 
141216092677299 -11.231251 45.675003 -9.356251 
141216112677299 -11.268750 45.825001 -9.187500 
141216132677299 -11.268750 45.862503 -9.243751 
141216152677299 -11.156250 45.900002 -9.206250 
141216172677299 -11.025001 45.975002 -9.187500 
141216192677299 -10.968750 45.918751 -8.962501 
141216212677299 -11.100000 45.956253 -9.112500 
141216232677299 -10.950001 46.143753 -9.112500 
141216252677299 -11.025001 45.975002 -9.000000 
141216272677299 -11.006250 45.825001 -8.925000 
141216292677299 -10.912500 46.031250 -8.775001 
141216312677299 -10.893750 45.862503 -8.737500 
141216332677299 -10.875000 45.993752 -8.512501 
141216352677299 -10.968750 46.162502 -8.700001 
141216372677299 -10.987500 46.087502 -8.568750 
141216392677299 -10.987500 45.993752 -8.381250 
141216412677299 -11.062500 45.993752 -8.343750 
141216432677299 -10.893750 45.975002 -8.400001 
141216452677299 -10.800000 45.862503 -8.512501 
141216472677299 -10.706250 46.012501 -8.512501 
141216492677299 -10.856251 45.600002 -8.681251 
141216512677299 -10.931251 45.506252 -8.700001 
141216532677299 -10.950001 45.525002 -8.775001 
141216552677299 -11.081250 45.693752 -8.906250 
141216572677299 -11.081250 45.787502 -8.718750 
141216592677299 -10.987500 45.768753 -8.718750 
141216612677299 -11.062500 45.581253 -8.606251 
141216632677299 -11.156250 45.525002 -8.793751 
141216652677299 -11.025001 45.862503 -8.625000 
141216672677299 -10.856251 45.825001 -8.493751 
141216692677299 -10.818750 45.918751 -8.493751 
141216712677299 -10.856251 45.900002 -8.156250 
141216732677299 -10.687500 45.881252 -8.137501 
141216752677299 -10.781250 45.975002 -7.950000 
141216772677299 -10.875000 46.087502 -8.156250 
141216792677299 -11.025001 46.012501 -7.875000 
141216812677299 -11.006250 46.031250 -7.893750 
141216832677299 -10.931251 46.012501 -7.781250 
141216852677299 -10.968750 45.975002 -7.612500 
141216872677299 -10.856251 46.050003 -7.968750 
141216892677299 -10.856251 46.181252 -8.062500 
141216912677299 -10.950001 46.087502 -8.193750 
141216932677299 -10.818750 46.125000 -8.081250 
141216952677299 -10.556251 46.275002 -8.137501 
141216972677299 -10.687500 46.162502 -8.062500 
141216992677299 -11.025001 46.237503 -8.287500 
141217012677299 -11.175000 46.050003 -8.100000 
141217032677299 -11.268750 46.012501 -7.987500 
141217052677299 -11.400001 45.900002 -7.818750 
141217072677299 -11.475000 46.050003 -7.856250 
141217092677299 -11.943750 45.975002 -7.612500 
141217112677299 -12.225000 46.012501 -7.518750 
141217132677299 -12.168751 46.087502 -7.293750 
141217152677299 -12.206250 46.087502 -7.293750 
141217172677299 -12.131250 46.218750 -7.462500 
141217192677299 -12.206250 46.162502 -7.293750 
141217212677299 -12.281251 46.087502 -7.368750 
141217232677299 -12.206250 45.956253 -7.256250 
141217252677299 -12.281251 46.050003 -7.256250 
141217272677299 -12.412500 45.956253 -7.218750 
141217292677299 -12.562501 46.050003 -7.068750 
141217312677299 -12.731251 45.993752 -6.693750 
141217332677299 -13.256250 46.050003 -6.150000 
141217352677299 -13.518750 45.862503 -5.475000 
141217372677299 -13.950001 45.900002 -4.743750 
141217392677299 -14.550000 45.712502 -3.862500 
141217412677299 -15.075001 45.450001 -2.793750 
141217432677299 -15.881250 45.600002 -1.687500 
141217452677299 -16.631250 45.318752 -0.787500 
141217472677299 -17.175001 45.000000 0.525000 
141217492677299 -17.550001 44.700001 1.631250 
141217512677299 -18.168751 44.587502 2.287500 
141217532677299 -18.543751 44.137501 3.356250 
141217552677299 -20.287500 43.087502 3.243750 
141217572677299 -20.681252 42.693752 3.918750 
141217592677299 -20.756250 42.037502 4.950000 
141217612677299 -21.056252 41.700001 6.075000 
141217632677299 -21.450001 41.437500 6.843750 
141217652677299 -21.956251 41.156250 7.931250 
141217672677299 -22.275002 40.743752 9.375000 
141217692677299 -22.762501 40.237503 10.687500 
141217712677299 -23.043751 39.956253 11.868751 
141217732677299 -23.512501 39.375000 13.481251 
141217752677299 -24.150002 38.681252 15.000001 
141217772677299 -24.750002 37.500000 16.818750 
141217792677299 -25.162500 36.281250 18.731251 
141217812677299 -25.406252 34.950001 20.606251 
141217832677299 -25.818750 33.393753 22.312500 
141217852677299 -25.912500 32.100002 24.093752 
141217872677299 -25.650002 30.843752 25.893751 
141217892677299 -25.631250 29.700001 27.375002 
141217912677299 -25.556252 28.706251 28.331251 
141217932677299 -25.762501 28.200001 28.612501 
141217952677299 -25.931252 28.050001 29.062502 
141217972677299 -26.268751 27.993752 28.518751 
141217992677299 -26.343752 28.668751 27.975000 
141218012677299 -26.512501 29.700001 26.775002 
141218032677299 -26.756250 30.731251 25.425001 
141218052677299 -26.343752 31.968752 23.737501 
141218072677299 -26.043751 33.525002 21.900002 
141218092677299 -25.331251 35.025002 20.287500 
141218112677299 -24.637501 36.337502 17.981251 
141218132677299 -23.681252 37.668751 16.068750 
141218152677299 -22.743752 38.737503 14.025001 
141218172677299 -22.106251 39.675003 12.093751 
141218192677299 -21.187500 40.725002 10.481251 
141218212677299 -20.418751 41.550003 8.925000 
141218232677299 -19.575001 42.281250 7.443750 
141218252677299 -18.918751 42.637501 5.793750 
141218272677299 -18.487501 43.200001 4.612500 
141218292677299 -18.262501 43.725002 3.618750 
141218312677299 -18.262501 44.006252 2.943750 
141218332677299 -18.112501 44.156250 2.662500 
141218352677299 -18.037500 44.006252 2.362500 
141218372677299 -18.000000 44.100002 2.493750 
141218392677299 -18.168751 43.875000 2.756250 
141218412677299 -18.431252 43.893753 3.356250 
141218432677299 -18.412500 43.687500 4.200000 
141218452677299 -18.787500 43.068752 5.062500 
141218472677299 -18.787500 42.693752 5.925000 
141218492677299 -18.881250 42.281250 6.881250 
141218512677299 -19.368752 41.906250 8.325001 
141218532677299 -19.856251 41.268753 9.637501 
141218552677299 -20.343750 40.443752 11.137501 
141218572677299 -20.981251 39.656250 12.731251 
141218592677299 -21.656250 38.493752 14.268750 
141218612677299 -22.143751 37.518753 16.143751 
141218632677299 -22.800001 36.506252 18.168751 
141218652677299 -23.493752 35.175003 20.212502 
141218672677299 -24.037500 33.881252 21.862501 
141218692677299 -24.431252 32.700001 23.550001 
141218712677299 -24.937502 31.575001 24.975000 
141218732677299 -25.012501 30.562502 26.231251 
141218752677299 -25.518751 29.437502 27.150002 
141218772677299 -25.575001 28.950001 27.768751 
141218792677299 -26.043751 28.312502 28.143751 
141218812677299 -26.268751 28.425001 27.918751 
141218832677299 -26.400002 28.556252 27.731251 
141218852677299 -26.587502 28.893751 26.962502 
141218872677299 -26.512501 29.662500 25.706251 
141218892677299 -26.700001 30.656252 24.206251 
141218912677299 -26.418751 31.950001 22.612501 
141218932677299 -26.193750 33.112503 20.812500 
141218952677299 -25.612501 34.500000 18.675001 
141218972677299 -25.050001 35.606251 16.950001 
141218992677299 -24.393751 37.050003 14.850000 
141219012677299 -23.493752 38.212502 12.675000 
141219032677299 -22.837502 39.206253 10.931251 
141219052677299 -22.125000 40.087502 9.168751 
141219072677299 -21.487501 40.762501 7.462500 
141219092677299 -20.943750 41.400002 5.737500 
141219112677299 -20.606251 41.925003 4.443750 
141219132677299 -20.306252 42.431252 2.887500 
141219152677299 -20.137501 42.450001 1.875000 
141219172677299 -20.025002 42.750000 1.331250 
141219192677299 -20.025002 42.900002 1.031250 
141219212677299 -19.856251 42.731251 1.125000 
141219232677299 -19.987501 42.750000 1.237500 
141219252677299 -19.968750 42.600002 1.950000 
141219272677299 -20.137501 42.506252 2.568750 
141219292677299 -20.268751 42.112503 3.712500 
141219312677299 -20.456251 41.887501 4.781250 
141219332677299 -21.018751 41.493752 6.000000 
141219352677299 -21.431252 40.950001 7.387500 
141219372677299 -21.975000 40.575001 8.793751 
141219392677299 -22.443750 39.956253 10.275001 
141219412677299 -23.156250 39.168751 11.925000 
141219432677299 -23.643751 38.250000 13.706250 
141219452677299 -24.225000 37.331253 15.618751 
141219472677299 -24.712502 36.075001 17.756250 
141219492677299 -24.787500 34.725002 19.818750 
141219512677299 -24.862501 33.356251 21.712502 
141219532677299 -24.862501 31.893751 23.606251 
141219552677299 -26.325001 30.168751 24.525002 
141219572677299 -26.250002 28.912500 25.987501 
141219592677299 -26.306252 27.825001 27.468752 
141219612677299 -26.062502 27.056252 28.481251 
141219632677299 -25.893751 26.493752 29.006250 
141219652677299 -26.006250 26.250002 29.306252 
141219672677299 -26.250002 26.362501 29.212502 
141219692677299 -26.550001 26.943750 28.593752 
141219712677299 -26.737501 27.581251 27.862501 
141219732677299 -26.737501 28.950001 26.531252 
141219752677299 -26.343752 30.637501 24.656252 
141219772677299 -26.175001 31.856251 22.443750 
141219792677299 -25.762501 33.356251 20.400002 
141219812677299 -25.312502 34.800003 18.018751 
141219832677299 -24.768751 36.300003 15.750001 
141219852677299 -24.056252 37.406250 13.687501 
141219872677299 -22.781250 38.568752 11.137501 
141219892677299 -21.993752 39.393753 9.225000 
141219912677299 -21.243752 40.012501 7.575000 
141219932677299 -20.625000 40.706253 6.000000 
141219952677299 -19.968750 41.381252 4.350000 
141219972677299 -19.575001 42.112503 3.187500 
141219992677299 -18.825001 42.431252 2.193750 
141220012677299 -18.318750 42.843750 1.406250 
141220032677299 -18.318750 43.012501 0.881250 
141220052677299 -18.187500 43.125000 0.712500 
141220072677299 -18.075001 43.200001 0.600000 
141220092677299 -17.943750 43.387501 1.125000 
141220112677299 -18.056252 43.650002 1.856250 
141220132677299 -18.093750 43.331253 2.325000 
141220152677299 -18.337502 43.256252 3.300000 
141220172677299 -18.600000 42.937500 4.068750 
141220192677299 -19.125000 42.600002 5.231250 
141220212677299 -19.425001 42.056252 6.243750 
141220232677299 -19.987501 41.625000 7.706250 
141220252677299 -20.681252 41.231251 8.850000 
141220272677299 -21.356251 40.312500 9.993751 
141220292677299 -22.031250 39.675003 11.681251 
141220312677299 -22.968750 38.381252 12.787500 
141220332677299 -23.400002 37.462502 14.550000 
141220352677299 -23.268751 36.506252 16.200001 
141220372677299 -23.700001 35.643753 18.150002 
141220392677299 -23.887501 34.518753 19.650002 
141220412677299 -23.868752 33.281250 21.300001 
141220432677299 -23.737501 32.362503 22.968750 
141220452677299 -23.418751 31.743752 24.093752 
141220472677299 -23.325001 31.275002 25.125002 
141220492677299 -23.118752 31.293751 25.575001 
141220512677299 -23.193750 31.500002 25.762501 
141220532677299 -22.837502 31.706251 25.256250 
141220552677299 -22.331251 32.343750 24.731251 
141220572677299 -22.050001 33.262501 23.831251 
141220592677299 -22.031250 34.162502 22.500000 
141220612677299 -21.900002 34.781250 21.187500 
141220632677299 -21.975000 35.437500 19.781250 
141220652677299 -22.087502 35.962502 18.881250 
141220672677299 -22.387501 35.943752 17.943750 
141220692677299 -22.950001 36.112503 17.325001 
141220712677299 -23.568750 36.018753 16.931252 
141220732677299 -24.206251 35.662502 16.931252 
141220752677299 -24.618752 35.268753 16.856251 
141220772677299 -25.143751 34.818752 17.456251 
141220792677299 -25.368752 34.443752 18.131250 
141220812677299 -25.800001 33.843750 18.900002 
141220832677299 -25.968752 33.543751 19.800001 
141220852677299 -25.950001 33.281250 20.700001 
141220872677299 -26.006250 33.000000 21.431252 
141220892677299 -25.818750 32.850002 21.900002 
141220912677299 -25.631250 32.756252 22.687500 
141220932677299 -25.537500 32.756252 22.931252 
141220952677299 -25.481251 32.718750 22.837502 
141220972677299 -25.162500 33.018753 22.256250 
141220992677299 -24.787500 33.318752 21.731251 
141221012677299 -24.412500 33.731251 20.887501 
141221032677299 -23.981251 34.200001 20.175001 
141221052677299 -23.531250 34.387501 19.331251 
141221072677299 -23.287500 34.743752 18.693750 
141221092677299 -22.912500 35.025002 18.131250 
141221112677299 -22.743752 35.306252 17.662500 
141221132677299 -22.668751 35.418751 17.606251 
141221152677299 -22.668751 35.475002 17.512501 
141221172677299 -22.875000 35.175003 17.925001 
141221192677299 -23.156250 35.043751 18.037500 
141221212677299 -23.606251 35.062500 18.337502 
141221232677299 -23.850000 34.556252 18.675001 
141221252677299 -24.187502 34.406250 18.956251 
141221272677299 -24.337502 34.200001 19.350000 
141221292677299 -24.768751 33.768753 19.743752 
141221312677299 -24.918751 33.487503 20.100000 
141221332677299 -24.956251 33.431252 20.118752 
141221352677299 -24.787500 33.150002 20.456251 
141221372677299 -24.712502 33.131252 20.681252 
141221392677299 -24.431252 33.281250 20.643751 
141221412677299 -24.300001 33.450001 20.512501 
141221432677299 -24.262501 33.675003 20.456251 
141221452677299 -24.037500 34.050003 19.987501 
141221472677299 -23.643751 34.406250 19.500000 
141221492677299 -23.512501 34.668751 19.125000 
141221512677299 -23.681252 34.893753 18.618752 
141221532677299 -23.775002 34.931252 18.093750 
141221552677299 -24.075001 35.268753 17.718750 
141221572677299 -24.150002 35.156250 17.700001 
141221592677299 -24.318750 35.100002 17.287500 
141221612677299 -24.600000 35.137501 17.212502 
141221632677299 -25.350000 35.006252 17.212502 
141221652677299 -25.650002 34.725002 17.118752 
141221672677299 -25.612501 34.818752 17.306252 
141221692677299 -25.706251 34.837502 17.568750 
141221712677299 -25.856251 34.593750 17.625000 
141221732677299 -26.100000 34.518753 17.737501 
141221752677299 -26.100000 34.368752 18.112501 
141221772677299 -25.931252 34.218750 18.300001 
141221792677299 -25.856251 34.143753 18.506250 
141221812677299 -25.912500 34.387501 18.731251 
141221832677299 -25.950001 34.181252 18.787500 
141221852677299 -25.837502 33.975002 18.918751 
141221872677299 -25.518751 34.012501 18.918751 
141221892677299 -25.293751 34.031250 18.993752 
141221912677299 -25.031252 33.918751 18.806252 
141221932677299 -24.787500 34.087502 18.862501 
141221952677299 -24.468752 34.275002 18.562500 
141221972677299 -24.187502 34.275002 18.506250 
141221992677299 -24.018751 34.350002 18.431252 
141222012677299 -23.943750 34.593750 18.450001 
141222032677299 -23.943750 34.631252 18.768751 
141222052677299 -23.831251 34.837502 18.656250 
141222072677299 -23.831251 34.950001 18.731251 
141222092677299 -23.812500 34.706253 18.825001 
141222112677299 -23.831251 34.706253 19.218750 
141222132677299 -23.831251 34.687500 19.350000 
141222152677299 -23.981251 34.650002 19.350000 
141222172677299 -24.187502 34.593750 19.256250 
141222192677299 -24.300001 34.518753 19.256250 
141222212677299 -24.468752 34.518753 19.256250 
141222232677299 -24.487501 34.593750 19.462502 
141222252677299 -24.881250 34.968750 19.462502 
141222272677299 -24.768751 34.818752 19.518751 
141222292677299 -24.843752 34.818752 19.518751 
141222312677299 -24.750002 34.950001 19.668751 
141222332677299 -24.562502 34.875000 19.556252 
141222352677299 -24.618752 35.006252 19.537500 
141222372677299 -24.506250 35.100002 19.443750 
141222392677299 -24.768751 35.193752 19.293751 
141222412677299 -24.562502 35.025002 18.937500 
141222432677299 -24.806252 35.400002 18.581251 
141222452677299 -24.693750 35.493752 18.487501 
141222472677299 -24.881250 35.493752 18.300001 
141222492677299 -24.656252 35.625000 18.468750 
141222512677299 -24.618752 35.625000 18.318750 
141222532677299 -24.600000 35.437500 18.450001 
141222552677299 -24.506250 35.343750 18.318750 
141222572677299 -24.393751 35.268753 18.487501 
141222592677299 -24.112501 34.950001 18.675001 
141222612677299 -24.300001 34.893753 18.656250 
141222632677299 -24.262501 34.781250 18.675001 
141222652677299 -24.431252 34.556252 18.450001 
141222672677299 -24.450001 34.387501 18.431252 
141222692677299 -24.431252 34.462502 18.168751 
141222712677299 -24.356251 34.481251 18.243752 
141222732677299 -24.468752 34.462502 18.318750 
141222752677299 -24.731251 34.350002 18.375000 
141222772677299 -24.693750 34.350002 18.318750 
141222792677299 -24.750002 34.143753 18.487501 
141222812677299 -24.675001 34.218750 18.543751 
141222832677299 -24.656252 34.312500 18.600000 
141222852677299 -24.675001 34.237503 18.750000 
141222872677299 -24.731251 34.106251 18.843750 
141222892677299 -24.468752 34.050003 18.768751 
141222912677299 -24.262501 34.350002 18.806252 
141222932677299 -24.112501 34.181252 18.787500 
141222952677299 -23.850000 34.368752 18.562500 
141222972677299 -23.681252 34.125000 18.900002 
141222992677299 -23.456251 34.200001 19.200001 
141223012677299 -23.531250 34.237503 19.425001 
141223032677299 -23.643751 34.218750 19.350000 
141223052677299 -23.568750 34.237503 19.462502 
141223072677299 -23.568750 34.068752 19.312500 
141223092677299 -23.512501 34.218750 19.443750 
141223112677299 -23.475000 34.293751 19.425001 
141223132677299 -23.568750 34.518753 19.312500 
141223152677299 -23.681252 34.575001 18.937500 
141223172677299 -23.662500 34.631252 18.675001 
141223192677299 -23.475000 34.650002 18.600000 
141223212677299 -23.625000 34.518753 18.412500 
141223232677299 -23.700001 34.556252 18.281250 
141223252677299 -23.718750 34.443752 18.262501 
141223272677299 -23.981251 34.443752 18.262501 
141223292677299 -24.150002 34.537502 18.131250 
141223312677299 -24.187502 34.481251 18.056252 
141223332677299 -24.206251 34.425003 18.131250 
141223352677299 -24.412500 34.275002 18.187500 
141223372677299 -24.562502 34.462502 18.093750 
141223392677299 -24.750002 34.406250 18.225000 
141223412677299 -24.937502 34.162502 18.131250 
141223432677299 -24.768751 33.975002 18.131250 
141223452677299 -24.843752 33.937500 18.168751 
141223472677299 -24.918751 33.900002 18.206251 
141223492677299 -24.656252 33.693752 18.206251 
141223512677299 -24.768751 33.787502 18.150002 
141223532677299 -24.918751 33.656250 18.112501 
141223552677299 -25.068750 33.506252 17.850000 
141223572677299 -25.425001 33.581253 18.056252 
141223592677299 -25.781252 33.581253 18.206251 
141223612677299 -26.118752 33.637501 17.850000 
141223632677299 -26.475000 33.375000 17.493752 
141223652677299 -27.150002 33.468750 16.987501 
141223672677299 -27.281252 33.356251 16.518751 
141223692677299 -27.468752 33.525002 16.256250 
141223712677299 -27.487501 33.637501 16.087502 
141223732677299 -27.412500 33.825001 15.243751 
141223752677299 -27.300001 34.012501 14.568750 
141223772677299 -27.337502 33.993752 14.118751 
141223792677299 -27.000002 34.331253 13.668751 
141223812677299 -26.625002 34.706253 13.275001 
141223832677299 -26.081251 35.325001 12.750001 
141223852677299 -25.762501 35.718750 11.943750 
141223872677299 -25.293751 36.281250 11.043751 
141223892677299 -24.825001 36.881252 10.293751 
141223912677299 -24.262501 36.825001 9.281250 
141223932677299 -23.793751 37.500000 8.362500 
141223952677299 -23.643751 38.100002 7.331250 
141223972677299 -23.475000 38.568752 6.600000 
141223992677299 -23.437500 38.887501 6.000000 
141224012677299 -23.343750 38.887501 5.606250 
141224032677299 -23.381250 38.943752 5.306250 
141224052677299 -23.662500 39.000000 5.381250 
141224072677299 -24.131250 38.981251 5.700000 
141224092677299 -24.300001 38.550003 6.262500 
141224112677299 -24.693750 37.950001 7.856250 
141224132677299 -25.087502 37.087502 9.450001 
141224152677299 -25.612501 36.112503 11.306251 
141224172677299 -26.343752 35.906250 13.293751 
141224192677299 -26.625002 34.912502 15.450001 
141224212677299 -26.587502 33.581253 17.606251 
141224232677299 -26.512501 32.250000 20.118752 
141224252677299 -26.325001 31.031252 22.312500 
141224272677299 -25.950001 29.868752 23.700001 
141224292677299 -25.481251 29.156252 24.900002 
141224312677299 -25.050001 28.706251 25.743752 
141224332677299 -24.487501 28.331251 26.118752 
141224352677299 -24.056252 28.387501 26.325001 
141224372677299 -23.756250 28.950001 25.968752 
141224392677299 -23.456251 29.606251 24.937502 
141224412677299 -23.043751 30.600000 23.962502 
141224432677299 -22.706251 31.893751 22.687500 
141224452677299 -22.500000 33.112503 21.168751 
141224472677299 -22.031250 34.312500 19.725000 
141224492677299 -21.318750 35.493752 18.093750 
141224512677299 -19.537500 37.387501 16.650002 
141224532677299 -18.993752 38.437500 14.906251 
141224552677299 -18.243752 39.468750 13.237500 
141224572677299 -18.056252 40.312500 11.475000 
141224592677299 -17.475000 40.950001 9.787500 
141224612677299 -17.100000 41.512501 8.006250 
141224632677299 -16.912500 41.925003 6.187500 
141224652677299 -16.987501 42.412502 4.875000 
141224672677299 -16.931252 42.731251 3.618750 
141224692677299 -16.968750 42.862503 2.737500 
141224712677299 -17.231251 43.068752 2.062500 
141224732677299 -17.250000 43.143753 1.706250 
141224752677299 -17.681252 43.143753 1.668750 
141224772677299 -17.868752 43.050003 1.931250 
141224792677299 -18.168751 43.031250 2.531250 
141224812677299 -18.356251 42.787502 2.737500 
141224832677299 -18.637501 42.637501 3.393750 
141224852677299 -19.087502 42.300003 4.106250 
141224872677299 -19.650002 41.887501 5.043750 
141224892677299 -20.100000 41.456253 6.150000 
141224912677299 -20.475000 40.931252 7.143750 
141224932677299 -21.243752 40.500000 8.793751 
141224952677299 -21.750000 39.825001 10.237500 
141224972677299 -22.293751 38.962502 12.131250 
141224992677299 -22.781250 37.931252 13.856251 
141225012677299 -23.587502 37.012501 15.618751 
141225032677299 -23.793751 35.868752 17.437500 
141225052677299 -23.943750 34.443752 19.331251 
141225072677299 -24.300001 33.150002 21.093750 
141225092677299 -24.168751 31.762501 22.537500 
141225112677299 -24.168751 30.506250 24.018751 
141225132677299 -24.000000 29.381250 25.256250 
141225152677299 -23.831251 28.425001 26.381250 
141225172677299 -23.606251 27.768751 27.281252 
141225192677299 -23.512501 27.318750 27.750002 
141225212677299 -23.925001 27.431252 27.693750 
141225232677299 -24.131250 27.618752 27.600000 
141225252677299 -24.487501 28.368752 27.018751 
141225272677299 -24.750002 29.231251 26.043751 
141225292677299 -25.218752 30.318750 24.693750 
141225312677299 -25.518751 31.425001 23.287500 
141225332677299 -25.481251 32.418751 21.356251 
141225352677299 -25.350000 33.450001 19.650002 
141225372677299 -24.881250 34.481251 17.887501 
141225392677299 -24.262501 35.737503 15.881250 
141225412677299 -23.850000 36.393753 13.837501 
141225432677299 -23.212502 37.425003 12.206250 
141225452677299 -22.518751 38.362503 10.556251 
141225472677299 -22.031250 39.300003 8.681251 
141225492677299 -21.750000 40.293751 7.087500 
141225512677299 -21.637501 40.856251 5.343750 
141225532677299 -21.450001 41.456253 3.618750 
141225552677299 -21.281250 41.756252 2.343750 
141225572677299 -21.075001 42.187500 1.125000 
141225592677299 -21.187500 42.131252 0.093750 
141225612677299 -21.243752 42.168751 -0.637500 
141225632677299 -21.543751 42.262501 -1.087500 
141225652677299 -21.693750 42.018753 -1.125000 
141225672677299 -21.787500 42.168751 -1.031250 
141225692677299 -21.862501 42.187500 -0.431250 
141225712677299 -22.162500 41.962502 0.150000 
141225732677299 -22.256250 41.700001 0.825000 
141225752677299 -22.425001 41.512501 1.931250 
141225772677299 -22.856251 41.325001 2.906250 
141225792677299 -22.931252 40.800003 4.087500 
141225812677299 -23.306252 40.406250 5.268750 
141225832677299 -23.700001 39.843750 6.825000 
141225852677299 -24.150002 38.887501 8.306251 
141225872677299 -24.637501 38.175003 10.162500 
141225892677299 -25.050001 37.256252 12.318750 
141225912677299 -25.181252 36.393753 14.456250 
141225932677299 -25.181252 35.437500 16.781250 
141225952677299 -25.331251 34.237503 19.050001 
141225972677299 -25.106251 32.887501 21.225000 
141225992677299 -24.843752 31.668751 23.325001 
141226012677299 -24.487501 30.862501 25.106251 
141226032677299 -24.206251 29.868752 26.681252 
141226052677299 -23.962502 29.193750 27.956251 
141226072677299 -23.887501 28.537500 28.968752 
141226092677299 -23.868752 27.825001 29.587502 
141226112677299 -23.737501 27.918751 29.606251 
141226132677299 -23.887501 28.106251 29.231251 
141226152677299 -24.131250 28.537500 28.462502 
141226172677299 -24.375002 29.118752 27.356251 
141226192677299 -24.543751 30.150002 26.100000 
141226212677299 -24.618752 31.218752 24.618752 
141226232677299 -24.787500 32.531250 22.743752 
141226252677299 -24.881250 33.843750 20.925001 
141226272677299 -24.806252 34.856251 19.181252 
141226292677299 -24.506250 36.243752 17.400002 
141226312677299 -24.243752 37.181252 15.187501 
141226332677299 -23.812500 38.287502 13.406251 
141226352677299 -23.268751 39.187500 11.475000 
141226372677299 -22.668751 40.237503 9.712501 
141226392677299 -21.806252 41.025002 7.912500 
141226412677299 -21.243752 41.793751 6.112500 
141226432677299 -20.775002 42.431252 4.350000 
141226452677299 -20.418751 42.956253 2.962500 
141226472677299 -20.362501 43.462502 1.668750 
141226492677299 -20.325001 43.668751 0.487500 
141226512677299 -20.231251 43.875000 -0.337500 
141226532677299 -20.250000 43.818752 -1.050000 
141226552677299 -20.493752 43.631252 -1.331250 
141226572677299 -20.493752 43.593750 -1.237500 
141226592677299 -20.868752 43.500000 -0.937500 
141226612677299 -21.206251 43.256252 -0.375000 
141226632677299 -21.375000 42.918751 0.131250 
141226652677299 -21.487501 42.600002 1.087500 
141226672677299 -21.843750 42.337502 2.043750 
141226692677299 -22.331251 42.112503 3.093750 
141226712677299 -22.800001 41.737503 4.443750 
141226732677299 -23.475000 41.081253 5.643750 
141226752677299 -24.037500 40.256252 7.350000 
141226772677299 -24.525002 39.412502 8.868751 
141226792677299 -24.975000 38.231251 10.931251 
141226812677299 -25.743752 37.237503 13.087501 
141226832677299 -25.912500 36.412502 15.375001 
141226852677299 -26.175001 35.156250 17.475000 
141226872677299 -26.512501 34.031250 19.462502 
141226892677299 -26.400002 32.868752 21.337502 
141226912677299 -26.212502 32.100002 22.950001 
141226932677299 -26.118752 31.218752 24.525002 
141226952677299 -26.137501 30.693750 25.612501 
141226972677299 -25.987501 30.018751 26.400002 
141226992677299 -26.025002 29.343752 26.625002 
141227012677299 -26.081251 28.968752 26.981251 
141227032677299 -26.156252 29.062502 27.000002 
141227052677299 -26.606251 29.493752 26.625002 
141227072677299 -27.000002 29.756250 25.818750 
141227092677299 -27.281252 30.375002 24.806252 
141227112677299 -27.487501 31.350000 23.568750 
141227132677299 -27.243752 32.512501 21.956251 
141227152677299 -26.962502 33.693752 20.437500 
141227172677299 -26.625002 34.800003 18.600000 
141227192677299 -25.987501 35.756252 16.537500 
141227212677299 -24.993752 36.750000 14.643750 
141227232677299 -23.962502 38.212502 12.937501 
141227252677299 -23.100000 39.150002 11.193750 
141227272677299 -22.068750 39.937500 9.750000 
141227292677299 -21.187500 40.800003 8.325001 
141227312677299 -20.362501 41.475002 6.918750 
141227332677299 -19.743752 42.075001 5.662500 
141227352677299 -19.087502 42.637501 4.818750 
141227372677299 -18.806252 43.031250 4.068750 
141227392677299 -18.656250 43.087502 3.168750 
141227412677299 -18.300001 43.406250 2.531250 
141227432677299 -18.000000 43.631252 1.912500 
141227452677299 -18.131250 43.612503 1.687500 
141227472677299 -18.300001 43.631252 1.668750 
141227492677299 -18.225000 43.893753 1.950000 
141227512677299 -18.487501 43.762501 2.137500 
141227532677299 -18.731251 43.725002 2.606250 
141227552677299 -18.956251 43.443752 2.962500 
141227572677299 -19.462502 43.106251 3.787500 
141227592677299 -20.362501 42.637501 4.818750 
141227612677299 -20.981251 42.056252 5.887500 
141227632677299 -21.618752 41.418751 7.181250 
141227652677299 -22.368752 40.668751 8.362500 
141227672677299 -23.137501 39.937500 9.600000 
141227692677299 -23.850000 39.187500 10.875000 
141227712677299 -24.637501 38.681252 12.600000 
141227732677299 -25.125002 37.950001 14.212501 
141227752677299 -25.218752 37.462502 15.787500 
141227772677299 -25.631250 36.618752 17.437500 
141227792677299 -25.931252 35.625000 18.975000 
141227812677299 -25.950001 34.425003 20.812500 
141227832677299 -25.912500 33.150002 22.518751 
141227852677299 -25.518751 32.006252 24.225000 
141227872677299 -25.312502 30.918751 25.668751 
141227892677299 -25.106251 29.793751 27.018751 
141227912677299 -25.031252 28.950001 28.031252 
141227932677299 -24.581251 28.500002 28.631250 
141227952677299 -24.468752 28.331251 29.062502 
141227972677299 -24.337502 28.425001 28.893751 
141227992677299 -24.187502 28.912500 28.725000 
141228012677299 -24.375002 29.700001 27.731251 
141228032677299 -24.075001 30.562502 26.700001 
141228052677299 -23.756250 31.650002 25.350000 
141228072677299 -23.643751 32.906250 23.850000 
141228092677299 -23.662500 33.937500 22.312500 
141228112677299 -23.118752 35.025002 20.512501 
141228132677299 -22.687500 36.112503 18.806252 
141228152677299 -22.087502 37.350002 16.931252 
141228172677299 -20.943750 37.912502 15.543751 
141228192677299 -20.250000 38.850002 13.837501 
141228212677299 -19.668751 39.787502 12.225000 
141228232677299 -19.050001 40.350002 10.668751 
141228252677299 -18.150002 41.006252 9.056251 
141228272677299 -17.456251 41.756252 7.706250 
141228292677299 -16.931252 42.375000 6.506250 
141228312677299 -16.593750 42.862503 5.512500 
141228332677299 -16.237501 43.162502 4.312500 
141228352677299 -16.125000 43.181252 3.693750 
141228372677299 -16.012501 43.275002 3.506250 
141228392677299 -15.750001 43.368752 3.581250 
141228412677299 -15.731251 43.631252 3.750000 
141228432677299 -15.806251 43.443752 3.918750 
141228452677299 -16.181252 43.143753 4.443750 
141228472677299 -16.293751 42.768753 5.081250 
141228492677299 -16.500000 42.393753 6.056250 
141228512677299 -16.800001 42.168751 7.125000 
141228532677299 -16.893751 41.850002 8.043751 
141228552677299 -17.118752 41.418751 9.243751 
141228572677299 -17.475000 40.875000 10.725000 
141228592677299 -17.812500 40.312500 12.318750 
141228612677299 -17.793751 39.693752 13.650001 
141228632677299 -18.225000 39.037502 15.187501 
141228652677299 -19.031250 37.443752 16.087502 
141228672677299 -19.181252 36.506252 17.643751 
141228692677299 -19.556252 35.437500 19.293751 
141228712677299 -19.931252 34.181252 20.775002 
141228732677299 -20.043751 32.793751 22.275002 
141228752677299 -20.118752 31.631250 23.756250 
141228772677299 -20.962502 30.431252 25.125002 
141228792677299 -20.700001 29.362501 26.681252 
141228812677299 -20.775002 28.631250 28.087502 
141228832677299 -20.568750 27.618752 29.081251 
141228852677299 -20.550001 26.962502 29.906252 
141228872677299 -20.456251 26.737501 30.525002 
141228892677299 -20.193750 26.643751 30.956251 
141228912677299 -20.043751 26.831251 30.900002 
141228932677299 -20.100000 27.187502 30.581251 
141228952677299 -20.193750 27.693750 29.718752 
141228972677299 -20.156250 28.312502 28.950001 
141228992677299 -20.156250 29.381250 28.087502 
141229012677299 -19.781250 30.562502 26.925001 
141229032677299 -19.406250 31.987501 25.293751 
141229052677299 -19.256250 33.075001 23.568750 
141229072677299 -18.806252 34.256252 22.106251 
141229092677299 -18.131250 35.400002 20.362501 
141229112677299 -17.381250 36.656250 18.881250 
141229132677299 -16.668751 37.837502 17.193750 
141229152677299 -15.843751 39.000000 15.600000 
141229172677299 -15.337501 39.956253 13.875001 
141229192677299 -15.375001 40.500000 12.487500 
141229212677299 -15.018750 41.343750 10.931251 
141229232677299 -15.037500 42.131252 9.487500 
141229252677299 -14.625001 42.712502 8.418751 
141229272677299 -14.737500 42.993752 7.612500 
141229292677299 -14.587501 43.368752 6.825000 
141229312677299 -14.831250 43.425003 6.075000 
141229332677299 -14.793751 43.368752 5.812500 
141229352677299 -14.850000 43.556252 5.756250 
141229372677299 -14.812501 43.368752 6.018750 
141229392677299 -14.962501 43.087502 6.618750 
141229412677299 -15.318750 43.068752 7.256250 
141229432677299 -15.393750 42.918751 7.500000 
141229452677299 -15.918751 42.618752 8.118751 
141229472677299 -16.050001 42.337502 9.056251 
141229492677299 -16.425001 42.112503 10.143750 
141229512677299 -16.500000 41.493752 11.325001 
141229532677299 -16.687500 41.043751 12.581250 
141229552677299 -16.781250 40.331253 13.837501 
141229572677299 -16.668751 39.356251 15.281251 
141229592677299 -16.575001 38.643753 17.362501 
141229612677299 -16.462502 37.631252 19.087502 
141229632677299 -16.575001 36.543751 20.756250 
141229652677299 -16.481251 35.231251 22.500000 
141229672677299 -16.237501 34.162502 24.375002 
141229692677299 -15.862500 33.150002 26.025002 
141229712677299 -15.393750 32.081253 27.656252 
141229732677299 -15.168751 30.956251 28.968752 
141229752677299 -15.000001 30.018751 29.962502 
141229772677299 -14.531251 29.081251 30.843752 
141229792677299 -14.231251 28.256250 31.762501 
141229812677299 -14.118751 27.768751 32.250000 
141229832677299 -14.456250 27.243752 32.381252 
141229852677299 -14.587501 27.393751 32.793751 
141229872677299 -15.018750 27.431252 32.568752 
141229892677299 -15.675000 27.956251 32.043751 
141229912677299 -16.500000 28.743752 31.256250 
141229932677299 -17.325001 29.606251 30.262501 
141229952677299 -17.887501 30.618752 28.893751 
141229972677299 -18.506250 31.762501 27.412500 
141229992677299 -18.843750 32.812500 25.725000 
141230012677299 -19.312500 33.618752 23.625000 
141230032677299 -19.668751 34.818752 21.731251 
141230052677299 -19.593750 35.887501 20.137501 
141230072677299 -19.162500 36.862503 18.412500 
141230092677299 -18.750000 37.856251 16.800001 
141230112677299 -18.393751 38.850002 15.075001 
141230132677299 -17.868752 39.637501 13.425000 
141230152677299 -17.325001 40.275002 11.868751 
141230172677299 -16.575001 41.175003 10.406250 
141230192677299 -16.068750 41.812500 8.925000 
141230212677299 -15.618751 42.131252 7.350000 
141230232677299 -15.506250 42.375000 6.225000 
141230252677299 -15.393750 42.637501 5.306250 
141230272677299 -15.487500 42.843750 4.650000 
141230292677299 -15.487500 42.750000 4.200000 
141230312677299 -15.975000 42.450001 3.900000 
141230332677299 -16.443750 42.037502 4.068750 
141230352677299 -16.687500 41.887501 4.575000 
141230372677299 -17.231251 41.606251 5.043750 
141230392677299 -17.681252 41.287502 5.681250 
141230412677299 -18.262501 40.837502 6.206250 
141230432677299 -18.693750 40.387501 7.050000 
141230452677299 -19.087502 39.843750 7.800000 
141230472677299 -19.387501 39.412502 8.531250 
141230492677299 -19.575001 39.000000 9.543751 
141230512677299 -20.025002 38.418751 10.368751 
141230532677299 -20.400002 37.406250 11.231251 
141230552677299 -20.475000 36.937500 12.806251 
141230572677299 -20.775002 36.356251 14.568750 
141230592677299 -21.018751 35.718750 16.087502 
141230612677299 -21.300001 35.043751 17.643751 
141230632677299 -21.618752 34.125000 19.462502 
141230652677299 -21.881250 33.131252 20.943750 
141230672677299 -22.218750 31.893751 22.800001 
141230692677299 -22.725000 30.750002 24.450001 
141230712677299 -23.868752 29.850000 24.900002 
141230732677299 -23.906250 28.781252 25.837502 
141230752677299 -23.868752 27.937502 26.868752 
141230772677299 -24.037500 27.262501 27.750002 
141230792677299 -23.887501 26.700001 28.050001 
141230812677299 -23.925001 26.456251 28.256250 
141230832677299 -23.925001 26.456251 28.143751 
141230852677299 -23.775002 26.775002 27.862501 
141230872677299 -24.131250 27.356251 27.243752 
141230892677299 -24.300001 27.956251 26.362501 
141230912677299 -24.543751 28.706251 25.181252 
141230932677299 -24.712502 29.718752 23.812500 
141230952677299 -24.543751 30.806252 22.256250 
141230972677299 -24.918751 31.893751 20.568750 
141230992677299 -24.825001 33.206253 18.768751 
141231012677299 -24.712502 34.462502 17.137501 
141231032677299 -24.131250 35.568752 15.187501 
141231052677299 -24.243752 36.787502 13.087501 
141231072677299 -23.868752 37.593750 11.250000 
141231092677299 -23.156250 38.606251 9.075001 
141231112677299 -22.612501 39.487503 7.200000 
141231132677299 -21.693750 40.143753 5.550000 
141231152677299 -21.093750 40.781250 3.843750 
141231172677299 -20.737501 41.287502 2.025000 
141231192677299 -20.381250 41.737503 0.562500 
141231212677299 -19.668751 41.962502 -0.543750 
141231232677299 -19.443750 42.412502 -1.593750 
141231252677299 -19.443750 42.693752 -1.968750 
141231272677299 -19.462502 42.843750 -2.193750 
141231292677299 -19.537500 42.993752 -2.681250 
141231312677299 -19.275002 42.900002 -2.681250 
141231332677299 -19.181252 42.900002 -2.456250 
141231352677299 -19.275002 42.843750 -1.668750 
141231372677299 -19.537500 42.637501 -1.237500 
141231392677299 -19.537500 42.693752 -0.656250 
141231412677299 -19.537500 42.168751 0.018750 
141231432677299 -19.762501 41.981251 0.618750 
141231452677299 -20.043751 41.868752 1.893750 
141231472677299 -20.737501 41.700001 2.831250 
141231492677299 -20.981251 41.381252 3.806250 
141231512677299 -21.112501 40.912502 4.706250 
141231532677299 -21.656250 40.537502 6.056250 
141231552677299 -22.181252 39.843750 7.425000 
141231572677299 -22.575001 39.337502 9.037500 
141231592677299 -22.987501 38.756252 10.612500 
141231612677299 -23.437500 38.025002 12.168751 
141231632677299 -23.700001 37.312500 14.043751 
141231652677299 -23.981251 36.375000 15.918751 
141231672677299 -24.375002 35.493752 17.793751 
141231692677299 -24.093752 34.556252 19.781250 
141231712677299 -23.981251 33.656250 21.600000 
141231732677299 -23.606251 32.587502 23.231251 
141231752677299 -23.287500 31.500002 24.918751 
141231772677299 -22.650002 30.543751 26.456251 
141231792677299 -22.556252 29.775002 27.731251 
141231812677299 -22.406250 29.193750 28.593752 
141231832677299 -22.368752 29.081251 29.081251 
141231852677299 -22.612501 28.875002 29.156252 
141231872677299 -22.612501 28.762501 28.781252 
141231892677299 -23.043751 29.475000 28.275002 
141231912677299 -23.418751 30.281252 27.450001 
141231932677299 -23.793751 31.143751 26.025002 
141231952677299 -23.643751 32.118752 24.787500 
141231972677299 -23.625000 33.281250 23.493752 
141231992677299 -23.456251 34.275002 21.918751 
141232012677299 -22.987501 35.437500 20.006250 
141232032677299 -22.912500 36.825001 18.225000 
141232052677299 -22.518751 37.875000 16.387501 
141232072677299 -21.918751 38.812500 14.362500 
141232092677299 -20.981251 40.518753 12.918751 
141232112677299 -20.625000 41.250000 11.193750 
141232132677299 -20.100000 42.037502 9.468750 
141232152677299 -19.537500 42.656250 7.950000 
141232172677299 -19.162500 43.237503 6.581250 
141232192677299 -18.787500 43.668751 5.456250 
141232212677299 -18.506250 43.987503 4.068750 
141232232677299 -18.243752 44.175003 3.168750 
141232252677299 -18.112501 44.268753 2.456250 
141232272677299 -17.775002 44.662502 1.650000 
141232292677299 -18.000000 44.775002 1.256250 
141232312677299 -18.281250 45.000000 0.900000 
141232332677299 -18.356251 44.981251 0.918750 
141232352677299 -18.225000 44.943752 1.387500 
141232372677299 -18.300001 44.850002 1.968750 
141232392677299 -18.393751 44.906250 2.775000 
141232412677299 -18.393751 44.812500 3.506250 
141232432677299 -18.562500 44.437500 4.481250 
141232452677299 -18.450001 44.081253 5.531250 
141232472677299 -18.206251 43.706253 6.637500 
141232492677299 -18.412500 43.500000 7.800000 
141232512677299 -18.393751 43.125000 8.925000 
141232532677299 -18.600000 42.581253 10.293751 
141232552677299 -18.806252 41.962502 11.606251 
141232572677299 -19.050001 41.268753 13.181251 
141232592677299 -19.181252 40.518753 15.131250 
141232612677299 -19.368752 39.712502 16.725000 
141232632677299 -19.650002 38.718750 18.600000 
141232652677299 -19.725000 37.837502 20.400002 
141232672677299 -20.118752 36.618752 22.200001 
141232692677299 -20.043751 35.418751 23.981251 
141232712677299 -20.700001 34.237503 25.987501 
141232732677299 -20.925001 33.300003 27.600000 
141232752677299 -21.018751 32.268753 28.743752 
141232772677299 -21.150002 31.293751 29.662500 
141232792677299 -21.318750 30.656252 30.600000 
141232812677299 -21.750000 30.000002 31.256250 
141232832677299 -21.712502 29.568750 31.575001 
141232852677299 -22.143751 29.550001 31.556252 
141232872677299 -22.106251 29.737501 30.881250 
141232892677299 -21.937500 30.000002 30.112501 
141232912677299 -22.312500 30.843752 29.250002 
141232932677299 -22.612501 31.706251 28.012501 
141232952677299 -22.500000 32.475002 26.456251 
141232972677299 -22.293751 33.581253 24.806252 
141232992677299 -22.350000 34.856251 23.400002 
141233012677299 -22.087502 36.018753 21.693750 
141233032677299 -21.768751 37.162502 20.043751 
141233052677299 -21.543751 38.043751 18.581251 
141233072677299 -21.037500 38.943752 16.818750 
141233092677299 -20.325001 39.956253 15.393750 
141233112677299 -19.668751 40.912502 13.856251 
141233132677299 -19.125000 41.625000 12.150001 
141233152677299 -18.712502 42.412502 10.556251 
141233172677299 -18.225000 43.087502 8.831250 
141233192677299 -17.943750 43.800003 7.443750 
141233212677299 -17.925001 44.475002 5.906250 
141233232677299 -17.812500 44.643753 4.593750 
141233252677299 -17.793751 44.756252 3.543750 
141233272677299 -18.206251 44.868752 2.775000 
141233292677299 -18.450001 45.037502 2.231250 
141233312677299 -18.693750 44.981251 1.950000 
141233332677299 -19.143751 45.075001 2.025000 
141233352677299 -19.631250 44.962502 1.931250 
141233372677299 -19.893751 44.718750 2.062500 
141233392677299 -20.400002 44.587502 2.493750 
141233412677299 -21.112501 44.512501 2.850000 
141233432677299 -21.356251 44.268753 3.562500 
141233452677299 -21.806252 44.006252 4.293750 
141233472677299 -22.031250 43.631252 5.193750 
141233492677299 -22.518751 42.975002 6.131250 
141233512677299 -22.987501 42.243752 7.237500 
141233532677299 -23.400002 41.831253 8.306251 
141233552677299 -23.568750 41.381252 9.581250 
141233572677299 -23.925001 40.893753 10.875000 
141233592677299 -25.181252 39.375000 11.737500 
141233612677299 -25.387501 38.475002 13.200001 
141233632677299 -25.800001 37.687500 14.512501 
141233652677299 -26.062502 36.993752 16.106251 
141233672677299 -26.250002 36.243752 17.756250 
141233692677299 -26.437502 35.250000 19.612501 
141233712677299 -26.681252 34.256252 21.206251 
141233732677299 -26.681252 32.981251 22.875000 
141233752677299 -27.318750 31.781252 24.168751 
141233772677299 -27.768751 30.862501 25.518751 
141233792677299 -27.956251 30.300001 26.775002 
141233812677299 -28.068750 29.662500 27.468752 
141233832677299 -28.331251 29.512501 27.731251 
141233852677299 -28.425001 29.362501 27.543751 
141233872677299 -28.612501 29.568750 27.187502 
141233892677299 -28.743752 30.075001 26.531252 
141233912677299 -28.743752 30.712502 25.425001 
141233932677299 -28.500002 31.537500 24.281252 
141233952677299 -28.387501 32.475002 22.743752 
141233972677299 -27.656252 33.356251 21.450001 
141233992677299 -27.337502 34.350002 20.175001 
141234012677299 -27.056252 35.606251 18.768751 
141234032677299 -26.456251 36.600002 16.968750 
141234052677299 -25.406252 37.743752 15.412500 
141234072677299 -24.637501 38.962502 13.912500 
141234092677299 -23.906250 40.087502 12.187501 
141234112677299 -22.950001 41.043751 10.612500 
141234132677299 -22.312500 41.662502 8.925000 
141234152677299 -21.562500 42.468750 7.031250 
141234172677299 -20.831251 43.143753 5.512500 
141234192677299 -20.418751 43.781250 4.312500 
141234212677299 -20.400002 44.118752 2.718750 
141234232677299 -20.287500 44.381252 1.425000 
141234252677299 -20.025002 44.662502 0.487500 
141234272677299 -20.193750 44.906250 -0.318750 
141234292677299 -20.043751 45.093750 -0.881250 
141234312677299 -20.100000 45.187500 -1.068750 
141234332677299 -20.381250 45.037502 -1.256250 
141234352677299 -20.550001 44.906250 -1.293750 
141234372677299 -20.887501 44.906250 -0.825000 
141234392677299 -21.150002 44.887501 -0.337500 
141234412677299 -21.656250 44.718750 0.375000 
141234432677299 -21.693750 44.231251 0.993750 
141234452677299 -22.218750 44.025002 2.081250 
141234472677299 -22.631250 43.575001 2.962500 
141234492677299 -23.006250 43.181252 4.200000 
141234512677299 -23.531250 42.768753 5.343750 
141234532677299 -23.925001 42.225002 6.506250 
141234552677299 -24.525002 41.475002 8.025001 
141234572677299 -24.900002 40.762501 9.337501 
141234592677299 -25.650002 39.975002 11.381250 
141234612677299 -26.268751 39.225002 13.050000 
141234632677299 -26.906252 38.231251 15.168751 
141234652677299 -27.056252 37.143753 17.175001 
141234672677299 -27.225000 36.037502 19.368752 
141234692677299 -27.337502 34.987503 21.543751 
141234712677299 -27.918751 33.731251 23.212502 
141234732677299 -28.012501 32.643753 24.918751 
141234752677299 -28.087502 31.668751 25.987501 
141234772677299 -28.012501 30.768751 27.037500 
141234792677299 -27.843752 30.131250 27.825001 
141234812677299 -27.937502 29.887501 28.106251 
141234832677299 -28.237501 29.737501 28.125002 
141234852677299 -28.650002 29.943750 27.768751 
141234872677299 -28.875002 30.262501 27.281252 
141234892677299 -29.175001 30.768751 26.643751 
141234912677299 -29.418751 31.781252 25.518751 
141234932677299 -29.700001 32.737503 24.187502 
141234952677299 -30.000002 33.937500 22.687500 
141234972677299 -30.187502 35.006252 21.206251 
141234992677299 -28.931252 36.412502 19.837502 
141235012677299 -28.631250 37.350002 18.168751 
141235032677299 -28.406252 38.493752 16.387501 
141235052677299 -27.918751 39.581253 14.362500 
141235072677299 -27.300001 40.687500 12.787500 
141235092677299 -26.662500 41.662502 11.268750 
141235112677299 -25.912500 42.600002 9.768750 
141235132677299 -25.312502 43.256252 8.100000 
141235152677299 -24.900002 43.800003 6.693750 
141235172677299 -24.468752 44.531250 5.568750 
141235192677299 -23.981251 45.093750 4.537500 
141235212677299 -23.850000 45.487503 3.731250 
141235232677299 -23.868752 45.281250 3.187500 
141235252677299 -24.000000 45.187500 2.550000 
141235272677299 -24.412500 44.943752 2.287500 
141235292677299 -24.881250 44.662502 2.418750 
141235312677299 -25.181252 44.062500 2.606250 
141235332677299 -25.631250 43.481251 2.550000 
141235352677299 -26.550001 42.806252 3.018750 
141235372677299 -27.131250 42.150002 3.525000 
141235392677299 -27.581251 41.568752 3.543750 
141235412677299 -28.143751 40.968750 4.106250 
141235432677299 -28.425001 40.275002 4.256250 
141235452677299 -28.968752 39.806252 4.462500 
141235472677299 -29.343752 39.487503 5.100000 
141235492677299 -29.625002 38.962502 5.850000 
141235512677299 -30.356251 37.781250 5.962500 
141235532677299 -30.675001 37.181252 6.881250 
141235552677299 -30.918751 36.600002 8.193750 
141235572677299 -31.256250 35.962502 9.206250 
141235592677299 -31.537500 35.231251 10.575001 
141235612677299 -31.481251 34.331253 12.206250 
141235632677299 -30.262501 33.375000 13.987500 
141235652677299 -30.768751 32.381252 15.637501 
141235672677299 -30.937502 31.575001 17.100000 
141235692677299 -31.237501 30.637501 18.468750 
141235712677299 -31.462502 29.625002 19.537500 
141235732677299 -31.612501 28.875002 20.550001 
141235752677299 -31.912500 28.256250 21.225000 
141235772677299 -32.025002 27.806252 21.206251 
141235792677299 -32.343750 27.825001 21.075001 
141235812677299 -32.493752 27.900002 20.287500 
141235832677299 -32.868752 28.125002 19.218750 
141235852677299 -32.906250 28.650002 17.868752 
141235872677299 -32.812500 29.418751 16.218750 
141235892677299 -32.887501 30.056252 14.662500 
141235912677299 -32.662502 30.750002 12.787500 
141235932677299 -33.787502 31.443750 10.368751 
141235952677299 -33.206253 32.137501 8.737500 
141235972677299 -32.437500 32.850002 7.181250 
141235992677299 -31.425001 33.656250 5.531250 
141236012677299 -30.412500 34.537502 3.975000 
141236032677299 -29.662500 35.343750 2.737500 
141236052677299 -28.537500 36.000000 1.331250 
141236072677299 -27.675001 36.787502 0.243750 
141236092677299 -26.550001 37.518753 -0.562500 
141236112677299 -25.950001 38.137501 -1.631250 
141236132677299 -25.350000 38.625000 -2.456250 
141236152677299 -24.543751 39.450001 -2.700000 
141236172677299 -24.375002 39.843750 -3.187500 
141236192677299 -24.093752 40.087502 -3.431250 
141236212677299 -24.093752 40.387501 -3.506250 
141236232677299 -23.812500 40.481251 -3.468750 
141236252677299 -23.981251 40.462502 -3.600000 
141236272677299 -24.000000 40.706253 -3.300000 
141236292677299 -24.375002 40.781250 -3.075000 
141236312677299 -24.562502 40.856251 -2.700000 
141236332677299 -24.862501 40.575001 -2.231250 
141236352677299 -25.387501 40.387501 -1.612500 
141236372677299 -25.987501 40.425003 -1.031250 
141236392677299 -26.812502 39.956253 0.056250 
141236412677299 -25.668751 41.250000 1.612500 
141236432677299 -26.662500 40.256252 3.056250 
141236452677299 -27.750002 39.431252 4.462500 
141236472677299 -28.856251 38.456253 6.112500 
141236492677299 -29.793751 37.518753 7.950000 
141236512677299 -30.562502 36.318752 9.675000 
141236532677299 -31.275002 34.800003 11.737500 
141236552677299 -31.912500 33.618752 13.331250 
141236572677299 -32.137501 32.381252 15.281251 
141236592677299 -32.287502 31.368752 17.137501 
141236612677299 -32.025002 30.337502 18.731251 
141236632677299 -32.025002 29.381250 20.006250 
141236652677299 -31.968752 28.443750 21.112501 
141236672677299 -31.987501 28.050001 21.787500 
141236692677299 -31.856251 27.825001 22.293751 
141236712677299 -31.762501 27.918751 22.387501 
141236732677299 -31.687502 28.143751 21.731251 
141236752677299 -31.368752 28.743752 20.831251 
141236772677299 -31.200001 29.550001 19.893751 
141236792677299 -30.787500 30.487501 18.768751 
141236812677299 -30.487501 31.650002 17.325001 
141236832677299 -29.812502 32.850002 15.918751 
141236852677299 -29.268751 33.993752 14.437501 
141236872677299 -28.368752 34.931252 12.675000 
141236892677299 -27.693750 36.112503 11.118751 
141236912677299 -27.018751 37.087502 9.600000 
141236932677299 -25.856251 37.987503 8.531250 
141236952677299 -24.806252 38.775002 7.275000 
141236972677299 -23.625000 39.543751 6.075000 
141236992677299 -22.762501 39.956253 5.156250 
141237012677299 -21.956251 40.668751 4.012500 
141237032677299 -21.000000 41.268753 2.981250 
141237052677299 -20.418751 41.681252 2.043750 
141237072677299 -19.706251 41.981251 1.181250 
141237092677299 -19.500000 42.093750 0.262500 
141237112677299 -19.406250 42.243752 -0.393750 
141237132677299 -19.350000 42.206253 -0.918750 
141237152677299 -19.575001 42.225002 -1.462500 
141237172677299 -19.781250 41.981251 -1.425000 
141237192677299 -20.212502 41.906250 -1.406250 
141237212677299 -20.531250 41.606251 -0.881250 
141237232677299 -21.168751 41.250000 -0.262500 
141237252677299 -21.900002 41.025002 0.393750 
141237272677299 -22.518751 40.725002 1.406250 
141237292677299 -23.100000 40.556252 2.868750 
141237312677299 -23.662500 40.068752 4.312500 
141237332677299 -24.356251 39.506252 5.775000 
141237352677299 -25.350000 38.775002 7.275000 
141237372677299 -26.137501 37.987503 8.625000 
141237392677299 -27.131250 37.143753 10.350000 
141237412677299 -27.843752 36.206253 12.112500 
141237432677299 -28.425001 34.856251 13.837501 
141237452677299 -29.362501 33.731251 15.037500 
141237472677299 -30.187502 32.831253 16.050001 
141237492677299 -30.637501 31.837502 16.987501 
141237512677299 -31.087502 31.068750 17.906250 
141237532677299 -31.518751 30.656252 18.750000 
141237552677299 -31.575001 30.243752 19.106251 
141237572677299 -31.762501 30.056252 19.012501 
141237592677299 -31.518751 29.906252 18.918751 
141237612677299 -31.368752 29.943750 18.581251 
141237632677299 -31.275002 30.206251 18.168751 
141237652677299 -30.937502 30.900002 17.550001 
141237672677299 -30.525002 31.706251 16.912500 
141237692677299 -30.093752 32.568752 15.693750 
141237712677299 -29.381250 33.712502 14.587501 
141237732677299 -28.706251 34.556252 13.406251 
141237752677299 -27.825001 35.775002 12.206250 
141237772677299 -27.131250 36.862503 11.043751 
141237792677299 -25.912500 38.062500 9.731251 
141237812677299 -25.012501 38.943752 8.306251 
141237832677299 -24.093752 39.693752 6.843750 
141237852677299 -23.175001 40.256252 5.456250 
141237872677299 -22.875000 40.781250 4.050000 
141237892677299 -22.200001 41.325001 2.775000 
141237912677299 -21.862501 41.793751 1.425000 
141237932677299 -21.506250 42.112503 0.375000 
141237952677299 -21.731251 42.262501 -0.356250 
141237972677299 -21.806252 42.600002 -1.087500 
141237992677299 -21.937500 42.956253 -1.500000 
141238012677299 -22.200001 42.825001 -1.593750 
141238032677299 -22.087502 43.050003 -1.537500 
141238052677299 -22.500000 43.125000 -1.125000 
141238072677299 -22.687500 42.975002 -0.412500 
141238092677299 -22.725000 42.693752 0.300000 
141238112677299 -22.912500 42.318752 1.068750 
141238132677299 -23.268751 41.737503 2.362500 
141238152677299 -23.737501 41.006252 3.900000 
141238172677299 -24.337502 40.275002 5.437500 
141238192677299 -25.387501 39.243752 7.200000 
141238212677299 -26.418751 38.062500 9.056251 
141238232677299 -27.543751 37.050003 10.781250 
141238252677299 -28.837502 35.981251 12.337501 
141238272677299 -29.775002 34.912502 14.268750 
141238292677299 -30.787500 33.731251 16.106251 
141238312677299 -31.556252 32.512501 17.643751 
141238332677299 -32.250000 31.518751 19.087502 
141238352677299 -32.250000 30.468752 20.287500 
141238372677299 -32.137501 29.793751 21.187500 
141238392677299 -32.137501 29.287500 21.956251 
141238412677299 -32.025002 28.725000 22.518751 
141238432677299 -31.950001 28.612501 23.062500 
141238452677299 -31.706251 28.575001 22.762501 
141238472677299 -31.462502 28.912500 22.556252 
141238492677299 -31.200001 29.475000 22.031250 
141238512677299 -30.900002 30.337502 21.243752 
141238532677299 -30.600000 31.181252 20.343750 
141238552677299 -30.037500 31.762501 19.237501 
141238572677299 -29.475000 33.000000 18.168751 
141238592677299 -29.062502 34.087502 16.593750 
141238612677299 -28.406252 35.137501 15.187501 
141238632677299 -27.618752 36.187500 13.500001 
141238652677299 -26.475000 37.162502 12.093751 
141238672677299 -25.537500 38.118752 10.556251 
141238692677299 -24.618752 39.112503 9.056251 
141238712677299 -23.700001 40.368752 7.837500 
141238732677299 -22.818750 41.062500 6.412500 
141238752677299 -21.618752 41.718750 5.212500 
141238772677299 -20.831251 42.543751 4.350000 
141238792677299 -20.306252 43.050003 3.506250 
141238812677299 -20.006250 43.368752 2.793750 
141238832677299 -19.762501 43.518753 2.100000 
141238852677299 -19.575001 43.631252 1.725000 
141238872677299 -19.556252 43.481251 1.256250 
141238892677299 -19.612501 43.575001 1.256250 
141238912677299 -19.856251 43.612503 1.481250 
141238932677299 -20.100000 43.200001 1.762500 
141238952677299 -20.512501 42.862503 2.343750 
141238972677299 -20.775002 42.562500 3.093750 
141238992677299 -21.318750 42.206253 4.275000 
141239012677299 -21.900002 41.737503 5.418750 
141239032677299 -22.518751 41.118752 7.125000 
141239052677299 -23.306252 40.350002 8.756250 
141239072677299 -24.206251 39.262501 10.406250 
141239092677299 -25.106251 38.193752 12.150001 
141239112677299 -25.706251 37.106251 14.137501 
141239132677299 -26.325001 35.737503 16.068750 
141239152677299 -27.018751 34.368752 18.000000 
141239172677299 -27.618752 33.018753 19.837502 
141239192677299 -28.068750 31.575001 21.562500 
141239212677299 -28.462502 30.487501 23.193750 
141239232677299 -28.612501 29.550001 24.637501 
141239252677299 -28.518751 28.912500 25.631250 
141239272677299 -28.331251 28.368752 26.306252 
141239292677299 -28.031252 28.237501 26.925001 
141239312677299 -27.656252 28.387501 26.906252 
141239332677299 -27.393751 28.500002 26.775002 
141239352677299 -27.375002 29.268751 26.081251 
141239372677299 -27.018751 29.756250 25.012501 
141239392677299 -26.925001 30.637501 24.000000 
141239412677299 -26.831251 31.612501 22.837502 
141239432677299 -26.718752 32.681252 21.468750 
141239452677299 -26.512501 33.693752 19.762501 
141239472677299 -26.381250 34.762501 18.131250 
141239492677299 -26.062502 36.037502 16.406250 
141239512677299 -25.443750 36.956253 14.850000 
141239532677299 -24.693750 38.081253 13.218751 
141239552677299 -23.906250 38.981251 11.325001 
141239572677299 -23.193750 39.731251 9.487500 
141239592677299 -22.556252 40.537502 7.706250 
141239612677299 -21.543751 41.456253 6.243750 
141239632677299 -20.943750 41.850002 4.931250 
141239652677299 -20.475000 42.375000 3.675000 
141239672677299 -19.800001 42.618752 2.418750 
141239692677299 -19.800001 42.768753 1.481250 
141239712677299 -19.668751 42.937500 0.918750 
141239732677299 -19.575001 43.162502 0.918750 
141239752677299 -19.500000 43.087502 0.975000 
141239772677299 -19.837502 42.993752 1.293750 
141239792677299 -20.137501 42.975002 1.931250 
141239812677299 -20.343750 42.731251 2.643750 
141239832677299 -21.112501 42.693752 3.656250 
141239852677299 -21.450001 42.468750 4.743750 
141239872677299 -21.881250 41.981251 6.131250 
141239892677299 -22.631250 41.437500 7.275000 
141239912677299 -23.981251 40.856251 8.943750 
141239932677299 -25.068750 39.600002 10.368751 
141239952677299 -26.325001 38.512501 11.906250 
141239972677299 -27.581251 37.031250 13.743751 
141239992677299 -28.687502 35.512501 15.543751 
141240012677299 -29.718752 33.806252 17.381250 
141240032677299 -32.118752 31.856251 18.693750 
141240052677299 -32.925003 30.468752 20.456251 
141240072677299 -33.168751 29.287500 21.675001 
141240092677299 -33.318752 28.387501 22.987501 
141240112677299 -33.318752 27.600000 23.887501 
141240132677299 -33.206253 27.168751 24.375002 
141240152677299 -33.225002 27.150002 24.487501 
141240172677299 -33.168751 27.581251 24.300001 
141240192677299 -33.150002 28.087502 23.981251 
141240212677299 -32.793751 28.612501 23.193750 
141240232677299 -32.137501 29.643751 22.237501 
141240252677299 -31.856251 31.068750 21.206251 
141240272677299 -31.293751 32.175003 19.893751 
141240292677299 -30.618752 33.450001 18.262501 
141240312677299 -28.668751 34.893753 16.987501 
141240332677299 -27.900002 35.793751 15.562501 
141240352677299 -26.981251 36.975002 13.593751 
141240372677299 -26.287500 38.175003 12.093751 
141240392677299 -25.312502 39.281250 10.275001 
141240412677299 -24.356251 40.031250 8.568750 
141240432677299 -23.550001 40.968750 7.031250 
141240452677299 -22.912500 41.718750 5.831250 
141240472677299 -22.237501 42.656250 4.762500 
141240492677299 -21.731251 43.406250 3.412500 
141240512677299 -21.112501 43.837502 2.606250 
141240532677299 -20.512501 43.987503 1.856250 
141240552677299 -20.700001 44.118752 1.706250 
141240572677299 -20.512501 44.287502 1.575000 
141240592677299 -20.475000 44.231251 1.762500 
141240612677299 -20.568750 44.418751 2.137500 
141240632677299 -20.906250 44.325001 2.681250 
141240652677299 -21.243752 44.231251 3.750000 
141240672677299 -21.900002 44.062500 4.631250 
141240692677299 -22.406250 43.762501 5.475000 
141240712677299 -22.931252 43.256252 6.562500 
141240732677299 -23.812500 42.468750 8.062500 
141240752677299 -24.618752 41.737503 9.262501 
141240772677299 -25.593752 40.556252 10.875000 
141240792677299 -26.550001 39.431252 12.525001 
141240812677299 -27.506250 38.118752 14.175000 
141240832677299 -28.481251 36.787502 16.050001 
141240852677299 -29.381250 35.306252 18.093750 
141240872677299 -30.225000 33.975002 20.081251 
141240892677299 -30.750002 32.681252 21.468750 
141240912677299 -31.331251 31.462502 23.025002 
141240932677299 -31.668751 30.675001 24.093752 
141240952677299 -31.650002 29.925001 24.937502 
141240972677299 -31.706251 29.381250 25.631250 
141240992677299 -31.706251 29.381250 26.137501 
141241012677299 -31.743752 29.512501 26.025002 
141241032677299 -31.575001 29.868752 25.725000 
141241052677299 -31.425001 30.581251 25.143751 
141241072677299 -31.106251 31.350000 24.018751 
141241092677299 -30.768751 32.362503 22.950001 
141241112677299 -30.487501 33.562500 21.506250 
141241132677299 -30.037500 34.781250 20.025002 
141241152677299 -29.306252 35.587502 18.337502 
141241172677299 -28.743752 36.787502 16.350000 
141241192677299 -28.162500 37.856251 14.343751 
141241212677299 -27.300001 39.000000 12.525001 
141241232677299 -26.531252 40.143753 10.800000 
141241252677299 -25.631250 40.931252 8.793751 
141241272677299 -24.600000 42.018753 7.143750 
141241292677299 -23.756250 42.750000 5.287500 
141241312677299 -22.931252 43.425003 3.656250 
141241332677299 -22.406250 44.250000 2.493750 
141241352677299 -22.125000 44.662502 1.593750 
141241372677299 -21.843750 44.868752 0.693750 
141241392677299 -21.750000 44.943752 0.300000 
141241412677299 -21.431252 45.018753 0.075000 
141241432677299 -21.168751 45.112503 0.187500 
141241452677299 -21.337502 45.112503 0.506250 
141241472677299 -21.487501 44.925003 1.031250 
141241492677299 -21.581251 44.493752 1.687500 
141241512677299 -21.562500 44.381252 2.325000 
141241532677299 -21.937500 44.175003 3.506250 
141241552677299 -22.125000 43.818752 4.481250 
141241572677299 -22.762501 43.387501 5.512500 
141241592677299 -23.475000 42.731251 6.862500 
141241612677299 -23.850000 41.512501 7.856250 
141241632677299 -24.450001 40.650002 9.056251 
141241652677299 -25.350000 39.843750 10.818750 
141241672677299 -26.306252 38.700001 12.581250 
141241692677299 -27.056252 37.425003 14.025001 
141241712677299 -27.862501 36.393753 15.637501 
141241732677299 -28.518751 35.250000 17.437500 
141241752677299 -29.043751 34.068752 18.918751 
141241772677299 -29.700001 33.093750 20.193750 
141241792677299 -30.037500 32.081253 21.637501 
141241812677299 -30.187502 31.312502 22.556252 
141241832677299 -30.225000 30.787500 23.137501 
141241852677299 -30.468752 30.731251 23.306252 
141241872677299 -30.993752 30.862501 23.250000 
141241892677299 -31.012501 31.125002 22.350000 
141241912677299 -31.143751 31.537500 21.187500 
141241932677299 -31.162500 32.212502 20.006250 
141241952677299 -31.125002 33.187500 18.487501 
141241972677299 -30.787500 34.087502 16.593750 
141241992677299 -30.543751 35.025002 14.625001 
141242012677299 -29.906252 35.906250 12.656251 
141242032677299 -28.893751 36.600002 10.631250 
141242052677299 -28.218752 37.443752 8.943750 
141242072677299 -27.375002 38.531250 7.312500 
141242092677299 -26.550001 39.168751 5.793750 
141242112677299 -24.637501 39.825001 4.781250 
141242132677299 -23.775002 40.518753 3.375000 
141242152677299 -22.743752 41.193752 2.156250 
141242172677299 -22.256250 41.625000 1.106250 
141242192677299 -21.918751 42.037502 0.375000 
141242212677299 -21.618752 42.543751 -0.318750 
141242232677299 -21.318750 42.712502 -0.693750 
141242252677299 -21.262501 42.881252 -0.956250 
141242272677299 -21.806252 42.806252 -0.937500 
141242292677299 -22.068750 43.068752 -0.562500 
141242312677299 -22.500000 43.237503 0.075000 
141242332677299 -22.762501 43.218750 0.937500 
141242352677299 -22.931252 43.143753 1.950000 
141242372677299 -23.100000 42.731251 3.262500 
141242392677299 -23.362501 42.187500 4.725000 
141242412677299 -23.512501 41.775002 6.018750 
141242432677299 -23.587502 41.137501 7.668750 
141242452677299 -24.000000 40.256252 9.300000 
141242472677299 -24.543751 39.206253 10.668751 
141242492677299 -24.768751 38.418751 12.131250 
141242512677299 -24.975000 37.387501 14.062501 
141242532677299 -25.481251 36.243752 16.181252 
141242552677299 -25.781252 35.006252 18.056252 
141242572677299 -26.250002 33.731251 20.250000 
141242592677299 -26.418751 32.531250 22.181252 
141242612677299 -27.056252 31.293751 23.756250 
141242632677299 -27.168751 30.075001 25.443750 
141242652677299 -27.112501 29.100000 27.037500 
141242672677299 -27.243752 28.368752 27.731251 
141242692677299 -27.112501 28.256250 27.900002 
141242712677745 -27.131250 28.462502 27.862501 
141242732677745 -27.037500 29.137501 27.562502 
141242752677745 -27.112501 30.037500 26.587502 
141242772677745 -27.000002 31.237501 25.443750 
141242792677745 -26.493752 32.606251 23.718750 
141242812677745 -26.850000 34.068752 21.600000 
141242832677745 -26.250002 35.512501 19.893751 
141242852677745 -25.500002 36.825001 18.168751 
141242872677745 -25.031252 38.250000 16.312500 
141242892677745 -24.187502 39.187500 14.137501 
141242912677745 -23.193750 40.181252 12.468751 
141242932677745 -22.312500 40.875000 10.856251 
141242952677745 -21.712502 41.550003 9.337501 
141242972677745 -20.906250 42.806252 8.250000 
141242992677745 -20.643751 43.462502 6.768750 
141243012677745 -20.343750 43.968750 5.568750 
141243032677745 -19.893751 44.081253 4.781250 
141243052677745 -19.781250 44.400002 4.237500 
141243072677745 -19.987501 44.493752 3.975000 
141243092677745 -20.212502 44.662502 3.825000 
141243112677745 -20.287500 44.643753 4.050000 
141243132677745 -20.418751 44.587502 4.556250 
141243152677745 -20.512501 44.306252 5.081250 
141243172677745 -20.962502 43.987503 5.550000 
141243192677745 -21.206251 43.968750 6.243750 
141243212677745 -21.525002 43.481251 7.331250 
141243232677745 -21.806252 43.012501 8.325001 
141243252677745 -21.862501 42.506252 9.431251 
141243272677745 -22.443750 41.981251 10.725000 
141243292677745 -23.025002 41.118752 12.131250 
141243312677745 -23.700001 39.900002 13.650001 
141243332677745 -24.262501 38.831253 15.693750 
141243352677745 -24.975000 37.462502 17.643751 
141243372677745 -25.743752 36.356251 19.125000 
141243392677745 -26.156252 35.062500 21.056252 
141243412677745 -26.681252 33.450001 23.043751 
141243432677745 -26.812502 31.893751 24.787500 
141243452677745 -28.181252 30.637501 25.856251 
141243472677745 -28.612501 29.625002 27.337502 
141243492677745 -28.818750 28.687502 28.181252 
141243512677745 -28.725000 28.218752 28.781252 
141243532677745 -28.631250 27.618752 29.231251 
141243552677745 -28.725000 27.675001 29.081251 
141243572677745 -28.950001 28.200001 28.762501 
141243592677745 -29.118752 28.856251 27.956251 
141243612677745 -29.043751 29.756250 26.700001 
141243632677745 -28.706251 30.900002 25.218752 
141243652677745 -28.537500 32.043751 23.531250 
141243672677745 -27.693750 33.225002 21.881250 
141243692677745 -27.281252 34.762501 19.968750 
141243712677745 -26.887501 36.093750 17.906250 
141243732677745 -26.306252 37.425003 15.675000 
141243752677745 -25.818750 38.587502 13.443750 
141243772677745 -25.256250 39.656250 11.531250 
141243792677745 -24.918751 40.462502 9.637501 
141243812677745 -24.431252 41.400002 7.706250 
141243832677745 -24.150002 42.262501 6.000000 
141243852677745 -23.887501 42.881252 4.443750 
141243872677745 -23.662500 43.050003 3.075000 
141243892677745 -23.700001 43.181252 2.156250 
141243912677745 -23.737501 43.537502 1.706250 
141243932677745 -23.925001 43.537502 1.518750 
141243952677745 -23.925001 43.575001 1.575000 
141243972677745 -24.093752 43.350002 2.156250 
141243992677745 -24.393751 43.256252 2.606250 
141244012677745 -24.525002 43.012501 3.412500 
141244032677745 -24.656252 42.806252 4.387500 
141244052677745 -24.900002 42.562500 5.287500 
141244072677745 -25.106251 41.812500 6.431250 
141244092677745 -25.500002 41.081253 7.481250 
141244112677745 -26.193750 40.143753 8.868751 
141244132677745 -26.793751 39.243752 10.331250 
141244152677745 -27.825001 37.687500 11.868751 
141244172677745 -28.406252 36.225002 13.800000 
141244192677745 -29.212502 35.081253 15.562501 
141244212677745 -29.906252 33.693752 17.418751 
141244232677745 -30.525002 32.381252 18.937500 
141244252677745 -31.106251 31.143751 20.381250 
141244272677745 -31.181252 30.112501 21.881250 
141244292677745 -31.312502 29.193750 23.043751 
141244312677745 -31.593752 28.481251 24.225000 
141244332677745 -32.025002 28.293751 24.787500 
141244352677745 -32.118752 28.050001 24.975000 
141244372677745 -32.287502 28.387501 24.843752 
141244392677745 -32.287502 28.912500 24.468752 
141244412677745 -31.800001 29.681252 23.812500 
141244432677745 -31.743752 30.300001 22.856251 
141244452677745 -31.537500 31.387501 21.337502 
141244472677745 -31.162500 32.531250 19.631250 
141244492677745 -30.468752 33.656250 17.943750 
141244512677745 -29.512501 34.950001 16.275002 
141244532677745 -28.387501 35.906250 14.550000 
141244552677745 -27.468752 37.068752 12.993751 
141244572677745 -26.625002 38.212502 11.043751 
141244592677745 -25.743752 39.543751 9.093750 
141244612677745 -24.937502 40.518753 7.593750 
141244632677745 -24.168751 41.118752 6.000000 
141244652677745 -23.475000 41.906250 4.537500 
141244672677745 -23.343750 42.468750 3.356250 
141244692677745 -23.043751 42.825001 2.343750 
141244712677745 -22.762501 43.218750 1.387500 
141244732677745 -22.762501 43.200001 0.956250 
141244752677745 -22.537500 43.087502 1.031250 
141244772677745 -22.556252 43.106251 1.331250 
141244792677745 -22.687500 43.162502 1.800000 
141244812677745 -23.156250 42.712502 2.362500 
141244832677745 -23.531250 42.393753 3.018750 
141244852677745 -24.412500 41.887501 3.956250 
141244872677745 -25.106251 41.175003 5.175000 
141244892677745 -25.706251 40.912502 6.450000 
141244912677745 -26.662500 40.200001 7.668750 
141244932677745 -27.525002 38.850002 8.868751 
141244952677745 -28.481251 37.800003 10.612500 
141244972677745 -29.268751 37.031250 12.581250 
141244992677745 -29.681252 35.662502 14.831250 
141245012677745 -30.056252 34.537502 16.893751 
141245032677745 -30.412500 33.243752 18.862501 
141245052677745 -30.937502 31.762501 20.625000 
141245072677745 -31.181252 30.356251 22.368752 
141245092677745 -31.443750 29.137501 23.831251 
141245112677745 -31.462502 28.200001 25.012501 
141245132677745 -31.368752 27.093752 25.462502 
141245152677745 -31.350000 26.475000 25.837502 
141245172677745 -31.256250 26.250002 25.856251 
141245192677745 -31.312502 26.718752 25.518751 
141245212677745 -31.237501 27.112501 24.862501 
141245232677745 -30.937502 28.293751 23.868752 
141245252677745 -30.525002 29.512501 22.612501 
141245272677745 -30.056252 30.881250 21.112501 
141245292677745 -29.643751 32.381252 19.725000 
141245312677745 -29.250002 34.068752 17.868752 
141245332677745 -28.631250 35.493752 16.275002 
141245352677745 -27.768751 36.543751 14.606251 
141245372677745 -26.906252 37.706253 13.143750 
141245392677745 -26.287500 38.456253 11.868751 
141245412677745 -25.743752 39.375000 10.425000 
141245432677745 -25.237501 40.050003 9.112500 
141245452677745 -24.637501 40.818752 8.043751 
141245472677745 -24.150002 41.362503 7.256250 
141245492677745 -23.643751 41.850002 6.393750 
141245512677745 -23.381250 42.187500 5.681250 
141245532677745 -23.100000 42.375000 5.062500 
141245552677745 -22.743752 42.450001 4.631250 
141245572677745 -22.743752 42.600002 4.631250 
141245592677745 -22.743752 42.562500 4.818750 
141245612677745 -23.043751 42.243752 5.268750 
141245632677745 -23.231251 41.831253 5.943750 
141245652677745 -23.662500 41.587502 6.506250 
141245672677745 -24.000000 41.268753 7.593750 
141245692677745 -24.450001 40.875000 8.662500 
141245712677745 -25.237501 40.106251 9.750000 
141245732677745 -25.950001 39.206253 11.193750 
141245752677745 -26.531252 38.437500 12.825001 
141245772677745 -26.868752 37.387501 14.212501 
141245792677745 -27.281252 36.300003 15.675000 
141245812677745 -27.562502 35.025002 17.793751 
141245832677745 -28.012501 33.618752 19.500000 
141245852677745 -28.293751 32.306252 21.431252 
141245872677745 -28.500002 31.368752 23.193750 
141245892677745 -28.518751 30.318750 24.600000 
141245912677745 -28.556252 29.137501 25.593752 
141245932677745 -28.725000 28.631250 26.643751 
141245952677745 -29.006250 28.087502 27.262501 
141245972677745 -29.137501 27.600000 27.037500 
141245992677745 -29.287500 27.693750 26.606251 
141246012677745 -29.643751 28.200001 26.156252 
141246032677745 -29.681252 28.631250 25.068750 
141246052677745 -29.700001 29.793751 23.343750 
141246072677745 -29.100000 31.012501 21.618752 
141246092677745 -28.931252 32.456253 19.256250 
141246112677745 -28.893751 33.937500 16.818750 
141246132677745 -28.837502 35.437500 14.943750 
141246152677745 -28.500002 36.918751 12.937501 
141246172677745 -28.068750 37.987503 10.537500 
141246192677745 -27.431252 39.131252 8.718750 
141246212677745 -26.700001 39.900002 7.012500 
141246232677745 -26.100000 40.818752 5.681250 
141246252677745 -25.481251 41.325001 4.537500 
141246272677745 -24.712502 41.850002 3.412500 
141246292677745 -24.093752 42.450001 2.362500 
141246312677745 -23.512501 42.750000 1.481250 
141246332677745 -23.268751 43.162502 1.237500 
141246352677745 -22.987501 43.293751 0.900000 
141246372677745 -22.950001 43.256252 0.975000 
141246392677745 -22.743752 43.387501 1.068750 
141246412677745 -22.931252 43.387501 1.537500 
141246432677745 -22.950001 43.312500 2.025000 
141246452677745 -22.912500 43.106251 2.550000 
141246472677745 -23.137501 42.787502 3.281250 
141246492677745 -23.381250 42.375000 3.750000 
141246512677745 -23.662500 41.925003 4.331250 
141246532677745 -23.943750 41.681252 5.175000 
141246552677745 -24.412500 41.175003 6.206250 
141246572677745 -25.012501 40.500000 7.275000 
141246592677745 -25.593752 39.993752 8.550000 
141246612677745 -26.475000 39.168751 9.843750 
141246632677745 -27.112501 38.362503 11.550000 
141246652677745 -27.806252 37.181252 13.293751 
141246672677745 -28.218752 36.262501 15.393750 
141246692677745 -28.893751 34.818752 17.306252 
141246712677745 -28.987501 33.468750 19.256250 
141246732677745 -29.175001 31.818750 21.318750 
141246752677745 -29.231251 30.150002 23.250000 
141246772677745 -29.156252 29.062502 25.012501 
141246792677745 -29.137501 27.975000 26.268751 
141246812677745 -29.381250 27.281252 27.187502 
141246832677745 -29.475000 26.850000 27.375002 
141246852677745 -29.568750 26.962502 27.393751 
141246872677745 -29.868752 27.168751 26.887501 
141246892677745 -30.093752 28.087502 25.856251 
141246912677745 -30.225000 29.250002 24.075001 
141246932677745 -30.300001 30.450001 21.693750 
141246952677745 -30.168751 31.856251 19.518751 
141246972677745 -29.850000 33.656250 17.362501 
141246992677745 -29.306252 35.100002 14.812501 
141247012677745 -28.668751 36.225002 12.225000 
141247032677745 -27.937502 37.650002 9.525001 
141247052677745 -27.581251 38.850002 7.143750 
141247072677745 -26.868752 39.787502 4.800000 
141247092677745 -26.437502 40.612503 2.756250 
141247112677745 -26.043751 41.343750 0.918750 
141247132677745 -25.837502 41.681252 -1.125000 
141247152677745 -26.043751 41.850002 -2.268750 
141247172677745 -26.118752 42.243752 -3.412500 
141247192677745 -26.250002 42.243752 -4.068750 
141247212677745 -26.362501 42.150002 -4.143750 
141247232677745 -26.831251 42.056252 -4.087500 
141247252677745 -27.281252 41.906250 -3.900000 
141247272677745 -27.825001 41.681252 -3.693750 
141247292677745 -27.787500 41.418751 -3.000000 
141247312677745 -28.068750 41.381252 -2.437500 
141247332677745 -28.237501 41.137501 -1.350000 
141247352677745 -28.687502 40.893753 -0.562500 
141247372677745 -28.968752 40.650002 0.562500 
141247392677745 -29.137501 40.162502 1.743750 
141247412677745 -29.587502 39.637501 3.131250 
141247432677745 -29.325001 39.656250 4.743750 
141247452677745 -30.056252 39.075001 6.281250 
141247472677745 -30.581251 38.343750 8.043751 
141247492677745 -31.162500 37.518753 9.881250 
141247512677745 -31.706251 36.525002 11.850000 
141247532677745 -32.212502 35.475002 13.593751 
141247552677745 -32.062500 34.350002 15.525001 
141247572677745 -32.268753 33.187500 17.175001 
141247592677745 -32.400002 31.931252 19.106251 
141247612677745 -32.493752 30.843752 20.718750 
141247632677745 -32.381252 29.812502 22.106251 
141247652677745 -32.343750 28.987501 23.006250 
141247672677745 -32.100002 28.537500 23.887501 
141247692677745 -32.193752 28.125002 24.506250 
141247712677745 -32.043751 27.993752 25.162500 
141247732677745 -31.968752 27.806252 25.406252 
141247752677745 -31.687502 28.068750 25.218752 
141247772677745 -31.575001 28.425001 24.956251 
141247792677745 -31.312502 28.781252 24.356251 
141247812677745 -31.162500 29.475000 23.643751 
141247832677745 -31.106251 30.056252 22.837502 
141247852677745 -30.806252 30.712502 21.993752 
141247872677745 -30.656252 31.462502 20.606251 
141247892677745 -30.225000 32.568752 19.350000 
141247912677745 -30.356251 33.525002 17.981251 
141247932677745 -29.925001 34.462502 16.556252 
141247952677745 -29.868752 35.400002 15.412500 
141247972677745 -29.212502 36.375000 14.137501 
141247992677745 -28.875002 37.031250 12.825001 
141248012677745 -28.462502 37.725002 11.737500 
141248032677745 -28.012501 38.550003 10.781250 
141248052677745 -27.506250 39.056252 9.862500 
141248072677745 -26.793751 39.600002 9.262501 
141248092677745 -26.100000 40.068752 8.737500 
141248112677745 -25.518751 40.743752 7.837500 
141248132677745 -24.956251 41.325001 7.368750 
141248152677745 -24.356251 41.943752 6.881250 
141248172677745 -23.943750 42.487503 6.093750 
141248192677745 -23.587502 42.600002 5.550000 
141248212677745 -23.325001 42.843750 5.062500 
141248232677745 -23.156250 43.106251 4.368750 
141248252677745 -23.175001 43.312500 3.487500 
141248272677745 -22.875000 43.293751 2.943750 
141248292677745 -22.762501 43.481251 2.437500 
141248312677745 -22.800001 43.518753 2.193750 
141248332677745 -22.612501 43.575001 1.912500 
141248352677745 -22.631250 43.743752 1.556250 
141248372677745 -22.593750 43.931252 1.650000 
141248392677745 -22.481251 43.931252 1.556250 
141248412677745 -22.500000 43.818752 1.762500 
141248432677745 -22.631250 43.837502 1.893750 
141248452677745 -22.743752 43.818752 2.006250 
141248472677745 -22.687500 43.743752 2.212500 
141248492677745 -22.837502 43.537502 2.512500 
141248512677745 -22.762501 43.518753 2.868750 
141248532677745 -23.025002 43.350002 3.075000 
141248552677745 -23.025002 43.012501 3.525000 
141248572677745 -23.212502 42.900002 3.975000 
141248592677745 -23.343750 42.618752 4.481250 
141248612677745 -23.587502 42.300003 4.818750 
141248632677745 -23.662500 42.131252 5.025000 
141248652677745 -23.850000 41.850002 5.587500 
141248672677745 -24.356251 41.137501 6.131250 
141248692677745 -24.993752 40.575001 6.637500 
141248712677745 -25.818750 40.068752 7.406250 
141248732677745 -26.531252 39.618752 8.043751 
141248752677745 -27.431252 39.150002 8.831250 
141248772677745 -28.218752 38.606251 9.843750 
141248792677745 -29.325001 37.725002 11.025001 
141248812677745 -30.093752 36.881252 11.831250 
141248832677745 -30.843752 36.356251 12.862500 
141248852677745 -31.293751 35.868752 14.175000 
141248872677745 -31.668751 35.343750 15.112500 
141248892677745 -32.006252 34.518753 16.087502 
141248912677745 -32.081253 33.768753 17.156250 
141248932677745 -32.906250 33.262501 17.831251 
141248952677745 -32.925003 32.512501 18.675001 
141248972677745 -32.962502 32.025002 19.781250 
141248992677745 -32.850002 31.481251 20.718750 
141249012677745 -32.906250 30.862501 21.112501 
141249032677745 -33.000000 30.262501 21.937500 
141249052677745 -33.150002 29.718752 22.593750 
141249072677745 -33.187500 29.381250 23.156250 
141249092677745 -32.981251 29.043751 23.775002 
141249112677745 -33.018753 28.950001 24.187502 
141249132677745 -33.075001 28.762501 24.187502 
141249152677745 -33.075001 28.875002 24.318750 
141249172677745 -33.075001 28.912500 24.487501 
141249192677745 -33.037502 29.043751 24.187502 
141249212677745 -32.756252 29.362501 23.943750 
141249232677745 -32.681252 29.700001 23.437500 
141249252677745 -32.718750 30.225000 22.781250 
141249272677745 -32.475002 30.862501 21.918751 
141249292677745 -32.456253 31.425001 20.962502 
141249312677745 -32.437500 31.987501 20.118752 
141249332677745 -32.025002 32.718750 19.106251 
141249352677745 -31.837502 33.543751 18.243752 
141249372677745 -31.425001 34.143753 17.381250 
141249392677745 -31.237501 34.687500 16.500000 
141249412677745 -30.843752 35.437500 15.618751 
141249432677745 -30.731251 35.831253 14.643750 
141249452677745 -30.168751 36.393753 14.062501 
141249472677745 -29.756250 37.068752 13.012501 
141249492677745 -29.568750 37.650002 12.281251 
141249512677745 -29.062502 38.193752 11.362500 
141249532677745 -28.893751 38.775002 10.312500 
141249552677745 -28.218752 39.412502 9.525001 
141249572677745 -27.731251 39.937500 8.418751 
141249592677745 -27.075001 40.425003 7.687500 
141249612677745 -26.587502 41.212502 6.712500 
141249632677745 -25.818750 41.606251 5.887500 
141249652677745 -24.937502 42.093750 5.118750 
141249672677745 -24.225000 42.487503 4.443750 
141249692677745 -23.643751 43.012501 4.031250 
141249712677745 -23.193750 43.856251 3.956250 
141249732677745 -22.706251 44.062500 3.693750 
141249752677745 -22.443750 44.343750 3.412500 
141249772677745 -22.256250 44.325001 3.018750 
141249792677745 -22.050001 44.418751 2.887500 
141249812677745 -22.068750 44.306252 2.512500 
141249832677745 -22.031250 44.325001 2.250000 
141249852677745 -21.956251 44.381252 2.175000 
141249872677745 -21.562500 44.643753 2.081250 
141249892677745 -21.468750 44.568752 2.118750 
141249912677745 -21.581251 44.512501 2.025000 
141249932677745 -21.412500 44.456253 2.362500 
141249952677745 -21.543751 44.456253 2.437500 
141249972677745 -21.543751 44.512501 2.831250 
141249992677745 -21.468750 44.437500 3.337500 
141250012677745 -21.543751 44.137501 3.693750 
141250032677745 -21.975000 43.800003 4.162500 
141250052677745 -22.031250 43.762501 4.818750 
141250072677745 -22.087502 43.425003 5.550000 
141250092677745 -22.181252 43.200001 6.318750 
141250112677745 -22.443750 42.806252 7.331250 
141250132677745 -22.725000 42.412502 8.325001 
141250152677745 -23.025002 42.000000 9.243751 
141250172677745 -23.325001 41.606251 10.293751 
141250192677745 -23.662500 41.231251 11.287500 
141250212677745 -23.943750 40.650002 12.168751 
141250232677745 -24.225000 39.806252 13.162500 
141250252677745 -24.581251 39.300003 14.475000 
141250272677745 -24.768751 38.718750 15.618751 
141250292677745 -25.218752 38.137501 16.762501 
141250312677745 -25.406252 37.481251 18.075001 
141250332677745 -25.556252 36.806252 19.387501 
141250352677745 -25.387501 36.187500 20.550001 
141250372677745 -25.818750 35.756252 21.975000 
141250392677745 -25.931252 35.231251 23.212502 
141250412677745 -26.062502 34.443752 23.906250 
141250432677745 -26.212502 33.768753 25.068750 
141250452677745 -26.006250 33.168751 25.968752 
141250472677745 -26.550001 32.550003 26.325001 
141250492677745 -26.437502 32.025002 26.981251 
141250512677745 -26.587502 31.387501 27.806252 
141250532677745 -26.550001 30.806252 28.556252 
141250552677745 -26.568750 30.356251 29.043751 
141250572677745 -26.531252 29.925001 29.793751 
141250592677745 -26.475000 29.643751 29.943750 
141250612677745 -26.681252 29.306252 30.450001 
141250632677745 -26.887501 29.175001 30.750002 
141250652677745 -27.056252 29.156252 30.618752 
141250672677745 -27.318750 28.987501 30.337502 
141250692677745 -27.318750 28.987501 30.056252 
141250712677745 -27.525002 29.231251 29.775002 
141250732677745 -27.637501 29.662500 29.212502 
141250752677745 -27.543751 30.112501 28.668751 
141250772677745 -27.562502 30.806252 27.768751 
141250792677745 -27.618752 31.556252 26.906252 
141250812677745 -27.637501 32.343750 26.043751 
141250832677745 -27.487501 33.375000 25.012501 
141250852677745 -27.187502 34.481251 23.418751 
141250872677745 -26.868752 35.512501 22.143751 
141250892677745 -26.606251 36.600002 20.793751 
141250912677745 -25.743752 37.481251 19.368752 
141250932677745 -25.125002 38.493752 17.812500 
141250952677745 -24.450001 39.581253 16.256250 
141250972677745 -23.887501 40.725002 14.868751 
141250992677745 -23.156250 41.587502 13.462501 
141251012677745 -22.650002 42.168751 12.187501 
141251032677745 -22.218750 42.825001 10.575001 
141251052677745 -21.637501 42.993752 9.056251 
141251072677745 -21.131250 43.743752 7.912500 
141251092677745 -20.700001 44.212502 6.862500 
141251112677745 -20.418751 44.550003 6.000000 
141251132677745 -20.062500 44.756252 4.875000 
141251152677745 -19.931252 45.093750 4.031250 
141251172677745 -19.968750 45.487503 3.450000 
141251192677745 -19.875000 45.637501 3.150000 
141251212677745 -20.193750 45.581253 2.943750 
141251232677745 -20.400002 45.412502 3.112500 
141251252677745 -20.606251 45.318752 3.300000 
141251272677745 -20.906250 45.056252 3.356250 
141251292677745 -21.581251 44.643753 4.162500 
141251312677745 -22.087502 44.287502 4.837500 
141251332677745 -22.443750 43.687500 5.756250 
141251352677745 -23.118752 43.237503 6.787500 
141251372677745 -23.756250 42.618752 7.856250 
141251392677745 -24.506250 41.850002 9.318750 
141251412677745 -25.293751 41.081253 10.725000 
141251432677745 -25.875002 40.031250 12.581250 
141251452677745 -26.156252 39.018753 14.212501 
141251472677745 -26.681252 37.912502 16.218750 
141251492677745 -27.037500 36.900002 18.075001 
141251512677745 -27.168751 35.887501 20.006250 
141251532677745 -27.431252 34.893753 21.918751 
141251552677745 -27.281252 33.843750 23.362501 
141251572677745 -27.618752 32.606251 25.050001 
141251592677745 -27.675001 31.687502 26.062502 
141251612677745 -27.525002 30.918751 27.206251 
141251632677745 -27.337502 30.225000 28.106251 
141251652677745 -27.637501 29.512501 28.650002 
141251672677745 -27.862501 28.837502 28.950001 
141251692677745 -27.806252 28.331251 29.100000 
141251712677745 -28.106251 28.200001 29.212502 
141251732677745 -28.181252 28.218752 28.856251 
141251752677745 -28.237501 28.256250 28.631250 
141251772677745 -28.575001 28.368752 28.087502 
141251792677745 -28.912500 28.818750 27.225000 
141251812677745 -28.931252 29.325001 26.643751 
141251832677745 -28.968752 30.150002 25.725000 
141251852677745 -28.931252 31.181252 24.562502 
141251872677745 -28.875002 32.231251 23.287500 
141251892677745 -28.875002 33.412502 22.031250 
141251912677745 -28.462502 34.425003 20.231251 
141251932677745 -28.181252 35.775002 18.637501 
141251952677745 -27.525002 36.862503 17.006250 
141251972677745 -26.850000 37.987503 15.318750 
141251992677745 -25.950001 38.868752 13.668751 
141252012677745 -25.425001 39.675003 12.018750 
141252032677745 -24.843752 40.331253 10.406250 
141252052677745 -24.168751 40.856251 8.793751 
141252072677745 -23.550001 41.587502 7.556250 
141252092677745 -23.062500 42.168751 6.187500 
141252112677745 -22.800001 42.675003 4.950000 
141252132677745 -22.481251 43.087502 3.600000 
141252152677745 -22.406250 43.443752 2.175000 
141252172677745 -22.406250 43.556252 1.500000 
141252192677745 -22.406250 43.687500 0.731250 
141252212677745 -22.406250 43.931252 0.187500 
141252232677745 -22.781250 44.043751 -0.206250 
141252252677745 -23.025002 43.875000 -0.431250 
141252272677745 -23.287500 43.668751 -0.318750 
141252292677745 -23.662500 43.818752 0.037500 
141252312677745 -23.925001 43.706253 0.768750 
141252332677745 -24.243752 43.968750 1.068750 
141252352677745 -24.468752 43.912502 1.612500 
141252372677745 -24.712502 43.462502 2.306250 
141252392677745 -24.787500 43.200001 3.281250 
141252412677745 -24.918751 43.087502 4.106250 
141252432677745 -25.593752 42.731251 5.175000 
141252452677745 -25.893751 42.037502 6.281250 
141252472677745 -26.418751 41.550003 7.481250 
141252492677745 -26.868752 40.725002 9.018750 
141252512677745 -27.206251 40.368752 10.537500 
141252532677745 -27.731251 39.562500 12.168751 
141252552677745 -28.293751 38.400002 14.006250 
141252572677745 -28.875002 37.331253 15.956250 
141252592677745 -29.287500 36.131252 17.681252 
141252612677745 -29.662500 35.043751 19.462502 
141252632677745 -29.381250 33.806252 21.431252 
141252652677745 -29.400002 32.662502 23.137501 
141252672677745 -29.193750 31.293751 24.731251 
141252692677745 -29.100000 30.431252 26.193750 
141252712677745 -28.837502 29.925001 27.206251 
141252732677745 -28.162500 29.287500 28.106251 
141252752677745 -27.637501 29.043751 28.668751 
141252772677745 -26.943750 29.175001 28.856251 
141252792677745 -26.475000 29.456251 28.481251 
141252812677745 -26.062502 29.868752 27.843752 
141252832677745 -25.856251 30.862501 26.925001 
141252852677745 -25.500002 32.118752 25.762501 
141252872677745 -24.918751 33.187500 24.206251 
141252892677745 -24.581251 34.462502 22.650002 
141252912677745 -22.818750 35.962502 21.225000 
141252932677745 -22.312500 37.256252 19.368752 
141252952677745 -21.506250 38.625000 17.437500 
141252972677745 -20.493752 40.087502 15.281251 
141252992677745 -19.668751 41.193752 13.218751 
141253012677745 -18.806252 42.243752 11.118751 
141253032677745 -18.168751 43.650002 9.412500 
141253052677745 -17.643751 44.400002 7.743750 
141253072677745 -17.118752 45.075001 5.981250 
141253092677745 -17.025002 45.412502 4.443750 
141253112677745 -16.818750 45.768753 3.375000 
141253132677745 -16.950001 45.918751 2.793750 
141253152677745 -17.118752 45.993752 2.325000 
141253172677745 -17.550001 45.843750 2.118750 
141253192677745 -17.868752 45.656250 2.287500 
141253212677745 -18.431252 45.581253 2.437500 
141253232677745 -19.200001 45.525002 3.037500 
141253252677745 -19.631250 45.337502 3.975000 
141253272677745 -20.512501 45.075001 5.025000 
141253292677745 -21.356251 44.700001 6.056250 
141253312677745 -22.050001 44.250000 7.350000 
141253332677745 -22.781250 43.725002 9.056251 
141253352677745 -23.737501 43.012501 10.912500 
141253372677745 -24.487501 42.187500 12.825001 
141253392677745 -25.200001 41.343750 14.943750 
141253412677745 -25.781252 40.331253 17.212502 
141253432677745 -26.081251 38.962502 19.387501 
141253452677745 -26.587502 37.706253 21.656250 
141253472677745 -27.356251 36.318752 23.268751 
141253492677745 -27.581251 35.006252 24.918751 
141253512677745 -27.600000 33.600002 26.606251 
141253532677745 -27.656252 32.587502 27.731251 
141253552677745 -27.450001 31.575001 28.425001 
141253572677745 -27.693750 31.050001 28.800001 
141253592677745 -27.731251 31.012501 28.912500 
141253612677745 -27.656252 31.237501 28.406252 
141253632677745 -27.806252 31.593752 27.787500 
141253652677745 -27.937502 32.137501 26.943750 
141253672677745 -28.106251 32.756252 25.537500 
141253692677745 -28.050001 33.431252 24.187502 
141253712677745 -28.181252 34.200001 22.631250 
141253732677745 -28.331251 34.912502 20.906250 
141253752677745 -27.075001 35.775002 18.806252 
141253772677745 -26.662500 36.356251 16.668751 
141253792677745 -26.437502 37.331253 14.568750 
141253812677745 -25.612501 38.250000 12.656251 
141253832677745 -24.918751 39.262501 10.443750 
141253852677745 -23.193750 41.531250 9.037500 
141253872677745 -22.125000 42.487503 7.106250 
141253892677745 -20.700001 43.575001 5.175000 
141253912677745 -19.425001 44.212502 3.525000 
141253932677745 -18.300001 44.887501 2.381250 
141253952677745 -16.968750 45.431252 1.387500 
141253972677745 -16.518751 45.750000 0.375000 
141253992677745 -16.087502 46.012501 0.225000 
141254012677745 -16.087502 46.143753 0.412500 
141254032677745 -16.200001 46.181252 0.562500 
141254052677745 -16.481251 45.806252 1.050000 
141254072677745 -16.950001 45.750000 1.743750 
141254092677745 -17.400002 45.693752 2.587500 
141254112677745 -18.206251 45.243752 3.412500 
141254132677745 -18.468750 45.225002 4.593750 
141254152677745 -18.918751 44.887501 5.418750 
141254172677745 -19.200001 44.475002 6.600000 
141254192677745 -19.537500 43.837502 8.193750 
141254212677745 -19.650002 43.668751 10.068750 
141254232677745 -20.100000 43.106251 11.737500 
141254252677745 -20.700001 42.093750 13.387501 
141254272677745 -21.393751 41.343750 15.487500 
141254292677745 -21.900002 39.825001 17.268751 
141254312677745 -22.462502 38.568752 19.331251 
141254332677745 -22.987501 37.237503 21.468750 
141254352677745 -23.625000 35.850002 23.268751 
141254372677745 -24.300001 34.425003 25.050001 
141254392677745 -24.956251 32.981251 26.681252 
141254412677745 -25.350000 31.800001 28.087502 
141254432677745 -25.612501 30.731251 28.987501 
141254452677745 -25.950001 30.187502 29.643751 
141254472677745 -26.081251 29.831251 29.681252 
141254492677745 -26.156252 29.943750 29.062502 
141254512677745 -26.400002 30.618752 28.218752 
141254532677745 -26.493752 31.462502 27.093752 
141254552677745 -26.437502 32.662502 25.575001 
141254572677745 -26.437502 34.237503 23.868752 
141254592677745 -25.912500 35.625000 21.843750 
141254612677745 -25.518751 37.106251 19.875000 
141254632677745 -24.993752 38.700001 17.925001 
141254652677745 -24.356251 40.031250 16.293751 
141254672677745 -23.362501 41.100002 14.400001 
141254692677745 -23.193750 41.231251 11.868751 
141254712677745 -22.275002 42.018753 9.937500 
141254732677745 -21.525002 42.843750 8.156250 
141254752677745 -20.812500 43.575001 6.431250 
141254772677745 -20.193750 44.325001 4.893750 
141254792677745 -19.481251 44.850002 3.581250 
141254812677745 -19.106251 45.450001 1.968750 
141254832677745 -19.012501 45.806252 1.012500 
141254852677745 -18.862501 45.787502 0.337500 
141254872677745 -18.825001 45.918751 -0.150000 
141254892677745 -18.731251 45.787502 -0.262500 
141254912677745 -19.050001 45.675003 0.112500 
141254932677745 -19.481251 45.487503 0.562500 
141254952677745 -20.156250 44.981251 1.218750 
141254972677745 -20.737501 44.362503 2.437500 
141254992677745 -21.150002 43.687500 3.431250 
141255012677745 -21.675001 43.125000 4.781250 
141255032677745 -22.406250 42.525002 6.262500 
141255052677745 -23.250000 41.700001 7.650000 
141255072677745 -24.525002 40.312500 8.906250 
141255092677745 -25.031252 39.225002 10.837501 
141255112677745 -25.350000 38.418751 12.656251 
141255132677745 -25.912500 37.331253 14.437501 
141255152677745 -26.362501 36.337502 16.368752 
141255172677745 -26.850000 35.306252 18.112501 
141255192677745 -26.812502 34.200001 19.800001 
141255212677745 -27.018751 33.075001 21.318750 
141255232677745 -26.981251 32.325001 22.856251 
141255252677745 -26.868752 31.706251 23.587502 
141255272677745 -26.943750 31.368752 24.225000 
141255292677745 -26.700001 31.350000 24.393751 
141255312677745 -26.662500 31.762501 24.112501 
141255332677745 -26.325001 32.193752 23.400002 
141255352677745 -26.343752 32.812500 22.500000 
141255372677745 -26.043751 33.900002 21.112501 
141255392677745 -26.043751 34.856251 19.387501 
141255412677745 -25.968752 35.850002 17.643751 
141255432677745 -25.668751 36.993752 15.750001 
141255452677745 -25.331251 38.062500 13.687501 
141255472677745 -25.012501 38.981251 11.718750 
141255492677745 -24.581251 39.862503 9.712501 
141255512677745 -23.700001 40.781250 7.612500 
141255532677745 -23.081251 41.606251 5.700000 
141255552677745 -22.481251 42.037502 3.487500 
141255572677745 -21.787500 42.862503 1.762500 
141255592677745 -21.262501 43.368752 0.487500 
141255612677745 -20.737501 43.725002 -0.731250 
141255632677745 -20.231251 44.062500 -1.856250 
141255652677745 -19.912500 44.343750 -2.400000 
141255672677745 -19.575001 44.718750 -2.531250 
141255692677745 -19.481251 44.625000 -2.437500 
141255712677745 -19.612501 44.325001 -2.175000 
141255732677745 -19.537500 44.175003 -1.443750 
141255752677745 -19.593750 43.931252 -0.656250 
141255772677745 -19.800001 43.781250 0.750000 
141255792677745 -20.193750 43.518753 2.400000 
141255812677745 -20.437500 43.275002 3.881250 
141255832677745 -21.150002 42.675003 5.437500 
141255852677745 -21.693750 42.093750 7.125000 
141255872677745 -22.237501 41.606251 8.981251 
141255892677745 -22.800001 40.706253 11.118751 
141255912677745 -23.512501 39.656250 12.825001 
141255932677745 -23.887501 38.493752 14.662500 
141255952677745 -24.318750 37.387501 16.556252 
141255972677745 -24.918751 36.037502 18.543751 
141255992677745 -25.481251 34.912502 19.912500 
141256012677745 -25.425001 33.750000 21.600000 
141256032677745 -25.200001 32.625000 23.287500 
141256052677745 -25.500002 31.781252 24.506250 
141256072677745 -25.350000 30.937502 25.668751 
141256092677745 -25.481251 30.281252 26.250002 
141256112677745 -25.387501 29.700001 26.456251 
141256132677745 -25.406252 29.606251 26.306252 
141256152677745 -25.293751 29.625002 25.950001 
141256172677745 -25.556252 30.431252 25.050001 
141256192677745 -25.950001 31.162500 23.718750 
141256212677745 -25.856251 31.987501 22.275002 
141256232677745 -25.818750 33.281250 20.550001 
141256252677745 -25.500002 34.593750 18.825001 
141256272677745 -24.975000 36.093750 16.687500 
141256292677745 -24.468752 37.575001 14.700001 
141256312677745 -23.850000 38.887501 12.862500 
141256332677745 -23.137501 39.693752 11.062500 
141256352677745 -22.275002 40.743752 9.150001 
141256372677745 -21.431252 41.643753 7.181250 
141256392677745 -20.718750 42.468750 5.662500 
141256412677745 -20.268751 43.068752 4.050000 
141256432677745 -19.818750 43.743752 2.737500 
141256452677745 -19.406250 44.006252 1.443750 
141256472677745 -19.237501 44.400002 0.450000 
141256492677745 -19.162500 44.700001 -0.093750 
141256512677745 -19.143751 44.831253 -0.506250 
141256532677745 -19.143751 44.925003 -0.656250 
141256552677745 -19.350000 44.643753 -0.525000 
141256572677745 -19.518751 44.587502 -0.187500 
141256592677745 -19.931252 44.362503 0.225000 
141256612677745 -20.156250 44.343750 0.975000 
141256632677745 -20.418751 44.025002 1.556250 
141256652677745 -20.550001 43.650002 2.625000 
141256672677745 -20.962502 43.106251 3.825000 
141256692677745 -21.356251 42.525002 5.212500 
141256712677745 -21.693750 42.150002 6.506250 
141256732677745 -22.106251 41.550003 7.875000 
141256752677745 -22.275002 40.950001 9.787500 
141256772677745 -22.631250 39.900002 11.568750 
141256792677745 -23.137501 39.000000 13.800000 
141256812677745 -23.437500 37.968750 15.675000 
141256832677745 -23.531250 37.106251 17.756250 
141256852677745 -23.756250 36.318752 19.556252 
141256872677745 -23.681252 35.062500 21.581251 
141256892677745 -23.587502 33.806252 23.306252 
141256912677745 -23.568750 32.681252 24.806252 
141256932677745 -23.625000 31.856251 26.100000 
141256952677745 -23.437500 31.162500 26.812502 
141256972677745 -23.362501 30.843752 27.356251 
141256992677745 -23.550001 30.656252 27.356251 
141257012677745 -23.587502 30.525002 27.262501 
141257032677745 -23.587502 31.200001 26.531252 
141257052677745 -23.643751 32.025002 25.893751 
141257072677745 -23.812500 32.868752 24.600000 
141257092677745 -23.737501 33.937500 23.250000 
141257112677745 -23.550001 34.950001 21.806252 
141257132677745 -23.100000 36.037502 20.756250 
141257152677745 -23.006250 37.012501 19.425001 
141257172677745 -22.800001 37.856251 18.243752 
141257192677745 -23.062500 38.437500 17.250000 
141257212677745 -23.287500 38.775002 16.256250 
141257232677745 -23.287500 39.000000 15.825001 
141257252677745 -23.756250 38.887501 15.543751 
141257272677745 -24.393751 38.718750 15.787500 
141257292677745 -24.918751 38.156250 15.712501 
141257312677745 -25.331251 37.706253 15.975000 
141257332677745 -25.893751 37.125000 16.500000 
141257352677745 -26.175001 36.431252 17.250000 
141257372677745 -26.418751 36.018753 17.981251 
141257392677745 -26.775002 35.681252 18.750000 
141257412677745 -26.606251 35.212502 19.518751 
141257432677745 -26.493752 34.781250 19.931252 
141257452677745 -26.325001 34.725002 20.587502 
141257472677745 -25.931252 34.668751 21.093750 
141257492677745 -25.650002 34.818752 21.093750 
141257512677745 -25.425001 34.931252 21.075001 
141257532677745 -25.162500 35.362503 20.812500 
141257552677745 -24.918751 35.925003 20.043751 
141257572677745 -24.750002 36.412502 19.537500 
141257592677745 -24.787500 36.937500 18.843750 
141257612677745 -24.956251 37.293751 17.962502 
141257632677745 -24.937502 37.612503 17.118752 
141257652677745 -25.106251 37.856251 16.481251 
141257672677745 -25.275002 38.193752 15.750001 
141257692677745 -25.575001 37.856251 15.337501 
141257712677745 -25.706251 37.462502 15.168751 
141257732677745 -26.137501 37.256252 14.906251 
141257752677745 -26.268751 36.918751 15.000001 
141257772677745 -26.531252 36.750000 15.000001 
141257792677745 -27.018751 36.206253 15.337501 
141257812677745 -27.281252 35.775002 15.600000 
141257832677745 -27.656252 35.381252 15.900001 
141257852677745 -27.750002 35.475002 16.162500 
141257872677745 -27.900002 35.606251 16.275002 
141257892677745 -27.900002 35.662502 16.368752 
141257912677745 -27.956251 35.718750 16.462502 
141257932677745 -27.881250 35.643753 16.575001 
141257952677745 -27.918751 35.793751 16.443750 
141257972677745 -27.862501 36.056252 16.500000 
141257992677745 -27.525002 36.393753 16.331251 
141258012677745 -27.262501 36.356251 16.162500 
141258032677745 -27.262501 36.393753 16.218750 
141258052677745 -26.887501 36.675003 16.200001 
141258072677745 -26.381250 36.675003 16.293751 
141258092677745 -26.006250 36.787502 16.331251 
141258112677745 -25.593752 37.087502 16.500000 
141258132677745 -25.350000 37.200001 16.650002 
141258152677745 -25.125002 36.937500 16.875000 
141258172677745 -25.087502 37.106251 17.231251 
141258192677745 -24.750002 36.843750 17.587502 
141258212677745 -24.825001 36.506252 17.943750 
141258232677745 -25.012501 36.506252 18.150002 
141258252677745 -25.218752 36.225002 18.431252 
141258272677745 -25.181252 36.093750 18.637501 
141258292677745 -25.106251 35.700001 18.806252 
141258312677745 -25.387501 35.531250 19.087502 
141258332677745 -25.387501 35.268753 19.087502 
141258352677745 -25.481251 35.325001 18.843750 
141258372677745 -25.650002 35.306252 18.543751 
141258392677745 -25.800001 35.306252 18.225000 
141258412677745 -25.912500 35.493752 17.812500 
141258432677745 -26.212502 35.362503 17.531250 
141258452677745 -26.437502 35.643753 16.912500 
141258472677745 -26.418751 35.775002 16.331251 
141258492677745 -26.606251 36.037502 15.731251 
141258512677745 -26.775002 36.150002 15.431251 
141258532677745 -26.962502 36.187500 15.356251 
141258552677745 -27.112501 36.225002 15.206250 
141258572677745 -27.243752 35.962502 15.150001 
141258592677745 -27.262501 36.075001 15.075001 
141258612677745 -27.337502 35.962502 15.243751 
141258632677745 -27.375002 35.981251 15.450001 
141258652677745 -27.337502 35.737503 15.806251 
141258672677745 -27.037500 35.456253 16.087502 
141258692677745 -26.943750 35.456253 16.218750 
141258712677745 -26.700001 35.325001 16.481251 
141258732677745 -26.362501 35.325001 16.800001 
141258752677745 -26.156252 35.268753 16.950001 
141258772677745 -26.156252 35.156250 17.081251 
141258792677745 -25.893751 35.250000 17.193750 
141258812677745 -25.781252 35.043751 17.343750 
141258832677745 -25.875002 35.175003 17.437500 
141258852677745 -25.537500 35.137501 17.456251 
141258872677745 -25.443750 35.287502 17.456251 
141258892677745 -25.537500 35.400002 17.381250 
141258912677745 -25.481251 35.493752 17.381250 
141258932677745 -25.200001 35.643753 17.456251 
141258952677745 -25.200001 35.437500 17.325001 
141258972677745 -24.937502 35.681252 17.118752 
141258992677745 -25.125002 35.737503 16.931252 
141259012677745 -25.218752 35.831253 16.987501 
141259032677745 -25.312502 35.681252 16.837502 
141259052677745 -25.218752 35.850002 16.706251 
141259072677745 -25.200001 35.662502 16.443750 
141259092677745 -25.443750 35.850002 16.387501 
141259112677745 -25.500002 36.018753 16.368752 
141259132677745 -25.800001 35.962502 16.387501 
141259152677745 -25.650002 35.962502 16.518751 
141259172677745 -25.687502 35.962502 16.481251 
141259192677745 -25.837502 35.962502 16.443750 
141259212677745 -25.950001 35.756252 16.462502 
141259232677745 -26.156252 35.850002 16.650002 
141259252677745 -26.156252 35.756252 16.706251 
141259272677745 -26.325001 35.718750 16.537500 
141259292677745 -26.287500 35.662502 16.350000 
141259312677745 -26.456251 35.550003 16.181252 
141259332677745 -26.306252 35.475002 15.993751 
141259352677745 -26.137501 35.681252 15.806251 
141259372677745 -26.100000 35.756252 15.656251 
141259392677745 -25.893751 35.887501 15.450001 
141259412677745 -25.725000 35.925003 15.206250 
141259432677745 -25.537500 35.756252 15.168751 
141259452677745 -25.537500 35.700001 15.262501 
141259472677745 -25.368752 35.531250 15.337501 
141259492677745 -25.556252 35.493752 15.281251 
141259512677745 -25.481251 35.381252 15.487500 
141259532677745 -25.406252 35.362503 15.562501 
141259552677745 -25.443750 35.381252 15.806251 
141259572677745 -25.425001 35.343750 15.881250 
141259592677745 -25.537500 35.475002 15.900001 
141259612677745 -25.706251 35.718750 15.750001 
141259632677745 -25.762501 35.981251 15.825001 
141259652677745 -25.762501 36.112503 15.993751 
141259672677745 -25.856251 36.225002 16.031250 
141259692677745 -26.062502 36.243752 16.162500 
141259712677745 -26.212502 36.187500 16.143751 
141259732677745 -26.268751 36.150002 16.143751 
141259752677745 -26.175001 36.075001 16.031250 
141259772677745 -25.931252 35.943752 16.143751 
141259792677745 -25.987501 36.000000 16.050001 
141259812677745 -26.100000 35.943752 16.068750 
141259832677745 -25.856251 35.906250 15.881250 
141259852677745 -25.837502 35.887501 15.806251 
141259872677745 -25.687502 35.906250 15.787500 
141259892677745 -26.062502 35.887501 15.768750 
141259912677745 -26.156252 36.150002 16.050001 
141259932677745 -26.287500 36.356251 15.937501 
141259952677745 -26.193750 36.206253 16.050001 
141259972677745 -26.118752 36.318752 15.975000 
141259992677745 -26.568750 36.412502 16.200001 
141260012677745 -26.718752 36.375000 16.143751 
141260032677745 -26.943750 36.187500 15.993751 
141260052677745 -26.587502 36.168751 15.993751 
141260072677745 -26.756250 36.018753 15.862500 
141260092677745 -26.793751 35.756252 15.937501 
141260112677745 -26.906252 36.000000 15.843751 
141260132677745 -26.943750 35.962502 15.731251 
141260152677745 -27.056252 35.793751 15.525001 
141260172677745 -26.981251 35.681252 15.375001 
141260192677745 -27.150002 35.775002 15.243751 
141260212677745 -27.393751 35.812500 15.112500 
141260232677745 -27.487501 35.737503 14.962501 
141260252677745 -27.656252 35.737503 14.962501 
141260272677745 -27.900002 35.550003 14.925000 
141260292677745 -27.918751 35.512501 14.943750 
141260312677745 -27.881250 35.643753 15.000001 
141260332677745 -28.050001 35.962502 15.037500 
141260352677745 -27.975000 36.112503 15.112500 
141260372677745 -28.162500 36.018753 15.131250 
141260392677745 -28.312502 36.168751 14.981251 
141260412677745 -28.275002 36.243752 15.000001 
141260432677745 -28.106251 36.281250 14.831250 
141260452677745 -28.406252 36.093750 14.737500 
141260472677745 -28.481251 35.868752 14.568750 
141260492677745 -28.387501 35.737503 14.437501 
141260512677745 -28.462502 35.381252 14.306251 
141260532677745 -28.218752 35.400002 14.043751 
141260552677745 -28.068750 35.568752 13.950001 
141260572677745 -28.312502 35.718750 13.593751 
141260592677745 -28.537500 35.831253 13.350000 
141260612677745 -28.668751 36.000000 13.237500 
141260632677745 -28.762501 36.150002 13.106251 
141260652677745 -28.912500 36.412502 13.050000 
141260672677745 -28.818750 36.768753 12.918751 
141260692677745 -28.893751 36.787502 12.956250 
141260712677745 -28.856251 36.600002 13.050000 
141260732677745 -28.781252 36.675003 13.125001 
141260752677745 -28.706251 36.712502 13.050000 
141260772677745 -28.443750 36.843750 12.937501 
141260792677745 -28.387501 36.937500 12.843751 
141260812677745 -28.312502 36.731251 12.731251 
141260832677745 -28.256250 36.731251 12.675000 
141260852677745 -28.181252 36.900002 12.600000 
141260872677745 -28.031252 36.993752 12.581250 
141260892677745 -27.825001 36.862503 12.750001 
141260912677745 -27.731251 36.956253 13.050000 
141260932677745 -27.206251 36.787502 13.181251 
141260952677745 -27.018751 36.787502 13.406251 
141260972677745 -26.812502 36.937500 13.537500 
141260992677745 -26.550001 36.918751 13.818750 
141261012677745 -26.456251 37.087502 14.137501 
141261032677745 -26.456251 37.143753 14.362500 
141261052677745 -26.250002 37.237503 14.512501 
141261072677745 -26.156252 37.218750 14.718751 
141261092677745 -26.250002 37.443752 15.093751 
141261112677745 -25.912500 37.481251 15.150001 
141261132677745 -25.800001 37.481251 15.393750 
141261152677745 -26.006250 37.593750 15.393750 
141261172677745 -25.968752 37.518753 15.337501 
141261192677745 -26.006250 37.537502 15.375001 
141261212677745 -26.231251 37.725002 15.225000 
141261232677745 -26.250002 37.481251 14.981251 
141261252677745 -26.343752 37.331253 14.643750 
141261272677745 -26.643751 37.350002 14.587501 
141261292677745 -26.925001 37.650002 14.325001 
141261312677745 -26.887501 37.556252 14.418751 
141261332677745 -27.037500 37.612503 14.381250 
141261352677745 -27.056252 37.687500 14.400001 
141261372677745 -27.187502 37.668751 14.418751 
141261392677745 -27.337502 38.025002 14.250001 
141261412677745 -27.675001 38.212502 14.212501 
141261432677745 -28.012501 38.137501 14.343751 
141261452677745 -27.975000 37.800003 14.456250 
141261472677745 -28.218752 37.800003 14.137501 
141261492677745 -28.256250 37.687500 14.306251 
141261512677745 -28.275002 37.462502 14.287500 
141261532677745 -28.406252 37.312500 14.362500 
141261552677745 -28.762501 37.237503 14.493751 
141261572677745 -28.893751 37.162502 14.531251 
141261592677745 -28.762501 36.993752 14.343751 
141261612677745 -28.856251 37.106251 14.418751 
141261632677745 -28.687502 37.200001 14.550000 
141261652677745 -28.706251 37.312500 14.362500 
141261672677745 -28.856251 37.631252 14.400001 
141261692677745 -28.668751 37.668751 14.287500 
141261712677745 -28.500002 37.443752 14.418751 
141261732677745 -28.312502 37.406250 14.343751 
141261752677745 -28.256250 37.593750 14.475000 
141261772677745 -28.350000 37.556252 14.381250 
141261792677745 -28.612501 37.537502 14.287500 
141261812677745 -28.443750 37.256252 14.437501 
141261832677745 -28.387501 36.993752 14.231251 
141261852677745 -28.331251 36.881252 14.268750 
141261872677745 -28.200001 37.125000 14.156251 
141261892677745 -28.350000 37.237503 14.250001 
141261912677745 -28.500002 37.237503 14.212501 
141261932677745 -28.387501 37.218750 14.231251 
141261952677745 -28.256250 37.125000 14.287500 
141261972677745 -28.518751 37.256252 14.287500 
141261992677745 -28.481251 37.293751 14.381250 
141262012677745 -28.650002 37.350002 14.156251 
141262032677745 -28.668751 37.181252 14.081250 
141262052677745 -28.893751 37.106251 14.212501 
141262072677745 -28.706251 37.162502 14.100000 
141262092677745 -28.575001 36.993752 14.081250 
141262112677745 -28.368752 36.900002 14.268750 
141262132677745 -28.350000 36.937500 14.193750 
141262152677745 -28.368752 36.825001 14.306251 
141262172677745 -28.237501 36.656250 14.606251 
141262192677745 -28.068750 36.787502 14.925000 
141262212677745 -27.562502 36.787502 14.868751 
141262232677745 -27.412500 36.693752 15.243751 
141262252677745 -27.506250 36.956253 15.675000 
141262272677745 -27.581251 37.068752 15.693750 
141262292677745 -27.412500 36.993752 15.862500 
141262312677745 -27.243752 37.256252 15.937501 
141262332677745 -27.300001 37.593750 15.768750 
141262352677745 -27.412500 37.706253 15.731251 
141262372677745 -27.581251 37.818752 15.637501 
141262392677745 -27.731251 37.856251 15.450001 
141262412677745 -27.450001 37.668751 15.225000 
141262432677745 -27.431252 37.743752 15.206250 
141262452677745 -27.731251 37.893753 15.150001 
141262472677745 -28.050001 37.575001 15.168751 
141262492677745 -28.012501 37.237503 15.712501 
141262512677745 -27.918751 36.693752 16.125000 
141262532677745 -28.012501 36.131252 16.781250 
141262552677745 -28.031252 35.756252 17.512501 
141262572677745 -28.237501 35.475002 18.637501 
141262592677745 -28.368752 34.800003 19.781250 
141262612677745 -28.068750 34.031250 20.906250 
141262632677745 -27.806252 33.637501 22.143751 
141262652677745 -28.125002 32.737503 22.968750 
141262672677745 -28.256250 32.362503 23.981251 
141262692677745 -27.975000 31.950001 24.675001 
141262712677745 -27.693750 31.575001 25.031252 
141262732677745 -27.787500 31.350000 24.937502 
141262752677745 -27.431252 31.912500 24.562502 
141262772677745 -27.000002 32.475002 23.962502 
141262792677745 -26.756250 32.925003 23.025002 
141262812677745 -26.343752 34.050003 21.787500 
141262832677745 -25.950001 35.137501 20.006250 
141262852677745 -25.481251 36.468750 18.468750 
141262872677745 -25.050001 37.893753 16.687500 
141262892677745 -23.906250 39.000000 14.700001 
141262912677745 -23.025002 39.731251 12.787500 
141262932677745 -22.575001 40.593750 10.987500 
141262952677745 -22.068750 41.193752 8.962501 
141262972677745 -21.168751 41.793751 7.368750 
141262992677745 -20.606251 42.412502 6.150000 
141263012677745 -20.137501 43.068752 4.631250 
141263032677745 -19.481251 43.518753 3.675000 
141263052677745 -18.993752 43.837502 2.868750 
141263072677745 -18.843750 44.231251 2.568750 
141263092677745 -18.281250 44.625000 2.268750 
141263112677745 -18.112501 44.962502 2.325000 
141263132677745 -18.037500 45.093750 2.456250 
141263152677745 -18.018751 44.962502 2.531250 
141263172677745 -18.093750 44.756252 3.168750 
141263192677745 -18.525002 44.512501 3.768750 
141263212677745 -19.312500 44.343750 4.518750 
141263232677745 -19.968750 43.912502 5.343750 
141263252677745 -20.812500 43.125000 6.318750 
141263272677745 -21.393751 42.412502 7.331250 
141263292677745 -22.425001 41.287502 8.418751 
141263312677745 -23.325001 40.575001 9.862500 
141263332677745 -24.150002 39.543751 11.137501 
141263352677745 -25.556252 37.556252 12.356251 
141263372677745 -26.231251 36.318752 14.193750 
141263392677745 -26.962502 34.931252 15.712501 
141263412677745 -27.750002 33.731251 17.287500 
141263432677745 -28.293751 32.306252 18.843750 
141263452677745 -28.350000 31.443750 20.625000 
141263472677745 -28.462502 30.262501 21.956251 
141263492677745 -28.743752 29.306252 23.362501 
141263512677745 -28.818750 28.612501 24.225000 
141263532677745 -28.762501 28.106251 24.731251 
141263552677745 -28.762501 28.068750 24.956251 
141263572677745 -28.650002 28.462502 24.750002 
141263592677745 -28.481251 29.081251 24.206251 
141263612677745 -28.443750 30.018751 23.287500 
141263632677745 -28.575001 30.918751 22.481251 
141263652677745 -28.031252 32.025002 21.337502 
141263672677745 -27.543751 33.093750 20.175001 
141263692677745 -27.262501 34.312500 19.068750 
141263712677745 -26.850000 35.118752 18.243752 
141263732677745 -26.831251 35.437500 17.850000 
141263752677745 -27.018751 35.625000 17.831251 
141263772677745 -27.525002 35.175003 17.868752 
141263792677745 -27.843752 34.650002 18.131250 
141263812677745 -28.425001 34.087502 18.787500 
141263832677745 -29.025002 32.943752 19.668751 
141263852677745 -29.512501 31.631250 20.756250 
141263872677745 -30.000002 30.618752 21.862501 
141263892677745 -30.131250 29.793751 22.968750 
141263912677745 -31.462502 28.743752 23.175001 
141263932677745 -31.425001 28.462502 23.906250 
141263952677745 -31.125002 28.462502 24.281252 
141263972677745 -30.956251 28.500002 24.131250 
141263992677745 -30.937502 29.006250 23.756250 
141264012677745 -30.881250 29.868752 23.100000 
141264032677745 -30.825001 30.618752 21.975000 
141264052677745 -31.518751 31.537500 20.212502 
141264072677745 -31.031252 32.362503 18.956251 
141264092677745 -30.881250 33.225002 17.718750 
141264112677745 -30.918751 33.881252 16.462502 
141264132677745 -31.012501 34.443752 15.431251 
141264152677745 -31.087502 34.800003 14.587501 
141264172677745 -31.331251 34.668751 13.931251 
141264192677745 -31.800001 34.575001 13.650001 
141264212677745 -32.400002 34.218750 13.762501 
141264232677745 -33.300003 33.881252 13.818750 
141264252677745 -33.918751 33.075001 14.043751 
141264272677745 -34.612503 32.137501 14.700001 
141264292677745 -35.175003 30.956251 15.393750 
141264312677745 -35.456253 30.168751 16.537500 
141264332677745 -35.793751 29.418751 17.512501 
141264352677745 -35.756252 28.706251 18.637501 
141264372677745 -35.587502 28.031252 19.537500 
141264392677745 -35.437500 27.300001 20.343750 
141264412677745 -35.175003 26.925001 21.000000 
141264432677745 -34.987503 26.831251 21.431252 
141264452677745 -34.818752 27.093752 21.656250 
141264472677745 -34.556252 27.675001 21.150002 
141264492677745 -34.200001 28.368752 20.362501 
141264512677745 -33.918751 29.137501 19.162500 
141264532677745 -33.712502 30.093752 18.225000 
141264552677745 -33.262501 31.031252 16.987501 
141264572677745 -32.681252 32.100002 15.937501 
141264592677745 -32.212502 33.037502 14.943750 
141264612677745 -31.837502 33.731251 14.118751 
141264632677745 -31.556252 33.825001 13.650001 
141264652677745 -31.331251 34.031250 13.668751 
141264672677745 -31.387501 33.900002 13.987500 
141264692677745 -31.500002 33.600002 14.193750 
141264712677745 -31.706251 33.243752 14.812501 
141264732677745 -32.250000 32.700001 15.450001 
141264752677745 -32.550003 32.025002 15.806251 
141264772677745 -32.793751 31.706251 16.481251 
141264792677745 -32.887501 31.162500 16.987501 
141264812677745 -33.056252 30.675001 17.250000 
141264832677745 -33.000000 30.262501 17.437500 
141264852677745 -32.981251 30.037500 17.662500 
141264872677745 -32.812500 30.056252 17.625000 
141264892677745 -32.550003 30.206251 17.306252 
141264912677745 -32.043751 30.656252 16.968750 
141264932677745 -31.518751 30.956251 16.368752 
141264952677745 -31.200001 31.518751 15.825001 
141264972677745 -30.656252 32.081253 15.243751 
141264992677745 -30.225000 32.606251 14.643750 
141265012677745 -29.550001 33.168751 14.137501 
141265032677745 -29.175001 33.543751 13.725000 
141265052677745 -29.081251 33.656250 13.443750 
141265072677745 -29.081251 33.843750 13.500001 
141265092677745 -29.287500 33.750000 13.631250 
141265112677745 -29.362501 33.637501 13.875001 
141265132677745 -29.643751 33.356251 14.250001 
141265152677745 -29.943750 33.037502 14.700001 
141265172677745 -30.412500 32.437500 15.206250 
141265192677745 -30.825001 31.893751 15.750001 
141265212677745 -30.900002 31.518751 16.387501 
141265232677745 -31.087502 31.012501 17.062500 
141265252677745 -31.218752 30.487501 18.000000 
141265272677745 -31.350000 30.018751 18.393751 
141265292677745 -31.200001 29.831251 18.956251 
141265312677745 -31.162500 29.943750 19.500000 
141265332677745 -31.031252 29.906252 19.612501 
141265352677745 -30.900002 30.093752 19.537500 
141265372677745 -30.618752 30.356251 19.331251 
141265392677745 -30.131250 30.506250 18.881250 
141265412677745 -29.868752 31.237501 18.206251 
141265432677745 -29.531252 31.912500 17.587502 
141265452677745 -29.231251 32.475002 16.762501 
141265472677745 -28.875002 32.962502 15.937501 
141265492677745 -28.781252 33.843750 15.243751 
141265512677745 -28.537500 34.350002 14.906251 
141265532677745 -28.575001 34.575001 14.418751 
141265552677745 -28.837502 34.856251 14.231251 
141265572677745 -29.175001 34.743752 14.025001 
141265592677745 -29.587502 34.575001 14.325001 
141265612677745 -30.375002 34.275002 14.775001 
141265632677745 -31.106251 33.900002 15.337501 
141265652677745 -31.556252 33.093750 16.050001 
141265672677745 -32.025002 32.306252 16.668751 
141265692677745 -32.606251 31.500002 17.550001 
141265712677745 -33.037502 30.825001 18.225000 
141265732677745 -33.131252 30.318750 18.787500 
141265752677745 -33.056252 30.131250 19.275002 
141265772677745 -33.056252 29.981251 19.462502 
141265792677745 -32.756252 29.906252 19.406250 
141265812677745 -32.737503 30.262501 18.862501 
141265832677745 -32.662502 30.787500 18.356251 
141265852677745 -32.250000 31.687502 17.756250 
141265872677745 -31.762501 32.362503 16.987501 
141265892677745 -31.350000 33.300003 16.143751 
141265912677745 -31.125002 33.731251 15.356251 
141265932677745 -30.806252 34.275002 14.756250 
141265952677745 -30.975000 34.818752 14.400001 
141265972677745 -30.750002 34.950001 14.362500 
141265992677745 -30.656252 35.100002 14.325001 
141266012677745 -30.750002 34.912502 14.287500 
141266032677745 -31.237501 34.631252 14.643750 
141266052677745 -31.593752 33.956253 15.337501 
141266072677745 -32.231251 33.450001 16.031250 
141266092677745 -32.493752 32.625000 16.818750 
141266112677745 -32.737503 31.631250 17.512501 
141266132677745 -33.168751 30.806252 18.318750 
141266152677745 -33.375000 30.037500 18.975000 
141266172677745 -33.618752 29.587502 19.537500 
141266192677745 -33.825001 29.268751 20.006250 
141266212677745 -33.862503 28.950001 20.025002 
141266232677745 -33.693752 28.931252 19.893751 
141266252677745 -33.525002 29.175001 19.237501 
141266272677745 -33.093750 29.662500 18.600000 
141266292677745 -32.831253 30.450001 17.906250 
141266312677745 -32.887501 31.106251 17.043751 
141266332677745 -32.568752 31.725000 16.237501 
141266352677745 -32.100002 32.456253 15.262501 
141266372677745 -31.912500 33.168751 14.550000 
141266392677745 -31.668751 33.656250 13.818750 
141266412677745 -31.612501 34.031250 13.443750 
141266432677745 -31.706251 34.443752 13.237500 
141266452677745 -31.875002 34.218750 12.937501 
141266472677745 -32.025002 34.181252 12.993751 
141266492677745 -32.550003 33.937500 13.012501 
141266512677745 -32.962502 33.600002 13.237500 
141266532677745 -33.337502 33.412502 12.956250 
141266552677745 -33.712502 33.262501 12.881250 
141266572677745 -33.937500 33.150002 12.900001 
141266592677745 -34.368752 32.812500 12.862500 
141266612677745 -34.481251 32.812500 12.881250 
141266632677745 -34.668751 32.512501 12.918751 
141266652677745 -34.837502 32.268753 13.293751 
141266672677745 -35.006252 31.875002 13.687501 
141266692677745 -35.156250 31.237501 14.662500 
141266712677745 -35.193752 30.581251 15.731251 
141266732677745 -35.231251 29.850000 16.781250 
141266752677745 -35.156250 29.100000 17.718750 
141266772677745 -35.025002 28.443750 18.656250 
141266792677745 -34.931252 28.143751 19.443750 
141266812677745 -34.893753 27.600000 19.856251 
141266832677745 -34.781250 27.412500 20.043751 
141266852677745 -34.856251 27.693750 20.081251 
141266872677745 -34.781250 27.900002 19.575001 
141266892677745 -34.762501 28.443750 18.768751 
141266912677745 -34.350002 29.231251 17.812500 
141266932677745 -34.125000 30.300001 16.950001 
141266952677745 -33.431252 31.350000 15.787500 
141266972677745 -32.418751 32.681252 14.418751 
141266992677745 -31.650002 33.956253 13.068750 
141267012677745 -30.525002 35.287502 11.456250 
141267032677745 -29.475000 36.468750 10.162500 
141267052677745 -28.462502 37.650002 8.643750 
141267072677745 -27.450001 38.625000 6.918750 
141267092677745 -26.475000 39.300003 5.250000 
141267112677745 -25.818750 39.956253 3.768750 
141267132677745 -25.031252 40.687500 2.700000 
141267152677745 -24.243752 41.268753 1.631250 
141267172677745 -23.831251 41.625000 0.675000 
141267192677745 -23.493752 42.018753 -0.262500 
141267212677745 -23.381250 42.112503 -0.525000 
141267232677745 -23.606251 42.168751 -0.637500 
141267252677745 -23.775002 42.131252 -0.506250 
141267272677745 -23.812500 41.906250 -0.375000 
141267292677745 -24.412500 41.681252 -0.243750 
141267312677745 -25.087502 41.437500 0.356250 
141267332677745 -25.687502 40.818752 1.125000 
141267352677745 -26.550001 40.237503 1.856250 
141267372677745 -27.281252 39.806252 2.400000 
141267392677745 -28.331251 39.000000 3.318750 
141267412677745 -28.818750 38.793751 4.875000 
141267432677745 -30.056252 38.006252 6.056250 
141267452677745 -31.181252 36.862503 7.237500 
141267472677745 -32.025002 35.625000 8.325001 
141267492677745 -32.775002 34.556252 9.525001 
141267512677745 -33.618752 33.393753 11.268750 
141267532677745 -34.350002 31.950001 13.237500 
141267552677745 -35.043751 30.750002 15.112500 
141267572677745 -35.043751 29.531252 16.950001 
141267592677745 -34.893753 28.331251 18.506250 
141267612677745 -34.743752 27.450001 19.818750 
141267632677745 -34.631252 26.850000 21.168751 
141267652677745 -34.593750 26.475000 22.218750 
141267672677745 -34.162502 26.400002 22.481251 
141267692677745 -33.731251 26.812502 22.575001 
141267712677745 -33.300003 27.431252 22.181252 
141267732677745 -32.775002 28.350000 21.337502 
141267752677745 -32.606251 29.343752 20.456251 
141267772677745 -32.100002 30.506250 19.556252 
141267792677745 -31.537500 31.650002 17.906250 
141267812677745 -30.581251 32.756252 16.443750 
141267832677745 -29.531252 34.312500 15.206250 
141267852677745 -28.537500 35.343750 13.481251 
141267872677745 -27.412500 36.225002 11.981251 
141267892677745 -26.306252 37.106251 10.781250 
141267912677745 -24.937502 38.381252 9.468750 
141267932677745 -23.737501 39.356251 8.175000 
141267952677745 -22.537500 40.350002 7.200000 
141267972677745 -21.731251 41.100002 6.131250 
141267992677745 -21.056252 41.981251 5.493750 
141268012677745 -20.625000 42.543751 4.856250 
141268032677745 -20.437500 43.031250 4.143750 
141268052677745 -20.456251 43.293751 3.562500 
141268072677745 -20.718750 43.218750 3.356250 
141268092677745 -20.981251 43.050003 3.356250 
141268112677745 -21.712502 42.731251 3.393750 
141268132677745 -22.237501 42.393753 3.843750 
141268152677745 -22.856251 41.925003 4.500000 
141268172677745 -23.662500 41.381252 5.081250 
141268192677745 -24.300001 40.631252 6.300000 
141268212677745 -25.050001 39.975002 7.725000 
141268232677745 -25.706251 39.018753 8.925000 
141268252677745 -26.718752 38.118752 10.087501 
141268272677745 -27.581251 37.293751 11.662500 
141268292677745 -28.518751 36.225002 13.031251 
141268312677745 -29.081251 35.100002 14.700001 
141268332677745 -29.362501 33.731251 16.481251 
141268352677745 -29.775002 32.512501 18.225000 
141268372677745 -29.868752 31.331251 19.781250 
141268392677745 -29.643751 30.487501 21.093750 
141268412677745 -29.362501 29.606251 22.537500 
141268432677745 -28.668751 28.931252 23.418751 
141268452677745 -28.181252 28.818750 24.112501 
141268472677745 -27.975000 28.875002 24.168751 
141268492677745 -27.562502 29.456251 23.793751 
141268512677745 -27.300001 30.356251 22.893751 
141268532677745 -27.075001 31.143751 21.693750 
141268552677745 -27.018751 32.081253 20.268751 
141268572677745 -26.812502 33.093750 18.825001 
141268592677745 -26.981251 33.937500 17.381250 
141268612677745 -27.056252 34.687500 16.125000 
141268632677745 -27.018751 35.100002 15.318750 
141268652677745 -27.356251 35.268753 14.793751 
141268672677745 -27.787500 35.212502 14.718751 
141268692677745 -28.087502 35.062500 14.906251 
141268712677745 -28.762501 34.462502 15.525001 
141268732677745 -29.062502 33.843750 16.237501 
141268752677745 -29.493752 32.962502 17.418751 
141268772677745 -29.850000 31.968752 18.656250 
141268792677745 -30.412500 31.143751 19.743752 
141268812677745 -30.825001 30.337502 20.831251 
141268832677745 -30.768751 29.812502 21.600000 
141268852677745 -31.050001 29.418751 22.143751 
141268872677745 -30.693750 29.193750 22.612501 
141268892677745 -30.881250 29.193750 22.781250 
141268912677745 -30.712502 29.531252 22.612501 
141268932677745 -30.525002 30.037500 22.068750 
141268952677745 -30.018751 30.618752 21.187500 
141268972677745 -29.400002 31.425001 20.250000 
141268992677745 -29.043751 32.043751 19.537500 
141269012677745 -28.743752 32.793751 18.618752 
141269032677745 -28.725000 33.600002 17.606251 
141269052677745 -28.668751 34.181252 16.706251 
141269072677745 -28.762501 34.631252 15.956250 
141269092677745 -29.306252 34.875000 15.431251 
141269112677745 -30.056252 34.668751 15.243751 
141269132677745 -30.768751 34.181252 15.262501 
141269152677745 -31.593752 33.581253 15.337501 
141269172677745 -32.156250 32.737503 15.600000 
141269192677745 -32.981251 31.968752 15.918751 
141269212677745 -33.712502 31.312502 16.256250 
141269232677745 -34.331253 30.581251 16.631250 
141269252677745 -34.443752 29.850000 16.931252 
141269272677745 -34.593750 29.737501 17.343750 
141269292677745 -34.875000 29.831251 17.343750 
141269312677745 -34.931252 30.000002 17.156250 
141269332677745 -34.893753 30.487501 16.950001 
141269352677745 -34.593750 30.806252 16.706251 
141269372677745 -34.181252 31.256250 16.575001 
141269392677745 -33.731251 31.650002 16.293751 
141269412677745 -33.487503 32.118752 15.975000 
141269432677745 -33.075001 32.606251 15.450001 
141269452677745 -32.625000 32.775002 15.112500 
141269472677745 -32.118752 33.000000 15.093751 
141269492677745 -31.725000 33.075001 15.150001 
141269512677745 -31.143751 33.187500 15.168751 
141269532677745 -30.750002 33.337502 15.337501 
141269552677745 -30.375002 33.487503 15.450001 
141269572677745 -29.906252 33.675003 15.862500 
141269592677745 -29.531252 33.581253 16.312500 
141269612677745 -29.062502 33.656250 16.968750 
141269632677745 -28.818750 33.675003 17.568750 
141269652677745 -28.406252 33.825001 18.037500 
141269672677745 -28.031252 33.693752 18.487501 
141269692677745 -27.806252 33.431252 18.843750 
141269712677745 -27.525002 33.318752 19.331251 
141269732677745 -27.318750 33.318752 19.481251 
141269752677745 -27.150002 33.243752 19.706251 
141269772677745 -26.943750 33.300003 19.575001 
141269792677745 -26.568750 33.450001 19.500000 
141269812677745 -26.587502 33.187500 19.387501 
141269832677745 -26.643751 33.281250 19.387501 
141269852677745 -26.812502 33.562500 19.293751 
141269872677745 -27.000002 33.825001 18.975000 
141269892677745 -26.981251 33.675003 18.768751 
141269912677745 -27.300001 33.506252 18.543751 
141269932677745 -27.881250 33.131252 18.468750 
141269952677745 -28.500002 32.775002 18.450001 
141269972677745 -29.118752 32.418751 18.731251 
141269992677745 -29.737501 31.931252 19.012501 
141270012677745 -30.168751 31.031252 19.556252 
141270032677745 -30.750002 29.793751 20.175001 
141270052677745 -31.425001 28.931252 20.906250 
141270072677745 -31.893751 28.106251 21.581251 
141270092677745 -32.250000 27.487501 22.331251 
141270112677745 -32.475002 27.000002 22.575001 
141270132677745 -32.662502 26.925001 22.481251 
141270152677745 -32.831253 27.056252 22.031250 
141270172677745 -33.093750 27.375002 21.206251 
141270192677745 -33.131252 28.293751 20.231251 
141270212677745 -32.456253 29.550001 19.818750 
141270232677745 -32.175003 30.768751 18.337502 
141270252677745 -32.025002 32.137501 16.593750 
141270272677745 -31.725000 33.262501 15.000001 
141270292677745 -30.750002 34.462502 13.368751 
141270312677745 -29.775002 35.662502 11.887501 
141270332677745 -28.706251 36.993752 10.162500 
141270352677745 -27.712502 38.456253 8.756250 
141270372677745 -26.512501 39.525002 7.162500 
141270392677745 -25.931252 40.481251 5.681250 
141270412677745 -25.031252 41.287502 4.312500 
141270432677745 -24.300001 41.981251 2.887500 
141270452677745 -24.075001 42.487503 1.650000 
141270472677745 -24.075001 42.768753 0.431250 
141270492677745 -24.131250 43.068752 -0.093750 
141270512677745 -24.300001 42.900002 -0.693750 
141270532677745 -24.543751 42.768753 -0.750000 
141270552677745 -24.787500 42.618752 -1.031250 
141270572677745 -25.218752 42.168751 -0.918750 
141270592677745 -25.743752 41.981251 -0.543750 
141270612677745 -26.662500 41.831253 0.075000 
141270632677745 -27.206251 41.287502 0.862500 
141270652677745 -28.106251 40.743752 1.462500 
141270672677745 -28.837502 39.975002 2.418750 
141270692677745 -29.775002 39.131252 3.393750 
141270712677745 -30.225000 37.931252 4.837500 
141270732677745 -31.425001 36.825001 6.393750 
141270752677745 -32.456253 35.287502 8.231251 
141270772677745 -33.225002 33.731251 10.162500 
141270792677745 -34.181252 32.512501 12.393750 
141270812677745 -34.743752 30.993752 14.568750 
141270832677745 -36.037502 30.206251 15.918751 
141270852677745 -36.318752 28.818750 18.000000 
141270872677745 -36.412502 27.731251 19.556252 
141270892677745 -35.981251 27.150002 21.018751 
141270912677745 -35.718750 26.756250 21.825001 
141270932677745 -35.343750 26.568750 21.993752 
141270952677745 -34.987503 26.775002 21.768751 
141270972677745 -34.650002 27.093752 21.300001 
141270992677745 -34.387501 27.712502 20.475000 
141271012677745 -34.087502 28.893751 19.143751 
141271032677745 -33.450001 30.375002 17.625000 
141271052677745 -32.587502 32.606251 16.237501 
141271072677745 -31.987501 34.143753 14.625001 
141271092677745 -31.125002 35.737503 13.012501 
141271112677745 -30.056252 37.068752 11.475000 
141271132677745 -28.762501 38.587502 10.012501 
141271152677745 -27.506250 39.768753 8.718750 
141271172677745 -26.118752 40.987503 7.443750 
141271192677745 -25.200001 41.812500 6.450000 
141271212677745 -24.168751 42.637501 5.400000 
141271232677745 -23.268751 43.143753 4.350000 
141271252677745 -22.612501 43.518753 3.637500 
141271272677745 -22.200001 43.856251 3.112500 
141271292677745 -22.050001 43.987503 2.662500 
141271312677745 -21.881250 44.156250 2.681250 
141271332677745 -22.125000 44.118752 2.887500 
141271352677745 -22.012501 44.118752 3.281250 
141271372677745 -22.200001 43.856251 3.750000 
141271392677745 -22.950001 43.350002 4.762500 
141271412677745 -23.418751 42.993752 6.018750 
141271432677745 -23.981251 42.262501 6.993750 
141271452677745 -24.581251 41.756252 8.343750 
141271472677745 -25.143751 40.818752 9.806251 
141271492677745 -25.631250 39.862503 11.175000 
141271512677745 -26.531252 38.756252 12.806251 
141271532677745 -27.375002 37.518753 14.831250 
141271552677745 -27.543751 36.356251 16.781250 
141271572677745 -27.581251 34.837502 18.806252 
141271592677745 -27.637501 33.806252 21.356251 
141271612677745 -27.337502 32.343750 23.381250 
141271632677745 -26.887501 31.518751 24.843752 
141271652677745 -26.437502 30.750002 26.456251 
141271672677745 -25.650002 30.018751 27.712502 
141271692677745 -24.993752 29.737501 28.406252 
141271712677745 -24.318750 29.887501 28.668751 
141271732677745 -24.075001 30.356251 28.256250 
141271752677745 -23.775002 31.275002 27.562502 
141271772677745 -23.568750 32.325001 26.587502 
141271792677745 -23.325001 33.243752 25.481251 
141271812677745 -22.950001 34.050003 24.693750 
141271832677745 -23.081251 35.175003 23.512501 
141271852677745 -23.081251 35.793751 22.518751 
141271872677745 -23.306252 36.487503 21.862501 
141271892677745 -23.418751 36.768753 21.525002 
141271912677745 -23.718750 36.712502 21.487501 
141271932677745 -24.056252 36.506252 21.562500 
141271952677745 -24.618752 36.206253 22.050001 
141271972677745 -25.368752 35.812500 22.237501 
141271992677745 -25.931252 35.156250 22.537500 
141272012677745 -26.250002 34.800003 22.987501 
141272032677745 -26.681252 33.956253 23.362501 
141272052677745 -27.018751 33.412502 23.512501 
141272072677745 -27.375002 32.831253 23.437500 
141272092677745 -27.731251 32.456253 23.606251 
141272112677745 -28.087502 32.156250 23.493752 
141272132677745 -28.256250 32.081253 23.175001 
141272152677745 -28.518751 32.400002 22.931252 
141272172677745 -28.650002 32.681252 22.481251 
141272192677745 -28.856251 33.112503 21.862501 
141272212677745 -29.250002 33.750000 21.187500 
141272232677745 -29.250002 34.575001 20.400002 
141272252677745 -29.475000 35.212502 19.200001 
141272272677745 -29.306252 36.337502 18.675001 
141272292677745 -29.512501 36.900002 18.018751 
141272312677745 -29.475000 37.162502 17.512501 
141272332677745 -29.643751 37.256252 17.381250 
141272352677745 -29.625002 37.143753 17.550001 
141272372677745 -29.681252 36.656250 18.225000 
141272392677745 -29.850000 35.981251 19.368752 
141272412677745 -29.775002 35.362503 20.831251 
141272432677745 -29.793751 34.387501 22.331251 
141272452677745 -29.737501 33.318752 23.700001 
141272472677745 -29.343752 32.343750 25.200001 
141272492677745 -28.800001 31.631250 26.475000 
141272512677745 -28.406252 31.181252 27.600000 
141272532677745 -27.600000 31.237501 28.200001 
141272552677745 -27.018751 31.425001 28.406252 
141272572677745 -26.681252 31.481251 28.312502 
141272592677745 -26.306252 31.950001 27.956251 
141272612677745 -25.837502 32.812500 27.356251 
141272632677745 -25.406252 33.787502 26.550001 
141272652677745 -25.500002 34.650002 25.762501 
141272672677745 -25.200001 35.400002 24.862501 
141272692677745 -25.050001 35.775002 24.225000 
141272712677745 -24.787500 36.168751 23.737501 
141272732677745 -24.468752 36.787502 23.343750 
141272752677745 -24.618752 37.012501 23.137501 
141272772677745 -24.787500 36.937500 23.062500 
141272792677745 -24.956251 36.637501 23.418751 
141272812677745 -24.843752 36.150002 23.981251 
141272832677745 -24.750002 35.662502 24.562502 
141272852677745 -24.937502 35.006252 25.443750 
141272872677745 -24.956251 34.125000 26.306252 
141272892677745 -24.750002 32.981251 27.281252 
141272912677745 -24.300001 32.231251 28.068750 
141272932677745 -23.737501 31.500002 29.025002 
141272952677745 -23.306252 30.975000 29.512501 
141272972677745 -23.156250 30.937502 29.662500 
141272992677745 -23.081251 31.031252 29.737501 
141273012677745 -22.912500 31.537500 29.287500 
141273032677745 -22.875000 32.343750 28.593752 
141273052677745 -22.593750 33.318752 27.712502 
141273072677745 -22.612501 34.275002 26.887501 
141273092677745 -22.743752 35.287502 25.800001 
141273112677745 -22.743752 36.300003 24.768751 
141273132677745 -22.518751 37.068752 23.943750 
141273152677745 -22.575001 37.593750 23.231251 
141273172677745 -22.537500 37.762501 22.781250 
141273192677745 -22.556252 37.856251 22.781250 
141273212677745 -22.837502 37.781250 23.043751 
141273232677745 -23.100000 37.200001 23.587502 
141273252677745 -23.381250 36.525002 24.093752 
141273272677745 -23.662500 35.700001 25.087502 
141273292677745 -24.018751 34.668751 26.081251 
141273312677745 -24.187502 33.487503 26.906252 
141273332677745 -24.393751 32.718750 27.712502 
141273352677745 -24.731251 31.725000 28.162500 
141273372677745 -25.237501 31.368752 28.256250 
141273392677745 -25.425001 31.312502 27.731251 
141273412677745 -25.612501 31.575001 27.375002 
141273432677745 -26.043751 32.137501 26.437502 
141273452677745 -26.325001 32.981251 25.256250 
141273472677745 -26.550001 33.975002 24.206251 
141273492677745 -26.831251 34.781250 22.781250 
141273512677745 -26.775002 35.756252 21.712502 
141273532677745 -26.718752 36.450001 20.737501 
141273552677745 -27.018751 37.031250 20.043751 
141273572677745 -27.131250 37.350002 19.481251 
141273592677745 -27.300001 37.350002 19.293751 
141273612677745 -27.618752 36.956253 19.162500 
141273632677745 -27.993752 36.656250 19.237501 
141273652677745 -28.312502 36.243752 19.968750 
141273672677745 -28.575001 35.625000 20.737501 
141273692677745 -28.593752 34.668751 21.956251 
141273712677745 -28.725000 33.750000 23.418751 
141273732677745 -28.837502 32.981251 24.487501 
141273752677745 -28.725000 32.268753 25.368752 
141273772677745 -28.650002 31.856251 26.175001 
141273792677745 -28.481251 31.593752 26.643751 
141273812677745 -28.237501 31.668751 26.662500 
141273832677745 -28.256250 32.175003 26.025002 
141273852677745 -28.162500 32.925003 25.012501 
141273872677745 -27.693750 33.750000 23.775002 
141273892677745 -27.356251 34.706253 22.481251 
141273912677745 -27.018751 35.718750 21.318750 
141273932677745 -26.437502 36.543751 20.606251 
141273952677745 -26.062502 37.293751 19.837502 
141273972677745 -25.518751 37.762501 19.293751 
141273992677745 -25.293751 37.912502 19.162500 
141274012677745 -25.425001 37.612503 19.050001 
141274032677745 -25.725000 37.256252 19.387501 
141274052677745 -25.856251 36.712502 20.137501 
141274072677745 -26.025002 35.775002 20.943750 
141274092677745 -26.268751 34.800003 21.918751 
141274112677745 -26.193750 33.581253 22.968750 
141274132677745 -26.718752 32.700001 24.225000 
141274152677745 -26.606251 31.781252 25.256250 
141274172677745 -26.418751 31.331251 26.512501 
141274192677745 -26.062502 30.825001 27.150002 
141274212677745 -26.062502 30.825001 27.243752 
141274232677745 -26.062502 31.387501 27.075001 
141274252677745 -26.137501 32.100002 26.268751 
141274272677745 -26.062502 33.093750 25.537500 
141274292677745 -25.575001 34.012501 24.262501 
141274312677745 -25.518751 35.100002 23.193750 
141274332677745 -25.462502 36.018753 21.975000 
141274352677745 -25.406252 36.956253 20.943750 
141274372677745 -25.312502 37.368752 20.325001 
141274392677745 -25.256250 37.687500 19.950001 
141274412677745 -25.256250 37.631252 19.837502 
141274432677745 -25.537500 37.350002 20.006250 
141274452677745 -25.518751 36.825001 20.643751 
141274472677745 -25.350000 35.962502 21.262501 
141274492677745 -25.293751 35.062500 22.275002 
141274512677745 -25.256250 34.068752 23.681252 
141274532677745 -25.068750 33.206253 25.050001 
141274552677745 -24.225000 31.950001 26.606251 
141274572677745 -23.700001 31.275002 27.900002 
141274592677745 -23.175001 30.825001 28.781252 
141274612677745 -22.668751 30.637501 29.400002 
141274632677745 -22.462502 30.768751 29.493752 
141274652677745 -22.218750 31.275002 29.100000 
141274672677745 -21.825001 31.875002 28.387501 
141274692677745 -21.562500 32.512501 27.506250 
141274712677745 -21.487501 33.375000 26.325001 
141274732677745 -21.412500 34.275002 25.125002 
141274752677745 -21.356251 35.081253 24.056252 
141274772677745 -21.318750 35.625000 22.781250 
141274792677745 -21.112501 36.075001 22.237501 
141274812677745 -21.187500 36.243752 21.881250 
141274832677745 -21.300001 36.187500 21.637501 
141274852677745 -21.337502 36.093750 21.506250 
141274872677745 -21.487501 35.681252 21.900002 
141274892677745 -21.712502 35.193752 22.443750 
141274912677745 -21.843750 34.481251 23.175001 
141274932677745 -21.975000 33.768753 24.168751 
141274952677745 -22.087502 33.187500 25.106251 
141274972677745 -21.900002 32.250000 26.043751 
141274992677745 -21.900002 31.687502 26.925001 
141275012677745 -21.937500 31.256250 27.543751 
141275032677745 -21.918751 31.050001 27.862501 
141275052677745 -21.768751 31.031252 27.900002 
141275072677745 -21.843750 31.518751 27.750002 
141275092677745 -21.750000 32.118752 27.281252 
141275112677745 -21.843750 32.568752 26.381250 
141275132677745 -21.900002 33.543751 25.537500 
141275152677745 -22.031250 34.387501 24.712502 
141275172677745 -21.975000 35.081253 23.906250 
141275192677745 -21.993752 35.868752 23.287500 
141275212677745 -22.087502 36.093750 22.725000 
141275232677745 -22.068750 36.093750 22.350000 
141275252677745 -22.312500 36.112503 22.143751 
141275272677745 -22.312500 35.962502 22.387501 
141275292677745 -22.387501 35.718750 22.556252 
141275312677745 -22.368752 35.287502 22.687500 
141275332677745 -22.631250 34.818752 23.381250 
141275352677745 -22.537500 34.125000 23.906250 
141275372677745 -22.518751 33.506252 24.675001 
141275392677745 -22.462502 32.925003 25.218752 
141275412677745 -22.293751 32.400002 25.893751 
141275432677745 -22.500000 32.137501 26.456251 
141275452677745 -22.368752 31.818750 26.756250 
141275472677745 -22.762501 31.837502 27.150002 
141275492677745 -22.518751 31.893751 27.093752 
141275512677745 -22.800001 32.268753 26.831251 
141275532677745 -23.306252 32.943752 26.156252 
141275552677745 -23.287500 33.543751 25.631250 
141275572677745 -23.475000 34.218750 24.881250 
141275592677745 -23.475000 34.668751 23.868752 
141275612677745 -23.700001 34.987503 23.231251 
141275632677745 -23.268751 35.231251 22.575001 
141275652677745 -23.775002 35.456253 22.012501 
141275672677745 -23.868752 35.268753 21.918751 
141275692677745 -23.568750 35.006252 22.218750 
141275712677745 -24.000000 34.856251 22.481251 
141275732677745 -24.093752 34.143753 22.987501 
141275752677745 -24.300001 33.543751 23.606251 
141275772677745 -24.525002 32.962502 24.356251 
141275792677745 -24.993752 32.531250 24.937502 
141275812677745 -24.881250 32.212502 25.575001 
141275832677745 -25.087502 32.006252 26.193750 
141275852677745 -25.256250 31.950001 26.325001 
141275872677745 -25.031252 31.518751 26.493752 
141275892677745 -25.256250 31.537500 26.362501 
141275912677745 -25.275002 31.875002 26.306252 
141275932677745 -25.143751 32.475002 25.818750 
141275952677745 -25.012501 32.925003 25.368752 
141275972677745 -24.956251 33.037502 24.693750 
141275992677745 -24.825001 33.637501 23.737501 
141276012677745 -24.750002 33.975002 22.987501 
141276032677745 -24.937502 34.612503 22.293751 
141276052677745 -24.843752 35.268753 21.600000 
141276072677745 -25.012501 35.606251 20.981251 
141276092677745 -25.293751 35.775002 20.662500 
141276112677745 -25.725000 35.681252 20.343750 
141276132677745 -26.137501 35.662502 20.475000 
141276152677745 -26.287500 35.250000 20.550001 
141276172677745 -26.943750 34.706253 21.093750 
141276192677745 -27.262501 34.218750 21.225000 
141276212677745 -27.731251 33.562500 21.825001 
141276232677745 -27.993752 32.943752 22.350000 
141276252677745 -28.200001 32.306252 22.856251 
141276272677745 -28.200001 31.837502 23.381250 
141276292677745 -28.331251 31.593752 23.756250 
141276312677745 -28.650002 31.312502 24.112501 
141276332677745 -28.406252 31.443750 24.112501 
141276352677745 -28.218752 31.725000 24.300001 
141276372677745 -27.862501 32.062500 24.225000 
141276392677745 -27.712502 32.475002 23.887501 
141276412677745 -27.431252 32.981251 23.343750 
141276432677745 -27.262501 33.525002 22.518751 
141276452677745 -26.906252 34.050003 21.787500 
141276472677745 -26.662500 34.837502 21.168751 
141276492677745 -26.831251 35.156250 20.737501 
141276512677745 -27.206251 35.137501 20.343750 
141276532677745 -27.581251 34.950001 20.081251 
141276552677745 -27.918751 34.668751 20.381250 
141276572677745 -28.631250 34.068752 20.887501 
141276592677745 -29.006250 33.262501 21.975000 
141276612677745 -29.700001 32.250000 23.081251 
141276632677745 -29.381250 32.043751 24.468752 
141276652677745 -29.381250 30.975000 25.387501 
141276672677745 -29.250002 30.000002 26.343752 
141276692677745 -29.550001 29.306252 27.262501 
141276712677745 -29.512501 28.612501 27.487501 
141276732677745 -29.456251 28.368752 27.618752 
141276752677745 -29.568750 28.462502 27.281252 
141276772677745 -29.418751 28.931252 26.812502 
141276792677745 -29.362501 29.550001 26.175001 
141276812677745 -29.231251 30.543751 25.106251 
141276832677745 -29.156252 31.856251 23.906250 
141276852677745 -28.500002 33.206253 22.312500 
141276872677745 -27.825001 34.800003 20.868752 
141276892677745 -27.262501 36.412502 19.106251 
141276912677745 -26.550001 37.931252 17.381250 
141276932677745 -25.725000 39.412502 15.431251 
141276952677745 -24.993752 40.725002 13.406251 
141276972677745 -24.393751 41.831253 11.681251 
141276992677745 -23.606251 42.843750 9.862500 
141277012677745 -23.081251 43.668751 8.175000 
141277032677745 -22.593750 44.831253 6.881250 
141277052677745 -22.200001 45.281250 5.512500 
141277072677745 -21.768751 45.806252 4.181250 
141277092677745 -21.412500 45.975002 3.018750 
141277112677745 -21.525002 46.050003 2.512500 
141277132677745 -21.956251 45.993752 2.118750 
141277152677745 -22.575001 45.712502 1.668750 
141277172677745 -23.343750 45.468750 1.462500 
141277192677745 -23.925001 44.906250 1.687500 
141277212677745 -24.637501 44.531250 2.100000 
141277232677745 -25.631250 44.006252 2.662500 
141277252677745 -26.587502 43.331253 3.525000 
141277272677745 -27.300001 42.581253 4.331250 
141277292677745 -28.181252 41.756252 4.631250 
141277312677745 -28.856251 41.306252 5.643750 
141277332677745 -29.493752 40.743752 6.750000 
141277352677745 -30.037500 40.162502 7.668750 
141277372677745 -30.731251 39.243752 8.868751 
141277392677745 -31.181252 38.193752 10.368751 
141277412677745 -32.025002 37.162502 11.681251 
141277432677745 -32.475002 35.906250 13.387501 
141277452677745 -32.906250 34.781250 15.431251 
141277472677745 -33.150002 33.468750 17.325001 
141277492677745 -33.056252 32.268753 18.993752 
141277512677745 -33.112503 31.050001 20.943750 
141277532677745 -32.812500 29.831251 22.518751 
141277552677745 -32.812500 29.006250 23.437500 
141277572677745 -32.643753 28.537500 24.300001 
141277592677745 -32.550003 28.443750 24.487501 
141277612677745 -32.193752 28.425001 24.150002 
141277632677745 -32.193752 28.706251 23.625000 
141277652677745 -32.062500 29.250002 22.743752 
141277672677745 -31.912500 30.375002 21.187500 
141277692677745 -31.837502 31.668751 19.593750 
141277712677745 -31.218752 33.093750 18.112501 
141277732677745 -30.393751 34.125000 16.293751 
141277752677745 -29.193750 35.437500 14.737500 
141277772677745 -28.181252 37.068752 13.050000 
141277792677745 -26.850000 38.493752 11.475000 
141277812677745 -25.781252 39.487503 10.162500 
141277832677745 -24.393751 40.481251 9.075001 
141277852677745 -23.175001 41.475002 7.593750 
141277872677745 -22.200001 42.262501 6.281250 
141277892677745 -21.450001 42.768753 4.987500 
141277912677745 -21.056252 43.050003 4.031250 
141277932677745 -20.531250 43.125000 3.431250 
141277952677745 -20.081251 43.293751 2.793750 
141277972677745 -19.500000 43.593750 2.325000 
141277992677745 -19.556252 43.462502 1.893750 
141278012677745 -19.462502 43.331253 2.137500 
141278032677745 -19.650002 42.937500 2.568750 
141278052677745 -19.912500 42.787502 3.337500 
141278072677745 -20.156250 42.656250 3.975000 
141278092677745 -20.700001 42.525002 4.818750 
141278112677745 -21.300001 42.262501 5.662500 
141278132677745 -22.068750 41.662502 6.787500 
141278152677745 -22.706251 41.062500 8.381250 
141278172677745 -23.531250 40.312500 9.843750 
141278192677745 -24.393751 39.318752 11.550000 
141278212677745 -25.256250 38.175003 13.218751 
141278232677745 -25.950001 36.937500 15.131250 
141278252677745 -26.531252 35.512501 17.062500 
141278272677745 -27.075001 34.031250 19.068750 
141278292677745 -27.562502 32.831253 21.037500 
141278312677745 -27.881250 31.612501 22.612501 
141278332677745 -28.050001 30.562502 24.168751 
141278352677745 -28.087502 29.812502 25.162500 
141278372677745 -28.256250 29.362501 26.006250 
141278392677745 -28.331251 28.968752 26.512501 
141278412677745 -28.481251 29.118752 26.493752 
141278432677745 -28.743752 29.493752 26.025002 
141278452677745 -28.893751 30.225000 25.143751 
141278472677745 -29.062502 31.237501 24.000000 
141278492677745 -29.100000 32.400002 22.668751 
141278512677745 -29.043751 33.750000 21.187500 
141278532677745 -28.837502 35.137501 19.350000 
141278552677745 -28.350000 36.656250 17.606251 
141278572677745 -27.693750 38.100002 15.843751 
141278592677745 -26.250002 39.618752 14.775001 
141278612677745 -25.275002 41.250000 12.956250 
141278632677745 -24.243752 42.656250 11.175000 
141278652677745 -23.156250 44.025002 9.262501 
141278672677745 -22.143751 45.037502 7.537500 
141278692677745 -21.093750 45.993752 6.281250 
141278712677745 -20.137501 46.987503 4.762500 
141278732677745 -19.668751 47.718750 3.675000 
141278752677745 -19.481251 48.168751 2.943750 
141278772677745 -19.218750 48.393753 2.662500 
141278792677745 -19.200001 48.506252 2.681250 
141278812677745 -19.368752 48.525002 2.831250 
141278832677745 -19.612501 48.787502 3.112500 
141278852677745 -19.800001 48.731251 3.412500 
141278872677745 -20.662500 48.525002 4.143750 
141278892677745 -21.281250 48.187504 4.931250 
141278912677745 -21.900002 47.831253 5.793750 
141278932677745 -22.781250 47.456253 6.881250 
141278952677745 -23.737501 46.762501 8.250000 
141278972677745 -24.543751 46.068752 9.937500 
141278992677745 -25.837502 45.037502 11.887501 
141279012677745 -26.906252 43.987503 13.818750 
141279032677745 -27.581251 42.393753 16.087502 
141279052677745 -28.425001 40.837502 18.450001 
141279072677745 -29.268751 39.300003 20.793751 
141279092677745 -29.531252 37.537502 22.987501 
141279112677745 -29.775002 36.300003 25.012501 
141279132677745 -30.037500 34.837502 26.906252 
141279152677745 -29.625002 33.675003 28.556252 
141279172677745 -29.606251 32.943752 29.718752 
141279192677745 -29.437502 32.718750 30.581251 
141279212677745 -29.043751 32.775002 30.956251 
141279232677745 -28.856251 32.962502 30.956251 
141279252677745 -28.781252 33.581253 30.487501 
141279272677745 -28.556252 34.162502 29.775002 
141279292677745 -28.593752 35.025002 28.706251 
141279312677745 -28.968752 36.056252 27.337502 
141279332677745 -29.156252 37.050003 26.062502 
141279352677745 -29.437502 37.893753 24.750002 
141279372677745 -29.718752 38.606251 23.643751 
141279392677745 -30.018751 39.075001 22.931252 
141279412677745 -30.337502 39.075001 22.143751 
141279432677745 -30.862501 39.112503 21.562500 
141279452677745 -31.181252 38.906250 21.375000 
141279472677745 -31.518751 38.381252 21.825001 
141279492677745 -31.781252 37.762501 22.406250 
141279512677745 -32.325001 37.087502 23.137501 
141279532677745 -32.493752 36.206253 23.962502 
141279552677745 -32.662502 35.625000 24.693750 
141279572677745 -32.925003 35.006252 25.687502 
141279592677745 -32.831253 34.368752 26.775002 
141279612677745 -32.568752 33.787502 27.525002 
141279632677745 -31.950001 33.487503 28.087502 
141279652677745 -31.368752 33.056252 28.631250 
141279672677745 -30.656252 32.718750 29.212502 
141279692677745 -30.300001 32.718750 29.606251 
141279712677745 -29.775002 32.831253 29.775002 
141279732677745 -29.081251 32.943752 29.850000 
141279752677745 -28.612501 33.468750 29.662500 
141279772677745 -27.937502 34.125000 29.737501 
141279792677745 -27.525002 34.556252 29.325001 
141279812677745 -27.281252 35.306252 28.950001 
141279832677745 -26.756250 36.131252 28.218752 
141279852677745 -26.418751 36.975002 27.600000 
141279872677745 -26.006250 37.518753 26.981251 
141279892677745 -26.025002 38.343750 26.362501 
141279912677745 -25.818750 38.643753 26.118752 
141279932677745 -26.118752 38.887501 25.650002 
141279952677745 -26.250002 39.225002 25.593752 
141279972677745 -26.250002 39.506252 25.350000 
141279992677745 -26.531252 39.506252 25.500002 
141280012677745 -26.400002 39.337502 25.500002 
141280032677745 -26.718752 39.168751 25.687502 
141280052677745 -26.868752 38.906250 25.950001 
141280072677745 -27.281252 38.793751 26.043751 
141280092677745 -27.262501 38.512501 26.175001 
141280112677745 -27.356251 38.381252 26.362501 
141280132677745 -27.637501 38.212502 26.625002 
141280152677745 -27.862501 38.062500 26.568750 
141280172677745 -28.200001 37.818752 26.606251 
141280192677745 -28.218752 37.950001 26.681252 
141280212677745 -28.087502 37.950001 26.662500 
141280232677745 -28.012501 38.062500 26.587502 
141280252677745 -28.181252 38.531250 26.362501 
141280272677745 -28.481251 38.812500 25.987501 
141280292677745 -28.537500 38.962502 25.650002 
141280312677745 -28.462502 39.300003 25.200001 
141280332677745 -28.706251 39.562500 25.050001 
141280352677745 -29.156252 39.787502 24.956251 
141280372677745 -29.662500 40.125000 24.975000 
141280392677745 -29.981251 40.181252 24.937502 
141280412677745 -30.150002 39.993752 25.050001 
141280432677745 -30.468752 39.787502 25.237501 
141280452677745 -30.750002 39.825001 25.387501 
141280472677745 -31.087502 39.618752 25.893751 
141280492677745 -31.256250 39.525002 26.250002 
141280512677745 -31.368752 39.206253 26.362501 
141280532677745 -31.368752 38.887501 26.550001 
141280552677745 -31.725000 38.681252 26.662500 
141280572677745 -32.006252 38.700001 26.850000 
141280592677745 -32.081253 38.531250 27.018751 
141280612677745 -32.437500 38.418751 26.981251 
141280632677745 -32.793751 38.550003 26.981251 
141280652677745 -33.131252 38.662502 26.662500 
141280672677745 -33.450001 38.681252 26.625002 
141280692677745 -33.956253 38.662502 26.456251 
141280712677745 -34.237503 38.643753 26.381250 
141280732677745 -34.481251 38.568752 26.381250 
141280752677745 -35.025002 38.606251 26.193750 
141280772677745 -35.287502 38.381252 26.137501 
141280792677745 -35.737503 37.987503 25.968752 
141280812677745 -36.206253 37.650002 26.137501 
141280832677745 -36.525002 37.312500 25.968752 
141280852677745 -36.881252 36.825001 25.762501 
141280872677745 -36.918751 36.225002 25.537500 
141280892677745 -37.443752 35.700001 25.218752 
141280912677745 -37.462502 35.325001 24.975000 
141280932677745 -37.612503 34.987503 25.068750 
141280952677745 -37.593750 34.650002 24.881250 
141280972677745 -37.368752 34.312500 24.618752 
141280992677745 -37.387501 34.012501 24.600000 
141281012677745 -37.106251 33.881252 24.750002 
141281032677745 -36.693752 33.768753 24.843752 
141281052677745 -36.206253 33.300003 24.862501 
141281072677745 -35.775002 33.037502 25.106251 
141281092677745 -35.362503 32.943752 25.106251 
141281112677745 -35.081253 33.075001 25.293751 
141281132677745 -34.762501 33.075001 25.293751 
141281152677745 -34.368752 33.075001 25.200001 
141281172677745 -33.862503 33.000000 25.181252 
141281192677745 -33.937500 32.512501 25.575001 
141281212677745 -34.012501 32.212502 25.931252 
141281232677745 -33.993752 31.518751 26.568750 
141281252677745 -34.162502 30.562502 27.093752 
141281272677745 -33.975002 29.325001 27.806252 
141281292677745 -33.937500 28.256250 28.481251 
141281312677745 -33.843750 27.206251 29.156252 
141281332677745 -33.993752 26.437502 29.512501 
141281352677745 -34.125000 26.137501 29.381250 
141281372677745 -34.087502 26.250002 28.931252 
141281392677745 -34.368752 26.606251 28.143751 
141281412677745 -34.762501 27.262501 27.018751 
141281432677745 -35.250000 28.031252 25.275002 
141281452677745 -35.475002 28.818750 23.550001 
141281472677745 -35.793751 30.093752 21.731251 
141281492677745 -35.868752 31.200001 20.100000 
141281512677745 -35.587502 32.587502 18.656250 
141281532677745 -34.875000 32.531250 16.762501 
141281552677745 -34.256252 33.637501 15.337501 
141281572677745 -33.000000 34.743752 14.343751 
141281592677745 -31.425001 35.887501 13.818750 
141281612677745 -30.018751 36.825001 13.406251 
141281632677745 -28.537500 37.593750 13.012501 
141281652677745 -27.150002 38.268753 12.637501 
141281672677745 -25.968752 38.756252 11.981251 
141281692677745 -24.956251 39.431252 11.287500 
141281712677745 -23.737501 39.768753 10.762501 
141281732677745 -23.193750 40.012501 10.050000 
141281752677745 -22.912500 40.106251 9.618751 
141281772677745 -22.781250 40.387501 9.243751 
141281792677745 -22.631250 40.181252 8.981251 
141281812677745 -22.668751 39.956253 8.962501 
141281832677745 -22.706251 39.581253 9.000000 
141281852677745 -22.893751 38.962502 9.206250 
141281872677745 -23.362501 38.400002 9.618751 
141281892677745 -23.606251 37.800003 10.237500 
141281912677745 -23.793751 37.031250 10.931251 
141281932677745 -24.300001 36.093750 11.625000 
141281952677745 -24.693750 35.025002 12.731251 
141281972677745 -25.125002 33.993752 13.800000 
141281992677745 -25.687502 32.831253 15.187501 
141282012677745 -26.156252 31.500002 16.706251 
141282032677745 -26.193750 29.306252 18.787500 
141282052677745 -26.250002 27.525002 20.306252 
141282072677745 -26.493752 26.062502 21.975000 
141282092677745 -26.531252 24.656252 23.437500 
141282112677745 -26.700001 23.418751 24.450001 
141282132677745 -26.793751 22.368752 25.331251 
141282152677745 -26.700001 21.525002 25.931252 
141282172677745 -26.606251 21.243752 26.343752 
141282192677745 -26.643751 21.393751 26.137501 
141282212677745 -26.606251 21.825001 25.593752 
141282232677745 -26.775002 22.406250 24.525002 
141282252677745 -26.906252 23.343750 23.306252 
141282272677745 -26.718752 24.506250 21.993752 
141282292677745 -26.475000 25.875002 20.325001 
141282312677745 -26.156252 27.262501 18.543751 
141282332677745 -25.893751 29.156252 16.800001 
141282352677745 -25.143751 30.506250 15.206250 
141282372677745 -24.375002 31.837502 13.668751 
141282392677745 -23.325001 33.356251 11.906250 
141282412677745 -22.087502 34.312500 10.443750 
141282432677745 -21.075001 35.418751 8.906250 
141282452677745 -20.062500 36.225002 7.406250 
141282472677745 -19.031250 37.068752 6.075000 
141282492677745 -18.225000 37.500000 4.856250 
141282512677745 -17.362501 37.743752 3.487500 
141282532677745 -16.856251 38.156250 2.568750 
141282552677745 -16.293751 38.400002 1.837500 
141282572677745 -16.012501 38.775002 1.387500 
141282592677745 -15.787500 38.962502 1.012500 
141282612677745 -15.393750 39.225002 0.862500 
141282632677745 -15.412500 39.468750 0.918750 
141282652677745 -15.506250 39.825001 0.993750 
141282672677745 -15.693750 40.181252 1.725000 
141282692677745 -16.050001 40.368752 2.268750 
141282712677745 -16.537500 40.518753 3.206250 
141282732677745 -16.931252 40.406250 4.087500 
141282752677745 -17.756250 40.668751 5.193750 
141282772677745 -18.918751 40.443752 6.468750 
141282792677745 -20.025002 40.181252 7.950000 
141282812677745 -21.112501 39.618752 9.750000 
141282832677745 -22.443750 39.000000 11.456250 
141282852677745 -23.662500 38.362503 13.387501 
141282872677745 -24.187502 37.143753 14.362500 
141282892677745 -25.031252 36.112503 16.481251 
141282912677745 -25.612501 34.706253 18.581251 
141282932677745 -25.912500 33.600002 20.606251 
141282952677745 -26.100000 32.343750 22.218750 
141282972677745 -26.343752 31.406252 23.531250 
141282992677745 -26.512501 30.656252 24.525002 
141283012677745 -26.325001 30.243752 25.162500 
141283032677745 -26.400002 30.187502 25.537500 
141283052677745 -26.456251 30.693750 25.012501 
141283072677745 -26.437502 31.312502 24.131250 
141283092677745 -26.662500 32.100002 23.137501 
141283112677745 -26.606251 33.431252 21.900002 
141283132677745 -26.437502 34.725002 20.493752 
141283152677745 -25.950001 36.131252 18.843750 
141283172677745 -25.406252 37.275002 17.100000 
141283192677745 -23.943750 37.893753 15.000001 
141283212677745 -23.212502 39.000000 13.162500 
141283232677745 -22.612501 40.068752 11.831250 
141283252677745 -21.712502 41.062500 10.181251 
141283272677745 -20.718750 41.775002 8.625000 
141283292677745 -19.893751 42.431252 7.162500 
141283312677745 -19.218750 42.975002 5.925000 
141283332677745 -18.693750 43.537502 4.818750 
141283352677745 -18.150002 43.725002 4.218750 
141283372677745 -17.887501 43.856251 3.843750 
141283392677745 -17.400002 44.025002 3.300000 
141283412677745 -16.987501 44.062500 3.112500 
141283432677745 -16.931252 43.912502 3.300000 
141283452677745 -17.043751 43.912502 3.506250 
141283472677745 -17.081251 43.687500 4.050000 
141283492677745 -17.287500 43.275002 4.856250 
141283512677745 -18.018751 43.050003 5.775000 
141283532677745 -18.562500 42.562500 6.843750 
141283552677745 -19.406250 42.018753 7.931250 
141283572677745 -20.475000 41.325001 9.318750 
141283592677745 -21.656250 40.462502 10.668751 
141283612677745 -23.062500 38.625000 12.018750 
141283632677745 -24.393751 37.312500 13.931251 
141283652677745 -25.800001 35.756252 15.750001 
141283672677745 -26.925001 34.031250 17.512501 
141283692677745 -27.806252 32.493752 19.537500 
141283712677745 -28.443750 30.637501 21.506250 
141283732677745 -29.025002 29.025002 23.100000 
141283752677745 -29.400002 27.562502 24.581251 
141283772677745 -29.681252 26.437502 25.556252 
141283792677745 -29.737501 25.612501 26.006250 
141283812677745 -29.606251 25.293751 26.325001 
141283832677745 -29.625002 25.518751 25.950001 
141283852677745 -29.793751 25.762501 25.050001 
141283872677745 -29.887501 26.625002 23.981251 
141283892677745 -29.887501 27.712502 22.706251 
141283912677745 -29.793751 29.231251 21.056252 
141283932677745 -29.512501 30.825001 19.162500 
141283952677745 -29.043751 32.362503 17.362501 
141283972677745 -28.462502 34.050003 15.300000 
141283992677745 -27.581251 35.456253 13.556251 
141284012677745 -26.831251 36.750000 11.737500 
141284032677745 -25.818750 38.137501 9.918751 
141284052677745 -24.787500 39.431252 8.006250 
141284072677745 -23.681252 40.312500 6.412500 
141284092677745 -22.631250 41.231251 4.968750 
141284112677745 -21.956251 42.093750 3.543750 
141284132677745 -21.168751 42.787502 2.006250 
141284152677745 -20.456251 43.143753 0.843750 
141284172677745 -19.931252 43.256252 0.093750 
141284192677745 -19.800001 43.462502 -0.337500 
141284212677745 -19.612501 43.631252 -0.225000 
141284232677745 -19.837502 43.762501 -0.112500 
141284252677745 -20.156250 43.481251 0.037500 
141284272677745 -20.025002 43.181252 0.618750 
141284292677745 -20.775002 42.918751 1.762500 
141284312677745 -21.468750 42.543751 2.756250 
141284332677745 -21.956251 42.225002 4.106250 
141284352677745 -22.443750 41.587502 5.231250 
141284372677745 -23.475000 40.875000 6.637500 
141284392677745 -24.093752 39.787502 8.118751 
141284412677745 -24.918751 38.756252 10.106251 
141284432677745 -26.250002 37.875000 11.718750 
141284452677745 -26.887501 36.581253 13.387501 
141284472677745 -27.543751 35.325001 15.056251 
141284492677745 -28.350000 33.825001 16.893751 
141284512677745 -28.987501 32.400002 18.806252 
141284532677745 -28.987501 30.900002 20.250000 
141284552677745 -29.418751 29.662500 21.693750 
141284572677745 -29.625002 28.743752 23.006250 
141284592677745 -29.568750 27.618752 24.393751 
141284612677745 -29.775002 27.000002 25.331251 
141284632677745 -29.887501 26.681252 25.818750 
141284652677745 -30.112501 26.737501 25.706251 
141284672677745 -30.131250 27.131250 25.162500 
141284692677745 -30.468752 27.712502 24.412500 
141284712677745 -30.431252 28.856251 23.231251 
141284732677745 -30.056252 30.112501 21.543751 
141284752677745 -29.643751 31.575001 19.856251 
141284772677745 -28.837502 32.868752 17.962502 
141284792677745 -28.181252 34.368752 16.143751 
141284812677745 -27.056252 35.775002 14.268750 
141284832677745 -26.287500 37.500000 12.600000 
141284852677745 -25.068750 38.925003 10.781250 
141284872677745 -23.812500 39.843750 9.131250 
141284892677745 -22.837502 40.481251 7.837500 
141284912677745 -21.693750 41.250000 6.206250 
141284932677745 -20.831251 41.981251 4.987500 
141284952677745 -20.100000 42.506252 3.787500 
141284972677745 -19.800001 43.012501 2.962500 
141284992677745 -19.368752 43.012501 2.343750 
141285012677745 -19.331251 43.031250 2.156250 
141285032677745 -19.331251 43.218750 2.268750 
141285052677745 -19.743752 43.218750 2.381250 
141285072677745 -20.362501 43.087502 3.150000 
141285092677745 -21.075001 42.787502 3.881250 
141285112677745 -21.693750 42.225002 5.081250 
141285132677745 -22.256250 41.587502 6.168750 
141285152677745 -22.743752 41.062500 7.275000 
141285172677745 -23.325001 40.443752 8.831250 
141285192677745 -24.093752 39.487503 10.200001 
141285212677745 -24.506250 38.681252 11.831250 
141285232677745 -25.068750 37.631252 13.256250 
141285252677745 -25.762501 36.825001 14.606251 
141285272677745 -26.156252 35.850002 16.200001 
141285292677745 -26.531252 34.781250 17.906250 
141285312677745 -26.868752 33.618752 19.743752 
141285332677745 -26.887501 32.362503 21.187500 
141285352677745 -26.868752 31.481251 22.631250 
141285372677745 -26.887501 30.712502 24.000000 
141285392677745 -26.756250 29.925001 25.106251 
141285412677745 -26.475000 29.418751 25.912500 
141285432677745 -26.306252 29.175001 26.400002 
141285452677745 -26.006250 29.231251 26.418751 
141285472677745 -25.912500 29.700001 26.006250 
141285492677745 -25.781252 30.262501 25.425001 
141285512677745 -25.631250 31.237501 24.825001 
141285532677745 -25.143751 31.931252 23.606251 
141285552677745 -24.731251 33.093750 22.481251 
141285572677745 -24.431252 34.012501 21.318750 
141285592677745 -24.131250 34.931252 20.306252 
141285612677745 -23.850000 35.512501 19.575001 
141285632677745 -23.325001 35.493752 19.350000 
141285652677745 -23.062500 35.737503 19.368752 
141285672677745 -23.025002 35.437500 19.593750 
141285692677745 -23.025002 35.062500 20.418751 
141285712677745 -22.762501 34.425003 21.393751 
141285732677745 -22.218750 33.731251 22.556252 
141285752677745 -21.843750 32.887501 23.812500 
141285772677745 -21.468750 32.118752 25.162500 
141285792677745 -20.887501 31.687502 26.868752 
141285812677745 -20.418751 31.181252 27.993752 
141285832677745 -19.631250 30.637501 28.800001 
141285852677745 -19.031250 30.393751 29.418751 
141285872677745 -18.825001 30.337502 29.700001 
141285892677745 -18.675001 30.375002 29.831251 
141285912677745 -18.693750 30.862501 29.681252 
141285932677745 -18.412500 31.537500 29.175001 
141285952677745 -18.356251 32.212502 28.462502 
141285972677745 -18.281250 32.906250 27.543751 
141285992677745 -18.468750 33.768753 26.718752 
141286012677745 -18.450001 34.518753 25.687502 
141286032677745 -18.731251 35.043751 24.768751 
141286052677745 -18.862501 35.568752 23.943750 
141286072677745 -18.900002 35.887501 23.118752 
141286092677745 -19.518751 35.887501 22.518751 
141286112677745 -20.250000 35.793751 22.125000 
141286132677745 -20.868752 35.418751 21.956251 
141286152677745 -21.206251 35.006252 21.862501 
141286172677745 -21.956251 34.425003 22.387501 
141286192677745 -22.406250 33.825001 22.706251 
141286212677745 -22.856251 33.281250 23.081251 
141286232677745 -23.400002 32.512501 23.550001 
141286252677745 -23.625000 31.893751 24.056252 
141286272677745 -23.681252 31.425001 24.450001 
141286292677745 -23.831251 31.181252 24.637501 
141286312677745 -24.168751 31.181252 24.712502 
141286332677745 -24.168751 31.368752 24.150002 
141286352677745 -24.168751 31.893751 23.850000 
141286372677745 -24.431252 32.362503 23.343750 
141286392677745 -24.206251 32.887501 22.743752 
141286412677745 -24.393751 33.468750 21.862501 
141286432677745 -24.543751 34.106251 21.093750 
141286452677745 -24.675001 34.650002 20.362501 
141286472677745 -24.637501 34.800003 19.800001 
141286492677745 -24.656252 34.837502 19.518751 
141286512677745 -24.825001 34.631252 19.162500 
141286532677745 -24.956251 34.368752 18.956251 
141286552677745 -25.481251 34.181252 18.937500 
141286572677745 -25.837502 33.862503 19.331251 
141286592677745 -26.175001 33.318752 19.875000 
141286612677745 -26.456251 32.643753 20.137501 
141286632677745 -26.962502 32.381252 20.681252 
141286652677745 -27.487501 31.931252 20.981251 
141286672677745 -27.768751 31.462502 21.356251 
141286692677745 -27.881250 31.218752 21.843750 
141286712677745 -28.143751 30.975000 21.956251 
141286732677745 -28.031252 31.050001 22.012501 
141286752677745 -28.256250 31.275002 21.675001 
141286772677745 -27.562502 32.400002 22.200001 
141286792677745 -27.431252 32.662502 21.506250 
141286812677745 -27.393751 33.281250 20.943750 
141286832677745 -27.337502 34.012501 20.137501 
141286852677745 -27.337502 34.556252 19.125000 
141286872677745 -27.225000 35.118752 18.318750 
141286892677745 -27.431252 35.343750 17.493752 
141286912677745 -27.525002 35.550003 16.875000 
141286932677745 -27.525002 35.812500 16.275002 
141286952677745 -27.787500 35.906250 15.881250 
141286972677745 -28.106251 35.850002 15.468751 
141286992677745 -28.593752 35.606251 15.112500 
141287012677745 -29.118752 35.325001 15.187501 
141287032677745 -29.531252 34.987503 15.206250 
141287052677745 -30.075001 34.781250 15.450001 
141287072677745 -30.337502 34.443752 15.693750 
141287092677745 -30.731251 34.087502 16.181252 
141287112677745 -31.031252 33.525002 16.406250 
141287132677745 -31.331251 33.018753 16.818750 
141287152677745 -31.443750 32.606251 17.175001 
141287172677745 -31.500002 32.343750 17.456251 
141287192677745 -31.743752 32.062500 17.756250 
141287212677745 -31.631250 31.931252 17.962502 
141287232677745 -31.687502 31.875002 17.906250 
141287252677745 -31.762501 31.837502 17.925001 
141287272677745 -31.650002 32.250000 17.962502 
141287292677745 -31.443750 32.662502 17.643751 
141287312677745 -31.181252 33.281250 17.287500 
141287332677745 -31.068750 33.975002 16.425001 
141287352677745 -30.693750 34.687500 15.562501 
141287372677745 -30.468752 35.156250 14.606251 
141287392677745 -30.225000 35.568752 13.931251 
141287412677745 -29.981251 35.981251 13.350000 
141287432677745 -29.887501 36.206253 12.768750 
141287452677745 -29.925001 36.318752 12.843751 
141287472677745 -30.150002 36.131252 12.937501 
141287492677745 -30.037500 35.681252 13.518750 
141287512677745 -29.812502 35.287502 14.606251 
141287532677745 -29.568750 34.950001 15.450001 
141287552677745 -29.568750 34.687500 16.275002 
141287572677745 -29.306252 34.425003 17.025002 
141287592677745 -28.800001 34.331253 18.037500 
141287612677745 -28.312502 34.200001 18.675001 
141287632677745 -27.750002 34.256252 19.462502 
141287652677745 -27.131250 34.312500 19.968750 
141287672677745 -26.606251 34.425003 19.987501 
141287692677745 -26.193750 34.443752 20.475000 
141287712677745 -25.425001 34.593750 21.018751 
141287732677745 -24.900002 34.743752 21.393751 
141287752677745 -24.487501 34.968750 21.581251 
141287772677745 -23.943750 35.137501 21.825001 
141287792677745 -23.137501 35.325001 22.012501 
141287812677745 -22.575001 35.643753 22.237501 
141287832677745 -22.200001 35.737503 22.762501 
141287852677745 -21.750000 36.018753 22.987501 
141287872677745 -21.375000 36.225002 23.100000 
141287892677745 -21.187500 36.375000 23.156250 
141287912677745 -21.187500 36.168751 23.100000 
141287932677745 -21.206251 36.093750 22.987501 
141287952677745 -21.525002 35.850002 23.193750 
141287972677745 -21.937500 35.568752 23.400002 
141287992677745 -22.406250 35.400002 23.306252 
141288012677745 -22.743752 35.231251 23.025002 
141288032677745 -23.137501 34.875000 22.931252 
141288052677745 -23.512501 34.725002 23.006250 
141288072677745 -23.850000 34.518753 22.893751 
141288092677745 -24.112501 34.631252 23.006250 
141288112677745 -24.150002 34.650002 22.631250 
141288132677745 -24.337502 34.781250 22.275002 
141288152677745 -24.393751 34.968750 21.825001 
141288172677745 -24.468752 35.025002 21.618752 
141288192677745 -24.675001 35.343750 21.187500 
141288212677745 -24.750002 35.456253 20.718750 
141288232677745 -25.012501 36.000000 20.456251 
141288252677745 -25.068750 35.981251 19.856251 
141288272677745 -25.218752 36.112503 19.481251 
141288292677745 -25.368752 36.150002 18.956251 
141288312677745 -25.481251 36.112503 18.862501 
141288332677745 -25.725000 35.925003 18.525002 
141288352677745 -25.706251 35.775002 18.243752 
141288372677745 -25.950001 35.831253 18.150002 
141288392677745 -25.968752 35.456253 18.037500 
141288412677745 -26.156252 35.456253 18.093750 
141288432677745 -26.568750 35.325001 18.187500 
141288452677745 -27.018751 35.306252 18.300001 
141288472677745 -27.225000 35.343750 18.243752 
141288492677745 -27.468752 35.456253 18.337502 
141288512677745 -27.731251 35.418751 18.525002 
141288532677745 -27.618752 35.156250 18.581251 
141288552677745 -27.693750 35.306252 18.712502 
141288572677745 -27.768751 35.287502 18.581251 
141288592677745 -27.487501 35.400002 18.450001 
141288612677745 -27.206251 35.175003 18.806252 
141288632677745 -27.150002 35.175003 18.806252 
141288652677745 -27.037500 35.231251 19.031250 
141288672677745 -27.131250 35.325001 18.843750 
141288692677745 -27.037500 35.512501 18.843750 
141288712677745 -26.925001 35.418751 18.693750 
141288732677745 -26.662500 35.287502 18.918751 
141288752677745 -26.962502 35.418751 18.712502 
141288772677745 -27.037500 35.550003 18.300001 
141288792677745 -27.112501 35.475002 18.281250 
141288812677745 -26.981251 35.456253 18.037500 
141288832677745 -26.943750 35.531250 18.093750 
141288852677745 -27.150002 35.437500 17.756250 
141288872677745 -27.131250 35.568752 17.793751 
141288892677745 -27.318750 35.568752 17.531250 
141288912677745 -27.412500 35.325001 17.831251 
141288932677745 -27.543751 35.475002 17.906250 
141288952677745 -27.637501 35.362503 18.000000 
141288972677745 -27.825001 35.306252 17.943750 
141288992677745 -27.806252 35.250000 18.056252 
141289012677745 -27.787500 35.175003 18.225000 
141289032677745 -27.843752 35.043751 18.225000 
141289052677745 -28.031252 35.175003 18.450001 
141289072677745 -27.937502 35.156250 18.262501 
141289092677745 -27.787500 35.006252 18.262501 
141289112677745 -27.731251 35.175003 18.093750 
141289132677745 -27.487501 35.156250 18.075001 
141289152677745 -27.337502 34.931252 17.943750 
141289172677745 -27.281252 34.912502 17.850000 
141289192677745 -27.093752 34.968750 17.981251 
141289212677745 -26.906252 34.837502 17.868752 
141289232677745 -26.831251 34.856251 18.131250 
141289252677745 -26.812502 35.025002 18.318750 
141289272677745 -26.606251 35.006252 18.300001 
141289292677745 -26.400002 35.006252 18.206251 
141289312677745 -26.418751 35.343750 18.243752 
141289332677745 -26.550001 35.512501 18.300001 
141289352677745 -26.906252 35.362503 18.075001 
141289372677745 -27.168751 35.381252 18.131250 
141289392677745 -27.768751 35.156250 18.318750 
141289412677745 -28.518751 34.518753 18.468750 
141289432677745 -29.193750 34.087502 18.787500 
141289452677745 -30.300001 33.337502 19.556252 
141289472677745 -31.068750 32.625000 19.987501 
141289492677745 -31.687502 31.875002 20.906250 
141289512677745 -32.156250 31.162500 21.900002 
141289532677745 -32.512501 30.450001 22.443750 
141289552677745 -32.587502 29.943750 22.350000 
141289572677745 -32.418751 29.850000 22.312500 
141289592677745 -32.568752 29.681252 22.218750 
141289612677745 -32.268753 30.093752 21.393751 
141289632677745 -31.968752 30.412500 20.700001 
141289652677745 -31.593752 30.993752 19.237501 
141289672677745 -31.275002 32.081253 17.662500 
141289692677745 -30.918751 33.168751 16.237501 
141289712677745 -30.431252 34.556252 14.850000 
141289732677745 -29.887501 35.850002 13.218751 
141289752677745 -28.218752 36.918751 11.550000 
141289772677745 -27.356251 38.025002 10.218750 
141289792677745 -26.531252 39.168751 8.418751 
141289812677745 -25.631250 40.087502 6.768750 
141289832677745 -24.656252 40.706253 5.118750 
141289852677745 -23.962502 41.400002 3.525000 
141289872677745 -23.100000 41.831253 2.400000 
141289892677745 -22.350000 42.093750 1.256250 
141289912677745 -21.937500 42.337502 0.337500 
141289932677745 -21.543751 42.562500 -0.393750 
141289952677745 -21.412500 42.637501 -0.900000 
141289972677745 -21.281250 42.618752 -1.143750 
141289992677745 -21.356251 42.600002 -1.012500 
141290012677745 -21.356251 42.412502 -0.675000 
141290032677745 -21.506250 42.056252 -0.487500 
141290052677745 -21.975000 41.793751 0.262500 
141290072677745 -22.556252 41.568752 0.993750 
141290092677745 -23.343750 41.437500 1.800000 
141290112677745 -23.831251 40.950001 2.756250 
141290132677745 -24.356251 40.387501 3.900000 
141290152677745 -24.956251 39.750000 4.912500 
141290172677745 -25.818750 39.150002 6.150000 
141290192677745 -26.775002 38.437500 7.612500 
141290212677745 -27.581251 37.481251 9.150001 
141290232677745 -28.425001 36.375000 10.800000 
141290252677745 -28.893751 35.231251 12.506250 
141290272677745 -29.456251 33.712502 14.456250 
141290292677745 -30.225000 32.775002 16.537500 
141290312677745 -30.337502 31.518751 18.562500 
141290332677745 -30.281252 30.375002 20.568750 
141290352677745 -30.093752 29.362501 22.368752 
141290372677745 -29.643751 28.256250 23.793751 
141290392677745 -29.100000 27.506250 25.256250 
141290412677745 -28.687502 26.868752 26.343752 
141290432677745 -28.518751 26.737501 26.887501 
141290452677745 -27.956251 26.756250 27.281252 
141290472677745 -27.862501 27.131250 27.337502 
141290492677745 -27.431252 27.581251 26.793751 
141290512677745 -27.018751 28.331251 26.212502 
141290532677745 -26.550001 29.512501 25.350000 
141290552677745 -26.043751 30.862501 24.318750 
141290572677745 -25.481251 32.118752 22.931252 
141290592677745 -24.675001 33.393753 21.393751 
141290612677745 -23.831251 34.631252 19.650002 
141290632677745 -22.593750 36.093750 17.606251 
141290652677745 -21.843750 37.537502 16.087502 
141290672677745 -20.868752 38.681252 14.118751 
141290692677745 -20.175001 39.825001 12.281251 
141290712677745 -19.425001 40.725002 10.481251 
141290732677745 -18.825001 41.756252 8.775001 
141290752677745 -18.300001 42.412502 7.256250 
141290772677745 -17.850000 42.937500 5.925000 
141290792677745 -17.493752 43.425003 4.968750 
141290812677745 -17.137501 43.631252 3.862500 
141290832677745 -17.043751 44.025002 3.337500 
141290852677745 -17.193750 44.231251 3.131250 
141290872677745 -17.362501 44.062500 2.943750 
141290892677745 -17.306252 43.687500 3.093750 
141290912677745 -17.625000 43.612503 3.581250 
141290932677745 -18.112501 43.387501 4.143750 
141290952677745 -18.637501 42.993752 4.856250 
141290972677745 -19.218750 42.431252 5.850000 
141290992677745 -19.837502 41.831253 6.750000 
141291012677745 -20.493752 41.250000 7.706250 
141291032677745 -21.243752 40.668751 8.775001 
141291052677745 -22.312500 39.900002 9.918751 
141291072677745 -22.950001 38.831253 11.456250 
141291092677745 -23.587502 37.800003 13.125001 
141291112677745 -24.075001 36.525002 14.756250 
141291132677745 -24.787500 35.512501 16.481251 
141291152677745 -25.218752 34.087502 18.562500 
141291172677745 -25.368752 32.550003 20.643751 
141291192677745 -25.481251 31.106251 22.743752 
141291212677745 -25.181252 29.718752 24.825001 
141291232677745 -25.218752 28.706251 26.268751 
141291252677745 -25.293751 27.768751 27.412500 
141291272677745 -25.312502 27.018751 28.331251 
141291292677745 -25.368752 26.681252 28.612501 
141291312677745 -25.631250 26.662500 28.818750 
141291332677745 -25.593752 26.756250 28.350000 
141291352677745 -25.668751 27.300001 27.750002 
141291372677745 -25.931252 28.162500 26.737501 
141291392677745 -25.875002 29.025002 25.612501 
141291412677745 -25.443750 30.093752 24.112501 
141291432677745 -25.256250 31.462502 22.593750 
141291452677745 -24.975000 32.943752 21.018751 
141291472677745 -23.493752 34.875000 19.237501 
141291492677745 -22.856251 36.206253 17.568750 
141291512677745 -21.975000 37.612503 15.600000 
141291532677745 -21.243752 38.981251 13.537500 
141291552677745 -20.456251 39.956253 11.643750 
141291572677745 -19.762501 40.856251 9.843750 
141291592677745 -18.525002 41.962502 8.043751 
141291612677745 -17.831251 42.806252 6.412500 
141291632677745 -17.437500 43.481251 5.268750 
141291652677745 -17.062500 44.081253 3.787500 
141291672677745 -16.987501 44.493752 2.512500 
141291692677745 -16.800001 44.625000 1.725000 
141291712677745 -16.631250 44.793751 0.806250 
141291732677745 -16.856251 45.018753 0.375000 
141291752677745 -16.950001 45.000000 0.581250 
141291772677745 -17.306252 44.718750 0.618750 
141291792677745 -17.775002 44.550003 1.050000 
141291812677745 -18.487501 44.175003 1.781250 
141291832677745 -18.900002 43.612503 2.625000 
141291852677745 -19.500000 43.087502 3.487500 
141291872677745 -20.381250 42.843750 4.800000 
141291892677745 -21.112501 42.225002 6.131250 
141291912677745 -21.750000 41.418751 7.518750 
141291932677745 -22.237501 40.800003 9.243751 
141291952677745 -23.287500 39.375000 10.293751 
141291972677745 -23.606251 38.437500 12.075001 
141291992677745 -24.112501 37.350002 14.100000 
141292012677745 -24.525002 36.168751 16.200001 
141292032677745 -24.768751 34.575001 18.356251 
141292052677745 -24.975000 33.262501 20.475000 
141292072677745 -24.975000 32.193752 22.743752 
141292092677745 -24.937502 30.956251 24.450001 
141292112677745 -24.881250 29.831251 26.343752 
141292132677745 -24.843752 28.987501 27.468752 
141292152677745 -24.693750 28.443750 28.518751 
141292172677745 -24.318750 27.993752 29.118752 
141292192677745 -24.262501 28.050001 29.156252 
141292212677745 -24.037500 28.050001 28.875002 
141292232677745 -23.700001 28.368752 28.237501 
141292252677745 -23.737501 29.137501 27.450001 
141292272677745 -23.587502 30.056252 26.156252 
141292292677745 -23.418751 31.425001 24.731251 
141292312677745 -23.156250 32.662502 22.875000 
141292332677745 -23.062500 33.956253 21.056252 
141292352677745 -22.837502 35.156250 18.637501 
141292372677745 -22.256250 36.506252 16.800001 
141292392677745 -21.750000 37.725002 14.906251 
141292412677745 -21.037500 38.887501 12.993751 
141292432677745 -20.268751 39.900002 10.931251 
141292452677745 -19.387501 40.668751 9.093750 
141292472677745 -18.656250 41.437500 7.875000 
141292492677745 -18.187500 42.037502 6.150000 
141292512677745 -17.775002 42.731251 4.650000 
141292532677745 -17.587502 43.331253 3.281250 
141292552677745 -17.418751 43.725002 2.081250 
141292572677745 -17.268751 43.781250 1.012500 
141292592677745 -17.475000 43.818752 0.543750 
141292612677745 -17.850000 43.743752 0.525000 
141292632677745 -18.300001 43.668751 0.468750 
141292652677745 -18.562500 43.856251 0.750000 
141292672677745 -18.787500 43.668751 1.162500 
141292692677745 -19.218750 43.143753 1.818750 
141292712677745 -19.481251 42.675003 2.700000 
141292732677745 -20.081251 42.150002 3.843750 
141292752677745 -20.456251 41.775002 4.968750 
141292772677745 -20.700001 41.006252 5.943750 
141292792677745 -21.393751 40.256252 7.162500 
141292812677745 -21.956251 39.375000 8.643750 
141292832677745 -22.762501 38.362503 10.387501 
141292852677745 -23.456251 37.518753 11.943750 
141292872677745 -24.318750 36.506252 13.706250 
141292892677745 -25.106251 35.737503 15.487500 
141292912677745 -25.968752 34.687500 17.287500 
141292932677745 -26.700001 33.787502 19.031250 
141292952677745 -26.831251 32.718750 20.793751 
141292972677745 -27.056252 31.631250 22.218750 
141292992677745 -27.393751 30.243752 23.887501 
141293012677745 -27.618752 29.250002 25.162500 
141293032677745 -27.731251 28.537500 25.762501 
141293052677745 -27.956251 27.956251 26.118752 
141293072677745 -27.918751 27.581251 26.287500 
141293092677745 -28.087502 27.712502 26.006250 
141293112677745 -28.368752 28.068750 25.406252 
141293132677745 -28.537500 28.575001 24.637501 
141293152677745 -28.481251 29.531252 23.456251 
141293172677745 -28.518751 30.731251 22.162500 
141293192677745 -28.481251 31.837502 20.587502 
141293212677745 -27.806252 32.943752 19.012501 
141293232677745 -27.206251 34.237503 17.287500 
141293252677745 -26.493752 35.362503 15.675000 
141293272677745 -25.425001 36.468750 13.593751 
141293292677745 -24.487501 37.593750 12.018750 
141293312677745 -23.662500 38.512501 10.031250 
141293332677745 -22.781250 39.281250 8.400001 
141293352677745 -21.656250 40.200001 6.956250 
141293372677745 -20.887501 40.818752 5.306250 
141293392677745 -20.437500 41.381252 3.712500 
141293412677745 -20.193750 41.775002 2.175000 
141293432677745 -20.025002 42.112503 1.462500 
141293452677745 -20.118752 42.412502 0.600000 
141293472677745 -19.931252 42.562500 0.000000 
141293492677745 -19.762501 42.637501 -0.131250 
141293512677745 -20.156250 42.581253 0.093750 
141293532677745 -20.418751 42.637501 0.637500 
141293552677745 -20.700001 42.487503 1.256250 
141293572677745 -20.943750 42.431252 2.156250 
141293592677745 -21.337502 42.262501 2.850000 
141293612677745 -21.806252 41.812500 3.750000 
141293632677745 -22.387501 41.212502 4.968750 
141293652677745 -23.381250 40.725002 6.168750 
141293672677745 -24.000000 39.825001 7.406250 
141293692677745 -24.937502 38.831253 8.681251 
141293712677745 -25.875002 37.631252 10.181251 
141293732677745 -26.756250 36.225002 12.075001 
141293752677745 -27.431252 34.781250 14.118751 
141293772677745 -28.012501 33.412502 16.387501 
141293792677745 -28.406252 31.912500 18.243752 
141293812677745 -28.762501 30.168751 20.493752 
141293832677745 -29.400002 29.081251 21.993752 
141293852677745 -29.325001 27.975000 23.775002 
141293872677745 -29.137501 27.131250 25.031252 
141293892677745 -29.006250 26.493752 25.856251 
141293912677745 -29.175001 26.212502 26.456251 
141293932677745 -29.006250 25.931252 26.475000 
141293952677745 -29.118752 26.306252 26.343752 
141293972677745 -28.931252 27.056252 25.668751 
141293992677745 -28.950001 27.787500 24.993752 
141294012677745 -28.687502 28.725000 23.850000 
141294032677745 -28.275002 29.850000 22.650002 
141294052677745 -27.862501 30.937502 21.281250 
141294072677745 -27.112501 32.156250 19.687500 
141294092677745 -26.400002 33.675003 18.000000 
141294112677745 -25.462502 34.931252 16.368752 
141294132677745 -24.712502 36.300003 14.662500 
141294152677745 -23.681252 37.406250 12.750001 
141294172677745 -22.800001 38.568752 11.100000 
141294192677745 -21.637501 40.068752 9.881250 
141294212677745 -20.718750 41.118752 8.400001 
141294232677745 -20.006250 41.943752 6.956250 
141294252677745 -19.443750 42.693752 5.681250 
141294272677745 -19.012501 43.331253 4.575000 
141294292677745 -18.393751 43.631252 3.656250 
141294312677745 -18.112501 43.987503 3.375000 
141294332677745 -18.037500 44.118752 3.056250 
141294352677745 -17.868752 44.325001 3.037500 
141294372677745 -17.606251 44.418751 3.262500 
141294392677745 -17.400002 44.400002 3.975000 
141294412677745 -17.231251 44.287502 4.912500 
141294432677745 -17.531250 44.062500 6.393750 
141294452677745 -17.512501 43.687500 7.668750 
141294472677745 -17.400002 43.275002 8.962501 
141294492677745 -17.793751 43.050003 10.237500 
141294512677745 -18.337502 42.375000 11.700001 
141294532677745 -18.843750 41.550003 13.331250 
141294552677745 -19.650002 40.387501 15.281251 
141294572677745 -20.343750 39.168751 17.025002 
141294592677745 -20.756250 37.725002 18.562500 
141294612677745 -21.562500 36.375000 20.437500 
141294632677745 -22.331251 34.781250 22.500000 
141294652677745 -22.368752 32.906250 24.656252 
141294672677745 -23.006250 31.181252 26.681252 
141294692677745 -23.400002 29.418751 28.631250 
141294712677745 -23.606251 28.087502 30.093752 
141294732677745 -23.643751 26.887501 31.237501 
141294752677745 -23.812500 26.137501 32.193752 
141294772677745 -23.812500 25.500002 32.662502 
141294792677745 -24.037500 25.425001 32.737503 
141294812677745 -24.225000 25.593752 32.512501 
141294832677745 -24.206251 26.043751 31.912500 
141294852677745 -24.262501 26.850000 30.843752 
141294872677745 -24.187502 27.618752 29.737501 
141294892677745 -24.487501 28.912500 28.575001 
141294912677745 -24.337502 30.131250 27.168751 
141294932677745 -24.431252 31.518751 25.781252 
141294952677745 -24.037500 32.475002 24.693750 
141294972677745 -23.700001 33.918751 23.137501 
141294992677745 -23.212502 35.193752 21.487501 
141295012677745 -22.387501 36.375000 19.818750 
141295032677745 -21.506250 37.593750 18.356251 
141295052677745 -19.800001 39.262501 17.062500 
141295072677745 -18.825001 40.218750 15.337501 
141295092677745 -17.850000 41.118752 13.425000 
141295112677745 -16.912500 42.262501 11.587501 
141295132677745 -16.368752 42.806252 9.918751 
141295152677745 -15.750001 43.556252 8.775001 
141295172677745 -15.450001 44.381252 7.706250 
141295192677745 -15.168751 44.868752 6.712500 
141295212677745 -15.300000 44.906250 6.112500 
141295232677745 -15.412500 44.981251 6.000000 
141295252677745 -15.881250 45.131252 5.981250 
141295272677745 -16.350000 45.131252 6.281250 
141295292677745 -16.462502 44.831253 6.843750 
141295312677745 -17.062500 44.156250 7.368750 
141295332677745 -17.662500 43.575001 8.343750 
141295352677745 -18.337502 42.975002 9.356251 
141295372677745 -18.975000 42.337502 10.500000 
141295392677745 -19.743752 41.662502 11.512501 
141295412677745 -20.137501 40.575001 13.350000 
141295432677745 -21.262501 39.881252 15.506250 
141295452677745 -22.200001 38.906250 17.362501 
141295472677745 -22.593750 37.837502 19.462502 
141295492677745 -23.118752 36.356251 21.468750 
141295512677745 -23.681252 34.950001 23.681252 
141295532677745 -24.300001 33.450001 25.987501 
141295552677745 -23.943750 32.025002 27.956251 
141295572677745 -24.225000 30.562502 29.475000 
141295592677745 -24.562502 29.212502 30.937502 
141295612677745 -24.825001 28.181252 32.212502 
141295632677745 -25.293751 27.187502 32.868752 
141295652677745 -25.612501 26.850000 32.962502 
141295672677745 -25.800001 26.475000 32.756252 
141295692677745 -25.762501 26.737501 32.343750 
141295712677745 -26.212502 27.112501 31.593752 
141295732677745 -26.625002 27.918751 30.750002 
141295752677745 -26.493752 28.706251 29.456251 
141295772677745 -26.325001 29.775002 27.731251 
141295792677745 -26.062502 31.012501 25.893751 
141295812677745 -25.631250 32.306252 24.581251 
141295832677745 -25.162500 33.806252 22.668751 
141295852677745 -24.562502 35.043751 20.868752 
141295872677745 -23.718750 36.618752 19.012501 
141295892677745 -22.443750 37.893753 16.950001 
141295912677745 -21.525002 39.543751 15.168751 
141295932677745 -21.075001 40.593750 13.387501 
141295952677745 -20.643751 41.681252 11.943750 
141295972677745 -20.100000 42.393753 10.256250 
141295992677745 -19.762501 43.143753 8.925000 
141296012677745 -19.725000 43.650002 7.425000 
141296032677745 -19.537500 43.837502 6.056250 
141296052677745 -19.800001 44.062500 5.381250 
141296072677745 -19.781250 44.212502 4.931250 
141296092677745 -19.650002 44.231251 4.631250 
141296112677745 -19.875000 43.912502 4.256250 
141296132677745 -20.137501 43.762501 4.087500 
141296152677745 -20.362501 43.331253 4.500000 
141296172677745 -20.700001 42.900002 5.025000 
141296192677745 -21.300001 42.506252 5.906250 
141296212677745 -21.787500 41.943752 6.750000 
141296232677745 -22.331251 41.268753 7.950000 
141296252677745 -23.100000 40.650002 9.150001 
141296272677745 -23.643751 39.918751 10.350000 
141296292677745 -24.450001 38.850002 11.812500 
141296312677745 -25.275002 37.968750 13.162500 
141296332677745 -25.875002 37.087502 14.475000 
141296352677745 -26.043751 36.356251 16.275002 
141296372677745 -26.512501 35.418751 17.887501 
141296392677745 -27.056252 34.087502 19.612501 
141296412677745 -27.300001 32.868752 21.543751 
141296432677745 -27.787500 31.593752 23.512501 
141296452677745 -27.993752 30.656252 25.350000 
141296472677745 -27.918751 29.493752 26.737501 
141296492677745 -28.068750 28.443750 28.368752 
141296512677745 -28.443750 27.600000 29.362501 
141296532677745 -28.406252 26.981251 29.756250 
141296552677745 -28.425001 26.868752 29.831251 
141296572677745 -28.331251 27.000002 29.250002 
141296592677745 -28.143751 27.487501 28.350000 
141296612677745 -27.731251 28.143751 27.225000 
141296632677745 -27.318750 28.987501 26.193750 
141296652677745 -26.568750 30.075001 24.525002 
141296672677745 -25.931252 31.275002 23.043751 
141296692677745 -25.312502 32.550003 21.375000 
141296712677745 -24.525002 33.768753 19.481251 
141296732677745 -23.718750 34.650002 17.137501 
141296752677745 -22.800001 35.906250 15.506250 
141296772677745 -21.768751 37.162502 13.856251 
141296792677745 -21.093750 38.325001 12.150001 
141296812677745 -20.400002 39.075001 10.537500 
141296832677745 -19.293751 39.731251 8.887501 
141296852677745 -18.693750 40.462502 7.650000 
141296872677745 -18.093750 40.968750 6.262500 
141296892677745 -17.587502 41.156250 5.325000 
141296912677745 -17.043751 41.137501 4.406250 
141296932677745 -17.081251 41.025002 3.637500 
141296952677745 -16.912500 40.875000 3.300000 
141296972677745 -17.043751 41.043751 3.131250 
141296992677745 -17.400002 41.081253 3.131250 
141297012677745 -17.325001 40.762501 3.281250 
141297032677745 -17.400002 40.293751 4.312500 
141297052677745 -17.793751 39.900002 5.193750 
141297072677745 -18.056252 39.506252 6.225000 
141297092677745 -18.093750 38.962502 7.462500 
141297112677745 -18.131250 38.306252 8.850000 
141297132677745 -18.468750 37.462502 10.668751 
141297152677745 -18.487501 36.450001 12.525001 
141297172677745 -18.918751 35.568752 14.437501 
141297192677745 -18.206251 34.837502 16.387501 
141297212677745 -18.281250 33.993752 18.412500 
141297232677745 -18.562500 33.000000 20.268751 
141297252677745 -18.881250 32.212502 22.031250 
141297272677745 -19.237501 31.425001 23.512501 
141297292677745 -19.218750 30.450001 24.825001 
141297312677745 -19.462502 29.718752 26.325001 
141297332677745 -19.518751 29.062502 27.487501 
141297352677745 -19.800001 28.406252 28.518751 
141297372677745 -19.818750 27.862501 28.706251 
141297392677745 -19.950001 28.050001 28.968752 
141297412677745 -19.893751 28.125002 28.837502 
141297432677745 -19.912500 28.500002 28.500002 
141297452677745 -19.837502 29.137501 27.937502 
141297472677745 -19.762501 30.206251 26.718752 
141297492677745 -19.462502 31.256250 25.481251 
141297512677745 -19.406250 32.437500 24.000000 
141297532677745 -19.237501 34.068752 22.612501 
141297552677745 -18.806252 35.400002 20.925001 
141297572677745 -18.412500 36.675003 19.368752 
141297592677745 -17.531250 37.968750 17.925001 
141297612677745 -16.987501 39.075001 16.068750 
141297632677745 -16.237501 40.200001 14.193750 
141297652677745 -15.900001 41.250000 12.281251 
141297672677745 -15.131250 42.243752 10.631250 
141297692677745 -14.718751 42.843750 9.037500 
141297712677745 -14.437501 43.481251 7.556250 
141297732677745 -14.175000 44.156250 6.093750 
141297752677745 -14.400001 44.625000 4.762500 
141297772677745 -14.325001 45.056252 4.050000 
141297792677745 -14.475000 45.112503 3.787500 
141297812677745 -14.400001 45.337502 3.656250 
141297832677745 -14.531251 45.356251 3.787500 
141297852677745 -14.812501 45.412502 3.975000 
141297872677745 -15.075001 45.243752 4.687500 
141297892677745 -15.600000 44.906250 5.643750 
141297912677745 -15.975000 44.643753 6.543750 
141297932677745 -16.481251 44.362503 7.612500 
141297952677745 -17.175001 43.556252 8.868751 
141297972677745 -18.056252 42.618752 10.481251 
141297992677745 -19.125000 41.718750 12.075001 
141298012677745 -19.968750 40.500000 13.818750 
141298032677745 -20.868752 39.056252 15.318750 
141298052677745 -21.637501 37.856251 17.175001 
141298072677745 -22.406250 36.468750 19.387501 
141298092677745 -23.137501 35.100002 21.375000 
141298112677745 -23.737501 34.068752 23.043751 
141298132677745 -24.187502 32.793751 24.487501 
141298152677745 -24.600000 31.331251 25.931252 
141298172677745 -24.825001 30.431252 27.393751 
141298192677745 -24.900002 29.850000 28.350000 
141298212677745 -25.012501 29.418751 28.837502 
141298232677745 -24.862501 29.156252 28.912500 
141298252677745 -25.012501 29.062502 28.575001 
141298272677745 -24.918751 29.137501 28.275002 
141298292677745 -24.787500 29.868752 27.637501 
141298312677745 -24.468752 30.975000 26.831251 
141298332677745 -24.281252 31.893751 25.668751 
141298352677745 -23.737501 32.868752 24.318750 
141298372677745 -23.175001 33.843750 22.650002 
141298392677745 -22.668751 35.100002 21.281250 
141298412677745 -21.731251 36.187500 19.725000 
141298432677745 -20.812500 37.575001 18.018751 
141298452677745 -19.668751 38.643753 16.556252 
141298472677745 -18.468750 39.656250 14.962501 
141298492677745 -17.287500 40.762501 13.331250 
141298512677745 -16.162500 41.737503 12.056251 
141298532677745 -15.225000 42.675003 11.137501 
141298552677745 -14.475000 43.237503 9.637501 
141298572677745 -13.987500 43.893753 8.512501 
141298592677745 -13.350000 44.193752 7.631250 
141298612677745 -12.937501 44.550003 6.937500 
141298632677745 -12.918751 44.793751 6.450000 
141298652677745 -12.468751 44.606251 6.150000 
141298672677745 -12.412500 44.475002 6.056250 
141298692677745 -12.487500 44.118752 6.243750 
141298712677745 -12.525001 44.006252 6.993750 
141298732677745 -12.656251 43.762501 7.743750 
141298752677745 -12.675000 43.518753 8.831250 
141298772677745 -13.106251 43.181252 9.900001 
141298792677745 -13.462501 42.656250 10.856251 
141298812677745 -14.268750 42.356251 12.787500 
141298832677745 -14.831250 41.531250 14.531251 
141298852677745 -15.337501 40.781250 16.462502 
141298872677745 -16.256250 39.712502 18.468750 
141298892677745 -16.875000 38.606251 20.681252 
141298912677745 -17.662500 37.443752 22.612501 
141298932677745 -18.018751 36.056252 24.543751 
141298952677745 -18.487501 34.875000 26.756250 
141298972677745 -18.750000 33.468750 28.293751 
141298992677745 -19.125000 32.568752 29.681252 
141299012677745 -19.500000 31.762501 30.843752 
141299032677745 -19.743752 31.031252 31.856251 
141299052677745 -19.950001 30.637501 32.362503 
141299072677745 -20.231251 30.243752 32.587502 
141299092677745 -20.625000 30.018751 32.587502 
141299112677745 -20.568750 30.187502 32.100002 
141299132677745 -20.793751 30.712502 31.425001 
141299152677745 -20.737501 31.275002 30.543751 
141299172677745 -20.662500 32.043751 29.193750 
141299192677745 -20.437500 32.981251 27.600000 
141299212677745 -20.006250 34.050003 26.062502 
141299232677745 -19.668751 35.137501 24.450001 
141299252677745 -18.975000 36.337502 22.725000 
141299272677745 -18.262501 37.406250 21.000000 
141299292677745 -17.193750 38.643753 18.993752 
141299312677745 -16.218750 40.481251 17.268751 
141299332677745 -15.356251 41.325001 15.675000 
141299352677745 -14.775001 42.562500 14.137501 
141299372677745 -14.006250 43.275002 12.431251 
141299392677745 -13.031251 43.875000 10.912500 
141299412677745 -12.506250 44.568752 9.731251 
141299432677745 -12.075001 45.037502 8.737500 
141299452677745 -12.000000 45.112503 8.175000 
141299472677745 -11.793751 45.131252 7.725000 
141299492677745 -11.625000 45.337502 7.368750 
141299512677745 -11.381250 45.075001 7.387500 
141299532677745 -11.550000 45.225002 7.875000 
141299552677745 -12.168751 45.337502 8.306251 
141299572677745 -12.618751 45.112503 8.943750 
141299592677745 -13.012501 44.756252 9.675000 
141299612677745 -13.500001 44.512501 10.443750 
141299632677745 -14.025001 44.043751 11.343750 
141299652677745 -14.681251 43.312500 12.300000 
141299672677745 -15.506250 42.750000 13.162500 
141299692677745 -16.518751 41.643753 14.362500 
141299712677745 -17.062500 40.556252 16.200001 
141299732677745 -17.943750 39.487503 17.812500 
141299752677745 -19.275002 39.093750 19.818750 
141299772677745 -20.118752 37.950001 21.656250 
141299792677745 -21.262501 36.750000 23.400002 
141299812677745 -22.068750 35.681252 24.956251 
141299832677745 -23.025002 34.481251 26.550001 
141299852677745 -23.362501 33.468750 27.750002 
141299872677745 -24.112501 32.662502 28.406252 
141299892677745 -24.243752 32.100002 28.800001 
141299912677745 -24.918751 31.668751 29.062502 
141299932677745 -25.387501 31.331251 28.612501 
141299952677745 -25.425001 31.575001 27.806252 
141299972677745 -25.631250 32.006252 26.887501 
141299992677745 -25.293751 32.456253 25.725000 
141300012677745 -25.143751 33.468750 24.131250 
141300032677745 -24.881250 34.593750 22.481251 
141300052677745 -24.525002 35.700001 21.075001 
141300072677745 -23.756250 36.956253 19.406250 
141300092677745 -22.518751 38.362503 17.850000 
141300112677745 -19.800001 40.031250 17.043751 
141300132677745 -18.318750 41.268753 15.618751 
141300152677745 -16.912500 42.468750 14.550000 
141300172677745 -15.675000 43.200001 13.500001 
141300192677745 -14.231251 43.912502 12.393750 
141300212677745 -13.275001 44.756252 11.231251 
141300232677745 -12.168751 45.450001 10.218750 
141300252677745 -11.643750 45.768753 9.506250 
141300272677745 -11.062500 46.312500 9.393750 
141300292677745 -10.950001 46.425003 8.981251 
141300312677745 -10.968750 46.593750 8.512501 
141300332677745 -11.043751 46.725002 8.437500 
141300352677745 -11.043751 46.743752 8.850000 
141300372677745 -11.118751 46.331253 9.168751 
141300392677745 -11.306251 45.731251 10.087501 
141300412677745 -11.512501 45.468750 10.893750 
141300432677745 -11.981251 44.756252 11.831250 
141300452677745 -12.487500 44.381252 13.125001 
141300472677745 -13.425000 43.837502 14.400001 
141300492677745 -14.175000 43.368752 16.162500 
141300512677745 -15.112500 42.281250 17.381250 
141300532677745 -16.106251 41.568752 19.012501 
141300552677745 -16.931252 40.743752 20.475000 
141300572677745 -17.868752 39.318752 22.312500 
141300592677745 -18.993752 38.175003 23.981251 
141300612677745 -19.968750 36.712502 25.725000 
141300632677745 -20.250000 35.362503 27.243752 
141300652677745 -20.700001 33.881252 28.125002 
141300672677745 -21.225000 33.056252 29.250002 
141300692677745 -21.600000 31.950001 30.356251 
141300712677745 -22.106251 31.368752 30.937502 
141300732677745 -22.406250 31.181252 31.125002 
141300752677745 -22.350000 31.331251 30.993752 
141300772677745 -22.331251 31.556252 30.487501 
141300792677745 -22.537500 32.043751 29.756250 
141300812677745 -22.537500 32.906250 28.856251 
141300832677745 -22.462502 33.787502 27.712502 
141300852677745 -21.918751 34.856251 26.212502 
141300872677745 -21.450001 36.112503 24.506250 
141300892677745 -20.812500 37.275002 22.743752 
141300912677745 -20.025002 38.343750 20.906250 
141300932677745 -18.975000 39.600002 19.181252 
141300952677745 -17.737501 40.912502 17.437500 
141300972677745 -16.650002 41.925003 15.993751 
141300992677745 -15.450001 42.843750 14.418751 
141301012677745 -14.493751 43.837502 13.050000 
141301032677745 -13.556251 44.662502 11.906250 
141301052677745 -12.562501 45.412502 10.893750 
141301072677745 -11.625000 46.031250 9.956250 
141301092677745 -11.137501 46.518753 9.243751 
141301112677745 -10.762501 46.800003 8.812500 
141301132677745 -10.293751 47.062500 8.606251 
141301152677745 -9.750000 47.325001 8.756250 
141301172677745 -9.562500 47.475002 8.662500 
141301192677745 -9.356251 47.193752 8.943750 
141301212677745 -9.318750 47.081253 9.525001 
141301232677745 -9.431251 46.631252 10.143750 
141301252677745 -9.243751 46.368752 11.118751 
141301272677745 -9.450001 45.656250 12.206250 
141301292677745 -9.825001 45.037502 13.162500 
141301312677745 -10.443750 44.231251 14.475000 
141301332677745 -10.968750 43.443752 16.331251 
141301352677745 -11.381250 42.712502 17.925001 
141301372677745 -11.868751 41.831253 19.556252 
141301392677745 -11.493751 40.912502 22.087502 
141301412677745 -12.300000 39.993752 23.756250 
141301432677745 -12.825001 39.018753 25.368752 
141301452677745 -13.293751 37.950001 27.150002 
141301472677745 -13.781251 36.937500 28.500002 
141301492677745 -14.381250 36.018753 29.287500 
141301512677745 -14.793751 35.268753 30.112501 
141301532677745 -15.318750 34.912502 30.675001 
141301552677745 -15.581250 34.650002 30.731251 
141301572677745 -15.637501 34.743752 30.487501 
141301592677745 -15.806251 35.231251 29.925001 
141301612677745 -15.656251 35.981251 28.875002 
141301632677745 -15.543751 36.806252 27.656252 
141301652677745 -15.131250 37.800003 26.700001 
141301672677745 -14.943750 38.775002 25.706251 
141301692677745 -14.775001 39.300003 24.712502 
141301712677745 -14.606251 39.750000 24.168751 
141301732677745 -14.662500 39.881252 23.681252 
141301752677745 -14.587501 40.031250 23.700001 
141301772677745 -14.700001 39.975002 23.868752 
141301792677745 -14.756250 39.918751 24.300001 
141301812677745 -14.925000 39.431252 24.862501 
141301832677745 -15.075001 38.700001 25.612501 
141301852677745 -15.093751 38.268753 26.212502 
141301872677745 -15.150001 37.781250 26.775002 
141301892677745 -15.037500 37.406250 27.581251 
141301912677745 -14.906251 36.862503 28.125002 
141301932677745 -14.887501 36.618752 28.781252 
141301952677745 -14.625001 36.150002 29.362501 
141301972677745 -14.343751 35.925003 29.512501 
141301992677745 -14.325001 36.150002 29.437502 
141302012677745 -14.137501 36.375000 29.681252 
141302032677745 -13.987500 36.787502 29.550001 
141302052677745 -13.650001 37.200001 29.268751 
141302072677745 -13.406251 37.668751 28.987501 
141302092677745 -13.031251 37.912502 28.331251 
141302112677745 -12.956250 38.475002 27.600000 
141302132677745 -12.881250 38.962502 27.393751 
141302152677745 -12.525001 39.337502 27.187502 
141302172677745 -12.712501 39.393753 26.850000 
141302192677745 -12.675000 39.393753 26.887501 
141302212677745 -13.012501 39.281250 26.718752 
141302232677745 -13.200001 39.093750 26.625002 
141302252677745 -13.612500 38.793751 27.037500 
141302272677745 -13.950001 38.512501 27.356251 
141302292677745 -14.362500 38.118752 27.375002 
141302312677745 -14.812501 37.443752 27.581251 
141302332677745 -15.150001 37.106251 27.600000 
141302352677745 -15.618751 36.731251 27.506250 
141302372677745 -15.918751 36.375000 27.600000 
141302392677745 -16.518751 36.318752 27.468752 
141302412677745 -16.950001 36.337502 27.093752 
141302432677745 -17.193750 36.262501 26.831251 
141302452677745 -17.550001 36.243752 26.475000 
141302472677745 -17.962502 36.412502 25.950001 
141302492677745 -18.075001 36.543751 25.725000 
141302512677745 -18.281250 36.637501 25.425001 
141302532677745 -18.562500 36.900002 25.012501 
141302552677745 -18.656250 36.843750 24.787500 
141302572677745 -18.637501 37.106251 24.618752 
141302592677745 -18.806252 37.331253 24.450001 
141302612677745 -18.712502 37.312500 24.356251 
141302632677745 -18.750000 37.425003 24.506250 
141302652677745 -18.881250 37.312500 24.281252 
141302672677745 -19.031250 37.462502 24.187502 
141302692677618 -19.050001 37.350002 24.225000 
141302712677462 -19.200001 37.312500 24.318750 
141302732677462 -19.518751 36.881252 24.487501 
141302752677462 -19.725000 36.750000 24.543751 
141302772677462 -20.006250 36.675003 24.843752 
141302792677462 -20.156250 36.506252 24.825001 
141302812677462 -20.400002 36.337502 25.068750 
141302832677462 -20.456251 36.000000 25.162500 
141302852677462 -20.568750 35.925003 25.237501 
141302872677462 -20.493752 35.981251 25.068750 
141302892677462 -20.550001 35.943752 24.975000 
141302912677462 -20.568750 35.962502 24.956251 
141302932677462 -20.568750 36.056252 24.581251 
141302952677462 -20.662500 36.150002 24.487501 
141302972677462 -20.681252 36.356251 24.318750 
141302992677462 -20.625000 36.656250 24.112501 
141303012677462 -20.475000 36.693752 23.981251 
141303032677462 -20.587502 36.675003 23.962502 
141303052677462 -20.418751 36.881252 23.793751 
141303072677462 -20.418751 36.881252 23.887501 
141303092677462 -20.231251 36.956253 24.243752 
141303112677462 -20.137501 36.956253 24.037500 
141303132677462 -20.025002 36.862503 23.943750 
141303152677462 -20.025002 36.675003 24.262501 
141303172677462 -20.268751 36.375000 24.262501 
141303192677462 -20.362501 36.450001 24.393751 
141303212677462 -20.512501 36.337502 24.712502 
141303232677462 -20.606251 36.150002 24.712502 
141303252677462 -20.531250 35.906250 24.806252 
141303272677462 -20.475000 35.775002 25.181252 
141303292677462 -20.250000 36.093750 25.481251 
141303312677462 -20.325001 36.131252 25.593752 
141303332677462 -20.043751 36.431252 25.912500 
141303352677462 -19.781250 36.262501 26.193750 
141303372677462 -19.462502 36.600002 26.043751 
141303392677462 -19.200001 36.693752 26.268751 
141303412677462 -19.200001 36.750000 26.212502 
141303432677462 -19.012501 36.843750 26.343752 
141303452677462 -18.862501 36.675003 26.493752 
141303472677462 -18.318750 36.656250 26.531252 
141303492677462 -18.262501 36.712502 26.512501 
141303512677462 -17.868752 36.806252 26.456251 
141303532677462 -17.793751 36.581253 26.700001 
141303552677462 -17.831251 36.600002 26.643751 
141303572677462 -17.718750 36.750000 26.887501 
141303592677462 -17.662500 36.675003 26.850000 
141303612677462 -17.625000 36.506252 26.756250 
141303632677462 -17.737501 36.525002 26.756250 
141303652677462 -17.512501 36.506252 26.887501 
141303672677462 -17.512501 36.618752 27.000002 
141303692677462 -17.456251 36.525002 27.000002 
141303712677462 -17.381250 36.562500 26.943750 
141303732677462 -17.362501 36.637501 26.718752 
141303752677462 -17.268751 36.825001 26.756250 
141303772677462 -17.437500 37.068752 26.681252 
141303792677462 -17.475000 37.331253 26.531252 
141303812677462 -17.568750 37.500000 26.418751 
141303832677462 -17.868752 37.556252 26.268751 
141303852677462 -18.075001 37.706253 26.268751 
141303872677462 -18.056252 37.781250 26.156252 
141303892677462 -18.337502 37.950001 26.193750 
141303912677462 -18.487501 37.987503 25.950001 
141303932677462 -18.375000 37.931252 25.856251 
141303952677462 -18.618752 37.875000 25.931252 
141303972677462 -18.806252 37.631252 25.781252 
141303992677462 -18.937500 37.612503 25.612501 
141304012677462 -18.806252 37.687500 25.481251 
141304032677462 -18.937500 37.631252 25.387501 
141304052677462 -18.862501 37.293751 25.050001 
141304072677462 -18.900002 37.181252 25.087502 
141304092677462 -19.181252 37.331253 25.162500 
141304112677462 -19.162500 37.218750 25.181252 
141304132677462 -19.181252 37.200001 25.068750 
141304152677462 -19.143751 37.218750 24.956251 
141304172677462 -19.106251 37.293751 24.712502 
141304192677462 -19.181252 37.331253 24.693750 
141304212677462 -19.087502 37.668751 24.675001 
141304232677462 -19.368752 37.837502 24.562502 
141304252677462 -19.275002 37.968750 24.600000 
141304272677462 -19.200001 37.968750 24.356251 
141304292677462 -19.256250 38.212502 24.262501 
141304312677462 -19.387501 38.043751 24.187502 
141304332677462 -19.331251 37.950001 24.187502 
141304352677462 -19.050001 37.931252 24.393751 
141304372677462 -19.331251 37.875000 24.506250 
141304392677462 -19.143751 37.856251 24.618752 
141304412677462 -19.181252 37.818752 24.487501 
141304432677462 -19.275002 37.837502 24.656252 
141304452677462 -19.068750 37.593750 24.806252 
141304472677462 -19.031250 37.612503 25.031252 
141304492677462 -19.050001 37.537502 25.162500 
141304512677462 -19.162500 37.443752 25.275002 
141304532677462 -18.956251 37.387501 25.425001 
141304552677462 -18.975000 37.350002 25.575001 
141304572677462 -18.768751 37.237503 25.706251 
141304592677462 -18.768751 37.237503 25.706251 
141304612677462 -18.787500 37.331253 25.931252 
141304632677462 -18.525002 37.387501 26.081251 
141304652677462 -18.393751 37.425003 26.212502 
141304672677462 -18.281250 37.668751 26.100000 
141304692677462 -18.318750 37.650002 26.193750 
141304712677462 -18.168751 37.518753 26.006250 
141304732677462 -18.356251 37.612503 26.043751 
141304752677462 -18.187500 37.500000 26.100000 
141304772677462 -18.056252 37.537502 26.025002 
141304792677462 -18.018751 37.443752 26.343752 
141304812677462 -18.037500 37.481251 26.512501 
141304832677462 -18.112501 37.425003 26.625002 
141304852677462 -17.943750 37.331253 26.793751 
141304872677462 -17.831251 37.443752 27.018751 
141304892677462 -17.550001 37.406250 26.943750 
141304912677462 -17.681252 37.425003 26.831251 
141304932677462 -17.700001 37.312500 27.000002 
141304952677462 -17.775002 37.481251 26.737501 
141304972677462 -17.756250 37.443752 26.437502 
141304992677462 -17.456251 37.612503 26.437502 
141305012677462 -17.268751 37.575001 26.156252 
141305032677462 -17.250000 37.687500 26.137501 
141305052677462 -17.175001 37.706253 26.343752 
141305072677462 -17.006250 37.743752 26.812502 
141305092677462 -16.931252 37.856251 26.737501 
141305112677462 -16.762501 37.706253 26.831251 
141305132677462 -16.781250 37.668751 27.262501 
141305152677462 -16.837502 37.537502 27.375002 
141305172677462 -16.818750 37.518753 27.581251 
141305192677462 -16.762501 37.425003 27.768751 
141305212677462 -16.706251 37.087502 27.825001 
141305232677462 -16.631250 37.200001 27.881250 
141305252677462 -17.006250 37.106251 28.031252 
141305272677462 -16.987501 37.181252 28.143751 
141305292677462 -17.156250 37.256252 28.068750 
141305312677462 -17.081251 37.087502 28.087502 
141305332677462 -17.250000 37.237503 28.181252 
141305352677462 -17.512501 37.181252 28.068750 
141305372677462 -17.737501 37.518753 27.881250 
141305392677462 -17.831251 37.650002 27.562502 
141305412677462 -17.718750 37.856251 27.431252 
141305432677462 -17.906250 37.987503 27.356251 
141305452677462 -17.925001 37.912502 27.187502 
141305472677462 -18.356251 38.250000 26.775002 
141305492677462 -18.356251 38.231251 26.587502 
141305512677462 -18.375000 38.156250 26.400002 
141305532677462 -18.300001 38.268753 26.362501 
141305552677462 -18.225000 38.193752 26.325001 
141305572677462 -18.318750 38.250000 26.137501 
141305592677462 -18.375000 38.550003 25.781252 
141305612677462 -18.412500 39.018753 25.575001 
141305632677462 -18.337502 39.093750 25.368752 
141305652677462 -18.468750 39.131252 25.031252 
141305672677462 -18.487501 39.562500 24.843752 
141305692677462 -18.506250 39.656250 24.562502 
141305712677462 -18.600000 39.843750 24.281252 
141305732677462 -18.581251 39.956253 24.075001 
141305752677462 -18.412500 39.881252 23.906250 
141305772677462 -18.412500 39.581253 23.868752 
141305792677462 -18.506250 39.656250 23.981251 
141305812677462 -18.506250 39.862503 23.756250 
141305832677462 -18.375000 39.918751 23.512501 
141305852677462 -18.468750 39.881252 23.287500 
141305872677462 -18.375000 39.881252 23.006250 
141305892677462 -18.150002 39.956253 22.743752 
141305912677462 -18.150002 40.012501 22.462502 
141305932677462 -18.225000 40.200001 22.181252 
141305952677462 -18.131250 40.031250 22.106251 
141305972677462 -18.206251 40.087502 21.937500 
141305992677462 -18.206251 39.900002 21.825001 
141306012677462 -18.056252 40.125000 21.675001 
141306032677462 -18.131250 40.218750 21.656250 
141306052677462 -18.318750 40.256252 21.656250 
141306072677462 -18.543751 40.143753 21.581251 
141306092677462 -18.562500 40.312500 21.506250 
141306112677462 -18.525002 40.443752 21.168751 
141306132677462 -18.525002 40.575001 21.225000 
141306152677462 -18.637501 40.593750 21.375000 
141306172677462 -18.806252 40.462502 21.393751 
141306192677462 -19.143751 40.368752 21.468750 
141306212677462 -19.275002 40.350002 21.543751 
141306232677462 -19.387501 40.387501 21.600000 
141306252677462 -19.368752 40.237503 21.468750 
141306272677462 -19.481251 40.387501 21.562500 
141306292677462 -19.387501 40.425003 21.806252 
141306312677462 -19.293751 40.781250 21.656250 
141306332677462 -19.256250 40.837502 21.787500 
141306352677462 -18.768751 40.931252 21.731251 
141306372677462 -18.637501 40.875000 21.712502 
141306392677462 -18.468750 40.987503 21.918751 
141306412677462 -18.206251 41.062500 22.050001 
141306432677462 -17.887501 40.781250 22.593750 
141306452677462 -17.568750 40.650002 22.762501 
141306472677462 -17.193750 40.387501 23.325001 
141306492677462 -16.837502 40.312500 23.643751 
141306512677462 -16.650002 40.162502 23.981251 
141306532677462 -16.181252 39.993752 24.431252 
141306552677462 -15.562501 40.087502 24.731251 
141306572677462 -15.300000 39.937500 25.237501 
141306592677462 -15.018750 39.937500 25.293751 
141306612677462 -14.868751 39.731251 25.443750 
141306632677462 -14.812501 39.731251 25.406252 
141306652677462 -14.456250 39.525002 25.368752 
141306672677462 -14.437501 39.468750 25.575001 
141306692677462 -14.381250 39.637501 25.612501 
141306712677462 -14.362500 39.431252 25.631250 
141306732677462 -14.287500 39.525002 25.612501 
141306752677462 -14.437501 39.637501 25.668751 
141306772677462 -14.475000 39.843750 25.650002 
141306792677462 -14.343751 39.881252 25.668751 
141306812677462 -14.437501 39.862503 25.743752 
141306832677462 -14.456250 40.181252 25.481251 
141306852677462 -14.400001 40.200001 25.406252 
141306872677462 -14.456250 40.256252 25.593752 
141306892677462 -14.250001 40.087502 25.650002 
141306912677462 -13.968751 40.181252 25.762501 
141306932677462 -13.800000 40.031250 25.762501 
141306952677462 -13.893750 39.975002 25.668751 
141306972677462 -13.818750 40.162502 25.762501 
141306992677462 -13.743751 39.918751 26.193750 
141307012677462 -13.593751 39.918751 26.437502 
141307032677462 -13.706250 39.806252 26.531252 
141307052677462 -13.987500 39.825001 26.700001 
141307072677462 -14.081250 39.731251 26.568750 
141307092677462 -13.950001 39.637501 26.512501 
141307112677462 -14.025001 39.543751 26.868752 
141307132677462 -14.043751 39.468750 27.018751 
141307152677462 -14.025001 39.506252 26.906252 
141307172677462 -14.175000 39.693752 26.756250 
141307192677462 -14.362500 39.768753 26.681252 
141307212677462 -14.306251 39.768753 26.643751 
141307232677462 -14.493751 39.731251 26.550001 
141307252677462 -14.793751 39.712502 26.606251 
141307272677462 -14.906251 39.637501 26.475000 
141307292677462 -15.243751 39.618752 26.325001 
141307312677462 -15.300000 39.581253 26.231251 
141307332677462 -15.375001 39.356251 26.231251 
141307352677462 -15.281251 39.318752 26.043751 
141307372677462 -15.356251 39.243752 25.818750 
141307392677462 -15.318750 39.093750 25.800001 
141307412677462 -15.056251 39.075001 25.800001 
141307432677462 -15.037500 39.243752 25.743752 
141307452677462 -14.962501 39.093750 25.500002 
141307472677462 -15.262501 39.187500 25.312502 
141307492677462 -15.337501 39.018753 25.256250 
141307512677462 -15.506250 38.906250 25.181252 
141307532677462 -15.393750 38.962502 25.068750 
141307552677462 -15.487500 38.943752 25.106251 
141307572677462 -16.031250 39.131252 25.162500 
141307592677462 -16.050001 38.793751 24.862501 
141307612677462 -16.181252 38.868752 24.975000 
141307632677462 -16.162500 38.681252 24.881250 
141307652677462 -16.406250 38.718750 24.731251 
141307672677462 -16.425001 38.737503 24.712502 
141307692677462 -16.856251 38.681252 24.731251 
141307712677462 -18.018751 37.818752 24.000000 
141307732677462 -18.206251 37.668751 23.587502 
141307752677462 -18.562500 37.931252 23.493752 
141307772677462 -19.031250 37.893753 23.306252 
141307792677462 -19.387501 37.800003 23.306252 
141307812677462 -19.762501 37.556252 23.437500 
141307832677462 -20.531250 37.125000 23.718750 
141307852677462 -21.150002 36.806252 24.056252 
141307872677462 -21.787500 36.168751 24.525002 
141307892677462 -22.331251 35.531250 25.256250 
141307912677462 -22.856251 34.725002 26.025002 
141307932677462 -23.175001 33.768753 26.887501 
141307952677462 -23.662500 32.850002 27.806252 
141307972677462 -24.075001 32.081253 28.218752 
141307992677462 -24.243752 31.743752 28.387501 
141308012677462 -24.525002 31.481251 28.293751 
141308032677462 -24.675001 31.462502 27.993752 
141308052677462 -24.787500 31.706251 27.337502 
141308072677462 -24.975000 32.362503 26.343752 
141308092677462 -25.125002 33.243752 25.031252 
141308112677462 -25.218752 34.181252 23.456251 
141308132677462 -25.087502 35.287502 21.768751 
141308152677462 -24.750002 36.281250 19.931252 
141308172677462 -24.525002 37.256252 18.243752 
141308192677462 -23.268751 38.906250 16.893751 
141308212677462 -22.668751 39.918751 15.243751 
141308232677462 -21.900002 40.818752 13.650001 
141308252677462 -21.093750 41.700001 11.943750 
141308272677462 -20.137501 42.600002 10.350000 
141308292677462 -19.293751 43.387501 8.868751 
141308312677462 -18.675001 44.062500 7.631250 
141308332677462 -17.831251 44.606251 6.431250 
141308352677462 -17.737501 45.112503 5.531250 
141308372677462 -17.212502 45.431252 4.387500 
141308392677462 -16.800001 45.412502 3.525000 
141308412677462 -16.556252 45.412502 3.112500 
141308432677462 -16.443750 45.337502 2.681250 
141308452677462 -16.425001 45.412502 2.475000 
141308472677462 -16.312500 45.412502 2.118750 
141308492677462 -16.593750 45.318752 2.025000 
141308512677462 -16.556252 45.112503 1.818750 
141308532677462 -17.156250 45.018753 2.006250 
141308552677462 -17.737501 44.868752 2.475000 
141308572677462 -18.562500 44.681252 3.018750 
141308592677462 -19.387501 44.456253 3.487500 
141308612677462 -20.268751 43.950001 4.331250 
141308632677462 -21.093750 43.518753 5.606250 
141308652677462 -21.750000 42.900002 6.581250 
141308672677462 -22.706251 42.075001 7.837500 
141308692677462 -23.737501 41.287502 9.375000 
141308712677462 -24.487501 40.331253 10.875000 
141308732677462 -25.218752 39.337502 12.525001 
141308752677462 -25.837502 38.381252 14.775001 
141308772677462 -26.587502 37.237503 16.968750 
141308792677462 -27.187502 35.812500 18.843750 
141308812677462 -27.543751 34.575001 20.943750 
141308832677462 -27.731251 33.393753 23.025002 
141308852677462 -27.600000 32.268753 24.918751 
141308872677462 -27.600000 31.368752 26.531252 
141308892677462 -27.562502 30.637501 27.656252 
141308912677462 -27.375002 29.962502 28.537500 
141308932677462 -26.887501 29.775002 28.650002 
141308952677462 -26.493752 29.606251 28.762501 
141308972677462 -26.287500 30.000002 28.687502 
141308992677462 -25.950001 30.543751 28.012501 
141309012677462 -25.818750 31.218752 27.206251 
141309032677462 -25.537500 32.062500 26.043751 
141309052677462 -25.200001 33.206253 24.843752 
141309072677462 -24.843752 34.331253 23.118752 
141309092677462 -24.487501 35.493752 21.937500 
141309112677462 -24.075001 36.750000 20.212502 
141309132677462 -23.512501 37.781250 18.581251 
141309152677462 -22.762501 38.906250 17.306252 
141309172677462 -21.656250 40.125000 15.693750 
141309192677462 -20.812500 41.437500 14.137501 
141309212677462 -19.612501 42.318752 12.787500 
141309232677462 -18.937500 43.012501 11.437500 
141309252677462 -18.112501 43.875000 9.993751 
141309272677462 -17.587502 44.268753 8.850000 
141309292677462 -16.800001 44.962502 7.593750 
141309312677462 -16.481251 45.375000 6.412500 
141309332677462 -16.312500 45.731251 5.306250 
141309352677462 -16.050001 45.806252 4.687500 
141309372677462 -16.031250 45.825001 3.937500 
141309392677462 -15.768750 46.125000 3.618750 
141309412677462 -15.731251 46.068752 3.431250 
141309432677462 -15.712501 46.237503 3.731250 
141309452677462 -15.900001 46.012501 4.106250 
141309472677462 -16.143751 46.050003 4.350000 
141309492677462 -16.425001 45.618752 5.156250 
141309512677462 -16.743752 45.412502 5.775000 
141309532677462 -17.418751 45.037502 6.712500 
141309552677462 -17.887501 44.700001 7.856250 
141309572677462 -18.618752 43.950001 9.168751 
141309592677462 -19.481251 43.387501 10.387501 
141309612677462 -20.362501 42.356251 11.681251 
141309632677462 -21.075001 41.287502 13.500001 
141309652677462 -21.693750 40.368752 15.018750 
141309672677462 -22.387501 39.150002 16.818750 
141309692677462 -22.837502 37.875000 18.712502 
141309712677462 -23.325001 36.600002 20.662500 
141309732677462 -23.343750 35.287502 22.668751 
141309752677462 -23.512501 33.956253 24.525002 
141309772677462 -23.643751 32.718750 26.287500 
141309792677462 -23.662500 31.687502 27.618752 
141309812677462 -23.568750 30.768751 29.100000 
141309832677462 -23.550001 29.981251 30.262501 
141309852677462 -23.550001 29.718752 31.181252 
141309872677462 -23.550001 29.531252 31.406252 
141309892677462 -23.418751 29.812502 31.406252 
141309912677462 -23.081251 30.131250 31.275002 
141309932677462 -23.043751 30.918751 30.843752 
141309952677462 -22.893751 31.968752 30.393751 
141309972677462 -22.968750 32.981251 29.325001 
141309992677462 -22.931252 34.331253 28.125002 
141310012677462 -21.862501 35.381252 26.981251 
141310032677462 -21.318750 36.468750 25.425001 
141310052677462 -20.925001 37.650002 23.887501 
141310072677462 -20.625000 38.925003 22.012501 
141310092677462 -19.931252 39.881252 19.912500 
141310112677462 -19.387501 40.875000 17.887501 
141310132677462 -18.318750 41.831253 16.293751 
141310152677462 -17.437500 42.581253 14.456250 
141310172677462 -16.518751 43.537502 12.825001 
141310192677462 -15.918751 44.831253 11.306251 
141310212677462 -15.131250 45.525002 9.881250 
141310232677462 -14.231251 45.956253 8.662500 
141310252677462 -13.706250 46.350002 7.893750 
141310272677462 -13.143750 46.518753 7.106250 
141310292677462 -12.750001 46.818752 6.600000 
141310312677462 -12.243751 47.062500 6.243750 
141310332677462 -12.018750 47.100002 6.150000 
141310352677462 -11.700001 47.100002 6.525000 
141310372677462 -11.850000 46.818752 6.956250 
141310392677462 -12.356251 46.706253 7.556250 
141310412677462 -12.506250 46.518753 8.250000 
141310432677462 -12.806251 46.350002 9.075001 
141310452677462 -13.368751 45.993752 9.843750 
141310472677462 -14.118751 45.562500 11.231251 
141310492677462 -14.737500 45.056252 12.318750 
141310512677462 -15.112500 44.250000 13.462501 
141310532677462 -15.731251 43.556252 14.737500 
141310552677462 -16.631250 42.150002 15.993751 
141310572677462 -17.493752 41.175003 17.475000 
141310592677462 -18.356251 40.068752 19.293751 
141310612677462 -18.993752 38.700001 21.093750 
141310632677462 -19.537500 37.293751 22.650002 
141310652677462 -20.137501 35.812500 24.506250 
141310672677462 -21.618752 34.556252 26.081251 
141310692677462 -22.012501 33.225002 27.712502 
141310712677462 -22.237501 31.968752 29.137501 
141310732677462 -22.481251 31.087502 30.750002 
141310752677462 -22.725000 30.262501 31.650002 
141310772677462 -23.268751 29.700001 32.250000 
141310792677462 -23.362501 29.475000 32.662502 
141310812677462 -23.700001 29.568750 32.625000 
141310832677462 -23.793751 29.625002 32.175003 
141310852677462 -23.887501 30.206251 31.725000 
141310872677462 -23.925001 30.825001 30.862501 
141310892677462 -23.962502 31.462502 29.625002 
141310912677462 -23.756250 32.212502 28.593752 
141310932677462 -23.287500 33.225002 27.356251 
141310952677462 -23.100000 34.200001 25.856251 
141310972677462 -22.143751 35.418751 24.543751 
141310992677462 -21.637501 36.525002 22.987501 
141311012677462 -21.056252 37.668751 21.281250 
141311032677462 -20.231251 38.625000 19.912500 
141311052677462 -19.312500 39.618752 18.318750 
141311072677462 -18.375000 40.762501 16.762501 
141311092677462 -17.418751 41.775002 15.225000 
141311112677462 -16.575001 42.712502 13.762501 
141311132677462 -16.106251 43.462502 12.450001 
141311152677462 -15.412500 44.531250 11.250000 
141311172677462 -15.075001 44.887501 10.050000 
141311192677462 -14.812501 45.506252 8.906250 
141311212677462 -14.587501 46.087502 7.987500 
141311232677462 -14.662500 46.256252 7.275000 
141311252677462 -14.718751 46.500000 6.768750 
141311272677462 -14.643750 46.575001 6.750000 
141311292677462 -14.625001 46.743752 6.675000 
141311312677462 -14.793751 46.650002 6.862500 
141311332677462 -14.643750 46.556252 7.293750 
141311352677462 -14.850000 46.218750 7.856250 
141311372677462 -15.206250 45.825001 8.718750 
141311392677462 -15.337501 45.506252 9.187500 
141311412677462 -15.656251 45.037502 10.087501 
141311432677462 -16.181252 44.475002 10.837501 
141311452677462 -16.706251 43.968750 12.018750 
141311472677462 -17.175001 43.162502 13.068750 
141311492677462 -17.850000 42.600002 14.306251 
141311512677462 -18.450001 41.925003 15.506250 
141311532677462 -19.068750 41.268753 16.875000 
141311552677462 -19.650002 40.200001 18.468750 
141311572677462 -20.287500 39.112503 19.912500 
141311592677462 -20.887501 38.025002 21.468750 
141311612677462 -21.168751 36.468750 23.118752 
141311632677462 -21.806252 35.025002 24.750002 
141311652677462 -22.293751 33.825001 25.987501 
141311672677462 -22.706251 32.850002 27.318750 
141311692677462 -22.856251 31.781252 28.200001 
141311712677462 -23.118752 31.237501 29.306252 
141311732677462 -23.118752 30.693750 29.868752 
141311752677462 -23.081251 30.656252 29.925001 
141311772677462 -23.287500 30.806252 29.531252 
141311792677462 -23.343750 31.181252 29.006250 
141311812677462 -23.493752 31.743752 28.350000 
141311832677462 -23.475000 32.568752 27.150002 
141311852677462 -23.568750 33.581253 26.025002 
141311872677462 -23.418751 34.612503 24.337502 
141311892677462 -23.287500 35.775002 23.025002 
141311912677462 -23.306252 36.787502 21.562500 
141311932677462 -22.650002 37.968750 19.931252 
141311952677462 -21.993752 39.131252 18.262501 
141311972677462 -21.000000 40.012501 16.612501 
141311992677462 -20.081251 40.818752 14.981251 
141312012677462 -19.012501 41.531250 13.368751 
141312032677462 -17.906250 42.506252 11.681251 
141312052677462 -17.006250 43.218750 9.993751 
141312072677462 -15.993751 44.362503 8.381250 
141312092677462 -15.281251 44.850002 6.993750 
141312112677462 -14.662500 45.131252 5.681250 
141312132677462 -14.156251 45.712502 4.668750 
141312152677462 -13.837501 46.087502 3.806250 
141312172677462 -13.500001 46.237503 2.906250 
141312192677462 -13.612500 46.237503 2.606250 
141312212677462 -13.818750 46.462502 2.362500 
141312232677462 -14.100000 46.500000 2.306250 
141312252677462 -14.381250 46.312500 2.381250 
141312272677462 -14.625001 46.593750 2.700000 
141312292677462 -15.187501 46.387501 3.000000 
141312312677462 -15.487500 46.237503 3.318750 
141312332677462 -15.956250 46.087502 4.237500 
141312352677462 -16.350000 45.862503 5.062500 
141312372677462 -16.631250 45.525002 6.037500 
141312392677462 -16.950001 45.150002 7.162500 
141312412677462 -17.400002 44.793751 8.437500 
141312432677462 -17.681252 43.931252 9.787500 
141312452677462 -18.093750 43.350002 11.625000 
141312472677462 -18.543751 42.281250 13.181251 
141312492677462 -19.218750 41.681252 14.718751 
141312512677462 -19.725000 40.762501 16.481251 
141312532677462 -20.118752 39.637501 18.506250 
141312552677462 -20.643751 38.718750 20.175001 
141312572677462 -20.981251 37.912502 22.125000 
141312592677462 -21.656250 36.900002 23.868752 
141312612677462 -21.956251 36.075001 25.256250 
141312632677462 -22.368752 35.268753 26.793751 
141312652677462 -22.537500 34.425003 27.675001 
141312672677462 -22.443750 33.918751 28.293751 
141312692677462 -22.556252 33.768753 28.368752 
141312712677462 -22.593750 33.525002 28.575001 
141312732677462 -22.687500 33.768753 27.843752 
141312752677462 -22.612501 34.350002 27.112501 
141312772677462 -22.312500 34.781250 26.006250 
141312792677462 -21.918751 35.850002 24.525002 
141312812677462 -21.506250 36.918751 22.987501 
141312832677462 -21.168751 37.987503 21.356251 
141312852677462 -20.362501 39.168751 19.725000 
141312872677462 -19.481251 40.500000 17.550001 
141312892677462 -18.581251 41.568752 16.068750 
141312912677462 -17.343750 42.768753 14.156251 
141312932677462 -16.406250 44.025002 12.431251 
141312952677462 -15.468751 44.625000 10.537500 
141312972677462 -14.381250 45.431252 9.131250 
141312992677462 -13.500001 46.012501 7.687500 
141313012677462 -12.825001 46.556252 6.562500 
141313032677462 -12.262501 47.043751 5.643750 
141313052677462 -11.700001 47.287502 4.762500 
141313072677462 -11.418751 47.437500 4.106250 
141313092677462 -11.212501 47.587502 3.675000 
141313112677462 -11.306251 47.718750 3.618750 
141313132677462 -11.362500 47.625000 3.618750 
141313152677462 -11.550000 47.531250 3.806250 
141313172677462 -11.850000 47.156250 3.937500 
141313192677462 -11.906250 46.893753 4.556250 
141313212677462 -12.506250 46.706253 5.081250 
141313232677462 -12.900001 46.312500 6.056250 
141313252677462 -13.350000 45.656250 7.106250 
141313272677462 -14.081250 45.187500 8.137501 
141313292677462 -14.775001 44.700001 9.337501 
141313312677462 -15.618751 44.193752 10.481251 
141313332677462 -16.500000 43.668751 11.775001 
141313352677462 -18.056252 42.581253 12.825001 
141313372677462 -18.637501 41.775002 14.212501 
141313392677462 -19.556252 40.968750 15.581250 
141313412677462 -20.493752 39.993752 16.762501 
141313432677462 -21.150002 38.887501 18.375000 
141313452677462 -21.975000 37.968750 19.987501 
141313472677462 -22.556252 36.918751 21.637501 
141313492677462 -23.062500 35.962502 23.268751 
141313512677462 -23.606251 34.818752 24.637501 
141313532677462 -24.187502 33.918751 25.725000 
141313552677462 -24.675001 33.206253 26.681252 
141313572677462 -24.656252 32.681252 27.375002 
141313592677462 -24.618752 32.268753 27.787500 
141313612677462 -24.581251 32.062500 27.637501 
141313632677462 -24.543751 32.287502 27.412500 
141313652677462 -24.337502 32.606251 26.737501 
141313672677462 -24.243752 33.450001 25.931252 
141313692677462 -23.718750 34.256252 25.125002 
141313712677462 -23.043751 35.081253 23.700001 
141313732677462 -22.575001 36.243752 22.275002 
141313752677462 -21.656250 37.500000 20.512501 
141313772677462 -20.925001 38.831253 19.068750 
141313792677462 -19.968750 39.862503 17.325001 
141313812677462 -18.975000 41.043751 15.356251 
141313832677462 -17.906250 42.000000 13.631250 
141313852677462 -16.837502 42.918751 11.606251 
141313872677462 -16.162500 44.006252 10.256250 
141313892677462 -15.412500 44.681252 8.943750 
141313912677462 -14.587501 45.206253 7.762500 
141313932677462 -13.950001 45.393753 6.525000 
141313952677462 -13.425000 45.618752 5.475000 
141313972677462 -13.012501 45.900002 5.006250 
141313992677462 -12.881250 46.143753 4.500000 
141314012677462 -12.918751 46.181252 4.725000 
141314032677462 -12.825001 46.012501 4.631250 
141314052677462 -12.712501 45.918751 4.743750 
141314072677462 -12.843751 46.031250 5.287500 
141314092677462 -13.050000 45.956253 6.112500 
141314112677462 -13.275001 45.843750 7.068750 
141314132677462 -13.856251 45.525002 8.062500 
141314152677462 -14.287500 45.187500 9.112500 
141314172677462 -14.831250 44.850002 10.068750 
141314192677462 -15.187501 44.287502 11.343750 
141314212677462 -15.937501 43.781250 12.731251 
141314232677462 -16.950001 42.675003 13.518750 
141314252677462 -17.793751 41.887501 14.850000 
141314272677462 -18.750000 41.043751 16.218750 
141314292677462 -19.368752 39.825001 17.662500 
141314312677462 -19.931252 38.606251 19.312500 
141314332677462 -20.043751 37.612503 21.206251 
141314352677462 -20.943750 36.375000 22.668751 
141314372677462 -21.637501 35.137501 24.393751 
141314392677462 -22.275002 34.125000 25.875002 
141314412677462 -22.650002 33.112503 27.225000 
141314432677462 -22.875000 32.156250 28.350000 
141314452677462 -23.118752 31.575001 29.100000 
141314472677462 -23.512501 31.218752 29.606251 
141314492677462 -23.756250 30.975000 29.568750 
141314512677462 -23.587502 31.387501 29.400002 
141314532677462 -23.681252 32.025002 28.593752 
141314552677462 -23.550001 32.512501 27.600000 
141314572677462 -23.475000 33.375000 26.362501 
141314592677462 -23.062500 34.556252 25.031252 
141314612677462 -22.818750 35.475002 23.325001 
141314632677462 -22.200001 36.562500 21.825001 
141314652677462 -21.750000 37.593750 20.362501 
141314672677462 -20.850000 38.550003 18.881250 
141314692677462 -19.837502 39.393753 17.175001 
141314712677462 -18.862501 40.500000 15.675000 
141314732677462 -17.718750 41.418751 14.025001 
141314752677462 -16.781250 42.206253 12.618751 
141314772677462 -15.806251 42.993752 11.175000 
141314792677462 -14.681251 44.118752 10.031250 
141314812677462 -13.668751 44.831253 8.512501 
141314832677462 -13.293751 45.243752 7.275000 
141314852677462 -12.712501 45.618752 6.581250 
141314872677462 -12.525001 45.825001 5.812500 
141314892677462 -12.543751 46.143753 5.531250 
141314912677462 -12.712501 46.125000 5.268750 
141314932677462 -13.031251 46.181252 5.306250 
141314952677462 -13.237500 46.068752 5.531250 
141314972677462 -13.912500 45.862503 6.056250 
141314992677462 -14.418751 45.693752 6.787500 
141315012677462 -15.018750 45.262501 7.537500 
141315032677462 -15.656251 44.868752 8.531250 
141315052677462 -16.387501 44.100002 9.618751 
141315072677462 -17.343750 43.500000 10.856251 
141315092677462 -18.206251 42.843750 12.281251 
141315112677462 -19.556252 41.250000 13.068750 
141315132677462 -20.437500 40.050003 14.850000 
141315152677462 -21.243752 38.793751 16.537500 
141315172677462 -22.237501 37.593750 18.618752 
141315192677462 -22.800001 36.281250 20.643751 
141315212677462 -23.137501 34.818752 22.481251 
141315232677462 -23.418751 33.318752 24.712502 
141315252677462 -23.456251 31.912500 26.231251 
141315272677462 -23.306252 30.637501 27.843752 
141315292677462 -23.250000 29.793751 29.287500 
141315312677462 -23.531250 29.043751 30.356251 
141315332677462 -23.343750 28.631250 30.843752 
141315352677462 -23.231251 28.462502 31.143751 
141315372677462 -23.212502 28.743752 31.031252 
141315392677462 -23.043751 29.343752 30.318750 
141315412677462 -23.118752 30.037500 29.606251 
141315432677462 -23.025002 30.975000 28.387501 
141315452677462 -22.950001 31.987501 26.793751 
141315472677462 -21.993752 33.168751 25.331251 
141315492677462 -21.618752 34.500000 23.793751 
141315512677462 -21.281250 35.793751 21.862501 
141315532677462 -20.793751 37.087502 20.250000 
141315552677462 -20.100000 38.475002 18.243752 
141315572677462 -19.425001 39.768753 16.293751 
141315592677462 -18.131250 41.606251 15.093751 
141315612677462 -17.287500 42.712502 13.331250 
141315632677462 -16.556252 43.837502 11.531250 
141315652677462 -15.843751 44.812500 9.675000 
141315672677462 -15.131250 45.375000 8.118751 
141315692677462 -14.456250 45.900002 6.637500 
141315712677462 -14.100000 46.350002 5.850000 
141315732677462 -13.706250 46.556252 5.081250 
141315752677462 -13.593751 46.818752 4.631250 
141315772677462 -13.612500 47.156250 4.406250 
141315792677462 -13.612500 47.025002 4.462500 
141315812677462 -13.800000 46.631252 4.743750 
141315832677462 -13.987500 46.537502 5.418750 
141315852677462 -14.437501 46.293751 6.093750 
141315872677462 -15.131250 45.862503 6.731250 
141315892677462 -15.937501 45.468750 7.781250 
141315912677462 -16.593750 44.981251 8.887501 
141315932677462 -17.100000 44.381252 10.312500 
141315952677462 -18.093750 43.800003 11.643750 
141315972677462 -18.787500 43.368752 13.518750 
141315992677462 -20.043751 42.112503 15.450001 
141316012677462 -21.056252 40.781250 17.775002 
141316032677462 -21.768751 39.131252 20.306252 
141316052677462 -22.256250 37.668751 22.668751 
141316072677462 -22.762501 35.906250 25.387501 
141316092677462 -23.212502 33.937500 27.468752 
141316112677462 -24.168751 32.212502 29.456251 
141316132677462 -24.187502 30.468752 31.087502 
141316152677462 -24.000000 29.381250 32.437500 
141316172677462 -23.962502 28.556252 33.318752 
141316192677462 -23.925001 28.143751 33.843750 
141316212677462 -23.756250 27.712502 34.181252 
141316232677462 -23.737501 28.125002 33.675003 
141316252677462 -23.943750 28.762501 33.506252 
141316272677462 -23.625000 29.531252 32.868752 
141316292677462 -23.756250 30.543751 32.118752 
141316312677462 -23.681252 31.668751 31.031252 
141316332677462 -23.343750 32.775002 30.037500 
141316352677462 -21.768751 34.218750 28.968752 
141316372677462 -21.393751 35.550003 27.581251 
141316392677462 -20.962502 36.843750 26.118752 
141316412677462 -20.193750 38.081253 24.656252 
141316432677462 -19.537500 39.581253 22.950001 
141316452677462 -18.525002 41.156250 21.000000 
141316472677462 -17.587502 43.087502 19.425001 
141316492677462 -16.987501 44.568752 17.456251 
141316512677462 -16.387501 45.637501 15.731251 
141316532677462 -15.993751 46.593750 14.100000 
141316552677462 -15.506250 47.343750 12.750001 
141316572677462 -15.075001 48.000000 11.475000 
141316592677462 -14.775001 48.356251 10.650001 
141316612677462 -14.550000 48.225002 10.087501 
141316632677462 -14.250001 47.943752 9.956250 
141316652677462 -14.250001 47.700001 10.181251 
141316672677462 -14.175000 47.418751 10.462501 
141316692677462 -14.268750 47.100002 10.875000 
141316712677462 -14.418751 46.425003 11.475000 
141316732677462 -14.793751 45.506252 12.131250 
141316752677462 -15.168751 44.400002 12.956250 
141316772677462 -15.656251 43.668751 13.968751 
141316792677462 -16.200001 42.675003 14.943750 
141316812677462 -16.537500 41.606251 15.862500 
141316832677462 -16.987501 40.256252 17.043751 
141316852677462 -17.475000 38.831253 18.300001 
141316872677462 -18.112501 37.050003 20.231251 
141316892677462 -18.337502 35.662502 21.731251 
141316912677462 -18.656250 34.218750 23.137501 
141316932677462 -18.918751 32.606251 24.712502 
141316952677462 -18.731251 30.975000 26.381250 
141316972677462 -18.562500 29.325001 27.693750 
141316992677462 -18.375000 27.675001 29.306252 
141317012677462 -18.056252 26.475000 30.431252 
141317032677462 -17.925001 25.631250 31.312502 
141317052677462 -17.887501 24.956251 31.950001 
141317072677462 -17.831251 24.581251 32.268753 
141317092677462 -17.718750 24.187502 32.231251 
141317112677462 -17.943750 24.262501 31.725000 
141317132677462 -18.018751 24.618752 30.937502 
141317152677462 -18.037500 25.143751 30.131250 
141317172677462 -18.206251 26.062502 28.968752 
141317192677462 -18.206251 27.206251 27.543751 
141317212677462 -17.962502 28.500002 25.837502 
141317232677462 -18.975000 29.681252 23.681252 
141317252677462 -18.768751 31.331251 21.862501 
141317272677462 -18.412500 33.000000 20.175001 
141317292677462 -17.925001 34.406250 18.768751 
141317312677462 -16.987501 35.962502 16.762501 
141317332677462 -16.050001 37.368752 14.775001 
141317352677462 -15.093751 39.056252 13.631250 
141317372677462 -14.325001 40.087502 11.812500 
141317392677462 -13.537500 41.231251 10.031250 
141317412677462 -12.693750 42.075001 8.400001 
141317432677462 -11.925000 42.862503 6.787500 
141317452677462 -11.493751 43.687500 5.193750 
141317472677462 -11.437500 44.306252 4.106250 
141317492677462 -11.212501 44.737503 3.562500 
141317512677462 -11.193750 45.168751 3.112500 
141317532677462 -11.381250 45.412502 3.000000 
141317552677462 -11.718750 45.431252 2.981250 
141317572677462 -11.925000 45.675003 3.356250 
141317592677462 -12.300000 45.487503 4.031250 
141317612677462 -12.843751 45.150002 4.762500 
141317632677462 -13.406251 44.943752 5.681250 
141317652677462 -14.175000 44.531250 6.637500 
141317672677462 -14.850000 44.006252 7.893750 
141317692677462 -15.656251 43.575001 9.037500 
141317712677462 -16.425001 43.031250 10.706250 
141317732677462 -17.475000 42.093750 12.262501 
141317752677462 -18.581251 41.325001 13.968751 
141317772677462 -19.293751 40.593750 15.712501 
141317792677462 -19.987501 39.843750 17.793751 
141317812677462 -20.756250 38.718750 19.856251 
141317832677462 -21.525002 37.631252 21.581251 
141317852677462 -22.162500 36.206253 23.531250 
141317872677462 -22.706251 35.043751 25.181252 
141317892677462 -23.081251 33.862503 26.925001 
141317912677462 -23.362501 32.681252 28.087502 
141317932677462 -23.625000 31.575001 29.343752 
141317952677462 -23.906250 31.087502 30.150002 
141317972677462 -23.906250 30.618752 30.318750 
141317992677462 -23.981251 30.300001 30.393751 
141318012677462 -23.981251 30.450001 30.300001 
141318032677462 -23.793751 30.693750 29.737501 
141318052677462 -23.868752 31.200001 28.781252 
141318072677462 -23.475000 31.912500 27.900002 
141318092677462 -23.231251 32.925003 26.700001 
141318112677462 -22.762501 33.750000 25.575001 
141318132677462 -22.181252 35.118752 24.225000 
141318152677462 -21.356251 36.093750 22.837502 
141318172677462 -20.475000 37.518753 20.962502 
141318192677462 -19.462502 38.550003 19.312500 
141318212677462 -18.281250 39.862503 17.756250 
141318232677462 -17.306252 40.481251 15.787500 
141318252677462 -16.275002 41.887501 14.156251 
141318272677462 -15.206250 43.012501 12.375001 
141318292677462 -14.343751 43.800003 10.762501 
141318312677462 -13.837501 44.700001 9.300000 
141318332677462 -13.181251 45.093750 8.025001 
141318352677462 -12.768750 45.637501 6.956250 
141318372677462 -12.618751 45.768753 6.093750 
141318392677462 -12.600000 45.937500 5.231250 
141318412677462 -12.525001 45.806252 4.725000 
141318432677462 -12.693750 45.750000 4.650000 
141318452677462 -13.106251 45.375000 5.006250 
141318472677462 -13.237500 45.150002 5.325000 
141318492677462 -13.781251 44.943752 5.962500 
141318512677462 -14.381250 44.550003 6.843750 
141318532677462 -14.925000 44.343750 7.650000 
141318552677462 -15.150001 43.987503 8.793751 
141318572677462 -15.918751 43.425003 9.975000 
141318592677462 -16.631250 42.806252 11.043751 
141318612677462 -17.325001 42.187500 12.225000 
141318632677462 -17.906250 41.568752 13.781251 
141318652677462 -18.506250 40.706253 15.431251 
141318672677462 -19.256250 39.262501 16.593750 
141318692677462 -19.725000 38.268753 18.375000 
141318712677462 -20.212502 37.181252 20.250000 
141318732677462 -20.437500 35.906250 22.256250 
141318752677462 -20.531250 34.800003 24.281252 
141318772677462 -20.268751 33.768753 26.250002 
141318792677462 -20.325001 32.587502 27.993752 
141318812677462 -20.231251 31.537500 29.362501 
141318832677462 -19.181252 30.862501 31.050001 
141318852677462 -19.050001 29.981251 32.156250 
141318872677462 -18.862501 29.268751 32.625000 
141318892677462 -18.825001 29.062502 32.962502 
141318912677462 -18.956251 29.062502 32.700001 
141318932677462 -19.387501 29.400002 32.137501 
141318952677462 -19.387501 30.000002 31.237501 
141318972677462 -19.331251 30.956251 30.056252 
141318992677462 -19.200001 32.081253 28.781252 
141319012677462 -19.012501 33.300003 27.131250 
141319032677462 -18.937500 34.687500 25.387501 
141319052677462 -18.600000 36.112503 23.475000 
141319072677462 -17.850000 37.556252 21.618752 
141319092677462 -16.968750 38.793751 19.556252 
141319112677462 -16.368752 40.125000 17.756250 
141319132677462 -15.787500 41.175003 15.937501 
141319152677462 -15.300000 42.112503 13.875001 
141319172677462 -14.625001 43.256252 11.962501 
141319192677462 -14.137501 44.118752 10.350000 
141319212677462 -13.818750 44.493752 8.868751 
141319232677462 -13.706250 44.906250 7.706250 
141319252677462 -13.518750 45.375000 6.825000 
141319272677462 -13.537500 45.656250 6.018750 
141319292677462 -13.387501 45.862503 5.587500 
141319312677462 -13.218751 46.068752 5.212500 
141319332677462 -13.275001 45.712502 5.100000 
141319352677462 -13.368751 45.468750 5.381250 
141319372677462 -13.218751 45.468750 5.587500 
141319392677462 -13.275001 45.300003 6.131250 
141319412677462 -13.687501 44.681252 6.787500 
141319432677462 -14.043751 44.231251 7.518750 
141319452677462 -14.493751 43.575001 8.381250 
141319472677462 -15.000001 42.993752 9.600000 
141319492677462 -15.712501 42.431252 11.118751 
141319512677462 -16.556252 41.737503 12.618751 
141319532677462 -17.343750 41.043751 14.193750 
141319552677462 -18.150002 39.900002 15.750001 
141319572677462 -18.937500 39.431252 17.418751 
141319592677462 -19.593750 38.287502 19.012501 
141319612677462 -20.362501 37.106251 20.925001 
141319632677462 -20.906250 35.831253 22.687500 
141319652677462 -21.393751 34.556252 24.262501 
141319672677462 -21.637501 33.375000 25.875002 
141319692677462 -22.125000 32.006252 27.318750 
141319712677462 -22.237501 31.050001 28.350000 
141319732677462 -22.050001 30.075001 29.418751 
141319752677462 -22.181252 29.625002 30.131250 
141319772677462 -22.106251 29.325001 30.300001 
141319792677462 -22.162500 29.193750 30.431252 
141319812677462 -22.162500 29.550001 30.300001 
141319832677462 -22.106251 30.037500 29.718752 
141319852677462 -21.825001 31.125002 28.875002 
141319872677462 -21.731251 32.212502 28.106251 
141319892677462 -21.150002 33.412502 26.906252 
141319912677462 -20.362501 34.631252 25.706251 
141319932677462 -19.443750 36.131252 24.843752 
141319952677462 -18.187500 37.612503 23.250000 
141319972677462 -17.081251 38.587502 21.543751 
141319992677462 -15.318750 40.312500 20.212502 
141320012677462 -14.268750 41.362503 19.087502 
141320032677462 -13.181251 42.337502 17.493752 
141320052677462 -12.150001 43.293751 15.918751 
141320072677462 -11.268750 44.118752 14.531251 
141320092677462 -10.612500 44.606251 12.693750 
141320112677462 -10.218750 45.018753 11.381250 
141320132677462 -9.581250 45.881252 10.275001 
141320152677462 -9.300000 46.368752 9.187500 
141320172677462 -8.868751 46.687500 8.343750 
141320192677462 -8.568750 46.818752 7.781250 
141320212677462 -8.775001 46.912502 7.537500 
141320232677462 -8.925000 46.706253 7.593750 
141320252677462 -9.131250 46.612503 7.818750 
141320272677462 -9.525001 46.575001 8.231251 
141320292677462 -9.825001 46.181252 8.962501 
141320312677462 -10.068750 45.675003 9.618751 
141320332677462 -10.593750 45.000000 10.256250 
141320352677462 -11.025001 44.681252 11.437500 
141320372677462 -11.493751 44.062500 12.525001 
141320392677462 -12.000000 43.668751 13.743751 
141320412677462 -12.600000 43.106251 15.150001 
141320432677462 -13.256250 42.356251 16.593750 
141320452677462 -14.062501 41.587502 17.943750 
141320472677462 -14.643750 40.593750 19.650002 
141320492677462 -15.206250 39.412502 21.525002 
141320512677462 -15.768750 37.987503 23.100000 
141320532677462 -16.087502 36.768753 25.050001 
141320552677462 -16.218750 35.456253 26.718752 
141320572677462 -16.162500 34.237503 28.368752 
141320592677462 -15.937501 32.812500 29.850000 
141320612677462 -15.693750 31.631250 31.200001 
141320632677462 -15.656251 30.862501 32.137501 
141320652677462 -15.487500 30.056252 32.718750 
141320672677462 -15.487500 29.625002 33.075001 
141320692677462 -15.337501 29.437502 33.168751 
141320712677462 -15.487500 29.493752 32.793751 
141320732677462 -15.843751 29.718752 32.325001 
141320752677462 -16.143751 30.506250 31.537500 
141320772677462 -16.443750 31.162500 30.675001 
141320792677462 -16.368752 32.081253 29.231251 
141320812677462 -16.162500 33.543751 27.468752 
141320832677462 -16.106251 35.006252 25.818750 
141320852677462 -15.843751 36.168751 23.812500 
141320872677462 -15.318750 37.256252 21.731251 
141320892677462 -14.662500 38.493752 19.706251 
141320912677462 -13.650001 39.787502 18.300001 
141320932677462 -12.693750 41.043751 16.181252 
141320952677462 -12.037500 41.906250 14.437501 
141320972677462 -11.400001 42.468750 13.068750 
141320992677462 -10.725000 42.900002 11.493751 
141321012677462 -10.425000 43.518753 10.143750 
141321032677462 -10.406250 44.043751 9.206250 
141321052677462 -10.125000 44.456253 8.250000 
141321072677462 -9.975000 44.643753 7.425000 
141321092677462 -10.050000 44.625000 7.068750 
141321112677462 -10.181251 44.718750 6.937500 
141321132677462 -10.368751 45.037502 6.787500 
141321152677462 -10.387501 45.093750 6.712500 
141321172677462 -10.425000 45.112503 6.937500 
141321192677462 -10.237500 45.093750 7.275000 
141321212677462 -10.443750 44.737503 7.612500 
141321232677462 -10.800000 44.606251 7.968750 
141321252677462 -11.156250 44.493752 8.531250 
141321272677462 -11.456250 44.118752 9.281250 
141321292677462 -12.075001 43.631252 10.012501 
141321312677462 -12.600000 43.275002 11.100000 
141321332677462 -13.200001 42.843750 12.262501 
141321352677462 -14.175000 42.243752 13.500001 
141321372677462 -14.943750 41.737503 15.037500 
141321392677462 -15.712501 41.062500 16.612501 
141321412677462 -16.537500 40.106251 18.131250 
141321432677462 -17.718750 39.150002 19.687500 
141321452677462 -18.337502 38.043751 21.656250 
141321472677462 -18.937500 37.143753 23.362501 
141321492677462 -19.106251 35.868752 25.312502 
141321512677462 -19.350000 34.706253 27.093752 
141321532677462 -19.406250 33.375000 28.650002 
141321552677462 -19.068750 32.475002 30.093752 
141321572677462 -18.675001 31.875002 31.387501 
141321592677462 -18.412500 31.275002 32.212502 
141321612677462 -18.018751 31.218752 32.700001 
141321632677462 -17.568750 31.106251 32.831253 
141321652677462 -17.381250 31.687502 32.550003 
141321672677462 -16.931252 32.531250 31.837502 
141321692677462 -16.668751 33.637501 30.881250 
141321712677462 -16.593750 34.518753 29.962502 
141321732677462 -16.237501 35.700001 28.462502 
141321752677462 -15.675000 36.825001 27.187502 
141321772677462 -15.206250 37.950001 25.556252 
141321792677462 -14.868751 39.037502 23.737501 
141321812677462 -14.193750 40.050003 22.050001 
141321832677462 -13.893750 41.062500 20.343750 
141321852677462 -13.181251 41.887501 18.768751 
141321872677462 -12.543751 42.731251 16.743752 
141321892677462 -12.187501 43.312500 15.206250 
141321912677462 -11.625000 44.043751 13.575001 
141321932677462 -11.137501 44.606251 11.943750 
141321952677462 -10.725000 45.093750 10.743751 
141321972677462 -10.706250 45.375000 9.243751 
141321992677462 -10.575001 45.656250 8.081250 
141322012677462 -10.256250 45.956253 7.575000 
141322032677462 -10.350000 46.237503 7.425000 
141322052677462 -10.331250 46.312500 7.256250 
141322072677462 -10.350000 46.143753 7.612500 
141322092677462 -10.462501 46.031250 8.400001 
141322112677462 -10.462501 45.937500 9.262501 
141322132677462 -10.800000 45.918751 10.575001 
141322152677462 -11.043751 45.431252 11.868751 
141322172677462 -11.493751 45.131252 12.750001 
141322192677462 -11.493751 44.606251 13.537500 
141322212677462 -11.643750 44.381252 14.850000 
141322232677462 -11.925000 44.043751 15.993751 
141322252677462 -12.506250 43.668751 16.931252 
141322272677462 -13.031251 43.012501 17.831251 
141322292677462 -13.368751 42.375000 18.750000 
141322312677462 -13.950001 41.756252 19.837502 
141322332677462 -14.587501 40.818752 21.093750 
141322352677462 -15.393750 39.918751 22.762501 
141322372677462 -15.862500 38.643753 24.056252 
141322392677462 -16.368752 37.387501 25.462502 
141322412677462 -16.387501 36.037502 26.943750 
141322432677462 -16.818750 34.875000 28.443750 
141322452677462 -16.837502 33.468750 29.943750 
141322472677462 -17.062500 32.081253 31.181252 
141322492677462 -17.437500 31.050001 32.362503 
141322512677462 -17.643751 30.131250 33.075001 
141322532677462 -18.300001 29.587502 33.562500 
141322552677462 -18.731251 29.662500 33.206253 
141322572677462 -19.312500 29.850000 32.887501 
141322592677462 -19.556252 30.262501 32.100002 
141322612677462 -20.118752 31.218752 30.862501 
141322632677462 -20.250000 32.475002 29.418751 
141322652677462 -20.100000 33.731251 27.487501 
141322672677462 -20.137501 35.156250 25.518751 
141322692677462 -19.650002 36.543751 23.587502 
141322712677462 -19.312500 37.668751 21.806252 
141322732677462 -18.975000 38.512501 19.050001 
141322752677462 -18.225000 39.656250 17.118752 
141322772677462 -17.400002 40.612503 15.393750 
141322792677462 -16.650002 41.550003 13.631250 
141322812677462 -15.956250 42.506252 11.887501 
141322832677462 -15.112500 43.237503 10.350000 
141322852677462 -14.606251 43.912502 8.756250 
141322872677462 -14.062501 44.437500 7.443750 
141322892677462 -13.893750 45.037502 6.262500 
141322912677462 -13.687501 45.300003 5.343750 
141322932677462 -13.481251 45.562500 4.218750 
141322952677462 -13.631250 45.768753 3.393750 
141322972677462 -13.650001 45.825001 3.150000 
141322992677462 -13.856251 45.787502 2.718750 
141323012677462 -13.912500 45.656250 2.850000 
141323032677462 -14.062501 45.712502 3.112500 
141323052677462 -14.268750 45.487503 3.712500 
141323072677462 -14.775001 45.262501 4.331250 
141323092677462 -15.168751 44.981251 5.100000 
141323112677462 -15.637501 44.568752 6.187500 
141323132677462 -16.068750 44.137501 7.125000 
141323152677462 -16.650002 43.687500 8.606251 
141323172677462 -17.343750 43.162502 9.581250 
141323192677462 -18.075001 42.431252 10.706250 
141323212677462 -18.881250 41.625000 11.868751 
141323232677462 -19.687500 40.856251 13.368751 
141323252677462 -20.437500 39.881252 14.981251 
141323272677462 -20.906250 39.075001 16.987501 
141323292677462 -21.600000 38.043751 18.731251 
141323312677462 -22.387501 36.900002 20.306252 
141323332677462 -22.837502 35.587502 22.125000 
141323352677462 -23.137501 34.275002 24.075001 
141323372677462 -23.231251 32.981251 25.800001 
141323392677462 -23.100000 32.006252 27.300001 
141323412677462 -23.268751 31.012501 28.575001 
141323432677462 -23.250000 30.206251 29.381250 
141323452677462 -23.231251 29.643751 29.868752 
141323472677462 -22.762501 29.343752 30.093752 
141323492677462 -22.575001 29.681252 30.000002 
141323512677462 -22.312500 30.168751 29.456251 
141323532677462 -22.012501 31.200001 28.612501 
141323552677462 -21.731251 31.818750 27.487501 
141323572677462 -21.243752 32.887501 26.343752 
141323592677462 -20.906250 33.956253 25.012501 
141323612677462 -20.043751 35.268753 23.793751 
141323632677462 -19.650002 36.562500 22.331251 
141323652677462 -18.975000 37.781250 20.775002 
141323672677462 -18.337502 38.868752 19.331251 
141323692677462 -17.493752 39.806252 17.793751 
141323712677462 -16.706251 40.743752 16.143751 
141323732677462 -15.975000 41.812500 14.118751 
141323752677462 -15.206250 42.618752 12.356251 
141323772677462 -14.925000 43.312500 10.650001 
141323792677462 -13.931251 43.818752 8.868751 
141323812677462 -13.125001 44.325001 7.425000 
141323832677462 -12.768750 44.793751 5.906250 
141323852677462 -12.506250 45.150002 4.818750 
141323872677462 -12.112500 45.356251 3.618750 
141323892677462 -11.925000 45.562500 3.243750 
141323912677462 -11.756250 45.806252 3.018750 
141323932677462 -11.493751 45.937500 2.756250 
141323952677462 -11.962501 46.050003 2.962500 
141323972677462 -12.318750 45.937500 3.450000 
141323992677462 -12.487500 45.825001 4.087500 
141324012677462 -12.656251 45.656250 4.593750 
141324032677462 -12.975000 45.318752 5.681250 
141324052677462 -13.406251 44.962502 6.637500 
141324072677462 -13.893750 44.606251 7.500000 
141324092677462 -14.475000 43.950001 8.887501 
141324112677462 -14.756250 43.443752 10.200001 
141324132677462 -15.487500 42.900002 11.381250 
141324152677462 -16.275002 42.318752 12.768750 
141324172677462 -17.231251 41.475002 14.418751 
141324192677462 -18.075001 40.500000 15.975000 
141324212677462 -18.918751 39.375000 17.793751 
141324232677462 -19.687500 38.100002 19.743752 
141324252677462 -20.193750 36.956253 21.637501 
141324272677462 -21.018751 35.493752 23.643751 
141324292677462 -21.393751 33.881252 25.462502 
141324312677462 -21.806252 32.212502 26.943750 
141324332677462 -22.068750 30.787500 28.518751 
141324352677462 -23.118752 29.662500 29.400002 
141324372677462 -23.137501 28.556252 30.356251 
141324392677462 -23.043751 27.843752 30.862501 
141324412677462 -23.437500 27.450001 30.787500 
141324432677462 -23.437500 27.600000 30.318750 
141324452677462 -23.456251 28.143751 29.681252 
141324472677462 -23.287500 29.118752 28.818750 
141324492677462 -23.118752 30.018751 27.506250 
141324512677462 -23.193750 31.312502 26.362501 
141324532677462 -23.362501 32.587502 24.712502 
141324552677462 -23.906250 33.750000 22.912500 
141324572677462 -23.793751 34.968750 21.337502 
141324592677462 -23.475000 36.150002 19.706251 
141324612677462 -22.856251 37.312500 17.981251 
141324632677462 -22.368752 38.306252 16.312500 
141324652677462 -21.918751 39.543751 14.643750 
141324672677462 -21.225000 40.425003 12.825001 
141324692677462 -20.475000 41.325001 11.325001 
141324712677462 -19.518751 41.718750 9.525001 
141324732677462 -18.468750 42.337502 7.706250 
141324752677462 -17.850000 42.693752 6.337500 
141324772677462 -17.550001 43.143753 5.043750 
141324792677462 -17.081251 43.500000 4.068750 
141324812677462 -16.725000 43.556252 3.150000 
141324832677462 -16.425001 43.818752 2.475000 
141324852677462 -16.181252 44.006252 1.931250 
141324872677462 -16.462502 44.250000 1.668750 
141324892677462 -16.668751 44.437500 1.837500 
141324912677462 -16.687500 44.700001 1.856250 
141324932677462 -16.668751 44.681252 2.250000 
141324952677462 -16.856251 44.493752 2.681250 
141324972677462 -17.081251 44.475002 3.131250 
141324992677462 -17.212502 43.912502 3.862500 
141325012677462 -17.287500 43.612503 4.556250 
141325032677462 -17.493752 43.068752 5.268750 
141325052677462 -17.700001 42.806252 6.318750 
141325072677462 -18.281250 42.356251 7.593750 
141325092677462 -18.656250 41.887501 8.925000 
141325112677462 -19.968750 40.312500 9.768750 
141325132677462 -20.043751 39.337502 11.493751 
141325152677462 -20.400002 38.756252 13.481251 
141325172677462 -20.812500 37.818752 15.806251 
141325192677462 -21.243752 36.487503 18.168751 
141325212677462 -21.412500 35.081253 20.418751 
141325232677462 -21.450001 33.656250 22.387501 
141325252677462 -21.506250 32.137501 24.562502 
141325272677462 -21.225000 30.750002 26.362501 
141325292677462 -21.356251 29.906252 28.068750 
141325312677462 -21.131250 29.025002 29.118752 
141325332677462 -20.906250 28.481251 29.737501 
141325352677462 -20.475000 28.443750 30.150002 
141325372677462 -20.531250 28.312502 30.450001 
141325392677462 -20.681252 28.612501 30.281252 
141325412677462 -20.812500 29.043751 29.587502 
141325432677462 -21.000000 29.700001 28.706251 
141325452677462 -21.187500 30.543751 27.656252 
141325472677462 -21.412500 31.387501 26.475000 
141325492677462 -21.675001 32.231251 25.031252 
141325512677462 -22.031250 33.187500 23.606251 
141325532677462 -21.881250 34.068752 21.581251 
141325552677462 -21.787500 34.987503 19.837502 
141325572677462 -21.412500 36.112503 18.131250 
141325592677462 -21.000000 37.106251 16.668751 
141325612677462 -20.268751 37.987503 15.037500 
141325632677462 -19.387501 38.812500 13.500001 
141325652677462 -18.468750 39.787502 12.037500 
141325672677462 -17.418751 40.575001 10.631250 
141325692677462 -16.575001 41.437500 9.281250 
141325712677462 -15.131250 42.637501 8.475000 
141325732677462 -14.325001 43.162502 7.500000 
141325752677462 -13.650001 43.762501 6.562500 
141325772677462 -13.256250 44.193752 5.643750 
141325792677462 -12.975000 44.531250 4.950000 
141325812677462 -12.956250 44.587502 4.425000 
141325832677462 -12.918751 44.643753 3.900000 
141325852677462 -13.312501 44.681252 3.393750 
141325872677462 -13.387501 44.662502 3.562500 
141325892677462 -13.631250 44.531250 3.468750 
141325912677462 -14.043751 44.400002 3.468750 
141325932677462 -14.493751 44.081253 3.675000 
141325952677462 -15.000001 43.875000 3.993750 
141325972677462 -15.356251 43.556252 4.481250 
141325992677462 -15.843751 43.312500 4.987500 
141326012677462 -16.406250 42.675003 6.337500 
141326032677462 -17.250000 42.150002 7.218750 
141326052677462 -18.281250 41.512501 8.512501 
141326072677462 -18.656250 40.800003 10.200001 
141326092677462 -19.518751 40.050003 11.850000 
141326112677462 -20.643751 39.150002 13.443750 
141326132677462 -21.525002 37.912502 15.337501 
141326152677462 -22.293751 36.618752 17.437500 
141326172677462 -22.875000 35.437500 19.181252 
141326192677462 -22.462502 34.068752 21.262501 
141326212677462 -22.631250 32.793751 23.100000 
141326232677462 -23.193750 31.425001 24.862501 
141326252677462 -23.343750 30.112501 26.662500 
141326272677462 -23.287500 28.668751 28.125002 
141326292677462 -23.606251 27.918751 28.912500 
141326312677462 -24.018751 27.225000 29.568750 
141326332677462 -24.375002 26.887501 29.831251 
141326352677462 -24.900002 26.943750 29.812502 
141326372677462 -25.275002 27.093752 29.306252 
141326392677462 -25.518751 27.881250 28.856251 
141326412677462 -25.631250 28.762501 27.468752 
141326432677462 -25.856251 30.093752 26.175001 
141326452677462 -25.668751 31.162500 24.731251 
141326472677462 -25.387501 32.362503 23.137501 
141326492677462 -25.031252 33.562500 21.318750 
141326512677462 -23.756250 34.725002 19.912500 
141326532677462 -23.137501 36.000000 17.981251 
141326552677462 -22.350000 37.031250 15.731251 
141326572677462 -21.562500 38.025002 14.175000 
141326592677462 -20.475000 39.093750 12.318750 
141326612677462 -19.443750 40.087502 10.725000 
141326632677462 -18.243752 41.006252 9.393750 
141326652677462 -17.043751 41.868752 8.062500 
141326672677462 -16.068750 42.487503 6.750000 
141326692677462 -15.093751 43.068752 5.831250 
141326712677462 -13.968751 43.743752 5.418750 
141326732677462 -13.031251 44.175003 4.575000 
141326752677462 -12.206250 44.343750 4.275000 
141326772677462 -11.418751 44.475002 4.031250 
141326792677462 -11.081250 44.737503 4.068750 
141326812677462 -10.743751 44.906250 4.256250 
141326832677462 -10.537500 44.981251 4.800000 
141326852677462 -10.500000 45.018753 5.306250 
141326872677462 -10.500000 44.831253 5.587500 
141326892677462 -10.612500 44.831253 6.243750 
141326912677462 -10.950001 44.625000 6.993750 
141326932677462 -11.475000 44.362503 7.762500 
141326952677462 -12.243751 43.950001 8.325001 
141326972677462 -13.012501 43.387501 8.943750 
141326992677462 -13.668751 43.012501 9.825001 
141327012677462 -14.362500 42.393753 10.537500 
141327032677462 -15.318750 41.681252 11.531250 
141327052677462 -16.256250 40.912502 12.768750 
141327072677462 -16.312500 40.575001 13.950001 
141327092677462 -16.650002 39.806252 15.300000 
141327112677462 -17.025002 38.925003 16.800001 
141327132677462 -17.531250 38.100002 18.506250 
141327152677462 -17.681252 37.143753 19.893751 
141327172677462 -17.906250 36.393753 21.712502 
141327192677462 -17.981251 35.606251 23.418751 
141327212677462 -17.793751 34.725002 24.731251 
141327232677462 -17.325001 33.900002 26.212502 
141327252677462 -17.212502 33.581253 27.468752 
141327272677462 -17.006250 33.206253 28.425001 
141327292677462 -16.237501 33.131252 29.175001 
141327312677462 -15.731251 33.168751 29.550001 
141327332677462 -15.187501 33.281250 29.737501 
141327352677462 -14.587501 33.881252 29.325001 
141327372677462 -14.156251 34.612503 28.837502 
141327392677462 -13.800000 35.512501 28.012501 
141327412677462 -13.350000 36.375000 27.056252 
141327432677462 -12.637501 37.275002 25.837502 
141327452677462 -12.525001 37.931252 24.712502 
141327472677462 -12.262501 38.756252 23.925001 
141327492677462 -12.131250 39.318752 22.800001 
141327512677462 -12.431251 39.656250 22.237501 
141327532677462 -12.618751 39.881252 21.787500 
141327552677462 -12.918751 39.825001 21.375000 
141327572677462 -13.575001 39.731251 21.150002 
141327592677462 -14.531251 39.431252 21.506250 
141327612677462 -15.318750 39.131252 21.450001 
141327632677462 -16.256250 38.550003 21.356251 
141327652677462 -16.968750 38.100002 21.506250 
141327672677462 -17.400002 37.556252 21.712502 
141327692677462 -18.112501 36.993752 21.975000 
141327712677462 -18.787500 36.656250 22.312500 
141327732677462 -19.443750 35.868752 22.425001 
141327752677462 -19.743752 35.606251 22.368752 
141327772677462 -19.987501 35.493752 22.331251 
141327792677462 -20.118752 35.456253 22.256250 
141327812677462 -20.381250 35.493752 21.937500 
141327832677462 -20.531250 35.700001 21.318750 
141327852677462 -20.493752 35.962502 20.437500 
141327872677462 -20.662500 36.037502 19.875000 
141327892677462 -20.662500 36.393753 19.293751 
141327912677462 -20.981251 36.506252 18.862501 
141327932677462 -21.281250 36.412502 18.525002 
141327952677462 -21.918751 36.075001 18.300001 
141327972677462 -22.331251 35.662502 18.543751 
141327992677462 -23.025002 34.987503 18.993752 
141328012677462 -23.793751 34.200001 19.800001 
141328032677462 -24.187502 33.562500 20.475000 
141328052677462 -24.581251 32.737503 21.337502 
141328072677462 -24.693750 32.025002 21.918751 
141328092677462 -24.993752 31.237501 23.081251 
141328112677462 -24.956251 30.862501 23.775002 
141328132677462 -24.993752 30.506250 24.393751 
141328152677462 -24.731251 30.281252 24.431252 
141328172677462 -24.300001 30.375002 24.356251 
141328192677462 -24.075001 30.543751 24.150002 
141328212677462 -24.018751 31.087502 23.793751 
141328232677462 -24.000000 31.800001 23.175001 
141328252677462 -23.737501 32.981251 21.937500 
141328272677462 -23.250000 33.825001 20.793751 
141328292677462 -22.706251 34.800003 19.368752 
141328312677462 -22.312500 36.075001 18.281250 
141328332677462 -21.918751 37.031250 17.043751 
141328352677462 -21.056252 38.062500 15.768750 
141328372677462 -19.875000 38.906250 14.531251 
141328392677462 -19.181252 40.518753 14.287500 
141328412677462 -17.887501 41.137501 13.275001 
141328432677462 -16.800001 42.093750 12.356251 
141328452677462 -15.862500 42.768753 11.550000 
141328472677462 -14.850000 43.275002 10.912500 
141328492677462 -14.062501 43.968750 10.275001 
141328512677462 -13.143750 44.437500 9.712501 
141328532677462 -12.618751 45.000000 8.943750 
141328552677462 -12.131250 45.318752 8.175000 
141328572677462 -11.737500 45.487503 7.743750 
141328592677462 -11.531250 45.656250 7.500000 
141328612677462 -11.250000 45.825001 7.106250 
141328632677462 -11.100000 45.806252 7.068750 
141328652677462 -10.743751 45.731251 6.843750 
141328672677462 -10.875000 45.881252 6.881250 
141328692677462 -10.968750 45.806252 7.218750 
141328712677462 -11.137501 45.562500 7.725000 
141328732677462 -11.362500 45.506252 8.212501 
141328752677462 -11.587501 45.206253 8.700001 
141328772677462 -11.868751 44.962502 9.506250 
141328792677462 -12.281251 44.887501 10.368751 
141328812677462 -12.750001 44.512501 11.381250 
141328832677462 -13.350000 43.837502 12.356251 
141328852677462 -14.043751 43.331253 13.387501 
141328872677462 -14.568750 42.637501 14.512501 
141328892677462 -15.375001 41.943752 15.862500 
141328912677462 -16.256250 41.081253 17.325001 
141328932677462 -17.193750 40.012501 18.825001 
141328952677462 -18.187500 39.468750 19.425001 
141328972677462 -18.768751 38.437500 21.468750 
141328992677462 -19.368752 37.387501 23.156250 
141329012677462 -19.631250 36.037502 24.787500 
141329032677462 -20.062500 35.193752 26.456251 
141329052677462 -20.418751 34.256252 27.900002 
141329072677462 -20.381250 33.187500 28.968752 
141329092677462 -20.381250 32.418751 29.868752 
141329112677462 -20.493752 31.875002 30.581251 
141329132677462 -20.718750 31.406252 30.525002 
141329152677462 -20.962502 31.293751 30.506250 
141329172677462 -21.375000 31.500002 30.318750 
141329192677462 -21.525002 31.500002 29.606251 
141329212677462 -21.506250 31.837502 28.706251 
141329232677462 -21.693750 32.662502 27.806252 
141329252677462 -21.843750 33.337502 26.793751 
141329272677462 -21.825001 34.237503 25.425001 
141329292677462 -21.543751 35.156250 24.356251 
141329312677462 -21.131250 36.056252 23.137501 
141329332677462 -20.362501 37.181252 21.862501 
141329352677462 -19.462502 38.418751 20.531250 
141329372677462 -18.525002 39.393753 19.331251 
141329392677462 -17.475000 40.237503 17.943750 
141329412677462 -16.181252 41.362503 16.762501 
141329432677462 -15.018750 42.281250 15.825001 
141329452677462 -13.725000 43.218750 14.475000 
141329472677462 -12.468751 44.343750 13.350000 
141329492677462 -11.512501 45.056252 12.168751 
141329512677462 -10.706250 45.581253 11.418751 
141329532677462 -9.975000 45.993752 10.425000 
141329552677462 -9.506250 46.537502 9.656250 
141329572677462 -9.375000 46.875000 8.850000 
141329592677462 -9.056251 47.175003 8.175000 
141329612677462 -9.018750 47.437500 7.706250 
141329632677462 -8.906250 47.231251 7.425000 
141329652677462 -8.981251 47.118752 7.406250 
141329672677462 -9.187500 47.118752 7.406250 
141329692677462 -9.431251 47.043751 7.800000 
141329712677462 -9.562500 46.968750 8.268750 
141329732677462 -9.487500 46.856251 8.925000 
141329752677462 -9.843750 46.762501 9.262501 
141329772677462 -10.425000 46.462502 10.181251 
141329792677462 -11.062500 45.993752 10.987500 
141329812677462 -11.681251 45.581253 11.887501 
141329832677462 -12.468751 45.056252 13.031251 
141329852677462 -13.237500 44.718750 14.231251 
141329872677462 -14.006250 44.006252 15.581250 
141329892677462 -15.018750 43.256252 16.950001 
141329912677462 -15.975000 42.281250 18.656250 
141329932677462 -16.743752 41.268753 20.118752 
141329952677462 -18.337502 40.406250 22.443750 
141329972677462 -18.750000 39.487503 24.262501 
141329992677462 -18.900002 38.362503 25.950001 
141330012677462 -18.937500 37.087502 27.468752 
141330032677462 -19.031250 36.037502 29.062502 
141330052677462 -19.106251 34.781250 30.506250 
141330072677462 -18.787500 33.843750 31.781252 
141330092677462 -18.637501 32.850002 32.943752 
141330112677462 -18.393751 32.193752 33.750000 
141330132677462 -18.356251 31.518751 34.293751 
141330152677462 -18.468750 31.237501 34.575001 
141330172677462 -18.693750 31.012501 34.687500 
141330192677462 -18.918751 31.275002 34.518753 
141330212677462 -18.768751 32.043751 33.975002 
141330232677462 -18.768751 32.606251 33.206253 
141330252677462 -18.525002 33.693752 32.118752 
141330272677462 -18.318750 34.575001 31.031252 
141330292677462 -18.187500 35.587502 29.737501 
141330312677462 -17.700001 36.675003 28.481251 
141330332677462 -17.062500 37.875000 27.037500 
141330352677462 -16.368752 38.925003 25.762501 
141330372677462 -15.750001 39.618752 24.337502 
141330392677462 -14.550000 41.175003 22.912500 
141330412677462 -14.025001 41.981251 21.468750 
141330432677462 -13.331250 42.975002 19.931252 
141330452677462 -12.581250 43.818752 18.562500 
141330472677462 -11.868751 44.568752 17.025002 
141330492677462 -11.343750 45.337502 15.712501 
141330512677462 -10.762501 45.825001 14.100000 
141330532677462 -10.181251 46.481251 12.825001 
141330552677462 -10.275001 46.687500 11.887501 
141330572677462 -10.068750 46.875000 11.212501 
141330592677462 -9.900001 46.856251 10.687500 
141330612677462 -9.843750 47.062500 10.162500 
141330632677462 -9.862500 47.100002 9.993751 
141330652677462 -9.956250 47.118752 9.956250 
141330672677462 -10.012501 46.987503 10.162500 
141330692677462 -10.143750 46.762501 10.500000 
141330712677462 -10.181251 46.725002 11.306251 
141330732677462 -10.275001 46.650002 11.850000 
141330752677462 -10.612500 46.668751 12.693750 
141330772677462 -10.856251 46.162502 13.518750 
141330792677462 -11.231251 45.712502 14.643750 
141330812677462 -11.512501 45.131252 15.881250 
141330832677462 -11.793751 44.568752 17.231251 
141330852677462 -12.581250 44.081253 18.637501 
141330872677462 -13.050000 43.331253 19.987501 
141330892677462 -13.537500 42.337502 21.562500 
141330912677462 -14.118751 40.950001 23.100000 
141330932677462 -14.700001 39.956253 25.050001 
141330952677462 -15.168751 38.437500 25.556252 
141330972677462 -15.581250 37.162502 26.981251 
141330992677462 -16.031250 35.943752 28.481251 
141331012677462 -15.993751 34.500000 30.018751 
141331032677462 -16.012501 33.243752 31.106251 
141331052677462 -15.937501 32.306252 32.118752 
141331072677462 -15.768750 31.743752 32.737503 
141331092677462 -15.375001 31.181252 33.018753 
141331112677462 -15.168751 30.900002 33.468750 
141331132677462 -14.906251 30.712502 33.693752 
141331152677462 -14.850000 30.881250 33.581253 
141331172677462 -14.737500 31.200001 33.450001 
141331192677462 -14.868751 31.800001 32.981251 
141331212677462 -14.831250 32.493752 32.175003 
141331232677462 -14.456250 33.693752 31.406252 
141331252677462 -14.325001 34.762501 30.300001 
141331272677462 -14.250001 35.775002 29.043751 
141331292677462 -14.043751 37.106251 27.393751 
141331312677462 -13.762501 38.268753 25.856251 
141331332677462 -13.425000 39.468750 23.887501 
141331352677462 -11.981251 41.025002 21.937500 
141331372677462 -11.475000 42.093750 20.456251 
141331392677462 -11.193750 42.750000 18.862501 
141331412677462 -10.762501 43.575001 17.156250 
141331432677462 -10.275001 44.268753 15.787500 
141331452677462 -9.881250 44.793751 14.587501 
141331472677462 -9.375000 45.150002 13.293751 
141331492677462 -9.037500 45.562500 12.281251 
141331512677462 -8.718750 45.825001 11.418751 
141331532677462 -8.587501 46.068752 10.518750 
141331552677462 -8.362500 46.125000 10.162500 
141331572677462 -8.306251 46.031250 10.125000 
141331592677462 -8.137501 46.143753 10.031250 
141331612677462 -8.306251 45.975002 9.862500 
141331632677462 -8.531250 46.031250 9.975000 
141331652677462 -8.943750 45.731251 10.406250 
141331672677462 -9.431251 45.806252 10.575001 
141331692677462 -9.693750 45.506252 11.156250 
141331712677462 -10.125000 45.225002 11.643750 
141331732677462 -10.575001 45.168751 12.300000 
141331752677462 -11.081250 44.775002 13.031251 
141331772677462 -11.531250 44.381252 14.193750 
141331792677462 -11.850000 43.856251 15.281251 
141331812677462 -12.243751 43.481251 16.350000 
141331832677462 -12.675000 42.562500 17.775002 
141331852677462 -13.350000 41.700001 19.143751 
141331872677462 -13.875001 40.856251 20.475000 
141331892677462 -14.156251 39.693752 22.031250 
141331912677462 -14.306251 38.400002 23.962502 
141331932677462 -14.531251 37.500000 25.556252 
141331952677462 -15.000001 36.262501 27.206251 
141331972677462 -14.962501 35.118752 28.800001 
141331992677462 -14.756250 34.087502 30.337502 
141332012677462 -14.400001 33.168751 31.612501 
141332032677462 -14.212501 32.268753 32.906250 
141332052677462 -14.062501 31.256250 33.750000 
141332072677462 -14.081250 30.618752 34.181252 
141332092677462 -13.968751 30.206251 34.518753 
141332112677462 -13.556251 30.018751 34.612503 
141332132677462 -13.725000 30.300001 34.181252 
141332152677462 -13.893750 30.862501 33.806252 
141332172677462 -14.081250 31.500002 33.112503 
141332192677462 -14.100000 32.437500 32.175003 
141332212677462 -14.043751 33.637501 31.068750 
141332232677462 -13.856251 34.950001 29.906252 
141332252677462 -13.462501 36.075001 28.706251 
141332272677462 -13.031251 37.237503 27.412500 
141332292677462 -12.225000 38.043751 26.325001 
141332312677462 -11.043751 39.225002 24.956251 
141332332677462 -9.918751 40.368752 23.681252 
141332352677462 -8.943750 41.343750 22.350000 
141332372677462 -7.912500 42.318752 21.075001 
141332392677462 -7.068750 43.218750 19.743752 
141332412677462 -6.262500 43.837502 18.337502 
141332432677462 -5.925000 44.981251 17.043751 
141332452677462 -5.381250 45.825001 15.862500 
141332472677462 -5.193750 46.425003 14.793751 
141332492677462 -4.875000 46.743752 13.818750 
141332512677462 -4.350000 46.912502 13.200001 
141332532677462 -4.612500 47.193752 12.656251 
141332552677462 -4.706250 47.156250 12.281251 
141332572677462 -4.931250 47.512501 11.981251 
141332592677462 -4.818750 47.231251 11.981251 
141332612677462 -5.250000 47.062500 11.868751 
141332632677462 -5.625000 46.687500 11.962501 
141332652677462 -6.187500 46.537502 12.112500 
141332672677462 -6.787500 46.237503 12.731251 
141332692677462 -6.900000 45.693752 13.237500 
141332712677462 -7.256250 45.150002 13.912500 
141332732677462 -7.743750 44.512501 14.831250 
141332752677462 -8.456250 43.987503 15.843751 
141332772677462 -9.093750 43.500000 17.156250 
141332792677462 -9.525001 43.012501 18.356251 
141332812677462 -10.162500 42.262501 20.006250 
141332832677462 -10.668751 41.400002 21.543751 
141332852677462 -11.531250 40.612503 23.100000 
141332872677462 -12.206250 39.731251 24.806252 
141332892677462 -12.600000 38.456253 26.531252 
141332912677462 -12.862500 37.218750 28.012501 
141332932677462 -13.050000 35.737503 29.550001 
141332952677462 -13.012501 34.518753 31.181252 
141332972677462 -13.068750 33.037502 32.550003 
141332992677462 -13.106251 31.875002 33.618752 
141333012677462 -13.181251 30.806252 34.575001 
141333032677462 -13.425000 30.093752 35.156250 
141333052677462 -13.687501 29.700001 35.606251 
141333072677462 -13.968751 29.400002 35.625000 
141333092677462 -14.156251 29.606251 35.400002 
141333112677462 -14.568750 29.756250 34.818752 
141333132677462 -15.037500 30.525002 34.012501 
141333152677462 -15.300000 31.293751 32.962502 
141333172677462 -15.300000 32.418751 31.800001 
141333192677462 -15.243751 33.562500 30.618752 
141333212677462 -15.206250 34.687500 29.175001 
141333232677462 -15.000001 35.925003 28.012501 
141333252677462 -14.606251 37.181252 26.475000 
141333272677462 -13.687501 38.418751 24.956251 
141333292677462 -12.993751 39.581253 23.437500 
141333312677462 -12.375001 40.800003 22.068750 
141333332677462 -11.775001 41.718750 20.512501 
141333352677462 -10.706250 42.675003 18.975000 
141333372677462 -9.675000 43.406250 17.643751 
141333392677462 -9.056251 44.100002 16.050001 
141333412677462 -8.475000 44.756252 14.868751 
141333432677462 -8.118751 45.318752 13.668751 
141333452677462 -7.575000 45.825001 12.600000 
141333472677462 -7.162500 46.425003 11.700001 
141333492677462 -6.656250 47.025002 11.231251 
141333512677462 -6.618750 47.025002 10.856251 
141333532677462 -6.412500 47.175003 10.500000 
141333552677462 -6.056250 47.306252 10.500000 
141333572677462 -5.850000 47.118752 10.462501 
141333592677462 -5.718750 47.043751 10.725000 
141333612677462 -5.400000 46.800003 11.100000 
141333632677462 -5.212500 46.462502 11.831250 
141333652677462 -5.231250 45.956253 12.281251 
141333672677462 -5.231250 45.731251 13.068750 
141333692677462 -5.250000 45.637501 13.968751 
141333712677462 -5.250000 45.093750 15.075001 
141333732677462 -5.381250 45.000000 16.162500 
141333752677462 -5.606250 44.381252 17.287500 
141333772677462 -6.131250 43.856251 18.581251 
141333792677462 -6.993750 42.862503 19.556252 
141333812677462 -7.312500 41.925003 20.925001 
141333832677462 -7.912500 40.931252 22.387501 
141333852677462 -8.287500 39.750000 24.018751 
141333872677462 -8.737500 38.831253 25.725000 
141333892677462 -9.187500 37.537502 27.450001 
141333912677462 -9.618751 36.393753 29.231251 
141333932677462 -9.993751 35.306252 30.862501 
141333952677462 -10.312500 34.331253 32.006252 
141333972677462 -10.537500 33.431252 33.543751 
141333992677462 -10.331250 32.475002 34.556252 
141334012677462 -10.368751 31.818750 35.343750 
141334032677462 -10.481251 31.443750 35.700001 
141334052677462 -10.518750 31.087502 35.793751 
141334072677462 -10.443750 31.293751 35.906250 
141334092677462 -10.650001 31.350000 35.568752 
141334112677462 -11.006250 31.781252 34.987503 
141334132677462 -11.137501 32.268753 34.181252 
141334152677462 -11.287500 33.037502 33.356251 
141334172677462 -11.381250 33.900002 32.456253 
141334192677462 -11.175000 34.706253 31.406252 
141334212677462 -10.556251 35.606251 30.243752 
141334232677462 -10.462501 36.525002 28.743752 
141334252677462 -9.806251 37.687500 27.468752 
141334272677462 -9.150001 38.550003 26.006250 
141334292677462 -8.512501 39.562500 24.862501 
141334312677462 -7.687500 40.612503 23.625000 
141334332677462 -7.031250 41.662502 22.237501 
141334352677462 -6.318750 42.375000 20.981251 
141334372677462 -5.887500 43.256252 19.818750 
141334392677462 -5.287500 43.687500 18.618752 
141334412677462 -4.725000 44.193752 17.531250 
141334432677462 -4.218750 44.831253 16.762501 
141334452677462 -4.087500 45.262501 15.918751 
141334472677462 -4.106250 45.693752 15.112500 
141334492677462 -4.181250 45.862503 14.268750 
141334512677462 -4.237500 46.106251 14.006250 
141334532677462 -4.237500 45.843750 13.800000 
141334552677462 -4.162500 45.825001 13.725000 
141334572677462 -4.425000 45.900002 13.912500 
141334592677462 -4.743750 45.618752 14.118751 
141334612677462 -4.931250 45.693752 14.456250 
141334632677462 -5.137500 45.225002 14.943750 
141334652677462 -5.325000 45.075001 15.543751 
141334672677462 -5.681250 44.681252 16.162500 
141334692677462 -5.775000 44.568752 17.062500 
141334712677462 -6.431250 43.950001 18.168751 
141334732677462 -6.787500 43.218750 19.312500 
141334752677462 -7.443750 42.750000 20.381250 
141334772677462 -7.931250 41.681252 21.768751 
141334792677462 -8.456250 40.931252 23.062500 
141334812677462 -9.112500 39.881252 24.750002 
141334832677462 -9.731251 39.000000 26.193750 
141334852677462 -10.387501 37.837502 27.656252 
141334872677462 -10.837501 36.862503 29.175001 
141334892677462 -11.231251 35.568752 30.412500 
141334912677462 -11.287500 34.425003 31.725000 
141334932677462 -11.231251 33.375000 32.756252 
141334952677462 -11.306251 32.512501 34.031250 
141334972677462 -11.062500 31.556252 34.912502 
141334992677462 -10.893750 30.937502 35.643753 
141335012677462 -10.856251 30.375002 36.281250 
141335032677462 -10.650001 30.093752 36.468750 
141335052677462 -10.612500 29.925001 36.731251 
141335072677462 -10.443750 29.737501 36.787502 
141335092677462 -10.575001 30.000002 36.562500 
141335112677462 -10.706250 30.637501 36.056252 
141335132677462 -10.987500 31.237501 35.700001 
141335152677462 -10.968750 31.593752 35.062500 
141335172677462 -10.818750 32.512501 34.256252 
141335192677462 -10.743751 33.356251 33.450001 
141335212677462 -10.387501 34.518753 32.531250 
141335232677462 -10.743751 35.925003 31.312502 
141335252677462 -10.331250 36.956253 30.225000 
141335272677462 -9.993751 37.743752 29.025002 
141335292677462 -9.468750 38.662502 27.506250 
141335312677462 -8.887501 39.543751 26.006250 
141335332677462 -8.493751 40.406250 24.468752 
141335352677462 -7.893750 41.456253 22.950001 
141335372677462 -7.406250 42.056252 21.300001 
141335392677462 -6.487500 42.862503 19.743752 
141335412677462 -6.037500 43.650002 18.243752 
141335432677462 -5.681250 44.493752 17.062500 
141335452677462 -5.118750 45.056252 16.012501 
141335472677462 -4.968750 45.693752 15.206250 
141335492677462 -4.593750 46.087502 14.362500 
141335512677462 -4.481250 46.237503 13.612500 
141335532677462 -4.406250 46.556252 13.387501 
141335552677462 -4.556250 46.781250 13.125001 
141335572677462 -4.500000 46.631252 13.068750 
141335592677462 -4.481250 46.462502 12.937501 
141335612677462 -4.762500 46.425003 13.181251 
141335632677462 -4.912500 46.200001 13.668751 
141335652677462 -5.175000 45.900002 14.175000 
141335672677462 -5.400000 45.750000 14.981251 
141335692677462 -5.756250 45.431252 15.656251 
141335712677462 -6.150000 45.037502 16.687500 
141335732677462 -6.712500 44.718750 17.643751 
141335752677462 -7.275000 44.175003 18.843750 
141335772677462 -7.612500 43.500000 19.912500 
141335792677462 -8.212501 42.825001 20.868752 
141335812677462 -8.812500 42.056252 22.068750 
141335832677462 -9.412500 41.118752 23.100000 
141335852677462 -10.181251 40.293751 24.337502 
141335872677462 -10.668751 39.281250 25.500002 
141335892677462 -10.931251 38.343750 26.812502 
141335912677462 -11.400001 37.162502 27.975000 
141335932677462 -11.812500 36.000000 29.156252 
141335952677462 -12.206250 35.025002 30.225000 
141335972677462 -12.412500 34.068752 31.368752 
141335992677462 -13.068750 32.906250 32.531250 
141336012677462 -12.881250 32.062500 33.375000 
141336032677462 -13.012501 31.425001 34.162502 
141336052677462 -13.237500 30.881250 34.612503 
141336072677462 -13.200001 30.581251 35.006252 
141336092677462 -13.350000 30.637501 35.212502 
141336112677462 -13.368751 30.693750 35.362503 
141336132677462 -13.631250 31.106251 35.268753 
141336152677462 -13.725000 31.406252 34.875000 
141336172677462 -14.062501 31.912500 34.331253 
141336192677462 -14.156251 32.418751 33.581253 
141336212677462 -14.062501 33.056252 32.906250 
141336232677462 -13.987500 33.900002 32.062500 
141336252677462 -13.837501 34.706253 31.162500 
141336272677462 -13.706250 35.550003 30.018751 
141336292677462 -13.218751 36.412502 29.043751 
141336312677462 -12.506250 37.312500 28.106251 
141336332677462 -11.756250 38.175003 26.887501 
141336352677462 -11.062500 39.262501 25.781252 
141336372677462 -10.275001 40.106251 24.618752 
141336392677462 -9.412500 41.081253 23.418751 
141336412677462 -8.662500 42.037502 22.068750 
141336432677462 -7.593750 43.050003 20.981251 
141336452677462 -6.825000 43.837502 19.650002 
141336472677462 -5.962500 44.568752 18.806252 
141336492677462 -5.437500 45.450001 18.168751 
141336512677462 -4.481250 45.862503 17.306252 
141336532677462 -4.087500 46.443752 16.500000 
141336552677462 -3.562500 46.762501 15.937501 
141336572677462 -3.037500 46.856251 15.825001 
141336592677462 -2.418750 46.837502 15.581250 
141336612677462 -2.006250 46.912502 15.712501 
141336632677462 -1.856250 47.043751 15.618751 
141336652677462 -1.687500 47.212502 15.731251 
141336672677462 -1.612500 47.250000 15.843751 
141336692677462 -1.462500 47.006252 16.275002 
141336712677462 -1.687500 46.800003 16.650002 
141336732677462 -1.706250 46.781250 16.856251 
141336752677462 -2.006250 46.706253 17.268751 
141336772677462 -2.325000 46.537502 17.625000 
141336792677462 -2.531250 45.862503 18.300001 
141336812677462 -2.850000 45.450001 18.750000 
141336832677462 -3.375000 45.168751 19.593750 
141336852677462 -3.956250 44.718750 20.531250 
141336872677462 -4.481250 44.250000 21.281250 
141336892677462 -5.287500 43.575001 22.200001 
141336912677462 -6.075000 42.356251 23.493752 
141336932677462 -6.843750 41.306252 24.562502 
141336952677462 -7.762500 40.762501 25.725000 
141336972677462 -8.643750 39.881252 27.056252 
141336992677462 -9.393750 38.568752 28.331251 
141337012677462 -9.881250 37.593750 29.250002 
141337032677462 -10.218750 36.225002 30.618752 
141337052677462 -10.556251 35.250000 31.818750 
141337072677462 -10.612500 34.443752 32.962502 
141337092677462 -10.631250 33.562500 33.918751 
141337112677462 -10.481251 32.550003 34.743752 
141337132677462 -10.425000 31.931252 35.325001 
141337152677462 -10.537500 31.800001 35.868752 
141337172677462 -10.706250 31.743752 36.131252 
141337192677462 -10.912500 31.987501 36.225002 
141337212677462 -10.931251 32.287502 36.037502 
141337232677462 -11.081250 32.775002 35.587502 
141337252677462 -11.062500 33.712502 34.968750 
141337272677462 -11.100000 34.481251 34.087502 
141337292677462 -11.081250 35.362503 33.262501 
141337312677462 -11.025001 36.150002 32.043751 
141337332677462 -10.781250 37.050003 30.956251 
141337352677462 -10.593750 37.912502 29.793751 
141337372677462 -10.368751 39.018753 28.200001 
141337392677462 -10.200001 39.862503 26.868752 
141337412677462 -10.012501 40.800003 24.993752 
141337432677462 -9.750000 42.075001 23.100000 
141337452677462 -9.506250 43.087502 21.112501 
141337472677462 -9.281250 44.175003 19.331251 
141337492677462 -9.225000 45.187500 17.437500 
141337512677462 -8.737500 46.031250 15.525001 
141337532677462 -8.437500 46.668751 13.912500 
141337552677462 -8.193750 46.968750 12.431251 
141337572677462 -7.893750 47.568752 11.362500 
141337592677462 -7.631250 47.775002 10.350000 
141337612677462 -7.462500 48.018753 9.562500 
141337632677462 -7.087500 48.112503 8.775001 
141337652677462 -6.693750 48.093754 8.250000 
141337672677462 -6.918750 48.168751 7.893750 
141337692677462 -6.956250 48.075001 7.837500 
141337712677462 -7.181250 48.318752 7.668750 
141337732677462 -7.350000 48.225002 7.706250 
141337752677462 -7.312500 48.206253 7.781250 
141337772677462 -7.481250 48.262501 7.837500 
141337792677462 -7.743750 48.168751 8.025001 
141337812677462 -8.175000 48.112503 8.175000 
141337832677462 -8.493751 48.056252 8.512501 
141337852677462 -8.981251 47.906250 8.925000 
141337872677462 -9.562500 47.437500 9.356251 
141337892677462 -10.275001 47.025002 9.881250 
141337912677462 -11.381250 46.631252 10.556251 
141337932677462 -12.412500 46.181252 11.362500 
141337952677462 -13.631250 45.768753 12.075001 
141337972677462 -14.681251 45.300003 12.956250 
141337992677462 -15.806251 44.400002 13.593751 
141338012677462 -17.231251 43.668751 14.606251 
141338032677462 -18.450001 42.750000 15.862500 
141338052677462 -19.743752 41.718750 16.987501 
141338072677462 -20.643751 40.575001 18.600000 
141338092677462 -21.506250 39.187500 20.250000 
141338112677462 -22.800001 37.856251 22.050001 
141338132677462 -23.381250 36.375000 23.793751 
141338152677462 -23.812500 35.062500 25.237501 
141338172677462 -24.037500 33.843750 26.681252 
141338192677462 -24.356251 33.037502 27.806252 
141338212677462 -24.243752 32.250000 29.006250 
141338232677462 -24.393751 31.650002 29.493752 
141338252677462 -24.450001 31.256250 29.531252 
141338272677462 -24.862501 31.125002 29.175001 
141338292677462 -25.068750 31.556252 28.893751 
141338312677462 -25.162500 32.118752 28.443750 
141338332677462 -25.331251 32.700001 27.768751 
141338352677462 -25.256250 33.281250 26.831251 
141338372677462 -25.425001 34.125000 25.537500 
141338392677462 -25.725000 34.931252 24.262501 
141338412677462 -25.593752 36.037502 22.950001 
141338432677462 -25.068750 37.012501 21.637501 
141338452677462 -24.712502 37.875000 20.100000 
141338472677462 -23.981251 38.775002 18.862501 
141338492677462 -23.025002 39.768753 17.418751 
141338512677462 -22.368752 41.025002 16.275002 
141338532677462 -21.450001 41.775002 14.906251 
141338552677462 -20.081251 42.787502 13.668751 
141338572677462 -19.031250 43.725002 12.600000 
141338592677462 -18.075001 44.475002 11.343750 
141338612677462 -17.156250 45.075001 9.975000 
141338632677462 -16.631250 45.431252 8.793751 
141338652677462 -16.181252 45.862503 7.462500 
141338672677462 -15.618751 45.956253 6.243750 
141338692677462 -15.487500 46.368752 5.043750 
141338712677462 -15.468751 46.575001 4.106250 
141338732677462 -15.750001 46.443752 3.243750 
141338752677462 -16.087502 46.556252 2.606250 
141338772677462 -16.200001 46.743752 2.100000 
141338792677462 -16.256250 46.687500 1.800000 
141338812677462 -16.462502 46.743752 1.687500 
141338832677462 -16.668751 46.837502 1.612500 
141338852677462 -16.781250 46.706253 1.968750 
141338872677462 -17.043751 46.800003 2.100000 
141338892677462 -17.156250 46.837502 2.287500 
141338912677462 -17.362501 46.912502 2.587500 
141338932677462 -17.812500 46.706253 3.262500 
141338952677462 -18.450001 46.687500 3.918750 
141338972677462 -18.731251 46.350002 4.631250 
141338992677462 -19.237501 45.881252 5.343750 
141339012677462 -20.118752 45.693752 6.112500 
141339032677462 -20.775002 45.075001 7.068750 
141339052677462 -21.600000 44.306252 8.062500 
141339072677462 -22.593750 43.068752 9.300000 
141339092677462 -23.381250 42.018753 10.856251 
141339112677462 -24.262501 40.725002 12.450001 
141339132677462 -25.518751 39.581253 14.100000 
141339152677462 -26.456251 38.456253 15.956250 
141339172677462 -27.168751 37.181252 17.850000 
141339192677462 -27.900002 35.756252 19.593750 
141339212677462 -28.575001 34.518753 21.337502 
141339232677462 -29.193750 33.412502 22.818750 
141339252677462 -29.887501 32.306252 23.756250 
141339272677462 -30.206251 31.425001 24.506250 
141339292677462 -30.318750 30.393751 25.181252 
141339312677462 -30.431252 29.868752 25.350000 
141339332677462 -30.581251 29.250002 25.518751 
141339352677462 -30.918751 28.931252 25.275002 
141339372677462 -30.975000 28.950001 24.768751 
141339392677462 -31.237501 29.137501 24.075001 
141339412677462 -31.218752 29.568750 23.493752 
141339432677462 -31.162500 30.281252 22.500000 
141339452677462 -31.218752 31.387501 21.093750 
141339472677462 -31.068750 32.156250 19.837502 
141339492677462 -30.731251 33.562500 18.262501 
141339512677462 -29.981251 34.875000 16.893751 
141339532677462 -29.568750 36.225002 15.525001 
141339552677462 -29.006250 37.350002 14.306251 
141339572677462 -27.956251 38.362503 12.806251 
141339592677462 -27.018751 39.206253 11.493751 
141339612677462 -25.987501 40.312500 10.312500 
141339632677462 -25.312502 41.193752 8.981251 
141339652677462 -24.693750 41.231251 7.312500 
141339672677462 -23.925001 41.700001 6.018750 
141339692677462 -23.043751 42.131252 4.687500 
141339712677462 -22.293751 42.468750 3.318750 
141339732677462 -22.012501 42.993752 2.043750 
141339752677462 -21.975000 43.500000 0.881250 
141339772677462 -21.825001 43.518753 0.131250 
141339792677462 -21.450001 43.518753 -0.525000 
141339812677462 -21.393751 43.687500 -1.068750 
141339832677462 -21.581251 43.987503 -1.425000 
141339852677462 -21.693750 43.912502 -1.406250 
141339872677462 -21.562500 44.212502 -1.125000 
141339892677462 -21.693750 44.137501 -0.675000 
141339912677462 -21.787500 44.118752 -0.187500 
141339932677462 -22.012501 44.043751 0.243750 
141339952677462 -22.687500 43.856251 0.956250 
141339972677462 -23.268751 43.443752 1.800000 
141339992677462 -23.700001 42.937500 2.925000 
141340012677462 -24.206251 42.543751 4.181250 
141340032677462 -24.937502 41.662502 5.362500 
141340052677462 -25.443750 40.931252 6.487500 
141340072677462 -25.950001 40.200001 7.800000 
141340092677462 -26.568750 39.375000 9.112500 
141340112677462 -27.168751 38.456253 10.631250 
141340132677462 -27.862501 37.612503 12.225000 
141340152677462 -28.668751 36.581253 13.781251 
141340172677462 -29.381250 35.456253 15.243751 
141340192677462 -30.000002 34.481251 16.631250 
141340212677462 -30.918751 33.300003 18.018751 
141340232677462 -31.518751 32.006252 19.518751 
141340252677462 -32.306252 30.825001 21.075001 
141340272677462 -33.337502 29.850000 21.956251 
141340292677462 -33.543751 28.893751 22.537500 
141340312677462 -33.862503 27.787500 23.212502 
141340332677462 -34.181252 27.075001 23.643751 
141340352677462 -34.668751 26.418751 23.868752 
141340372677462 -35.043751 26.212502 23.981251 
141340392677462 -35.250000 26.006250 23.531250 
141340412677462 -35.400002 25.950001 22.762501 
141340432677462 -35.868752 26.343752 21.881250 
141340452677462 -36.243752 26.700001 21.093750 
141340472677462 -36.450001 27.581251 19.687500 
141340492677462 -36.956253 28.350000 17.662500 
141340512677462 -37.068752 29.043751 16.087502 
141340532677462 -36.881252 29.925001 14.306251 
141340552677462 -36.937500 31.218752 12.637501 
141340572677462 -36.581253 32.437500 10.856251 
141340592677462 -35.850002 33.768753 9.262501 
141340612677462 -35.250000 35.043751 7.462500 
141340632677462 -34.631252 36.150002 5.906250 
141340652677462 -33.806252 37.143753 4.331250 
141340672677462 -33.225002 38.118752 2.981250 
141340692677462 -32.568752 38.887501 1.687500 
141340712677462 -31.631250 39.675003 0.487500 
141340732677462 -30.918751 40.368752 -0.712500 
141340752677462 -30.375002 40.875000 -1.987500 
141340772677462 -29.887501 41.287502 -3.000000 
141340792677462 -29.493752 41.718750 -3.993750 
141340812677462 -29.081251 42.187500 -4.687500 
141340832677462 -29.006250 42.487503 -4.968750 
141340852677462 -28.837502 42.731251 -5.287500 
141340872677462 -28.762501 42.562500 -5.550000 
141340892677462 -28.800001 42.637501 -5.343750 
141340912677462 -28.537500 42.712502 -4.725000 
141340932677462 -28.725000 42.412502 -4.406250 
141340952677462 -28.893751 42.243752 -3.731250 
141340972677462 -29.475000 41.587502 -2.831250 
141340992677462 -29.531252 41.062500 -2.137500 
141341012677462 -29.756250 40.743752 -1.350000 
141341032677462 -30.225000 40.275002 -0.131250 
141341052677462 -30.937502 39.693752 0.862500 
141341072677462 -31.875002 38.906250 1.968750 
141341092677462 -32.512501 38.268753 3.450000 
141341112677462 -33.018753 37.331253 5.006250 
141341132677462 -33.543751 36.712502 6.562500 
141341152677462 -34.518753 35.756252 8.362500 
141341172677462 -35.212502 34.443752 10.350000 
141341192677462 -35.793751 33.412502 11.793751 
141341212677462 -36.018753 32.062500 13.481251 
141341232677462 -36.206253 30.918751 14.962501 
141341252677462 -36.562500 29.681252 16.293751 
141341272677462 -37.162502 28.631250 17.287500 
141341292677462 -37.312500 27.450001 17.887501 
141341312677462 -37.387501 26.531252 18.356251 
141341332677462 -37.856251 25.687502 18.731251 
141341352677462 -38.175003 25.125002 18.993752 
141341372677462 -38.325001 24.525002 19.106251 
141341392677462 -38.737503 24.168751 18.750000 
141341412677462 -38.831253 23.981251 18.018751 
141341432677462 -38.793751 23.906250 17.362501 
141341452677462 -38.981251 24.131250 16.350000 
141341472677462 -38.943752 24.393751 15.187501 
141341492677462 -38.456253 25.031252 13.443750 
141341512677462 -38.137501 25.556252 11.962501 
141341532677462 -37.856251 26.306252 10.237500 
141341552677462 -37.256252 27.337502 8.737500 
141341572677462 -36.468750 28.612501 7.687500 
141341592677462 -35.475002 29.718752 6.337500 
141341612677462 -34.518753 30.712502 5.175000 
141341632677462 -33.543751 31.912500 4.087500 
141341652677462 -32.418751 33.581253 3.075000 
141341672677462 -31.481251 34.631252 2.250000 
141341692677462 -30.450001 35.700001 1.200000 
141341712677462 -29.568750 36.450001 0.431250 
141341732677462 -28.856251 37.125000 -0.581250 
141341752677462 -28.068750 37.987503 -1.050000 
141341772677462 -27.450001 38.643753 -1.612500 
141341792677462 -26.906252 39.262501 -2.100000 
141341812677462 -26.400002 39.750000 -2.456250 
141341832677462 -26.193750 40.012501 -2.868750 
141341852677462 -26.043751 40.200001 -2.831250 
141341872677462 -25.987501 40.181252 -2.662500 
141341892677462 -26.156252 39.900002 -2.493750 
141341912677462 -26.550001 39.581253 -2.193750 
141341932677462 -26.850000 39.225002 -1.762500 
141341952677462 -27.131250 38.718750 -1.031250 
141341972677462 -27.506250 38.231251 -0.356250 
141341992677462 -27.881250 37.575001 0.843750 
141342012677462 -28.331251 36.675003 1.818750 
141342032677462 -28.875002 35.943752 2.737500 
141342052677462 -29.475000 35.362503 3.956250 
141342072677462 -29.981251 34.293751 4.893750 
141342092677462 -30.712502 33.300003 6.150000 
141342112677462 -31.500002 31.556252 7.443750 
141342132677462 -32.362503 30.112501 8.662500 
141342152677462 -33.000000 28.837502 9.675000 
141342172677462 -33.993752 27.787500 11.118751 
141342192677462 -34.818752 26.306252 12.525001 
141342212677462 -35.306252 24.750002 13.800000 
141342232677462 -35.868752 23.681252 15.168751 
141342252677462 -36.150002 22.650002 16.387501 
141342272677462 -36.300003 21.900002 17.456251 
141342292677462 -36.506252 21.131250 18.281250 
141342312677462 -36.731251 20.493752 18.918751 
141342332677462 -36.731251 19.987501 19.087502 
141342352677462 -36.731251 19.800001 19.012501 
141342372677462 -36.600002 20.025002 18.900002 
141342392677462 -36.731251 20.062500 18.487501 
141342412677462 -36.956253 20.137501 17.681252 
141342432677462 -37.012501 20.643751 16.968750 
141342452677462 -36.787502 21.262501 15.881250 
141342472677462 -36.675003 22.237501 14.587501 
141342492677462 -36.937500 23.287500 13.050000 
141342512677462 -36.618752 24.131250 11.643750 
141342532677462 -36.281250 25.050001 10.050000 
141342552677462 -35.718750 26.156252 8.662500 
141342572677462 -34.781250 27.562502 7.087500 
141342592677462 -33.806252 28.762501 5.512500 
141342612677462 -33.112503 30.000002 4.368750 
141342632677462 -32.437500 31.031252 3.206250 
141342652677462 -31.725000 31.912500 2.025000 
141342672677462 -30.900002 33.075001 1.068750 
141342692677462 -30.337502 33.637501 0.018750 
141342712677462 -29.868752 34.143753 -1.162500 
141342732677462 -29.606251 34.406250 -1.687500 
141342752677462 -29.512501 34.631252 -2.137500 
141342772677462 -29.400002 34.593750 -2.625000 
141342792677462 -29.475000 34.425003 -2.943750 
141342812677462 -29.231251 34.368752 -3.000000 
141342832677462 -29.100000 34.331253 -3.075000 
141342852677462 -29.362501 34.312500 -2.906250 
141342872677462 -29.400002 34.200001 -2.606250 
141342892677462 -29.568750 33.956253 -2.325000 
141342912677462 -29.887501 33.468750 -2.100000 
141342932677462 -30.225000 32.962502 -2.100000 
141342952677462 -30.356251 32.737503 -1.725000 
141342972677462 -30.937502 32.381252 -1.256250 
141342992677462 -31.575001 31.556252 -0.768750 
141343012677462 -31.931252 31.068750 -0.225000 
141343032677462 -32.606251 30.150002 0.450000 
141343052677462 -33.375000 29.437502 1.256250 
141343072677462 -34.687500 27.825001 1.931250 
141343092677462 -35.456253 26.850000 3.075000 
141343112677462 -36.356251 25.518751 4.143750 
141343132677462 -37.162502 23.831251 5.287500 
141343152677462 -38.006252 22.518751 6.768750 
141343172677462 -38.737503 20.793751 8.325001 
141343192677462 -39.543751 19.331251 9.918751 
141343212677462 -39.956253 17.943750 11.550000 
141343232677462 -40.368752 16.818750 13.050000 
141343252677462 -40.387501 15.825001 14.475000 
141343272677462 -40.650002 14.962501 15.506250 
141343292677462 -40.481251 14.643750 16.218750 
141343312677462 -40.331253 14.343751 16.500000 
141343332677462 -40.350002 14.643750 16.368752 
141343352677462 -40.481251 15.262501 15.656251 
141343372677462 -40.293751 15.768750 14.681251 
141343392677462 -40.462502 16.575001 13.443750 
141343412677462 -40.668751 17.568750 12.131250 
141343432677462 -40.087502 18.637501 10.593750 
141343452677462 -40.106251 20.268751 9.056251 
141343472677462 -40.068752 21.600000 7.462500 
141343492677462 -39.675003 22.781250 6.018750 
141343512677462 -39.037502 23.812500 4.650000 
141343532677462 -38.700001 25.068750 3.281250 
141343552677462 -37.687500 26.231251 1.856250 
141343572677462 -36.993752 27.412500 0.581250 
141343592677462 -36.412502 28.612501 -0.562500 
141343612677462 -35.868752 29.587502 -1.631250 
141343632677462 -34.931252 30.356251 -2.643750 
141343652677462 -34.293751 30.975000 -3.656250 
141343672677462 -33.806252 31.593752 -4.725000 
141343692677462 -33.281250 32.025002 -5.662500 
141343712677462 -33.000000 32.418751 -6.393750 
141343732677462 -32.400002 32.793751 -7.237500 
141343752677462 -32.043751 32.962502 -7.743750 
141343772677462 -31.762501 33.150002 -8.006250 
141343792677462 -31.668751 33.431252 -8.156250 
141343812677462 -31.500002 33.600002 -8.175000 
141343832677462 -31.331251 33.712502 -7.856250 
141343852677462 -31.106251 33.843750 -7.481250 
141343872677462 -31.162500 33.900002 -6.806250 
141343892677462 -31.256250 33.693752 -5.887500 
141343912677462 -31.556252 33.806252 -4.800000 
141343932677462 -31.668751 33.487503 -3.993750 
141343952677462 -32.006252 33.112503 -3.093750 
141343972677462 -32.512501 32.906250 -1.893750 
141343992677462 -33.131252 32.325001 -0.581250 
141344012677462 -33.750000 31.687502 0.787500 
141344032677462 -34.143753 30.731251 2.418750 
141344052677462 -34.856251 29.887501 3.768750 
141344072677462 -35.456253 28.837502 5.100000 
141344092677462 -36.150002 27.843752 6.937500 
141344112677462 -36.637501 26.512501 8.756250 
141344132677462 -36.806252 25.087502 10.687500 
141344152677462 -37.312500 23.756250 12.581250 
141344172677462 -37.500000 22.443750 14.400001 
141344192677462 -37.556252 21.093750 15.975000 
141344212677462 -37.612503 19.875000 17.568750 
141344232677462 -37.818752 18.600000 18.862501 
141344252677462 -37.837502 17.662500 19.743752 
141344272677462 -37.968750 17.156250 20.287500 
141344292677462 -38.137501 16.706251 20.456251 
141344312677462 -38.700001 16.725000 20.268751 
141344332677462 -39.037502 16.556252 19.800001 
141344352677462 -39.300003 17.062500 19.218750 
141344372677462 -39.393753 17.775002 18.112501 
141344392677462 -39.262501 18.618752 16.893751 
141344412677462 -39.412502 19.462502 15.543751 
141344432677462 -39.131252 20.475000 14.287500 
141344452677462 -38.962502 21.675001 12.806251 
141344472677462 -38.568752 22.668751 11.043751 
141344492677462 -37.968750 24.112501 9.618751 
141344512677462 -37.575001 25.125002 8.137501 
141344532677462 -37.256252 26.156252 6.993750 
141344552677462 -36.768753 27.112501 5.737500 
141344572677462 -36.187500 28.031252 4.443750 
141344592677462 -35.943752 28.856251 3.093750 
141344612677462 -35.550003 29.831251 1.781250 
141344632677462 -35.268753 30.356251 0.675000 
141344652677462 -35.100002 30.750002 -0.356250 
141344672677462 -34.650002 31.031252 -1.350000 
141344692677462 -34.293751 31.293751 -2.325000 
141344712677462 -34.087502 31.537500 -3.000000 
141344732677462 -33.937500 31.687502 -3.431250 
141344752677462 -33.787502 31.631250 -3.862500 
141344772677462 -33.750000 31.556252 -3.881250 
141344792677462 -33.768753 31.350000 -3.843750 
141344812677462 -33.843750 31.087502 -3.900000 
141344832677462 -33.975002 30.675001 -3.806250 
141344852677462 -34.443752 30.206251 -3.562500 
141344872677462 -34.950001 29.700001 -3.600000 
141344892677462 -35.118752 29.381250 -3.281250 
141344912677462 -35.568752 29.006250 -2.756250 
141344932677462 -35.943752 28.406252 -2.268750 
141344952677462 -36.412502 27.843752 -1.687500 
141344972677462 -36.900002 27.168751 -0.900000 
141344992677462 -37.650002 26.437502 -0.037500 
141345012677462 -37.950001 25.462502 0.918750 
141345032677462 -38.887501 24.337502 2.287500 
141345052677462 -39.806252 23.193750 3.375000 
141345072677462 -40.312500 21.862501 4.556250 
141345092677462 -41.043751 20.381250 5.850000 
141345112677462 -41.437500 18.937500 7.275000 
141345132677462 -42.037502 17.531250 8.550000 
141345152677462 -42.375000 16.331251 9.900001 
141345172677462 -42.806252 14.943750 11.062500 
141345192677462 -43.125000 13.762501 11.943750 
141345212677462 -43.031250 12.412500 12.787500 
141345232677462 -43.143753 11.531250 13.593751 
141345252677462 -43.237503 10.912500 14.006250 
141345272677462 -43.556252 10.481251 13.987500 
141345292677462 -43.800003 10.125000 13.893750 
141345312677462 -43.818752 10.181251 13.443750 
141345332677462 -44.118752 10.781250 12.675000 
141345352677462 -44.175003 11.568750 12.056251 
141345372677462 -44.343750 12.675000 11.043751 
141345392677462 -44.493752 13.575001 9.825001 
141345412677462 -43.987503 14.775001 8.737500 
141345432677462 -43.650002 16.050001 7.687500 
141345452677462 -43.087502 17.493752 6.450000 
141345472677462 -42.581253 18.693750 5.362500 
141345492677462 -41.831253 19.856251 4.425000 
141345512677462 -41.437500 21.187500 3.262500 
141345532677462 -40.593750 22.275002 2.250000 
141345552677462 -39.862503 23.437500 1.256250 
141345572677462 -39.300003 24.525002 0.206250 
141345592677462 -38.662502 25.425001 -0.862500 
141345612677462 -38.100002 26.175001 -1.800000 
141345632677462 -37.818752 27.093752 -2.718750 
141345652677462 -37.575001 27.750002 -3.675000 
141345672677462 -37.237503 28.143751 -4.593750 
141345692677462 -37.237503 28.481251 -5.287500 
141345712677462 -36.937500 28.743752 -5.718750 
141345732677462 -36.956253 28.856251 -6.506250 
141345752677462 -37.031250 28.912500 -6.750000 
141345772677462 -37.293751 29.062502 -6.806250 
141345792677462 -37.218750 28.818750 -6.900000 
141345812677462 -37.068752 28.668751 -6.918750 
141345832677462 -37.012501 28.368752 -6.675000 
141345852677462 -37.050003 28.256250 -6.581250 
141345872677462 -37.443752 28.050001 -6.375000 
141345892677462 -37.481251 27.825001 -5.625000 
141345912677462 -37.650002 27.543751 -5.231250 
141345932677462 -37.781250 27.168751 -4.800000 
141345952677462 -38.043751 26.906252 -4.162500 
141345972677462 -38.475002 26.493752 -2.925000 
141345992677462 -38.793751 26.212502 -1.931250 
141346012677462 -39.018753 25.593752 -0.637500 
141346032677462 -39.562500 24.243752 0.881250 
141346052677462 -40.012501 23.418751 2.568750 
141346072677462 -40.331253 22.537500 4.537500 
141346092677462 -40.537502 21.150002 6.787500 
141346112677462 -40.781250 19.743752 9.318750 
141346132677462 -40.912502 18.168751 11.493751 
141346152677462 -42.168751 16.500000 13.387501 
141346172677462 -42.318752 14.981251 15.450001 
141346192677462 -42.300003 13.875001 16.856251 
141346212677462 -42.131252 12.487500 18.243752 
141346232677462 -42.187500 11.550000 19.350000 
141346252677462 -41.962502 11.081250 19.987501 
141346272677462 -42.187500 10.837501 20.062500 
141346292677462 -42.393753 11.043751 19.912500 
141346312677462 -42.431252 11.512501 19.462502 
141346332677462 -42.581253 12.056251 18.768751 
141346352677462 -42.768753 12.918751 17.831251 
141346372677462 -42.881252 13.931251 16.650002 
141346392677462 -42.825001 14.925000 15.393750 
141346412677462 -43.087502 15.956250 13.818750 
141346432677462 -42.956253 17.081251 12.468751 
141346452677462 -43.256252 18.656250 10.818750 
141346472677462 -43.368752 19.725000 9.150001 
141346492677462 -43.050003 20.943750 7.725000 
141346512677462 -42.712502 21.956251 6.337500 
141346532677462 -42.525002 23.043751 5.006250 
141346552677462 -42.000000 24.093752 3.618750 
141346572677462 -41.587502 25.106251 2.325000 
141346592677462 -41.325001 25.800001 1.050000 
141346612677462 -41.156250 26.268751 0.168750 
141346632677462 -40.800003 26.925001 -1.050000 
141346652677462 -40.687500 27.450001 -2.137500 
141346672677462 -40.500000 27.750002 -2.887500 
141346692677462 -40.350002 28.200001 -3.581250 
141346712677462 -40.593750 28.443750 -4.256250 
141346732677462 -40.631252 28.518751 -4.818750 
141346752677462 -40.387501 28.668751 -5.175000 
141346772677462 -40.237503 28.875002 -5.268750 
141346792677462 -40.162502 28.668751 -4.912500 
141346812677462 -40.350002 28.481251 -4.762500 
141346832677462 -40.500000 28.406252 -4.631250 
141346852677462 -40.800003 27.993752 -4.312500 
141346872677462 -40.837502 27.656252 -3.881250 
141346892677462 -41.062500 27.356251 -3.206250 
141346912677462 -41.456253 26.812502 -2.643750 
141346932677462 -41.887501 26.193750 -2.025000 
141346952677462 -42.581253 25.537500 -1.256250 
141346972677462 -42.918751 24.712502 -0.318750 
141346992677462 -43.387501 23.700001 0.656250 
141347012677462 -43.875000 22.743752 1.668750 
141347032677462 -44.268753 21.581251 2.587500 
141347052677462 -44.850002 20.306252 3.825000 
141347072677462 -45.375000 18.975000 5.137500 
141347092677462 -45.806252 17.362501 6.581250 
141347112677462 -45.993752 15.937501 8.006250 
141347132677462 -46.106251 14.493751 9.543751 
141347152677462 -46.293751 12.975000 10.875000 
141347172677462 -46.406250 11.531250 12.356251 
141347192677462 -46.518753 9.975000 13.818750 
141347212677462 -46.537502 8.568750 15.018750 
141347232677462 -46.312500 7.537500 15.975000 
141347252677462 -46.293751 6.787500 16.593750 
141347272677462 -46.443752 6.412500 16.875000 
141347292677462 -46.612503 6.037500 16.893751 
141347312677462 -46.537502 6.206250 16.687500 
141347332677462 -46.462502 6.450000 16.218750 
141347352677462 -46.443752 7.031250 15.487500 
141347372677462 -46.312500 7.875000 14.662500 
141347392677462 -46.500000 8.700001 13.837501 
141347412677462 -46.500000 9.750000 12.862500 
141347432677462 -46.293751 10.837501 11.587501 
141347452677462 -46.200001 12.300000 10.368751 
141347472677462 -46.031250 13.537500 9.318750 
141347492677462 -45.843750 14.718751 8.325001 
141347512677462 -45.543751 15.993751 7.256250 
141347532677462 -45.393753 17.437500 6.337500 
141347552677462 -45.075001 18.993752 5.268750 
141347572677462 -44.662502 20.306252 4.275000 
141347592677462 -44.212502 21.262501 3.731250 
141347612677462 -43.781250 22.125000 2.925000 
141347632677462 -43.931252 23.062500 1.912500 
141347652677462 -43.518753 23.962502 1.237500 
141347672677462 -43.462502 24.825001 0.693750 
141347692677462 -43.162502 25.331251 -0.075000 
141347712677462 -42.825001 25.537500 -0.543750 
141347732677462 -42.768753 25.837502 -0.975000 
141347752677462 -42.787502 26.175001 -1.293750 
141347772677462 -42.731251 26.343752 -1.387500 
141347792677462 -42.600002 26.400002 -1.518750 
141347812677462 -42.581253 26.250002 -1.781250 
141347832677462 -42.506252 25.950001 -1.537500 
141347852677462 -42.712502 25.406252 -1.050000 
141347872677462 -43.031250 25.031252 -0.750000 
141347892677462 -42.956253 24.506250 -0.112500 
141347912677462 -42.993752 24.000000 0.468750 
141347932677462 -43.237503 23.400002 1.181250 
141347952677462 -43.500000 22.593750 2.025000 
141347972677462 -43.837502 21.656250 2.925000 
141347992677462 -44.137501 20.681252 3.712500 
141348012677462 -44.362503 19.856251 4.518750 
141348032677462 -44.137501 18.600000 5.812500 
141348052677462 -44.587502 17.381250 6.937500 
141348072677462 -44.812500 15.862500 8.043751 
141348092677462 -44.943752 14.325001 9.225000 
141348112677462 -45.000000 12.881250 10.575001 
141348132677462 -45.225002 11.400001 12.112500 
141348152677462 -45.375000 9.731251 13.218751 
141348172677462 -45.300003 8.006250 14.606251 
141348192677462 -44.943752 6.581250 15.768750 
141348212677462 -44.718750 5.062500 16.912500 
141348232677462 -44.512501 3.956250 17.887501 
141348252677462 -44.287502 2.793750 18.843750 
141348272677462 -44.156250 1.837500 19.462502 
141348292677462 -43.912502 1.181250 19.781250 
141348312677462 -43.800003 0.525000 20.193750 
141348332677462 -43.725002 0.281250 19.931252 
141348352677462 -43.818752 0.168750 20.043751 
141348372677462 -43.987503 0.337500 19.612501 
141348392677462 -44.212502 0.281250 18.937500 
141348412677462 -44.493752 0.637500 18.075001 
141348432677462 -44.793751 0.975000 17.306252 
141348452677462 -45.131252 1.368750 16.687500 
141348472677462 -45.393753 1.893750 15.843751 
141348492677462 -45.675003 2.156250 15.206250 
141348512677462 -46.143753 2.193750 14.268750 
141348532677462 -46.387501 1.856250 13.725000 
141348552677462 -46.593750 1.912500 13.293751 
141348572677462 -46.781250 1.425000 13.106251 
141348592677462 -46.968750 0.956250 12.900001 
141348612677462 -46.762501 0.412500 12.693750 
141348632677462 -46.837502 -0.150000 12.768750 
141348652677462 -46.800003 -0.712500 12.750001 
141348672677462 -46.687500 -1.293750 12.750001 
141348692677462 -46.631252 -1.912500 12.787500 
141348712677462 -46.500000 -2.737500 13.031251 
141348732677462 -46.443752 -3.450000 12.900001 
141348752677462 -46.443752 -4.087500 12.787500 
141348772677462 -46.518753 -4.612500 12.581250 
141348792677462 -46.668751 -5.287500 12.243751 
141348812677462 -46.912502 -5.887500 12.037500 
141348832677462 -47.062500 -6.393750 11.831250 
141348852677462 -47.062500 -6.806250 11.212501 
141348872677462 -47.287502 -6.843750 10.706250 
141348892677462 -47.568752 -6.693750 9.881250 
141348912677462 -46.743752 -6.131250 10.087501 
141348932677462 -47.193752 -6.168750 9.581250 
141348952677462 -47.212502 -5.925000 8.831250 
141348972677462 -47.343750 -5.756250 8.287500 
141348992677462 -47.512501 -5.718750 7.425000 
141349012677462 -47.568752 -5.568750 6.993750 
141349032677462 -47.812500 -5.700000 6.131250 
141349052677462 -47.625000 -6.112500 5.850000 
141349072677462 -47.643753 -6.300000 5.268750 
141349092677462 -47.681252 -6.618750 4.875000 
141349112677462 -47.756252 -6.956250 4.687500 
141349132677462 -47.812500 -7.406250 4.425000 
141349152677462 -47.681252 -7.725000 4.593750 
141349172677462 -47.868752 -8.250000 4.631250 
141349192677462 -47.718750 -8.850000 5.081250 
141349212677462 -48.056252 -9.037500 5.381250 
141349232677462 -48.075001 -9.187500 5.812500 
141349252677462 -47.775002 -9.337501 6.168750 
141349272677462 -47.812500 -9.412500 6.543750 
141349292677462 -47.700001 -9.243751 7.050000 
141349312677462 -48.093754 -8.831250 7.162500 
141349332677462 -48.037502 -8.156250 7.200000 
141349352677462 -48.225002 -7.368750 7.106250 
141349372677462 -48.225002 -6.581250 6.993750 
141349392677462 -48.225002 -5.868750 6.656250 
141349412677462 -48.506252 -5.062500 6.431250 
141349432677462 -48.618752 -4.143750 6.168750 
141349452677462 -48.637501 -3.393750 5.887500 
141349472677462 -48.562504 -2.962500 5.868750 
141349492677462 -48.731251 -2.475000 6.056250 
141349512677462 -48.675003 -2.118750 6.187500 
141349532677462 -48.656254 -1.743750 6.356250 
141349552677462 -48.581253 -1.481250 6.918750 
141349572677462 -48.581253 -1.425000 7.012500 
141349592677462 -48.487503 -1.556250 7.443750 
141349612677462 -48.637501 -1.593750 7.668750 
141349632677462 -48.450001 -1.856250 8.175000 
141349652677462 -48.318752 -2.343750 8.775001 
141349672677462 -48.262501 -2.681250 9.393750 
141349692677462 -48.037502 -3.187500 9.993751 
141349712677462 -47.868752 -3.862500 10.537500 
141349732677462 -47.437500 -4.275000 11.175000 
141349752677462 -47.156250 -4.837500 11.643750 
141349772677462 -46.856251 -5.381250 12.412500 
141349792677462 -46.518753 -5.512500 12.825001 
141349812677462 -46.612503 -5.606250 13.106251 
141349832677462 -46.593750 -5.568750 13.275001 
141349852677462 -46.631252 -5.456250 13.368751 
141349872677462 -46.575001 -5.250000 13.443750 
141349892677462 -46.706253 -5.025000 13.650001 
141349912677462 -46.537502 -4.781250 13.781251 
141349932677462 -46.350002 -4.593750 13.781251 
141349952677462 -46.312500 -4.350000 13.968751 
141349972677462 -45.787502 -4.256250 13.987500 
141349992677462 -45.450001 -4.312500 14.343751 
141350012677462 -45.187500 -4.650000 14.925000 
141350032677462 -45.000000 -4.875000 15.187501 
141350052677462 -44.606251 -5.250000 15.637501 
141350072677462 -44.325001 -5.568750 16.087502 
141350092677462 -44.043751 -5.868750 16.650002 
141350112677462 -43.781250 -6.431250 17.025002 
141350132677462 -43.462502 -6.993750 17.437500 
141350152677462 -43.537502 -8.100000 18.168751 
141350172677462 -43.237503 -8.718750 18.337502 
141350192677462 -42.975002 -9.075001 18.900002 
141350212677462 -42.806252 -9.693750 19.331251 
141350232677462 -42.525002 -10.200001 19.687500 
141350252677462 -42.131252 -10.893750 19.950001 
141350272677462 -41.531250 -11.437500 20.118752 
141350292677462 -41.343750 -11.887501 20.381250 
141350312677462 -41.193752 -11.981251 20.118752 
141350332677462 -41.025002 -11.962501 20.287500 
141350352677462 -40.856251 -12.300000 20.287500 
141350372677462 -41.025002 -12.318750 19.950001 
141350392677462 -41.212502 -12.581250 19.856251 
141350412677462 -41.512501 -12.637501 19.725000 
141350432677462 -42.093750 -12.750001 19.781250 
141350452677462 -42.262501 -12.787500 19.537500 
141350472677462 -42.506252 -12.843751 19.425001 
141350492677462 -42.543751 -13.087501 19.425001 
141350512677462 -41.793751 -13.087501 19.050001 
141350532677462 -41.756252 -13.443750 19.125000 
141350552677462 -41.887501 -13.593751 19.143751 
141350572677462 -41.868752 -13.743751 18.993752 
141350592677462 -41.625000 -14.025001 18.956251 
141350612677462 -41.381252 -14.193750 19.031250 
141350632677462 -41.212502 -14.681251 19.256250 
141350652677462 -40.950001 -14.868751 19.443750 
141350672677462 -40.706253 -15.281251 19.706251 
141350692677462 -40.500000 -15.618751 20.043751 
141350712677462 -40.256252 -15.881250 20.156250 
141350732677462 -39.918751 -16.181252 20.418751 
141350752677462 -39.918751 -16.275002 20.625000 
141350772677462 -39.787502 -16.500000 20.831251 
141350792677462 -39.731251 -16.556252 20.868752 
141350812677462 -39.768753 -16.875000 20.756250 
141350832677462 -39.843750 -16.893751 20.681252 
141350852677462 -39.956253 -16.931252 20.681252 
141350872677462 -40.031250 -17.100000 20.587502 
141350892677462 -40.200001 -17.100000 20.437500 
141350912677462 -40.106251 -17.306252 20.156250 
141350932677462 -40.275002 -17.418751 19.893751 
141350952677462 -40.425003 -17.643751 19.856251 
141350972677462 -40.537502 -17.662500 19.800001 
141350992677462 -40.593750 -17.850000 19.800001 
141351012677462 -40.500000 -17.981251 19.612501 
141351032677462 -40.650002 -18.093750 19.593750 
141351052677462 -40.912502 -18.431252 19.631250 
141351072677462 -40.875000 -18.600000 19.687500 
141351092677462 -40.875000 -18.843750 19.781250 
141351112677462 -40.912502 -18.975000 19.650002 
141351132677462 -40.837502 -19.312500 19.800001 
141351152677462 -40.668751 -19.406250 19.893751 
141351172677462 -40.462502 -19.612501 20.006250 
141351192677462 -39.937500 -19.837502 19.931252 
141351212677462 -39.712502 -20.100000 20.006250 
141351232677462 -39.712502 -20.418751 20.175001 
141351252677462 -39.337502 -20.587502 20.343750 
141351272677462 -39.000000 -20.793751 20.568750 
141351292677462 -38.718750 -20.831251 20.418751 
141351312677462 -38.681252 -21.018751 20.418751 
141351332677462 -38.606251 -20.906250 20.456251 
141351352677462 -38.606251 -21.000000 20.718750 
141351372677462 -38.456253 -20.718750 20.906250 
141351392677462 -38.268753 -20.587502 20.775002 
141351412677462 -38.306252 -20.625000 20.925001 
141351432677462 -38.418751 -20.625000 21.037500 
141351452677462 -38.362503 -20.718750 21.281250 
141351472677462 -38.193752 -20.718750 21.243752 
141351492677462 -38.062500 -21.037500 21.262501 
141351512677462 -37.837502 -20.943750 21.262501 
141351532677462 -37.781250 -21.131250 21.356251 
141351552677462 -37.687500 -21.262501 21.562500 
141351572677462 -37.650002 -21.468750 21.487501 
141351592677462 -37.275002 -21.600000 21.468750 
141351612677462 -37.143753 -21.862501 21.581251 
141351632677462 -37.087502 -21.918751 21.712502 
141351652677462 -36.881252 -21.937500 21.993752 
141351672677462 -36.825001 -22.031250 22.256250 
141351692677462 -36.543751 -22.218750 22.331251 
141351712677462 -36.112503 -22.331251 22.406250 
141351732677462 -35.793751 -22.387501 22.462502 
141351752677462 -35.662502 -22.462502 22.518751 
141351772677462 -35.531250 -22.275002 22.500000 
141351792677462 -35.775002 -22.387501 22.087502 
141351812677462 -35.475002 -22.462502 22.087502 
141351832677462 -35.250000 -22.556252 22.087502 
141351852677462 -34.875000 -22.556252 22.106251 
141351872677462 -34.743752 -22.650002 22.387501 
141351892677462 -34.612503 -22.706251 22.631250 
141351912677462 -34.368752 -22.650002 22.968750 
141351932677462 -34.181252 -22.856251 23.043751 
141351952677462 -34.031250 -23.006250 23.081251 
141351972677462 -34.162502 -23.250000 23.268751 
141351992677462 -33.787502 -23.268751 23.625000 
141352012677462 -33.731251 -23.400002 23.962502 
141352032677462 -33.468750 -23.456251 23.962502 
141352052677462 -33.225002 -23.643751 24.168751 
141352072677462 -32.831253 -23.718750 23.962502 
141352092677462 -32.737503 -23.775002 24.093752 
141352112677462 -32.643753 -23.868752 24.168751 
141352132677462 -32.193752 -23.812500 24.206251 
141352152677462 -32.287502 -23.868752 23.925001 
141352172677462 -32.156250 -23.943750 23.718750 
141352192677462 -32.437500 -23.943750 23.943750 
141352212677462 -32.531250 -23.831251 23.700001 
141352232677462 -32.756252 -24.075001 23.718750 
141352252677462 -32.606251 -24.187502 23.400002 
141352272677462 -32.512501 -24.131250 23.400002 
141352292677462 -32.643753 -24.150002 23.118752 
141352312677462 -32.625000 -24.131250 23.006250 
141352332677462 -32.400002 -24.131250 22.912500 
141352352677462 -32.325001 -24.037500 22.687500 
141352372677462 -32.343750 -23.906250 22.743752 
141352392677462 -32.250000 -23.662500 22.706251 
141352412677462 -32.212502 -23.643751 22.912500 
141352432677462 -32.437500 -23.568750 22.556252 
141352452677462 -32.381252 -23.625000 22.462502 
141352472677462 -32.531250 -23.662500 22.256250 
141352492677462 -33.056252 -23.906250 22.050001 
141352512677462 -33.300003 -24.000000 21.693750 
141352532677462 -33.300003 -24.243752 21.356251 
141352552677462 -33.656250 -24.393751 21.187500 
141352572677462 -33.900002 -24.412500 21.018751 
141352592677462 -33.975002 -24.450001 20.812500 
141352612677462 -34.293751 -24.412500 20.475000 
141352632677462 -34.350002 -24.637501 20.512501 
141352652677462 -34.425003 -24.618752 20.400002 
141352672677462 -34.425003 -24.806252 20.306252 
141352692677462 -34.556252 -24.768751 20.193750 
141352712677462 -34.387501 -24.693750 20.062500 
141352732677462 -34.425003 -24.450001 19.875000 
141352752677462 -34.725002 -24.487501 19.687500 
141352772677462 -34.762501 -24.487501 19.556252 
141352792677462 -34.912502 -24.375002 19.368752 
141352812677462 -34.931252 -24.131250 19.275002 
141352832677462 -34.800003 -23.925001 19.106251 
141352852677462 -35.062500 -23.831251 19.087502 
141352872677462 -35.156250 -24.018751 19.087502 
141352892677462 -35.231251 -24.412500 19.050001 
141352912677462 -35.062500 -24.656252 19.050001 
141352932677462 -35.325001 -24.825001 19.106251 
141352952677462 -35.343750 -24.862501 18.881250 
141352972677462 -35.362503 -24.975000 18.656250 
141352992677462 -35.531250 -25.200001 18.543751 
141353012677462 -35.700001 -25.162500 18.262501 
141353032677462 -36.037502 -25.256250 17.850000 
141353052677462 -36.318752 -25.237501 17.437500 
141353072677462 -36.468750 -25.012501 17.212502 
141353092677462 -36.393753 -24.937502 16.706251 
141353112677462 -36.562500 -25.012501 16.500000 
141353132677462 -36.562500 -24.918751 16.256250 
141353152677462 -36.975002 -24.918751 15.918751 
141353172677462 -37.068752 -24.881250 15.712501 
141353192677462 -37.312500 -24.806252 15.281251 
141353212677462 -37.556252 -24.637501 15.225000 
141353232677462 -38.006252 -24.768751 15.037500 
141353252677462 -38.268753 -24.881250 15.206250 
141353272677462 -38.493752 -24.806252 14.925000 
141353292677462 -39.150002 -24.843752 14.737500 
141353312677462 -39.168751 -24.712502 14.775001 
141353332677462 -39.543751 -24.825001 14.756250 
141353352677462 -39.656250 -24.393751 14.962501 
141353372677462 -39.918751 -24.281252 14.737500 
141353392677462 -40.106251 -24.112501 14.625001 
141353412677462 -40.331253 -23.812500 14.362500 
141353432677462 -40.593750 -23.718750 14.456250 
141353452677462 -40.668751 -23.456251 14.418751 
141353472677462 -40.856251 -23.512501 14.381250 
141353492677462 -40.818752 -23.643751 13.875001 
141353512677462 -40.968750 -23.718750 13.743751 
141353532677462 -40.837502 -23.756250 13.631250 
141353552677462 -40.837502 -23.662500 13.331250 
141353572677462 -40.875000 -23.793751 13.087501 
141353592677462 -41.062500 -23.625000 12.918751 
141353612677462 -40.837502 -23.718750 12.468751 
141353632677462 -40.743752 -23.606251 12.187501 
141353652677462 -40.856251 -23.381250 12.225000 
141353672677462 -41.137501 -23.456251 11.925000 
141353692677462 -41.568752 -23.381250 11.887501 
141353712677462 -41.681252 -23.475000 11.812500 
141353732677462 -41.718750 -23.231251 11.643750 
141353752677462 -41.718750 -23.250000 11.325001 
141353772677462 -41.925003 -23.306252 11.681251 
141353792677462 -42.281250 -23.343750 11.606251 
141353812677462 -42.375000 -23.343750 11.362500 
141353832677462 -42.262501 -23.118752 11.306251 
141353852677462 -42.150002 -23.268751 10.837501 
141353872677462 -42.262501 -23.268751 10.593750 
141353892677462 -42.337502 -23.343750 10.668751 
141353912677462 -42.431252 -23.531250 10.331250 
141353932677462 -42.656250 -23.475000 9.618751 
141353952677462 -42.937500 -23.400002 9.150001 
141353972677462 -43.143753 -23.250000 8.718750 
141353992677462 -43.425003 -23.475000 8.025001 
141354012677462 -43.706253 -23.343750 7.706250 
141354032677462 -44.418751 -23.362501 7.875000 
141354052677462 -44.718750 -23.362501 6.900000 
141354072677462 -45.150002 -23.212502 6.393750 
141354092677462 -45.487503 -23.043751 5.850000 
141354112677462 -45.487503 -22.856251 5.175000 
141354132677462 -45.656250 -22.743752 4.818750 
141354152677462 -46.012501 -22.537500 4.518750 
141354172677462 -46.218750 -22.406250 4.106250 
141354192677462 -46.462502 -22.218750 3.468750 
141354212677462 -46.743752 -21.862501 3.131250 
141354232677462 -46.875000 -21.393751 2.831250 
141354252677462 -47.231251 -21.262501 2.550000 
141354272677462 -47.531250 -21.093750 2.287500 
141354292677462 -47.775002 -20.662500 1.706250 
141354312677462 -48.112503 -20.100000 1.200000 
141354332677462 -48.262501 -19.856251 0.675000 
141354352677462 -48.637501 -19.425001 0.150000 
141354372677462 -48.843754 -19.181252 -0.243750 
141354392677462 -49.068752 -18.956251 -0.656250 
141354412677462 -49.050003 -18.506250 -1.125000 
141354432677462 -49.275002 -17.906250 -1.668750 
141354452677462 -49.612503 -17.775002 -2.212500 
141354472677462 -49.987503 -17.737501 -2.625000 
141354492677462 -50.437504 -17.193750 -3.318750 
141354512677462 -50.512501 -16.800001 -3.768750 
141354532677462 -50.868752 -16.425001 -4.537500 
141354552677462 -51.431252 -16.162500 -5.418750 
141354572677462 -51.918751 -15.862500 -6.206250 
141354592677462 -52.481251 -15.656251 -6.918750 
141354612677462 -52.631252 -15.281251 -7.593750 
141354632677462 -52.743752 -14.925000 -8.250000 
141354652677462 -53.006252 -14.400001 -8.718750 
141354672677462 -53.325001 -13.893750 -9.168751 
141354692677462 -53.662502 -13.237500 -9.506250 
141354712677462 -53.662502 -12.675000 -9.693750 
141354732677462 -53.943752 -11.850000 -9.843750 
141354752677462 -54.037502 -10.950001 -10.106251 
141354772677462 -54.318752 -10.087501 -10.087501 
141354792677462 -54.131252 -8.718750 -9.356251 
141354812677462 -54.431252 -7.781250 -9.412500 
141354832677462 -54.637501 -6.937500 -9.618751 
141354852677462 -54.787502 -6.225000 -9.581250 
141354872677462 -54.900002 -5.306250 -9.656250 
141354892677462 -54.956253 -4.575000 -9.562500 
141354912677462 -55.068752 -4.031250 -9.637501 
141354932677462 -55.275002 -3.187500 -9.468750 
141354952677462 -55.275002 -2.587500 -9.506250 
141354972677462 -55.275002 -2.006250 -9.131250 
141354992677462 -55.443752 -1.293750 -9.018750 
141355012677462 -55.631252 -0.675000 -8.962501 
141355032677462 -55.593754 0.187500 -8.606251 
141355052677462 -55.556252 0.806250 -8.475000 
141355072677462 -55.500004 1.387500 -7.931250 
141355092677462 -55.387501 1.800000 -7.875000 
141355112677462 -55.481251 2.418750 -7.706250 
141355132677462 -55.237503 2.681250 -7.650000 
141355152677462 -55.125004 3.037500 -7.237500 
141355172677462 -54.787502 3.543750 -7.106250 
141355192677462 -54.693752 3.825000 -7.443750 
141355212677462 -54.618752 4.106250 -7.443750 
141355232677462 -54.656254 4.706250 -7.406250 
141355252677462 -54.525002 5.156250 -7.462500 
141355272677462 -54.543751 5.643750 -7.350000 
141355292677462 -54.487503 6.225000 -7.518750 
141355312677462 -54.281254 6.675000 -7.481250 
141355332677462 -54.506252 7.031250 -7.350000 
141355352677462 -54.581253 7.425000 -6.900000 
141355372677462 -54.693752 7.743750 -6.693750 
141355392677462 -54.375004 7.987500 -6.393750 
141355412677462 -54.393753 8.193750 -5.850000 
141355432677462 -54.150002 8.400001 -5.568750 
141355452677462 -54.393753 8.625000 -5.156250 
141355472677462 -54.150002 9.000000 -4.875000 
141355492677462 -53.793751 9.225000 -4.425000 
141355512677462 -53.643753 9.206250 -4.256250 
141355532677462 -53.418751 9.525001 -3.937500 
141355552677462 -53.437504 9.600000 -3.768750 
141355572677462 -53.493752 9.900001 -3.806250 
141355592677462 -53.362503 10.125000 -3.787500 
141355612677462 -53.118752 10.350000 -3.731250 
141355632677462 -53.156254 10.462501 -3.637500 
141355652677462 -53.081253 10.650001 -4.012500 
141355672677462 -53.081253 10.781250 -4.106250 
141355692677462 -53.118752 11.006250 -4.331250 
141355712677462 -52.875004 11.100000 -4.425000 
141355732677462 -52.687504 11.043751 -4.650000 
141355752677462 -52.518753 10.968750 -4.725000 
141355772677462 -52.575001 10.875000 -5.006250 
141355792677462 -52.518753 10.800000 -5.325000 
141355812677462 -52.650002 10.743751 -5.343750 
141355832677462 -52.725002 11.043751 -5.250000 
141355852677462 -52.537502 11.156250 -5.287500 
141355872677462 -52.443752 11.456250 -5.193750 
141355892677462 -52.237503 11.718750 -5.212500 
141355912677462 -52.462502 11.962501 -5.381250 
141355932677462 -52.312504 11.943750 -5.193750 
141355952677462 -52.368752 12.300000 -5.118750 
141355972677462 -52.256252 12.581250 -5.118750 
141355992677462 -51.900002 12.656251 -5.118750 
141356012677462 -51.975002 12.675000 -5.100000 
141356032677462 -51.731251 13.143750 -4.931250 
141356052677462 -51.843754 13.218751 -4.856250 
141356072677462 -51.543751 13.350000 -4.612500 
141356092677462 -51.450001 13.725000 -4.706250 
141356112677462 -51.375004 13.800000 -4.893750 
141356132677462 -51.318752 13.912500 -4.575000 
141356152677462 -51.356251 14.062501 -4.556250 
141356172677462 -51.150002 14.175000 -4.593750 
141356192677462 -50.981251 14.325001 -4.856250 
141356212677462 -50.793751 14.756250 -4.912500 
141356232677462 -50.906254 15.037500 -5.043750 
141356252677462 -50.906254 15.318750 -5.137500 
141356272677462 -50.681252 15.393750 -5.025000 
141356292677462 -50.493752 15.731251 -5.325000 
141356312677462 -50.606251 16.162500 -5.475000 
141356332677462 -50.550003 16.443750 -5.437500 
141356352677462 -50.606251 16.725000 -5.437500 
141356372677462 -50.568752 16.968750 -5.268750 
141356392677462 -50.381252 17.062500 -5.325000 
141356412677462 -50.175003 17.475000 -5.287500 
141356432677462 -50.156254 17.850000 -5.081250 
141356452677462 -50.175003 18.243752 -4.762500 
141356472677462 -49.706253 18.225000 -4.256250 
141356492677462 -49.575001 18.881250 -3.993750 
141356512677462 -49.256252 19.481251 -3.450000 
141356532677462 -49.143753 19.968750 -3.018750 
141356552677462 -48.937504 20.775002 -2.456250 
141356572677462 -48.468754 21.375000 -1.875000 
141356592677462 -48.037502 22.031250 -1.425000 
141356612677462 -47.568752 22.575001 -1.031250 
141356632677462 -47.006252 23.400002 -0.731250 
141356652677462 -46.631252 23.793751 -0.300000 
141356672677462 -46.612503 24.056252 -0.112500 
141356692677462 -46.200001 24.431252 -0.018750 
141356712677462 -46.012501 24.675001 0.450000 
141356732677462 -45.918751 24.768751 0.787500 
141356752677462 -45.937500 24.956251 1.387500 
141356772677462 -45.675003 24.956251 1.800000 
141356792677462 -45.543751 24.937502 2.475000 
141356812677462 -45.506252 25.125002 2.793750 
141356832677462 -45.206253 25.312502 3.525000 
141356852677462 -44.943752 25.575001 4.237500 
141356872677462 -45.000000 26.025002 5.006250 
141356892677462 -44.812500 26.437502 5.643750 
141356912677462 -44.362503 26.925001 6.000000 
141356932677462 -44.006252 27.787500 6.618750 
141356952677462 -43.593750 28.556252 7.087500 
141356972677462 -42.843750 29.268751 7.650000 
141356992677462 -42.262501 30.187502 7.706250 
141357012677462 -41.625000 30.825001 7.893750 
141357032677462 -41.025002 31.687502 7.875000 
141357052677462 -40.275002 32.475002 7.950000 
141357072677462 -39.675003 33.375000 7.912500 
141357092677462 -39.150002 33.975002 7.856250 
141357112677462 -38.568752 34.893753 7.800000 
141357132677462 -38.062500 35.625000 7.837500 
141357152677462 -37.537502 36.337502 8.081250 
141357172677462 -36.918751 37.256252 7.931250 
141357192677462 -37.050003 38.250000 8.700001 
141357212677462 -36.525002 39.187500 8.418751 
141357232677462 -36.037502 40.031250 8.250000 
141357252677462 -35.531250 41.156250 7.856250 
141357272677462 -35.081253 41.943752 7.293750 
141357292677462 -34.593750 42.862503 6.393750 
141357312677462 -34.256252 43.725002 5.118750 
141357332677462 -34.256252 44.587502 4.050000 
141357352677462 -34.218750 45.225002 2.925000 
141357372677462 -34.293751 45.693752 1.800000 
141357392677462 -34.575001 46.068752 0.131250 
141357412677462 -34.968750 46.012501 -1.425000 
141357432677462 -35.625000 45.900002 -2.981250 
141357452677462 -36.450001 45.750000 -4.312500 
141357472677462 -37.275002 45.412502 -5.493750 
141357492677462 -37.968750 44.962502 -6.487500 
141357512677462 -38.662502 44.737503 -7.406250 
141357532677462 -39.093750 44.343750 -8.456250 
141357552677462 -39.337502 43.950001 -8.906250 
141357572677462 -39.543751 43.781250 -9.525001 
141357592677462 -39.562500 43.537502 -9.975000 
141357612677462 -39.562500 43.293751 -10.350000 
141357632677462 -39.056252 43.162502 -10.425000 
141357652677462 -38.456253 43.293751 -10.706250 
141357672677462 -37.837502 43.406250 -11.006250 
141357692677462 -37.312500 43.706253 -11.268750 
141357712677462 -36.600002 44.025002 -11.643750 
141357732677462 -36.000000 44.418751 -11.962501 
141357752677462 -35.287502 45.131252 -12.525001 
141357772677462 -34.518753 45.843750 -13.087501 
141357792677462 -34.162502 46.725002 -14.175000 
141357812677462 -33.918751 47.362503 -15.075001 
141357832677462 -33.675003 48.093754 -15.900001 
141357852677462 -33.618752 48.787502 -17.043751 
141357872677462 -33.656250 49.425003 -18.206251 
141357892677462 -33.618752 49.725002 -19.575001 
141357912677462 -33.431252 49.837502 -20.850000 
141357932677462 -33.243752 49.987503 -22.162500 
141357952677462 -32.812500 49.987503 -23.137501 
141357972677462 -32.362503 49.912502 -24.168751 
141357992677462 -31.875002 49.706253 -25.256250 
141358012677462 -31.050001 49.331253 -25.912500 
141358032677462 -30.487501 49.162502 -26.362501 
141358052677462 -29.775002 49.143753 -26.756250 
141358072677462 -29.250002 49.181252 -26.981251 
141358092677462 -28.500002 49.425003 -27.168751 
141358112677462 -28.068750 49.387501 -27.487501 
141358132677462 -27.862501 49.575001 -27.693750 
141358152677462 -27.356251 49.743752 -28.068750 
141358172677462 -27.393751 50.231251 -28.668751 
141358192677462 -27.300001 50.475002 -29.137501 
141358212677462 -27.300001 50.793751 -29.475000 
141358232677462 -27.206251 50.981251 -29.962502 
141358252677462 -27.356251 50.887501 -30.431252 
141358272677462 -27.450001 51.150002 -30.562502 
141358292677462 -27.431252 50.943752 -30.731251 
141358312677462 -27.862501 50.531254 -30.600000 
141358332677462 -28.162500 50.081253 -30.131250 
141358352677462 -28.406252 49.668751 -30.000002 
141358372677462 -28.593752 49.200001 -29.700001 
141358392677462 -28.950001 48.543751 -29.175001 
141358412677462 -29.475000 48.112503 -28.818750 
141358432677462 -29.981251 47.456253 -28.650002 
141358452677462 -30.468752 47.193752 -28.687502 
141358472677462 -30.881250 47.175003 -28.781252 
141358492677462 -31.575001 47.081253 -28.968752 
141358512677462 -32.493752 46.912502 -28.987501 
141358532677462 -33.787502 47.006252 -29.062502 
141358552677462 -35.212502 47.343750 -28.650002 
141358572677462 -36.468750 47.512501 -28.181252 
141358592677462 -37.893753 47.606251 -27.431252 
141358612677462 -39.300003 47.700001 -26.493752 
141358632677462 -40.500000 47.493752 -25.275002 
141358652677462 -41.475002 47.118752 -24.168751 
141358672677462 -42.093750 46.743752 -23.156250 
141358692677462 -42.281250 46.200001 -22.106251 
141358712677462 -42.131252 45.862503 -21.731251 
141358732677462 -42.056252 45.281250 -21.018751 
141358752677462 -41.550003 44.793751 -20.475000 
141358772677462 -40.987503 44.475002 -20.062500 
141358792677462 -40.406250 44.306252 -19.837502 
141358812677462 -39.806252 44.250000 -19.650002 
141358832677462 -39.337502 44.568752 -19.106251 
141358852677462 -38.831253 44.662502 -18.543751 
141358872677462 -38.587502 44.475002 -17.681252 
141358892677462 -38.250000 44.793751 -16.987501 
141358912677462 -38.193752 45.187500 -16.537500 
141358932677462 -37.950001 45.318752 -15.712501 
141358952677462 -37.856251 45.656250 -14.793751 
141358972677462 -37.612503 46.068752 -13.687501 
141358992677462 -37.293751 46.143753 -12.937501 
141359012677462 -37.031250 46.462502 -12.150001 
141359032677462 -36.450001 46.781250 -11.287500 
141359052677462 -35.868752 47.025002 -10.443750 
141359072677462 -35.212502 47.156250 -9.281250 
141359092677462 -34.837502 47.287502 -8.587501 
141359112677462 -34.200001 47.512501 -7.856250 
141359132677462 -33.412502 47.400002 -7.050000 
141359152677462 -32.550003 47.325001 -6.112500 
141359172677462 -31.931252 47.212502 -5.568750 
141359192677462 -31.350000 47.118752 -5.306250 
141359212677462 -30.975000 47.025002 -4.912500 
141359232677462 -30.337502 46.950001 -4.537500 
141359252677462 -28.500002 47.493752 -3.281250 
141359272677462 -27.956251 47.325001 -2.550000 
141359292677462 -27.393751 47.343750 -1.837500 
141359312677462 -27.150002 47.493752 -1.387500 
141359332677462 -26.475000 47.531250 -0.506250 
141359352677462 -26.006250 47.400002 0.675000 
141359372677462 -25.181252 47.381252 1.556250 
141359392677462 -24.487501 47.325001 2.418750 
141359412677462 -23.943750 47.343750 3.412500 
141359432677462 -23.325001 47.437500 4.200000 
141359452677462 -22.950001 47.493752 4.893750 
141359472677462 -22.500000 47.587502 5.962500 
141359492677462 -22.256250 47.550003 6.975000 
141359512677462 -22.687500 47.775002 8.268750 
141359532677462 -22.425001 47.756252 9.206250 
141359552677462 -22.293751 47.737503 10.181251 
141359572677462 -22.162500 47.700001 10.612500 
141359592677462 -21.937500 47.362503 10.856251 
141359612677462 -21.712502 47.268753 10.762501 
141359632677462 -21.300001 47.006252 10.406250 
141359652677462 -21.243752 47.006252 9.918751 
141359672677462 -21.262501 46.818752 9.093750 
141359692677462 -21.225000 46.387501 7.968750 
141359712677462 -21.337502 46.162502 6.675000 
141359732677462 -21.018751 45.581253 5.493750 
141359752677462 -20.700001 44.568752 3.131250 
141359772677462 -20.587502 44.156250 1.987500 
141359792677462 -20.306252 43.668751 0.581250 
141359812677462 -19.837502 43.312500 -1.012500 
141359832677462 -19.593750 42.806252 -2.100000 
141359852677462 -19.387501 42.881252 -3.075000 
141359872677462 -18.843750 42.637501 -4.125000 
141359892677462 -18.693750 42.693752 -4.893750 
141359912677462 -18.337502 42.881252 -5.812500 
141359932677462 -18.018751 42.768753 -6.450000 
141359952677462 -16.931252 41.868752 -7.293750 
141359972677462 -16.725000 41.700001 -7.856250 
141359992677462 -16.518751 41.868752 -8.681251 
141360012677462 -16.237501 41.606251 -9.318750 
141360032677462 -15.787500 41.456253 -10.068750 
141360052677462 -15.600000 41.456253 -11.043751 
141360072677462 -15.131250 41.325001 -11.850000 
141360092677462 -14.587501 41.400002 -12.787500 
141360112677462 -14.062501 41.268753 -13.556251 
141360132677462 -13.537500 41.362503 -14.268750 
141360152677462 -12.525001 41.512501 -15.206250 
141360172677462 -11.812500 41.625000 -15.937501 
141360192677462 -11.193750 41.981251 -16.668751 
141360212677462 -10.293751 42.000000 -17.175001 
141360232677462 -9.937500 42.112503 -17.550001 
141360252677462 -9.243751 42.393753 -17.887501 
141360272677462 -8.550000 42.656250 -18.093750 
141360292677462 -7.537500 42.731251 -18.393751 
141360312677462 -6.862500 42.675003 -18.375000 
141360332677462 -6.000000 42.787502 -18.618752 
141360352677462 -5.212500 42.881252 -18.656250 
141360372677462 -4.331250 43.050003 -18.787500 
141360392677462 -3.506250 43.143753 -18.543751 
141360412677462 -2.718750 43.068752 -18.656250 
141360432677462 -1.856250 43.068752 -18.750000 
141360452677462 -1.200000 43.050003 -18.675001 
141360472677462 -0.656250 42.975002 -18.618752 
141360492677462 0.037500 43.068752 -18.412500 
141360512677462 0.281250 43.050003 -17.662500 
141360532677462 0.993750 43.275002 -17.418751 
141360552677462 1.743750 43.181252 -17.512501 
141360572677462 2.362500 43.275002 -17.175001 
141360592677462 2.906250 43.143753 -16.856251 
141360612677462 3.468750 43.218750 -16.387501 
141360632677462 4.181250 43.350002 -16.293751 
141360652677462 5.043750 43.162502 -16.125000 
141360672677462 5.718750 43.312500 -15.993751 
141360692677462 6.412500 42.993752 -16.087502 
141360712677462 6.937500 42.937500 -16.218750 
141360732677462 7.668750 42.675003 -16.425001 
141360752677462 8.212501 42.637501 -16.631250 
141360772677462 8.831250 42.712502 -16.875000 
141360792677462 9.487500 42.656250 -16.762501 
141360812677462 9.656250 42.693752 -16.593750 
141360832677462 9.975000 42.675003 -16.012501 
141360852677462 9.881250 42.768753 -15.337501 
141360872677462 10.031250 43.050003 -13.875001 
141360892677462 9.918751 43.425003 -12.393750 
141360912677462 9.731251 43.912502 -10.875000 
141360932677462 9.262501 44.193752 -8.981251 
141360952677462 8.325001 44.625000 -6.862500 
141360972677462 7.781250 44.925003 -4.593750 
141360992677462 6.806250 45.337502 -2.250000 
141361012677462 5.906250 45.525002 0.243750 
141361032677462 4.687500 45.281250 2.643750 
141361052677462 3.075000 45.112503 4.950000 
141361072677462 1.575000 44.850002 7.256250 
141361092677462 -0.618750 44.812500 9.637501 
141361112677462 -1.968750 44.231251 11.700001 
141361132677462 -3.675000 43.706253 13.650001 
141361152677462 -5.062500 42.806252 15.431251 
141361172677462 -6.431250 42.131252 17.081251 
141361192677462 -7.200000 41.587502 18.525002 
141361212677462 -8.062500 40.781250 19.687500 
141361232677462 -8.625000 39.806252 21.093750 
141361252677462 -9.056251 39.206253 21.975000 
141361272677462 -9.468750 38.625000 22.500000 
141361292677462 -9.768750 38.156250 22.837502 
141361312677462 -9.806251 37.950001 23.212502 
141361332677462 -9.656250 37.575001 23.550001 
141361352677462 -9.656250 37.256252 23.981251 
141361372677462 -9.243751 37.293751 24.018751 
141361392677462 -9.131250 37.087502 23.850000 
141361412677462 -8.906250 37.050003 23.587502 
141361432677462 -8.981251 37.275002 23.456251 
141361452677462 -8.737500 37.368752 23.325001 
141361472677462 -8.831250 37.500000 23.043751 
141361492677462 -8.962501 37.668751 22.481251 
141361512677462 -8.962501 37.800003 21.731251 
141361532677462 -9.093750 37.950001 21.225000 
141361552677462 -8.850000 38.250000 20.868752 
141361572677462 -8.718750 38.756252 20.812500 
141361592677462 -8.156250 38.775002 20.568750 
141361612677462 -7.800000 38.925003 20.456251 
141361632677462 -7.293750 38.981251 20.437500 
141361652677462 -6.450000 39.150002 20.681252 
141361672677462 -5.868750 39.262501 20.831251 
141361692677462 -4.950000 39.243752 21.093750 
141361712677462 -4.068750 39.206253 21.018751 
141361732677462 -2.943750 39.037502 21.018751 
141361752677462 -1.706250 39.000000 21.168751 
141361772677462 -0.337500 38.793751 21.075001 
141361792677462 1.106250 38.868752 20.887501 
141361812677462 2.362500 38.887501 20.531250 
141361832677462 4.593750 38.493752 19.912500 
141361852677462 6.225000 38.287502 19.593750 
141361872677462 7.818750 38.250000 19.143751 
141361892677462 9.525001 38.043751 18.431252 
141361912677462 11.268750 37.950001 17.831251 
141361932677462 12.656251 38.250000 17.306252 
141361952677462 14.250001 38.118752 16.406250 
141361972677462 16.200001 37.987503 15.393750 
141361992677462 17.756250 37.818752 14.475000 
141362012677462 19.368752 37.612503 13.537500 
141362032677462 20.868752 37.481251 12.806251 
141362052677462 22.556252 37.237503 11.906250 
141362072677462 23.512501 36.843750 11.137501 
141362092677462 25.125002 36.206253 9.956250 
141362112677462 26.718752 35.737503 8.456250 
141362132677462 28.068750 34.950001 6.862500 
141362152677462 29.550001 34.200001 5.606250 
141362172677462 30.825001 33.318752 4.368750 
141362192677462 32.062500 32.081253 3.337500 
141362212677462 32.962502 31.368752 2.212500 
141362232677462 33.900002 30.806252 1.368750 
141362252677462 34.687500 30.056252 0.731250 
141362272677462 35.156250 29.306252 0.206250 
141362292677462 35.437500 28.912500 -0.093750 
141362312677462 35.925003 28.612501 -0.881250 
141362332677462 36.056252 28.725000 -1.875000 
141362352677462 35.737503 28.931252 -2.793750 
141362372677462 35.718750 28.837502 -3.431250 
141362392677462 35.475002 29.043751 -3.937500 
141362412677462 35.287502 29.381250 -4.425000 
141362432677462 35.062500 29.812502 -4.612500 
141362452677462 34.781250 30.487501 -4.143750 
141362472677462 34.012501 30.862501 -3.975000 
141362492677462 33.318752 31.500002 -3.843750 
141362512677462 32.400002 32.268753 -3.675000 
141362532677462 30.956251 33.787502 -3.600000 
141362552677462 29.287500 34.762501 -4.031250 
141362572677462 27.056252 36.000000 -4.593750 
141362592677462 24.787500 37.031250 -5.587500 
141362612677462 22.181252 38.043751 -6.693750 
141362632677462 19.875000 39.093750 -7.725000 
141362652677462 17.681252 39.825001 -8.700001 
141362672677462 14.868751 40.856251 -9.000000 
141362692677386 12.843751 41.287502 -10.087501 
141362712677386 11.268750 41.325001 -11.118751 
141362732677386 10.031250 41.231251 -12.000000 
141362752677386 9.318750 41.400002 -12.487500 
141362772677386 8.737500 41.531250 -13.050000 
141362792677386 8.006250 41.718750 -13.087501 
141362812677386 7.537500 41.943752 -12.975000 
141362832677386 7.350000 42.112503 -12.900001 
141362852677386 7.368750 42.056252 -12.562501 
141362872677386 7.312500 42.450001 -12.206250 
141362892677386 7.368750 42.675003 -11.700001 
141362912677386 7.256250 42.525002 -11.456250 
141362932677386 7.612500 42.525002 -11.212501 
141362952677386 8.137501 42.468750 -11.493751 
141362972677386 8.568750 42.000000 -12.056251 
141362992677386 8.850000 41.587502 -12.525001 
141363012677386 9.656250 41.268753 -13.218751 
141363032677386 10.500000 40.856251 -13.837501 
141363052677386 11.231251 40.500000 -14.175000 
141363072677386 11.925000 40.181252 -14.343751 
141363092677386 12.318750 39.750000 -14.962501 
141363112677386 12.543751 39.693752 -15.356251 
141363132677386 12.806251 39.637501 -15.918751 
141363152677386 12.900001 39.187500 -16.518751 
141363172677386 12.393750 39.000000 -17.175001 
141363192677386 11.700001 38.831253 -17.625000 
141363212677386 11.081250 38.587502 -18.375000 
141363232677386 10.537500 38.475002 -19.012501 
141363252677386 9.956250 38.568752 -19.031250 
141363272677386 9.468750 38.193752 -19.050001 
141363292677386 8.718750 38.400002 -18.487501 
141363312677386 7.968750 38.981251 -17.718750 
141363332677386 7.293750 39.412502 -16.500000 
141363352677386 7.106250 39.693752 -15.300000 
141363372677386 6.731250 40.312500 -14.025001 
141363392677386 6.000000 41.043751 -12.562501 
141363412677386 5.512500 41.737503 -11.250000 
141363432677386 4.518750 42.300003 -9.787500 
141363452677386 3.637500 42.618752 -8.606251 
141363472677386 2.850000 42.937500 -7.443750 
141363492677386 2.100000 43.200001 -6.600000 
141363512677386 1.012500 43.687500 -5.681250 
141363532677386 -0.131250 43.668751 -4.518750 
141363552677386 -0.862500 43.631252 -3.787500 
141363572677386 -1.837500 43.706253 -3.468750 
141363592677386 -2.343750 43.368752 -3.093750 
141363612677386 -2.962500 43.331253 -2.943750 
141363632677386 -3.487500 43.031250 -3.262500 
141363652677386 -4.331250 42.843750 -3.468750 
141363672677386 -5.081250 42.637501 -4.106250 
141363692677386 -5.812500 42.637501 -4.931250 
141363712677386 -6.281250 42.318752 -5.681250 
141363732677386 -6.768750 41.868752 -6.206250 
141363752677386 -7.537500 41.718750 -7.050000 
141363772677386 -8.250000 41.212502 -7.931250 
141363792677386 -9.150001 40.725002 -8.831250 
141363812677386 -9.750000 40.275002 -9.487500 
141363832677386 -10.443750 39.618752 -9.768750 
141363852677386 -10.781250 39.187500 -10.256250 
141363872677386 -10.968750 38.793751 -10.743751 
141363892677386 -10.856251 38.550003 -11.287500 
141363912677386 -10.481251 38.418751 -11.550000 
141363932677386 -10.387501 38.325001 -11.925000 
141363952677386 -9.656250 38.193752 -11.906250 
141363972677386 -8.456250 38.006252 -12.525001 
141363992677386 -7.106250 37.968750 -13.387501 
141364012677386 -5.925000 37.762501 -14.118751 
141364032677386 -4.593750 37.575001 -14.362500 
141364052677386 -3.412500 37.443752 -14.850000 
141364072677386 -2.475000 37.087502 -15.525001 
141364092677386 -1.537500 36.993752 -15.937501 
141364112677386 -0.431250 37.106251 -16.443750 
141364132677386 0.468750 37.162502 -16.687500 
141364152677386 1.256250 37.237503 -16.575001 
141364172677386 2.625000 37.687500 -16.762501 
141364192677386 3.262500 37.781250 -16.425001 
141364212677386 3.825000 38.043751 -16.200001 
141364232677386 4.387500 38.250000 -16.087502 
141364252677386 5.100000 38.362503 -15.712501 
141364272677386 5.418750 38.475002 -15.506250 
141364292677386 5.700000 38.512501 -15.300000 
141364312677386 6.187500 38.475002 -15.356251 
141364332677386 6.318750 38.493752 -15.768750 
141364352677386 6.468750 38.437500 -15.768750 
141364372677386 6.693750 38.287502 -15.806251 
141364392677386 6.750000 38.193752 -15.656251 
141364412677386 6.656250 38.100002 -15.600000 
141364432677386 6.618750 38.118752 -15.337501 
141364452677386 6.225000 38.400002 -14.587501 
141364472677386 5.437500 38.625000 -13.425000 
141364492677386 4.781250 38.831253 -11.887501 
141364512677386 3.918750 39.168751 -10.312500 
141364532677386 3.000000 38.850002 -8.287500 
141364552677386 2.568750 39.150002 -6.375000 
141364572677386 1.837500 39.506252 -4.256250 
141364592677386 1.312500 39.637501 -2.025000 
141364612677386 1.050000 39.600002 -0.112500 
141364632677386 1.050000 39.506252 1.612500 
141364652677386 1.668750 39.787502 3.075000 
141364672677386 1.912500 39.600002 4.518750 
141364692677386 1.931250 39.656250 6.075000 
141364712677386 2.156250 39.450001 7.087500 
141364732677386 2.718750 39.150002 7.931250 
141364752677386 3.112500 38.962502 8.606251 
141364772677386 3.768750 38.625000 9.150001 
141364792677386 4.631250 38.550003 9.487500 
141364812677386 5.043750 38.531250 9.543751 
141364832677386 6.056250 38.512501 9.356251 
141364852677386 6.937500 38.475002 9.168751 
141364872677386 7.556250 38.756252 9.375000 
141364892677386 7.875000 38.793751 9.600000 
141364912677386 8.006250 38.868752 9.525001 
141364932677386 7.706250 39.093750 9.525001 
141364952677386 7.181250 39.450001 9.375000 
141364972677386 7.068750 39.656250 9.468750 
141364992677386 6.525000 39.600002 9.806251 
141365012677386 6.206250 39.600002 9.937500 
141365032677386 5.850000 39.450001 9.900001 
141365052677386 6.056250 39.675003 9.937500 
141365072677386 6.487500 39.731251 10.143750 
141365092677386 6.993750 39.543751 10.256250 
141365112677386 7.406250 39.300003 10.443750 
141365132677386 7.312500 39.712502 9.900001 
141365152677386 7.350000 40.087502 9.487500 
141365172677386 7.087500 40.275002 9.506250 
141365192677386 6.843750 40.443752 9.525001 
141365212677386 6.262500 40.631252 9.075001 
141365232677386 5.456250 40.950001 8.962501 
141365252677386 4.893750 41.437500 8.756250 
141365272677386 4.425000 41.625000 8.737500 
141365292677386 3.975000 41.793751 9.018750 
141365312677386 3.637500 41.850002 9.243751 
141365332677386 3.487500 42.056252 9.225000 
141365352677386 3.412500 42.131252 9.112500 
141365372677386 3.562500 42.281250 9.112500 
141365392677386 3.731250 42.281250 9.018750 
141365412677386 3.618750 42.168751 9.262501 
141365432677386 3.487500 42.356251 9.600000 
141365452677386 3.075000 42.300003 10.106251 
141365472677386 2.718750 42.131252 10.968750 
141365492677386 2.325000 41.906250 11.906250 
141365512677386 1.668750 41.681252 13.443750 
141365532677386 0.975000 40.875000 15.281251 
141365552677386 0.187500 39.675003 17.325001 
141365572677386 -0.018750 39.000000 19.462502 
141365592677386 -0.450000 37.687500 21.675001 
141365612677386 -0.900000 36.187500 24.000000 
141365632677386 -1.331250 34.912502 26.231251 
141365652677386 -1.762500 33.206253 28.481251 
141365672677386 -1.837500 31.987501 29.943750 
141365692677386 -2.156250 30.637501 31.556252 
141365712677386 -2.100000 29.156252 32.887501 
141365732677386 -2.343750 27.712502 33.975002 
141365752677386 -2.118750 26.812502 34.856251 
141365772677386 -1.743750 26.006250 35.456253 
141365792677386 -1.518750 25.293751 35.925003 
141365812677386 -1.106250 25.012501 36.168751 
141365832677386 -0.806250 25.087502 36.262501 
141365852677386 -0.468750 25.500002 36.018753 
141365872677386 -0.525000 26.118752 35.587502 
141365892677386 -0.618750 26.887501 35.231251 
141365912677386 -1.256250 27.487501 35.006252 
141365932677386 -2.175000 28.293751 34.668751 
141365952677386 -2.831250 28.912500 34.331253 
141365972677386 -3.787500 29.568750 33.843750 
141365992677386 -5.231250 29.812502 33.000000 
141366012677386 -6.637500 30.150002 32.662502 
141366032677386 -7.593750 30.337502 32.587502 
141366052677386 -8.512501 30.318750 32.306252 
141366072677386 -9.056251 30.393751 32.006252 
141366092677386 -9.487500 30.543751 31.706251 
141366112677386 -9.975000 31.087502 31.256250 
141366132677386 -10.425000 31.687502 30.600000 
141366152677386 -10.425000 32.456253 30.112501 
141366172677386 -10.200001 32.756252 29.643751 
141366192677386 -10.443750 33.450001 28.762501 
141366212677386 -10.650001 34.275002 27.993752 
141366232677386 -11.137501 34.987503 27.000002 
141366252677386 -11.325001 35.700001 26.156252 
141366272677386 -11.493751 36.056252 25.387501 
141366292677386 -11.512501 36.562500 24.806252 
141366312677386 -11.850000 36.731251 24.262501 
141366332677386 -12.093751 37.050003 23.643751 
141366352677386 -12.281251 37.406250 23.137501 
141366372677386 -12.543751 37.725002 22.725000 
141366392677386 -12.937501 38.175003 22.556252 
141366412677386 -13.106251 38.437500 22.200001 
141366432677386 -13.368751 38.775002 21.956251 
141366452677386 -13.575001 38.868752 21.862501 
141366472677386 -13.650001 38.925003 21.787500 
141366492677386 -13.931251 38.868752 21.881250 
141366512677386 -14.006250 38.381252 22.481251 
141366532677386 -14.137501 37.931252 23.250000 
141366552677386 -14.043751 37.068752 24.356251 
141366572677386 -14.081250 35.943752 25.593752 
141366592677386 -13.987500 34.275002 27.375002 
141366612677386 -14.231251 32.400002 29.306252 
141366632677386 -15.150001 29.493752 31.012501 
141366652677386 -15.262501 27.093752 32.906250 
141366672677386 -15.487500 24.881250 34.706253 
141366692677386 -15.806251 22.406250 36.243752 
141366712677386 -16.012501 20.118752 37.275002 
141366732677386 -16.068750 18.037500 38.493752 
141366752677386 -16.275002 16.350000 39.112503 
141366772677386 -16.106251 14.906251 39.750000 
141366792677386 -15.187501 13.893750 40.237503 
141366812677386 -14.568750 13.181251 40.818752 
141366832677386 -13.800000 12.787500 41.043751 
141366852677386 -13.031251 12.806251 41.287502 
141366872677386 -12.318750 13.125001 41.306252 
141366892677386 -11.625000 14.456250 41.137501 
141366912677386 -10.875000 15.918751 40.837502 
141366932677386 -9.975000 17.118752 40.425003 
141366952677386 -9.656250 19.200001 40.950001 
141366972677386 -9.150001 20.287500 40.650002 
141366992677386 -9.225000 21.131250 40.331253 
141367012677386 -9.318750 22.125000 39.956253 
141367032677386 -9.581250 23.062500 39.712502 
141367052677386 -10.106251 23.175001 39.450001 
141367072677386 -10.800000 23.362501 39.187500 
141367092677386 -11.737500 23.775002 38.793751 
141367112677386 -12.487500 24.000000 38.137501 
141367132677386 -13.031251 24.412500 37.631252 
141367152677386 -13.143750 25.237501 37.068752 
141367172677386 -13.125001 25.912500 36.525002 
141367192677386 -12.993751 26.418751 36.337502 
141367212677386 -12.637501 27.000002 35.887501 
141367232677386 -11.943750 27.412500 35.193752 
141367252677386 -11.512501 28.125002 34.612503 
141367272677386 -11.193750 29.193750 34.181252 
141367292677386 -11.193750 30.656252 33.768753 
141367312677386 -11.156250 31.368752 33.243752 
141367332677386 -11.118751 31.912500 32.550003 
141367352677386 -11.231251 32.737503 31.762501 
141367372677386 -11.325001 33.375000 30.900002 
141367392677386 -11.793751 34.237503 30.337502 
141367412677386 -12.000000 34.800003 29.756250 
141367432677386 -11.981251 35.325001 29.137501 
141367452677386 -12.281251 36.112503 28.275002 
141367472677386 -12.712501 36.862503 27.412500 
141367492677386 -13.031251 37.387501 26.775002 
141367512677386 -13.106251 37.575001 26.137501 
141367532677386 -13.556251 37.912502 25.856251 
141367552677386 -13.818750 38.062500 25.668751 
141367572677386 -14.193750 38.175003 25.256250 
141367592677386 -14.756250 37.856251 25.331251 
141367612677386 -15.093751 37.200001 25.575001 
141367632677386 -15.525001 36.337502 26.212502 
141367652677386 -16.050001 35.606251 27.150002 
141367672677386 -16.518751 34.593750 28.256250 
141367692677386 -16.612501 33.318752 29.512501 
141367712677386 -16.968750 31.275002 30.562502 
141367732677386 -17.156250 29.306252 32.456253 
141367752677386 -17.325001 27.262501 33.862503 
141367772677386 -17.531250 25.312502 35.493752 
141367792677386 -17.643751 23.212502 36.881252 
141367812677386 -17.775002 21.000000 37.893753 
141367832677386 -17.812500 19.087502 38.756252 
141367852677386 -17.906250 17.418751 39.356251 
141367872677386 -18.131250 15.768750 40.087502 
141367892677386 -17.906250 14.775001 40.593750 
141367912677386 -17.793751 14.137501 41.062500 
141367932677386 -17.400002 13.500001 41.381252 
141367952677386 -16.968750 13.368751 41.550003 
141367972677386 -16.406250 13.725000 41.493752 
141367992677386 -16.012501 14.381250 41.268753 
141368012677386 -15.618751 15.375001 41.100002 
141368032677386 -15.318750 17.006250 40.762501 
141368052677386 -15.281251 17.981251 40.293751 
141368072677386 -15.093751 18.862501 40.106251 
141368092677386 -15.225000 19.800001 39.881252 
141368112677386 -15.656251 20.850000 39.543751 
141368132677386 -16.218750 21.675001 39.168751 
141368152677386 -16.856251 22.181252 38.812500 
141368172677386 -17.718750 22.668751 38.437500 
141368192677386 -18.768751 22.368752 37.593750 
141368212677386 -19.575001 22.818750 36.918751 
141368232677386 -20.418751 23.268751 36.206253 
141368252677386 -20.906250 24.000000 35.568752 
141368272677386 -20.906250 24.581251 35.118752 
141368292677386 -20.812500 24.825001 34.931252 
141368312677386 -20.793751 25.218752 34.818752 
141368332677386 -20.568750 25.556252 34.275002 
141368352677386 -20.287500 26.250002 33.975002 
141368372677386 -20.175001 27.131250 33.393753 
141368392677386 -19.968750 28.162500 32.850002 
141368412677386 -19.968750 28.931252 32.118752 
141368432677386 -20.437500 29.493752 31.443750 
141368452677386 -20.793751 30.562502 30.600000 
141368472677386 -20.943750 31.593752 29.512501 
141368492677386 -20.981251 32.456253 28.875002 
141368512677386 -20.662500 33.525002 27.956251 
141368532677386 -20.568750 34.143753 27.262501 
141368552677386 -20.418751 34.743752 26.400002 
141368572677386 -20.193750 35.475002 25.631250 
141368592677386 -19.893751 36.093750 24.731251 
141368612677386 -20.025002 36.506252 24.150002 
141368632677386 -20.100000 36.712502 23.756250 
141368652677386 -20.343750 36.900002 23.400002 
141368672677386 -20.775002 36.825001 23.343750 
141368692677386 -21.187500 36.300003 24.018751 
141368712677386 -21.843750 35.306252 25.218752 
141368732677386 -22.293751 33.881252 26.493752 
141368752677386 -22.650002 32.362503 28.087502 
141368772677386 -22.968750 30.037500 29.793751 
141368792677386 -23.400002 28.068750 31.275002 
141368812677386 -24.075001 25.706251 33.000000 
141368832677386 -24.787500 23.250000 34.537502 
141368852677386 -25.293751 20.831251 35.493752 
141368872677386 -25.762501 18.825001 35.943752 
141368892677386 -26.606251 16.875000 36.318752 
141368912677386 -27.281252 15.037500 36.618752 
141368932677386 -27.618752 13.837501 36.918751 
141368952677386 -28.050001 12.525001 37.106251 
141368972677386 -27.881250 11.737500 37.312500 
141368992677386 -27.787500 10.987500 37.668751 
141369012677386 -27.431252 10.987500 38.006252 
141369032677386 -27.131250 11.193750 38.250000 
141369052677386 -26.868752 11.868751 38.475002 
141369072677386 -26.512501 12.825001 38.231251 
141369092677386 -26.362501 13.950001 38.100002 
141369112677386 -26.062502 15.037500 38.156250 
141369132677386 -26.456251 16.031250 37.931252 
141369152677386 -26.812502 16.968750 37.500000 
141369172677386 -27.656252 17.681252 36.956253 
141369192677386 -28.631250 18.037500 36.243752 
141369212677386 -29.400002 18.206251 35.587502 
141369232677386 -30.506250 18.131250 35.006252 
141369252677386 -31.781252 17.906250 34.218750 
141369272677386 -32.775002 17.962502 33.618752 
141369292677386 -33.393753 17.981251 32.868752 
141369312677386 -33.843750 18.412500 32.306252 
141369332677386 -34.181252 18.675001 31.668751 
141369352677386 -34.631252 19.368752 30.693750 
141369372677386 -35.137501 20.006250 29.381250 
141369392677386 -35.587502 21.000000 28.162500 
141369412677386 -35.981251 21.731251 27.018751 
141369432677386 -36.525002 22.443750 24.993752 
141369452677386 -37.387501 23.381250 23.250000 
141369472677386 -38.006252 24.000000 21.581251 
141369492677386 -38.700001 24.656252 19.537500 
141369512677386 -39.281250 24.975000 17.981251 
141369532677386 -39.881252 25.556252 16.631250 
141369552677386 -40.331253 25.781252 15.037500 
141369572677386 -41.175003 26.025002 13.331250 
141369592677386 -41.418751 26.362501 12.187501 
141369612677386 -41.437500 26.512501 10.837501 
141369632677386 -41.756252 26.831251 9.487500 
141369652677386 -41.850002 27.037500 8.362500 
141369672677386 -42.093750 27.150002 7.275000 
141369692677386 -42.187500 27.037500 6.393750 
141369712677386 -42.356251 26.775002 5.981250 
141369732677386 -42.412502 26.418751 5.812500 
141369752677386 -42.862503 25.875002 6.412500 
141369772677386 -43.350002 24.993752 7.218750 
141369792677386 -43.443752 24.225000 8.493751 
141369812677386 -44.025002 23.043751 9.862500 
141369832677386 -44.475002 21.450001 10.818750 
141369852677386 -44.981251 19.556252 11.925000 
141369872677386 -45.562500 18.243752 12.712501 
141369892677386 -46.237503 16.875000 13.387501 
141369912677386 -46.631252 15.656251 13.143750 
141369932677386 -46.818752 14.737500 12.450001 
141369952677386 -47.343750 13.650001 11.475000 
141369972677386 -47.531250 12.675000 10.368751 
141369992677386 -47.625000 12.093751 9.600000 
141370012677386 -47.737503 11.606251 9.075001 
141370032677386 -47.700001 11.137501 8.700001 
141370052677386 -47.662502 10.875000 8.250000 
141370072677386 -47.831253 10.743751 7.781250 
141370092677386 -47.962502 10.762501 7.668750 
141370112677386 -48.037502 11.475000 7.593750 
141370132677386 -47.981251 12.356251 7.275000 
141370152677386 -47.812500 13.331250 6.956250 
141370172677386 -47.812500 14.268750 6.243750 
141370192677386 -47.362503 15.375001 5.043750 
141370212677386 -47.006252 15.975000 4.050000 
141370232677386 -46.818752 16.350000 3.318750 
141370252677386 -46.856251 16.331251 2.268750 
141370272677386 -46.912502 16.162500 1.031250 
141370292677386 -47.043751 15.918751 -0.037500 
141370312677386 -47.287502 15.637501 -1.518750 
141370332677386 -47.381252 15.243751 -2.831250 
141370352677386 -47.156250 15.150001 -3.825000 
141370372677386 -47.381252 15.150001 -4.706250 
141370392677386 -47.343750 15.393750 -5.700000 
141370412677386 -47.043751 16.275002 -6.656250 
141370432677386 -46.575001 16.875000 -7.518750 
141370452677386 -46.087502 17.475000 -8.775001 
141370472677386 -45.225002 17.925001 -10.256250 
141370492677386 -44.718750 18.581251 -12.525001 
141370512677386 -43.818752 19.256250 -14.456250 
141370532677386 -42.900002 19.631250 -16.575001 
141370552677386 -42.187500 19.875000 -18.712502 
141370572677386 -41.512501 19.837502 -20.756250 
141370592677386 -40.612503 19.631250 -22.706251 
141370612677386 -39.806252 19.387501 -24.431252 
141370632677386 -39.168751 19.500000 -25.331251 
141370652677386 -38.775002 19.612501 -25.668751 
141370672677386 -38.231251 19.668751 -26.212502 
141370692677386 -37.800003 19.781250 -26.831251 
141370712677386 -36.956253 19.800001 -27.337502 
141370732677386 -36.225002 19.912500 -27.750002 
141370752677386 -35.737503 20.212502 -28.125002 
141370772677386 -35.625000 20.662500 -28.012501 
141370792677386 -35.737503 20.906250 -27.731251 
141370812677386 -36.075001 21.881250 -27.168751 
141370832677386 -36.600002 22.350000 -26.175001 
141370852677386 -36.918751 22.912500 -24.731251 
141370872677386 -37.668751 23.493752 -23.493752 
141370892677386 -38.175003 23.775002 -22.218750 
141370912677386 -38.868752 24.768751 -20.662500 
141370932677386 -39.131252 25.350000 -19.462502 
141370952677386 -39.056252 25.875002 -18.262501 
141370972677386 -39.075001 26.156252 -17.268751 
141370992677386 -39.450001 26.137501 -16.443750 
141371012677386 -39.656250 25.818750 -16.050001 
141371032677386 -39.768753 25.631250 -15.112500 
141371052677386 -40.143753 25.537500 -14.287500 
141371072677386 -40.687500 25.050001 -13.350000 
141371092677386 -41.175003 24.562502 -12.618751 
141371112677386 -41.887501 24.206251 -12.056251 
141371132677386 -42.056252 23.943750 -11.437500 
141371152677386 -41.868752 24.131250 -11.081250 
141371172677386 -41.700001 24.656252 -10.912500 
141371192677386 -41.231251 25.331251 -11.362500 
141371212677386 -40.781250 26.231251 -11.831250 
141371232677386 -39.937500 27.112501 -12.487500 
141371252677386 -39.112503 27.806252 -12.862500 
141371272677386 -38.081253 28.500002 -13.631250 
141371292677386 -37.350002 28.950001 -14.812501 
141371312677386 -36.506252 29.100000 -16.293751 
141371332677386 -35.718750 29.025002 -17.681252 
141371352677386 -34.856251 28.781252 -19.012501 
141371372677386 -33.431252 28.481251 -20.137501 
141371392677386 -32.643753 28.087502 -21.356251 
141371412677386 -31.987501 27.956251 -22.575001 
141371432677386 -31.181252 27.993752 -23.400002 
141371452677386 -30.656252 28.350000 -24.112501 
141371472677386 -29.962502 28.837502 -24.356251 
141371492677386 -29.268751 29.175001 -24.712502 
141371512677386 -28.650002 29.343752 -24.862501 
141371532677386 -28.200001 29.287500 -25.443750 
141371552677386 -27.356251 29.212502 -26.287500 
141371572677386 -26.587502 28.875002 -27.187502 
141371592677386 -26.100000 28.575001 -28.162500 
141371612677386 -25.275002 28.068750 -28.950001 
141371632677386 -24.600000 27.393751 -29.812502 
141371652677386 -24.093752 27.075001 -30.412500 
141371672677386 -23.681252 26.831251 -31.331251 
141371692677386 -22.293751 26.287500 -32.175003 
141371712677386 -22.068750 26.212502 -32.606251 
141371732677386 -21.525002 26.362501 -33.037502 
141371752677386 -20.943750 26.193750 -33.525002 
141371772677386 -20.137501 26.268751 -33.993752 
141371792677386 -19.425001 26.550001 -34.368752 
141371812677386 -18.675001 26.568750 -34.912502 
141371832677386 -17.962502 26.718752 -34.818752 
141371852677386 -17.868752 27.168751 -34.518753 
141371872677386 -17.850000 27.918751 -33.693752 
141371892677386 -18.150002 28.462502 -32.475002 
141371912677386 -18.956251 29.606251 -30.956251 
141371932677386 -20.118752 30.693750 -28.912500 
141371952677386 -21.187500 31.725000 -26.700001 
141371972677386 -22.050001 33.037502 -24.243752 
141371992677386 -22.987501 34.181252 -22.256250 
141372012677386 -23.568750 35.175003 -20.118752 
141372032677386 -23.812500 36.150002 -17.943750 
141372052677386 -24.037500 36.806252 -15.900001 
141372072677386 -23.868752 37.331253 -14.400001 
141372092677386 -23.718750 37.593750 -12.918751 
141372112677386 -23.718750 37.781250 -11.812500 
141372132677386 -23.793751 37.762501 -10.875000 
141372152677386 -23.812500 38.043751 -9.956250 
141372172677386 -23.868752 38.193752 -9.281250 
141372192677386 -23.925001 38.268753 -9.093750 
141372212677386 -23.681252 38.400002 -9.187500 
141372232677386 -23.081251 38.343750 -9.281250 
141372252677386 -21.993752 38.887501 -10.350000 
141372272677386 -20.868752 39.262501 -11.268750 
141372292677386 -19.800001 39.600002 -12.206250 
141372312677386 -18.993752 39.862503 -12.787500 
141372332677386 -17.943750 40.068752 -13.687501 
141372352677386 -16.406250 40.256252 -14.718751 
141372372677386 -15.525001 40.331253 -15.656251 
141372392677386 -14.775001 40.293751 -16.800001 
141372412677386 -14.137501 39.937500 -17.381250 
141372432677386 -13.593751 39.712502 -17.925001 
141372452677386 -12.843751 39.768753 -18.281250 
141372472677386 -11.793751 39.843750 -18.750000 
141372492677386 -10.875000 39.825001 -18.993752 
141372512677386 -9.187500 40.125000 -18.787500 
141372532677386 -8.100000 40.331253 -18.956251 
141372552677386 -6.562500 40.331253 -19.050001 
141372572677386 -5.025000 40.481251 -19.293751 
141372592677386 -2.962500 40.593750 -20.287500 
141372612677386 -1.350000 40.462502 -20.625000 
141372632677386 0.168750 40.143753 -20.981251 
141372652677386 1.575000 40.031250 -21.206251 
141372672677386 2.718750 40.200001 -21.393751 
141372692677386 3.787500 40.218750 -21.506250 
141372712677386 4.575000 40.556252 -21.243752 
141372732677386 5.062500 40.575001 -20.981251 
141372752677386 5.437500 40.631252 -20.662500 
141372772677386 5.606250 40.893753 -20.587502 
141372792677386 6.112500 40.968750 -20.700001 
141372812677386 6.543750 41.118752 -20.625000 
141372832677386 6.393750 40.950001 -20.700001 
141372852677386 6.787500 40.968750 -20.418751 
141372872677386 7.106250 41.287502 -19.912500 
141372892677386 7.293750 41.568752 -19.331251 
141372912677386 7.256250 42.000000 -18.093750 
141372932677386 7.031250 41.943752 -16.743752 
141372952677386 6.768750 42.543751 -14.831250 
141372972677386 6.243750 43.293751 -12.543751 
141372992677386 5.700000 43.725002 -10.125000 
141373012677386 4.800000 44.231251 -6.956250 
141373032677386 3.825000 45.075001 -3.918750 
141373052677386 2.812500 45.243752 -0.506250 
141373072677386 2.062500 45.187500 2.700000 
141373092677386 1.350000 45.037502 5.850000 
141373112677386 0.487500 44.868752 8.456250 
141373132677386 -0.150000 44.193752 10.800000 
141373152677386 -0.262500 43.631252 13.162500 
141373172677386 -0.506250 43.200001 14.400001 
141373192677386 -0.581250 42.787502 15.637501 
141373212677386 -0.337500 42.731251 16.368752 
141373232677386 -0.337500 42.637501 16.931252 
141373252677386 0.168750 42.506252 17.043751 
141373272677386 1.012500 42.393753 17.137501 
141373292677386 1.743750 42.731251 16.781250 
141373312677386 2.456250 42.937500 16.331251 
141373332677386 3.356250 42.975002 15.900001 
141373352677386 3.918750 43.200001 15.356251 
141373372677386 4.462500 43.162502 14.737500 
141373392677386 4.575000 43.368752 13.950001 
141373412677386 4.425000 43.537502 13.237500 
141373432677386 3.956250 43.762501 12.581250 
141373452677386 3.768750 43.931252 12.018750 
141373472677386 3.412500 43.912502 11.700001 
141373492677386 2.831250 44.156250 11.400001 
141373512677386 2.156250 44.362503 11.062500 
141373532677386 1.631250 44.456253 10.968750 
141373552677386 1.650000 44.456253 10.687500 
141373572677386 1.725000 44.381252 10.668751 
141373592677386 1.800000 44.193752 10.631250 
141373612677386 1.856250 44.006252 10.575001 
141373632677386 2.156250 43.950001 10.425000 
141373652677386 2.306250 43.875000 10.331250 
141373672677386 2.737500 43.706253 10.012501 
141373692677386 3.187500 43.762501 9.843750 
141373712677386 3.618750 43.631252 9.712501 
141373732677386 3.806250 43.650002 9.281250 
141373752677386 3.787500 44.025002 9.000000 
141373772677386 3.768750 44.137501 8.887501 
141373792677386 3.731250 44.362503 8.793751 
141373812677386 3.712500 44.550003 8.456250 
141373832677386 3.843750 44.906250 8.287500 
141373852677386 3.862500 44.962502 8.062500 
141373872677386 3.637500 45.262501 7.800000 
141373892677386 3.450000 45.562500 7.706250 
141373912677386 3.468750 45.750000 7.500000 
141373932677386 3.581250 45.975002 7.331250 
141373952677386 3.506250 45.900002 7.500000 
141373972677386 3.412500 45.806252 7.950000 
141373992677386 3.187500 45.787502 8.681251 
141374012677386 2.456250 45.731251 9.731251 
141374032677386 1.725000 45.600002 11.062500 
141374052677386 0.937500 45.112503 12.993751 
141374072677386 -0.318750 44.306252 15.337501 
141374092677386 -1.537500 43.237503 17.962502 
141374112677386 -2.718750 41.981251 20.643751 
141374132677386 -3.768750 40.650002 23.306252 
141374152677386 -5.006250 39.000000 25.987501 
141374172677386 -6.112500 37.443752 28.181252 
141374192677386 -7.087500 35.700001 30.393751 
141374212677386 -8.287500 33.956253 32.025002 
141374232677386 -8.737500 32.250000 33.412502 
141374252677386 -9.393750 30.750002 34.518753 
141374272677386 -9.543751 29.737501 35.268753 
141374292677386 -9.843750 28.743752 35.906250 
141374312677386 -9.918751 27.937502 36.731251 
141374332677386 -9.656250 27.168751 37.537502 
141374352677386 -9.487500 26.643751 38.156250 
141374372677386 -8.718750 26.531252 38.531250 
141374392677386 -8.456250 26.793751 38.756252 
141374412677386 -8.212501 27.300001 38.718750 
141374432677386 -8.193750 27.787500 38.700001 
141374452677386 -7.818750 28.537500 38.568752 
141374472677386 -7.837500 29.231251 38.231251 
141374492677386 -7.987500 29.718752 37.950001 
141374512677386 -8.250000 30.206251 37.612503 
141374532677386 -8.437500 31.068750 37.462502 
141374552677386 -9.168751 31.556252 37.068752 
141374572677386 -9.843750 32.025002 36.675003 
141374592677386 -10.593750 32.287502 36.187500 
141374612677386 -11.737500 32.531250 35.400002 
141374632677386 -12.506250 32.793751 34.650002 
141374652677386 -13.575001 33.243752 33.881252 
141374672677386 -14.156251 33.618752 33.318752 
141374692677386 -14.362500 33.993752 32.775002 
141374712677386 -14.756250 34.200001 32.568752 
141374732677386 -14.550000 34.181252 32.362503 
141374752677386 -14.737500 34.575001 32.043751 
141374772677386 -15.131250 35.156250 31.650002 
141374792677386 -15.262501 35.643753 31.031252 
141374812677386 -15.281251 36.300003 30.412500 
141374832677386 -15.412500 36.900002 29.718752 
141374852677386 -15.506250 37.556252 28.650002 
141374872677386 -15.787500 38.456253 27.468752 
141374892677386 -16.312500 39.300003 26.550001 
141374912677386 -16.500000 39.656250 25.668751 
141374932677386 -16.425001 40.050003 24.918751 
141374952677386 -16.218750 40.443752 24.375002 
141374972677386 -16.068750 40.687500 23.718750 
141374992677386 -16.200001 41.006252 23.137501 
141375012677386 -16.425001 41.287502 22.593750 
141375032677386 -16.331251 41.550003 22.106251 
141375052677386 -16.293751 41.568752 21.581251 
141375072677386 -16.425001 41.906250 21.131250 
141375092677386 -16.631250 42.168751 21.037500 
141375112677386 -16.800001 42.093750 21.225000 
141375132677386 -17.137501 41.943752 21.487501 
141375152677386 -17.343750 41.625000 22.256250 
141375172677386 -17.587502 40.650002 23.512501 
141375192677386 -17.962502 39.393753 25.181252 
141375212677386 -18.281250 38.006252 27.056252 
141375232677386 -18.618752 35.700001 28.875002 
141375252677386 -19.087502 33.618752 30.750002 
141375272677386 -19.912500 31.481251 32.587502 
141375292677386 -20.550001 29.025002 34.218750 
141375312677386 -21.093750 26.475000 35.700001 
141375332677386 -21.675001 24.300001 36.656250 
141375352677386 -22.293751 21.750000 37.425003 
141375372677386 -22.950001 19.575001 37.968750 
141375392677386 -23.250000 17.850000 38.325001 
141375412677386 -23.418751 16.293751 38.718750 
141375432677386 -23.287500 14.775001 39.281250 
141375452677386 -22.950001 13.593751 40.200001 
141375472677386 -22.537500 12.937501 40.481251 
141375492677386 -21.918751 12.431251 41.100002 
141375512677386 -21.393751 12.412500 41.550003 
141375532677386 -21.056252 13.068750 41.812500 
141375552677386 -20.962502 13.912500 42.056252 
141375572677386 -20.568750 15.018750 42.206253 
141375592677386 -20.268751 16.425001 42.225002 
141375612677386 -20.043751 17.906250 41.925003 
141375632677386 -20.156250 18.787500 41.662502 
141375652677386 -20.775002 19.800001 41.025002 
141375672677386 -21.581251 21.000000 40.106251 
141375692677386 -22.125000 21.993752 39.300003 
141375712677386 -22.968750 22.612501 38.325001 
141375732677386 -24.168751 23.118752 37.200001 
141375752677386 -25.425001 22.931252 36.000000 
141375772677386 -26.831251 23.287500 34.818752 
141375792677386 -27.693750 24.037500 33.937500 
141375812677386 -28.050001 24.825001 33.000000 
141375832677386 -28.012501 25.200001 32.587502 
141375852677386 -28.050001 25.575001 31.893751 
141375872677386 -27.862501 26.268751 31.443750 
141375892677386 -27.675001 27.018751 31.162500 
141375912677386 -27.318750 28.068750 30.637501 
141375932677386 -27.018751 29.043751 29.775002 
141375952677386 -27.131250 29.925001 28.762501 
141375972677386 -27.337502 30.618752 28.218752 
141375992677386 -27.562502 31.218752 27.318750 
141376012677386 -27.843752 32.025002 26.606251 
141376032677386 -28.143751 32.625000 25.593752 
141376052677386 -28.331251 32.981251 24.787500 
141376072677386 -28.500002 33.337502 24.150002 
141376092677386 -28.725000 33.787502 23.775002 
141376112677386 -28.650002 34.387501 23.025002 
141376132677386 -28.668751 34.912502 22.575001 
141376152677386 -28.668751 35.718750 21.712502 
141376172677386 -28.406252 35.925003 21.093750 
141376192677386 -28.293751 36.318752 20.793751 
141376212677386 -28.406252 36.787502 20.137501 
141376232677386 -28.200001 36.937500 19.837502 
141376252677386 -27.806252 36.993752 19.668751 
141376272677386 -27.825001 36.731251 19.968750 
141376292677386 -27.675001 36.318752 19.893751 
141376312677386 -27.862501 35.681252 20.868752 
141376332677386 -28.106251 34.912502 22.312500 
141376352677386 -28.237501 33.506252 23.756250 
141376372677386 -28.181252 31.668751 25.556252 
141376392677386 -28.500002 30.168751 27.787500 
141376412677386 -28.968752 28.068750 29.343752 
141376432677386 -29.343752 25.856251 30.881250 
141376452677386 -29.887501 23.550001 32.475002 
141376472677386 -30.168751 21.337502 33.468750 
141376492677386 -30.825001 18.712502 34.068752 
141376512677386 -31.293751 16.537500 34.518753 
141376532677386 -31.593752 14.625001 34.950001 
141376552677386 -31.556252 13.068750 35.400002 
141376572677386 -31.481251 11.643750 36.037502 
141376592677386 -31.181252 10.406250 36.581253 
141376612677386 -30.862501 9.637501 37.106251 
141376632677386 -30.581251 9.037500 37.631252 
141376652677386 -30.056252 9.543751 38.118752 
141376672677386 -29.400002 10.143750 38.718750 
141376692677386 -28.893751 11.081250 39.112503 
141376712677386 -28.218752 12.187501 39.337502 
141376732677386 -27.993752 13.687501 39.525002 
141376752677386 -27.412500 15.112500 39.750000 
141376772677386 -26.700001 16.275002 39.862503 
141376792677386 -26.025002 17.343750 40.012501 
141376812677386 -25.556252 17.962502 40.087502 
141376832677386 -25.593752 18.825001 39.581253 
141376852677386 -25.650002 19.875000 39.131252 
141376872677386 -26.212502 20.718750 38.587502 
141376892677386 -26.756250 21.225000 37.668751 
141376912677386 -27.262501 22.031250 36.806252 
141376932677386 -28.125002 22.875000 35.925003 
141376952677386 -28.387501 23.868752 35.268753 
141376972677386 -28.556252 24.881250 34.575001 
141376992677386 -28.331251 25.781252 34.331253 
141377012677386 -27.956251 26.287500 34.425003 
141377032677386 -27.300001 27.018751 34.106251 
141377052677386 -27.243752 27.656252 33.862503 
141377072677386 -26.812502 28.443750 33.731251 
141377092677386 -26.062502 29.493752 33.375000 
141377112677386 -25.743752 30.206251 33.018753 
141377132677386 -25.368752 31.012501 32.418751 
141377152677386 -25.125002 31.856251 31.875002 
141377172677386 -25.068750 32.737503 30.881250 
141377192677386 -25.162500 33.431252 30.150002 
141377212677386 -24.693750 34.293751 29.643751 
141377232677386 -24.618752 34.968750 28.650002 
141377252677386 -24.675001 35.475002 27.993752 
141377272677386 -24.543751 36.056252 27.206251 
141377292677386 -24.637501 36.975002 26.418751 
141377312677386 -24.525002 37.500000 25.425001 
141377332677386 -24.543751 38.156250 24.656252 
141377352677386 -24.356251 38.568752 23.925001 
141377372677386 -24.243752 38.756252 23.212502 
141377392677386 -24.281252 38.981251 23.100000 
141377412677386 -24.243752 39.168751 23.137501 
141377432677386 -24.300001 39.262501 22.950001 
141377452677386 -24.262501 38.925003 23.287500 
141377472677386 -24.206251 38.418751 24.356251 
141377492677386 -24.093752 37.631252 25.762501 
141377512677386 -24.131250 36.393753 27.675001 
141377532677386 -24.262501 34.893753 29.343752 
141377552677386 -24.543751 33.281250 31.012501 
141377572677386 -24.618752 31.425001 32.568752 
141377592677386 -24.993752 29.475000 34.387501 
141377612677386 -25.237501 27.281252 36.112503 
141377632677386 -25.425001 25.125002 37.106251 
141377652677386 -25.987501 23.025002 38.062500 
141377672677386 -25.631250 21.712502 38.550003 
141377692677386 -25.781252 20.231251 39.206253 
141377712677386 -25.687502 18.993752 39.450001 
141377732677386 -25.462502 17.775002 39.862503 
141377752677386 -24.862501 16.912500 40.387501 
141377772677386 -24.243752 16.481251 40.856251 
141377792677386 -23.887501 16.312500 41.343750 
141377812677386 -22.762501 16.350000 41.756252 
141377832677386 -21.618752 16.818750 42.525002 
141377852677386 -20.531250 17.306252 42.768753 
141377872677386 -19.331251 18.056252 43.106251 
141377892677386 -18.018751 19.275002 43.462502 
141377912677386 -16.575001 20.437500 43.612503 
141377932677386 -15.093751 21.618752 43.762501 
141377952677386 -13.743751 22.593750 43.875000 
141377972677386 -12.693750 23.512501 43.950001 
141377992677386 -12.243751 24.375002 43.743752 
141378012677386 -11.906250 25.181252 43.762501 
141378032677386 -12.018750 25.931252 43.462502 
141378052677386 -12.468751 26.756250 42.487503 
141378072677386 -13.162500 27.712502 41.925003 
141378092677386 -13.987500 28.425001 40.968750 
141378112677386 -14.962501 29.343752 39.825001 
141378132677386 -15.731251 30.056252 38.625000 
141378152677386 -16.350000 30.825001 37.968750 
141378172677386 -16.743752 31.912500 36.881252 
141378192677386 -16.856251 32.756252 36.112503 
141378212677386 -17.025002 33.337502 35.793751 
141378232677386 -17.212502 33.750000 35.156250 
141378252677386 -17.400002 34.181252 34.518753 
141378272677386 -17.306252 34.687500 34.350002 
141378292677386 -17.156250 35.643753 33.956253 
141378312677386 -17.025002 36.318752 33.187500 
141378332677386 -16.893751 37.012501 32.850002 
141378352677386 -16.875000 37.537502 32.156250 
141378372677386 -16.931252 38.325001 31.650002 
141378392677386 -16.987501 38.118752 31.050001 
141378412677386 -17.043751 38.850002 30.412500 
141378432677386 -16.837502 39.412502 29.643751 
141378452677386 -17.156250 39.693752 28.725000 
141378472677386 -16.781250 40.256252 27.956251 
141378492677386 -16.818750 40.743752 26.831251 
141378512677386 -16.593750 41.400002 26.193750 
141378532677386 -16.331251 41.625000 25.462502 
141378552677386 -16.706251 42.375000 24.900002 
141378572677386 -16.406250 42.618752 24.637501 
141378592677386 -16.500000 43.068752 24.281252 
141378612677386 -16.275002 43.312500 24.168751 
141378632677386 -16.650002 43.162502 24.281252 
141378652677386 -16.931252 42.750000 24.506250 
141378672677386 -17.343750 42.225002 25.068750 
141378692677386 -17.550001 41.625000 25.950001 
141378712677386 -17.700001 40.687500 27.300001 
141378732677386 -18.131250 39.393753 28.443750 
141378752677386 -18.525002 37.743752 29.962502 
141378772677386 -19.106251 36.037502 31.593752 
141378792677386 -18.600000 33.787502 33.468750 
141378812677386 -18.900002 31.950001 35.175003 
141378832677386 -19.575001 30.037500 36.600002 
141378852677386 -20.193750 27.825001 37.706253 
141378872677386 -20.681252 25.687502 38.456253 
141378892677386 -21.243752 24.168751 39.075001 
141378912677386 -21.712502 22.687500 39.675003 
141378932677386 -22.125000 21.356251 40.218750 
141378952677386 -22.068750 20.250000 40.818752 
141378972677386 -21.956251 19.312500 41.212502 
141378992677386 -21.487501 18.618752 41.512501 
141379012677386 -20.925001 18.506250 41.850002 
141379032677386 -20.118752 18.637501 42.187500 
141379052677386 -18.862501 19.125000 42.712502 
141379072677386 -17.587502 19.968750 42.862503 
141379092677386 -16.012501 20.906250 43.143753 
141379112677386 -15.056251 21.881250 43.218750 
141379132677386 -13.687501 22.968750 43.331253 
141379152677386 -12.393750 24.112501 43.237503 
141379172677386 -11.250000 25.181252 43.162502 
141379192677386 -10.556251 25.968752 42.993752 
141379212677386 -10.481251 26.662500 42.656250 
141379232677386 -10.575001 27.356251 42.150002 
141379252677386 -10.987500 27.993752 41.268753 
141379272677386 -11.550000 28.612501 40.556252 
141379292677386 -12.356251 29.418751 39.750000 
141379312677386 -13.050000 30.000002 39.056252 
141379332677386 -13.725000 30.468752 38.362503 
141379352677386 -14.081250 30.975000 37.556252 
141379372677386 -13.912500 31.275002 37.143753 
141379392677386 -13.500001 31.593752 37.012501 
141379412677386 -13.293751 31.800001 36.825001 
141379432677386 -13.181251 32.006252 36.468750 
141379452677386 -12.675000 32.418751 36.093750 
141379472677386 -12.375001 33.262501 35.643753 
141379492677386 -12.093751 34.087502 35.381252 
141379512677386 -11.718750 34.837502 35.043751 
141379532677386 -11.550000 35.775002 34.275002 
141379552677386 -11.343750 36.506252 33.637501 
141379572677386 -11.268750 37.256252 32.981251 
141379592677386 -10.893750 38.156250 32.362503 
141379612677386 -10.837501 38.775002 31.800001 
141379632677386 -10.387501 39.318752 30.918751 
141379652677386 -10.050000 39.881252 30.356251 
141379672677386 -9.918751 40.481251 29.756250 
141379692677386 -9.768750 40.968750 29.212502 
141379712677386 -9.618751 41.587502 28.481251 
141379732677386 -9.318750 42.225002 27.768751 
141379752677386 -9.093750 42.318752 27.243752 
141379772677386 -8.868751 42.600002 26.887501 
141379792677386 -8.737500 42.862503 26.868752 
141379812677386 -8.700001 43.068752 26.550001 
141379832677386 -8.381250 43.143753 26.456251 
141379852677386 -8.250000 43.200001 26.568750 
141379872677386 -8.550000 42.918751 26.812502 
141379892677386 -8.681251 42.543751 27.506250 
141379912677386 -8.700001 41.981251 28.481251 
141379932677386 -8.568750 41.268753 29.625002 
141379952677386 -9.112500 40.031250 31.012501 
141379972677386 -9.562500 38.550003 32.643753 
141379992677386 -10.218750 36.956253 34.162502 
141380012677386 -10.743751 35.175003 35.981251 
141380032677386 -11.175000 33.375000 37.725002 
141380052677386 -11.568750 31.462502 39.112503 
141380072677386 -12.243751 29.943750 40.181252 
141380092677386 -13.162500 28.612501 40.987503 
141380112677386 -13.631250 27.506250 41.587502 
141380132677386 -13.968751 26.756250 41.887501 
141380152677386 -14.493751 26.231251 42.243752 
141380172677386 -14.681251 25.743752 42.281250 
141380192677386 -14.606251 25.668751 42.337502 
141380212677386 -14.662500 25.818750 42.300003 
141380232677386 -14.475000 25.987501 42.412502 
141380252677386 -14.137501 26.156252 42.356251 
141380272677386 -13.368751 26.812502 41.925003 
141380292677386 -12.581250 27.356251 41.775002 
141380312677386 -11.175000 27.975000 41.512501 
141380332677386 -9.937500 28.818750 41.306252 
141380352677386 -8.756250 29.550001 41.250000 
141380372677386 -7.406250 30.112501 41.287502 
141380392677386 -6.225000 30.543751 41.175003 
141380412677386 -5.212500 30.843752 41.137501 
141380432677386 -4.781250 31.087502 41.362503 
141380452677386 -4.537500 31.537500 41.081253 
141380472677386 -4.518750 31.931252 40.706253 
141380492677386 -5.325000 32.287502 40.050003 
141380512677386 -5.493750 32.737503 39.431252 
141380532677386 -6.056250 33.356251 38.775002 
141380552677386 -6.562500 34.012501 38.025002 
141380572677386 -6.806250 34.818752 37.462502 
141380592677386 -6.600000 35.400002 36.843750 
141380612677386 -6.093750 35.775002 36.750000 
141380632677386 -5.981250 36.243752 36.656250 
141380652677386 -5.343750 36.281250 36.637501 
141380672677386 -5.025000 36.525002 36.393753 
141380692677386 -4.593750 36.862503 36.262501 
141380712677386 -3.825000 37.331253 35.906250 
141380732677386 -3.225000 37.687500 35.493752 
141380752677386 -2.718750 38.212502 34.912502 
141380772677386 -2.325000 39.037502 34.106251 
141380792677386 -1.631250 39.618752 33.468750 
141380812677386 -1.368750 40.256252 32.718750 
141380832677386 -1.031250 40.818752 32.156250 
141380852677386 -0.300000 41.212502 31.406252 
141380872677386 0.262500 41.737503 30.975000 
141380892677386 0.750000 42.168751 30.450001 
141380912677386 1.575000 42.225002 29.943750 
141380932677386 2.062500 42.431252 29.306252 
141380952677386 2.587500 42.843750 28.650002 
141380972677386 3.131250 43.293751 28.162500 
141380992677386 3.731250 43.556252 27.318750 
141381012677386 4.218750 43.781250 26.868752 
141381032677386 4.725000 43.912502 26.325001 
141381052677386 5.175000 44.025002 26.062502 
141381072677386 5.381250 44.118752 25.950001 
141381092677386 5.568750 43.818752 26.268751 
141381112677386 5.193750 43.462502 26.925001 
141381132677386 5.006250 42.825001 27.675001 
141381152677386 4.668750 42.093750 29.043751 
141381172677386 4.068750 41.212502 30.637501 
141381192677386 3.412500 39.693752 32.325001 
141381212677386 2.643750 38.568752 33.825001 
141381232677386 1.425000 37.106251 35.400002 
141381252677386 0.487500 35.962502 36.956253 
141381272677386 -0.243750 34.725002 38.212502 
141381292677386 -1.068750 33.750000 39.356251 
141381312677386 -1.931250 33.093750 39.937500 
141381332677386 -2.625000 32.550003 40.162502 
141381352677386 -3.375000 32.475002 40.106251 
141381372677386 -4.068750 32.381252 40.162502 
141381392677386 -4.481250 32.662502 39.637501 
141381412677386 -4.631250 32.906250 39.243752 
141381432677386 -4.706250 33.525002 38.643753 
141381452677386 -4.725000 34.218750 37.950001 
141381472677386 -4.631250 34.781250 37.331253 
141381492677386 -4.218750 35.456253 36.881252 
141381512677386 -3.281250 36.000000 36.225002 
141381532677386 -2.268750 36.656250 35.268753 
141381552677386 -1.162500 37.631252 34.818752 
141381572677386 -0.300000 38.325001 34.256252 
141381592677386 0.543750 38.906250 33.618752 
141381612677386 1.106250 39.393753 33.187500 
141381632677386 1.837500 39.750000 32.906250 
141381652677386 2.381250 40.331253 32.137501 
141381672677386 2.700000 40.950001 31.931252 
141381692677386 2.906250 41.531250 31.668751 
141381712677386 3.206250 41.775002 30.900002 
141381732677386 3.581250 42.187500 30.168751 
141381752677386 3.918750 42.393753 29.700001 
141381772677386 4.893750 42.675003 28.837502 
141381792677386 5.606250 43.200001 28.087502 
141381812677386 6.506250 43.350002 27.637501 
141381832677386 7.275000 43.556252 26.906252 
141381852677386 8.081250 43.631252 26.175001 
141381872677386 8.550000 43.893753 25.743752 
141381892677386 8.981251 44.043751 25.143751 
141381912677386 9.750000 44.456253 24.412500 
141381932677386 10.181251 44.737503 23.887501 
141381952677386 10.800000 44.981251 23.362501 
141381972677386 10.987500 45.131252 22.725000 
141381992677386 11.325001 45.450001 22.425001 
141382012677386 11.475000 45.731251 21.900002 
141382032677386 12.056251 46.200001 21.468750 
141382052677386 12.375001 46.443752 21.056252 
141382072677386 12.843751 46.481251 20.475000 
141382092677386 13.237500 46.425003 20.118752 
141382112677386 13.687501 46.500000 19.631250 
141382132677386 14.568750 46.612503 19.368752 
141382152677386 15.056251 46.481251 19.125000 
141382172677386 15.881250 46.350002 19.050001 
141382192677386 16.425001 46.162502 18.768751 
141382212677386 17.118752 46.106251 18.600000 
141382232677386 17.550001 46.087502 18.806252 
141382252677386 17.887501 45.900002 18.637501 
141382272677386 18.206251 45.806252 18.825001 
141382292677386 18.243752 45.581253 18.750000 
141382312677386 18.506250 45.431252 18.581251 
141382332677386 18.487501 45.300003 18.262501 
141382352677386 18.656250 45.281250 18.206251 
141382372677386 18.787500 45.168751 18.431252 
141382392677386 18.543751 45.056252 19.012501 
141382412677386 18.712502 45.037502 19.743752 
141382432677386 18.656250 44.850002 20.343750 
141382452677386 18.337502 44.775002 21.300001 
141382472677386 18.206251 44.681252 22.218750 
141382492677386 18.093750 44.681252 23.606251 
141382512677386 17.925001 44.456253 24.787500 
141382532677386 17.681252 44.081253 25.518751 
141382552677386 17.737501 43.875000 25.968752 
141382572677386 17.362501 43.931252 26.062502 
141382592677386 17.118752 43.875000 26.306252 
141382612677386 17.231251 44.025002 26.250002 
141382632677386 17.250000 43.987503 26.081251 
141382652677386 17.175001 44.006252 25.575001 
141382672677386 17.137501 44.137501 24.975000 
141382692677386 17.306252 44.400002 24.562502 
141382712677386 17.418751 44.568752 24.018751 
141382732677386 17.550001 44.681252 23.700001 
141382752677386 17.962502 44.850002 22.968750 
141382772677386 18.187500 44.793751 22.368752 
141382792677386 18.450001 45.075001 21.881250 
141382812677386 18.656250 44.925003 21.300001 
141382832677386 18.750000 45.037502 20.812500 
141382852677386 18.862501 45.356251 20.268751 
141382872677386 19.031250 45.337502 19.725000 
141382892677386 19.462502 45.375000 19.068750 
141382912677386 19.537500 45.487503 18.768751 
141382932677386 19.875000 45.712502 18.450001 
141382952677386 20.250000 45.656250 18.225000 
141382972677386 20.681252 45.843750 17.962502 
141382992677386 20.981251 45.806252 17.700001 
141383012677386 21.356251 45.562500 17.568750 
141383032677386 21.581251 45.637501 17.456251 
141383052677386 21.543751 45.675003 17.700001 
141383072677386 21.637501 45.600002 17.606251 
141383092677386 21.543751 45.600002 17.381250 
141383112677386 21.543751 45.656250 17.287500 
141383132677386 21.581251 45.693752 17.531250 
141383152677386 21.468750 45.581253 17.362501 
141383172677386 21.393751 45.656250 17.343750 
141383192677386 21.318750 45.675003 17.306252 
141383212677386 21.393751 45.637501 17.325001 
141383232677386 21.562500 45.787502 17.306252 
141383252677386 21.750000 45.768753 17.475000 
141383272677386 21.825001 45.693752 17.493752 
141383292677386 21.656250 45.768753 17.231251 
141383312677386 21.937500 45.806252 17.287500 
141383332677386 21.881250 45.787502 17.343750 
141383352677386 22.162500 45.712502 17.512501 
141383372677386 22.162500 45.843750 17.268751 
141383392677386 22.068750 45.712502 17.493752 
141383412677386 21.806252 45.562500 17.493752 
141383432677386 21.393751 45.731251 17.793751 
141383452677386 21.318750 45.731251 18.075001 
141383472677386 20.756250 45.918751 18.712502 
141383492677386 20.175001 45.975002 19.406250 
141383512677386 19.668751 46.050003 19.856251 
141383532677386 19.293751 45.900002 20.568750 
141383552677386 18.956251 45.806252 21.037500 
141383572677386 18.843750 46.068752 21.562500 
141383592677386 18.806252 46.012501 21.656250 
141383612677386 18.506250 46.031250 21.843750 
141383632677386 18.825001 46.050003 21.468750 
141383652677386 19.050001 46.237503 21.018751 
141383672677386 19.125000 46.425003 20.718750 
141383692677386 19.443750 46.500000 20.193750 
141383712677386 19.650002 46.781250 19.537500 
141383732677386 19.837502 46.781250 18.956251 
141383752677386 20.118752 46.875000 18.393751 
141383772677386 20.700001 46.837502 18.075001 
141383792677386 20.962502 46.987503 17.850000 
141383812677386 21.431252 46.912502 17.362501 
141383832677386 21.918751 46.631252 16.781250 
141383852677386 22.143751 46.800003 16.293751 
141383872677386 22.387501 46.762501 16.256250 
141383892677386 22.575001 46.725002 16.237501 
141383912677386 22.612501 46.687500 16.425001 
141383932677386 22.650002 46.706253 16.631250 
141383952677386 22.706251 46.293751 16.875000 
141383972677386 22.743752 46.012501 17.456251 
141383992677386 22.800001 45.975002 17.943750 
141384012677386 22.912500 45.637501 18.393751 
141384032677386 23.137501 45.300003 18.581251 
141384052677386 23.512501 45.093750 18.806252 
141384072677386 24.037500 44.925003 18.918751 
141384092677386 24.300001 44.756252 18.918751 
141384112677386 24.525002 44.756252 18.937500 
141384132677386 24.825001 44.756252 18.675001 
141384152677386 25.012501 44.700001 18.618752 
141384172677386 25.331251 44.643753 18.712502 
141384192677386 25.537500 44.587502 18.637501 
141384212677386 25.631250 44.587502 18.693750 
141384232677386 25.612501 44.156250 18.750000 
141384252677386 25.762501 43.837502 18.937500 
141384272677386 25.781252 43.631252 18.975000 
141384292677386 25.818750 43.462502 19.406250 
141384312677386 25.950001 43.200001 19.781250 
141384332677386 25.968752 42.937500 20.193750 
141384352677386 25.706251 42.731251 21.168751 
141384372677386 25.500002 42.075001 22.256250 
141384392677386 24.356251 42.281250 23.681252 
141384412677386 23.962502 42.018753 25.050001 
141384432677386 23.512501 41.643753 26.868752 
141384452677386 22.875000 41.137501 28.218752 
141384472677386 22.125000 40.818752 29.568750 
141384492677386 21.318750 40.350002 31.162500 
141384512677386 20.868752 39.862503 32.268753 
141384532677386 20.100000 39.468750 33.243752 
141384552677386 19.406250 39.225002 33.637501 
141384572677386 18.787500 38.887501 34.312500 
141384592677386 18.281250 38.400002 34.668751 
141384612677386 17.756250 38.100002 35.587502 
141384632677386 17.550001 37.687500 36.562500 
141384652677386 17.306252 37.143753 37.162502 
141384672677386 16.875000 36.487503 37.875000 
141384692677386 16.875000 36.225002 38.418751 
141384712677386 17.006250 36.056252 38.868752 
141384732677386 17.118752 35.812500 38.962502 
141384752677386 17.268751 35.925003 38.962502 
141384772677386 17.550001 35.737503 38.587502 
141384792677386 17.418751 35.831253 38.250000 
141384812677386 17.343750 36.262501 37.762501 
141384832677386 17.418751 37.181252 37.106251 
141384852677386 17.343750 37.781250 36.150002 
141384872677386 17.381250 38.475002 34.987503 
141384892677386 17.381250 39.431252 33.825001 
141384912677386 17.906250 39.918751 32.418751 
141384932677386 18.225000 40.856251 30.806252 
141384952677386 19.031250 41.906250 28.556252 
141384972677386 19.968750 42.881252 26.493752 
141384992677386 20.962502 43.537502 24.675001 
141385012677386 21.618752 44.400002 23.362501 
141385032677386 22.125000 44.981251 22.200001 
141385052677386 22.518751 45.431252 21.431252 
141385072677386 22.818750 45.506252 21.243752 
141385092677386 22.912500 45.562500 21.375000 
141385112677386 22.837502 45.506252 22.106251 
141385132677386 22.406250 45.525002 22.687500 
141385152677386 22.125000 45.356251 22.893751 
141385172677386 21.862501 45.206253 22.950001 
141385192677386 21.843750 45.243752 23.025002 
141385212677386 21.881250 45.150002 22.968750 
141385232677386 21.881250 45.300003 22.575001 
141385252677386 21.993752 45.506252 21.918751 
141385272677386 22.068750 45.525002 21.412500 
141385292677386 22.406250 45.431252 21.000000 
141385312677386 22.462502 45.187500 20.906250 
141385332677386 22.612501 45.243752 21.000000 
141385352677386 22.687500 45.018753 21.112501 
141385372677386 22.518751 44.850002 21.243752 
141385392677386 22.612501 44.606251 21.337502 
141385412677386 22.481251 44.531250 21.787500 
141385432677386 22.500000 44.550003 21.712502 
141385452677386 22.162500 44.643753 22.012501 
141385472677386 22.050001 44.943752 22.068750 
141385492677386 22.125000 44.812500 21.731251 
141385512677386 22.125000 44.868752 21.600000 
141385532677386 22.293751 44.812500 21.506250 
141385552677386 22.143751 44.906250 21.600000 
141385572677386 22.275002 44.943752 21.375000 
141385592677386 22.068750 44.812500 21.468750 
141385612677386 22.237501 44.756252 21.168751 
141385632677386 22.256250 44.718750 21.150002 
141385652677386 22.350000 44.850002 21.356251 
141385672677386 22.331251 44.831253 21.318750 
141385692677386 22.481251 44.793751 20.981251 
141385712677386 22.668751 44.793751 20.793751 
141385732677386 22.575001 45.112503 20.850000 
141385752677386 22.650002 45.093750 20.587502 
141385772677386 22.650002 45.000000 20.418751 
141385792677386 22.743752 45.018753 20.250000 
141385812677386 22.425001 45.131252 20.118752 
141385832677386 22.406250 45.393753 19.931252 
141385852677386 22.406250 45.581253 20.043751 
141385872677386 22.425001 45.656250 19.856251 
141385892677386 22.500000 45.487503 19.687500 
141385912677386 22.612501 45.750000 19.725000 
141385932677386 22.668751 45.975002 19.818750 
141385952677386 22.500000 46.031250 19.687500 
141385972677386 22.781250 45.937500 19.575001 
141385992677386 22.800001 45.843750 19.443750 
141386012677386 22.856251 46.068752 19.237501 
141386032677386 23.006250 46.143753 18.900002 
141386052677386 23.156250 45.918751 18.525002 
141386072677386 23.287500 45.900002 18.206251 
141386092677386 23.268751 46.031250 18.018751 
141386112677386 23.437500 46.125000 17.831251 
141386132677386 23.400002 46.218750 17.493752 
141386152677386 23.475000 46.143753 17.343750 
141386172677386 23.493752 45.993752 17.156250 
141386192677386 23.306252 45.993752 17.362501 
141386212677386 23.100000 46.275002 17.512501 
141386232677386 22.743752 46.143753 17.475000 
141386252677386 22.781250 45.975002 17.456251 
141386272677386 22.706251 46.143753 17.625000 
141386292677386 22.518751 46.050003 17.662500 
141386312677386 22.218750 46.237503 17.681252 
141386332677386 22.106251 46.218750 17.662500 
141386352677386 21.956251 46.293751 17.493752 
141386372677386 21.993752 46.181252 17.475000 
141386392677386 22.181252 46.425003 17.568750 
141386412677386 22.256250 46.668751 17.475000 
141386432677386 22.068750 46.612503 17.475000 
141386452677386 21.900002 46.818752 17.568750 
141386472677386 22.031250 46.781250 17.756250 
141386492677386 22.031250 46.875000 18.281250 
141386512677386 21.956251 46.875000 18.637501 
141386532677386 21.806252 47.100002 19.125000 
141386552677386 21.806252 46.818752 19.893751 
141386572677386 21.637501 46.387501 20.437500 
141386592677386 21.731251 46.218750 20.943750 
141386612677386 22.012501 45.862503 21.393751 
141386632677386 22.012501 45.618752 21.787500 
141386652677386 22.275002 45.337502 21.843750 
141386672677386 22.425001 44.943752 22.125000 
141386692677386 22.687500 44.475002 22.200001 
141386712677386 22.856251 44.531250 22.162500 
141386732677386 22.856251 44.475002 22.443750 
141386752677386 23.100000 44.343750 22.800001 
141386772677386 23.118752 44.212502 23.212502 
141386792677386 23.193750 43.931252 23.531250 
141386812677386 23.006250 43.968750 23.812500 
141386832677386 23.268751 43.837502 23.943750 
141386852677386 23.475000 43.931252 23.831251 
141386872677386 23.212502 43.406250 23.606251 
141386892677386 23.475000 43.256252 23.568750 
141386912677386 23.306252 43.143753 23.493752 
141386932677386 23.193750 43.068752 23.400002 
141386952677386 23.175001 43.200001 23.418751 
141386972677386 23.006250 42.937500 23.437500 
141386992677386 22.837502 42.975002 23.793751 
141387012677386 22.275002 42.787502 24.487501 
141387032677386 22.256250 42.956253 25.500002 
141387052677386 21.637501 42.900002 26.100000 
141387072677386 21.037500 42.768753 26.906252 
141387092677386 20.662500 42.581253 27.656252 
141387112677386 19.875000 42.318752 28.425001 
141387132677386 19.275002 42.037502 29.268751 
141387152677386 18.206251 41.906250 30.056252 
141387172677386 17.437500 41.718750 30.487501 
141387192677386 16.687500 41.531250 31.106251 
141387212677386 15.543751 41.381252 31.631250 
141387232677386 14.700001 40.762501 31.912500 
141387252677386 13.368751 40.856251 32.268753 
141387272677386 12.281251 40.725002 32.493752 
141387292677386 11.025001 41.081253 32.868752 
141387312677386 10.106251 41.156250 33.168751 
141387332677386 9.056251 41.175003 33.543751 
141387352677386 7.968750 41.381252 33.900002 
141387372677386 7.125000 41.381252 34.368752 
141387392677386 5.662500 41.100002 34.950001 
141387412677386 4.556250 40.893753 35.606251 
141387432677386 3.450000 40.818752 35.793751 
141387452677386 2.043750 40.387501 36.206253 
141387472677386 0.243750 40.068752 36.506252 
141387492677386 -1.762500 39.600002 36.975002 
141387512677386 -3.675000 39.150002 37.218750 
141387532677386 -5.587500 38.793751 37.181252 
141387552677386 -7.218750 38.662502 37.275002 
141387572677386 -8.887501 38.381252 36.956253 
141387592677386 -10.368751 38.081253 36.900002 
141387612677386 -11.925000 37.781250 37.125000 
141387632677386 -13.350000 37.368752 37.181252 
141387652677386 -14.493751 37.143753 37.237503 
141387672677386 -15.656251 36.900002 36.975002 
141387692677386 -16.631250 36.900002 36.937500 
141387712677386 -17.662500 36.731251 36.825001 
141387732677386 -18.600000 36.825001 36.318752 
141387752677386 -19.481251 36.393753 36.150002 
141387772677386 -20.118752 36.281250 35.812500 
141387792677386 -20.775002 36.243752 35.456253 
141387812677386 -21.281250 36.525002 34.931252 
141387832677386 -21.937500 36.581253 34.556252 
141387852677386 -22.481251 36.450001 34.031250 
141387872677386 -22.912500 36.468750 33.618752 
141387892677386 -23.550001 36.281250 33.075001 
141387912677386 -24.168751 36.393753 32.775002 
141387932677386 -25.031252 36.450001 32.400002 
141387952677386 -25.837502 36.562500 32.062500 
141387972677386 -26.606251 36.243752 31.762501 
141387992677386 -27.131250 35.775002 31.331251 
141388012677386 -27.975000 35.456253 31.125002 
141388032677386 -28.856251 35.137501 30.600000 
141388052677386 -29.737501 34.968750 30.300001 
141388072677386 -30.562502 34.612503 29.831251 
141388092677386 -31.125002 34.275002 29.306252 
141388112677386 -31.593752 33.975002 28.762501 
141388132677386 -31.987501 33.956253 28.256250 
141388152677386 -32.287502 33.937500 28.087502 
141388172677386 -32.756252 33.975002 27.656252 
141388192677386 -33.075001 33.618752 27.393751 
141388212677386 -33.450001 33.281250 27.318750 
141388232677386 -33.806252 33.075001 27.131250 
141388252677386 -34.125000 32.831253 26.925001 
141388272677386 -34.350002 32.568752 26.850000 
141388292677386 -34.575001 32.193752 26.775002 
141388312677386 -35.250000 31.725000 26.456251 
141388332677386 -35.643753 31.406252 26.306252 
141388352677386 -35.831253 31.237501 26.175001 
141388372677386 -36.262501 31.162500 25.931252 
141388392677386 -36.637501 31.012501 25.575001 
141388412677386 -36.975002 30.768751 25.312502 
141388432677386 -37.481251 30.375002 25.012501 
141388452677386 -38.081253 29.887501 24.918751 
141388472677386 -38.400002 29.081251 24.750002 
141388492677386 -38.775002 28.687502 24.656252 
141388512677386 -39.337502 28.200001 24.450001 
141388532677386 -39.675003 27.506250 24.431252 
141388552677386 -40.012501 26.906252 24.525002 
141388572677386 -40.275002 26.568750 24.506250 
141388592677386 -40.462502 26.531252 24.075001 
141388612677386 -40.631252 26.906252 23.512501 
141388632677386 -41.006252 27.356251 23.025002 
141388652677386 -41.081253 27.543751 22.050001 
141388672677386 -42.093750 27.787500 20.643751 
141388692677386 -42.356251 28.237501 19.106251 
141388712677386 -43.143753 28.725000 17.418751 
141388732677386 -43.725002 28.912500 15.618751 
141388752677386 -44.456253 28.856251 13.912500 
141388772677386 -44.568752 28.256250 12.056251 
141388792677386 -45.150002 27.825001 10.181251 
141388812677386 -45.900002 27.281252 8.568750 
141388832677386 -46.443752 26.606251 7.087500 
141388852677386 -46.931252 26.081251 5.587500 
141388872677386 -47.062500 25.762501 4.143750 
141388892677386 -47.381252 25.481251 2.587500 
141388912677386 -47.437500 25.162500 1.500000 
141388932677386 -47.662502 24.937502 0.768750 
141388952677386 -47.531250 24.843752 -0.131250 
141388972677386 -47.700001 24.918751 -1.181250 
141388992677386 -47.625000 24.975000 -1.950000 
141389012677386 -47.756252 25.125002 -2.531250 
141389032677386 -47.700001 24.975000 -3.243750 
141389052677386 -47.793751 24.937502 -3.918750 
141389072677386 -47.812500 24.750002 -4.837500 
141389092677386 -47.793751 24.675001 -6.000000 
141389112677386 -47.737503 24.468752 -7.106250 
141389132677386 -47.775002 23.981251 -7.950000 
141389152677386 -47.887501 23.268751 -8.906250 
141389172677386 -47.943752 22.406250 -9.881250 
141389192677386 -48.018753 21.412500 -10.462501 
141389212677386 -48.018753 20.568750 -11.043751 
141389232677386 -48.262501 19.687500 -11.662500 
141389252677386 -48.525002 18.562500 -12.300000 
141389272677386 -48.731251 17.437500 -12.900001 
141389292677386 -48.787502 16.368752 -13.387501 
141389312677386 -48.937504 15.337501 -13.837501 
141389332677386 -49.050003 14.400001 -14.100000 
141389352677386 -49.275002 13.725000 -14.362500 
141389372677386 -49.575001 12.975000 -14.193750 
141389392677386 -49.762501 12.768750 -13.631250 
141389412677386 -50.156254 12.975000 -12.431251 
141389432677386 -50.437504 13.331250 -11.081250 
141389452677386 -50.812504 13.575001 -10.143750 
141389472677386 -51.037502 14.081250 -8.643750 
141389492677386 -51.187504 14.475000 -6.937500 
141389512677386 -51.356251 15.037500 -4.968750 
141389532677386 -51.393753 15.450001 -2.831250 
141389552677386 -51.881252 16.331251 -0.318750 
141389572677386 -51.862503 16.200001 1.968750 
141389592677386 -51.712502 16.068750 4.556250 
141389612677386 -51.318752 15.975000 8.081250 
141389632677386 -51.037502 15.412500 11.268750 
141389652677386 -50.437504 14.793751 14.475000 
141389672677386 -49.706253 13.800000 17.587502 
141389692677386 -48.975002 12.806251 20.550001 
141389712677386 -48.206253 11.568750 23.100000 
141389732677386 -47.043751 10.237500 25.518751 
141389752677386 -45.862503 8.943750 27.806252 
141389772677386 -45.037502 7.537500 29.437502 
141389792677386 -44.231251 6.300000 30.431252 
141389812677386 -44.193752 5.212500 31.068750 
141389832677386 -44.100002 4.087500 30.881250 
141389852677386 -44.606251 2.812500 29.962502 
141389872677386 -44.568752 1.950000 27.468752 
141389892677386 -46.200001 0.600000 24.581251 
141389912677386 -47.625000 -1.050000 20.643751 
141389932677386 -48.862503 -2.681250 15.993751 
141389952677386 -50.156254 -4.443750 10.575001 
141389972677386 -50.681252 -6.806250 4.725000 
141389992677386 -50.737503 -8.718750 -0.956250 
141390012677386 -50.043751 -11.043751 -7.068750 
141390032677386 -48.581253 -13.612500 -12.450001 
141390052677386 -46.837502 -15.731251 -17.381250 
141390072677386 -44.493752 -17.700001 -21.656250 
141390092677386 -41.943752 -19.893751 -25.537500 
141390112677386 -38.981251 -21.918751 -28.818750 
141390132677386 -36.412502 -23.006250 -32.043751 
141390152677386 -33.262501 -24.337502 -34.706253 
141390172677386 -29.981251 -25.237501 -36.862503 
141390192677386 -26.418751 -25.781252 -39.206253 
141390212677386 -22.556252 -26.456251 -41.381252 
141390232677386 -18.862501 -25.950001 -42.956253 
141390252677386 -14.775001 -25.575001 -44.981251 
141390272677386 -9.937500 -24.712502 -46.687500 
141390292677386 -4.800000 -23.287500 -47.850002 
141390312677386 -0.037500 -22.050001 -49.800003 
141390332677386 4.575000 -20.231251 -50.625004 
141390352677386 9.412500 -18.206251 -50.493752 
141390372677386 14.025001 -15.825001 -50.137501 
141390392677386 18.300001 -13.668751 -49.425003 
141390412677386 22.068750 -11.662500 -48.562504 
141390432677386 24.900002 -9.862500 -47.662502 
141390452677386 27.206251 -8.793751 -46.593750 
141390472677386 29.625002 -7.500000 -45.393753 
141390492677386 31.837502 -6.600000 -44.025002 
141390512677386 33.150002 -6.018750 -43.031250 
141390532677386 34.481251 -5.737500 -41.962502 
141390552677386 35.681252 -5.437500 -41.193752 
141390572677386 36.618752 -5.175000 -40.312500 
141390592677386 37.425003 -5.325000 -39.525002 
141390612677386 37.950001 -4.837500 -38.962502 
141390632677386 38.418751 -4.537500 -38.418751 
141390652677386 38.700001 -4.406250 -38.325001 
141390672677386 38.850002 -4.125000 -38.175003 
141390692677386 38.700001 -3.675000 -38.250000 
141390712677386 38.456253 -3.150000 -38.287502 
141390732677386 38.325001 -2.606250 -38.456253 
141390752677386 38.437500 -2.100000 -38.531250 
141390772677386 38.250000 -1.556250 -38.831253 
141390792677386 38.175003 -0.918750 -38.981251 
141390812677386 38.025002 -0.131250 -38.906250 
141390832677386 38.081253 0.543750 -38.981251 
141390852677386 38.081253 1.293750 -38.981251 
141390872677386 38.212502 1.762500 -38.756252 
141390892677386 38.437500 2.212500 -38.662502 
141390912677386 38.381252 2.550000 -38.550003 
141390932677386 38.493752 2.868750 -38.100002 
141390952677386 38.550003 3.075000 -37.893753 
141390972677386 38.512501 3.431250 -37.818752 
