t_Android;t_unix;x;y;z;a
122027098428788;1764839971078;-0.0023968432;0.0021305273;0.0;3
122027100416913;1764839971078;-0.0023968432;0.0021305273;0.0;3
122027102405038;1764839971078;-0.0023968432;0.0021305273;0.0;3
122027104393163;1764839971078;-0.0023968432;0.0021305273;0.0;3
122027106381288;1764839971078;-0.0023968432;0.0021305273;0.0;3
122027108369413;1764839971078;-0.0023968432;0.0021305273;0.0;3
122027110357538;1764839971078;-0.0023968432;0.0021305273;0.0;3
122027112345663;1764839971078;-0.0023968432;0.0021305273;0.0;3
122027114333788;1764839971078;-0.0023968432;0.0021305273;0.0;3
122027116321913;1764839971078;-0.0023968432;0.0021305273;0.0;3
122027118310038;1764839971078;-0.0023968432;0.0021305273;0.0;3
122027120298163;1764839971078;-0.0023968432;0.0021305273;0.0;3
122027122286288;1764839971078;-0.0023968432;0.0021305273;0.0;3
122027124274413;1764839971078;-0.0023968432;0.0021305273;0.0;3
122027126262538;1764839971078;-0.0023968432;0.0021305273;0.0;3
122027128250663;1764839971078;-0.0023968432;0.0021305273;0.0;3
122027130238788;1764839971078;-0.0023968432;0.0021305273;0.0;3
122027132226913;1764839971078;-0.0023968432;0.0021305273;0.0;3
122027134215038;1764839971078;-0.0023968432;0.0021305273;0.0;3
122027136203163;1764839971137;-0.0023968432;0.0021305273;0.0;3
122027138191288;1764839971137;-0.0023968432;0.0021305273;0.0;3
122027140179413;1764839971137;-0.0023968432;0.0021305273;0.0;3
122027142167538;1764839971137;-0.0023968432;0.0021305273;0.0;3
122027144155663;1764839971137;-0.0023968432;0.0021305273;0.0;3
122027146143788;1764839971137;-0.0023968432;0.0021305273;0.0;3
122027148131913;1764839971137;-0.0023968432;0.0021305273;0.0;3
122027150120038;1764839971137;-0.0023968432;0.0021305273;0.0;3
122027152108163;1764839971137;-0.0023968432;0.0021305273;0.0;3
122027154096288;1764839971137;-0.0023968432;0.0021305273;0.0;3
122027156084413;1764839971137;-0.0023968432;0.0021305273;0.0;3
122027158072538;1764839971137;-0.0023968432;0.0021305273;0.0;3
122027160060663;1764839971137;-0.0023968432;0.0021305273;0.0;3
122027162048788;1764839971137;-0.0023968432;0.0021305273;0.0;3
122027164036913;1764839971137;-0.0023968432;0.0021305273;0.0;3
122027166025038;1764839971137;-0.0023968432;0.0021305273;0.0;3
122027168013163;1764839971137;-0.0023968432;0.0021305273;0.0;3
122027170001288;1764839971137;-0.0023968432;0.0021305273;0.0;3
122027171989413;1764839971137;-0.0023968432;0.0021305273;0.0;3
122027173977538;1764839971137;-0.0023968432;0.0021305273;0.0;3
122027175965663;1764839971137;-0.0023968432;0.0021305273;0.0;3
122027177953788;1764839971137;-0.0023968432;0.0021305273;0.0;3
122027179941913;1764839971137;-0.0023968432;0.0021305273;0.0;3
122027181930038;1764839971137;-0.0023968432;0.0021305273;0.0;3
122027183918163;1764839971137;-0.0023968432;0.0021305273;0.0;3
122027185906288;1764839971137;-0.0023968432;0.0021305273;0.0;3
122027187894413;1764839971137;-0.0023968432;0.0021305273;0.0;3
122027189882538;1764839971137;-0.0023968432;0.0021305273;0.0;3
122027191870663;1764839971137;-0.0023968432;0.0021305273;0.0;3
122027193858893;1764839971137;-0.0023968432;0.0021305273;0.0;3
122027195847122;1764839971163;-0.0023968432;0.0021305273;0.0;3
122027197835351;1764839971163;-0.0023968432;0.0021305273;0.0;3
122027199823580;1764839971163;-0.0023968432;0.0021305273;0.0;3
122027201811809;1764839971163;-0.0023968432;0.0021305273;0.0;3
122027203800038;1764839971163;-0.0023968432;0.0021305273;0.0;3
122027205788268;1764839971163;-0.0023968432;0.0021305273;0.0;3
122027207776497;1764839971163;-0.0023968432;0.0021305273;0.0;3
122027209764726;1764839971163;-0.0023968432;0.0021305273;0.0;3
122027211752955;1764839971163;-0.0023968432;0.0021305273;0.0;3
122027213741184;1764839971163;-0.0023968432;0.0021305273;0.0;3
122027215729413;1764839971163;-0.0023968432;0.0021305273;0.0;3
122027217717643;1764839971163;-0.0023968432;0.0021305273;0.0;3
122027219705872;1764839971163;-0.0023968432;0.0021305273;0.0;3
122027221694101;1764839971164;-0.0023968432;0.0021305273;0.0;3
122027223682330;1764839971167;-0.0023968432;0.0021305273;0.0;3
122027225670559;1764839971169;-0.0023968432;0.0021305273;0.0;3
122027227658788;1764839971170;-0.0023968432;0.0021305273;0.0;3
122027229647018;1764839971172;-0.0023968432;0.0021305273;0.0;3
122027231635247;1764839971176;-0.0023968432;0.0021305273;0.0;3
122027233623476;1764839971176;-0.0023968432;0.0021305273;0.0;3
122027235611705;1764839971179;-0.0023968432;0.0021305273;0.0;3
122027237599934;1764839971180;-0.0023968432;0.0021305273;0.0;3
122027239588163;1764839971182;-0.0023968432;0.0021305273;0.0;3
122027241576393;1764839971184;-0.0023968432;0.0021305273;0.0;3
122027243564622;1764839971186;-0.0023968432;0.0021305273;0.0;3
122027245552851;1764839971188;-0.0023968432;0.0021305273;0.0;3
122027247541080;1764839971190;-0.0023968432;0.0021305273;0.0;3
122027249529309;1764839971192;-0.0023968432;0.0021305273;0.0;3
122027251517538;1764839971194;-0.0023968432;0.0021305273;0.0;3
122027253505768;1764839971198;-0.0023968432;0.0021305273;0.0;3
122027255493997;1764839971198;-0.0023968432;0.0021305273;0.0;3
122027257482226;1764839971200;-0.0023968432;0.0021305273;0.0;3
122027259470455;1764839971202;-0.0023968432;0.0021305273;0.0;3
122027261458684;1764839971204;-0.0023968432;0.0021305273;0.0;3
122027263446913;1764839971205;-0.0023968432;0.0021305273;0.0;3
122027265435143;1764839971208;-0.0023968432;0.0021305273;0.0;3
122027267423372;1764839971209;-0.0023968432;0.0021305273;0.0;3
122027269411601;1764839971214;-0.0023968432;0.0021305273;0.0;3
122027271399830;1764839971214;-0.0023968432;0.0021305273;0.0;3
122027273388059;1764839971216;-0.0023968432;0.0021305273;0.0;3
122027275376288;1764839971218;-0.0023968432;0.0021305273;0.0;3
122027277364518;1764839971222;-0.0023968432;0.0021305273;0.0;3
122027279352747;1764839971222;-0.0023968432;0.0021305273;0.0;3
122027281340976;1764839971224;-0.0023968432;0.0021305273;0.0;3
122027283329205;1764839971225;-0.0023968432;0.0021305273;0.0;3
122027285317434;1764839971230;-0.0023968432;0.0021305273;0.0;3
122027287305559;1764839971230;-0.0023968432;0.0021305273;0.0;3
122027289293684;1764839971232;-0.0023968432;0.0021305273;0.0;3
122027291281809;1764839971234;-0.0023968432;0.0021305273;0.0;3
122027293269934;1764839971238;-0.0023968432;0.0021305273;0.0;3
122027295258059;1764839971238;-0.0023968432;0.0021305273;0.0;3
122027297246184;1764839971240;-0.0023968432;0.0021305273;0.0;3
122027299234309;1764839971242;-0.0023968432;0.0021305273;0.0;3
122027301222434;1764839971244;-0.0023968432;0.0021305273;0.0;3
122027303210559;1764839971247;-0.0023968432;0.0021305273;0.0;3
122027305198684;1764839971248;-0.0023968432;0.0021305273;0.0;3
122027307186809;1764839971250;-0.0023968432;0.0021305273;0.0;3
122027309174934;1764839971252;-0.0023968432;0.0021305273;0.0;3
122027311163059;1764839971256;-0.0023968432;0.0021305273;0.0;3
122027313151184;1764839971256;-0.0023968432;0.0021305273;0.0;3
122027315139309;1764839971258;-0.0023968432;0.0021305273;0.0;3
122027317127434;1764839971260;-0.0023968432;0.0021305273;0.0;3
122027319115559;1764839971261;-0.0023968432;0.0021305273;0.0;3
122027321103684;1764839971263;-0.0023968432;0.0021305273;0.0;3
122027323091809;1764839971266;-0.0023968432;0.0021305273;0.0;3
122027325079934;1764839971268;-0.0023968432;0.0021305273;0.0;3
122027327068059;1764839971270;-0.0023968432;0.0021305273;0.0;3
122027329056184;1764839971271;-0.0023968432;0.0021305273;0.0;3
122027331044309;1764839971273;-0.0023968432;0.0021305273;0.0;3
122027333032434;1764839971275;-0.0023968432;0.0021305273;0.0;3
122027335020559;1764839971279;-0.0023968432;0.0021305273;0.0;3
122027337008684;1764839971279;-0.0023968432;0.0021305273;0.0;3
122027338996809;1764839971282;-0.0023968432;0.0021305273;0.0;3
122027340984934;1764839971283;-0.0023968432;0.0021305273;0.0;3
122027342973059;1764839971286;-0.0023968432;0.0021305273;0.0;3
122027344961184;1764839971288;-0.0023968432;0.0021305273;0.0;3
122027346949309;1764839971291;-0.0023968432;0.0021305273;0.0;3
122027348937434;1764839971291;-0.0023968432;0.0021305273;0.0;3
122027350925559;1764839971295;-0.0023968432;0.0021305273;0.0;3
122027352913684;1764839971295;-0.0023968432;0.0021305273;0.0;3
122027354901809;1764839971298;-0.0023968432;0.0021305273;0.0;3
122027356889934;1764839971299;-0.0023968432;0.0021305273;0.0;3
122027358878059;1764839971302;-0.0023968432;0.0021305273;0.0;3
122027360866184;1764839971303;-0.0023968432;0.0021305273;0.0;3
122027362854309;1764839971306;-0.0023968432;0.0021305273;0.0;3
122027364842434;1764839971308;-0.0023968432;0.0021305273;0.0;3
122027366830559;1764839971309;-0.0023968432;0.0021305273;0.0;3
122027368818684;1764839971311;-0.0023968432;0.0021305273;0.0;3
122027370806809;1764839971313;-0.0023968432;0.0021305273;0.0;3
122027372794934;1764839971315;-0.0023968432;0.0021305273;0.0;3
122027374783059;1764839971318;-0.0023968432;0.0021305273;0.0;3
122027376771184;1764839971318;-0.0023968432;0.0021305273;0.0;3
122027378759309;1764839971321;-0.0023968432;0.0021305273;0.0;3
122027380747434;1764839971323;-0.0023968432;0.0021305273;0.0;3
122027382735559;1764839971326;-0.0023968432;0.0021305273;0.0;3
122027384723684;1764839971328;-0.0023968432;0.0021305273;0.0;3
122027386711809;1764839971329;-0.0023968432;0.0021305273;0.0;3
122027388700038;1764839971332;-0.0023968432;0.0021305273;0.0;3
122027390688268;1764839971333;-0.0023968432;0.0021305273;0.0;3
122027392676497;1764839971336;-0.0023968432;0.0021305273;0.0;3
122027394664726;1764839971337;-0.0023968432;0.0021305273;0.0;3
122027396652955;1764839971339;-0.0023968432;0.0021305273;0.0;3
122027398641184;1764839971342;-0.0023968432;0.0021305273;0.0;3
122027400629413;1764839971342;-0.0023968432;0.0021305273;0.0;3
122027402617643;1764839971345;-0.0023968432;0.0021305273;0.0;3
122027404605872;1764839971349;-0.0023968432;0.0021305273;0.0;3
122027406594101;1764839971349;-0.0023968432;0.0021305273;0.0;3
122027408582330;1764839971350;-0.0023968432;0.0021305273;0.0;3
122027410570559;1764839971354;-0.0023968432;0.0021305273;0.0;3
122027412558788;1764839971355;-0.0023968432;0.0021305273;0.0;3
122027414547018;1764839971357;-0.0023968432;0.0021305273;0.0;3
122027416535247;1764839971358;-0.0023968432;0.0021305273;0.0;3
122027418523476;1764839971361;-0.0023968432;0.0021305273;0.0;3
122027420511705;1764839971363;-0.0023968432;0.0021305273;0.0;3
122027422499934;1764839971365;-0.0023968432;0.0021305273;0.0;3
122027424488163;1764839971367;-0.0023968432;0.0021305273;0.0;3
122027426476393;1764839971368;-0.0023968432;0.0021305273;0.0;3
122027428464622;1764839971371;-0.0023968432;0.0021305273;0.0;3
122027430452851;1764839971373;-0.0023968432;0.0021305273;0.0;3
122027432441080;1764839971375;-0.0023968432;0.0021305273;0.0;3
122027434429309;1764839971378;-0.0023968432;0.0021305273;0.0;3
122027436417538;1764839971378;-0.0023968432;0.0021305273;0.0;3
122027438405768;1764839971381;-0.0023968432;0.0021305273;0.0;3
122027440393997;1764839971383;-0.0023968432;0.0021305273;0.0;3
122027442382226;1764839971386;-0.0023968432;0.0021305273;0.0;3
122027444370455;1764839971387;-0.0023968432;0.0021305273;0.0;3
122027446358684;1764839971389;-0.0023968432;0.0021305273;0.0;3
122027448346913;1764839971392;-0.0023968432;0.0021305273;0.0;3
122027450335143;1764839971392;-0.0023968432;0.0021305273;0.0;3
122027452323372;1764839971395;-0.0023968432;0.0021305273;0.0;3
122027454311601;1764839971397;-0.0023968432;0.0021305273;0.0;3
122027456299830;1764839971399;-0.0023968432;0.0021305273;0.0;3
122027458288059;1764839971401;-0.0023968432;0.0021305273;0.0;3
122027460276288;1764839971403;-0.0023968432;0.0021305273;0.0;3
122027462264518;1764839971405;-0.0023968432;0.0021305273;0.0;3
122027464252747;1764839971407;-0.0023968432;0.0021305273;0.0;3
122027466240976;1764839971408;-0.0023968432;0.0021305273;0.0;3
122027468229205;1764839971411;-0.0023968432;0.0021305273;0.0;3
122027470217434;1764839971413;-0.0023968432;0.0021305273;0.0;3
122027472205663;1764839971415;-0.0023968432;0.0021305273;0.0;3
122027474193893;1764839971417;-0.0023968432;0.0021305273;0.0;3
122027476182122;1764839971418;-0.0023968432;0.0021305273;0.0;3
122027478170351;1764839971420;-0.0023968432;0.0021305273;0.0;3
122027480158580;1764839971423;-0.0023968432;0.0021305273;0.0;3
122027482146705;1764839971425;-0.0023968432;0.0021305273;0.0;3
122027484134830;1764839971427;-0.0023968432;0.0021305273;0.0;3
122027486122955;1764839971428;-0.0023968432;0.0021305273;0.0;3
122027488111080;1764839971431;-0.0023968432;0.0021305273;0.0;3
122027490099205;1764839971432;-0.0023968432;0.0021305273;0.0;3
122027492087330;1764839971436;-0.0023968432;0.0021305273;0.0;3
122027494075455;1764839971437;-0.0023968432;0.0021305273;0.0;3
122027496063580;1764839971438;-0.0023968432;0.0021305273;0.0;3
122027498051705;1764839971440;-0.0023968432;0.0021305273;0.0;3
122027500039830;1764839971442;-0.0023968432;0.0021305273;0.0;3
122027502027955;1764839971445;-0.0023968432;0.0021305273;0.0;3
122027504016080;1764839971448;-0.0023968432;0.0021305273;0.0;3
122027506004205;1764839971448;-0.0023968432;0.0021305273;0.0;3
122027507992330;1764839971451;-0.0023968432;0.0021305273;0.0;3
122027509980455;1764839971453;-0.0023968432;0.0021305273;0.0;3
122027511968580;1764839971454;-0.0023968432;0.0021305273;0.0;3
122027513956705;1764839971456;-0.0023968432;0.0021305273;0.0;3
122027515944830;1764839971459;-0.0023968432;0.0021305273;0.0;3
122027517932955;1764839971461;-0.0023968432;0.0021305273;0.0;3
122027519921080;1764839971462;-0.0023968432;0.0021305273;0.0;3
122027521909205;1764839971465;-0.0023968432;0.0021305273;0.0;3
122027523897330;1764839971466;-0.0023968432;0.0021305273;0.0;3
122027525885455;1764839971469;-0.0023968432;0.0021305273;0.0;3
122027527873580;1764839971470;-0.0023968432;0.0021305273;0.0;3
122027529861705;1764839971472;-0.0023968432;0.0021305273;0.0;3
122027531849830;1764839971474;-0.0023968432;0.0021305273;0.0;3
122027533837955;1764839971477;-0.0023968432;0.0021305273;0.0;3
122027535826080;1764839971477;-0.0023968432;0.0021305273;0.0;3
122027537814205;1764839971480;-0.0023968432;0.0021305273;0.0;3
122027539802330;1764839971482;-0.0023968432;0.0021305273;0.0;3
122027541790455;1764839971484;-0.0023968432;0.0021305273;0.0;3
122027543778580;1764839971488;-0.0023968432;0.0021305273;0.0;3
122027545766705;1764839971488;-0.0023968432;0.0021305273;0.0;3
122027547754830;1764839971491;-0.0023968432;0.0021305273;0.0;3
122027549742955;1764839971492;-0.0023968432;0.0021305273;0.0;3
122027551731080;1764839971494;-0.0023968432;0.0021305273;0.0;3
122027553719205;1764839971496;-0.0023968432;0.0021305273;0.0;3
122027555707330;1764839971498;-0.0023968432;0.0021305273;0.0;3
122027557695455;1764839971499;-0.0023968432;0.0021305273;0.0;3
122027559683580;1764839971502;-0.0023968432;0.0021305273;0.0;3
122027561671705;1764839971504;-0.0023968432;0.0021305273;0.0;3
122027563659830;1764839971506;-0.0023968432;0.0021305273;0.0;3
122027565647955;1764839971508;-0.0023968432;0.0021305273;0.0;3
122027567636080;1764839971510;-0.0023968432;0.0021305273;0.0;3
122027569624205;1764839971512;-0.0023968432;0.0021305273;0.0;3
122027571612330;1764839971514;-0.0023968432;0.0021305273;0.0;3
122027573600455;1764839971516;-0.0023968432;0.0021305273;0.0;3
122027575588580;1764839971519;-0.0023968432;0.0021305273;0.0;3
122027577576705;1764839971520;-0.0023968432;0.0021305273;0.0;3
122027579564830;1764839971522;-0.0023968432;0.0021305273;0.0;3
122027581553059;1764839971524;-0.0023968432;0.0021305273;0.0;3
122027583541288;1764839971527;-0.0023968432;0.0021305273;0.0;3
122027585529518;1764839971528;-0.0023968432;0.0021305273;0.0;3
122027587517747;1764839971530;-0.0023968432;0.0021305273;0.0;3
122027589505976;1764839971532;-0.0023968432;0.0021305273;0.0;3
122027591494205;1764839971534;-0.0023968432;0.0021305273;0.0;3
122027593482434;1764839971536;-0.0023968432;0.0021305273;0.0;3
122027595470663;1764839971537;-0.0023968432;0.0021305273;0.0;3
122027597458893;1764839971540;-0.0023968432;0.0021305273;0.0;3
122027599447122;1764839971542;-0.0023968432;0.0021305273;0.0;3
122027601435351;1764839971545;-0.0023968432;0.0021305273;0.0;3
122027603423580;1764839971546;-0.0023968432;0.0021305273;0.0;3
122027605411809;1764839971547;-0.0023968432;0.0021305273;0.0;3
122027607400038;1764839971551;-0.0023968432;0.0021305273;0.0;3
122027609388268;1764839971553;-0.0023968432;0.0021305273;0.0;3
122027611376497;1764839971554;-0.0023968432;0.0021305273;0.0;3
122027613364726;1764839971556;-0.0023968432;0.0021305273;0.0;3
122027615352955;1764839971557;-0.0023968432;0.0021305273;0.0;3
122027617341184;1764839971561;-0.0023968432;0.0021305273;0.0;3
122027619329413;1764839971561;-0.0023968432;0.0021305273;0.0;3
122027621317643;1764839971564;-0.0023968432;0.0021305273;0.0;3
122027623305872;1764839971566;-0.0023968432;0.0021305273;0.0;3
122027625294101;1764839971568;-0.0023968432;0.0021305273;0.0;3
122027627282330;1764839971571;-0.0023968432;0.0021305273;0.0;3
122027629270559;1764839971572;-0.0023968432;0.0021305273;0.0;3
122027631258788;1764839971574;-0.0023968432;0.0021305273;0.0;3
122027633247018;1764839971576;-0.0023968432;0.0021305273;0.0;3
122027635235247;1764839971578;-0.0023968432;0.0021305273;0.0;3
122027637223476;1764839971580;-0.0023968432;0.0021305273;0.0;3
122027639211705;1764839971582;-0.0023968432;0.0021305273;0.0;3
122027641199934;1764839971584;-0.0023968432;0.0021305273;0.0;3
122027643188163;1764839971586;-0.0023968432;0.0021305273;0.0;3
122027645176393;1764839971588;-0.0023968432;0.0021305273;0.0;3
122027647164622;1764839971590;-0.0023968432;0.0021305273;0.0;3
122027649152851;1764839971591;-0.0023968432;0.0021305273;0.0;3
122027651141080;1764839971595;-0.0023968432;0.0021305273;0.0;3
122027653129309;1764839971596;-0.0023968432;0.0021305273;0.0;3
122027655117538;1764839971598;-0.0023968432;0.0021305273;0.0;3
122027657105768;1764839971599;-0.0023968432;0.0021305273;0.0;3
122027659093997;1764839971603;-0.0023968432;0.0021305273;0.0;3
122027661082226;1764839971603;-0.0023968432;0.0021305273;0.0;3
122027663070455;1764839971606;-0.0023968432;0.0021305273;0.0;3
122027665058684;1764839971608;-0.0023968432;0.0021305273;0.0;3
122027667046913;1764839971611;-0.0023968432;0.0021305273;0.0;3
122027669035143;1764839971611;-0.0023968432;0.0021305273;0.0;3
122027671023372;1764839971614;-0.0023968432;0.0021305273;0.0;3
122027673011601;1764839971616;-0.0023968432;0.0021305273;0.0;3
122027674999726;1764839971617;-0.0023968432;0.0021305273;0.0;3
122027676987851;1764839971620;-0.0023968432;0.0021305273;0.0;3
122027678975976;1764839971621;-0.0023968432;0.0021305273;0.0;3
122027680964101;1764839971623;-0.0023968432;0.0021305273;0.0;3
122027682952226;1764839971627;-0.0023968432;0.0021305273;0.0;3
122027684940351;1764839971642;-0.0023968432;0.0021305273;0.0;3
122027686928476;1764839971642;-0.0023968432;0.0021305273;0.0;3
122027688916601;1764839971642;-0.0023968432;0.0021305273;0.0;3
122027690904726;1764839971642;-0.0023968432;0.0021305273;0.0;3
122027692892851;1764839971642;-0.0023968432;0.0021305273;0.0;3
122027694880976;1764839971642;-0.0023968432;0.0021305273;0.0;3
122027696869101;1764839971642;-0.0023968432;0.0021305273;0.0;3
122027698857226;1764839971642;-0.0023968432;0.0021305273;0.0;3
122027700845351;1764839971643;-0.0023968432;0.0021305273;0.0;3
122027702833476;1764839971645;-0.0023968432;0.0021305273;0.0;3
122027704821601;1764839971647;-0.0023968432;0.0021305273;0.0;3
122027706809726;1764839971649;-0.0023968432;0.0021305273;0.0;3
122027708797851;1764839971651;-0.0023968432;0.0021305273;0.0;3
122027710785976;1764839971653;-0.0023968432;0.0021305273;0.0;3
122027712774101;1764839971655;-0.0023968432;0.0021305273;0.0;3
122027714762226;1764839971657;-0.0023968432;0.0021305273;0.0;3
122027716750351;1764839971659;-0.0023968432;0.0021305273;0.0;3
122027718738476;1764839971662;-0.0023968432;0.0021305273;0.0;3
122027720726601;1764839971663;-0.0023968432;0.0021305273;0.0;3
122027722714726;1764839971666;-0.0023968432;0.0021305273;0.0;3
122027724702851;1764839971668;-0.0023968432;0.0021305273;0.0;3
122027726690976;1764839971669;-0.0023968432;0.0021305273;0.0;3
122027728679101;1764839971671;-0.0023968432;0.0021305273;0.0;3
122027730667226;1764839971673;-0.0023968432;0.0021305273;0.0;3
122027732655351;1764839971675;-0.0023968432;0.0021305273;0.0;3
122027734643476;1764839971679;-0.0023968432;0.0021305273;0.0;3
122027736631601;1764839971679;-0.0023968432;0.0021305273;0.0;3
122027738619726;1764839971682;-0.0023968432;0.0021305273;0.0;3
122027740607851;1764839971683;-0.0023968432;0.0021305273;0.0;3
122027742595976;1764839971686;-0.0023968432;0.0021305273;0.0;3
122027744584101;1764839971686;-0.0023968432;0.0021305273;0.0;3
122027746572226;1764839971689;-0.0023968432;0.0021305273;0.0;3
122027748560351;1764839971691;-0.0023968432;0.0021305273;0.0;3
122027750548476;1764839971697;-0.0023968432;0.0021305273;0.0;3
122027752536601;1764839971697;-0.0023968432;0.0021305273;0.0;3
122027754524726;1764839971697;-0.0023968432;0.0021305273;0.0;3
122027756512851;1764839971700;-0.0023968432;0.0021305273;0.0;3
122027758500976;1764839971701;-0.0023968432;0.0021305273;0.0;3
122027760489101;1764839971704;-0.0023968432;0.0021305273;0.0;3
122027762477226;1764839971706;-0.0023968432;0.0021305273;0.0;3
122027764465351;1764839971706;-0.0023968432;0.0021305273;0.0;3
122027766453476;1764839971710;-0.0023968432;0.0021305273;0.0;3
122027768441601;1764839971712;-0.0023968432;0.0021305273;0.0;3
122027770429726;1764839971713;-0.0023968432;0.0021305273;0.0;3
122027772417851;1764839971715;-0.0023968432;0.0021305273;0.0;3
122027774406080;1764839971717;-0.0023968432;0.0021305273;0.0;3
122027776394309;1764839971719;-0.0023968432;0.0021305273;0.0;3
122027778382538;1764839971720;-0.0023968432;0.0021305273;0.0;3
122027780370768;1764839971722;-0.0023968432;0.0021305273;0.0;3
122027782358997;1764839971725;-0.0023968432;0.0021305273;0.0;3
122027784347226;1764839971730;-0.0023968432;0.0021305273;0.0;3
122027786335455;1764839971730;-0.0023968432;0.0021305273;0.0;3
122027788323684;1764839971731;-0.0023968432;0.0021305273;0.0;3
122027790311913;1764839971733;-0.0023968432;0.0021305273;0.0;3
122027792300143;1764839971735;-0.0023968432;0.0021305273;0.0;3
122027794288372;1764839971737;-0.0023968432;0.0021305273;0.0;3
122027796276601;1764839971739;-0.0023968432;0.0021305273;0.0;3
122027798264830;1764839971742;-0.0023968432;0.0021305273;0.0;3
122027800253059;1764839971747;-0.0023968432;0.0021305273;0.0;3
122027802241288;1764839971747;-0.0023968432;0.0021305273;0.0;3
122027804229518;1764839971747;-0.0023968432;0.0021305273;0.0;3
122027806217747;1764839971749;-0.0023968432;0.0021305273;0.0;3
122027808205976;1764839971751;-0.0023968432;0.0021305273;0.0;3
122027810194205;1764839971754;-0.0023968432;0.0021305273;0.0;3
122027812182434;1764839971755;-0.0023968432;0.0021305273;0.0;3
122027814170663;1764839971756;-0.0023968432;0.0021305273;0.0;3
122027816158893;1764839971761;-0.0023968432;0.0021305273;0.0;3
122027818147122;1764839971761;-0.0023968432;0.0021305273;0.0;3
122027820135351;1764839971763;-0.0023968432;0.0021305273;0.0;3
122027822123580;1764839971765;-0.0023968432;0.0021305273;0.0;3
122027824111809;1764839971767;-0.0023968432;0.0021305273;0.0;3
122027826100038;1764839971769;-0.0023968432;0.0021305273;0.0;3
122027828088268;1764839971770;-0.0023968432;0.0021305273;0.0;3
122027830076497;1764839971772;-0.0023968432;0.0021305273;0.0;3
122027832064726;1764839971775;-0.0023968432;0.0021305273;0.0;3
122027834052955;1764839971777;-0.0023968432;0.0021305273;0.0;3
122027836041184;1764839971778;-0.0023968432;0.0021305273;0.0;3
122027838029413;1764839971781;-0.0023968432;0.0021305273;0.0;3
122027840017643;1764839971782;-0.0023968432;0.0021305273;0.0;3
122027842005872;1764839971785;-0.0023968432;0.0021305273;0.0;3
122027843994101;1764839971787;-0.0023968432;0.0021305273;0.0;3
122027845982330;1764839971789;-0.0023968432;0.0021305273;0.0;3
122027847970559;1764839971790;-0.0023968432;0.0021305273;0.0;3
122027849958788;1764839971794;-0.0023968432;0.0021305273;0.0;3
122027851947018;1764839971795;-0.0023968432;0.0021305273;0.0;3
122027853935247;1764839971798;-0.0023968432;0.0021305273;0.0;3
122027855923476;1764839971799;-0.0023968432;0.0021305273;0.0;3
122027857911705;1764839971801;-0.0023968432;0.0021305273;0.0;3
122027859899934;1764839971802;-0.0023968432;0.0021305273;0.0;3
122027861888163;1764839971804;-0.0023968432;0.0021305273;0.0;3
122027863876393;1764839971807;-0.0023968432;0.0021305273;0.0;3
122027865864622;1764839971808;-0.0023968432;0.0021305273;0.0;3
122027867852851;1764839971811;-0.0023968432;0.0021305273;0.0;3
122027869840976;1764839971813;-0.0023968432;0.0021305273;0.0;3
122027871829101;1764839971815;-0.0023968432;0.0021305273;0.0;3
122027873817226;1764839971816;-0.0023968432;0.0021305273;0.0;3
122027875805351;1764839971819;-0.0023968432;0.0021305273;0.0;3
122027877793476;1764839971820;-0.0023968432;0.0021305273;0.0;3
122027879781601;1764839971822;-0.0023968432;0.0021305273;0.0;3
122027881769726;1764839971825;-0.0023968432;0.0021305273;0.0;3
122027883757851;1764839971828;-0.0023968432;0.0021305273;0.0;3
122027885745976;1764839971829;-0.0023968432;0.0021305273;0.0;3
122027887734101;1764839971830;-0.0023968432;0.0021305273;0.0;3
122027889722226;1764839971833;-0.0023968432;0.0021305273;0.0;3
122027891710351;1764839971834;-0.0023968432;0.0021305273;0.0;3
122027893698476;1764839971837;-0.0023968432;0.0021305273;0.0;3
122027895686601;1764839971839;-0.0023968432;0.0021305273;0.0;3
122027897674726;1764839971841;-0.0023968432;0.0021305273;0.0;3
122027899662851;1764839971842;-0.0023968432;0.0021305273;0.0;3
122027901650976;1764839971846;-0.0023968432;0.0021305273;0.0;3
122027903639101;1764839971846;-0.0023968432;0.0021305273;0.0;3
122027905627226;1764839971849;-0.0023968432;0.0021305273;0.0;3
122027907615351;1764839971850;-0.0023968432;0.0021305273;0.0;3
122027909603476;1764839971853;-0.0023968432;0.0021305273;0.0;3
122027911591601;1764839971854;-0.0023968432;0.0021305273;0.0;3
122027913579726;1764839971856;-0.0023968432;0.0021305273;0.0;3
122027915567851;1764839971861;-0.0023968432;0.0021305273;0.0;3
122027917555976;1764839971861;-0.0023968432;0.0021305273;0.0;3
122027919544101;1764839971863;-0.0023968432;0.0021305273;0.0;3
122027921532226;1764839971865;-0.0023968432;0.0021305273;0.0;3
122027923520351;1764839971866;-0.0023968432;0.0021305273;0.0;3
122027925508476;1764839971869;-0.0023968432;0.0021305273;0.0;3
122027927496601;1764839971870;-0.0023968432;0.0021305273;0.0;3
122027929484726;1764839971873;-0.0023968432;0.0021305273;0.0;3
122027931472851;1764839971874;-0.0023968432;0.0021305273;0.0;3
122027933460976;1764839971878;-0.0023968432;0.0021305273;0.0;3
122027935449101;1764839971879;-0.0023968432;0.0021305273;0.0;3
122027937437226;1764839971880;-0.0023968432;0.0021305273;0.0;3
122027939425351;1764839971883;-0.0023968432;0.0021305273;0.0;3
122027941413476;1764839971884;-0.0023968432;0.0021305273;0.0;3
122027943401601;1764839971887;-0.0023968432;0.0021305273;0.0;3
122027945389726;1764839971888;-0.0023968432;0.0021305273;0.0;3
122027947377851;1764839971891;-0.0023968432;0.0021305273;0.0;3
122027949365976;1764839971896;-0.0023968432;0.0021305273;0.0;3
122027951354101;1764839971896;-0.0023968432;0.0021305273;0.0;3
122027953342226;1764839971896;-0.0023968432;0.0021305273;0.0;3
122027955330351;1764839971899;-0.0023968432;0.0021305273;0.0;3
122027957318476;1764839971900;-0.0023968432;0.0021305273;0.0;3
122027959306601;1764839971903;-0.0023968432;0.0021305273;0.0;3
122027961294726;1764839971906;-0.0023968432;0.0021305273;0.0;3
122027963282851;1764839971906;-0.0023968432;0.0021305273;0.0;3
122027965270976;1764839971910;-0.0023968432;0.0021305273;0.0;3
122027967259205;1764839971910;-0.0023968432;0.0021305273;0.0;3
122027969247434;1764839971912;-0.0023968432;0.0021305273;0.0;3
122027971235663;1764839971914;-0.0023968432;0.0021305273;0.0;3
122027973223893;1764839971916;-0.0023968432;0.0021305273;0.0;3
122027975212122;1764839971919;-0.0023968432;0.0021305273;0.0;3
122027977200351;1764839971921;-0.0023968432;0.0021305273;0.0;3
122027979188580;1764839971921;-0.0023968432;0.0021305273;0.0;3
122027981176809;1764839971924;-0.0023968432;0.0021305273;0.0;3
122027983165038;1764839971927;-0.0023968432;0.0021305273;0.0;3
122027985153268;1764839971928;-0.0023968432;0.0021305273;0.0;3
122027987141497;1764839971930;-0.0023968432;0.0021305273;0.0;3
122027989129726;1764839971931;-0.0023968432;0.0021305273;0.0;3
122027991117955;1764839971934;-0.0023968432;0.0021305273;0.0;3
122027993106184;1764839971936;-0.0023968432;0.0021305273;0.0;3
122027995094413;1764839971937;-0.0023968432;0.0021305273;0.0;3
122027997082643;1764839971941;-0.0023968432;0.0021305273;0.0;3
122027999070872;1764839971944;-0.0023968432;0.0021305273;0.0;3
122028001059101;1764839971945;-0.0023968432;0.0021305273;0.0;3
122028003047330;1764839971946;-0.0023968432;0.0021305273;0.0;3
122028005035559;1764839971948;-0.0023968432;0.0021305273;0.0;3
122028007023788;1764839971949;-0.0023968432;0.0021305273;0.0;3
122028009012018;1764839971952;-0.0023968432;0.0021305273;0.0;3
122028011000247;1764839971954;-0.0023968432;0.0021305273;0.0;3
122028012988476;1764839971956;-0.0023968432;0.0021305273;0.0;3
122028014976705;1764839971958;-0.0023968432;0.0021305273;0.0;3
122028016964934;1764839971961;-0.0023968432;0.0021305273;0.0;3
122028018953163;1764839971961;-0.0023968432;0.0021305273;0.0;3
122028020941393;1764839971965;-0.0023968432;0.0021305273;0.0;3
122028022929622;1764839971965;-0.0023968432;0.0021305273;0.0;3
122028024917851;1764839971967;-0.0023968432;0.0021305273;0.0;3
122028026906080;1764839971970;-0.0023968432;0.0021305273;0.0;3
122028028894309;1764839971971;-0.0023968432;0.0021305273;0.0;3
122028030882538;1764839971974;-0.0023968432;0.0021305273;0.0;3
122028032870768;1764839971976;-0.0023968432;0.0021305273;0.0;3
122028034858997;1764839971977;-0.0023968432;0.0021305273;0.0;3
122028036847226;1764839971980;-0.0023968432;0.0021305273;0.0;3
122028038835455;1764839971981;-0.0023968432;0.0021305273;0.0;3
122028040823684;1764839971984;-0.0023968432;0.0021305273;0.0;3
122028042811913;1764839971986;-0.0023968432;0.0021305273;0.0;3
122028044800143;1764839971987;-0.0023968432;0.0021305273;0.0;3
122028046788372;1764839971989;-0.0023968432;0.0021305273;0.0;3
122028048776601;1764839971991;-0.0023968432;0.0021305273;0.0;3
122028050764830;1764839971994;-0.0023968432;0.0021305273;0.0;3
122028052753059;1764839971995;-0.0023968432;0.0021305273;0.0;3
122028054741288;1764839971997;-0.0023968432;0.0021305273;0.0;3
122028056729518;1764839971999;-0.0023968432;0.0021305273;0.0;3
122028058717747;1764839972001;-0.0023968432;0.0021305273;0.0;3
122028060705976;1764839972004;-0.0023968432;0.0021305273;0.0;3
122028062694205;1764839972006;-0.0023968432;0.0021305273;0.0;3
122028064682330;1764839972007;-0.0023968432;0.0021305273;0.0;3
122028066670455;1764839972011;-0.0023968432;0.0021305273;0.0;3
122028068658580;1764839972011;-0.0023968432;0.0021305273;0.0;3
122028070646705;1764839972014;-0.0023968432;0.0021305273;0.0;3
122028072634830;1764839972015;-0.0023968432;0.0021305273;0.0;3
122028074622955;1764839972018;-0.0023968432;0.0021305273;0.0;3
122028076611080;1764839972020;-0.0023968432;0.0021305273;0.0;3
122028078599205;1764839972021;-0.0023968432;0.0021305273;0.0;3
122028080587330;1764839972024;-0.0023968432;0.0021305273;0.0;3
122028082575455;1764839972026;-0.0023968432;0.0021305273;0.0;3
122028084563580;1764839972027;-0.0023968432;0.0021305273;0.0;3
122028086551705;1764839972030;-0.0023968432;0.0021305273;0.0;3
122028088539830;1764839972031;-0.0023968432;0.0021305273;0.0;3
122028090527955;1764839972035;-0.0023968432;0.0021305273;0.0;3
122028092516080;1764839972035;-0.0023968432;0.0021305273;0.0;3
122028094504205;1764839972038;-0.0023968432;0.0021305273;0.0;3
122028096492330;1764839972040;-0.0023968432;0.0021305273;0.0;3
122028098480455;1764839972044;-0.0023968432;0.0021305273;0.0;3
122028100468580;1764839972044;-0.0023968432;0.0021305273;0.0;3
122028102456705;1764839972044;-0.0023968432;0.0021305273;0.0;3
122028104444830;1764839972047;-0.0023968432;0.0021305273;0.0;3
122028106432955;1764839972049;-0.0023968432;0.0021305273;0.0;3
122028108421080;1764839972051;-0.0023968432;0.0021305273;0.0;3
122028110409205;1764839972054;-0.0023968432;0.0021305273;0.0;3
122028112397330;1764839972055;-0.0023968432;0.0021305273;0.0;3
122028114385455;1764839972057;-0.0023968432;0.0021305273;0.0;3
122028116373580;1764839972061;-0.0023968432;0.0021305273;0.0;3
122028118361705;1764839972062;-0.0023968432;0.0021305273;0.0;3
122028120349830;1764839972064;-0.0023968432;0.0021305273;0.0;3
122028122337955;1764839972064;-0.0023968432;0.0021305273;0.0;3
122028124326080;1764839972067;-0.0023968432;0.0021305273;0.0;3
122028126314205;1764839972069;-0.0023968432;0.0021305273;0.0;3
122028128302330;1764839972071;-0.0023968432;0.0021305273;0.0;3
122028130290455;1764839972074;-0.0023968432;0.0021305273;0.0;3
122028132278580;1764839972080;-0.0023968432;0.0021305273;0.0;3
122028134266705;1764839972080;-0.0023968432;0.0021305273;0.0;3
122028136254830;1764839972080;-0.0023968432;0.0021305273;0.0;3
122028138242955;1764839972082;-0.0023968432;0.0021305273;0.0;3
122028140231080;1764839972083;-0.0023968432;0.0021305273;0.0;3
122028142219205;1764839972085;-0.0023968432;0.0021305273;0.0;3
122028144207330;1764839972087;-0.0023968432;0.0021305273;0.0;3
122028146195455;1764839972090;-0.0023968432;0.0021305273;0.0;3
122028148183580;1764839972090;-0.0023968432;0.0021305273;0.0;3
122028150171705;1764839972093;-0.0023968432;0.0021305273;0.0;3
122028152159830;1764839972094;-0.0023968432;0.0021305273;0.0;3
122028154147955;1764839972097;-0.0023968432;0.0021305273;0.0;3
122028156136080;1764839972099;-0.0023968432;0.0021305273;0.0;3
122028158124205;1764839972101;-0.0023968432;0.0021305273;0.0;3
122028160112330;1764839972103;-0.0023968432;0.0021305273;0.0;3
122028162100559;1764839972104;-0.0023968432;0.0021305273;0.0;3
122028164088788;1764839972106;-0.0023968432;0.0021305273;0.0;3
122028166077018;1764839972110;-0.0023968432;0.0021305273;0.0;3
122028168065247;1764839972110;-0.0023968432;0.0021305273;0.0;3
122028170053476;1764839972114;-0.0023968432;0.0021305273;0.0;3
122028172041705;1764839972114;-0.0023968432;0.0021305273;0.0;3
122028174029934;1764839972117;-0.0023968432;0.0021305273;0.0;3
122028176018163;1764839972119;-0.0023968432;0.0021305273;0.0;3
122028178006393;1764839972120;-0.0023968432;0.0021305273;0.0;3
122028179994622;1764839972125;-0.0023968432;0.0021305273;0.0;3
122028181982851;1764839972125;-0.0023968432;0.0021305273;0.0;3
122028183971080;1764839972131;-0.0023968432;0.0021305273;0.0;3
122028185959309;1764839972131;-0.0023968432;0.0021305273;0.0;3
122028187947538;1764839972131;-0.0023968432;0.0021305273;0.0;3
122028189935768;1764839972133;-0.0023968432;0.0021305273;0.0;3
122028191923997;1764839972134;-0.0023968432;0.0021305273;0.0;3
122028193912226;1764839972137;-0.0023968432;0.0021305273;0.0;3
122028195900455;1764839972139;-0.0023968432;0.0021305273;0.0;3
122028197888684;1764839972140;-0.0023968432;0.0021305273;0.0;3
122028199876913;1764839972143;-0.0023968432;0.0021305273;0.0;3
122028201865143;1764839972144;-0.0023968432;0.0021305273;0.0;3
122028203853372;1764839972146;-0.0023968432;0.0021305273;0.0;3
122028205841601;1764839972149;-0.0023968432;0.0021305273;0.0;3
122028207829830;1764839972150;-0.0023968432;0.0021305273;0.0;3
122028209818059;1764839972153;-0.0023968432;0.0021305273;0.0;3
122028211806288;1764839972155;-0.0023968432;0.0021305273;0.0;3
122028213794518;1764839972157;-0.0023968432;0.0021305273;0.0;3
122028215782747;1764839972160;-0.0023968432;0.0021305273;0.0;3
122028217770976;1764839972160;-0.0023968432;0.0021305273;0.0;3
122028219759205;1764839972163;-0.0023968432;0.0021305273;0.0;3
122028221747434;1764839972164;-0.0023968432;0.0021305273;0.0;3
122028223735663;1764839972166;-0.0023968432;0.0021305273;0.0;3
122028225723893;1764839972168;-0.0023968432;0.0021305273;0.0;3
122028227712122;1764839972170;-0.0023968432;0.0021305273;0.0;3
122028229700351;1764839972173;-0.0023968432;0.0021305273;0.0;3
122028231688580;1764839972176;-0.0023968432;0.0021305273;0.0;3
122028233676809;1764839972176;-0.0023968432;0.0021305273;0.0;3
122028235665038;1764839972178;-0.0023968432;0.0021305273;0.0;3
122028237653268;1764839972180;-0.0023968432;0.0021305273;0.0;3
122028239641497;1764839972184;-0.0023968432;0.0021305273;0.0;3
122028241629726;1764839972184;-0.0023968432;0.0021305273;0.0;3
122028243617955;1764839972187;-0.0023968432;0.0021305273;0.0;3
122028245606184;1764839972189;-0.0023968432;0.0021305273;0.0;3
122028247594413;1764839972189;-0.0023968432;0.0021305273;0.0;3
122028249582643;1764839972194;-0.0023968432;0.0021305273;0.0;3
122028251570872;1764839972194;-0.0023968432;0.0021305273;0.0;3
122028253559101;1764839972197;-0.0023968432;0.0021305273;0.0;3
122028255547330;1764839972199;-0.0023968432;0.0021305273;0.0;3
122028257535559;1764839972201;-0.0023968432;0.0021305273;0.0;3
122028259523788;1764839972202;-0.0023968432;0.0021305273;0.0;3
122028261512018;1764839972205;-0.0023968432;0.0021305273;0.0;3
122028263500143;1764839972205;-0.0023968432;0.0021305273;0.0;3
122028265488268;1764839972211;-0.0023968432;0.0021305273;0.0;3
122028267476393;1764839972211;-0.0023968432;0.0021305273;0.0;3
122028269464518;1764839972213;-0.0023968432;0.0021305273;0.0;3
122028271452643;1764839972214;-0.0023968432;0.0021305273;0.0;3
122028273440768;1764839972216;-0.0023968432;0.0021305273;0.0;3
122028275428893;1764839972218;-0.0023968432;0.0021305273;0.0;3
122028277417018;1764839972220;-0.0023968432;0.0021305273;0.0;3
122028279405143;1764839972222;-0.0023968432;0.0021305273;0.0;3
122028281393268;1764839972226;-0.0023968432;0.0021305273;0.0;3
122028283381393;1764839972226;-0.0023968432;0.0021305273;0.0;3
122028285369518;1764839972228;-0.0023968432;0.0021305273;0.0;3
122028287357643;1764839972230;-0.0023968432;0.0021305273;0.0;3
122028289345768;1764839972232;-0.0023968432;0.0021305273;0.0;3
122028291333893;1764839972234;-0.0023968432;0.0021305273;0.0;3
122028293322018;1764839972236;-0.0023968432;0.0021305273;0.0;3
122028295310143;1764839972238;-0.0023968432;0.0021305273;0.0;3
122028297298268;1764839972240;-0.0023968432;0.0021305273;0.0;3
122028299286393;1764839972243;-0.0023968432;0.0021305273;0.0;3
122028301274518;1764839972243;-0.0023968432;0.0021305273;0.0;3
122028303262643;1764839972246;-0.0023968432;0.0021305273;0.0;3
122028305250768;1764839972248;-0.0023968432;0.0021305273;0.0;3
122028307238893;1764839972250;-0.0023968432;0.0021305273;0.0;3
122028309227018;1764839972253;-0.0023968432;0.0021305273;0.0;3
122028311215143;1764839972253;-0.0023968432;0.0021305273;0.0;3
122028313203268;1764839972256;-0.0023968432;0.0021305273;0.0;3
122028315191393;1764839972260;-0.0023968432;0.0021305273;0.0;3
122028317179518;1764839972261;-0.0023968432;0.0021305273;0.0;3
122028319167643;1764839972262;-0.0023968432;0.0021305273;0.0;3
122028321155768;1764839972263;-0.0023968432;0.0021305273;0.0;3
122028323143893;1764839972266;-0.0023968432;0.0021305273;0.0;3
122028325132018;1764839972268;-0.0023968432;0.0021305273;0.0;3
122028327120143;1764839972271;-0.0023968432;0.0021305273;0.0;3
122028329108268;1764839972272;-0.0023968432;0.0021305273;0.0;3
122028331096393;1764839972279;-0.0023968432;0.0021305273;0.0;3
122028333084518;1764839972279;-0.0023968432;0.0021305273;0.0;3
122028335072643;1764839972279;-0.0023968432;0.0021305273;0.0;3
122028337060768;1764839972280;-0.0023968432;0.0021305273;0.0;3
122028339048893;1764839972282;-0.0023968432;0.0021305273;0.0;3
122028341037018;1764839972284;-0.0023968432;0.0021305273;0.0;3
122028343025143;1764839972286;-0.0023968432;0.0021305273;0.0;3
122028345013268;1764839972289;-0.0023968432;0.0021305273;0.0;3
122028347001393;1764839972290;-0.0023968432;0.0021305273;0.0;3
122028348989518;1764839972293;-0.0023968432;0.0021305273;0.0;3
122028350977643;1764839972294;-0.0023968432;0.0021305273;0.0;3
122028352965768;1764839972296;-0.0023968432;0.0021305273;0.0;3
122028354953893;1764839972298;-0.0023968432;0.0021305273;0.0;3
122028356942122;1764839972300;-0.0023968432;0.0021305273;0.0;3
122028358930351;1764839972301;-0.0023968432;0.0021305273;0.0;3
122028360918580;1764839972304;-0.0023968432;0.0021305273;0.0;3
122028362906809;1764839972306;-0.0023968432;0.0021305273;0.0;3
122028364895038;1764839972310;-0.0023968432;0.0021305273;0.0;3
122028366883268;1764839972310;-0.0023968432;0.0021305273;0.0;3
122028368871497;1764839972312;-0.0023968432;0.0021305273;0.0;3
122028370859726;1764839972314;-0.0023968432;0.0021305273;0.0;3
122028372847955;1764839972316;-0.0023968432;0.0021305273;0.0;3
122028374836184;1764839972318;-0.0023968432;0.0021305273;0.0;3
122028376824413;1764839972319;-0.0023968432;0.0021305273;0.0;3
122028378812643;1764839972322;-0.0023968432;0.0021305273;0.0;3
122028380800872;1764839972323;-0.0023968432;0.0021305273;0.0;3
122028382789101;1764839972326;-0.0023968432;0.0021305273;0.0;3
122028384777330;1764839972328;-0.0023968432;0.0021305273;0.0;3
122028386765559;1764839972329;-0.0023968432;0.0021305273;0.0;3
122028388753788;1764839972333;-0.0023968432;0.0021305273;0.0;3
122028390742018;1764839972333;-0.0023968432;0.0021305273;0.0;3
122028392730247;1764839972336;-0.0023968432;0.0021305273;0.0;3
122028394718476;1764839972338;-0.0023968432;0.0021305273;0.0;3
122028396706705;1764839972342;-0.0023968432;0.0021305273;0.0;3
122028398694934;1764839972342;-0.0023968432;0.0021305273;0.0;3
122028400683163;1764839972343;-0.0023968432;0.0021305273;0.0;3
122028402671393;1764839972345;-0.0023968432;0.0021305273;0.0;3
122028404659622;1764839972347;-0.0023968432;0.0021305273;0.0;3
122028406647851;1764839972349;-0.0023968432;0.0021305273;0.0;3
122028408636080;1764839972352;-0.0023968432;0.0021305273;0.0;3
122028410624309;1764839972353;-0.0023968432;0.0021305273;0.0;3
122028412612538;1764839972355;-0.0023968432;0.0021305273;0.0;3
122028414600768;1764839972361;-0.0023968432;0.0021305273;0.0;3
122028416588997;1764839972361;-0.0023968432;0.0021305273;0.0;3
122028418577226;1764839972362;-0.0023968432;0.0021305273;0.0;3
122028420565455;1764839972363;-0.0023968432;0.0021305273;0.0;3
122028422553684;1764839972366;-0.0023968432;0.0021305273;0.0;3
122028424541913;1764839972367;-0.0023968432;0.0021305273;0.0;3
122028426530143;1764839972370;-0.0023968432;0.0021305273;0.0;3
122028428518372;1764839972373;-0.0023968432;0.0021305273;0.0;3
122028430506601;1764839972373;-0.0023968432;0.0021305273;0.0;3
122028432494830;1764839972375;-0.0023968432;0.0021305273;0.0;3
122028434483059;1764839972377;-0.0023968432;0.0021305273;0.0;3
122028436471288;1764839972379;-0.0023968432;0.0021305273;0.0;3
122028438459518;1764839972381;-0.0023968432;0.0021305273;0.0;3
122028440447747;1764839972383;-0.0023968432;0.0021305273;0.0;3
122028442435976;1764839972385;-0.0023968432;0.0021305273;0.0;3
122028444424205;1764839972387;-0.0023968432;0.0021305273;0.0;3
122028446412434;1764839972390;-0.0023968432;0.0021305273;0.0;3
122028448400663;1764839972393;-0.0023968432;0.0021305273;0.0;3
122028450388893;1764839972393;-0.0023968432;0.0021305273;0.0;3
122028452377122;1764839972395;-0.0023968432;0.0021305273;0.0;3
122028454365351;1764839972398;-0.0023968432;0.0021305273;0.0;3
122028456353580;1764839972399;-0.0023968432;0.0021305273;0.0;3
122028458341809;1764839972401;-0.0023968432;0.0021305273;0.0;3
122028460329934;1764839972402;-0.0023968432;0.0021305273;0.0;3
122028462318059;1764839972405;-0.0023968432;0.0021305273;0.0;3
122028464306184;1764839972412;-0.0023968432;0.0021305273;0.0;3
122028466294309;1764839972412;-0.0023968432;0.0021305273;0.0;3
122028468282434;1764839972412;-0.0023968432;0.0021305273;0.0;3
122028470270559;1764839972413;-0.0023968432;0.0021305273;0.0;3
122028472258684;1764839972415;-0.0023968432;0.0021305273;0.0;3
122028474246809;1764839972417;-0.0023968432;0.0021305273;0.0;3
122028476234934;1764839972419;-0.0023968432;0.0021305273;0.0;3
122028478223059;1764839972421;-0.0023968432;0.0021305273;0.0;3
122028480211184;1764839972423;-0.0023968432;0.0021305273;0.0;3
122028482199309;1764839972428;-0.0023968432;0.0021305273;0.0;3
122028484187434;1764839972428;-0.0023968432;0.0021305273;0.0;3
122028486175559;1764839972429;-0.0023968432;0.0021305273;0.0;3
122028488163684;1764839972432;-0.0023968432;0.0021305273;0.0;3
122028490151809;1764839972434;-0.0023968432;0.0021305273;0.0;3
122028492139934;1764839972435;-0.0023968432;0.0021305273;0.0;3
122028494128059;1764839972439;-0.0023968432;0.0021305273;0.0;3
122028496116184;1764839972439;-0.0023968432;0.0021305273;0.0;3
122028498104309;1764839972442;-0.0023968432;0.0021305273;0.0;3
122028500092434;1764839972442;-0.0023968432;0.0021305273;0.0;3
122028502080559;1764839972445;-0.0023968432;0.0021305273;0.0;3
122028504068684;1764839972447;-0.0023968432;0.0021305273;0.0;3
122028506056809;1764839972449;-0.0023968432;0.0021305273;0.0;3
122028508044934;1764839972451;-0.0023968432;0.0021305273;0.0;3
122028510033059;1764839972453;-0.0023968432;0.0021305273;0.0;3
122028512021184;1764839972454;-0.0023968432;0.0021305273;0.0;3
122028514009309;1764839972458;-0.0023968432;0.0021305273;0.0;3
122028515997434;1764839972465;-0.0023968432;0.0021305273;0.0;3
122028517985559;1764839972465;-0.0023968432;0.0021305273;0.0;3
122028519973684;1764839972465;-0.0023968432;0.0021305273;0.0;3
122028521961809;1764839972465;-0.0023968432;0.0021305273;0.0;3
122028523949934;1764839972468;-0.0023968432;0.0021305273;0.0;3
122028525938059;1764839972470;-0.0023968432;0.0021305273;0.0;3
122028527926184;1764839972471;-0.0023968432;0.0021305273;0.0;3
122028529914309;1764839972472;-0.0023968432;0.0021305273;0.0;3
122028531902434;1764839972477;-0.0023968432;0.0021305273;0.0;3
122028533890559;1764839972477;-0.0023968432;0.0021305273;0.0;3
122028535878684;1764839972478;-0.0023968432;0.0021305273;0.0;3
122028537866809;1764839972481;-0.0023968432;0.0021305273;0.0;3
122028539854934;1764839972482;-0.0023968432;0.0021305273;0.0;3
122028541843059;1764839972485;-0.0023968432;0.0021305273;0.0;3
122028543831184;1764839972488;-0.0023968432;0.0021305273;0.0;3
122028545819309;1764839972488;-0.0023968432;0.0021305273;0.0;3
122028547807434;1764839972491;-0.0023968432;0.0021305273;0.0;3
122028549795559;1764839972493;-0.0023968432;0.0021305273;0.0;3
122028551783788;1764839972495;-0.0023968432;0.0021305273;0.0;3
122028553772018;1764839972497;-0.0023968432;0.0021305273;0.0;3
122028555760247;1764839972499;-0.0023968432;0.0021305273;0.0;3
122028557748476;1764839972501;-0.0023968432;0.0021305273;0.0;3
122028559736705;1764839972503;-0.0023968432;0.0021305273;0.0;3
122028561724934;1764839972505;-0.0023968432;0.0021305273;0.0;3
122028563713163;1764839972507;-0.0023968432;0.0021305273;0.0;3
122028565701393;1764839972515;-0.0023968432;0.0021305273;0.0;3
122028567689622;1764839972515;-0.0023968432;0.0021305273;0.0;3
122028569677851;1764839972515;-0.0023968432;0.0021305273;0.0;3
122028571666080;1764839972515;-0.0023968432;0.0021305273;0.0;3
122028573654309;1764839972517;-0.0023968432;0.0021305273;0.0;3
122028575642538;1764839972519;-0.0023968432;0.0021305273;0.0;3
122028577630768;1764839972520;-0.0023968432;0.0021305273;0.0;3
122028579618997;1764839972529;-0.0023968432;0.0021305273;0.0;3
122028581607226;1764839972529;-0.0023968432;0.0021305273;0.0;3
122028583595455;1764839972529;-0.0023968432;0.0021305273;0.0;3
122028585583684;1764839972529;-0.0023968432;0.0021305273;0.0;3
122028587571913;1764839972531;-0.0023968432;0.0021305273;0.0;3
122028589560143;1764839972531;-0.0023968432;0.0021305273;0.0;3
122028591548372;1764839972534;-0.0023968432;0.0021305273;0.0;3
122028593536601;1764839972536;-0.0023968432;0.0021305273;0.0;3
122028595524830;1764839972538;-0.0023968432;0.0021305273;0.0;3
122028597513059;1764839972541;-0.0023968432;0.0021305273;0.0;3
122028599501288;1764839972543;-0.0023968432;0.0021305273;0.0;3
122028601489518;1764839972544;-0.0023968432;0.0021305273;0.0;3
122028603477747;1764839972546;-0.0023968432;0.0021305273;0.0;3
122028605465976;1764839972548;-0.0023968432;0.0021305273;0.0;3
122028607454205;1764839972550;-0.0023968432;0.0021305273;0.0;3
122028609442434;1764839972552;-0.0023968432;0.0021305273;0.0;3
122028611430663;1764839972554;-0.0023968432;0.0021305273;0.0;3
122028613418893;1764839972558;-0.0023968432;0.0021305273;0.0;3
122028615407122;1764839972564;-0.0023968432;0.0021305273;0.0;3
122028617395351;1764839972564;-0.0023968432;0.0021305273;0.0;3
122028619383580;1764839972564;-0.0023968432;0.0021305273;0.0;3
122028621371809;1764839972565;-0.0023968432;0.0021305273;0.0;3
122028623360038;1764839972566;-0.0023968432;0.0021305273;0.0;3
122028625348268;1764839972569;-0.0023968432;0.0021305273;0.0;3
122028627336497;1764839972570;-0.0023968432;0.0021305273;0.0;3
122028629324726;1764839972579;-0.0023968432;0.0021305273;0.0;3
122028631312955;1764839972579;-0.0023968432;0.0021305273;0.0;3
122028633301184;1764839972579;-0.0023968432;0.0021305273;0.0;3
122028635289413;1764839972579;-0.0023968432;0.0021305273;0.0;3
122028637277643;1764839972581;-0.0023968432;0.0021305273;0.0;3
122028639265872;1764839972581;-0.0023968432;0.0021305273;0.0;3
122028641254101;1764839972584;-0.0023968432;0.0021305273;0.0;3
122028643242330;1764839972586;-0.0023968432;0.0021305273;0.0;3
122028645230559;1764839972587;-0.0023968432;0.0021305273;0.0;3
122028647218788;1764839972591;-0.0023968432;0.0021305273;0.0;3
122028649207018;1764839972592;-0.0023968432;0.0021305273;0.0;3
122028651195247;1764839972594;-0.0023968432;0.0021305273;0.0;3
122028653183476;1764839972597;-0.0023968432;0.0021305273;0.0;3
122028655171705;1764839972598;-0.0023968432;0.0021305273;0.0;3
122028657159934;1764839972601;-0.0023968432;0.0021305273;0.0;3
122028659148059;1764839972601;-0.0023968432;0.0021305273;0.0;3
122028661136184;1764839972604;-0.0023968432;0.0021305273;0.0;3
122028663124309;1764839972607;-0.0023968432;0.0021305273;0.0;3
122028665112434;1764839972613;-0.0023968432;0.0021305273;0.0;3
122028667100559;1764839972613;-0.0023968432;0.0021305273;0.0;3
122028669088684;1764839972613;-0.0023968432;0.0021305273;0.0;3
122028671076809;1764839972615;-0.0023968432;0.0021305273;0.0;3
122028673064934;1764839972616;-0.0023968432;0.0021305273;0.0;3
122028675053059;1764839972618;-0.0023968432;0.0021305273;0.0;3
122028677041184;1764839972622;-0.0023968432;0.0021305273;0.0;3
122028679029309;1764839972622;-0.0023968432;0.0021305273;0.0;3
122028681017434;1764839972628;-0.0023968432;0.0021305273;0.0;3
122028683005559;1764839972628;-0.0023968432;0.0021305273;0.0;3
122028684993684;1764839972628;-0.0023968432;0.0021305273;0.0;3
122028686981809;1764839972630;-0.0023968432;0.0021305273;0.0;3
122028688969934;1764839972631;-0.0023968432;0.0021305273;0.0;3
122028690958059;1764839972633;-0.0023968432;0.0021305273;0.0;3
122028692946184;1764839972635;-0.0023968432;0.0021305273;0.0;3
122028694934309;1764839972638;-0.0023968432;0.0021305273;0.0;3
122028696922434;1764839972641;-0.0023968432;0.0021305273;0.0;3
122028698910559;1764839972641;-0.0023968432;0.0021305273;0.0;3
122028700898684;1764839972644;-0.0023968432;0.0021305273;0.0;3
122028702886809;1764839972647;-0.0023968432;0.0021305273;0.0;3
122028704874934;1764839972647;-0.0023968432;0.0021305273;0.0;3
122028706863059;1764839972651;-0.0023968432;0.0021305273;0.0;3
122028708851184;1764839972651;-0.0023968432;0.0021305273;0.0;3
122028710839309;1764839972653;-0.0023968432;0.0021305273;0.0;3
122028712827434;1764839972656;-0.0023968432;0.0021305273;0.0;3
122028714815559;1764839972659;-0.0023968432;0.0021305273;0.0;3
122028716803684;1764839972660;-0.0023968432;0.0021305273;0.0;3
122028718791809;1764839972661;-0.0023968432;0.0021305273;0.0;3
122028720779934;1764839972664;-0.0023968432;0.0021305273;0.0;3
122028722768059;1764839972666;-0.0023968432;0.0021305273;0.0;3
122028724756184;1764839972668;-0.0023968432;0.0021305273;0.0;3
122028726744309;1764839972670;-0.0023968432;0.0021305273;0.0;3
122028728732434;1764839972672;-0.0023968432;0.0021305273;0.0;3
122028730720559;1764839972675;-0.0023968432;0.0021305273;0.0;3
122028732708684;1764839972675;-0.0023968432;0.0021305273;0.0;3
122028734696809;1764839972677;-0.0023968432;0.0021305273;0.0;3
122028736684934;1764839972680;-0.0023968432;0.0021305273;0.0;3
122028738673059;1764839972681;-0.0023968432;0.0021305273;0.0;3
122028740661184;1764839972683;-0.0023968432;0.0021305273;0.0;3
122028742649309;1764839972686;-0.0023968432;0.0021305273;0.0;3
122028744637434;1764839972687;-0.0023968432;0.0021305273;0.0;3
122028746625663;1764839972691;-0.0023968432;0.0021305273;0.0;3
122028748613893;1764839972691;-0.0023968432;0.0021305273;0.0;3
122028750602122;1764839972693;-0.0023968432;0.0021305273;0.0;3
122028752590351;1764839972695;-0.0023968432;0.0021305273;0.0;3
122028754578580;1764839972698;-0.0023968432;0.0021305273;0.0;3
122028756566809;1764839972701;-0.0023968432;0.0021305273;0.0;3
122028758555038;1764839972701;-0.0023968432;0.0021305273;0.0;3
122028760543268;1764839972703;-0.0023968432;0.0021305273;0.0;3
122028762531497;1764839972705;-0.0023968432;0.0021305273;0.0;3
122028764519726;1764839972708;-0.0023968432;0.0021305273;0.0;3
122028766507955;1764839972709;-0.0023968432;0.0021305273;0.0;3
122028768496184;1764839972711;-0.0023968432;0.0021305273;0.0;3
122028770484413;1764839972713;-0.0023968432;0.0021305273;0.0;3
122028772472643;1764839972715;-0.0023968432;0.0021305273;0.0;3
122028774460872;1764839972717;-0.0023968432;0.0021305273;0.0;3
122028776449101;1764839972719;-0.0023968432;0.0021305273;0.0;3
122028778437330;1764839972720;-0.0023968432;0.0021305273;0.0;3
122028780425559;1764839972724;-0.0023968432;0.0021305273;0.0;3
122028782413788;1764839972725;-0.0023968432;0.0021305273;0.0;3
122028784402018;1764839972727;-0.0023968432;0.0021305273;0.0;3
122028786390247;1764839972729;-0.0023968432;0.0021305273;0.0;3
122028788378476;1764839972730;-0.0023968432;0.0021305273;0.0;3
122028790366705;1764839972733;-0.0023968432;0.0021305273;0.0;3
122028792354934;1764839972735;-0.0023968432;0.0021305273;0.0;3
122028794343163;1764839972736;-0.0023968432;0.0021305273;0.0;3
122028796331393;1764839972741;-0.0023968432;0.0021305273;0.0;3
122028798319622;1764839972741;-0.0023968432;0.0021305273;0.0;3
122028800307851;1764839972743;-0.0023968432;0.0021305273;0.0;3
122028802296080;1764839972745;-0.0023968432;0.0021305273;0.0;3
122028804284309;1764839972747;-0.0023968432;0.0021305273;0.0;3
122028806272538;1764839972751;-0.0023968432;0.0021305273;0.0;3
122028808260768;1764839972751;-0.0023968432;0.0021305273;0.0;3
122028810248997;1764839972753;-0.0023968432;0.0021305273;0.0;3
122028812237226;1764839972757;-0.0023968432;0.0021305273;0.0;3
122028814225455;1764839972757;-0.0023968432;0.0021305273;0.0;3
122028816213684;1764839972760;-0.0023968432;0.0021305273;0.0;3
122028818201913;1764839972760;-0.0023968432;0.0021305273;0.0;3
122028820190143;1764839972762;-0.0023968432;0.0021305273;0.0;3
122028822178372;1764839972765;-0.0023968432;0.0021305273;0.0;3
122028824166601;1764839972767;-0.0023968432;0.0021305273;0.0;3
122028826154830;1764839972770;-0.0023968432;0.0021305273;0.0;3
122028828143059;1764839972771;-0.0023968432;0.0021305273;0.0;3
122028830131288;1764839972778;-0.0023968432;0.0021305273;0.0;3
122028832119518;1764839972778;-0.0023968432;0.0021305273;0.0;3
122028834107747;1764839972778;-0.0023968432;0.0021305273;0.0;3
122028836095976;1764839972779;-0.0023968432;0.0021305273;0.0;3
122028838084205;1764839972781;-0.0023968432;0.0021305273;0.0;3
122028840072434;1764839972783;-0.0023968432;0.0021305273;0.0;3
122028842060663;1764839972786;-0.0023968432;0.0021305273;0.0;3
122028844048893;1764839972786;-0.0023968432;0.0021305273;0.0;3
122028846037122;1764839972791;-0.0023968432;0.0021305273;0.0;3
122028848025351;1764839972791;-0.0023968432;0.0021305273;0.0;3
122028850013580;1764839972792;-0.0023968432;0.0021305273;0.0;3
122028852001809;1764839972795;-0.0023968432;0.0021305273;0.0;3
122028853990038;1764839972797;-0.0023968432;0.0021305273;0.0;3
122028855978268;1764839972799;-0.0023968432;0.0021305273;0.0;3
122028857966497;1764839972800;-0.0023968432;0.0021305273;0.0;3
122028859954622;1764839972802;-0.0023968432;0.0021305273;0.0;3
122028861942747;1764839972805;-0.0023968432;0.0021305273;0.0;3
122028863930872;1764839972811;-0.0023968432;0.0021305273;0.0;3
122028865918997;1764839972811;-0.0023968432;0.0021305273;0.0;3
122028867907122;1764839972811;-0.0023968432;0.0021305273;0.0;3
122028869895247;1764839972812;-0.0023968432;0.0021305273;0.0;3
122028871883372;1764839972814;-0.0023968432;0.0021305273;0.0;3
122028873871497;1764839972816;-0.0023968432;0.0021305273;0.0;3
122028875859622;1764839972819;-0.0023968432;0.0021305273;0.0;3
122028877847747;1764839972819;-0.0023968432;0.0021305273;0.0;3
122028879835872;1764839972826;-0.0023968432;0.0021305273;0.0;3
122028881823997;1764839972826;-0.0023968432;0.0021305273;0.0;3
122028883812122;1764839972826;-0.0023968432;0.0021305273;0.0;3
122028885800247;1764839972829;-0.0023968432;0.0021305273;0.0;3
122028887788372;1764839972830;-0.0023968432;0.0021305273;0.0;3
122028889776497;1764839972832;-0.0023968432;0.0021305273;0.0;3
122028891764622;1764839972835;-0.0023968432;0.0021305273;0.0;3
122028893752747;1764839972836;-0.0023968432;0.0021305273;0.0;3
122028895740872;1764839972841;-0.0023968432;0.0021305273;0.0;3
122028897728997;1764839972841;-0.0023968432;0.0021305273;0.0;3
122028899717122;1764839972842;-0.0023968432;0.0021305273;0.0;3
122028901705247;1764839972844;-0.0023968432;0.0021305273;0.0;3
122028903693372;1764839972846;-0.0023968432;0.0021305273;0.0;3
122028905681497;1764839972849;-0.0023968432;0.0021305273;0.0;3
122028907669622;1764839972849;-0.0023968432;0.0021305273;0.0;3
122028909657747;1764839972853;-0.0023968432;0.0021305273;0.0;3
122028911645872;1764839972854;-0.0023968432;0.0021305273;0.0;3
122028913633997;1764839972857;-0.0023968432;0.0021305273;0.0;3
122028915622122;1764839972859;-0.0023968432;0.0021305273;0.0;3
122028917610247;1764839972861;-0.0023968432;0.0021305273;0.0;3
122028919598372;1764839972862;-0.0023968432;0.0021305273;0.0;3
122028921586497;1764839972866;-0.0023968432;0.0021305273;0.0;3
122028923574622;1764839972866;-0.0023968432;0.0021305273;0.0;3
122028925562747;1764839972869;-0.0023968432;0.0021305273;0.0;3
122028927550872;1764839972870;-0.0023968432;0.0021305273;0.0;3
122028929538997;1764839972878;-0.0023968432;0.0021305273;0.0;3
122028931527122;1764839972878;-0.0023968432;0.0021305273;0.0;3
122028933515247;1764839972878;-0.0023968432;0.0021305273;0.0;3
122028935503372;1764839972878;-0.0023968432;0.0021305273;0.0;3
122028937491497;1764839972880;-0.0023968432;0.0021305273;0.0;3
122028939479622;1764839972882;-0.0023968432;0.0021305273;0.0;3
122028941467747;1764839972884;-0.0023968432;0.0021305273;0.0;3
122028943455872;1764839972886;-0.0023968432;0.0021305273;0.0;3
122028945444101;1764839972890;-0.0023968432;0.0021305273;0.0;3
122028947432330;1764839972890;-0.0023968432;0.0021305273;0.0;3
122028949420559;1764839972892;-0.0023968432;0.0021305273;0.0;3
122028951408788;1764839972896;-0.0023968432;0.0021305273;0.0;3
122028953397018;1764839972896;-0.0023968432;0.0021305273;0.0;3
122028955385247;1764839972900;-0.0023968432;0.0021305273;0.0;3
122028957373476;1764839972900;-0.0023968432;0.0021305273;0.0;3
122028959361705;1764839972902;-0.0023968432;0.0021305273;0.0;3
122028961349934;1764839972904;-0.0023968432;0.0021305273;0.0;3
122028963338163;1764839972907;-0.0023968432;0.0021305273;0.0;3
122028965326393;1764839972909;-0.0023968432;0.0021305273;0.0;3
122028967314622;1764839972910;-0.0023968432;0.0021305273;0.0;3
122028969302851;1764839972912;-0.0023968432;0.0021305273;0.0;3
122028971291080;1764839972914;-0.0023968432;0.0021305273;0.0;3
122028973279309;1764839972916;-0.0023968432;0.0021305273;0.0;3
122028975267538;1764839972918;-0.0023968432;0.0021305273;0.0;3
122028977255768;1764839972920;-0.0023968432;0.0021305273;0.0;3
122028979243997;1764839972921;-0.0023968432;0.0021305273;0.0;3
122028981232226;1764839972924;-0.0023968432;0.0021305273;0.0;3
122028983220455;1764839972926;-0.0023968432;0.0021305273;0.0;3
122028985208684;1764839972928;-0.0023968432;0.0021305273;0.0;3
122028987196913;1764839972931;-0.0023968432;0.0021305273;0.0;3
122028989185143;1764839972932;-0.0023968432;0.0021305273;0.0;3
122028991173372;1764839972934;-0.0023968432;0.0021305273;0.0;3
122028993161601;1764839972935;-0.0023968432;0.0021305273;0.0;3
122028995149830;1764839972938;-0.0023968432;0.0021305273;0.0;3
122028997138059;1764839972944;-0.0023968432;0.0021305273;0.0;3
122028999126288;1764839972944;-0.0023968432;0.0021305273;0.0;3
122029001114518;1764839972944;-0.0023968432;0.0021305273;0.0;3
122029003102747;1764839972945;-0.0023968432;0.0021305273;0.0;3
122029005090976;1764839972948;-0.0023968432;0.0021305273;0.0;3
122029007079205;1764839972950;-0.0023968432;0.0021305273;0.0;3
122029009067434;1764839972952;-0.0023968432;0.0021305273;0.0;3
122029011055663;1764839972955;-0.0023968432;0.0021305273;0.0;3
122029013043893;1764839972955;-0.0023968432;0.0021305273;0.0;3
122029015032122;1764839972960;-0.0023968432;0.0021305273;0.0;3
122029017020351;1764839972960;-0.0023968432;0.0021305273;0.0;3
122029019008580;1764839972961;-0.0023968432;0.0021305273;0.0;3
122029020996809;1764839972964;-0.0023968432;0.0021305273;0.0;3
122029022985038;1764839972965;-0.0023968432;0.0021305273;0.0;3
122029024973268;1764839972968;-0.0023968432;0.0021305273;0.0;3
122029026961497;1764839972970;-0.0023968432;0.0021305273;0.0;3
122029028949726;1764839972974;-0.0023968432;0.0021305273;0.0;3
122029030937955;1764839972974;-0.0023968432;0.0021305273;0.0;3
122029032926184;1764839972975;-0.0023968432;0.0021305273;0.0;3
122029034914413;1764839972977;-0.0023968432;0.0021305273;0.0;3
122029036902643;1764839972980;-0.0023968432;0.0021305273;0.0;3
122029038890872;1764839972981;-0.0023968432;0.0021305273;0.0;3
122029040879101;1764839972983;-0.0023968432;0.0021305273;0.0;3
122029042867330;1764839972985;-0.0023968432;0.0021305273;0.0;3
122029044855559;1764839972997;-0.0023968432;0.0021305273;0.0;3
122029046843788;1764839972997;-0.0023968432;0.0021305273;0.0;3
122029048832018;1764839972997;-0.0023968432;0.0021305273;0.0;3
122029050820247;1764839972997;-0.0023968432;0.0021305273;0.0;3
122029052808476;1764839972997;-0.0023968432;0.0021305273;0.0;3
122029054796705;1764839972998;-0.0023968432;0.0021305273;0.0;3
122029056784934;1764839972999;-0.0023968432;0.0021305273;0.0;3
122029058773163;1764839973001;-0.0023968432;0.0021305273;0.0;3
122029060761393;1764839973004;-0.0023968432;0.0021305273;0.0;3
122029062749622;1764839973014;-0.0023968432;0.0021305273;0.0;3
122029064737747;1764839973014;-0.0023968432;0.0021305273;0.0;3
122029066725872;1764839973014;-0.0023968432;0.0021305273;0.0;3
122029068713997;1764839973014;-0.0023968432;0.0021305273;0.0;3
122029070702122;1764839973014;-0.0023968432;0.0021305273;0.0;3
122029072690247;1764839973015;-0.0023968432;0.0021305273;0.0;3
122029074678372;1764839973017;-0.0023968432;0.0021305273;0.0;3
122029076666497;1764839973019;-0.0023968432;0.0021305273;0.0;3
122029078654622;1764839973021;-0.0023968432;0.0021305273;0.0;3
122029080642747;1764839973029;-0.0023968432;0.0021305273;0.0;3
122029082630872;1764839973029;-0.0023968432;0.0021305273;0.0;3
122029084618997;1764839973029;-0.0023968432;0.0021305273;0.0;3
122029086607122;1764839973029;-0.0023968432;0.0021305273;0.0;3
122029088595247;1764839973031;-0.0023968432;0.0021305273;0.0;3
122029090583372;1764839973033;-0.0023968432;0.0021305273;0.0;3
122029092571497;1764839973035;-0.0023968432;0.0021305273;0.0;3
122029094559622;1764839973039;-0.0023968432;0.0021305273;0.0;3
122029096547747;1764839973039;-0.0023968432;0.0021305273;0.0;3
122029098535872;1764839973044;-0.0023968432;0.0021305273;0.0;3
122029100523997;1764839973044;-0.0023968432;0.0021305273;0.0;3
122029102512122;1764839973045;-0.0023968432;0.0021305273;0.0;3
122029104500247;1764839973047;-0.0023968432;0.0021305273;0.0;3
122029106488372;1764839973049;-0.0023968432;0.0021305273;0.0;3
122029108476497;1764839973051;-0.0023968432;0.0021305273;0.0;3
122029110464622;1764839973054;-0.0023968432;0.0021305273;0.0;3
122029112452747;1764839973058;-0.0023968432;0.0021305273;0.0;3
122029114440872;1764839973058;-0.0023968432;0.0021305273;0.0;3
122029116428997;1764839973060;-0.0023968432;0.0021305273;0.0;3
122029118417122;1764839973061;-0.0023968432;0.0021305273;0.0;3
122029120405247;1764839973063;-0.0023968432;0.0021305273;0.0;3
122029122393372;1764839973065;-0.0023968432;0.0021305273;0.0;3
122029124381497;1764839973067;-0.0023968432;0.0021305273;0.0;3
122029126369622;1764839973069;-0.0023968432;0.0021305273;0.0;3
122029128357747;1764839973074;-0.0023968432;0.0021305273;0.0;3
122029130345872;1764839973074;-0.0023968432;0.0021305273;0.0;3
122029132333997;1764839973075;-0.0023968432;0.0021305273;0.0;3
122029134322122;1764839973077;-0.0023968432;0.0021305273;0.0;3
122029136310247;1764839973079;-0.0023968432;0.0021305273;0.0;3
122029138298372;1764839973081;-0.0023968432;0.0021305273;0.0;3
122029140286497;1764839973083;-0.0023968432;0.0021305273;0.0;3
122029142274622;1764839973085;-0.0023968432;0.0021305273;0.0;3
122029144262747;1764839973087;-0.0023968432;0.0021305273;0.0;3
122029146250976;1764839973089;-0.0023968432;0.0021305273;0.0;3
122029148239205;1764839973090;-0.0023968432;0.0021305273;0.0;3
122029150227434;1764839973093;-0.0023968432;0.0021305273;0.0;3
122029152215663;1764839973095;-0.0023968432;0.0021305273;0.0;3
122029154203893;1764839973097;-0.0023968432;0.0021305273;0.0;3
122029156192122;1764839973099;-0.0023968432;0.0021305273;0.0;3
122029158180351;1764839973101;-0.0023968432;0.0021305273;0.0;3
122029160168580;1764839973103;-0.0023968432;0.0021305273;0.0;3
122029162156809;1764839973106;-0.0023968432;0.0021305273;0.0;3
122029164145038;1764839973107;-0.0023968432;0.0021305273;0.0;3
122029166133268;1764839973110;-0.0023968432;0.0021305273;0.0;3
122029168121497;1764839973111;-0.0023968432;0.0021305273;0.0;3
122029170109726;1764839973113;-0.0023968432;0.0021305273;0.0;3
122029172097955;1764839973115;-0.0023968432;0.0021305273;0.0;3
122029174086184;1764839973117;-0.0023968432;0.0021305273;0.0;3
122029176074413;1764839973119;-0.0023968432;0.0021305273;0.0;3
122029178062643;1764839973121;-0.0023968432;0.0021305273;0.0;3
122029180050872;1764839973124;-0.0023968432;0.0021305273;0.0;3
122029182039101;1764839973125;-0.0023968432;0.0021305273;0.0;3
122029184027330;1764839973127;-0.0023968432;0.0021305273;0.0;3
122029186015559;1764839973129;-0.0023968432;0.0021305273;0.0;3
122029188003788;1764839973130;-0.0023968432;0.0021305273;0.0;3
122029189992018;1764839973133;-0.0023968432;0.0021305273;0.0;3
122029191980247;1764839973134;-0.0023968432;0.0021305273;0.0;3
122029193968476;1764839973138;-0.0023968432;0.0021305273;0.0;3
122029195956705;1764839973140;-0.0023968432;0.0021305273;0.0;3
122029197944934;1764839973140;-0.0023968432;0.0021305273;0.0;3
122029199933163;1764839973143;-0.0023968432;0.0021305273;0.0;3
122029201921393;1764839973145;-0.0023968432;0.0021305273;0.0;3
122029203909622;1764839973147;-0.0023968432;0.0021305273;0.0;3
122029205897851;1764839973149;-0.0023968432;0.0021305273;0.0;3
122029207886080;1764839973150;-0.0023968432;0.0021305273;0.0;3
122029209874309;1764839973153;-0.0023968432;0.0021305273;0.0;3
122029211862538;1764839973154;-0.0023968432;0.0021305273;0.0;3
122029213850768;1764839973162;-0.0023968432;0.0021305273;0.0;3
122029215838997;1764839973162;-0.0023968432;0.0021305273;0.0;3
122029217827226;1764839973162;-0.0023968432;0.0021305273;0.0;3
122029219815455;1764839973162;-0.0023968432;0.0021305273;0.0;3
122029221803684;1764839973165;-0.0023968432;0.0021305273;0.0;3
122029223791913;1764839973167;-0.0023968432;0.0021305273;0.0;3
122029225780143;1764839973168;-0.0023968432;0.0021305273;0.0;3
122029227768372;1764839973170;-0.0023968432;0.0021305273;0.0;3
122029229756601;1764839973178;-0.0023968432;0.0021305273;0.0;3
122029231744830;1764839973178;-0.0023968432;0.0021305273;0.0;3
122029233733059;1764839973178;-0.0023968432;0.0021305273;0.0;3
122029235721288;1764839973178;-0.0023968432;0.0021305273;0.0;3
122029237709518;1764839973181;-0.0023968432;0.0021305273;0.0;3
122029239697747;1764839973182;-0.0023968432;0.0021305273;0.0;3
122029241685976;1764839973184;-0.0023968432;0.0021305273;0.0;3
122029243674205;1764839973186;-0.0023968432;0.0021305273;0.0;3
122029245662434;1764839973191;-0.0023968432;0.0021305273;0.0;3
122029247650663;1764839973191;-0.0023968432;0.0021305273;0.0;3
122029249638893;1764839973193;-0.0023968432;0.0021305273;0.0;3
122029251627122;1764839973194;-0.0023968432;0.0021305273;0.0;3
122029253615351;1764839973196;-0.0023968432;0.0021305273;0.0;3
122029255603580;1764839973198;-0.0023968432;0.0021305273;0.0;3
122029257591809;1764839973200;-0.0023968432;0.0021305273;0.0;3
122029259580038;1764839973202;-0.0023968432;0.0021305273;0.0;3
122029261568268;1764839973207;-0.0023968432;0.0021305273;0.0;3
122029263556497;1764839973207;-0.0023968432;0.0021305273;0.0;3
122029265544726;1764839973208;-0.0023968432;0.0021305273;0.0;3
122029267532955;1764839973210;-0.0023968432;0.0021305273;0.0;3
122029269521184;1764839973212;-0.0023968432;0.0021305273;0.0;3
122029271509309;1764839973214;-0.0023968432;0.0021305273;0.0;3
122029273497434;1764839973216;-0.0023968432;0.0021305273;0.0;3
122029275485559;1764839973218;-0.0023968432;0.0021305273;0.0;3
122029277473684;1764839973221;-0.0023968432;0.0021305273;0.0;3
122029279461809;1764839973223;-0.0023968432;0.0021305273;0.0;3
122029281449934;1764839973224;-0.0023968432;0.0021305273;0.0;3
122029283438059;1764839973226;-0.0023968432;0.0021305273;0.0;3
122029285426184;1764839973228;-0.0023968432;0.0021305273;0.0;3
122029287414309;1764839973230;-0.0023968432;0.0021305273;0.0;3
122029289402434;1764839973232;-0.0023968432;0.0021305273;0.0;3
122029291390559;1764839973234;-0.0023968432;0.0021305273;0.0;3
122029293378684;1764839973237;-0.0023968432;0.0021305273;0.0;3
122029295366809;1764839973243;-0.0023968432;0.0021305273;0.0;3
122029297354934;1764839973243;-0.0023968432;0.0021305273;0.0;3
122029299343059;1764839973243;-0.0023968432;0.0021305273;0.0;3
122029301331184;1764839973244;-0.0023968432;0.0021305273;0.0;3
122029303319309;1764839973247;-0.0023968432;0.0021305273;0.0;3
122029305307434;1764839973248;-0.0023968432;0.0021305273;0.0;3
122029307295559;1764839973250;-0.0023968432;0.0021305273;0.0;3
122029309283684;1764839973253;-0.0023968432;0.0021305273;0.0;3
122029311271809;1764839973259;-0.0023968432;0.0021305273;0.0;3
122029313259934;1764839973259;-0.0023968432;0.0021305273;0.0;3
122029315248059;1764839973259;-0.0023968432;0.0021305273;0.0;3
122029317236184;1764839973260;-0.0023968432;0.0021305273;0.0;3
122029319224309;1764839973262;-0.0023968432;0.0021305273;0.0;3
122029321212434;1764839973263;-0.0023968432;0.0021305273;0.0;3
122029323200559;1764839973266;-0.0023968432;0.0021305273;0.0;3
122029325188684;1764839973268;-0.0023968432;0.0021305273;0.0;3
122029327176809;1764839973272;-0.0023968432;0.0021305273;0.0;3
122029329164934;1764839973272;-0.0023968432;0.0021305273;0.0;3
122029331153059;1764839973274;-0.0023968432;0.0021305273;0.0;3
122029333141184;1764839973276;-0.0023968432;0.0021305273;0.0;3
122029335129309;1764839973278;-0.0023968432;0.0021305273;0.0;3
122029337117434;1764839973280;-0.0023968432;0.0021305273;0.0;3
122029339105559;1764839973283;-0.0023968432;0.0021305273;0.0;3
122029341093684;1764839973283;-0.0023968432;0.0021305273;0.0;3
122029343081809;1764839973286;-0.0023968432;0.0021305273;0.0;3
122029345069934;1764839973287;-0.0023968432;0.0021305273;0.0;3
122029347058059;1764839973289;-0.0023968432;0.0021305273;0.0;3
122029349046184;1764839973292;-0.0023968432;0.0021305273;0.0;3
122029351034413;1764839973293;-0.0023968432;0.0021305273;0.0;3
122029353022643;1764839973296;-0.0023968432;0.0021305273;0.0;3
122029355010872;1764839973297;-0.0023968432;0.0021305273;0.0;3
122029356999101;1764839973300;-0.0023968432;0.0021305273;0.0;3
122029358987330;1764839973303;-0.0023968432;0.0021305273;0.0;3
122029360975559;1764839973307;-0.0023968432;0.0021305273;0.0;3
122029362963788;1764839973307;-0.0023968432;0.0021305273;0.0;3
122029364952018;1764839973308;-0.0023968432;0.0021305273;0.0;3
122029366940247;1764839973310;-0.0023968432;0.0021305273;0.0;3
122029368928476;1764839973311;-0.0023968432;0.0021305273;0.0;3
122029370916705;1764839973313;-0.0023968432;0.0021305273;0.0;3
122029372904934;1764839973315;-0.0023968432;0.0021305273;0.0;3
122029374893163;1764839973317;-0.0023968432;0.0021305273;0.0;3
122029376881393;1764839973320;-0.0023968432;0.0021305273;0.0;3
122029378869622;1764839973322;-0.0023968432;0.0021305273;0.0;3
122029380857851;1764839973323;-0.0023968432;0.0021305273;0.0;3
122029382846080;1764839973326;-0.0023968432;0.0021305273;0.0;3
122029384834309;1764839973328;-0.0023968432;0.0021305273;0.0;3
122029386822538;1764839973329;-0.0023968432;0.0021305273;0.0;3
122029388810768;1764839973332;-0.0023968432;0.0021305273;0.0;3
122029390798997;1764839973334;-0.0023968432;0.0021305273;0.0;3
122029392787226;1764839973336;-0.0023968432;0.0021305273;0.0;3
122029394775455;1764839973341;-0.0023968432;0.0021305273;0.0;3
122029396763684;1764839973341;-0.0023968432;0.0021305273;0.0;3
122029398751913;1764839973342;-0.0023968432;0.0021305273;0.0;3
122029400740143;1764839973343;-0.0023968432;0.0021305273;0.0;3
122029402728372;1764839973346;-0.0023968432;0.0021305273;0.0;3
122029404716601;1764839973347;-0.0023968432;0.0021305273;0.0;3
122029406704830;1764839973349;-0.0023968432;0.0021305273;0.0;3
122029408693059;1764839973353;-0.0023968432;0.0021305273;0.0;3
122029410681288;1764839973353;-0.0023968432;0.0021305273;0.0;3
122029412669518;1764839973359;-0.0023968432;0.0021305273;0.0;3
122029414657747;1764839973359;-0.0023968432;0.0021305273;0.0;3
122029416645976;1764839973359;-0.0023968432;0.0021305273;0.0;3
122029418634205;1764839973361;-0.0023968432;0.0021305273;0.0;3
122029420622434;1764839973363;-0.0023968432;0.0021305273;0.0;3
122029422610663;1764839973365;-0.0023968432;0.0021305273;0.0;3
122029424598893;1764839973367;-0.0023968432;0.0021305273;0.0;3
122029426587122;1764839973369;-0.0023968432;0.0021305273;0.0;3
122029428575351;1764839973373;-0.0023968432;0.0021305273;0.0;3
122029430563580;1764839973373;-0.0023968432;0.0021305273;0.0;3
122029432551809;1764839973375;-0.0023968432;0.0021305273;0.0;3
122029434540038;1764839973377;-0.0023968432;0.0021305273;0.0;3
122029436528268;1764839973379;-0.0023968432;0.0021305273;0.0;3
122029438516497;1764839973381;-0.0023968432;0.0021305273;0.0;3
122029440504726;1764839973383;-0.0023968432;0.0021305273;0.0;3
122029442492955;1764839973386;-0.0023968432;0.0021305273;0.0;3
122029444481184;1764839973391;-0.0023968432;0.0021305273;0.0;3
122029446469413;1764839973391;-0.0023968432;0.0021305273;0.0;3
122029448457643;1764839973391;-0.0023968432;0.0021305273;0.0;3
122029450445872;1764839973393;-0.0023968432;0.0021305273;0.0;3
122029452434101;1764839973395;-0.0023968432;0.0021305273;0.0;3
122029454422330;1764839973397;-0.0023968432;0.0021305273;0.0;3
122029456410559;1764839973400;-0.0023968432;0.0021305273;0.0;3
122029458398788;1764839973401;-0.0023968432;0.0021305273;0.0;3
122029460387018;1764839973403;-0.0023968432;0.0021305273;0.0;3
122029462375247;1764839973413;-0.0023968432;0.0021305273;0.0;3
122029464363476;1764839973413;-0.0023968432;0.0021305273;0.0;3
122029466351705;1764839973413;-0.0023968432;0.0021305273;0.0;3
122029468339934;1764839973413;-0.0023968432;0.0021305273;0.0;3
122029470328163;1764839973413;-0.0023968432;0.0021305273;0.0;3
122029472316393;1764839973415;-0.0023968432;0.0021305273;0.0;3
122029474304622;1764839973416;-0.0023968432;0.0021305273;0.0;3
122029476292851;1764839973419;-0.0023968432;0.0021305273;0.0;3
122029478281080;1764839973436;-0.0023968432;0.0021305273;0.0;3
122029480269309;1764839973436;-0.0023968432;0.0021305273;0.0;3
122029482257538;1764839973436;-0.0023968432;0.0021305273;0.0;3
122029484245663;1764839973436;-0.0023968432;0.0021305273;0.0;3
122029486233788;1764839973436;-0.0023968432;0.0021305273;0.0;3
122029488221913;1764839973436;-0.0023968432;0.0021305273;0.0;3
122029490210038;1764839973436;-0.0023968432;0.0021305273;0.0;3
122029492198163;1764839973436;-0.0023968432;0.0021305273;0.0;3
122029494186288;1764839973436;-0.0023968432;0.0021305273;0.0;3
122029496174413;1764839973439;-0.0023968432;0.0021305273;0.0;3
122029498162538;1764839973442;-0.0023968432;0.0021305273;0.0;3
122029500150663;1764839973443;-0.0023968432;0.0021305273;0.0;3
122029502138788;1764839973445;-0.0023968432;0.0021305273;0.0;3
122029504126913;1764839973446;-0.0023968432;0.0021305273;0.0;3
122029506115038;1764839973449;-0.0023968432;0.0021305273;0.0;3
122029508103163;1764839973451;-0.0023968432;0.0021305273;0.0;3
122029510091288;1764839973453;-0.0023968432;0.0021305273;0.0;3
122029512079413;1764839973456;-0.0023968432;0.0021305273;0.0;3
122029514067538;1764839973457;-0.0023968432;0.0021305273;0.0;3
122029516055663;1764839973458;-0.0023968432;0.0021305273;0.0;3
122029518043788;1764839973461;-0.0023968432;0.0021305273;0.0;3
122029520031913;1764839973463;-0.0023968432;0.0021305273;0.0;3
122029522020038;1764839973464;-0.0023968432;0.0021305273;0.0;3
122029524008163;1764839973467;-0.0023968432;0.0021305273;0.0;3
122029525996288;1764839973469;-0.0023968432;0.0021305273;0.0;3
122029527984413;1764839973472;-0.0023968432;0.0021305273;0.0;3
122029529972538;1764839973473;-0.0023968432;0.0021305273;0.0;3
122029531960663;1764839973475;-0.0023968432;0.0021305273;0.0;3
122029533948788;1764839973476;-0.0023968432;0.0021305273;0.0;3
122029535936913;1764839973479;-0.0023968432;0.0021305273;0.0;3
122029537925038;1764839973480;-0.0023968432;0.0021305273;0.0;3
122029539913163;1764839973483;-0.0023968432;0.0021305273;0.0;3
122029541901288;1764839973485;-0.0023968432;0.0021305273;0.0;3
122029543889413;1764839973486;-0.0023968432;0.0021305273;0.0;3
122029545877538;1764839973488;-0.0023968432;0.0021305273;0.0;3
122029547865663;1764839973490;-0.0023968432;0.0021305273;0.0;3
122029549853788;1764839973492;-0.0023968432;0.0021305273;0.0;3
122029551841913;1764839973494;-0.0023968432;0.0021305273;0.0;3
122029553830038;1764839973496;-0.0023968432;0.0021305273;0.0;3
122029555818163;1764839973498;-0.0023968432;0.0021305273;0.0;3
122029557806288;1764839973500;-0.0023968432;0.0021305273;0.0;3
122029559794518;1764839973502;-0.0023968432;0.0021305273;0.0;3
122029561782747;1764839973505;-0.0023968432;0.0021305273;0.0;3
122029563770976;1764839973506;-0.0023968432;0.0021305273;0.0;3
122029565759205;1764839973508;-0.0023968432;0.0021305273;0.0;3
122029567747434;1764839973511;-0.0023968432;0.0021305273;0.0;3
122029569735663;1764839973512;-0.0023968432;0.0021305273;0.0;3
122029571723893;1764839973514;-0.0023968432;0.0021305273;0.0;3
122029573712122;1764839973516;-0.0023968432;0.0021305273;0.0;3
122029575700351;1764839973518;-0.0023968432;0.0021305273;0.0;3
122029577688580;1764839973522;-0.0023968432;0.0021305273;0.0;3
122029579676809;1764839973522;-0.0023968432;0.0021305273;0.0;3
122029581665038;1764839973525;-0.0023968432;0.0021305273;0.0;3
122029583653268;1764839973526;-0.0023968432;0.0021305273;0.0;3
122029585641497;1764839973528;-0.0023968432;0.0021305273;0.0;3
122029587629726;1764839973530;-0.0023968432;0.0021305273;0.0;3
122029589617955;1764839973532;-0.0023968432;0.0021305273;0.0;3
122029591606184;1764839973535;-0.0023968432;0.0021305273;0.0;3
122029593594413;1764839973536;-0.0023968432;0.0021305273;0.0;3
122029595582643;1764839973541;-0.0023968432;0.0021305273;0.0;3
122029597570872;1764839973541;-0.0023968432;0.0021305273;0.0;3
122029599559101;1764839973543;-0.0023968432;0.0021305273;0.0;3
122029601547330;1764839973546;-0.0023968432;0.0021305273;0.0;3
122029603535559;1764839973546;-0.0023968432;0.0021305273;0.0;3
122029605523788;1764839973548;-0.0023968432;0.0021305273;0.0;3
122029607512018;1764839973550;-0.0023968432;0.0021305273;0.0;3
122029609500247;1764839973553;-0.0023968432;0.0021305273;0.0;3
122029611488476;1764839973565;-0.0023968432;0.0021305273;0.0;3
122029613476705;1764839973565;-0.0023968432;0.0021305273;0.0;3
122029615464934;1764839973565;-0.0023968432;0.0021305273;0.0;3
122029617453163;1764839973565;-0.0023968432;0.0021305273;0.0;3
122029619441393;1764839973565;-0.0023968432;0.0021305273;0.0;3
122029621429622;1764839973565;-0.0023968432;0.0021305273;0.0;3
122029623417851;1764839973566;-0.0023968432;0.0021305273;0.0;3
122029625406080;1764839973568;-0.0023968432;0.0021305273;0.0;3
122029627394309;1764839973586;-0.0023968432;0.0021305273;0.0;3
122029629382538;1764839973586;-0.0023968432;0.0021305273;0.0;3
122029631370768;1764839973586;-0.0023968432;0.0021305273;0.0;3
122029633358997;1764839973586;-0.0023968432;0.0021305273;0.0;3
122029635347226;1764839973586;-0.0023968432;0.0021305273;0.0;3
122029637335455;1764839973586;-0.0023968432;0.0021305273;0.0;3
122029639323684;1764839973586;-0.0023968432;0.0021305273;0.0;3
122029641311913;1764839973586;-0.0023968432;0.0021305273;0.0;3
122029643300143;1764839973587;-0.0023968432;0.0021305273;0.0;3
122029645288372;1764839973588;-0.0023968432;0.0021305273;0.0;3
122029647276601;1764839973593;-0.0023968432;0.0021305273;0.0;3
122029649264830;1764839973593;-0.0023968432;0.0021305273;0.0;3
122029651253059;1764839973594;-0.0023968432;0.0021305273;0.0;3
122029653241288;1764839973596;-0.0023968432;0.0021305273;0.0;3
122029655229518;1764839973598;-0.0023968432;0.0021305273;0.0;3
122029657217747;1764839973600;-0.0023968432;0.0021305273;0.0;3
122029659205976;1764839973601;-0.0023968432;0.0021305273;0.0;3
122029661194205;1764839973608;-0.0023968432;0.0021305273;0.0;3
122029663182434;1764839973608;-0.0023968432;0.0021305273;0.0;3
122029665170663;1764839973608;-0.0023968432;0.0021305273;0.0;3
122029667158893;1764839973612;-0.0023968432;0.0021305273;0.0;3
122029669147122;1764839973612;-0.0023968432;0.0021305273;0.0;3
122029671135351;1764839973615;-0.0023968432;0.0021305273;0.0;3
122029673123580;1764839973616;-0.0023968432;0.0021305273;0.0;3
122029675111809;1764839973618;-0.0023968432;0.0021305273;0.0;3
122029677100038;1764839973631;-0.0023968432;0.0021305273;0.0;3
122029679088268;1764839973631;-0.0023968432;0.0021305273;0.0;3
122029681076497;1764839973631;-0.0023968432;0.0021305273;0.0;3
122029683064726;1764839973631;-0.0023968432;0.0021305273;0.0;3
122029685052955;1764839973631;-0.0023968432;0.0021305273;0.0;3
122029687041184;1764839973631;-0.0023968432;0.0021305273;0.0;3
122029689029413;1764839973631;-0.0023968432;0.0021305273;0.0;3
122029691017643;1764839973634;-0.0023968432;0.0021305273;0.0;3
122029693005872;1764839973635;-0.0023968432;0.0021305273;0.0;3
122029694994101;1764839973642;-0.0023968432;0.0021305273;0.0;3
122029696982330;1764839973642;-0.0023968432;0.0021305273;0.0;3
122029698970559;1764839973642;-0.0023968432;0.0021305273;0.0;3
122029700958788;1764839973643;-0.0023968432;0.0021305273;0.0;3
122029702946913;1764839973645;-0.0023968432;0.0021305273;0.0;3
122029704935038;1764839973647;-0.0023968432;0.0021305273;0.0;3
122029706923163;1764839973650;-0.0023968432;0.0021305273;0.0;3
122029708911288;1764839973651;-0.0023968432;0.0021305273;0.0;3
122029710899413;1764839973654;-0.0023968432;0.0021305273;0.0;3
122029712887538;1764839973655;-0.0023968432;0.0021305273;0.0;3
122029714875663;1764839973657;-0.0023968432;0.0021305273;0.0;3
122029716863788;1764839973660;-0.0023968432;0.0021305273;0.0;3
122029718851913;1764839973661;-0.0023968432;0.0021305273;0.0;3
122029720840038;1764839973664;-0.0023968432;0.0021305273;0.0;3
122029722828163;1764839973665;-0.0023968432;0.0021305273;0.0;3
122029724816288;1764839973667;-0.0023968432;0.0021305273;0.0;3
122029726804413;1764839973671;-0.0023968432;0.0021305273;0.0;3
122029728792538;1764839973672;-0.0023968432;0.0021305273;0.0;3
122029730780663;1764839973674;-0.0023968432;0.0021305273;0.0;3
122029732768788;1764839973675;-0.0023968432;0.0021305273;0.0;3
122029734756913;1764839973678;-0.0023968432;0.0021305273;0.0;3
122029736745038;1764839973680;-0.0023968432;0.0021305273;0.0;3
122029738733163;1764839973681;-0.0023968432;0.0021305273;0.0;3
122029740721288;1764839973684;-0.0023968432;0.0021305273;0.0;3
122029742709413;1764839973685;-0.0023968432;0.0021305273;0.0;3
122029744697538;1764839973688;-0.0023968432;0.0021305273;0.0;3
122029746685663;1764839973690;-0.0023968432;0.0021305273;0.0;3
122029748673788;1764839973691;-0.0023968432;0.0021305273;0.0;3
122029750661913;1764839973696;-0.0023968432;0.0021305273;0.0;3
122029752650038;1764839973696;-0.0023968432;0.0021305273;0.0;3
122029754638163;1764839973698;-0.0023968432;0.0021305273;0.0;3
122029756626288;1764839973700;-0.0023968432;0.0021305273;0.0;3
122029758614413;1764839973701;-0.0023968432;0.0021305273;0.0;3
122029760602538;1764839973713;-0.0023968432;0.0021305273;0.0;3
122029762590663;1764839973713;-0.0023968432;0.0021305273;0.0;3
122029764578788;1764839973713;-0.0023968432;0.0021305273;0.0;3
122029766566913;1764839973713;-0.0023968432;0.0021305273;0.0;3
122029768555038;1764839973713;-0.0023968432;0.0021305273;0.0;3
122029770543163;1764839973714;-0.0023968432;0.0021305273;0.0;3
122029772531288;1764839973715;-0.0023968432;0.0021305273;0.0;3
122029774519518;1764839973717;-0.0023968432;0.0021305273;0.0;3
122029776507747;1764839973726;-0.0023968432;0.0021305273;0.0;3
122029778495976;1764839973726;-0.0023968432;0.0021305273;0.0;3
122029780484205;1764839973726;-0.0023968432;0.0021305273;0.0;3
122029782472434;1764839973726;-0.0023968432;0.0021305273;0.0;3
122029784460663;1764839973727;-0.0023968432;0.0021305273;0.0;3
122029786448893;1764839973729;-0.0023968432;0.0021305273;0.0;3
122029788437122;1764839973730;-0.0023968432;0.0021305273;0.0;3
122029790425351;1764839973734;-0.0023968432;0.0021305273;0.0;3
122029792413580;1764839973735;-0.0023968432;0.0021305273;0.0;3
122029794401809;1764839973738;-0.0023968432;0.0021305273;0.0;3
122029796390038;1764839973739;-0.0023968432;0.0021305273;0.0;3
122029798378268;1764839973741;-0.0023968432;0.0021305273;0.0;3
122029800366497;1764839973743;-0.0023968432;0.0021305273;0.0;3
122029802354726;1764839973745;-0.0023968432;0.0021305273;0.0;3
122029804342955;1764839973747;-0.0023968432;0.0021305273;0.0;3
122029806331184;1764839973749;-0.0023968432;0.0021305273;0.0;3
122029808319413;1764839973750;-0.0023968432;0.0021305273;0.0;3
122029810307643;1764839973754;-0.0023968432;0.0021305273;0.0;3
122029812295872;1764839973755;-0.0023968432;0.0021305273;0.0;3
122029814284101;1764839973757;-0.0023968432;0.0021305273;0.0;3
122029816272330;1764839973759;-0.0023968432;0.0021305273;0.0;3
122029818260559;1764839973760;-0.0023968432;0.0021305273;0.0;3
122029820248788;1764839973763;-0.0023968432;0.0021305273;0.0;3
122029822237018;1764839973765;-0.0023968432;0.0021305273;0.0;3
122029824225247;1764839973766;-0.0023968432;0.0021305273;0.0;3
122029826213476;1764839973771;-0.0023968432;0.0021305273;0.0;3
122029828201705;1764839973771;-0.0023968432;0.0021305273;0.0;3
122029830189934;1764839973773;-0.0023968432;0.0021305273;0.0;3
122029832178163;1764839973775;-0.0023968432;0.0021305273;0.0;3
122029834166393;1764839973777;-0.0023968432;0.0021305273;0.0;3
122029836154622;1764839973779;-0.0023968432;0.0021305273;0.0;3
122029838142851;1764839973781;-0.0023968432;0.0021305273;0.0;3
122029840131080;1764839973783;-0.0023968432;0.0021305273;0.0;3
122029842119309;1764839973785;-0.0023968432;0.0021305273;0.0;3
122029844107538;1764839973794;-0.0023968432;0.0021305273;0.0;3
122029846095768;1764839973794;-0.0023968432;0.0021305273;0.0;3
122029848083997;1764839973794;-0.0023968432;0.0021305273;0.0;3
122029850072226;1764839973794;-0.0023968432;0.0021305273;0.0;3
122029852060455;1764839973795;-0.0023968432;0.0021305273;0.0;3
122029854048684;1764839973797;-0.0023968432;0.0021305273;0.0;3
122029856036913;1764839973801;-0.0023968432;0.0021305273;0.0;3
122029858025143;1764839973801;-0.0023968432;0.0021305273;0.0;3
122029860013372;1764839973825;-0.0023968432;0.0021305273;0.0;3
122029862001601;1764839973825;-0.0023968432;0.0021305273;0.0;3
122029863989830;1764839973825;-0.0023968432;0.0021305273;0.0;3
122029865978059;1764839973825;-0.0023968432;0.0021305273;0.0;3
122029867966288;1764839973825;-0.0023968432;0.0021305273;0.0;3
122029869954518;1764839973825;-0.0023968432;0.0021305273;0.0;3
122029871942747;1764839973825;-0.0023968432;0.0021305273;0.0;3
122029873930976;1764839973825;-0.0023968432;0.0021305273;0.0;3
122029875919205;1764839973825;-0.0023968432;0.0021305273;0.0;3
122029877907434;1764839973825;-0.0023968432;0.0021305273;0.0;3
122029879895663;1764839973825;-0.0023968432;0.0021305273;0.0;3
122029881883893;1764839973825;-0.0023968432;0.0021305273;0.0;3
122029883872122;1764839973827;-0.0023968432;0.0021305273;0.0;3
122029885860351;1764839973829;-0.0023968432;0.0021305273;0.0;3
122029887848580;1764839973830;-0.0023968432;0.0021305273;0.0;3
122029889836809;1764839973833;-0.0023968432;0.0021305273;0.0;3
122029891825038;1764839973834;-0.0023968432;0.0021305273;0.0;3
122029893813268;1764839973843;-0.0023968432;0.0021305273;0.0;3
122029895801497;1764839973843;-0.0023968432;0.0021305273;0.0;3
122029897789726;1764839973843;-0.0023968432;0.0021305273;0.0;3
122029899777955;1764839973843;-0.0023968432;0.0021305273;0.0;3
122029901766184;1764839973844;-0.0023968432;0.0021305273;0.0;3
122029903754413;1764839973846;-0.0023968432;0.0021305273;0.0;3
122029905742643;1764839973850;-0.0023968432;0.0021305273;0.0;3
122029907730872;1764839973850;-0.0023968432;0.0021305273;0.0;3
122029909719101;1764839973856;-0.0023968432;0.0021305273;0.0;3
122029911707330;1764839973856;-0.0023968432;0.0021305273;0.0;3
122029913695559;1764839973856;-0.0023968432;0.0021305273;0.0;3
122029915683788;1764839973858;-0.0023968432;0.0021305273;0.0;3
122029917672018;1764839973860;-0.0023968432;0.0021305273;0.0;3
122029919660247;1764839973862;-0.0023968432;0.0021305273;0.0;3
122029921648476;1764839973864;-0.0023968432;0.0021305273;0.0;3
122029923636705;1764839973866;-0.0023968432;0.0021305273;0.0;3
122029925624934;1764839973868;-0.0023968432;0.0021305273;0.0;3
122029927613163;1764839973871;-0.0023968432;0.0021305273;0.0;3
122029929601288;1764839973873;-0.0023968432;0.0021305273;0.0;3
122029931589413;1764839973874;-0.0023968432;0.0021305273;0.0;3
122029933577538;1764839973876;-0.0023968432;0.0021305273;0.0;3
122029935565663;1764839973878;-0.0023968432;0.0021305273;0.0;3
122029937553788;1764839973880;-0.0023968432;0.0021305273;0.0;3
122029939541913;1764839973882;-0.0023968432;0.0021305273;0.0;3
122029941530038;1764839973884;-0.0023968432;0.0021305273;0.0;3
122029943518163;1764839973888;-0.0023968432;0.0021305273;0.0;3
122029945506288;1764839973888;-0.0023968432;0.0021305273;0.0;3
122029947494413;1764839973890;-0.0023968432;0.0021305273;0.0;3
122029949482538;1764839973892;-0.0023968432;0.0021305273;0.0;3
122029951470663;1764839973894;-0.0023968432;0.0021305273;0.0;3
122029953458788;1764839973896;-0.0023968432;0.0021305273;0.0;3
122029955446913;1764839973898;-0.0023968432;0.0021305273;0.0;3
122029957435038;1764839973901;-0.0023968432;0.0021305273;0.0;3
122029959423163;1764839973905;-0.0023968432;0.0021305273;0.0;3
122029961411288;1764839973906;-0.0023968432;0.0021305273;0.0;3
122029963399413;1764839973906;-0.0023968432;0.0021305273;0.0;3
122029965387538;1764839973908;-0.0023968432;0.0021305273;0.0;3
122029967375663;1764839973910;-0.0023968432;0.0021305273;0.0;3
122029969363788;1764839973912;-0.0023968432;0.0021305273;0.0;3
122029971351913;1764839973914;-0.0023968432;0.0021305273;0.0;3
122029973340038;1764839973916;-0.0023968432;0.0021305273;0.0;3
122029975328163;1764839973918;-0.0023968432;0.0021305273;0.0;3
122029977316288;1764839973925;-0.0023968432;0.0021305273;0.0;3
122029979304413;1764839973925;-0.0023968432;0.0021305273;0.0;3
122029981292538;1764839973925;-0.0023968432;0.0021305273;0.0;3
122029983280663;1764839973925;-0.0023968432;0.0021305273;0.0;3
122029985268788;1764839973929;-0.0023968432;0.0021305273;0.0;3
122029987256913;1764839973931;-0.0023968432;0.0021305273;0.0;3
122029989245038;1764839973934;-0.0023968432;0.0021305273;0.0;3
122029991233163;1764839973934;-0.0023968432;0.0021305273;0.0;3
122029993221288;1764839973950;-0.0023968432;0.0021305273;0.0;3
122029995209413;1764839973950;-0.0023968432;0.0021305273;0.0;3
122029997197538;1764839973950;-0.0023968432;0.0021305273;0.0;3
122029999185768;1764839973950;-0.0023968432;0.0021305273;0.0;3
122030001173997;1764839973950;-0.0023968432;0.0021305273;0.0;3
122030003162226;1764839973950;-0.0023968432;0.0021305273;0.0;3
122030005150455;1764839973950;-0.0023968432;0.0021305273;0.0;3
122030007138684;1764839973950;-0.0023968432;0.0021305273;0.0;3
122030009126913;1764839973962;-0.0023968432;0.0021305273;0.0;3
122030011115143;1764839973962;-0.0023968432;0.0021305273;0.0;3
122030013103372;1764839973962;-0.0023968432;0.0021305273;0.0;3
122030015091601;1764839973962;-0.0023968432;0.0021305273;0.0;3
122030017079830;1764839973962;-0.0023968432;0.0021305273;0.0;3
122030019068059;1764839973962;-0.0023968432;0.0021305273;0.0;3
122030021056288;1764839973963;-0.0023968432;0.0021305273;0.0;3
122030023044518;1764839973965;-0.0023968432;0.0021305273;0.0;3
122030025032747;1764839973968;-0.0023968432;0.0021305273;0.0;3
122030027020976;1764839973976;-0.0023968432;0.0021305273;0.0;3
122030029009205;1764839973976;-0.0023968432;0.0021305273;0.0;3
122030030997434;1764839973976;-0.0023968432;0.0021305273;0.0;3
122030032985663;1764839973976;-0.0023968432;0.0021305273;0.0;3
122030034973893;1764839973978;-0.0023968432;0.0021305273;0.0;3
122030036962122;1764839973980;-0.0023968432;0.0021305273;0.0;3
122030038950351;1764839973982;-0.0023968432;0.0021305273;0.0;3
122030040938580;1764839973983;-0.0023968432;0.0021305273;0.0;3
122030042926809;1764839973989;-0.0023968432;0.0021305273;0.0;3
122030044915038;1764839973989;-0.0023968432;0.0021305273;0.0;3
122030046903268;1764839973990;-0.0023968432;0.0021305273;0.0;3
122030048891497;1764839973992;-0.0023968432;0.0021305273;0.0;3
122030050879726;1764839973993;-0.0023968432;0.0021305273;0.0;3
122030052867955;1764839973995;-0.0023968432;0.0021305273;0.0;3
122030054856184;1764839973998;-0.0023968432;0.0021305273;0.0;3
122030056844413;1764839974000;-0.0023968432;0.0021305273;0.0;3
122030058832643;1764839974003;-0.0023968432;0.0021305273;0.0;3
122030060820872;1764839974003;-0.0023968432;0.0021305273;0.0;3
122030062809101;1764839974006;-0.0023968432;0.0021305273;0.0;3
122030064797330;1764839974008;-0.0023968432;0.0021305273;0.0;3
122030066785559;1764839974010;-0.0023968432;0.0021305273;0.0;3
122030068773788;1764839974012;-0.0023968432;0.0021305273;0.0;3
122030070762018;1764839974013;-0.0023968432;0.0021305273;0.0;3
122030072750247;1764839974015;-0.0023968432;0.0021305273;0.0;3
122030074738476;1764839974017;-0.0023968432;0.0021305273;0.0;3
122030076726705;1764839974020;-0.0023968432;0.0021305273;0.0;3
122030078714934;1764839974022;-0.0023968432;0.0021305273;0.0;3
122030080703163;1764839974023;-0.0023968432;0.0021305273;0.0;3
122030082691393;1764839974025;-0.0023968432;0.0021305273;0.0;3
122030084679622;1764839974027;-0.0023968432;0.0021305273;0.0;3
122030086667851;1764839974029;-0.0023968432;0.0021305273;0.0;3
122030088656080;1764839974031;-0.0023968432;0.0021305273;0.0;3
122030090644309;1764839974033;-0.0023968432;0.0021305273;0.0;3
122030092632538;1764839974044;-0.0023968432;0.0021305273;0.0;3
122030094620768;1764839974044;-0.0023968432;0.0021305273;0.0;3
122030096608997;1764839974044;-0.0023968432;0.0021305273;0.0;3
122030098597226;1764839974044;-0.0023968432;0.0021305273;0.0;3
122030100585455;1764839974044;-0.0023968432;0.0021305273;0.0;3
122030102573684;1764839974045;-0.0023968432;0.0021305273;0.0;3
122030104561913;1764839974047;-0.0023968432;0.0021305273;0.0;3
122030106550143;1764839974049;-0.0023968432;0.0021305273;0.0;3
122030108538372;1764839974058;-0.0023968432;0.0021305273;0.0;3
122030110526601;1764839974058;-0.0023968432;0.0021305273;0.0;3
122030112514830;1764839974058;-0.0023968432;0.0021305273;0.0;3
122030114503059;1764839974058;-0.0023968432;0.0021305273;0.0;3
122030116491288;1764839974059;-0.0023968432;0.0021305273;0.0;3
122030118479518;1764839974061;-0.0023968432;0.0021305273;0.0;3
122030120467747;1764839974063;-0.0023968432;0.0021305273;0.0;3
122030122455976;1764839974065;-0.0023968432;0.0021305273;0.0;3
122030124444205;1764839974067;-0.0023968432;0.0021305273;0.0;3
122030126432434;1764839974072;-0.0023968432;0.0021305273;0.0;3
122030128420663;1764839974072;-0.0023968432;0.0021305273;0.0;3
122030130408893;1764839974072;-0.0023968432;0.0021305273;0.0;3
122030132397122;1764839974074;-0.0023968432;0.0021305273;0.0;3
122030134385351;1764839974077;-0.0023968432;0.0021305273;0.0;3
122030136373580;1764839974079;-0.0023968432;0.0021305273;0.0;3
122030138361809;1764839974083;-0.0023968432;0.0021305273;0.0;3
122030140350038;1764839974083;-0.0023968432;0.0021305273;0.0;3
122030142338268;1764839974086;-0.0023968432;0.0021305273;0.0;3
122030144326497;1764839974087;-0.0023968432;0.0021305273;0.0;3
122030146314726;1764839974089;-0.0023968432;0.0021305273;0.0;3
122030148302955;1764839974091;-0.0023968432;0.0021305273;0.0;3
122030150291184;1764839974093;-0.0023968432;0.0021305273;0.0;3
122030152279413;1764839974095;-0.0023968432;0.0021305273;0.0;3
122030154267643;1764839974098;-0.0023968432;0.0021305273;0.0;3
122030156255872;1764839974098;-0.0023968432;0.0021305273;0.0;3
122030158244101;1764839974104;-0.0023968432;0.0021305273;0.0;3
122030160232330;1764839974104;-0.0023968432;0.0021305273;0.0;3
122030162220559;1764839974105;-0.0023968432;0.0021305273;0.0;3
122030164208788;1764839974107;-0.0023968432;0.0021305273;0.0;3
122030166197018;1764839974109;-0.0023968432;0.0021305273;0.0;3
122030168185247;1764839974112;-0.0023968432;0.0021305273;0.0;3
122030170173476;1764839974113;-0.0023968432;0.0021305273;0.0;3
122030172161705;1764839974115;-0.0023968432;0.0021305273;0.0;3
122030174149830;1764839974118;-0.0023968432;0.0021305273;0.0;3
122030176137955;1764839974121;-0.0023968432;0.0021305273;0.0;3
122030178126080;1764839974121;-0.0023968432;0.0021305273;0.0;3
122030180114205;1764839974123;-0.0023968432;0.0021305273;0.0;3
122030182102330;1764839974124;-0.0023968432;0.0021305273;0.0;3
122030184090455;1764839974127;-0.0023968432;0.0021305273;0.0;3
122030186078580;1764839974129;-0.0023968432;0.0021305273;0.0;3
122030188066705;1764839974131;-0.0023968432;0.0021305273;0.0;3
122030190054830;1764839974132;-0.0023968432;0.0021305273;0.0;3
122030192042955;1764839974137;-0.0023968432;0.0021305273;0.0;3
122030194031080;1764839974137;-0.0023968432;0.0021305273;0.0;3
122030196019205;1764839974139;-0.0023968432;0.0021305273;0.0;3
122030198007330;1764839974141;-0.0023968432;0.0021305273;0.0;3
122030199995455;1764839974142;-0.0023968432;0.0021305273;0.0;3
122030201983580;1764839974145;-0.0023968432;0.0021305273;0.0;3
122030203971705;1764839974148;-0.0023968432;0.0021305273;0.0;3
122030205959830;1764839974148;-0.0023968432;0.0021305273;0.0;3
122030207947955;1764839974150;-0.0023968432;0.0021305273;0.0;3
122030209936080;1764839974154;-0.0023968432;0.0021305273;0.0;3
122030211924205;1764839974154;-0.0023968432;0.0021305273;0.0;3
122030213912330;1764839974157;-0.0023968432;0.0021305273;0.0;3
122030215900455;1764839974158;-0.0023968432;0.0021305273;0.0;3
122030217888580;1764839974161;-0.0023968432;0.0021305273;0.0;3
122030219876705;1764839974162;-0.0023968432;0.0021305273;0.0;3
122030221864830;1764839974165;-0.0023968432;0.0021305273;0.0;3
122030223852955;1764839974166;-0.0023968432;0.0021305273;0.0;3
122030225841080;1764839974171;-0.0023968432;0.0021305273;0.0;3
122030227829205;1764839974171;-0.0023968432;0.0021305273;0.0;3
122030229817330;1764839974173;-0.0023968432;0.0021305273;0.0;3
122030231805455;1764839974174;-0.0023968432;0.0021305273;0.0;3
122030233793580;1764839974177;-0.0023968432;0.0021305273;0.0;3
122030235781705;1764839974179;-0.0023968432;0.0021305273;0.0;3
122030237769830;1764839974181;-0.0023968432;0.0021305273;0.0;3
122030239758059;1764839974182;-0.0023968432;0.0021305273;0.0;3
122030241746288;1764839974187;-0.0023968432;0.0021305273;0.0;3
122030243734518;1764839974187;-0.0023968432;0.0021305273;0.0;3
122030245722747;1764839974188;-0.0023968432;0.0021305273;0.0;3
122030247710976;1764839974191;-0.0023968432;0.0021305273;0.0;3
122030249699205;1764839974192;-0.0023968432;0.0021305273;0.0;3
122030251687434;1764839974194;-0.0023968432;0.0021305273;0.0;3
122030253675663;1764839974196;-0.0023968432;0.0021305273;0.0;3
122030255663893;1764839974199;-0.0023968432;0.0021305273;0.0;3
122030257652122;1764839974200;-0.0023968432;0.0021305273;0.0;3
122030259640351;1764839974203;-0.0023968432;0.0021305273;0.0;3
122030261628580;1764839974204;-0.0023968432;0.0021305273;0.0;3
122030263616809;1764839974207;-0.0023968432;0.0021305273;0.0;3
122030265605038;1764839974208;-0.0023968432;0.0021305273;0.0;3
122030267593268;1764839974211;-0.0023968432;0.0021305273;0.0;3
122030269581497;1764839974212;-0.0023968432;0.0021305273;0.0;3
122030271569726;1764839974214;-0.0023968432;0.0021305273;0.0;3
122030273557955;1764839974217;-0.0023968432;0.0021305273;0.0;3
122030275546184;1764839974220;-0.0023968432;0.0021305273;0.0;3
122030277534413;1764839974221;-0.0023968432;0.0021305273;0.0;3
122030279522643;1764839974222;-0.0023968432;0.0021305273;0.0;3
122030281510872;1764839974224;-0.0023968432;0.0021305273;0.0;3
122030283499101;1764839974227;-0.0023968432;0.0021305273;0.0;3
122030285487330;1764839974228;-0.0023968432;0.0021305273;0.0;3
122030287475559;1764839974230;-0.0023968432;0.0021305273;0.0;3
122030289463788;1764839974232;-0.0023968432;0.0021305273;0.0;3
122030291452018;1764839974239;-0.0023968432;0.0021305273;0.0;3
122030293440247;1764839974239;-0.0023968432;0.0021305273;0.0;3
122030295428476;1764839974239;-0.0023968432;0.0021305273;0.0;3
122030297416705;1764839974241;-0.0023968432;0.0021305273;0.0;3
122030299404934;1764839974242;-0.0023968432;0.0021305273;0.0;3
122030301393163;1764839974244;-0.0023968432;0.0021305273;0.0;3
122030303381393;1764839974246;-0.0023968432;0.0021305273;0.0;3
122030305369622;1764839974248;-0.0023968432;0.0021305273;0.0;3
122030307357851;1764839974250;-0.0023968432;0.0021305273;0.0;3
122030309346080;1764839974253;-0.0023968432;0.0021305273;0.0;3
122030311334309;1764839974253;-0.0023968432;0.0021305273;0.0;3
122030313322538;1764839974257;-0.0023968432;0.0021305273;0.0;3
122030315310768;1764839974257;-0.0023968432;0.0021305273;0.0;3
122030317298997;1764839974261;-0.0023968432;0.0021305273;0.0;3
122030319287226;1764839974263;-0.0023968432;0.0021305273;0.0;3
122030321275455;1764839974264;-0.0023968432;0.0021305273;0.0;3
122030323263684;1764839974266;-0.0023968432;0.0021305273;0.0;3
122030325251913;1764839974269;-0.0023968432;0.0021305273;0.0;3
122030327240143;1764839974276;-0.0023968432;0.0021305273;0.0;3
122030329228372;1764839974276;-0.0023968432;0.0021305273;0.0;3
122030331216601;1764839974276;-0.0023968432;0.0021305273;0.0;3
122030333204830;1764839974276;-0.0023968432;0.0021305273;0.0;3
122030335193059;1764839974278;-0.0023968432;0.0021305273;0.0;3
122030337181288;1764839974281;-0.0023968432;0.0021305273;0.0;3
122030339169518;1764839974281;-0.0023968432;0.0021305273;0.0;3
122030341157747;1764839974283;-0.0023968432;0.0021305273;0.0;3
122030343145976;1764839974291;-0.0023968432;0.0021305273;0.0;3
122030345134205;1764839974291;-0.0023968432;0.0021305273;0.0;3
122030347122434;1764839974291;-0.0023968432;0.0021305273;0.0;3
122030349110663;1764839974292;-0.0023968432;0.0021305273;0.0;3
122030351098893;1764839974294;-0.0023968432;0.0021305273;0.0;3
122030353087122;1764839974297;-0.0023968432;0.0021305273;0.0;3
122030355075351;1764839974297;-0.0023968432;0.0021305273;0.0;3
122030357063580;1764839974301;-0.0023968432;0.0021305273;0.0;3
122030359051809;1764839974305;-0.0023968432;0.0021305273;0.0;3
122030361040038;1764839974305;-0.0023968432;0.0021305273;0.0;3
122030363028268;1764839974306;-0.0023968432;0.0021305273;0.0;3
122030365016497;1764839974308;-0.0023968432;0.0021305273;0.0;3
122030367004726;1764839974310;-0.0023968432;0.0021305273;0.0;3
122030368992955;1764839974312;-0.0023968432;0.0021305273;0.0;3
122030370981184;1764839974314;-0.0023968432;0.0021305273;0.0;3
122030372969413;1764839974316;-0.0023968432;0.0021305273;0.0;3
122030374957643;1764839974320;-0.0023968432;0.0021305273;0.0;3
122030376945872;1764839974321;-0.0023968432;0.0021305273;0.0;3
122030378934101;1764839974321;-0.0023968432;0.0021305273;0.0;3
122030380922330;1764839974323;-0.0023968432;0.0021305273;0.0;3
122030382910559;1764839974326;-0.0023968432;0.0021305273;0.0;3
122030384898788;1764839974327;-0.0023968432;0.0021305273;0.0;3
122030386887018;1764839974330;-0.0023968432;0.0021305273;0.0;3
122030388875247;1764839974332;-0.0023968432;0.0021305273;0.0;3
122030390863476;1764839974339;-0.0023968432;0.0021305273;0.0;3
122030392851705;1764839974339;-0.0023968432;0.0021305273;0.0;3
122030394839934;1764839974339;-0.0023968432;0.0021305273;0.0;3
122030396828163;1764839974340;-0.0023968432;0.0021305273;0.0;3
122030398816393;1764839974341;-0.0023968432;0.0021305273;0.0;3
122030400804622;1764839974343;-0.0023968432;0.0021305273;0.0;3
122030402792851;1764839974345;-0.0023968432;0.0021305273;0.0;3
122030404781080;1764839974347;-0.0023968432;0.0021305273;0.0;3
122030406769309;1764839974354;-0.0023968432;0.0021305273;0.0;3
122030408757538;1764839974354;-0.0023968432;0.0021305273;0.0;3
122030410745768;1764839974354;-0.0023968432;0.0021305273;0.0;3
122030412733997;1764839974356;-0.0023968432;0.0021305273;0.0;3
122030414722226;1764839974357;-0.0023968432;0.0021305273;0.0;3
122030416710455;1764839974360;-0.0023968432;0.0021305273;0.0;3
122030418698684;1764839974360;-0.0023968432;0.0021305273;0.0;3
122030420686913;1764839974363;-0.0023968432;0.0021305273;0.0;3
122030422675143;1764839974365;-0.0023968432;0.0021305273;0.0;3
122030424663372;1764839974372;-0.0023968432;0.0021305273;0.0;3
122030426651601;1764839974372;-0.0023968432;0.0021305273;0.0;3
122030428639830;1764839974372;-0.0023968432;0.0021305273;0.0;3
122030430628059;1764839974373;-0.0023968432;0.0021305273;0.0;3
122030432616288;1764839974375;-0.0023968432;0.0021305273;0.0;3
122030434604518;1764839974377;-0.0023968432;0.0021305273;0.0;3
122030436592747;1764839974379;-0.0023968432;0.0021305273;0.0;3
122030438580976;1764839974381;-0.0023968432;0.0021305273;0.0;3
122030440569205;1764839974383;-0.0023968432;0.0021305273;0.0;3
122030442557330;1764839974390;-0.0023968432;0.0021305273;0.0;3
122030444545455;1764839974390;-0.0023968432;0.0021305273;0.0;3
122030446533580;1764839974390;-0.0023968432;0.0021305273;0.0;3
122030448521705;1764839974391;-0.0023968432;0.0021305273;0.0;3
122030450509830;1764839974393;-0.0023968432;0.0021305273;0.0;3
122030452497955;1764839974395;-0.0023968432;0.0021305273;0.0;3
122030454486080;1764839974397;-0.0023968432;0.0021305273;0.0;3
122030456474205;1764839974400;-0.0023968432;0.0021305273;0.0;3
122030458462330;1764839974408;-0.0023968432;0.0021305273;0.0;3
122030460450455;1764839974408;-0.0023968432;0.0021305273;0.0;3
122030462438580;1764839974408;-0.0023968432;0.0021305273;0.0;3
122030464426705;1764839974408;-0.0023968432;0.0021305273;0.0;3
122030466414830;1764839974410;-0.0023968432;0.0021305273;0.0;3
122030468402955;1764839974411;-0.0023968432;0.0021305273;0.0;3
122030470391080;1764839974413;-0.0023968432;0.0021305273;0.0;3
122030472379205;1764839974415;-0.0023968432;0.0021305273;0.0;3
122030474367330;1764839974426;-0.0023968432;0.0021305273;0.0;3
122030476355455;1764839974426;-0.0023968432;0.0021305273;0.0;3
122030478343580;1764839974426;-0.0023968432;0.0021305273;0.0;3
122030480331705;1764839974426;-0.0023968432;0.0021305273;0.0;3
122030482319830;1764839974426;-0.0023968432;0.0021305273;0.0;3
122030484307955;1764839974427;-0.0023968432;0.0021305273;0.0;3
122030486296080;1764839974429;-0.0023968432;0.0021305273;0.0;3
122030488284205;1764839974430;-0.0023968432;0.0021305273;0.0;3
122030490272330;1764839974433;-0.0023968432;0.0021305273;0.0;3
122030492260455;1764839974444;-0.0023968432;0.0021305273;0.0;3
122030494248580;1764839974444;-0.0023968432;0.0021305273;0.0;3
122030496236705;1764839974444;-0.0023968432;0.0021305273;0.0;3
122030498224830;1764839974444;-0.0023968432;0.0021305273;0.0;3
122030500212955;1764839974444;-0.0023968432;0.0021305273;0.0;3
122030502201080;1764839974445;-0.0023968432;0.0021305273;0.0;3
122030504189309;1764839974447;-0.0023968432;0.0021305273;0.0;3
122030506177538;1764839974449;-0.0023968432;0.0021305273;0.0;3
122030508165768;1764839974463;-0.0023968432;0.0021305273;0.0;3
122030510153997;1764839974463;-0.0023968432;0.0021305273;0.0;3
122030512142226;1764839974463;-0.0023968432;0.0021305273;0.0;3
122030514130455;1764839974463;-0.0023968432;0.0021305273;0.0;3
122030516118684;1764839974463;-0.0023968432;0.0021305273;0.0;3
122030518106913;1764839974463;-0.0023968432;0.0021305273;0.0;3
122030520095143;1764839974463;-0.0023968432;0.0021305273;0.0;3
122030522083372;1764839974465;-0.0023968432;0.0021305273;0.0;3
122030524071601;1764839974481;-0.0023968432;0.0021305273;0.0;3
122030526059830;1764839974481;-0.0023968432;0.0021305273;0.0;3
122030528048059;1764839974481;-0.0023968432;0.0021305273;0.0;3
122030530036288;1764839974481;-0.0023968432;0.0021305273;0.0;3
122030532024518;1764839974481;-0.0023968432;0.0021305273;0.0;3
122030534012747;1764839974481;-0.0023968432;0.0021305273;0.0;3
122030536000976;1764839974481;-0.0023968432;0.0021305273;0.0;3
122030537989205;1764839974481;-0.0023968432;0.0021305273;0.0;3
122030539977434;1764839974482;-0.0023968432;0.0021305273;0.0;3
122030541965663;1764839974498;-0.0023968432;0.0021305273;0.0;3
122030543953893;1764839974498;-0.0023968432;0.0021305273;0.0;3
122030545942122;1764839974498;-0.0023968432;0.0021305273;0.0;3
122030547930351;1764839974498;-0.0023968432;0.0021305273;0.0;3
122030549918580;1764839974498;-0.0023968432;0.0021305273;0.0;3
122030551906809;1764839974498;-0.0023968432;0.0021305273;0.0;3
122030553895038;1764839974498;-0.0023968432;0.0021305273;0.0;3
122030555883268;1764839974499;-0.0023968432;0.0021305273;0.0;3
122030557871497;1764839974516;-0.0023968432;0.0021305273;0.0;3
122030559859726;1764839974516;-0.0023968432;0.0021305273;0.0;3
122030561847955;1764839974516;-0.0023968432;0.0021305273;0.0;3
122030563836184;1764839974516;-0.0023968432;0.0021305273;0.0;3
122030565824413;1764839974516;-0.0023968432;0.0021305273;0.0;3
122030567812643;1764839974516;-0.0023968432;0.0021305273;0.0;3
122030569800872;1764839974516;-0.0023968432;0.0021305273;0.0;3
122030571789101;1764839974516;-0.0023968432;0.0021305273;0.0;3
122030573777330;1764839974516;-0.0023968432;0.0021305273;0.0;3
122030575765559;1764839974519;-0.0023968432;0.0021305273;0.0;3
122030577753788;1764839974520;-0.0023968432;0.0021305273;0.0;3
122030579742018;1764839974522;-0.0023968432;0.0021305273;0.0;3
122030581730247;1764839974525;-0.0023968432;0.0021305273;0.0;3
122030583718476;1764839974526;-0.0023968432;0.0021305273;0.0;3
122030585706705;1764839974529;-0.0023968432;0.0021305273;0.0;3
122030587694934;1764839974530;-0.0023968432;0.0021305273;0.0;3
122030589683163;1764839974532;-0.0023968432;0.0021305273;0.0;3
122030591671393;1764839974537;-0.0023968432;0.0021305273;0.0;3
122030593659622;1764839974537;-0.0023968432;0.0021305273;0.0;3
122030595647851;1764839974539;-0.0023968432;0.0021305273;0.0;3
122030597636080;1764839974540;-0.0023968432;0.0021305273;0.0;3
122030599624309;1764839974542;-0.0023968432;0.0021305273;0.0;3
122030601612538;1764839974546;-0.0023968432;0.0021305273;0.0;3
122030603600768;1764839974546;-0.0023968432;0.0021305273;0.0;3
122030605588997;1764839974548;-0.0023968432;0.0021305273;0.0;3
122030607577226;1764839974556;-0.0023968432;0.0021305273;0.0;3
122030609565455;1764839974556;-0.0023968432;0.0021305273;0.0;3
122030611553684;1764839974556;-0.0023968432;0.0021305273;0.0;3
122030613541913;1764839974556;-0.0023968432;0.0021305273;0.0;3
122030615530143;1764839974558;-0.0023968432;0.0021305273;0.0;3
122030617518372;1764839974560;-0.0023968432;0.0021305273;0.0;3
122030619506601;1764839974562;-0.0023968432;0.0021305273;0.0;3
122030621494830;1764839974564;-0.0023968432;0.0021305273;0.0;3
122030623483059;1764839974574;-0.0023968432;0.0021305273;0.0;3
122030625471288;1764839974574;-0.0023968432;0.0021305273;0.0;3
122030627459518;1764839974574;-0.0023968432;0.0021305273;0.0;3
122030629447747;1764839974574;-0.0023968432;0.0021305273;0.0;3
122030631435976;1764839974574;-0.0023968432;0.0021305273;0.0;3
122030633424205;1764839974576;-0.0023968432;0.0021305273;0.0;3
122030635412434;1764839974578;-0.0023968432;0.0021305273;0.0;3
122030637400663;1764839974579;-0.0023968432;0.0021305273;0.0;3
122030639388893;1764839974582;-0.0023968432;0.0021305273;0.0;3
122030641377122;1764839974592;-0.0023968432;0.0021305273;0.0;3
122030643365351;1764839974592;-0.0023968432;0.0021305273;0.0;3
122030645353580;1764839974592;-0.0023968432;0.0021305273;0.0;3
122030647341809;1764839974592;-0.0023968432;0.0021305273;0.0;3
122030649330038;1764839974592;-0.0023968432;0.0021305273;0.0;3
122030651318268;1764839974596;-0.0023968432;0.0021305273;0.0;3
122030653306497;1764839974596;-0.0023968432;0.0021305273;0.0;3
122030655294726;1764839974598;-0.0023968432;0.0021305273;0.0;3
122030657282955;1764839974611;-0.0023968432;0.0021305273;0.0;3
122030659271184;1764839974611;-0.0023968432;0.0021305273;0.0;3
122030661259413;1764839974611;-0.0023968432;0.0021305273;0.0;3
122030663247643;1764839974611;-0.0023968432;0.0021305273;0.0;3
122030665235872;1764839974611;-0.0023968432;0.0021305273;0.0;3
122030667224101;1764839974611;-0.0023968432;0.0021305273;0.0;3
122030669212330;1764839974612;-0.0023968432;0.0021305273;0.0;3
122030671200559;1764839974614;-0.0023968432;0.0021305273;0.0;3
122030673188788;1764839974618;-0.0023968432;0.0021305273;0.0;3
122030675177018;1764839974630;-0.0023968432;0.0021305273;0.0;3
122030677165247;1764839974630;-0.0023968432;0.0021305273;0.0;3
122030679153476;1764839974630;-0.0023968432;0.0021305273;0.0;3
122030681141705;1764839974630;-0.0023968432;0.0021305273;0.0;3
122030683129934;1764839974630;-0.0023968432;0.0021305273;0.0;3
122030685118163;1764839974630;-0.0023968432;0.0021305273;0.0;3
122030687106393;1764839974630;-0.0023968432;0.0021305273;0.0;3
122030689094622;1764839974632;-0.0023968432;0.0021305273;0.0;3
122030691082851;1764839974648;-0.0023968432;0.0021305273;0.0;3
122030693071080;1764839974648;-0.0023968432;0.0021305273;0.0;3
122030695059309;1764839974648;-0.0023968432;0.0021305273;0.0;3
122030697047538;1764839974648;-0.0023968432;0.0021305273;0.0;3
122030699035768;1764839974648;-0.0023968432;0.0021305273;0.0;3
122030701023997;1764839974648;-0.0023968432;0.0021305273;0.0;3
122030703012226;1764839974648;-0.0023968432;0.0021305273;0.0;3
122030705000455;1764839974648;-0.0023968432;0.0021305273;0.0;3
122030706988684;1764839974667;-0.0023968432;0.0021305273;0.0;3
122030708976913;1764839974667;-0.0023968432;0.0021305273;0.0;3
122030710965143;1764839974667;-0.0023968432;0.0021305273;0.0;3
122030712953372;1764839974667;-0.0023968432;0.0021305273;0.0;3
122030714941601;1764839974667;-0.0023968432;0.0021305273;0.0;3
122030716929830;1764839974667;-0.0023968432;0.0021305273;0.0;3
122030718918059;1764839974667;-0.0023968432;0.0021305273;0.0;3
122030720906288;1764839974667;-0.0023968432;0.0021305273;0.0;3
122030722894518;1764839974667;-0.0023968432;0.0021305273;0.0;3
122030724882747;1764839974668;-0.0023968432;0.0021305273;0.0;3
122030726870976;1764839974669;-0.0023968432;0.0021305273;0.0;3
122030728859205;1764839974671;-0.0023968432;0.0021305273;0.0;3
122030730847434;1764839974673;-0.0023968432;0.0021305273;0.0;3
122030732835663;1764839974675;-0.0023968432;0.0021305273;0.0;3
122030734823893;1764839974678;-0.0023968432;0.0021305273;0.0;3
122030736812122;1764839974679;-0.0023968432;0.0021305273;0.0;3
122030738800351;1764839974681;-0.0023968432;0.0021305273;0.0;3
122030740788580;1764839974687;-0.0023968432;0.0021305273;0.0;3
122030742776809;1764839974687;-0.0023968432;0.0021305273;0.0;3
122030744765038;1764839974687;-0.0023968432;0.0021305273;0.0;3
122030746753268;1764839974689;-0.0023968432;0.0021305273;0.0;3
122030748741497;1764839974691;-0.0023968432;0.0021305273;0.0;3
122030750729726;1764839974693;-0.0023968432;0.0021305273;0.0;3
122030752717955;1764839974695;-0.0023968432;0.0021305273;0.0;3
122030754706080;1764839974698;-0.0023968432;0.0021305273;0.0;3
122030756694205;1764839974706;-0.0023968432;0.0021305273;0.0;3
122030758682330;1764839974706;-0.0023968432;0.0021305273;0.0;3
122030760670455;1764839974706;-0.0023968432;0.0021305273;0.0;3
122030762658580;1764839974706;-0.0023968432;0.0021305273;0.0;3
122030764646705;1764839974707;-0.0023968432;0.0021305273;0.0;3
122030766634830;1764839974709;-0.0023968432;0.0021305273;0.0;3
122030768622955;1764839974711;-0.0023968432;0.0021305273;0.0;3
122030770611080;1764839974713;-0.0023968432;0.0021305273;0.0;3
122030772599205;1764839974715;-0.0023968432;0.0021305273;0.0;3
122030774587330;1764839974723;-0.0023968432;0.0021305273;0.0;3
122030776575455;1764839974723;-0.0023968432;0.0021305273;0.0;3
122030778563580;1764839974723;-0.0023968432;0.0021305273;0.0;3
122030780551705;1764839974723;-0.0023968432;0.0021305273;0.0;3
122030782539830;1764839974725;-0.0023968432;0.0021305273;0.0;3
122030784527955;1764839974728;-0.0023968432;0.0021305273;0.0;3
122030786516080;1764839974729;-0.0023968432;0.0021305273;0.0;3
122030788504205;1764839974731;-0.0023968432;0.0021305273;0.0;3
122030790492330;1764839974742;-0.0023968432;0.0021305273;0.0;3
122030792480455;1764839974742;-0.0023968432;0.0021305273;0.0;3
122030794468580;1764839974742;-0.0023968432;0.0021305273;0.0;3
122030796456705;1764839974742;-0.0023968432;0.0021305273;0.0;3
122030798444830;1764839974742;-0.0023968432;0.0021305273;0.0;3
122030800432955;1764839974743;-0.0023968432;0.0021305273;0.0;3
122030802421080;1764839974745;-0.0023968432;0.0021305273;0.0;3
122030804409205;1764839974747;-0.0023968432;0.0021305273;0.0;3
122030806397330;1764839974761;-0.0023968432;0.0021305273;0.0;3
122030808385455;1764839974761;-0.0023968432;0.0021305273;0.0;3
122030810373580;1764839974761;-0.0023968432;0.0021305273;0.0;3
122030812361809;1764839974761;-0.0023968432;0.0021305273;0.0;3
122030814350038;1764839974761;-0.0023968432;0.0021305273;0.0;3
122030816338268;1764839974761;-0.0023968432;0.0021305273;0.0;3
122030818326497;1764839974761;-0.0023968432;0.0021305273;0.0;3
122030820314726;1764839974762;-0.0023968432;0.0021305273;0.0;3
122030822302955;1764839974765;-0.0023968432;0.0021305273;0.0;3
122030824291184;1764839974781;-0.0023968432;0.0021305273;0.0;3
122030826279413;1764839974781;-0.0023968432;0.0021305273;0.0;3
122030828267643;1764839974781;-0.0023968432;0.0021305273;0.0;3
122030830255872;1764839974781;-0.0023968432;0.0021305273;0.0;3
122030832244101;1764839974781;-0.0023968432;0.0021305273;0.0;3
122030834232330;1764839974781;-0.0023968432;0.0021305273;0.0;3
122030836220559;1764839974781;-0.0023968432;0.0021305273;0.0;3
122030838208788;1764839974781;-0.0023968432;0.0021305273;0.0;3
122030840197018;1764839974799;-0.0023968432;0.0021305273;0.0;3
122030842185247;1764839974799;-0.0023968432;0.0021305273;0.0;3
122030844173476;1764839974799;-0.0023968432;0.0021305273;0.0;3
122030846161705;1764839974799;-0.0023968432;0.0021305273;0.0;3
122030848149934;1764839974799;-0.0023968432;0.0021305273;0.0;3
122030850138163;1764839974799;-0.0023968432;0.0021305273;0.0;3
122030852126393;1764839974799;-0.0023968432;0.0021305273;0.0;3
122030854114622;1764839974799;-0.0023968432;0.0021305273;0.0;3
122030856102851;1764839974799;-0.0023968432;0.0021305273;0.0;3
122030858091080;1764839974801;-0.0023968432;0.0021305273;0.0;3
122030860079309;1764839974803;-0.0023968432;0.0021305273;0.0;3
122030862067538;1764839974804;-0.0023968432;0.0021305273;0.0;3
122030864055768;1764839974807;-0.0023968432;0.0021305273;0.0;3
122030866043997;1764839974809;-0.0023968432;0.0021305273;0.0;3
122030868032226;1764839974811;-0.0023968432;0.0021305273;0.0;3
122030870020455;1764839974813;-0.0023968432;0.0021305273;0.0;3
122030872008684;1764839974814;-0.0023968432;0.0021305273;0.0;3
122030873996913;1764839974818;-0.0023968432;0.0021305273;0.0;3
122030875985143;1764839974819;-0.0023968432;0.0021305273;0.0;3
122030877973372;1764839974821;-0.0023968432;0.0021305273;0.0;3
122030879961601;1764839974822;-0.0023968432;0.0021305273;0.0;3
122030881949830;1764839974824;-0.0023968432;0.0021305273;0.0;3
122030883938059;1764839974827;-0.0023968432;0.0021305273;0.0;3
122030885926288;1764839974828;-0.0023968432;0.0021305273;0.0;3
122030887914518;1764839974830;-0.0023968432;0.0021305273;0.0;3
122030889902747;1764839974838;-0.0023968432;0.0021305273;0.0;3
122030891890976;1764839974838;-0.0023968432;0.0021305273;0.0;3
122030893879205;1764839974838;-0.0023968432;0.0021305273;0.0;3
122030895867434;1764839974838;-0.0023968432;0.0021305273;0.0;3
122030897855663;1764839974840;-0.0023968432;0.0021305273;0.0;3
122030899843893;1764839974842;-0.0023968432;0.0021305273;0.0;3
122030901832122;1764839974843;-0.0023968432;0.0021305273;0.0;3
122030903820351;1764839974846;-0.0023968432;0.0021305273;0.0;3
122030905808580;1764839974849;-0.0023968432;0.0021305273;0.0;3
122030907796809;1764839974857;-0.0023968432;0.0021305273;0.0;3
122030909785038;1764839974857;-0.0023968432;0.0021305273;0.0;3
122030911773268;1764839974857;-0.0023968432;0.0021305273;0.0;3
122030913761497;1764839974857;-0.0023968432;0.0021305273;0.0;3
122030915749726;1764839974859;-0.0023968432;0.0021305273;0.0;3
122030917737955;1764839974861;-0.0023968432;0.0021305273;0.0;3
122030919726184;1764839974862;-0.0023968432;0.0021305273;0.0;3
122030921714413;1764839974864;-0.0023968432;0.0021305273;0.0;3
122030923702643;1764839974877;-0.0023968432;0.0021305273;0.0;3
122030925690872;1764839974877;-0.0023968432;0.0021305273;0.0;3
122030927679101;1764839974877;-0.0023968432;0.0021305273;0.0;3
122030929667330;1764839974877;-0.0023968432;0.0021305273;0.0;3
122030931655559;1764839974877;-0.0023968432;0.0021305273;0.0;3
122030933643788;1764839974877;-0.0023968432;0.0021305273;0.0;3
122030935632018;1764839974878;-0.0023968432;0.0021305273;0.0;3
122030937620247;1764839974880;-0.0023968432;0.0021305273;0.0;3
122030939608476;1764839974899;-0.0023968432;0.0021305273;0.0;3
122030941596705;1764839974899;-0.0023968432;0.0021305273;0.0;3
122030943584934;1764839974899;-0.0023968432;0.0021305273;0.0;3
122030945573163;1764839974899;-0.0023968432;0.0021305273;0.0;3
122030947561393;1764839974899;-0.0023968432;0.0021305273;0.0;3
122030949549622;1764839974899;-0.0023968432;0.0021305273;0.0;3
122030951537851;1764839974899;-0.0023968432;0.0021305273;0.0;3
122030953526080;1764839974899;-0.0023968432;0.0021305273;0.0;3
122030955514309;1764839974899;-0.0023968432;0.0021305273;0.0;3
122030957502538;1764839974900;-0.0023968432;0.0021305273;0.0;3
122030959490768;1764839974902;-0.0023968432;0.0021305273;0.0;3
122030961478997;1764839974904;-0.0023968432;0.0021305273;0.0;3
122030963467226;1764839974906;-0.0023968432;0.0021305273;0.0;3
122030965455455;1764839974908;-0.0023968432;0.0021305273;0.0;3
122030967443684;1764839974910;-0.0023968432;0.0021305273;0.0;3
122030969431913;1764839974912;-0.0023968432;0.0021305273;0.0;3
122030971420143;1764839974914;-0.0023968432;0.0021305273;0.0;3
122030973408372;1764839974919;-0.0023968432;0.0021305273;0.0;3
122030975396601;1764839974919;-0.0023968432;0.0021305273;0.0;3
122030977384830;1764839974920;-0.0023968432;0.0021305273;0.0;3
122030979373059;1764839974922;-0.0023968432;0.0021305273;0.0;3
122030981361288;1764839974924;-0.0023968432;0.0021305273;0.0;3
122030983349518;1764839974927;-0.0023968432;0.0021305273;0.0;3
122030985337747;1764839974927;-0.0023968432;0.0021305273;0.0;3
122030987325976;1764839974931;-0.0023968432;0.0021305273;0.0;3
122030989314205;1764839974938;-0.0023968432;0.0021305273;0.0;3
122030991302434;1764839974938;-0.0023968432;0.0021305273;0.0;3
122030993290663;1764839974938;-0.0023968432;0.0021305273;0.0;3
122030995278893;1764839974938;-0.0023968432;0.0021305273;0.0;3
122030997267122;1764839974940;-0.0023968432;0.0021305273;0.0;3
122030999255351;1764839974942;-0.0023968432;0.0021305273;0.0;3
122031001243580;1764839974943;-0.0023968432;0.0021305273;0.0;3
122031003231809;1764839974946;-0.0023968432;0.0021305273;0.0;3
122031005220038;1764839974948;-0.0023968432;0.0021305273;0.0;3
122031007208268;1764839974958;-0.0023968432;0.0021305273;0.0;3
122031009196497;1764839974958;-0.0023968432;0.0021305273;0.0;3
122031011184726;1764839974958;-0.0023968432;0.0021305273;0.0;3
122031013172955;1764839974958;-0.0023968432;0.0021305273;0.0;3
122031015161184;1764839974958;-0.0023968432;0.0021305273;0.0;3
122031017149413;1764839974960;-0.0023968432;0.0021305273;0.0;3
122031019137643;1764839974962;-0.0023968432;0.0021305273;0.0;3
122031021125872;1764839974963;-0.0023968432;0.0021305273;0.0;3
122031023114101;1764839974978;-0.0023968432;0.0021305273;0.0;3
122031025102330;1764839974978;-0.0023968432;0.0021305273;0.0;3
122031027090559;1764839974978;-0.0023968432;0.0021305273;0.0;3
122031029078788;1764839974978;-0.0023968432;0.0021305273;0.0;3
122031031067018;1764839974978;-0.0023968432;0.0021305273;0.0;3
122031033055247;1764839974978;-0.0023968432;0.0021305273;0.0;3
122031035043476;1764839974978;-0.0023968432;0.0021305273;0.0;3
122031037031705;1764839974980;-0.0023968432;0.0021305273;0.0;3
122031039019934;1764839974998;-0.0023968432;0.0021305273;0.0;3
122031041008163;1764839974998;-0.0023968432;0.0021305273;0.0;3
122031042996393;1764839974998;-0.0023968432;0.0021305273;0.0;3
122031044984622;1764839974998;-0.0023968432;0.0021305273;0.0;3
122031046972851;1764839974998;-0.0023968432;0.0021305273;0.0;3
122031048961080;1764839974998;-0.0023968432;0.0021305273;0.0;3
122031050949309;1764839974998;-0.0023968432;0.0021305273;0.0;3
122031052937538;1764839974998;-0.0023968432;0.0021305273;0.0;3
122031054925768;1764839974998;-0.0023968432;0.0021305273;0.0;3
122031056913997;1764839975000;-0.0023968432;0.0021305273;0.0;3
122031058902226;1764839975002;-0.0023968432;0.0021305273;0.0;3
122031060890455;1764839975004;-0.0023968432;0.0021305273;0.0;3
122031062878684;1764839975006;-0.0023968432;0.0021305273;0.0;3
122031064866913;1764839975008;-0.0023968432;0.0021305273;0.0;3
122031066855143;1764839975009;-0.0023968432;0.0021305273;0.0;3
122031068843372;1764839975012;-0.0023968432;0.0021305273;0.0;3
122031070831601;1764839975013;-0.0023968432;0.0021305273;0.0;3
122031072819830;1764839975018;-0.0023968432;0.0021305273;0.0;3
122031074808059;1764839975018;-0.0023968432;0.0021305273;0.0;3
122031076796288;1764839975020;-0.0023968432;0.0021305273;0.0;3
122031078784518;1764839975022;-0.0023968432;0.0021305273;0.0;3
122031080772747;1764839975023;-0.0023968432;0.0021305273;0.0;3
122031082760976;1764839975026;-0.0023968432;0.0021305273;0.0;3
122031084749205;1764839975027;-0.0023968432;0.0021305273;0.0;3
122031086737434;1764839975030;-0.0023968432;0.0021305273;0.0;3
122031088725663;1764839975039;-0.0023968432;0.0021305273;0.0;3
122031090713893;1764839975039;-0.0023968432;0.0021305273;0.0;3
122031092702122;1764839975039;-0.0023968432;0.0021305273;0.0;3
122031094690351;1764839975039;-0.0023968432;0.0021305273;0.0;3
122031096678580;1764839975040;-0.0023968432;0.0021305273;0.0;3
122031098666809;1764839975042;-0.0023968432;0.0021305273;0.0;3
122031100655038;1764839975043;-0.0023968432;0.0021305273;0.0;3
122031102643268;1764839975045;-0.0023968432;0.0021305273;0.0;3
122031104631497;1764839975047;-0.0023968432;0.0021305273;0.0;3
122031106619726;1764839975059;-0.0023968432;0.0021305273;0.0;3
122031108607955;1764839975059;-0.0023968432;0.0021305273;0.0;3
122031110596184;1764839975059;-0.0023968432;0.0021305273;0.0;3
122031112584413;1764839975059;-0.0023968432;0.0021305273;0.0;3
122031114572643;1764839975059;-0.0023968432;0.0021305273;0.0;3
122031116560872;1764839975059;-0.0023968432;0.0021305273;0.0;3
122031118549101;1764839975062;-0.0023968432;0.0021305273;0.0;3
122031120537330;1764839975079;-0.0023968432;0.0021305273;0.0;3
122031122525559;1764839975079;-0.0023968432;0.0021305273;0.0;3
122031124513788;1764839975079;-0.0023968432;0.0021305273;0.0;3
122031126502018;1764839975079;-0.0023968432;0.0021305273;0.0;3
122031128490247;1764839975079;-0.0023968432;0.0021305273;0.0;3
122031130478476;1764839975079;-0.0023968432;0.0021305273;0.0;3
122031132466705;1764839975079;-0.0023968432;0.0021305273;0.0;3
122031134454934;1764839975079;-0.0023968432;0.0021305273;0.0;3
122031136443163;1764839975079;-0.0023968432;0.0021305273;0.0;3
122031138431393;1764839975081;-0.0023968432;0.0021305273;0.0;3
122031140419622;1764839975099;-0.0023968432;0.0021305273;0.0;3
122031142407851;1764839975099;-0.0023968432;0.0021305273;0.0;3
122031144396080;1764839975099;-0.0023968432;0.0021305273;0.0;3
122031146384309;1764839975099;-0.0023968432;0.0021305273;0.0;3
122031148372538;1764839975099;-0.0023968432;0.0021305273;0.0;3
122031150360768;1764839975099;-0.0023968432;0.0021305273;0.0;3
122031152348997;1764839975099;-0.0023968432;0.0021305273;0.0;3
122031154337226;1764839975099;-0.0023968432;0.0021305273;0.0;3
122031156325455;1764839975099;-0.0023968432;0.0021305273;0.0;3
122031158313684;1764839975101;-0.0023968432;0.0021305273;0.0;3
122031160301913;1764839975103;-0.0023968432;0.0021305273;0.0;3
122031162290143;1764839975105;-0.0023968432;0.0021305273;0.0;3
122031164278372;1764839975107;-0.0023968432;0.0021305273;0.0;3
122031166266601;1764839975109;-0.0023968432;0.0021305273;0.0;3
122031168254830;1764839975111;-0.0023968432;0.0021305273;0.0;3
122031170243059;1764839975112;-0.0023968432;0.0021305273;0.0;3
122031172231288;1764839975119;-0.0023968432;0.0021305273;0.0;3
122031174219518;1764839975119;-0.0023968432;0.0021305273;0.0;3
122031176207747;1764839975119;-0.0023968432;0.0021305273;0.0;3
122031178195976;1764839975122;-0.0023968432;0.0021305273;0.0;3
122031180184205;1764839975123;-0.0023968432;0.0021305273;0.0;3
122031182172434;1764839975125;-0.0023968432;0.0021305273;0.0;3
122031184160663;1764839975126;-0.0023968432;0.0021305273;0.0;3
122031186148893;1764839975129;-0.0023968432;0.0021305273;0.0;3
122031188137122;1764839975140;-0.0023968432;0.0021305273;0.0;3
122031190125351;1764839975140;-0.0023968432;0.0021305273;0.0;3
122031192113580;1764839975140;-0.0023968432;0.0021305273;0.0;3
122031194101809;1764839975140;-0.0023968432;0.0021305273;0.0;3
122031196090038;1764839975140;-0.0023968432;0.0021305273;0.0;3
122031198078268;1764839975141;-0.0023968432;0.0021305273;0.0;3
122031200066497;1764839975142;-0.0023968432;0.0021305273;0.0;3
122031202054726;1764839975145;-0.0023968432;0.0021305273;0.0;3
122031204042851;1764839975147;-0.0023968432;0.0021305273;0.0;3
122031206030976;1764839975161;-0.0023968432;0.0021305273;0.0;3
122031208019101;1764839975161;-0.0023968432;0.0021305273;0.0;3
122031210007226;1764839975161;-0.0023968432;0.0021305273;0.0;3
122031211995351;1764839975161;-0.0023968432;0.0021305273;0.0;3
122031213983476;1764839975161;-0.0023968432;0.0021305273;0.0;3
122031215971601;1764839975161;-0.0023968432;0.0021305273;0.0;3
122031217959726;1764839975161;-0.0023968432;0.0021305273;0.0;3
122031219947851;1764839975163;-0.0023968432;0.0021305273;0.0;3
122031221935976;1764839975182;-0.0023968432;0.0021305273;0.0;3
122031223924101;1764839975182;-0.0023968432;0.0021305273;0.0;3
122031225912226;1764839975182;-0.0023968432;0.0021305273;0.0;3
122031227900351;1764839975182;-0.0023968432;0.0021305273;0.0;3
122031229888476;1764839975182;-0.0023968432;0.0021305273;0.0;3
122031231876601;1764839975182;-0.0023968432;0.0021305273;0.0;3
122031233864726;1764839975182;-0.0023968432;0.0021305273;0.0;3
122031235852851;1764839975182;-0.0023968432;0.0021305273;0.0;3
122031237840976;1764839975182;-0.0023968432;0.0021305273;0.0;3
122031239829101;1764839975183;-0.0023968432;0.0021305273;0.0;3
122031241817226;1764839975185;-0.0023968432;0.0021305273;0.0;3
122031243805351;1764839975187;-0.0023968432;0.0021305273;0.0;3
122031245793476;1764839975189;-0.0023968432;0.0021305273;0.0;3
122031247781601;1764839975192;-0.0023968432;0.0021305273;0.0;3
122031249769726;1764839975192;-0.0023968432;0.0021305273;0.0;3
122031251757851;1764839975195;-0.0023968432;0.0021305273;0.0;3
122031253745976;1764839975197;-0.0023968432;0.0021305273;0.0;3
122031255734101;1764839975203;-0.0023968432;0.0021305273;0.0;3
122031257722330;1764839975203;-0.0023968432;0.0021305273;0.0;3
122031259710559;1764839975203;-0.0023968432;0.0021305273;0.0;3
122031261698788;1764839975204;-0.0023968432;0.0021305273;0.0;3
122031263687018;1764839975207;-0.0023968432;0.0021305273;0.0;3
122031265675247;1764839975208;-0.0023968432;0.0021305273;0.0;3
122031267663476;1764839975210;-0.0023968432;0.0021305273;0.0;3
122031269651705;1764839975213;-0.0023968432;0.0021305273;0.0;3
122031271639934;1764839975226;-0.0023968432;0.0021305273;0.0;3
122031273628163;1764839975226;-0.0023968432;0.0021305273;0.0;3
122031275616393;1764839975226;-0.0023968432;0.0021305273;0.0;3
122031277604622;1764839975226;-0.0023968432;0.0021305273;0.0;3
122031279592851;1764839975226;-0.0023968432;0.0021305273;0.0;3
122031281581080;1764839975226;-0.0023968432;0.0021305273;0.0;3
122031283569309;1764839975226;-0.0023968432;0.0021305273;0.0;3
122031285557538;1764839975228;-0.0023968432;0.0021305273;0.0;3
122031287545768;1764839975230;-0.0023968432;0.0021305273;0.0;3
122031289533997;1764839975248;-0.0023968432;0.0021305273;0.0;3
122031291522226;1764839975248;-0.0023968432;0.0021305273;0.0;3
122031293510455;1764839975248;-0.0023968432;0.0021305273;0.0;3
122031295498684;1764839975248;-0.0023968432;0.0021305273;0.0;3
122031297486913;1764839975248;-0.0023968432;0.0021305273;0.0;3
122031299475143;1764839975248;-0.0023968432;0.0021305273;0.0;3
122031301463372;1764839975248;-0.0023968432;0.0021305273;0.0;3
122031303451601;1764839975248;-0.0023968432;0.0021305273;0.0;3
122031305439830;1764839975248;-0.0023968432;0.0021305273;0.0;3
122031307428059;1764839975250;-0.0023968432;0.0021305273;0.0;3
122031309416288;1764839975252;-0.0023968432;0.0021305273;0.0;3
122031311404518;1764839975254;-0.0023968432;0.0021305273;0.0;3
122031313392747;1764839975256;-0.0023968432;0.0021305273;0.0;3
122031315380976;1764839975258;-0.0023968432;0.0021305273;0.0;3
122031317369205;1764839975260;-0.0023968432;0.0021305273;0.0;3
122031319357434;1764839975263;-0.0023968432;0.0021305273;0.0;3
122031321345663;1764839975268;-0.0023968432;0.0021305273;0.0;3
122031323333893;1764839975268;-0.0023968432;0.0021305273;0.0;3
122031325322122;1764839975268;-0.0023968432;0.0021305273;0.0;3
122031327310351;1764839975270;-0.0023968432;0.0021305273;0.0;3
122031329298580;1764839975272;-0.0023968432;0.0021305273;0.0;3
122031331286809;1764839975275;-0.0023968432;0.0021305273;0.0;3
122031333275038;1764839975275;-0.0023968432;0.0021305273;0.0;3
122031335263268;1764839975278;-0.0023968432;0.0021305273;0.0;3
122031337251497;1764839975290;-0.0023968432;0.0021305273;0.0;3
122031339239726;1764839975290;-0.0023968432;0.0021305273;0.0;3
122031341227955;1764839975290;-0.0023968432;0.0021305273;0.0;3
122031343216184;1764839975290;-0.0023968432;0.0021305273;0.0;3
122031345204413;1764839975290;-0.0023968432;0.0021305273;0.0;3
122031347192643;1764839975290;-0.0023968432;0.0021305273;0.0;3
122031349180872;1764839975291;-0.0023968432;0.0021305273;0.0;3
122031351169101;1764839975294;-0.0023968432;0.0021305273;0.0;3
122031353157330;1764839975296;-0.0023968432;0.0021305273;0.0;3
122031355145559;1764839975311;-0.0023968432;0.0021305273;0.0;3
122031357133788;1764839975311;-0.0023968432;0.0021305273;0.0;3
122031359122018;1764839975311;-0.0023968432;0.0021305273;0.0;3
122031361110247;1764839975311;-0.0023968432;0.0021305273;0.0;3
122031363098476;1764839975311;-0.0023968432;0.0021305273;0.0;3
122031365086705;1764839975311;-0.0023968432;0.0021305273;0.0;3
122031367074934;1764839975311;-0.0023968432;0.0021305273;0.0;3
122031369063163;1764839975311;-0.0023968432;0.0021305273;0.0;3
122031371051393;1764839975315;-0.0023968432;0.0021305273;0.0;3
122031373039622;1764839975315;-0.0023968432;0.0021305273;0.0;3
122031375027851;1764839975332;-0.0023968432;0.0021305273;0.0;3
122031377016080;1764839975332;-0.0023968432;0.0021305273;0.0;3
122031379004309;1764839975332;-0.0023968432;0.0021305273;0.0;3
122031380992538;1764839975332;-0.0023968432;0.0021305273;0.0;3
122031382980768;1764839975332;-0.0023968432;0.0021305273;0.0;3
122031384968997;1764839975332;-0.0023968432;0.0021305273;0.0;3
122031386957226;1764839975332;-0.0023968432;0.0021305273;0.0;3
122031388945455;1764839975332;-0.0023968432;0.0021305273;0.0;3
122031390933684;1764839975334;-0.0023968432;0.0021305273;0.0;3
122031392921913;1764839975336;-0.0023968432;0.0021305273;0.0;3
122031394910143;1764839975337;-0.0023968432;0.0021305273;0.0;3
122031396898372;1764839975341;-0.0023968432;0.0021305273;0.0;3
122031398886601;1764839975342;-0.0023968432;0.0021305273;0.0;3
122031400874830;1764839975344;-0.0023968432;0.0021305273;0.0;3
122031402863059;1764839975346;-0.0023968432;0.0021305273;0.0;3
122031404851288;1764839975354;-0.0023968432;0.0021305273;0.0;3
122031406839518;1764839975354;-0.0023968432;0.0021305273;0.0;3
122031408827747;1764839975354;-0.0023968432;0.0021305273;0.0;3
122031410815976;1764839975354;-0.0023968432;0.0021305273;0.0;3
122031412804205;1764839975356;-0.0023968432;0.0021305273;0.0;3
122031414792434;1764839975357;-0.0023968432;0.0021305273;0.0;3
122031416780663;1764839975360;-0.0023968432;0.0021305273;0.0;3
122031418768893;1764839975361;-0.0023968432;0.0021305273;0.0;3
122031420757122;1764839975363;-0.0023968432;0.0021305273;0.0;3
122031422745351;1764839975375;-0.0023968432;0.0021305273;0.0;3
122031424733580;1764839975375;-0.0023968432;0.0021305273;0.0;3
122031426721809;1764839975375;-0.0023968432;0.0021305273;0.0;3
122031428710038;1764839975375;-0.0023968432;0.0021305273;0.0;3
122031430698268;1764839975375;-0.0023968432;0.0021305273;0.0;3
122031432686497;1764839975375;-0.0023968432;0.0021305273;0.0;3
122031434674726;1764839975377;-0.0023968432;0.0021305273;0.0;3
122031436662955;1764839975380;-0.0023968432;0.0021305273;0.0;3
122031438651184;1764839975396;-0.0023968432;0.0021305273;0.0;3
122031440639413;1764839975396;-0.0023968432;0.0021305273;0.0;3
122031442627643;1764839975396;-0.0023968432;0.0021305273;0.0;3
122031444615872;1764839975396;-0.0023968432;0.0021305273;0.0;3
122031446604101;1764839975396;-0.0023968432;0.0021305273;0.0;3
122031448592330;1764839975396;-0.0023968432;0.0021305273;0.0;3
122031450580559;1764839975396;-0.0023968432;0.0021305273;0.0;3
122031452568788;1764839975396;-0.0023968432;0.0021305273;0.0;3
122031454557018;1764839975397;-0.0023968432;0.0021305273;0.0;3
122031456545247;1764839975399;-0.0023968432;0.0021305273;0.0;3
122031458533476;1764839975401;-0.0023968432;0.0021305273;0.0;3
122031460521705;1764839975404;-0.0023968432;0.0021305273;0.0;3
122031462509934;1764839975405;-0.0023968432;0.0021305273;0.0;3
122031464498163;1764839975407;-0.0023968432;0.0021305273;0.0;3
122031466486393;1764839975410;-0.0023968432;0.0021305273;0.0;3
122031468474622;1764839975412;-0.0023968432;0.0021305273;0.0;3
122031470462851;1764839975418;-0.0023968432;0.0021305273;0.0;3
122031472451080;1764839975418;-0.0023968432;0.0021305273;0.0;3
122031474439309;1764839975418;-0.0023968432;0.0021305273;0.0;3
122031476427538;1764839975420;-0.0023968432;0.0021305273;0.0;3
122031478415768;1764839975421;-0.0023968432;0.0021305273;0.0;3
122031480403997;1764839975424;-0.0023968432;0.0021305273;0.0;3
122031482392226;1764839975424;-0.0023968432;0.0021305273;0.0;3
122031484380455;1764839975427;-0.0023968432;0.0021305273;0.0;3
122031486368684;1764839975430;-0.0023968432;0.0021305273;0.0;3
122031488356913;1764839975439;-0.0023968432;0.0021305273;0.0;3
122031490345143;1764839975439;-0.0023968432;0.0021305273;0.0;3
122031492333372;1764839975439;-0.0023968432;0.0021305273;0.0;3
122031494321601;1764839975439;-0.0023968432;0.0021305273;0.0;3
122031496309830;1764839975439;-0.0023968432;0.0021305273;0.0;3
122031498298059;1764839975441;-0.0023968432;0.0021305273;0.0;3
122031500286288;1764839975443;-0.0023968432;0.0021305273;0.0;3
122031502274518;1764839975445;-0.0023968432;0.0021305273;0.0;3
122031504262747;1764839975460;-0.0023968432;0.0021305273;0.0;3
122031506250976;1764839975460;-0.0023968432;0.0021305273;0.0;3
122031508239205;1764839975461;-0.0023968432;0.0021305273;0.0;3
122031510227434;1764839975461;-0.0023968432;0.0021305273;0.0;3
122031512215663;1764839975461;-0.0023968432;0.0021305273;0.0;3
122031514203893;1764839975461;-0.0023968432;0.0021305273;0.0;3
122031516192122;1764839975461;-0.0023968432;0.0021305273;0.0;3
122031518180351;1764839975461;-0.0023968432;0.0021305273;0.0;3
122031520168580;1764839975484;-0.0023968432;0.0021305273;0.0;3
122031522156809;1764839975484;-0.0023968432;0.0021305273;0.0;3
122031524145038;1764839975484;-0.0023968432;0.0021305273;0.0;3
122031526133268;1764839975484;-0.0023968432;0.0021305273;0.0;3
122031528121497;1764839975484;-0.0023968432;0.0021305273;0.0;3
122031530109726;1764839975484;-0.0023968432;0.0021305273;0.0;3
122031532097955;1764839975484;-0.0023968432;0.0021305273;0.0;3
122031534086184;1764839975484;-0.0023968432;0.0021305273;0.0;3
122031536074413;1764839975484;-0.0023968432;0.0021305273;0.0;3
122031538062643;1764839975484;-0.0023968432;0.0021305273;0.0;3
122031540050872;1764839975484;-0.0023968432;0.0021305273;0.0;3
122031542039101;1764839975485;-0.0023968432;0.0021305273;0.0;3
122031544027330;1764839975486;-0.0023968432;0.0021305273;0.0;3
122031546015559;1764839975488;-0.0023968432;0.0021305273;0.0;3
122031548003788;1764839975491;-0.0023968432;0.0021305273;0.0;3
122031549992018;1764839975493;-0.0023968432;0.0021305273;0.0;3
122031551980247;1764839975495;-0.0023968432;0.0021305273;0.0;3
122031553968476;1764839975506;-0.0023968432;0.0021305273;0.0;3
122031555956705;1764839975506;-0.0023968432;0.0021305273;0.0;3
122031557944934;1764839975506;-0.0023968432;0.0021305273;0.0;3
122031559933163;1764839975506;-0.0023968432;0.0021305273;0.0;3
122031561921393;1764839975506;-0.0023968432;0.0021305273;0.0;3
122031563909622;1764839975507;-0.0023968432;0.0021305273;0.0;3
122031565897851;1764839975509;-0.0023968432;0.0021305273;0.0;3
122031567886080;1764839975510;-0.0023968432;0.0021305273;0.0;3
122031569874309;1764839975528;-0.0023968432;0.0021305273;0.0;3
122031571862538;1764839975528;-0.0023968432;0.0021305273;0.0;3
122031573850768;1764839975528;-0.0023968432;0.0021305273;0.0;3
122031575838997;1764839975528;-0.0023968432;0.0021305273;0.0;3
122031577827226;1764839975528;-0.0023968432;0.0021305273;0.0;3
122031579815455;1764839975528;-0.0023968432;0.0021305273;0.0;3
122031581803684;1764839975528;-0.0023968432;0.0021305273;0.0;3
122031583791913;1764839975528;-0.0023968432;0.0021305273;0.0;3
122031585780143;1764839975528;-0.0023968432;0.0021305273;0.0;3
122031587768372;1764839975550;-0.0023968432;0.0021305273;0.0;3
122031589756601;1764839975550;-0.0023968432;0.0021305273;0.0;3
122031591744830;1764839975550;-0.0023968432;0.0021305273;0.0;3
122031593733059;1764839975550;-0.0023968432;0.0021305273;0.0;3
122031595721288;1764839975550;-0.0023968432;0.0021305273;0.0;3
122031597709518;1764839975550;-0.0023968432;0.0021305273;0.0;3
122031599697747;1764839975550;-0.0023968432;0.0021305273;0.0;3
122031601685976;1764839975550;-0.0023968432;0.0021305273;0.0;3
122031603674205;1764839975550;-0.0023968432;0.0021305273;0.0;3
122031605662434;1764839975550;-0.0023968432;0.0021305273;0.0;3
122031607650663;1764839975550;-0.0023968432;0.0021305273;0.0;3
122031609638893;1764839975552;-0.0023968432;0.0021305273;0.0;3
122031611627122;1764839975554;-0.0023968432;0.0021305273;0.0;3
122031613615351;1764839975556;-0.0023968432;0.0021305273;0.0;3
122031615603580;1764839975560;-0.0023968432;0.0021305273;0.0;3
122031617591809;1764839975560;-0.0023968432;0.0021305273;0.0;3
122031619580038;1764839975563;-0.0023968432;0.0021305273;0.0;3
122031621568268;1764839975571;-0.0023968432;0.0021305273;0.0;3
122031623556497;1764839975571;-0.0023968432;0.0021305273;0.0;3
122031625544726;1764839975571;-0.0023968432;0.0021305273;0.0;3
122031627532955;1764839975571;-0.0023968432;0.0021305273;0.0;3
122031629521184;1764839975573;-0.0023968432;0.0021305273;0.0;3
122031631509413;1764839975574;-0.0023968432;0.0021305273;0.0;3
122031633497643;1764839975576;-0.0023968432;0.0021305273;0.0;3
122031635485872;1764839975579;-0.0023968432;0.0021305273;0.0;3
122031637474101;1764839975594;-0.0023968432;0.0021305273;0.0;3
122031639462330;1764839975594;-0.0023968432;0.0021305273;0.0;3
122031641450559;1764839975594;-0.0023968432;0.0021305273;0.0;3
122031643438788;1764839975594;-0.0023968432;0.0021305273;0.0;3
122031645427018;1764839975594;-0.0023968432;0.0021305273;0.0;3
122031647415247;1764839975594;-0.0023968432;0.0021305273;0.0;3
122031649403476;1764839975594;-0.0023968432;0.0021305273;0.0;3
122031651391705;1764839975594;-0.0023968432;0.0021305273;0.0;3
122031653379934;1764839975616;-0.0023968432;0.0021305273;0.0;3
122031655368163;1764839975616;-0.0023968432;0.0021305273;0.0;3
122031657356393;1764839975616;-0.0023968432;0.0021305273;0.0;3
122031659344622;1764839975616;-0.0023968432;0.0021305273;0.0;3
122031661332851;1764839975616;-0.0023968432;0.0021305273;0.0;3
122031663321080;1764839975616;-0.0023968432;0.0021305273;0.0;3
122031665309309;1764839975616;-0.0023968432;0.0021305273;0.0;3
122031667297538;1764839975616;-0.0023968432;0.0021305273;0.0;3
122031669285768;1764839975616;-0.0023968432;0.0021305273;0.0;3
122031671273997;1764839975616;-0.0023968432;0.0021305273;0.0;3
122031673262226;1764839975616;-0.0023968432;0.0021305273;0.0;3
122031675250455;1764839975618;-0.0023968432;0.0021305273;0.0;3
122031677238684;1764839975620;-0.0023968432;0.0021305273;0.0;3
122031679226913;1764839975622;-0.0023968432;0.0021305273;0.0;3
122031681215143;1764839975623;-0.0023968432;0.0021305273;0.0;3
122031683203372;1764839975626;-0.0023968432;0.0021305273;0.0;3
122031685191601;1764839975628;-0.0023968432;0.0021305273;0.0;3
122031687179830;1764839975638;-0.0023968432;0.0021305273;0.0;3
122031689168059;1764839975638;-0.0023968432;0.0021305273;0.0;3
122031691156288;1764839975638;-0.0023968432;0.0021305273;0.0;3
122031693144518;1764839975638;-0.0023968432;0.0021305273;0.0;3
122031695132747;1764839975638;-0.0023968432;0.0021305273;0.0;3
122031697120976;1764839975640;-0.0023968432;0.0021305273;0.0;3
122031699109205;1764839975642;-0.0023968432;0.0021305273;0.0;3
122031701097434;1764839975644;-0.0023968432;0.0021305273;0.0;3
122031703085663;1764839975646;-0.0023968432;0.0021305273;0.0;3
122031705073893;1764839975659;-0.0023968432;0.0021305273;0.0;3
122031707062122;1764839975659;-0.0023968432;0.0021305273;0.0;3
122031709050351;1764839975659;-0.0023968432;0.0021305273;0.0;3
122031711038580;1764839975659;-0.0023968432;0.0021305273;0.0;3
122031713026809;1764839975659;-0.0023968432;0.0021305273;0.0;3
122031715015038;1764839975659;-0.0023968432;0.0021305273;0.0;3
122031717003268;1764839975660;-0.0023968432;0.0021305273;0.0;3
122031718991497;1764839975662;-0.0023968432;0.0021305273;0.0;3
122031720979726;1764839975683;-0.0023968432;0.0021305273;0.0;3
122031722967955;1764839975683;-0.0023968432;0.0021305273;0.0;3
122031724956184;1764839975683;-0.0023968432;0.0021305273;0.0;3
122031726944413;1764839975683;-0.0023968432;0.0021305273;0.0;3
122031728932643;1764839975683;-0.0023968432;0.0021305273;0.0;3
122031730920872;1764839975683;-0.0023968432;0.0021305273;0.0;3
122031732909101;1764839975683;-0.0023968432;0.0021305273;0.0;3
122031734897330;1764839975683;-0.0023968432;0.0021305273;0.0;3
122031736885559;1764839975683;-0.0023968432;0.0021305273;0.0;3
122031738873788;1764839975683;-0.0023968432;0.0021305273;0.0;3
122031740862018;1764839975684;-0.0023968432;0.0021305273;0.0;3
122031742850247;1764839975686;-0.0023968432;0.0021305273;0.0;3
122031744838476;1764839975688;-0.0023968432;0.0021305273;0.0;3
122031746826705;1764839975689;-0.0023968432;0.0021305273;0.0;3
122031748814934;1764839975692;-0.0023968432;0.0021305273;0.0;3
122031750803163;1764839975694;-0.0023968432;0.0021305273;0.0;3
122031752791393;1764839975705;-0.0023968432;0.0021305273;0.0;3
122031754779622;1764839975705;-0.0023968432;0.0021305273;0.0;3
122031756767851;1764839975705;-0.0023968432;0.0021305273;0.0;3
122031758756080;1764839975705;-0.0023968432;0.0021305273;0.0;3
122031760744309;1764839975705;-0.0023968432;0.0021305273;0.0;3
122031762732538;1764839975705;-0.0023968432;0.0021305273;0.0;3
122031764720768;1764839975707;-0.0023968432;0.0021305273;0.0;3
122031766708997;1764839975709;-0.0023968432;0.0021305273;0.0;3
122031768697226;1764839975712;-0.0023968432;0.0021305273;0.0;3
122031770685455;1764839975727;-0.0023968432;0.0021305273;0.0;3
122031772673684;1764839975727;-0.0023968432;0.0021305273;0.0;3
122031774661913;1764839975727;-0.0023968432;0.0021305273;0.0;3
122031776650143;1764839975727;-0.0023968432;0.0021305273;0.0;3
122031778638372;1764839975727;-0.0023968432;0.0021305273;0.0;3
122031780626601;1764839975727;-0.0023968432;0.0021305273;0.0;3
122031782614830;1764839975727;-0.0023968432;0.0021305273;0.0;3
122031784603059;1764839975727;-0.0023968432;0.0021305273;0.0;3
122031786591288;1764839975729;-0.0023968432;0.0021305273;0.0;3
122031788579518;1764839975748;-0.0023968432;0.0021305273;0.0;3
122031790567747;1764839975748;-0.0023968432;0.0021305273;0.0;3
122031792555976;1764839975748;-0.0023968432;0.0021305273;0.0;3
122031794544205;1764839975748;-0.0023968432;0.0021305273;0.0;3
122031796532434;1764839975748;-0.0023968432;0.0021305273;0.0;3
122031798520663;1764839975748;-0.0023968432;0.0021305273;0.0;3
122031800508893;1764839975748;-0.0023968432;0.0021305273;0.0;3
122031802497122;1764839975748;-0.0023968432;0.0021305273;0.0;3
122031804485351;1764839975748;-0.0023968432;0.0021305273;0.0;3
122031806473580;1764839975749;-0.0023968432;0.0021305273;0.0;3
122031808461809;1764839975751;-0.0023968432;0.0021305273;0.0;3
122031810450038;1764839975753;-0.0023968432;0.0021305273;0.0;3
122031812438268;1764839975755;-0.0023968432;0.0021305273;0.0;3
122031814426497;1764839975759;-0.0023968432;0.0021305273;0.0;3
122031816414726;1764839975759;-0.0023968432;0.0021305273;0.0;3
122031818402955;1764839975762;-0.0023968432;0.0021305273;0.0;3
122031820391184;1764839975771;-0.0023968432;0.0021305273;0.0;3
122031822379413;1764839975771;-0.0023968432;0.0021305273;0.0;3
122031824367643;1764839975771;-0.0023968432;0.0021305273;0.0;3
122031826355872;1764839975771;-0.0023968432;0.0021305273;0.0;3
122031828344101;1764839975772;-0.0023968432;0.0021305273;0.0;3
122031830332330;1764839975773;-0.0023968432;0.0021305273;0.0;3
122031832320559;1764839975775;-0.0023968432;0.0021305273;0.0;3
122031834308788;1764839975778;-0.0023968432;0.0021305273;0.0;3
122031836297018;1764839975794;-0.0023968432;0.0021305273;0.0;3
122031838285247;1764839975794;-0.0023968432;0.0021305273;0.0;3
122031840273476;1764839975794;-0.0023968432;0.0021305273;0.0;3
122031842261705;1764839975794;-0.0023968432;0.0021305273;0.0;3
122031844249934;1764839975794;-0.0023968432;0.0021305273;0.0;3
122031846238163;1764839975794;-0.0023968432;0.0021305273;0.0;3
122031848226393;1764839975794;-0.0023968432;0.0021305273;0.0;3
122031850214622;1764839975794;-0.0023968432;0.0021305273;0.0;3
122031852202851;1764839975795;-0.0023968432;0.0021305273;0.0;3
122031854191080;1764839975816;-0.0023968432;0.0021305273;0.0;3
122031856179309;1764839975816;-0.0023968432;0.0021305273;0.0;3
122031858167538;1764839975816;-0.0023968432;0.0021305273;0.0;3
122031860155768;1764839975816;-0.0023968432;0.0021305273;0.0;3
122031862143997;1764839975816;-0.0023968432;0.0021305273;0.0;3
122031864132226;1764839975816;-0.0023968432;0.0021305273;0.0;3
122031866120455;1764839975816;-0.0023968432;0.0021305273;0.0;3
122031868108684;1764839975816;-0.0023968432;0.0021305273;0.0;3
122031870096913;1764839975816;-0.0023968432;0.0021305273;0.0;3
122031872085143;1764839975816;-0.0023968432;0.0021305273;0.0;3
122031874073089;1764839975817;-0.0023968432;0.0021305273;0.0;3
122031876061318;1764839975819;-0.0023968432;0.0021305273;0.0;3
122031878049442;1764839975821;-0.0023968432;0.0021305273;0.0;3
122031880037671;1764839975822;-0.0023968432;0.0021305273;0.0;3
122031882025900;1764839975825;-0.0023968432;0.0021305273;0.0;3
122031884014130;1764839975827;-0.0023968432;0.0021305273;0.0;3
122031886002359;1764839975839;-0.0023968432;0.0021305273;0.0;3
122031887990588;1764839975839;-0.0023968432;0.0021305273;0.0;3
122031889978817;1764839975839;-0.0023968432;0.0021305273;0.0;3
122031891967046;1764839975839;-0.0023968432;0.0021305273;0.0;3
122031893955275;1764839975839;-0.0023968432;0.0021305273;0.0;3
122031895943505;1764839975839;-0.0023968432;0.0021305273;0.0;3
122031897931734;1764839975840;-0.0023968432;0.0021305273;0.0;3
122031899919963;1764839975842;-0.0023968432;0.0021305273;0.0;3
122031901908192;1764839975844;-0.0023968432;0.0021305273;0.0;3
122031903896421;1764839975862;-0.0023968432;0.0021305273;0.0;3
122031905884650;1764839975862;-0.0023968432;0.0021305273;0.0;3
122031907872880;1764839975862;-0.0023968432;0.0021305273;0.0;3
122031909861109;1764839975862;-0.0023968432;0.0021305273;0.0;3
122031911849338;1764839975862;-0.0023968432;0.0021305273;0.0;3
122031913837567;1764839975862;-0.0023968432;0.0021305273;0.0;3
122031915825796;1764839975862;-0.0023968432;0.0021305273;0.0;3
122031917814025;1764839975862;-0.0023968432;0.0021305273;0.0;3
122031919802255;1764839975862;-0.0023968432;0.0021305273;0.0;3
122031921790484;1764839975865;-0.0023968432;0.0021305273;0.0;3
122031923778713;1764839975867;-0.0023968432;0.0021305273;0.0;3
122031925766942;1764839975869;-0.0023968432;0.0021305273;0.0;3
122031927755171;1764839975871;-0.0023968432;0.0021305273;0.0;3
122031929743400;1764839975872;-0.0023968432;0.0021305273;0.0;3
122031931731630;1764839975875;-0.0023968432;0.0021305273;0.0;3
122031933719859;1764839975876;-0.0023968432;0.0021305273;0.0;3
122031935708088;1764839975885;-0.0023968432;0.0021305273;0.0;3
122031937696317;1764839975885;-0.0023968432;0.0021305273;0.0;3
122031939684546;1764839975885;-0.0023968432;0.0021305273;0.0;3
122031941672775;1764839975885;-0.0023968432;0.0021305273;0.0;3
122031943661005;1764839975886;-0.0023968432;0.0021305273;0.0;3
122031945649234;1764839975888;-0.0023968432;0.0021305273;0.0;3
122031947637463;1764839975891;-0.0023968432;0.0021305273;0.0;3
122031949625692;1764839975892;-0.0023968432;0.0021305273;0.0;3
122031951613921;1764839975894;-0.0023968432;0.0021305273;0.0;3
122031953602150;1764839975908;-0.0023968432;0.0021305273;0.0;3
122031955590380;1764839975908;-0.0023968432;0.0021305273;0.0;3
122031957578609;1764839975908;-0.0023968432;0.0021305273;0.0;3
122031959566838;1764839975908;-0.0023968432;0.0021305273;0.0;3
122031961555067;1764839975908;-0.0023968432;0.0021305273;0.0;3
122031963543296;1764839975908;-0.0023968432;0.0021305273;0.0;3
122031965531525;1764839975908;-0.0023968432;0.0021305273;0.0;3
122031967519755;1764839975911;-0.0023968432;0.0021305273;0.0;3
122031969507984;1764839975932;-0.0023968432;0.0021305273;0.0;3
122031971496213;1764839975932;-0.0023968432;0.0021305273;0.0;3
122031973484546;1764839975932;-0.0023968432;0.0021305273;0.0;3
122031975472880;1764839975932;-0.0023968432;0.0021305273;0.0;3
122031977461213;1764839975932;-0.0023968432;0.0021305273;0.0;3
122031979449546;1764839975932;-0.0023968432;0.0021305273;0.0;3
122031981437880;1764839975932;-0.0023968432;0.0021305273;0.0;3
122031983426213;1764839975932;-0.0023968432;0.0021305273;0.0;3
122031985414546;1764839975932;-0.0023968432;0.0021305273;0.0;3
122031987402880;1764839975932;-0.0023968432;0.0021305273;0.0;3
122031989391213;1764839975932;-0.0023968432;0.0021305273;0.0;3
122031991379546;1764839975934;-0.0023968432;0.0021305273;0.0;3
122031993367880;1764839975937;-0.0023968432;0.0021305273;0.0;3
122031995356213;1764839975938;-0.0023968432;0.0021305273;0.0;3
122031997344546;1764839975943;-0.0023968432;0.0021305273;0.0;3
122031999332880;1764839975943;-0.0023968432;0.0021305273;0.0;3
122032001321213;1764839975944;-0.0023968432;0.0021305273;0.0;3
122032003309546;1764839975955;-0.0023968432;0.0021305273;0.0;3
122032005297880;1764839975955;-0.0023968432;0.0021305273;0.0;3
122032007286213;1764839975955;-0.0023968432;0.0021305273;0.0;3
122032009274546;1764839975955;-0.0023968432;0.0021305273;0.0;3
122032011262880;1764839975955;-0.0023968432;0.0021305273;0.0;3
122032013251213;1764839975956;-0.0023968432;0.0021305273;0.0;3
122032015239546;1764839975958;-0.0023968432;0.0021305273;0.0;3
122032017227880;1764839975961;-0.0023968432;0.0021305273;0.0;3
122032019216213;1764839975961;-0.0023968432;0.0021305273;0.0;3
122032021204546;1764839975994;-0.0023968432;0.0021305273;0.0;3
122032023192880;1764839975994;-0.0023968432;0.0021305273;0.0;3
122032025181213;1764839975994;-0.0023968432;0.0021305273;0.0;3
122032027169442;1764839975994;-0.0023968432;0.0021305273;0.0;3
122032029157671;1764839975994;-0.0023968432;0.0021305273;0.0;3
122032031145900;1764839975994;-0.0023968432;0.0021305273;0.0;3
122032033134130;1764839975994;-0.0023968432;0.0021305273;0.0;3
122032035122359;1764839975994;-0.0023968432;0.0021305273;0.0;3
122032037110588;1764839975994;-0.0023968432;0.0021305273;0.0;3
122032039098817;1764839975994;-0.0023968432;0.0021305273;0.0;3
122032041087046;1764839975994;-0.0023968432;0.0021305273;0.0;3
122032043075275;1764839975994;-0.0023968432;0.0021305273;0.0;3
122032045063505;1764839975994;-0.0023968432;0.0021305273;0.0;3
122032047051734;1764839975994;-0.0023968432;0.0021305273;0.0;3
122032049039963;1764839975994;-0.0023968432;0.0021305273;0.0;3
122032051028192;1764839975994;-0.0023968432;0.0021305273;0.0;3
122032053016421;1764839975996;-0.0023968432;0.0021305273;0.0;3
122032055004650;1764839975998;-0.0023968432;0.0021305273;0.0;3
122032056992880;1764839976000;-0.0023968432;0.0021305273;0.0;3
122032058981109;1764839976001;-0.0023968432;0.0021305273;0.0;3
122032060969338;1764839976004;-0.0023968432;0.0021305273;0.0;3
122032062957567;1764839976005;-0.0023968432;0.0021305273;0.0;3
122032064945796;1764839976007;-0.0023968432;0.0021305273;0.0;3
122032066934025;1764839976010;-0.0023968432;0.0021305273;0.0;3
122032068922255;1764839976021;-0.0023968432;0.0021305273;0.0;3
122032070910484;1764839976021;-0.0023968432;0.0021305273;0.0;3
122032072898713;1764839976021;-0.0023968432;0.0021305273;0.0;3
122032074886942;1764839976021;-0.0023968432;0.0021305273;0.0;3
122032076875171;1764839976021;-0.0023968432;0.0021305273;0.0;3
122032078863400;1764839976022;-0.0023968432;0.0021305273;0.0;3
122032080851630;1764839976023;-0.0023968432;0.0021305273;0.0;3
122032082839859;1764839976027;-0.0023968432;0.0021305273;0.0;3
122032084828088;1764839976027;-0.0023968432;0.0021305273;0.0;3
122032086816317;1764839976057;-0.0023968432;0.0021305273;0.0;3
122032088804546;1764839976057;-0.0023968432;0.0021305273;0.0;3
122032090792775;1764839976057;-0.0023968432;0.0021305273;0.0;3
122032092781005;1764839976057;-0.0023968432;0.0021305273;0.0;3
122032094769234;1764839976057;-0.0023968432;0.0021305273;0.0;3
122032096757463;1764839976057;-0.0023968432;0.0021305273;0.0;3
122032098745692;1764839976057;-0.0023968432;0.0021305273;0.0;3
122032100733921;1764839976057;-0.0023968432;0.0021305273;0.0;3
122032102722150;1764839976057;-0.0023968432;0.0021305273;0.0;3
122032104710380;1764839976057;-0.0023968432;0.0021305273;0.0;3
122032106698609;1764839976057;-0.0023968432;0.0021305273;0.0;3
122032108686838;1764839976057;-0.0023968432;0.0021305273;0.0;3
122032110675067;1764839976057;-0.0023968432;0.0021305273;0.0;3
122032112663296;1764839976057;-0.0023968432;0.0021305273;0.0;3
122032114651525;1764839976057;-0.0023968432;0.0021305273;0.0;3
122032116639755;1764839976060;-0.0023968432;0.0021305273;0.0;3
122032118627984;1764839976061;-0.0023968432;0.0021305273;0.0;3
122032120616213;1764839976083;-0.0023968432;0.0021305273;0.0;3
122032122604442;1764839976083;-0.0023968432;0.0021305273;0.0;3
122032124592671;1764839976083;-0.0023968432;0.0021305273;0.0;3
122032126580900;1764839976083;-0.0023968432;0.0021305273;0.0;3
122032128569130;1764839976083;-0.0023968432;0.0021305273;0.0;3
122032130557359;1764839976083;-0.0023968432;0.0021305273;0.0;3
122032132545588;1764839976083;-0.0023968432;0.0021305273;0.0;3
122032134533817;1764839976083;-0.0023968432;0.0021305273;0.0;3
122032136522046;1764839976083;-0.0023968432;0.0021305273;0.0;3
122032138510275;1764839976083;-0.0023968432;0.0021305273;0.0;3
122032140498505;1764839976083;-0.0023968432;0.0021305273;0.0;3
122032142486734;1764839976085;-0.0023968432;0.0021305273;0.0;3
122032144474963;1764839976087;-0.0023968432;0.0021305273;0.0;3
122032146463192;1764839976090;-0.0023968432;0.0021305273;0.0;3
122032148451421;1764839976091;-0.0023968432;0.0021305273;0.0;3
122032150439650;1764839976093;-0.0023968432;0.0021305273;0.0;3
122032152427880;1764839976110;-0.0023968432;0.0021305273;0.0;3
122032154416109;1764839976110;-0.0023968432;0.0021305273;0.0;3
122032156404338;1764839976110;-0.0023968432;0.0021305273;0.0;3
122032158392567;1764839976110;-0.0023968432;0.0021305273;0.0;3
122032160380796;1764839976110;-0.0023968432;0.0021305273;0.0;3
122032162369025;1764839976110;-0.0023968432;0.0021305273;0.0;3
122032164357255;1764839976110;-0.0023968432;0.0021305273;0.0;3
122032166345484;1764839976110;-0.0023968432;0.0021305273;0.0;3
122032168333713;1764839976110;-0.0023968432;0.0021305273;0.0;3
122032170321942;1764839976113;-0.0023968432;0.0021305273;0.0;3
122032172310171;1764839976115;-0.0023968432;0.0021305273;0.0;3
122032174298400;1764839976117;-0.0023968432;0.0021305273;0.0;3
122032176286630;1764839976119;-0.0023968432;0.0021305273;0.0;3
122032178274859;1764839976120;-0.0023968432;0.0021305273;0.0;3
122032180263088;1764839976123;-0.0023968432;0.0021305273;0.0;3
122032182251317;1764839976125;-0.0023968432;0.0021305273;0.0;3
122032184239546;1764839976127;-0.0023968432;0.0021305273;0.0;3
122032186227775;1764839976137;-0.0023968432;0.0021305273;0.0;3
122032188216005;1764839976137;-0.0023968432;0.0021305273;0.0;3
122032190204234;1764839976137;-0.0023968432;0.0021305273;0.0;3
122032192192463;1764839976137;-0.0023968432;0.0021305273;0.0;3
122032194180692;1764839976137;-0.0023968432;0.0021305273;0.0;3
122032196168921;1764839976139;-0.0023968432;0.0021305273;0.0;3
122032198157150;1764839976140;-0.0023968432;0.0021305273;0.0;3
122032200145380;1764839976143;-0.0023968432;0.0021305273;0.0;3
122032202133609;1764839976165;-0.0023968432;0.0021305273;0.0;3
122032204121838;1764839976165;-0.0023968432;0.0021305273;0.0;3
122032206110067;1764839976165;-0.0023968432;0.0021305273;0.0;3
122032208098296;1764839976165;-0.0023968432;0.0021305273;0.0;3
122032210086525;1764839976165;-0.0023968432;0.0021305273;0.0;3
122032212074755;1764839976165;-0.0023968432;0.0021305273;0.0;3
122032214062984;1764839976165;-0.0023968432;0.0021305273;0.0;3
122032216051213;1764839976165;-0.0023968432;0.0021305273;0.0;3
122032218039442;1764839976165;-0.0023968432;0.0021305273;0.0;3
122032220027671;1764839976165;-0.0023968432;0.0021305273;0.0;3
122032222015900;1764839976165;-0.0023968432;0.0021305273;0.0;3
122032224004130;1764839976167;-0.0023968432;0.0021305273;0.0;3
122032225992359;1764839976169;-0.0023968432;0.0021305273;0.0;3
122032227980588;1764839976170;-0.0023968432;0.0021305273;0.0;3
122032229968817;1764839976172;-0.0023968432;0.0021305273;0.0;3
122032231957046;1764839976175;-0.0023968432;0.0021305273;0.0;3
122032233945275;1764839976177;-0.0023968432;0.0021305273;0.0;3
122032235933505;1764839976199;-0.0023968432;0.0021305273;0.0;3
122032237921734;1764839976199;-0.0023968432;0.0021305273;0.0;3
122032239909963;1764839976199;-0.0023968432;0.0021305273;0.0;3
122032241898192;1764839976199;-0.0023968432;0.0021305273;0.0;3
122032243886421;1764839976199;-0.0023968432;0.0021305273;0.0;3
122032245874650;1764839976199;-0.0023968432;0.0021305273;0.0;3
122032247862880;1764839976199;-0.0023968432;0.0021305273;0.0;3
122032249851109;1764839976199;-0.0023968432;0.0021305273;0.0;3
122032251839338;1764839976199;-0.0023968432;0.0021305273;0.0;3
122032253827567;1764839976199;-0.0023968432;0.0021305273;0.0;3
122032255815796;1764839976199;-0.0023968432;0.0021305273;0.0;3
122032257804025;1764839976205;-0.0023968432;0.0021305273;0.0;3
122032259792255;1764839976205;-0.0023968432;0.0021305273;0.0;3
122032261780484;1764839976205;-0.0023968432;0.0021305273;0.0;3
122032263768713;1764839976207;-0.0023968432;0.0021305273;0.0;3
122032265756942;1764839976209;-0.0023968432;0.0021305273;0.0;3
122032267745171;1764839976210;-0.0023968432;0.0021305273;0.0;3
122032269733400;1764839976230;-0.0023968432;0.0021305273;0.0;3
122032271721630;1764839976230;-0.0023968432;0.0021305273;0.0;3
122032273709859;1764839976230;-0.0023968432;0.0021305273;0.0;3
122032275698088;1764839976230;-0.0023968432;0.0021305273;0.0;3
122032277686317;1764839976230;-0.0023968432;0.0021305273;0.0;3
122032279674546;1764839976230;-0.0023968432;0.0021305273;0.0;3
122032281662775;1764839976230;-0.0023968432;0.0021305273;0.0;3
122032283651005;1764839976230;-0.0023968432;0.0021305273;0.0;3
122032285639234;1764839976230;-0.0023968432;0.0021305273;0.0;3
122032287627463;1764839976230;-0.0023968432;0.0021305273;0.0;3
122032289615692;1764839976232;-0.0023968432;0.0021305273;0.0;3
122032291603921;1764839976234;-0.0023968432;0.0021305273;0.0;3
122032293592150;1764839976236;-0.0023968432;0.0021305273;0.0;3
122032295580380;1764839976238;-0.0023968432;0.0021305273;0.0;3
122032297568609;1764839976240;-0.0023968432;0.0021305273;0.0;3
122032299556838;1764839976242;-0.0023968432;0.0021305273;0.0;3
122032301545067;1764839976259;-0.0023968432;0.0021305273;0.0;3
122032303533296;1764839976259;-0.0023968432;0.0021305273;0.0;3
122032305521525;1764839976259;-0.0023968432;0.0021305273;0.0;3
122032307509755;1764839976259;-0.0023968432;0.0021305273;0.0;3
122032309497984;1764839976259;-0.0023968432;0.0021305273;0.0;3
122032311486213;1764839976259;-0.0023968432;0.0021305273;0.0;3
122032313474442;1764839976259;-0.0023968432;0.0021305273;0.0;3
122032315462671;1764839976259;-0.0023968432;0.0021305273;0.0;3
122032317450900;1764839976287;-0.0023968432;0.0021305273;0.0;3
122032319439130;1764839976287;-0.0023968432;0.0021305273;0.0;3
122032321427359;1764839976287;-0.0023968432;0.0021305273;0.0;3
122032323415588;1764839976287;-0.0023968432;0.0021305273;0.0;3
122032325403817;1764839976287;-0.0023968432;0.0021305273;0.0;3
122032327392046;1764839976287;-0.0023968432;0.0021305273;0.0;3
122032329380275;1764839976287;-0.0023968432;0.0021305273;0.0;3
122032331368505;1764839976287;-0.0023968432;0.0021305273;0.0;3
122032333356734;1764839976287;-0.0023968432;0.0021305273;0.0;3
122032335344963;1764839976287;-0.0023968432;0.0021305273;0.0;3
122032337333192;1764839976287;-0.0023968432;0.0021305273;0.0;3
122032339321421;1764839976287;-0.0023968432;0.0021305273;0.0;3
122032341309650;1764839976287;-0.0023968432;0.0021305273;0.0;3
122032343297880;1764839976287;-0.0023968432;0.0021305273;0.0;3
122032345286109;1764839976288;-0.0023968432;0.0021305273;0.0;3
122032347274338;1764839976291;-0.0023968432;0.0021305273;0.0;3
122032349262567;1764839976292;-0.0023968432;0.0021305273;0.0;3
122032351250796;1764839976294;-0.0023968432;0.0021305273;0.0;3
122032353239025;1764839976316;-0.0023968432;0.0021305273;0.0;3
122032355227255;1764839976316;-0.0023968432;0.0021305273;0.0;3
122032357215484;1764839976316;-0.0023968432;0.0021305273;0.0;3
122032359203713;1764839976316;-0.0023968432;0.0021305273;0.0;3
122032361191942;1764839976316;-0.0023968432;0.0021305273;0.0;3
122032363180171;1764839976316;-0.0023968432;0.0021305273;0.0;3
122032365168400;1764839976316;-0.0023968432;0.0021305273;0.0;3
122032367156630;1764839976316;-0.0023968432;0.0021305273;0.0;3
122032369144859;1764839976316;-0.0023968432;0.0021305273;0.0;3
122032371133088;1764839976316;-0.0023968432;0.0021305273;0.0;3
122032373121317;1764839976316;-0.0023968432;0.0021305273;0.0;3
122032375109546;1764839976318;-0.0023968432;0.0021305273;0.0;3
122032377097775;1764839976320;-0.0023968432;0.0021305273;0.0;3
122032379086005;1764839976322;-0.0023968432;0.0021305273;0.0;3
122032381074234;1764839976324;-0.0023968432;0.0021305273;0.0;3
122032383062463;1764839976326;-0.0023968432;0.0021305273;0.0;3
122032385050692;1764839976343;-0.0023968432;0.0021305273;0.0;3
122032387038921;1764839976343;-0.0023968432;0.0021305273;0.0;3
122032389027150;1764839976343;-0.0023968432;0.0021305273;0.0;3
122032391015380;1764839976343;-0.0023968432;0.0021305273;0.0;3
122032393003609;1764839976343;-0.0023968432;0.0021305273;0.0;3
122032394991838;1764839976343;-0.0023968432;0.0021305273;0.0;3
122032396980067;1764839976343;-0.0023968432;0.0021305273;0.0;3
122032398968296;1764839976343;-0.0023968432;0.0021305273;0.0;3
122032400956525;1764839976344;-0.0023968432;0.0021305273;0.0;3
122032402944755;1764839976345;-0.0023968432;0.0021305273;0.0;3
122032404932984;1764839976348;-0.0023968432;0.0021305273;0.0;3
122032406921213;1764839976350;-0.0023968432;0.0021305273;0.0;3
122032408909442;1764839976351;-0.0023968432;0.0021305273;0.0;3
122032410897671;1764839976354;-0.0023968432;0.0021305273;0.0;3
122032412885900;1764839976356;-0.0023968432;0.0021305273;0.0;3
122032414874130;1764839976359;-0.0023968432;0.0021305273;0.0;3
122032416862359;1764839976359;-0.0023968432;0.0021305273;0.0;3
122032418850588;1764839976371;-0.0023968432;0.0021305273;0.0;3
122032420838921;1764839976371;-0.0023968432;0.0021305273;0.0;3
122032422827255;1764839976371;-0.0023968432;0.0021305273;0.0;3
122032424815588;1764839976371;-0.0023968432;0.0021305273;0.0;3
122032426803921;1764839976371;-0.0023968432;0.0021305273;0.0;3
122032428792255;1764839976371;-0.0023968432;0.0021305273;0.0;3
122032430780588;1764839976373;-0.0023968432;0.0021305273;0.0;3
122032432768921;1764839976375;-0.0023968432;0.0021305273;0.0;3
122032434757255;1764839976399;-0.0023968432;0.0021305273;0.0;3
122032436745588;1764839976399;-0.0023968432;0.0021305273;0.0;3
122032438733921;1764839976399;-0.0023968432;0.0021305273;0.0;3
122032440722255;1764839976399;-0.0023968432;0.0021305273;0.0;3
122032442710588;1764839976399;-0.0023968432;0.0021305273;0.0;3
122032444698921;1764839976399;-0.0023968432;0.0021305273;0.0;3
122032446687255;1764839976399;-0.0023968432;0.0021305273;0.0;3
122032448675588;1764839976399;-0.0023968432;0.0021305273;0.0;3
122032450663921;1764839976399;-0.0023968432;0.0021305273;0.0;3
122032452652255;1764839976399;-0.0023968432;0.0021305273;0.0;3
122032454640588;1764839976399;-0.0023968432;0.0021305273;0.0;3
122032456628921;1764839976400;-0.0023968432;0.0021305273;0.0;3
122032458617255;1764839976401;-0.0023968432;0.0021305273;0.0;3
122032460605588;1764839976404;-0.0023968432;0.0021305273;0.0;3
122032462593921;1764839976405;-0.0023968432;0.0021305273;0.0;3
122032464582255;1764839976408;-0.0023968432;0.0021305273;0.0;3
122032466570588;1764839976409;-0.0023968432;0.0021305273;0.0;3
122032468558921;1764839976424;-0.0023968432;0.0021305273;0.0;3
122032470547255;1764839976424;-0.0023968432;0.0021305273;0.0;3
122032472535588;1764839976424;-0.0023968432;0.0021305273;0.0;3
122032474523921;1764839976424;-0.0023968432;0.0021305273;0.0;3
122032476512255;1764839976424;-0.0023968432;0.0021305273;0.0;3
122032478500588;1764839976424;-0.0023968432;0.0021305273;0.0;3
122032480488817;1764839976424;-0.0023968432;0.0021305273;0.0;3
122032482477046;1764839976425;-0.0023968432;0.0021305273;0.0;3
122032484465275;1764839976447;-0.0023968432;0.0021305273;0.0;3
122032486453505;1764839976447;-0.0023968432;0.0021305273;0.0;3
122032488441734;1764839976447;-0.0023968432;0.0021305273;0.0;3
122032490429963;1764839976447;-0.0023968432;0.0021305273;0.0;3
122032492418192;1764839976447;-0.0023968432;0.0021305273;0.0;3
122032494406421;1764839976447;-0.0023968432;0.0021305273;0.0;3
122032496394650;1764839976447;-0.0023968432;0.0021305273;0.0;3
122032498382880;1764839976447;-0.0023968432;0.0021305273;0.0;3
122032500371109;1764839976447;-0.0023968432;0.0021305273;0.0;3
122032502359338;1764839976447;-0.0023968432;0.0021305273;0.0;3
122032504347567;1764839976447;-0.0023968432;0.0021305273;0.0;3
122032506335796;1764839976449;-0.0023968432;0.0021305273;0.0;3
122032508324025;1764839976450;-0.0023968432;0.0021305273;0.0;3
122032510312255;1764839976453;-0.0023968432;0.0021305273;0.0;3
122032512300484;1764839976455;-0.0023968432;0.0021305273;0.0;3
122032514288713;1764839976458;-0.0023968432;0.0021305273;0.0;3
122032516276942;1764839976458;-0.0023968432;0.0021305273;0.0;3
122032518265171;1764839976471;-0.0023968432;0.0021305273;0.0;3
122032520253400;1764839976471;-0.0023968432;0.0021305273;0.0;3
122032522241630;1764839976471;-0.0023968432;0.0021305273;0.0;3
122032524229859;1764839976471;-0.0023968432;0.0021305273;0.0;3
122032526218088;1764839976471;-0.0023968432;0.0021305273;0.0;3
122032528206317;1764839976471;-0.0023968432;0.0021305273;0.0;3
122032530194546;1764839976473;-0.0023968432;0.0021305273;0.0;3
122032532182775;1764839976475;-0.0023968432;0.0021305273;0.0;3
122032534171005;1764839976497;-0.0023968432;0.0021305273;0.0;3
122032536159234;1764839976497;-0.0023968432;0.0021305273;0.0;3
122032538147463;1764839976497;-0.0023968432;0.0021305273;0.0;3
122032540135692;1764839976497;-0.0023968432;0.0021305273;0.0;3
122032542123921;1764839976497;-0.0023968432;0.0021305273;0.0;3
122032544112150;1764839976497;-0.0023968432;0.0021305273;0.0;3
122032546100380;1764839976497;-0.0023968432;0.0021305273;0.0;3
122032548088609;1764839976497;-0.0023968432;0.0021305273;0.0;3
122032550076838;1764839976497;-0.0023968432;0.0021305273;0.0;3
122032552065067;1764839976497;-0.0023968432;0.0021305273;0.0;3
122032554053296;1764839976497;-0.0023968432;0.0021305273;0.0;3
122032556041525;1764839976499;-0.0023968432;0.0021305273;0.0;3
122032558029755;1764839976500;-0.0023968432;0.0021305273;0.0;3
122032560017984;1764839976503;-0.0023968432;0.0021305273;0.0;3
122032562006213;1764839976505;-0.0023968432;0.0021305273;0.0;3
122032563994442;1764839976507;-0.0023968432;0.0021305273;0.0;3
122032565982671;1764839976509;-0.0023968432;0.0021305273;0.0;3
122032567970900;1764839976521;-0.0023968432;0.0021305273;0.0;3
122032569959130;1764839976521;-0.0023968432;0.0021305273;0.0;3
122032571947359;1764839976521;-0.0023968432;0.0021305273;0.0;3
122032573935588;1764839976521;-0.0023968432;0.0021305273;0.0;3
122032575923817;1764839976521;-0.0023968432;0.0021305273;0.0;3
122032577912046;1764839976521;-0.0023968432;0.0021305273;0.0;3
122032579900275;1764839976523;-0.0023968432;0.0021305273;0.0;3
122032581888505;1764839976525;-0.0023968432;0.0021305273;0.0;3
122032583876734;1764839976546;-0.0023968432;0.0021305273;0.0;3
122032585864963;1764839976546;-0.0023968432;0.0021305273;0.0;3
122032587853192;1764839976546;-0.0023968432;0.0021305273;0.0;3
122032589841421;1764839976546;-0.0023968432;0.0021305273;0.0;3
122032591829650;1764839976546;-0.0023968432;0.0021305273;0.0;3
122032593817880;1764839976546;-0.0023968432;0.0021305273;0.0;3
122032595806109;1764839976546;-0.0023968432;0.0021305273;0.0;3
122032597794338;1764839976546;-0.0023968432;0.0021305273;0.0;3
122032599782567;1764839976546;-0.0023968432;0.0021305273;0.0;3
122032601770796;1764839976546;-0.0023968432;0.0021305273;0.0;3
122032603759025;1764839976546;-0.0023968432;0.0021305273;0.0;3
122032605747255;1764839976549;-0.0023968432;0.0021305273;0.0;3
122032607735484;1764839976550;-0.0023968432;0.0021305273;0.0;3
122032609723713;1764839976553;-0.0023968432;0.0021305273;0.0;3
122032611711942;1764839976555;-0.0023968432;0.0021305273;0.0;3
122032613700171;1764839976557;-0.0023968432;0.0021305273;0.0;3
122032615688400;1764839976559;-0.0023968432;0.0021305273;0.0;3
122032617676630;1764839976570;-0.0023968432;0.0021305273;0.0;3
122032619664859;1764839976570;-0.0023968432;0.0021305273;0.0;3
122032621653088;1764839976570;-0.0023968432;0.0021305273;0.0;3
122032623641317;1764839976570;-0.0023968432;0.0021305273;0.0;3
122032625629546;1764839976570;-0.0023968432;0.0021305273;0.0;3
122032627617775;1764839976570;-0.0023968432;0.0021305273;0.0;3
122032629606005;1764839976572;-0.0023968432;0.0021305273;0.0;3
122032631594234;1764839976574;-0.0023968432;0.0021305273;0.0;3
122032633582463;1764839976595;-0.0023968432;0.0021305273;0.0;3
122032635570692;1764839976595;-0.0023968432;0.0021305273;0.0;3
122032637558921;1764839976595;-0.0023968432;0.0021305273;0.0;3
122032639547150;1764839976595;-0.0023968432;0.0021305273;0.0;3
122032641535380;1764839976595;-0.0023968432;0.0021305273;0.0;3
122032643523609;1764839976595;-0.0023968432;0.0021305273;0.0;3
122032645511838;1764839976595;-0.0023968432;0.0021305273;0.0;3
122032647500067;1764839976596;-0.0023968432;0.0021305273;0.0;3
122032649488296;1764839976596;-0.0023968432;0.0021305273;0.0;3
122032651476525;1764839976596;-0.0023968432;0.0021305273;0.0;3
122032653464755;1764839976596;-0.0023968432;0.0021305273;0.0;3
122032655452984;1764839976598;-0.0023968432;0.0021305273;0.0;3
122032657441213;1764839976600;-0.0023968432;0.0021305273;0.0;3
122032659429442;1764839976602;-0.0023968432;0.0021305273;0.0;3
122032661417671;1764839976604;-0.0023968432;0.0021305273;0.0;3
122032663405900;1764839976606;-0.0023968432;0.0021305273;0.0;3
122032665394130;1764839976608;-0.0023968432;0.0021305273;0.0;3
122032667382359;1764839976621;-0.0023968432;0.0021305273;0.0;3
122032669370588;1764839976621;-0.0023968432;0.0021305273;0.0;3
122032671358817;1764839976621;-0.0023968432;0.0021305273;0.0;3
122032673347046;1764839976621;-0.0023968432;0.0021305273;0.0;3
122032675335275;1764839976621;-0.0023968432;0.0021305273;0.0;3
122032677323505;1764839976621;-0.0023968432;0.0021305273;0.0;3
122032679311734;1764839976622;-0.0023968432;0.0021305273;0.0;3
122032681299963;1764839976623;-0.0023968432;0.0021305273;0.0;3
122032683288192;1764839976648;-0.0023968432;0.0021305273;0.0;3
122032685276421;1764839976648;-0.0023968432;0.0021305273;0.0;3
122032687264650;1764839976648;-0.0023968432;0.0021305273;0.0;3
122032689252880;1764839976648;-0.0023968432;0.0021305273;0.0;3
122032691241109;1764839976648;-0.0023968432;0.0021305273;0.0;3
122032693229338;1764839976648;-0.0023968432;0.0021305273;0.0;3
122032695217567;1764839976648;-0.0023968432;0.0021305273;0.0;3
122032697205796;1764839976648;-0.0023968432;0.0021305273;0.0;3
122032699194025;1764839976648;-0.0023968432;0.0021305273;0.0;3
122032701182255;1764839976648;-0.0023968432;0.0021305273;0.0;3
122032703170484;1764839976648;-0.0023968432;0.0021305273;0.0;3
122032705158713;1764839976648;-0.0023968432;0.0021305273;0.0;3
122032707146942;1764839976650;-0.0023968432;0.0021305273;0.0;3
122032709135171;1764839976653;-0.0023968432;0.0021305273;0.0;3
122032711123400;1764839976653;-0.0023968432;0.0021305273;0.0;3
122032713111630;1764839976656;-0.0023968432;0.0021305273;0.0;3
122032715099859;1764839976658;-0.0023968432;0.0021305273;0.0;3
122032717088088;1764839976672;-0.0023968432;0.0021305273;0.0;3
122032719076317;1764839976672;-0.0023968432;0.0021305273;0.0;3
122032721064546;1764839976672;-0.0023968432;0.0021305273;0.0;3
122032723052775;1764839976672;-0.0023968432;0.0021305273;0.0;3
122032725041109;1764839976672;-0.0023968432;0.0021305273;0.0;3
122032727029442;1764839976672;-0.0023968432;0.0021305273;0.0;3
122032729017775;1764839976672;-0.0023968432;0.0021305273;0.0;3
122032731006109;1764839976673;-0.0023968432;0.0021305273;0.0;3
122032732994442;1764839976697;-0.0023968432;0.0021305273;0.0;3
122032734982775;1764839976697;-0.0023968432;0.0021305273;0.0;3
122032736971109;1764839976697;-0.0023968432;0.0021305273;0.0;3
122032738959442;1764839976697;-0.0023968432;0.0021305273;0.0;3
122032740947775;1764839976697;-0.0023968432;0.0021305273;0.0;3
122032742936109;1764839976697;-0.0023968432;0.0021305273;0.0;3
122032744924442;1764839976697;-0.0023968432;0.0021305273;0.0;3
122032746912775;1764839976697;-0.0023968432;0.0021305273;0.0;3
122032748901109;1764839976697;-0.0023968432;0.0021305273;0.0;3
122032750889442;1764839976697;-0.0023968432;0.0021305273;0.0;3
122032752877775;1764839976697;-0.0023968432;0.0021305273;0.0;3
122032754866109;1764839976698;-0.0023968432;0.0021305273;0.0;3
122032756854442;1764839976700;-0.0023968432;0.0021305273;0.0;3
122032758842775;1764839976702;-0.0023968432;0.0021305273;0.0;3
122032760831109;1764839976704;-0.0023968432;0.0021305273;0.0;3
122032762819442;1764839976706;-0.0023968432;0.0021305273;0.0;3
122032764807775;1764839976707;-0.0023968432;0.0021305273;0.0;3
122032766796109;1764839976721;-0.0023968432;0.0021305273;0.0;3
122032768784442;1764839976721;-0.0023968432;0.0021305273;0.0;3
122032770772775;1764839976721;-0.0023968432;0.0021305273;0.0;3
122032772761109;1764839976721;-0.0023968432;0.0021305273;0.0;3
122032774749442;1764839976721;-0.0023968432;0.0021305273;0.0;3
122032776737775;1764839976721;-0.0023968432;0.0021305273;0.0;3
122032778726109;1764839976721;-0.0023968432;0.0021305273;0.0;3
122032780714442;1764839976723;-0.0023968432;0.0021305273;0.0;3
122032782702775;1764839976747;-0.0023968432;0.0021305273;0.0;3
122032784691109;1764839976747;-0.0023968432;0.0021305273;0.0;3
122032786679442;1764839976747;-0.0023968432;0.0021305273;0.0;3
122032788667671;1764839976747;-0.0023968432;0.0021305273;0.0;3
122032790655900;1764839976747;-0.0023968432;0.0021305273;0.0;3
122032792644130;1764839976747;-0.0023968432;0.0021305273;0.0;3
122032794632359;1764839976747;-0.0023968432;0.0021305273;0.0;3
122032796620588;1764839976747;-0.0023968432;0.0021305273;0.0;3
122032798608817;1764839976747;-0.0023968432;0.0021305273;0.0;3
122032800597046;1764839976747;-0.0023968432;0.0021305273;0.0;3
122032802585275;1764839976747;-0.0023968432;0.0021305273;0.0;3
122032804573505;1764839976747;-0.0023968432;0.0021305273;0.0;3
122032806561734;1764839976749;-0.0023968432;0.0021305273;0.0;3
122032808549963;1764839976752;-0.0023968432;0.0021305273;0.0;3
122032810538192;1764839976753;-0.0023968432;0.0021305273;0.0;3
122032812526421;1764839976756;-0.0023968432;0.0021305273;0.0;3
122032814514650;1764839976758;-0.0023968432;0.0021305273;0.0;3
122032816502880;1764839976773;-0.0023968432;0.0021305273;0.0;3
122032818491109;1764839976773;-0.0023968432;0.0021305273;0.0;3
122032820479338;1764839976773;-0.0023968432;0.0021305273;0.0;3
122032822467567;1764839976773;-0.0023968432;0.0021305273;0.0;3
122032824455796;1764839976773;-0.0023968432;0.0021305273;0.0;3
122032826444025;1764839976773;-0.0023968432;0.0021305273;0.0;3
122032828432255;1764839976773;-0.0023968432;0.0021305273;0.0;3
122032830420484;1764839976773;-0.0023968432;0.0021305273;0.0;3
122032832408713;1764839976799;-0.0023968432;0.0021305273;0.0;3
122032834396942;1764839976799;-0.0023968432;0.0021305273;0.0;3
122032836385171;1764839976799;-0.0023968432;0.0021305273;0.0;3
122032838373400;1764839976799;-0.0023968432;0.0021305273;0.0;3
122032840361630;1764839976799;-0.0023968432;0.0021305273;0.0;3
122032842349859;1764839976799;-0.0023968432;0.0021305273;0.0;3
122032844338088;1764839976799;-0.0023968432;0.0021305273;0.0;3
122032846326317;1764839976799;-0.0023968432;0.0021305273;0.0;3
122032848314546;1764839976799;-0.0023968432;0.0021305273;0.0;3
122032850302775;1764839976799;-0.0023968432;0.0021305273;0.0;3
122032852291005;1764839976799;-0.0023968432;0.0021305273;0.0;3
122032854279234;1764839976799;-0.0023968432;0.0021305273;0.0;3
122032856267463;1764839976799;-0.0023968432;0.0021305273;0.0;3
122032858255692;1764839976802;-0.0023968432;0.0021305273;0.0;3
122032860243921;1764839976803;-0.0023968432;0.0021305273;0.0;3
122032862232150;1764839976805;-0.0023968432;0.0021305273;0.0;3
122032864220380;1764839976807;-0.0023968432;0.0021305273;0.0;3
122032866208609;1764839976823;-0.0023968432;0.0021305273;0.0;3
122032868196838;1764839976823;-0.0023968432;0.0021305273;0.0;3
122032870185067;1764839976823;-0.0023968432;0.0021305273;0.0;3
122032872173296;1764839976823;-0.0023968432;0.0021305273;0.0;3
122032874161525;1764839976823;-0.0023968432;0.0021305273;0.0;3
122032876149755;1764839976823;-0.0023968432;0.0021305273;0.0;3
122032878137984;1764839976823;-0.0023968432;0.0021305273;0.0;3
122032880126213;1764839976823;-0.0023968432;0.0021305273;0.0;3
122032882114442;1764839976848;-0.0023968432;0.0021305273;0.0;3
122032884102671;1764839976848;-0.0023968432;0.0021305273;0.0;3
122032886090900;1764839976848;-0.0023968432;0.0021305273;0.0;3
122032888079130;1764839976848;-0.0023968432;0.0021305273;0.0;3
122032890067359;1764839976848;-0.0023968432;0.0021305273;0.0;3
122032892055588;1764839976848;-0.0023968432;0.0021305273;0.0;3
122032894043817;1764839976848;-0.0023968432;0.0021305273;0.0;3
122032896032046;1764839976848;-0.0023968432;0.0021305273;0.0;3
122032898020275;1764839976848;-0.0023968432;0.0021305273;0.0;3
122032900008505;1764839976848;-0.0023968432;0.0021305273;0.0;3
122032901996734;1764839976848;-0.0023968432;0.0021305273;0.0;3
122032903984963;1764839976848;-0.0023968432;0.0021305273;0.0;3
122032905973192;1764839976849;-0.0023968432;0.0021305273;0.0;3
122032907961421;1764839976850;-0.0023968432;0.0021305273;0.0;3
122032909949650;1764839976852;-0.0023968432;0.0021305273;0.0;3
122032911937880;1764839976855;-0.0023968432;0.0021305273;0.0;3
122032913926109;1764839976857;-0.0023968432;0.0021305273;0.0;3
122032915914338;1764839976874;-0.0023968432;0.0021305273;0.0;3
122032917902567;1764839976874;-0.0023968432;0.0021305273;0.0;3
122032919890796;1764839976874;-0.0023968432;0.0021305273;0.0;3
122032921879025;1764839976874;-0.0023968432;0.0021305273;0.0;3
122032923867255;1764839976874;-0.0023968432;0.0021305273;0.0;3
122032925855484;1764839976874;-0.0023968432;0.0021305273;0.0;3
122032927843713;1764839976874;-0.0023968432;0.0021305273;0.0;3
122032929831942;1764839976874;-0.0023968432;0.0021305273;0.0;3
122032931820171;1764839976901;-0.0023968432;0.0021305273;0.0;3
122032933808400;1764839976901;-0.0023968432;0.0021305273;0.0;3
122032935796630;1764839976901;-0.0023968432;0.0021305273;0.0;3
122032937784859;1764839976901;-0.0023968432;0.0021305273;0.0;3
122032939773088;1764839976901;-0.0023968432;0.0021305273;0.0;3
122032941761317;1764839976901;-0.0023968432;0.0021305273;0.0;3
122032943749546;1764839976901;-0.0023968432;0.0021305273;0.0;3
122032945737775;1764839976901;-0.0023968432;0.0021305273;0.0;3
122032947726005;1764839976901;-0.0023968432;0.0021305273;0.0;3
122032949714234;1764839976901;-0.0023968432;0.0021305273;0.0;3
122032951702463;1764839976901;-0.0023968432;0.0021305273;0.0;3
122032953690692;1764839976901;-0.0023968432;0.0021305273;0.0;3
122032955678921;1764839976901;-0.0023968432;0.0021305273;0.0;3
122032957667150;1764839976901;-0.0023968432;0.0021305273;0.0;3
122032959655380;1764839976902;-0.0023968432;0.0021305273;0.0;3
122032961643609;1764839976904;-0.0023968432;0.0021305273;0.0;3
122032963631838;1764839976906;-0.0023968432;0.0021305273;0.0;3
122032965620067;1764839976928;-0.0023968432;0.0021305273;0.0;3
122032967608296;1764839976928;-0.0023968432;0.0021305273;0.0;3
122032969596525;1764839976928;-0.0023968432;0.0021305273;0.0;3
122032971584755;1764839976928;-0.0023968432;0.0021305273;0.0;3
122032973572984;1764839976928;-0.0023968432;0.0021305273;0.0;3
122032975561213;1764839976928;-0.0023968432;0.0021305273;0.0;3
122032977549546;1764839976928;-0.0023968432;0.0021305273;0.0;3
122032979537880;1764839976928;-0.0023968432;0.0021305273;0.0;3
122032981526213;1764839976928;-0.0023968432;0.0021305273;0.0;3
122032983514546;1764839976928;-0.0023968432;0.0021305273;0.0;3
122032985502880;1764839976928;-0.0023968432;0.0021305273;0.0;3
122032987491213;1764839976930;-0.0023968432;0.0021305273;0.0;3
122032989479546;1764839976932;-0.0023968432;0.0021305273;0.0;3
122032991467880;1764839976935;-0.0023968432;0.0021305273;0.0;3
122032993456213;1764839976936;-0.0023968432;0.0021305273;0.0;3
122032995444546;1764839976938;-0.0023968432;0.0021305273;0.0;3
122032997432880;1764839976941;-0.0023968432;0.0021305273;0.0;3
122032999421213;1764839976953;-0.0023968432;0.0021305273;0.0;3
122033001409546;1764839976953;-0.0023968432;0.0021305273;0.0;3
122033003397880;1764839976953;-0.0023968432;0.0021305273;0.0;3
122033005386213;1764839976953;-0.0023968432;0.0021305273;0.0;3
122033007374546;1764839976953;-0.0023968432;0.0021305273;0.0;3
122033009362880;1764839976953;-0.0023968432;0.0021305273;0.0;3
122033011351213;1764839976954;-0.0023968432;0.0021305273;0.0;3
122033013339546;1764839976956;-0.0023968432;0.0021305273;0.0;3
122033015327880;1764839976958;-0.0023968432;0.0021305273;0.0;3
122033017316213;1764839976978;-0.0023968432;0.0021305273;0.0;3
122033019304546;1764839976978;-0.0023968432;0.0021305273;0.0;3
122033021292880;1764839976978;-0.0023968432;0.0021305273;0.0;3
122033023281213;1764839976978;-0.0023968432;0.0021305273;0.0;3
122033025269546;1764839976978;-0.0023968432;0.0021305273;0.0;3
122033027257880;1764839976978;-0.0023968432;0.0021305273;0.0;3
122033029246213;1764839976978;-0.0023968432;0.0021305273;0.0;3
122033031234546;1764839976978;-0.0023968432;0.0021305273;0.0;3
122033033222880;1764839976978;-0.0023968432;0.0021305273;0.0;3
122033035211213;1764839976978;-0.0023968432;0.0021305273;0.0;3
122033037199546;1764839976980;-0.0023968432;0.0021305273;0.0;3
122033039187880;1764839976982;-0.0023968432;0.0021305273;0.0;3
122033041176213;1764839976984;-0.0023968432;0.0021305273;0.0;3
122033043164546;1764839976986;-0.0023968432;0.0021305273;0.0;3
122033045152775;1764839976988;-0.0023968432;0.0021305273;0.0;3
122033047141005;1764839976990;-0.0023968432;0.0021305273;0.0;3
122033049129234;1764839977004;-0.0023968432;0.0021305273;0.0;3
122033051117463;1764839977004;-0.0023968432;0.0021305273;0.0;3
122033053105692;1764839977004;-0.0023968432;0.0021305273;0.0;3
122033055093921;1764839977004;-0.0023968432;0.0021305273;0.0;3
122033057082150;1764839977004;-0.0023968432;0.0021305273;0.0;3
122033059070380;1764839977004;-0.0023968432;0.0021305273;0.0;3
122033061058609;1764839977004;-0.0023968432;0.0021305273;0.0;3
122033063046838;1764839977005;-0.0023968432;0.0021305273;0.0;3
122033065035067;1764839977007;-0.0023968432;0.0021305273;0.0;3
122033067023296;1764839977026;-0.0023968432;0.0021305273;0.0;3
122033069011525;1764839977026;-0.0023968432;0.0021305273;0.0;3
122033070999755;1764839977026;-0.0023968432;0.0021305273;0.0;3
122033072987984;1764839977026;-0.0023968432;0.0021305273;0.0;3
122033074976213;1764839977026;-0.0023968432;0.0021305273;0.0;3
122033076964442;1764839977026;-0.0023968432;0.0021305273;0.0;3
122033078952671;1764839977026;-0.0023968432;0.0021305273;0.0;3
122033080940900;1764839977026;-0.0023968432;0.0021305273;0.0;3
122033082929130;1764839977026;-0.0023968432;0.0021305273;0.0;3
122033084917359;1764839977051;-0.0023968432;0.0021305273;0.0;3
122033086905588;1764839977051;-0.0023968432;0.0021305273;0.0;3
122033088893817;1764839977051;-0.0023968432;0.0021305273;0.0;3
122033090882046;1764839977051;-0.0023968432;0.0021305273;0.0;3
122033092870275;1764839977051;-0.0023968432;0.0021305273;0.0;3
122033094858505;1764839977051;-0.0023968432;0.0021305273;0.0;3
122033096846734;1764839977051;-0.0023968432;0.0021305273;0.0;3
122033098834963;1764839977051;-0.0023968432;0.0021305273;0.0;3
122033100823192;1764839977051;-0.0023968432;0.0021305273;0.0;3
122033102811421;1764839977051;-0.0023968432;0.0021305273;0.0;3
122033104799650;1764839977051;-0.0023968432;0.0021305273;0.0;3
122033106787880;1764839977051;-0.0023968432;0.0021305273;0.0;3
122033108776109;1764839977051;-0.0023968432;0.0021305273;0.0;3
122033110764338;1764839977069;-0.0023968432;0.0021305273;0.0;3
122033112752567;1764839977069;-0.0023968432;0.0021305273;0.0;3
122033114740796;1764839977069;-0.0023968432;0.0021305273;0.0;3
122033116729025;1764839977069;-0.0023968432;0.0021305273;0.0;3
122033118717255;1764839977069;-0.0023968432;0.0021305273;0.0;3
122033120705484;1764839977069;-0.0023968432;0.0021305273;0.0;3
122033122693713;1764839977069;-0.0023968432;0.0021305273;0.0;3
122033124681942;1764839977069;-0.0023968432;0.0021305273;0.0;3
122033126670171;1764839977070;-0.0023968432;0.0021305273;0.0;3
122033128658400;1764839977078;-0.0023968432;0.0021305273;0.0;3
122033130646630;1764839977078;-0.0023968432;0.0021305273;0.0;3
122033132634859;1764839977078;-0.0023968432;0.0021305273;0.0;3
122033134623088;1764839977078;-0.0023968432;0.0021305273;0.0;3
122033136611317;1764839977085;-0.0023968432;0.0021305273;0.0;3
122033138599546;1764839977085;-0.0023968432;0.0021305273;0.0;3
122033140587775;1764839977085;-0.0023968432;0.0021305273;0.0;3
122033142576005;1764839977085;-0.0023968432;0.0021305273;0.0;3
122033144564234;1764839977091;-0.0023968432;0.0021305273;0.0;3
122033146552463;1764839977091;-0.0023968432;0.0021305273;0.0;3
122033148540692;1764839977091;-0.0023968432;0.0021305273;0.0;3
122033150528921;1764839977101;-0.0023968432;0.0021305273;0.0;3
122033152517150;1764839977101;-0.0023968432;0.0021305273;0.0;3
122033154505380;1764839977101;-0.0023968432;0.0021305273;0.0;3
122033156493609;1764839977101;-0.0023968432;0.0021305273;0.0;3
122033158481838;1764839977101;-0.0023968432;0.0021305273;0.0;3
122033160470067;1764839977103;-0.0023968432;0.0021305273;0.0;3
122033162458296;1764839977138;-0.0023968432;0.0021305273;0.0;3
122033164446525;1764839977138;-0.0023968432;0.0021305273;0.0;3
122033166434755;1764839977138;-0.0023968432;0.0021305273;0.0;3
122033168422984;1764839977138;-0.0023968432;0.0021305273;0.0;3
122033170411213;1764839977138;-0.0023968432;0.0021305273;0.0;3
122033172399442;1764839977138;-0.0023968432;0.0021305273;0.0;3
122033174387671;1764839977138;-0.0023968432;0.0021305273;0.0;3
122033176375900;1764839977138;-0.0023968432;0.0021305273;0.0;3
122033178364130;1764839977138;-0.0023968432;0.0021305273;0.0;3
122033180352359;1764839977138;-0.0023968432;0.0021305273;0.0;3
122033182340588;1764839977138;-0.0023968432;0.0021305273;0.0;3
122033184328817;1764839977138;-0.0023968432;0.0021305273;0.0;3
122033186317046;1764839977138;-0.0023968432;0.0021305273;0.0;3
122033188305275;1764839977138;-0.0023968432;0.0021305273;0.0;3
122033190293505;1764839977138;-0.0023968432;0.0021305273;0.0;3
122033192281734;1764839977138;-0.0023968432;0.0021305273;0.0;3
122033194269963;1764839977138;-0.0023968432;0.0021305273;0.0;3
122033196258192;1764839977141;-0.0023968432;0.0021305273;0.0;3
122033198246421;1764839977141;-0.0023968432;0.0021305273;0.0;3
122033200234650;1764839977221;-0.0023968432;0.0021305273;0.0;3
122033202222880;1764839977221;-0.0023968432;0.0021305273;0.0;3
122033204211213;1764839977221;-0.0023968432;0.0021305273;0.0;3
122033206199546;1764839977221;-0.0023968432;0.0021305273;0.0;3
122033208187880;1764839977221;-0.0023968432;0.0021305273;0.0;3
122033210176213;1764839977221;-0.0023968432;0.0021305273;0.0;3
122033212164546;1764839977221;-0.0023968432;0.0021305273;0.0;3
122033214152880;1764839977221;-0.0023968432;0.0021305273;0.0;3
122033216141213;1764839977221;-0.0023968432;0.0021305273;0.0;3
122033218129546;1764839977221;-0.0023968432;0.0021305273;0.0;3
122033220117880;1764839977221;-0.0023968432;0.0021305273;0.0;3
122033222106213;1764839977221;-0.0023968432;0.0021305273;0.0;3
122033224094546;1764839977221;-0.0023968432;0.0021305273;0.0;3
122033226082880;1764839977221;-0.0023968432;0.0021305273;0.0;3
122033228071213;1764839977221;-0.0023968432;0.0021305273;0.0;3
122033230059546;1764839977221;-0.0023968432;0.0021305273;0.0;3
122033232047880;1764839977221;-0.0023968432;0.0021305273;0.0;3
122033234036213;1764839977221;-0.0023968432;0.0021305273;0.0;3
122033236024546;1764839977221;-0.0023968432;0.0021305273;0.0;3
122033238012880;1764839977221;-0.0023968432;0.0021305273;0.0;3
122033240001213;1764839977221;-0.0023968432;0.0021305273;0.0;3
122033241989546;1764839977221;-0.0023968432;0.0021305273;0.0;3
122033243977880;1764839977221;-0.0023968432;0.0021305273;0.0;3
122033245966213;1764839977221;-0.0023968432;0.0021305273;0.0;3
122033247954546;1764839977221;-0.0023968432;0.0021305273;0.0;3
122033249942880;1764839977221;-0.0023968432;0.0021305273;0.0;3
122033251931213;1764839977221;-0.0023968432;0.0021305273;0.0;3
122033253919546;1764839977221;-0.0023968432;0.0021305273;0.0;3
122033255907880;1764839977221;-0.0023968432;0.0021305273;0.0;3
122033257896213;1764839977221;-0.0023968432;0.0021305273;0.0;3
122033259884546;1764839977221;-0.0023968432;0.0021305273;0.0;3
122033261872880;1764839977221;-0.0023968432;0.0021305273;0.0;3
122033263861213;1764839977221;-0.0023968432;0.0021305273;0.0;3
122033265849546;1764839977221;-0.0023968432;0.0021305273;0.0;3
122033267837880;1764839977221;-0.0023968432;0.0021305273;0.0;3
122033269826213;1764839977221;-0.0023968432;0.0021305273;0.0;3
122033271814546;1764839977221;-0.0023968432;0.0021305273;0.0;3
122033273802880;1764839977221;-0.0023968432;0.0021305273;0.0;3
122033275791109;1764839977221;-0.0023968432;0.0021305273;0.0;3
122033277779338;1764839977221;-0.0023968432;0.0021305273;0.0;3
122033279767567;1764839977274;-0.0023968432;0.0021305273;0.0;3
122033281755796;1764839977274;-0.0023968432;0.0021305273;0.0;3
122033283744025;1764839977274;-0.0023968432;0.0021305273;0.0;3
122033285732255;1764839977274;-0.0023968432;0.0021305273;0.0;3
122033287720484;1764839977274;-0.0023968432;0.0021305273;0.0;3
122033289708713;1764839977274;-0.0023968432;0.0021305273;0.0;3
122033291696942;1764839977274;-0.0023968432;0.0021305273;0.0;3
122033293685171;1764839977274;-0.0023968432;0.0021305273;0.0;3
122033295673400;1764839977275;-0.0023968432;0.0021305273;0.0;3
122033297661630;1764839977275;-0.0023968432;0.0021305273;0.0;3
122033299649859;1764839977275;-0.0023968432;0.0021305273;0.0;3
122033301638088;1764839977275;-0.0023968432;0.0021305273;0.0;3
122033303626317;1764839977275;-0.0023968432;0.0021305273;0.0;3
122033305614546;1764839977275;-0.0023968432;0.0021305273;0.0;3
122033307602775;1764839977275;-0.0023968432;0.0021305273;0.0;3
122033309591005;1764839977275;-0.0023968432;0.0021305273;0.0;3
122033311579234;1764839977275;-0.0023968432;0.0021305273;0.0;3
122033313567463;1764839977275;-0.0023968432;0.0021305273;0.0;3
122033315555692;1764839977275;-0.0023968432;0.0021305273;0.0;3
122033317543921;1764839977275;-0.0023968432;0.0021305273;0.0;3
122033319532150;1764839977275;-0.0023968432;0.0021305273;0.0;3
122033321520380;1764839977275;-0.0023968432;0.0021305273;0.0;3
122033323508609;1764839977275;-0.0023968432;0.0021305273;0.0;3
122033325496838;1764839977275;-0.0023968432;0.0021305273;0.0;3
122033327485067;1764839977275;-0.0023968432;0.0021305273;0.0;3
122033329473296;1764839977275;-0.0023968432;0.0021305273;0.0;3
122033331461525;1764839977275;-0.0023968432;0.0021305273;0.0;3
122033333449755;1764839977285;-0.0023968432;0.0021305273;0.0;3
122033335437984;1764839977285;-0.0023968432;0.0021305273;0.0;3
122033337426213;1764839977285;-0.0023968432;0.0021305273;0.0;3
122033339414442;1764839977285;-0.0023968432;0.0021305273;0.0;3
122033341402671;1764839977285;-0.0023968432;0.0021305273;0.0;3
122033343390900;1764839977289;-0.0023968432;0.0021305273;0.0;3
122033345379130;1764839977289;-0.0023968432;0.0021305273;0.0;3
122033347367359;1764839977296;-0.0023968432;0.0021305273;0.0;3
122033349355588;1764839977296;-0.0023968432;0.0021305273;0.0;3
122033351343817;1764839977296;-0.0023968432;0.0021305273;0.0;3
122033353332046;1764839977296;-0.0023968432;0.0021305273;0.0;3
122033355320275;1764839977347;-0.0023968432;0.0021305273;0.0;3
122033357308505;1764839977347;-0.0023968432;0.0021305273;0.0;3
122033359296734;1764839977348;-0.0023968432;0.0021305273;0.0;3
122033361284963;1764839977348;-0.0023968432;0.0021305273;0.0;3
122033363273192;1764839977348;-0.0023968432;0.0021305273;0.0;3
122033365261421;1764839977348;-0.0023968432;0.0021305273;0.0;3
122033367249650;1764839977348;-0.0023968432;0.0021305273;0.0;3
122033369237880;1764839977348;-0.0023968432;0.0021305273;0.0;3
122033371226109;1764839977348;-0.0023968432;0.0021305273;0.0;3
122033373214338;1764839977348;-0.0023968432;0.0021305273;0.0;3
122033375202567;1764839977348;-0.0023968432;0.0021305273;0.0;3
122033377190796;1764839977348;-0.0023968432;0.0021305273;0.0;3
122033379179025;1764839977348;-0.0023968432;0.0021305273;0.0;3
122033381167255;1764839977348;-0.0023968432;0.0021305273;0.0;3
122033383155484;1764839977348;-0.0023968432;0.0021305273;0.0;3
122033385143713;1764839977348;-0.0023968432;0.0021305273;0.0;3
122033387131942;1764839977348;-0.0023968432;0.0021305273;0.0;3
122033389120171;1764839977348;-0.0023968432;0.0021305273;0.0;3
122033391108400;1764839977348;-0.0023968432;0.0021305273;0.0;3
122033393096630;1764839977348;-0.0023968432;0.0021305273;0.0;3
122033395084859;1764839977348;-0.0023968432;0.0021305273;0.0;3
122033397073088;1764839977348;-0.0023968432;0.0021305273;0.0;3
122033399061317;1764839977348;-0.0023968432;0.0021305273;0.0;3
122033401049546;1764839977348;-0.0023968432;0.0021305273;0.0;3
122033403037775;1764839977348;-0.0023968432;0.0021305273;0.0;3
122033405026005;1764839977348;-0.0023968432;0.0021305273;0.0;3
