# Created at Thu Dec 04 22:30:13 GMT+08:00 2025 in Burnaby Canada 
140669268234281 0.019574 -0.184956 0.361258 
140669288114490 0.393349 -0.131560 0.285091 
140669307994698 0.572180 -0.508264 0.305331 
140669327874906 0.532366 -0.598944 0.397876 
140669347755115 0.340219 -0.384028 0.433429 
140669367635323 0.024767 0.050999 0.405066 
140669387515531 -0.300404 0.242214 0.362190 
140669407395740 -0.425040 0.314919 0.377236 
140669427275948 -0.377902 0.217447 0.387223 
140669447156156 -0.235556 -0.085754 0.211854 
140669467036365 -0.024102 -0.167912 -0.152466 
140669486916573 0.143544 -0.013982 -0.511460 
140669506796781 0.323041 0.272308 -0.536627 
140669526676990 0.632900 0.543418 -0.137818 
140669546557198 0.865260 0.277768 0.105328 
140669566437406 0.951014 -0.278700 0.216382 
140669586317615 0.927312 -0.881373 0.185223 
140669606197823 0.984703 -1.214933 0.064848 
140669626078031 0.896286 -1.035170 -0.113317 
140669645958240 0.117978 -0.574710 -0.422643 
140669665838448 -0.408129 0.096673 -0.693487 
140669685718656 -0.561793 0.515987 -0.733967 
140669705598865 -0.439554 0.473909 -0.617720 
140669725479073 -0.201202 0.259125 -0.431432 
140669745359281 -0.098936 0.008123 -0.551673 
140669765239490 -0.092678 -0.154064 -0.618252 
140669785119698 -0.019841 -0.256063 -0.416518 
140669804999906 0.074968 -0.641022 -0.284026 
140669824880115 0.086686 -0.882038 -0.259658 
140669844760323 0.119176 -0.857537 -0.058456 
140669864640531 0.194943 -1.086169 0.474309 
140669884520740 0.109589 -1.612942 1.066595 
140669904400948 -0.086553 -2.163284 1.441169 
140669924281156 -0.257794 -2.645982 1.631185 
140669944161365 -0.251402 -2.582998 1.491236 
140669964041573 -0.373774 -1.290700 0.691223 
140669983921781 -0.504136 0.173239 0.331830 
140670003801990 -0.669651 0.898150 0.601741 
140670023682198 -0.915594 0.641688 0.820786 
140670043562406 -0.706536 -0.977513 0.493883 
140670063442615 0.081493 -2.862497 -0.092678 
140670083322823 0.405865 -3.671831 -0.412390 
140670103203031 0.030893 -3.616171 -0.103863 
140670123083240 -0.339153 -2.932005 0.207327 
140670142963448 -0.340485 -1.837180 0.128231 
140670162843656 0.217713 -1.588441 0.148871 
140670182723865 1.109073 -1.887514 0.166581 
140670202604073 2.216547 -2.881139 -0.162586 
140670222484281 2.726542 -4.159056 -0.496812 
140670242364490 2.535727 -4.364785 -0.360725 
140670262244698 1.675393 -3.529884 0.017976 
140670282124906 0.549809 -2.749845 0.387623 
140670302005115 0.066712 -2.732667 0.604670 
140670321885323 0.283893 -3.328017 0.982040 
140670341765531 0.477638 -3.856521 1.404417 
140670361645740 0.406798 -3.839743 1.844637 
140670381525948 -0.037684 -3.066228 2.120274 
140670401406156 -0.318114 -1.982855 2.602439 
140670421286365 -0.537292 -1.948500 3.359975 
140670441166573 -1.111470 -2.209357 3.992209 
140670461046781 -1.684049 -1.793771 4.282094 
140670480926990 -1.924931 -1.204014 4.011117 
140670500807198 -1.794969 -1.143294 3.656784 
140670520687406 -1.676592 -1.452221 3.689141 
140670540567615 -2.048768 -1.363937 3.936682 
140670560447823 -2.467284 -0.737429 4.130560 
140670580328031 -2.469414 -0.338221 4.227365 
140670600208240 -2.107757 -0.185622 4.102064 
140670620088448 -1.600292 -0.320245 3.780488 
140670639968656 -1.312538 -0.364853 3.203381 
140670659848865 -1.214267 -0.259392 2.983138 
140670679729073 -1.212803 0.078563 2.982072 
140670699609281 -1.180445 0.360592 3.037866 
140670719489490 -1.052747 0.481100 2.975148 
140670739369698 -0.984703 0.615856 2.891658 
140670759249906 -1.025183 0.694685 2.841857 
140670779130115 -1.081243 0.816125 2.650509 
140670799010323 -1.136636 0.848482 2.410159 
140670818890531 -1.217463 0.737296 2.224137 
140670838770740 -1.180712 0.388555 2.044374 
140670858650948 -0.959669 -0.021838 1.827593 
140670878531156 -0.789494 -0.285091 1.600292 
140670898411365 -0.852877 -0.457131 1.320128 
140670918291573 -0.871785 -0.288420 1.097488 
140670938171781 -0.728773 -0.012916 0.893357 
140670957924073 -0.399873 0.101333 0.620516 
140670977583552 0.006392 0.062584 0.225170 
140670997315740 0.288686 0.094409 -0.271376 
140671017138136 0.444748 0.193479 -0.785366 
140671037051781 0.714925 0.166847 -1.066462 
140671057043969 1.159673 -0.266183 -1.348357 
140671077091990 1.518933 -0.884036 -1.850896 
140671097164802 1.616538 -1.358877 -2.513356 
140671117105011 1.537309 -1.449957 -3.106042 
140671136985219 1.330248 -1.124119 -3.550790 
140671156865427 0.962199 -0.609464 -3.955857 
140671176745636 0.781105 0.142612 -4.289950 
140671196625844 0.959137 0.806271 -4.590621 
140671216506052 1.248755 1.251019 -4.819652 
140671236386261 1.510011 1.440370 -4.948682 
140671256266469 1.696566 1.314669 -4.990893 
140671276146677 1.870736 0.907871 -4.919387 
140671296026886 2.091379 0.388688 -4.811263 
140671315907094 2.265683 0.000932 -4.711528 
140671335787302 2.308027 -0.170043 -4.613124 
140671355667511 2.126799 -0.392017 -4.410857 
140671375547719 1.705753 -0.725445 -4.079826 
140671395427927 1.154346 -0.941427 -3.744535 
140671415308136 0.865660 -0.725977 -3.247456 
140671435188344 0.751011 -0.234225 -2.673146 
140671455068552 0.585895 0.042078 -1.868339 
140671474948761 0.313054 -0.218113 -0.820519 
140671494828969 0.026765 -0.511060 0.195476 
140671514709177 -0.212786 -0.486825 1.075517 
140671534589386 -0.453003 -0.384028 1.894971 
140671554469594 -0.645550 -0.262721 2.777276 
140671574349802 -0.771384 -0.130362 3.520297 
140671594230011 -0.883902 -0.039415 3.959185 
140671614110219 -0.915994 -0.098803 4.220841 
140671633990427 -0.957805 -0.207860 4.409259 
140671653870636 -1.083107 -0.287222 4.669849 
140671673750844 -1.224521 -0.130628 5.004342 
140671693631052 -1.440503 0.149004 5.195690 
140671713511261 -1.549559 0.266582 5.158140 
140671733391469 -1.419996 0.183891 5.015261 
140671753271677 -1.323191 0.161787 4.916591 
140671773151886 -1.310674 0.103464 4.812062 
140671793032094 -1.309076 0.047271 4.546945 
140671812912302 -1.282711 -0.040347 4.060785 
140671832792511 -1.194960 -0.274971 3.611244 
140671852672719 -1.061802 -0.429301 3.312704 
140671872552927 -0.878443 -0.368714 2.973417 
140671892433136 -0.654738 -0.162186 2.464488 
140671912313344 -0.502938 0.173239 2.100833 
140671932193552 -0.459262 0.262188 1.729855 
140671952075479 -0.374307 0.304000 1.279248 
140671971952563 -0.116513 0.406531 0.799081 
140671991829646 0.154596 0.374573 0.305464 
140672011706729 0.278167 0.223972 -0.209591 
140672031583813 0.405466 -0.044075 -0.738095 
140672051461938 0.892691 -0.074302 -1.142895 
140672071342146 1.384443 -0.288953 -1.780056 
140672091223396 1.480716 -0.583099 -2.437989 
140672111104646 1.374456 -0.890161 -2.933336 
140672130985896 1.266199 -1.142229 -3.256111 
140672150867146 1.188834 -1.358877 -3.595398 
140672170748396 1.240899 -1.399091 -3.966110 
140672190629646 1.394031 -1.355149 -4.282893 
140672210510896 1.496962 -1.350488 -4.527237 
140672230392146 1.411874 -1.201751 -4.629236 
140672250273396 1.218395 -0.824381 -4.578503 
140672270154646 1.154213 -0.743021 -4.641487 
140672290035896 1.226651 -0.961800 -4.789026 
140672309917146 1.217197 -1.348757 -4.932171 
140672329797615 1.023852 -1.475923 -4.887163 
140672349677823 0.846219 -1.551157 -4.645215 
140672369558031 0.681902 -1.743038 -4.240681 
140672389438240 0.453536 -1.934652 -3.847466 
140672409318448 0.210922 -1.887780 -3.438538 
140672429198396 0.172839 -1.455816 -3.031873 
140672449078969 0.176035 -0.868856 -2.151566 
140672468958136 0.098137 -0.090814 -1.002679 
140672488837302 0.084555 0.483763 0.032224 
140672508716469 0.074968 0.855007 0.917059 
140672528595636 -0.052464 0.998818 1.863679 
140672548474802 0.084822 0.797083 2.965694 
140672568353969 0.494549 0.428236 4.029360 
140672588233136 0.868190 0.328767 4.885299 
140672608112302 0.946620 0.456199 5.452951 
140672627991469 0.706536 0.788828 5.778389 
140672647870636 0.218512 1.127448 5.792770 
140672667749802 -0.248872 1.329582 5.648960 
140672687628969 -0.752209 1.683250 5.544298 
140672707508136 -1.363537 2.074601 5.479450 
140672727387927 -1.721067 2.222007 5.344162 
140672747268136 -1.756620 2.185788 4.870385 
140672767148344 -1.668336 2.203897 4.153996 
140672787028552 -1.614540 2.370212 3.841208 
140672806908761 -1.656352 2.234790 3.951862 
140672826788969 -1.559945 1.465670 3.950797 
140672846669177 -1.084305 0.816525 3.383544 
140672866549386 -0.595882 0.681103 2.549309 
140672886429594 -0.231429 0.669119 1.747565 
140672906309802 -0.053663 0.771517 0.787496 
140672926190011 0.026765 0.815060 -0.165249 
140672946071677 0.309592 0.649012 -1.072055 
140672965961313 0.768721 0.314253 -1.955291 
140672985840688 1.130511 -0.123970 -2.759033 
140673005719854 1.191897 -0.577906 -3.314301 
140673025599021 1.027447 -1.003079 -3.677024 
140673045478188 1.102148 -1.261139 -4.075033 
140673065357354 1.404151 -1.238369 -4.722713 
140673085236521 1.272324 -1.249022 -5.383976 
140673105115688 0.716656 -1.541969 -5.692369 
140673124994854 0.598146 -2.228798 -5.893970 
140673144874021 1.340768 -2.765025 -6.197837 
140673164753188 1.635845 -2.571946 -6.284256 
140673184632354 1.251552 -1.973135 -6.028727 
140673204511521 0.842357 -1.809350 -5.586908 
140673224390688 0.728640 -1.945704 -4.648810 
140673244269854 0.695351 -1.846368 -3.563174 
140673264149490 0.648479 -0.811331 -2.885134 
140673284029698 0.218512 0.441552 -2.153830 
140673303909906 -0.125967 0.595882 -0.978844 
140673323790115 0.513590 0.040347 0.476306 
140673343670323 1.491369 -0.323973 2.333859 
140673363550531 1.674994 0.058190 3.885016 
140673383430740 1.146889 1.055543 4.662526 
140673403310948 0.435826 1.646631 5.062532 
140673423191156 -0.166980 1.672064 5.797831 
140673443071365 -0.212653 1.332112 6.391182 
140673462962406 0.152599 0.972985 6.618350 
140673482842615 0.245543 0.946354 6.717553 
140673502722823 -0.152998 1.326919 6.488388 
140673522602198 -0.572313 1.517468 5.879323 
140673542481365 -0.882704 1.150751 4.900612 
140673562360531 -0.733301 0.600409 3.575557 
140673582239698 -0.356996 0.333294 2.159955 
140673602118865 -0.193612 0.557000 1.425056 
140673621998031 -0.092278 0.857937 1.380449 
140673641877198 0.081093 0.919189 1.287238 
140673661756365 0.189084 0.969789 0.843289 
140673681635531 0.235956 0.831838 0.219844 
140673701514698 0.312389 0.613326 -0.475773 
140673721393865 0.383495 0.352203 -1.154346 
140673741273031 0.504402 0.077764 -1.861016 
140673761152198 0.637161 -0.291882 -2.480200 
140673781031365 0.649145 -0.580036 -2.890726 
140673800910531 0.360991 -0.754340 -3.194326 
140673820790531 0.019042 -0.891492 -3.514172 
140673840670740 0.099602 -1.181777 -3.697397 
140673860550948 0.519449 -1.529053 -3.950930 
140673880431156 0.669918 -1.724129 -4.342015 
140673900311365 0.650477 -2.250236 -4.867189 
140673920191573 0.621182 -2.872483 -5.494230 
140673940071781 0.132093 -2.653172 -5.291830 
140673959960531 -0.559530 -1.701625 -4.749345 
140673979843292 -0.732502 -0.779640 -4.578104 
140673999723344 -0.670184 -0.144077 -4.774245 
140674019602511 -0.740758 -0.192413 -4.547744 
140674039481677 -0.793621 -0.670583 -3.418298 
140674059360844 -0.318913 -0.619451 -1.916809 
140674079240011 0.087884 -0.056592 -0.856738 
140674099119177 -0.104263 1.088167 -0.211721 
140674118998344 -0.501606 1.673396 0.456465 
140674138877511 -0.748747 1.181244 1.293496 
140674158756677 -0.658599 0.512392 2.148371 
140674178635844 -0.378834 0.479235 2.832137 
140674198515011 -0.314519 0.977246 3.799396 
140674218394177 -0.773781 1.369530 5.514870 
140674238273344 -0.776843 1.084838 6.593050 
140674258152511 -0.080294 0.618785 6.931271 
140674278031677 0.602540 0.730904 6.947783 
140674297911000 0.758068 0.980975 6.335522 
140674317791208 0.049402 1.105744 5.245225 
140674337671417 -0.816924 0.854475 3.898066 
140674357551625 -1.117861 1.057674 2.784466 
140674377431833 -1.138367 1.635446 2.004293 
140674397312042 -1.112801 2.027330 1.595898 
140674417192250 -1.002147 1.854890 1.408944 
140674437072458 -0.586428 1.149553 1.149020 
140674456960792 -0.033955 0.348474 0.416918 
140674476843604 0.157260 -0.124636 -0.732768 
140674496722771 0.061386 -0.123571 -1.688975 
140674516601938 0.213053 0.057657 -2.306429 
140674536481104 0.671915 -0.194277 -2.815226 
140674556360271 0.900547 -0.710797 -3.599526 
140674576239438 0.601741 -1.003478 -4.476903 
140674596118604 0.253666 -1.065130 -4.866790 
140674615997771 0.250736 -1.180712 -4.772248 
140674635876938 0.325704 -1.358344 -4.766522 
140674655756104 0.347143 -1.768471 -5.177181 
140674675635271 0.520381 -2.358893 -5.893704 
140674695514438 0.666589 -2.158224 -6.072802 
140674715393604 0.654604 -1.233043 -5.392365 
140674735272771 0.706802 -0.566454 -4.764125 
140674755151938 0.968325 -0.331031 -4.554801 
140674775031104 1.012267 -0.547412 -3.896734 
140674794910792 0.544483 -0.389753 -2.674611 
140674814791000 0.192413 0.556600 -1.479784 
140674834671208 0.234092 1.252883 -0.584563 
140674854551417 0.552339 0.789760 0.185755 
140674874431625 0.899748 0.107725 0.982173 
140674894311833 0.810266 0.468583 1.708816 
140674914192042 0.414388 1.424258 2.754639 
140674934072250 -0.000932 1.629454 3.986616 
140674953959229 -0.458063 0.959936 5.181176 
140674973843031 -0.864595 0.488557 6.132057 
140674993723240 -0.772582 0.450740 6.613689 
140675013603083 -0.613459 1.031042 6.897316 
140675033482250 -0.472578 1.860483 6.689323 
140675053361417 -0.366584 1.840110 5.655352 
140675073240583 -0.891226 1.543700 4.367714 
140675093119750 -1.490570 1.453286 3.622429 
140675112998917 -1.783917 1.648229 3.181410 
140675132878083 -1.965012 2.002696 2.726010 
140675152757250 -1.788045 2.277400 2.097903 
140675172636417 -1.119725 1.932122 1.489904 
140675192515583 -0.331164 1.149419 0.977379 
140675212394750 0.222374 0.410792 0.233026 
140675232273917 0.349939 0.132093 -0.694685 
140675252153083 0.169643 0.068976 -1.635712 
140675272032250 0.167912 -0.031958 -2.278333 
140675291911417 0.474708 -0.186821 -2.624810 
140675311790583 0.741557 -0.474309 -3.055842 
140675331670636 0.895487 -0.657135 -3.554385 
140675351550844 1.159539 -0.662461 -3.676358 
140675371431052 1.475257 -0.811198 -3.560377 
140675391311261 1.689908 -1.502421 -3.805388 
140675411191469 1.874198 -2.378334 -4.656534 
140675431071677 1.759549 -2.490320 -5.534843 
140675450872979 1.203082 -2.258492 -5.628054 
140675470553917 0.817723 -2.159156 -5.274786 
140675490294386 0.865127 -1.799230 -5.018857 
140675510111261 1.124652 -1.067794 -4.845618 
140675530008240 1.110138 -0.418382 -4.220708 
140675549976833 0.720251 -0.434628 -3.030409 
140675569997563 0.469914 -0.362456 -1.888579 
140675590044802 0.431165 0.166048 -1.113067 
140675610002354 0.320511 0.928377 -0.330498 
140675629881521 -0.112518 1.234641 0.801877 
140675649760688 -0.622513 0.920121 2.019207 
140675669639854 -0.820519 0.485627 3.099385 
140675689519021 -0.585362 0.295478 4.003394 
140675709398188 -0.474575 0.300005 5.063598 
140675729277354 -0.738095 0.564323 6.526737 
140675749156521 -0.574177 0.932772 7.421692 
140675769035688 -0.116780 1.510810 7.686143 
140675788914854 -0.026498 1.989646 7.588539 
140675808794021 -0.664591 2.359692 7.438070 
140675828673188 -1.248622 1.823332 6.924214 
140675848552354 -1.274721 0.981108 5.811013 
140675868431521 -1.262737 0.800945 4.263185 
140675888310688 -1.505883 1.608681 3.063166 
140675908189854 -1.761147 2.523610 2.627872 
140675928069177 -1.610279 2.594982 2.573277 
140675947950636 -1.023852 1.631584 2.108556 
140675967839177 -0.209457 0.407730 1.105477 
140675987721469 0.295211 -0.151267 -0.191881 
140676007601156 0.219045 0.118377 -1.349290 
140676027480323 0.105861 0.372709 -2.227200 
140676047359490 0.456599 0.166980 -2.959435 
140676067238656 1.015862 -0.397743 -3.569565 
140676087117823 1.375655 -0.908404 -4.206593 
140676106996990 1.524659 -1.085104 -4.787028 
140676126876156 1.631984 -1.188435 -4.960001 
140676146755323 1.615339 -1.824530 -5.194492 
140676166634490 1.452487 -2.915493 -6.159354 
140676186513656 1.390169 -3.487140 -7.747530 
140676206392823 1.148620 -2.264218 -8.687358 
140676226271990 0.685497 -1.042094 -8.356594 
140676246151156 0.572979 -1.018925 -7.474955 
140676266030323 0.820519 -1.834517 -6.542316 
140676285909490 0.781238 -2.417616 -5.311005 
140676305788656 0.725311 -2.260223 -4.150134 
140676325667823 0.609730 -1.295094 -2.572878 
140676345547511 0.321310 -0.329166 -0.787896 
140676365427719 0.068044 0.478703 0.350339 
140676385307927 0.149137 0.986301 1.298956 
140676405188136 0.444215 1.139699 3.009237 
140676425068344 0.718920 1.104146 4.789558 
140676444948552 0.825446 1.049950 5.822331 
140676464829802 0.728640 1.021055 6.531664 
140676484711052 0.325039 1.164466 7.576954 
140676504592302 0.362190 1.117728 8.391215 
140676524473552 1.010136 0.802676 8.867920 
140676544354802 1.231045 0.947419 8.985498 
140676564236052 0.703473 1.526922 8.137150 
140676584117302 -0.662328 1.871002 6.759098 
140676603998552 -1.191098 1.610013 5.677456 
140676623878917 -0.886299 1.491902 4.578237 
140676643758240 -0.583631 1.830123 3.727357 
140676663637406 -0.523044 2.159289 3.363037 
140676683516573 -0.404268 2.026531 3.040928 
140676703395740 -0.132226 1.652224 2.468615 
140676723274906 0.101200 1.603488 1.539839 
140676743154073 0.168445 1.612676 0.191215 
140676763033240 0.346344 1.102015 -1.205346 
140676782912406 0.647281 0.450607 -2.248771 
140676802791573 0.791757 -0.017444 -2.910034 
140676822670740 0.660730 -0.315984 -3.379416 
140676842549906 0.542352 -0.751544 -3.940011 
140676862429073 0.700810 -1.129845 -4.329897 
140676882308240 1.079245 -1.429451 -4.358792 
140676902187406 1.339702 -1.579386 -4.416716 
140676922066573 1.275920 -2.034387 -4.768919 
140676941945740 1.255813 -2.448642 -5.876527 
140676961828448 0.840626 -1.954226 -7.226615 
140676981711781 0.457930 -1.643435 -7.426885 
140677001595115 0.518650 -2.126666 -6.487189 
140677021476261 0.907072 -2.803508 -5.426054 
140677041356261 0.994157 -2.698180 -4.879839 
140677061235427 0.564323 -1.702824 -4.685695 
140677081114594 0.258060 -1.187902 -4.219909 
140677100993761 0.153398 -0.988698 -3.486874 
140677120872927 -0.027830 -0.222507 -1.928660 
140677140752094 -0.231695 0.863130 0.086686 
140677160631261 -0.322908 1.516270 1.521596 
140677180510427 -0.292015 1.389903 2.669551 
140677200389594 -0.289885 0.806005 3.843471 
140677220268761 -0.409461 0.400539 5.303016 
140677240147927 -0.419847 0.334093 7.090261 
140677260027094 0.110921 0.266982 8.570712 
140677279906261 0.949416 0.313188 9.144623 
140677299785427 1.341167 0.864861 7.991608 
140677319664594 0.809467 1.623329 6.319543 
140677339543761 0.105062 2.174603 5.530582 
140677359422927 -0.394014 2.579669 5.069989 
140677379302094 -0.677241 2.728007 4.264650 
140677399181261 -0.828642 2.622280 3.296059 
140677419061156 -0.874049 2.277800 2.584729 
140677438941365 -0.848616 1.805755 2.183258 
140677458823031 -0.580835 1.501622 1.844637 
140677478705323 -0.217181 1.218928 1.386840 
140677498587615 0.114116 0.580036 0.547679 
140677518469906 0.242614 0.070707 -0.563524 
140677538352094 0.238220 -0.184823 -1.536643 
140677558232302 0.302668 -0.324373 -2.107358 
140677578111938 0.400672 -0.368049 -2.516952 
140677597991104 0.416252 -0.354866 -3.083938 
140677617870271 0.584963 -0.409993 -3.727624 
140677637749438 0.641821 -0.774314 -4.441483 
140677657628604 0.664059 -1.360874 -5.223121 
140677677507771 1.208542 -2.163550 -6.186252 
140677697386938 1.096023 -2.444913 -7.462039 
140677717266104 0.070707 -1.771001 -7.306643 
140677737145271 -0.705471 -1.080044 -5.442565 
140677757024438 -0.517186 -1.208142 -3.735880 
140677776903604 0.176035 -1.295760 -3.349189 
140677796782771 0.819321 -0.869122 -3.764908 
140677816661938 0.810666 -0.763528 -3.292597 
140677836541104 0.674711 -0.639691 -2.040779 
140677856420271 0.498543 -0.441685 -1.195892 
140677876299438 0.238885 -0.224371 -0.491087 
140677896178604 0.109323 0.370179 0.708533 
140677916057771 0.200669 0.929709 1.682318 
140677935936938 0.217713 1.099618 2.385791 
140677955824698 -0.060587 1.298556 3.182741 
140677975708448 -0.721183 1.694968 4.620448 
140677995588240 -0.929576 1.445296 5.920203 
140678015467406 -0.024767 0.620383 6.597044 
140678035346573 1.027580 0.328634 7.078943 
140678055225740 1.387905 1.019990 6.659762 
140678075104906 0.903077 1.804690 5.407545 
140678094984073 -0.029694 1.581251 4.731502 
140678114863240 -0.307861 1.223588 4.318179 
140678134742406 -0.304799 1.283509 3.631084 
140678154621573 -0.360991 1.577655 2.788727 
140678174500740 -0.449674 1.616538 2.187386 
140678194379906 -0.380299 1.533580 1.642237 
140678214259073 -0.082558 1.325321 0.894955 
140678234138240 0.142745 0.974184 -0.303334 
140678254017406 0.005459 0.502272 -1.513340 
140678273896573 -0.117712 0.095208 -2.281662 
140678293775740 0.023436 -0.295744 -2.676342 
140678313654906 0.194011 -0.639158 -3.081009 
140678333534073 0.144743 -0.910534 -3.714175 
140678353413240 0.079096 -0.946886 -4.366383 
140678373292406 0.011585 -1.117861 -4.656933 
140678393171573 -0.105861 -1.804290 -4.832702 
140678413051677 -0.076166 -2.570082 -5.171722 
140678432931886 -0.157260 -2.693120 -6.030058 
140678452812094 -0.459661 -2.371943 -6.328065 
140678472692302 -0.288021 -2.563024 -5.838843 
140678492572511 0.060720 -2.088849 -5.205277 
140678512452719 0.170842 -0.137020 -4.540820 
140678532332927 0.317981 0.734632 -3.504185 
140678552213136 0.707468 -0.565256 -2.344379 
140678572093344 0.916127 -1.619334 -1.474724 
140678591973552 0.619717 -1.246225 -0.477105 
140678611853761 0.388688 -0.326237 0.804807 
140678631733969 0.674578 0.358062 2.298972 
140678651614177 1.263136 1.054078 3.679953 
140678671494386 1.380182 1.999633 4.552670 
140678691374594 0.625976 2.577272 5.009136 
140678711254802 -0.826378 2.690723 5.572527 
140678731135011 -1.491902 1.778458 6.236053 
140678751015219 -1.118527 0.683233 6.115279 
140678770895427 -0.454734 0.990562 5.452019 
140678790775636 -0.146341 1.460876 4.027229 
140678810655844 -1.059405 2.219077 2.479002 
140678830536052 -1.790176 2.298573 2.145041 
140678850416261 -1.186571 1.824530 2.079528 
140678870296469 -0.413189 1.742771 1.472860 
140678890176677 -0.006125 1.782985 1.012400 
140678910056886 0.123437 1.552355 1.028113 
140678929937094 0.148471 0.749147 0.853276 
140678949818552 0.528637 0.072438 0.217846 
140678969694594 1.112002 -0.169910 -0.707735 
140678989570636 1.175652 -0.277634 -1.596431 
140679009446677 0.700011 -0.638892 -2.292048 
140679029323448 0.373774 -1.180978 -2.885400 
140679049202302 0.416918 -1.470996 -3.495529 
140679069083136 0.562992 -1.442101 -4.113515 
140679088964386 0.929576 -1.675660 -4.341881 
140679108845636 1.522262 -2.788461 -4.432961 
140679128726886 1.926396 -3.765973 -4.780104 
140679148608136 1.607083 -3.456115 -5.513804 
140679168489386 0.594817 -2.139183 -5.853224 
140679188370636 0.053663 -1.137835 -4.921784 
140679208251886 0.626508 -0.659798 -3.495796 
140679228133031 1.300554 -0.237687 -2.514422 
140679248012615 1.086569 0.244478 -2.002163 
140679267891781 0.258726 0.551274 -1.463406 
140679287770948 -0.175635 0.222906 -0.413455 
140679307652302 -0.195343 0.086420 0.525841 
140679327531469 -0.361524 0.536893 1.394696 
140679347410636 -0.789094 0.933570 2.484328 
140679367289802 -0.895487 0.865660 3.500856 
140679387168969 -0.443017 0.757003 4.151465 
140679407048136 -0.148737 1.054611 4.542151 
140679426927302 -0.854741 1.518134 5.294227 
140679446806469 -1.399623 1.107741 6.244309 
140679466685636 -0.690823 0.758601 6.474805 
140679486564802 -0.087751 1.047554 6.072402 
140679506443969 -0.177100 1.226784 4.758533 
140679526323136 -1.015196 1.784583 3.230945 
140679546202302 -1.256079 1.978594 1.905890 
140679566081469 -0.934369 2.102697 0.845819 
140679585960636 -0.741690 2.253565 0.506799 
140679605839802 -0.658999 1.901096 0.667521 
140679625718969 -0.531700 1.110804 0.692821 
140679645598136 -0.154064 0.348341 0.229831 
140679665477302 0.308261 0.038616 -0.561660 
140679685356469 0.374706 0.122772 -1.314802 
140679705235636 0.260324 -0.015047 -1.893772 
140679725114802 0.466585 -0.615190 -2.254897 
140679744993969 0.782969 -1.101882 -2.558630 
140679764873136 0.814128 -1.173255 -3.056108 
140679784752563 0.459661 -1.224521 -3.690739 
140679804634073 0.634631 -1.274322 -3.708848 
140679824519490 1.294695 -1.435043 -3.522427 
140679844404125 1.237037 -1.994573 -3.755054 
140679864283656 0.681369 -2.587126 -4.820451 
140679884162823 -0.155395 -2.045173 -5.730319 
140679904041990 -0.629837 -1.010536 -5.614872 
140679923921156 -0.131960 -0.861399 -4.982371 
140679943800323 0.667920 -0.741557 -4.456531 
140679963679490 0.926646 -0.474708 -3.936282 
140679983558656 0.677907 -0.508530 -2.986333 
140680003437823 0.418515 -0.445946 -1.858486 
140680023316990 0.250337 0.092545 -0.842091 
140680043196156 0.225703 0.707468 0.357396 
140680063075323 0.163252 0.983771 1.923999 
140680082954490 0.085354 0.803608 3.415368 
140680102833656 0.183758 0.334626 4.350270 
140680122712823 0.413189 0.266449 4.624975 
140680142591990 0.344746 0.779374 4.595814 
140680162471156 -0.601741 1.260473 5.537773 
140680182350323 -1.065130 0.984969 6.555633 
140680202229490 -0.760731 1.044891 6.667618 
140680222108656 -0.077631 1.361806 5.928325 
140680241987823 -0.400805 1.447827 4.413653 
140680261866990 -1.484312 1.333710 3.432013 
140680281748865 -1.805888 0.939829 2.862630 
140680301632198 -1.325321 0.980708 2.393514 
140680321515531 -0.806538 1.335441 1.966344 
140680341395948 -0.402803 1.455816 1.567802 
140680361275115 0.057657 1.169526 1.080310 
140680381154281 0.542486 0.692155 0.309992 
140680401033448 0.888030 0.277501 -0.774447 
140680420912615 1.044225 0.186954 -1.806421 
140680440791781 1.101216 0.058589 -2.421611 
140680460670948 1.038499 -0.311590 -2.636661 
140680480550115 0.797350 -0.799614 -2.842124 
140680500429281 0.473110 -1.216132 -3.324022 
140680520308448 0.147938 -1.407480 -4.024034 
140680540187615 0.181228 -1.207610 -4.201267 
140680560066781 0.710797 -1.309742 -3.924698 
140680579945948 0.865660 -2.116546 -3.922567 
140680599825115 0.385892 -2.441451 -4.897150 
140680619704281 -0.590955 -1.535578 -5.808350 
140680639583448 -0.935301 -0.472711 -5.363736 
140680659462615 -0.080294 -0.594950 -3.978227 
140680679341781 1.022786 -0.786165 -2.902178 
140680699220948 1.376454 -0.163917 -2.241048 
140680719100115 1.132642 0.592020 -1.419331 
140680738979281 0.751410 0.705737 -0.354600 
140680758858448 0.563924 0.361657 0.572979 
140680778737615 0.313054 0.309459 1.251418 
140680798616781 -0.163518 0.606401 1.838778 
140680818495948 -0.571381 0.809600 2.429067 
140680838375323 -0.784433 0.666322 3.044923 
140680858255531 -0.758601 0.498943 3.562641 
140680878135740 -0.570049 0.736230 3.912181 
140680898015948 -1.023053 1.287904 4.813394 
140680917896156 -1.752891 1.116529 6.214881 
140680937776365 -1.253150 0.360725 6.619681 
140680957656573 0.255397 0.192413 5.836579 
140680977536781 0.855673 0.768854 3.541735 
140680997416990 -0.855939 1.789643 2.040912 
140681017297198 -2.204430 2.141180 2.002696 
140681037177406 -2.030925 1.855556 1.868739 
140681057057615 -1.257144 1.597363 1.223322 
140681076937823 -0.746883 1.457680 0.696150 
140681096818031 -0.396811 1.149286 0.422777 
140681116698240 0.178565 0.883503 0.028229 
140681136578448 0.603871 0.814794 -0.619717 
140681156458656 0.663792 0.749679 -1.402553 
140681176338865 0.475108 0.364986 -2.050233 
140681196219073 0.386691 -0.262321 -2.452370 
140681216099281 0.398009 -0.693353 -2.595248 
140681235979490 0.432630 -0.982839 -2.662094 
140681255859698 0.274439 -1.053279 -2.869953 
140681275741990 -0.057391 -1.137968 -2.631201 
140681295616990 0.453270 -1.880190 -1.918673 
140681315491990 2.024267 -2.720284 -2.172073 
140681335367042 2.993124 -2.517884 -3.733749 
140681355243708 2.467151 -2.048236 -5.046154 
140681375122458 1.622929 -1.844504 -5.115529 
140681395003292 1.518001 -1.833984 -4.362654 
140681414885583 1.903626 -1.269661 -4.043075 
140681434767875 2.059820 0.097338 -4.119241 
140681454650167 2.040113 1.306146 -3.396859 
140681474532458 1.750228 2.082990 -1.173921 
140681494414698 1.243296 2.419080 0.957805 
140681514295323 1.035703 1.976197 1.668469 
140681534174490 0.946354 1.040097 1.893373 
140681554053656 0.553138 0.253932 2.549842 
140681573932823 -0.191881 -0.382563 3.251717 
140681593811990 -1.019724 -0.688560 3.652656 
140681613691156 -2.014014 -0.203066 3.706319 
140681633570323 -3.406314 0.486559 4.215382 
140681653449490 -4.298472 0.490687 4.796749 
140681673328656 -4.326968 -0.045141 5.103545 
140681693207823 -3.501122 0.208392 5.110469 
140681713086990 -2.009620 1.289502 4.457462 
140681732966156 -0.905607 2.120807 3.648395 
140681752845323 -0.736630 2.239051 2.979276 
140681772715740 -0.942359 1.894438 2.436258 
140681792433344 -1.180445 1.604553 2.077664 
140681812190219 -1.342898 1.368331 1.914945 
140681832002667 -1.160205 1.204147 1.984453 
140681851876261 -0.757402 1.206145 1.916809 
140681871806833 -0.376970 1.155545 1.358744 
140681891782302 0.149004 0.937033 0.328368 
140681911783813 0.819454 0.507065 -0.714392 
140681931760636 1.230246 0.047671 -1.334775 
140681951646261 1.167130 -0.269379 -1.636112 
140681971525427 0.864595 -0.441019 -2.079262 
140681991404594 0.771784 -0.636761 -2.771416 
140682011283761 1.182975 -0.275504 -2.865426 
140682031162927 1.569932 0.703607 -2.153297 
140682051042094 1.352618 0.864861 -2.332528 
140682070921261 1.271525 -0.233959 -4.537357 
140682090800427 1.312138 -1.327984 -6.633397 
140682110679594 1.439171 -2.041045 -6.539254 
140682130558761 1.915344 -2.582732 -5.080908 
140682150437927 2.250236 -2.410692 -3.944272 
140682170317094 2.042110 -1.200685 -3.573960 
140682190196261 1.554086 -0.101067 -3.293662 
140682210075427 1.278982 0.087485 -2.311356 
140682229954594 1.156743 -0.240350 -0.645417 
140682249833761 1.019324 -0.687761 0.820919 
140682269712927 0.691090 -0.772716 1.696033 
140682289593865 0.078430 -0.306663 2.411491 
140682309475115 -0.317315 -0.051532 3.207109 
140682329356365 -0.275504 -0.219178 3.779156 
140682349237406 -0.189750 -0.085621 4.294211 
140682369116886 -0.291882 -0.500807 5.659879 
140682388996052 0.349540 -1.001215 6.598376 
140682408875219 1.249821 -0.111054 6.772547 
140682428754386 1.660879 1.789243 5.853890 
140682448633552 0.848616 2.624810 4.440951 
140682468512719 -0.532765 2.256361 3.672363 
140682488391886 -1.016395 1.880723 2.914029 
140682508271052 -0.773515 1.936782 2.034787 
140682528150219 -0.294279 2.107757 1.479784 
140682548029386 0.126500 1.550358 1.267930 
140682567908552 0.320911 0.861532 1.022120 
140682587787719 0.221974 0.577506 0.520248 
140682607666886 -0.048336 0.466452 -0.301070 
140682627546052 -0.218113 0.039681 -1.190698 
140682647425219 -0.065780 -0.407863 -1.865143 
140682667304386 0.171374 -0.595349 -2.384593 
140682687183552 0.178032 -0.688826 -2.909235 
140682707062719 -0.149803 -0.677375 -3.501522 
140682726941886 -0.243413 -0.915994 -3.789675 
140682746821052 0.252334 -1.617203 -3.545863 
140682766700219 0.394414 -2.512291 -3.603920 
140682786580115 0.320245 -3.299388 -4.916192 
140682806460323 0.035021 -3.394729 -6.581864 
140682826340531 -0.375772 -3.231344 -6.626872 
140682846220740 -0.439821 -2.826011 -5.657748 
140682866100948 0.002397 -2.063016 -5.019256 
140682885981156 0.431432 -0.991627 -5.009535 
140682905861365 0.243013 0.380699 -4.781303 
140682925741573 -0.017177 0.556467 -3.889411 
140682945621781 0.340085 0.258060 -2.649044 
140682965501990 0.721849 0.702142 -1.296692 
140682985381625 0.536627 1.770335 0.215982 
140683005260792 0.072438 2.834533 1.593235 
140683025139958 -0.206395 2.902178 2.789260 
140683045019125 0.012916 1.501090 3.646397 
140683064898292 0.360192 0.285358 3.825229 
140683084777458 -0.403069 0.281496 4.252133 
140683104656625 -1.443565 0.279632 4.761063 
140683124535792 -1.453153 0.412790 4.975314 
140683144414958 -1.129845 1.013465 5.483977 
140683164294125 -0.951547 1.754356 5.390367 
140683184173292 -0.724512 2.219610 4.741222 
140683204052458 -0.538358 2.142778 4.382361 
140683223931625 -0.346610 1.500823 4.106192 
140683243810792 -0.156993 1.094425 3.494198 
140683263689958 -0.602806 1.313603 2.855040 
140683283569125 -1.461009 1.434511 2.442117 
140683303448292 -1.590439 1.004677 1.914678 
140683323327458 -0.699745 0.582566 1.059671 
140683343206625 0.217314 0.387223 -0.170975 
140683363085792 0.490687 0.293613 -1.532115 
140683382964958 0.153664 -0.058989 -2.743453 
140683402844125 -0.290151 -0.549410 -3.520829 
140683422723292 -0.549942 -0.955009 -3.922434 
140683442602458 -0.571381 -1.182310 -4.183024 
140683462481625 -0.271376 -1.451289 -4.107656 
140683482360792 0.318647 -1.498027 -3.819636 
140683502239958 0.603339 -1.142628 -3.612043 
140683522119125 0.375372 -0.830240 -3.684481 
140683541998292 0.183092 -1.128780 -4.483295 
140683561877458 0.014514 -0.981640 -5.356812 
140683581756625 0.173105 -0.798815 -5.117660 
140683601635792 0.881639 -1.239434 -4.406596 
140683621514958 1.128514 -1.178315 -4.494747 
140683641394125 0.433030 0.324106 -5.300752 
140683661273292 -0.347409 1.520797 -5.493298 
140683681152458 -0.571514 1.292032 -3.744934 
140683701031625 -0.772183 0.668586 -0.815859 
140683720910792 -0.517052 0.437957 1.521862 
140683740789958 0.062584 0.133025 3.308443 
140683760669125 0.488024 -0.133158 4.283026 
140683780552458 0.752342 -0.411724 4.587025 
140683800439698 0.860334 -0.550741 4.496212 
140683820319646 0.514789 -0.486160 4.606333 
140683840198813 -0.189084 -0.332229 5.651091 
140683860077979 -0.162320 0.268846 6.239649 
140683879957146 0.296543 0.990961 6.218743 
140683899836313 0.237953 0.962998 5.190098 
140683919715479 -0.284559 0.517319 4.378633 
140683939594646 -0.688560 0.887631 4.109921 
140683959473813 -1.221724 2.187253 3.621763 
140683979352979 -1.468865 2.967958 2.641188 
140683999232146 -1.052747 2.786597 1.895104 
140684019111313 -0.361524 1.979792 1.567402 
140684038990479 0.310524 1.088833 1.245559 
140684058869646 0.889229 0.538890 0.696017 
140684078748813 1.174320 0.113451 -0.158458 
140684098627979 1.012933 -0.355132 -1.154879 
140684118507146 0.782569 -0.865660 -1.984053 
140684138386313 0.627174 -1.224121 -2.625475 
140684158265479 0.365918 -1.387506 -3.176749 
140684178144646 0.088550 -1.405349 -3.701125 
140684198023813 0.099203 -1.356480 -3.981023 
140684217902979 0.422510 -1.549959 -4.143210 
140684237782146 0.616788 -1.923200 -4.620448 
140684257661313 0.326104 -1.996437 -5.879457 
140684277544073 -0.461659 -1.268330 -6.820883 
140684297425792 -0.931706 -0.210523 -6.541385 
140684317304958 -0.406132 0.163118 -5.413537 
140684337184125 0.574976 -0.023436 -4.385957 
140684357063292 1.212936 0.476173 -3.830289 
140684376942458 1.303217 0.891759 -3.080609 
140684396821625 0.859268 0.545282 -1.769536 
140684416700792 0.608266 -0.117046 -0.308128 
140684436579958 0.730105 -0.528637 0.774580 
140684456459125 0.788561 -0.545016 1.855556 
140684476338292 0.889229 -0.577639 2.861431 
140684496217458 1.123320 -0.676842 3.534278 
140684516096625 1.263802 -0.435293 3.847999 
140684535975792 0.817057 0.235423 4.369578 
140684555854958 0.155395 0.384960 5.333242 
140684575734125 0.242214 0.370712 5.866807 
140684595613292 0.687894 0.631568 6.004492 
140684615492458 0.847550 0.961667 5.311138 
140684635371625 0.587227 1.349822 4.602471 
140684655250792 0.344346 1.578454 4.255595 
140684675129958 0.123837 1.775528 3.620298 
140684695009125 -0.204397 2.164616 2.732002 
140684714888292 -0.683899 2.593651 2.047703 
140684734767458 -0.784833 2.630402 1.667670 
140684754646625 -0.369380 2.083789 1.292564 
140684774528292 0.407996 1.288836 0.526507 
140684794411104 1.117195 0.533697 -0.765525 
140684814290271 0.988165 -0.068044 -2.252100 
140684834169438 0.098537 -0.349140 -3.219493 
140684854048604 -0.856871 -0.368581 -3.428152 
140684873927771 -1.498959 -0.345012 -3.477553 
140684893806938 -1.801627 -0.485893 -3.757318 
140684913686104 -1.598828 -0.997886 -3.769169 
140684933565271 -0.911466 -1.895104 -3.449457 
140684953444438 -0.534230 -2.086585 -3.001380 
140684973323604 -0.557932 -1.641971 -2.708167 
140684993202771 -0.201867 -1.521330 -2.983138 
140685013081938 0.548344 -1.293763 -3.940543 
140685032961104 1.016927 -0.879242 -4.717387 
140685052840271 1.460343 -0.963531 -5.007005 
140685072719438 1.721999 -0.755272 -5.039496 
140685092598604 1.254481 0.165515 -4.681967 
140685112477771 0.790825 0.905607 -3.274887 
140685132356938 0.580436 0.949816 -1.269528 
140685152236104 0.423176 1.024251 0.356198 
140685172115271 0.163518 1.091496 1.684581 
140685191994438 -0.091080 0.737162 2.926412 
140685211873604 -0.422777 0.102265 3.765307 
140685231752771 -0.543950 -0.310524 4.142544 
140685251631938 -0.377103 -0.246742 4.302733 
140685271511104 -0.587360 -0.025167 5.169192 
140685291396156 -0.799747 -0.073237 6.179994 
140685311275479 -0.395879 -0.123437 6.694383 
140685331154646 0.398542 0.546081 6.855638 
140685351033813 0.906939 1.265400 6.175067 
140685370912979 0.245144 1.873799 5.275053 
140685390792146 -0.805472 1.620532 4.648145 
140685410671313 -1.240633 1.083906 3.757052 
140685430550479 -1.219727 1.030509 2.570348 
140685450429646 -1.019590 1.564206 1.584447 
140685470308813 -0.931174 1.825995 1.195892 
140685490187979 -0.476040 1.311073 0.990828 
140685510067146 0.391218 0.645417 0.448875 
140685529946313 0.904276 0.227567 -0.498943 
140685549825479 0.735298 0.034222 -1.551690 
140685569704646 0.439821 -0.192014 -2.393514 
140685589583813 0.331430 -0.448609 -2.913363 
140685609462979 0.281363 -0.716922 -3.239334 
140685629342146 0.098936 -0.937299 -3.537607 
140685649221313 0.074568 -0.927578 -3.468765 
140685669100479 0.421312 -1.049018 -2.990861 
140685688979646 0.639558 -1.532781 -2.786330 
140685708858813 0.782170 -2.092178 -3.524425 
140685728737979 0.807869 -1.915743 -4.695549 
140685748617146 0.514789 -1.162602 -4.873714 
140685768496313 0.651941 -0.970056 -4.278232 
140685788380427 1.270460 -1.227184 -3.885150 
140685808259594 1.602290 -1.061802 -3.878492 
140685828138761 1.212803 -0.226635 -3.799263 
140685848017927 0.764460 0.539023 -2.718686 
140685867897094 0.732768 0.528504 -1.192163 
140685887776261 0.736763 0.494149 -0.126234 
140685907655427 0.367915 0.713460 1.120125 
140685927534594 -0.077897 0.646082 2.555967 
140685947413761 -0.210390 0.032224 3.400987 
140685967292927 -0.155928 -0.479901 3.407379 
140685987172094 -0.714792 -0.402137 3.856121 
140686007051261 -1.124386 -0.121973 5.078112 
140686026930427 -0.487758 -0.200270 5.548293 
140686046809594 0.717056 -0.073237 5.067459 
140686066688761 1.412007 1.001880 4.146272 
140686086567927 1.276585 2.097238 3.200451 
140686106447094 0.828109 2.432396 2.391650 
140686126326261 0.337555 2.207626 1.602955 
140686146205427 -0.340618 2.432929 1.123187 
140686166084594 -1.202416 2.884867 1.160338 
140686185963761 -1.719735 2.685396 1.420795 
140686205842927 -1.525990 1.954892 1.515204 
140686225722094 -0.681103 1.058473 1.172855 
140686245601261 0.281363 0.464189 0.317182 
140686265480427 0.717189 0.180962 -0.773914 
140686285363500 0.538624 -0.117312 -1.634647 
140686305242667 0.150868 -0.586694 -2.125600 
140686325121833 -0.309859 -1.166331 -2.328267 
140686345001000 -0.476439 -1.613608 -2.138250 
140686364880167 -0.150202 -1.897634 -1.905890 
140686384759333 0.121041 -1.959819 -2.121872 
140686404638500 0.047005 -1.954093 -2.690323 
140686424517667 -0.274305 -1.560345 -3.929624 
140686444396833 -0.715990 -0.688959 -4.965726 
140686464276000 -0.590556 -0.438489 -5.122320 
140686484155167 0.142745 -1.304282 -5.088498 
140686504034333 0.916526 -2.586460 -5.096354 
140686523913500 1.161537 -3.291798 -4.576373 
140686543792667 0.991760 -3.285406 -3.372092 
140686563671833 0.786964 -2.987798 -1.802027 
140686583551000 0.622513 -2.641587 -0.557799 
140686603430167 0.413722 -1.854225 0.481499 
140686623309333 0.573511 -0.823848 1.853692 
140686643188500 1.012400 0.020373 3.049051 
140686663067667 1.428385 0.578571 3.746266 
140686682946833 1.533314 1.246625 3.904058 
140686702826000 1.427054 1.755954 4.799678 
140686722705167 1.994573 1.797499 5.678521 
140686742584333 2.691389 2.021338 5.910083 
140686762463500 2.610828 2.938397 5.297689 
140686782346261 1.531849 3.608048 4.343479 
140686802225740 0.141946 3.347192 3.680486 
140686822104906 -0.569783 2.651042 3.071688 
140686841984073 -0.728241 2.165947 2.185122 
140686861863240 -0.709865 1.690041 1.475790 
140686881742406 -0.537026 0.844221 1.458346 
140686901621573 -0.013848 0.115048 1.782586 
140686921500740 0.846086 0.072837 1.699095 
140686941379906 1.467667 0.595882 0.569783 
140686961259073 1.313470 0.473776 -1.225186 
140686981138240 0.682168 -0.231828 -2.713892 
140687001017406 0.156194 -0.580835 -3.234140 
140687020896573 -0.212387 -0.474175 -3.367032 
140687040775740 -0.564457 -0.527838 -3.814842 
140687060654906 -0.845686 -0.837963 -4.183956 
140687080534073 -0.682434 -1.349290 -3.946136 
140687100413240 -0.382829 -1.724795 -3.480483 
140687120292406 -0.366184 -1.663942 -3.264900 
140687140171573 -0.221841 -2.081791 -3.691139 
140687160050740 -0.367383 -2.212286 -4.636027 
140687179929906 -1.053812 -1.472594 -4.693951 
140687199809073 -1.371394 -1.083373 -4.007389 
140687219688240 -1.033173 -1.269128 -3.532681 
140687239567406 -0.575509 -1.059005 -3.487673 
140687259446573 -0.633299 -0.021172 -3.326685 
140687279328083 -0.663393 0.487891 -2.287254 
140687299207250 -0.217980 0.031825 -0.886166 
140687319086417 0.067777 -0.380699 0.196541 
140687338965583 0.080561 -0.287488 1.211604 
140687358844750 0.037284 0.103996 2.317082 
140687378723917 0.034887 0.254598 3.289667 
140687398603083 0.096007 0.148471 3.879291 
140687418482250 0.114383 0.043543 4.111518 
140687438361417 -0.003196 0.242481 4.448142 
140687458240583 0.211588 0.111853 5.231377 
140687478119750 1.138101 -0.084289 5.627921 
140687497998917 1.991111 0.542486 5.421793 
140687517878083 1.907488 1.738377 4.738426 
140687537757250 0.787496 2.459960 4.167711 
140687557636417 -0.348874 1.796301 3.994872 
140687577515583 -0.611062 0.679905 3.614839 
140687597394750 -0.379633 0.605203 2.603371 
140687617273917 -0.368581 1.689908 1.547429 
140687637153083 -0.563924 2.468615 1.165798 
140687657032250 -0.469914 2.014014 1.138367 
140687676911417 -0.204930 1.063799 0.834900 
140687696790583 -0.088284 0.447810 0.104529 
140687716669750 -0.258726 0.171507 -0.764193 
140687736548917 -0.486293 0.024901 -1.564206 
140687756428083 -0.441951 -0.107592 -2.133856 
140687776263969 -0.197340 -0.411591 -2.479401 
140687795987146 -0.027297 -0.802942 -2.700044 
140687815752302 -0.025167 -1.027447 -2.929075 
140687835573604 -0.179364 -1.221857 -3.188867 
140687855456261 -0.302269 -1.388571 -3.318829 
140687875395636 -0.057524 -1.509212 -3.070756 
140687895377875 0.213186 -1.590039 -2.719751 
140687915383448 0.198006 -1.832120 -2.797649 
140687935343083 0.127166 -2.492451 -3.886748 
140687955222250 0.046738 -2.745850 -5.933518 
140687975101417 -0.138218 -2.416284 -7.459375 
140687994980583 -0.369913 -2.440785 -7.174684 
140688014859750 0.228233 -2.438788 -5.823264 
140688034738917 0.769919 -1.525857 -4.701408 
140688054618083 0.347542 0.704006 -3.967042 
140688074497250 -0.332096 1.802826 -3.442799 
140688094376417 -0.103996 0.793888 -2.475673 
140688114255583 0.469914 -0.129962 -1.180978 
140688134134750 0.866592 0.041146 0.538624 
140688154013917 0.854075 0.655936 2.548377 
140688173893083 0.423043 0.940361 4.127231 
140688193772250 -0.106127 1.127981 4.915792 
140688213651417 -0.237154 1.159806 5.285971 
140688233530583 0.146873 1.268862 5.493165 
140688253409750 0.404667 1.551290 6.534594 
140688273289073 1.138234 1.148354 8.004125 
140688293169073 2.249837 0.851811 8.195872 
140688313048240 2.746516 1.569799 7.129676 
140688332927406 2.298306 1.873666 5.163200 
140688352806573 0.419714 1.241831 3.558114 
140688372685740 -0.951946 1.090564 2.342115 
140688392564906 -0.785099 1.840243 1.335441 
140688412444073 -0.109456 2.940128 0.953544 
140688432323240 0.090281 2.939462 0.917192 
140688452202406 -0.275504 1.850496 0.735431 
140688472081573 -0.365119 0.795619 0.360991 
140688491960740 -0.032757 0.346078 -0.231695 
140688511839906 0.125568 0.452604 -1.083240 
140688531719073 -0.074036 0.631568 -1.869671 
140688551598240 -0.007057 0.460194 -2.417350 
140688571477406 0.449541 0.071106 -2.764492 
140688591356573 0.861266 -0.329166 -3.113366 
140688611235740 0.832104 -0.563391 -3.625625 
140688631114906 0.692421 -0.766058 -3.961316 
140688650994073 1.098686 -1.319595 -3.826294 
140688670873240 1.470730 -2.191514 -3.776093 
140688690752406 1.538773 -3.316033 -4.575440 
140688710631573 0.984437 -3.621364 -6.404365 
140688730510740 -0.085621 -2.737328 -6.902908 
140688750389906 -0.344746 -1.965678 -5.962680 
140688770269073 0.158058 -1.945970 -4.960400 
140688790148396 0.372176 -1.359410 -4.623510 
140688810025479 0.031692 -0.089482 -4.467316 
140688829902563 -0.297874 0.195076 -3.524824 
140688849779646 -0.505068 0.168578 -1.865143 
140688869656729 -0.575775 0.057258 -0.172440 
140688889533813 -0.306929 -0.057791 1.195093 
140688909411156 0.047271 -0.035819 2.594716 
140688929290323 0.463922 0.077232 3.963047 
140688949170531 1.017194 0.210256 4.790757 
140688969050740 1.452886 0.640623 5.150416 
140688988930948 1.222656 1.442500 5.903292 
140689008811156 1.228515 1.416667 7.356045 
140689028691365 2.311090 0.774447 8.360456 
140689048571573 3.152648 0.311856 7.873497 
140689068451781 1.959952 0.491220 5.349088 
140689088331990 -0.097205 1.174986 2.962765 
140689108212198 -0.968458 2.324672 1.280846 
140689128092406 -0.923317 3.457313 0.305198 
140689147972615 -0.924249 4.207126 0.406664 
140689167852823 -1.045956 3.700859 1.039564 
140689187732250 -0.978445 2.357828 1.282444 
140689207611417 -0.664725 1.040896 1.103746 
140689227490583 -0.192680 0.300937 0.565522 
140689247369750 0.119443 0.319979 -0.266183 
140689267248917 0.115714 0.472178 -1.159406 
140689287127615 0.047671 0.216382 -1.829590 
140689307002615 0.080561 -0.337822 -2.228665 
140689326877615 0.064582 -0.926779 -2.586194 
140689346752719 -0.135555 -1.389636 -3.075816 
140689366629490 -0.215716 -1.630785 -3.188201 
140689386508344 -0.128764 -1.768471 -2.879008 
140689406389281 -0.010519 -1.808152 -2.586061 
140689426271573 0.360725 -2.282194 -2.997386 
140689446153865 0.399607 -2.415086 -4.049200 
140689466036156 -0.055660 -1.660080 -4.490486 
140689485918344 -0.260990 -1.094292 -4.104594 
140689505798344 0.178432 -1.300021 -3.707118 
140689525677511 0.825047 -1.409344 -3.764908 
140689545556677 1.211338 -0.461659 -4.065445 
140689565435844 0.946886 1.425190 -4.097137 
140689585315011 0.377370 2.729871 -2.928277 
140689605194177 -0.296010 3.102580 -1.339436 
140689625073344 -0.723580 2.034920 -0.058723 
140689644952511 -0.985502 1.055543 0.949816 
140689664831677 -0.877777 0.419181 2.071006 
140689684710844 -0.438622 -0.186821 3.202715 
140689704590011 0.002264 -0.558598 3.729887 
140689724469177 -0.096939 -0.288021 3.694068 
140689744348344 -1.233442 0.273773 4.534295 
140689764227511 -1.499492 0.378568 5.627522 
140689784106365 -0.523044 0.289885 6.416349 
140689803984490 0.378968 0.970322 6.481596 
140689823862615 -0.016245 1.813745 5.667868 
140689843740740 -0.780172 1.633049 5.114996 
140689863618865 -1.352086 0.697082 4.298472 
140689883496990 -1.786314 0.649811 2.868222 
140689903375115 -1.759150 1.628255 1.679921 
140689923253240 -1.211338 2.474607 1.319196 
140689943131365 -0.364320 2.310557 1.150751 
140689963009490 0.449674 1.629587 0.581501 
140689982887615 0.935568 0.580036 -0.356331 
140690002765740 0.943824 -0.421978 -1.459145 
140690022643865 0.609064 -0.970588 -2.398175 
140690042522458 0.297874 -1.292032 -3.189266 
140690062401625 -0.003462 -1.466202 -3.913246 
140690082280792 -0.039148 -1.325454 -4.085419 
140690102159958 0.289885 -1.262071 -3.785148 
140690122039125 0.735431 -1.549426 -3.716705 
140690141918292 0.969124 -2.090447 -4.562923 
140690161797458 0.723713 -2.224271 -5.466400 
140690181676625 0.290018 -2.009487 -5.286770 
140690201555792 0.378834 -2.166347 -4.476371 
140690221434958 1.023186 -2.637992 -4.009786 
140690241314125 1.581783 -2.464354 -4.146406 
140690261193292 1.194027 -1.302817 -4.035884 
140690281017927 0.521180 0.350339 -2.876212 
140690300792198 0.305065 1.220659 -1.130378 
140690320600948 0.450207 1.131709 0.610396 
140690340452094 0.638226 0.871785 2.152232 
140690360346365 0.575642 0.596947 3.408444 
140690380277719 0.356064 0.277235 4.175700 
140690400235219 0.304665 0.199337 4.365850 
140690420204490 -0.121973 1.372992 4.492350 
140690440117094 -1.043293 3.399123 5.767470 
140690459996261 -1.251685 3.673961 6.539520 
140690479875427 -0.880440 3.159838 6.378932 
140690499754594 -0.645683 3.273688 5.631117 
140690519633761 -0.568584 2.991527 4.346808 
140690539512615 -0.915994 2.665689 3.307510 
140690559390740 -1.104545 2.150900 2.370478 
140690579268865 -0.904009 1.933054 1.653556 
140690599146990 -0.519449 2.007356 1.248622 
140690619025115 -0.190283 1.584580 0.991361 
140690638903240 -0.059655 0.653939 0.673912 
140690658781365 -0.010120 -0.136354 0.157260 
140690678659490 0.029961 -0.370579 -0.648213 
140690698537615 0.010386 -0.312788 -1.546763 
140690718415740 0.090814 -0.537292 -2.187119 
140690738293865 0.353401 -1.011867 -2.682334 
140690758171990 0.462458 -1.459677 -3.156642 
140690778037771 0.272707 -1.796700 -3.547461 
140690797879802 0.210256 -2.047437 -3.493932 
140690817732875 0.485361 -2.537591 -3.257576 
140690837600167 0.482698 -2.901379 -3.522427 
140690857482042 0.347675 -3.059570 -4.726175 
140690877377511 0.100534 -2.695250 -5.867339 
140690897282771 -0.298673 -1.872600 -5.824196 
140690917193500 -0.182693 -1.563408 -5.164798 
140690937094386 0.380166 -1.642370 -4.725909 
140690956973552 0.576441 -0.737562 -4.391283 
140690976852042 -0.010253 0.998152 -4.041078 
140690996730167 -0.875114 1.672464 -3.038531 
140691016608292 -0.950615 0.641555 -1.645699 
140691036486417 -0.217047 0.118644 -0.936633 
140691056364542 -0.172040 0.610796 -0.068177 
140691076242667 -0.808935 0.801611 1.283776 
140691096120792 -0.877910 0.305198 2.823348 
140691115998917 -0.361923 -0.323973 4.058255 
140691135877042 -0.125568 0.718654 4.841224 
140691155755167 -0.650210 2.126399 6.683331 
140691175633292 -0.404534 2.421611 8.119839 
140691195511417 0.649411 2.963164 6.966691 
140691215389542 0.563791 3.794868 5.980257 
140691235267823 -0.431565 3.982222 5.318062 
140691255146990 -1.700693 3.024949 4.652938 
140691275027094 -2.312820 1.587110 3.574093 
140691294912511 -2.124269 0.667255 1.972069 
140691314796365 -1.691372 1.263669 0.814128 
140691334675531 -1.393631 2.769686 1.055010 
140691354554698 -0.636761 2.485793 1.624927 
140691374433865 0.281230 1.149020 1.332512 
140691394312511 0.700544 0.707202 0.162852 
140691414190636 0.837031 1.145425 -0.826245 
140691434068761 1.208941 1.158874 -1.230779 
140691453946886 1.560744 0.279765 -1.538640 
140691473825011 1.801361 -0.814527 -2.024933 
140691493703136 1.744769 -1.724529 -2.594716 
140691513581261 1.325987 -2.134123 -2.984203 
140691533459386 1.286572 -2.113483 -2.615089 
140691553337511 1.732385 -2.599243 -2.163550 
140691573215636 1.802826 -2.873282 -2.778873 
140691593093761 1.275786 -2.485526 -3.695000 
140691612971886 0.788295 -1.991644 -3.770900 
140691632850011 0.753541 -2.084721 -3.413504 
140691652728136 0.734499 -2.561693 -3.237336 
140691672606781 0.466319 -2.454501 -3.085403 
140691692485948 0.470713 -1.675127 -2.586061 
140691712365115 0.668719 -0.579903 -1.483779 
140691732244281 0.774713 -0.617720 -0.395612 
140691752123448 0.587759 -0.740758 0.071106 
140691772002615 0.333694 -0.403602 0.459928 
140691791892146 0.291882 -0.286689 1.007739 
140691811772563 0.066579 -0.472578 1.393098 
140691831651729 -0.128231 -0.164983 1.838778 
140691851530896 -0.302801 0.272841 2.250103 
140691871409177 -0.966061 0.830373 2.871418 
140691891287302 -1.768071 0.162586 4.207658 
140691911165427 -1.068859 -0.793222 5.190098 
140691931043552 0.505068 -0.958338 5.321658 
140691950921677 1.264867 0.533830 4.503003 
140691970799802 0.447810 2.485393 4.005924 
140691990677927 -0.669119 3.615904 4.145340 
140692010556052 -1.268596 3.514704 3.993407 
140692030434177 -1.442234 2.992193 3.010834 
140692050312302 -1.488573 2.624277 1.858486 
140692070190427 -1.802027 2.835066 1.531183 
140692090068552 -2.104961 3.756386 1.837313 
140692109946677 -1.747432 4.501138 1.834917 
140692129824802 -0.315584 4.188484 1.184041 
140692149703292 1.175652 2.852376 0.050600 
140692169582458 1.573261 0.774713 -1.070989 
140692189461625 1.095490 -1.296160 -1.905224 
140692209340792 0.379367 -2.585927 -2.368214 
140692229219958 -0.166314 -3.154645 -3.006973 
140692249099125 -0.232893 -3.487274 -3.558913 
140692268978292 0.209324 -3.790075 -3.535876 
140692288860115 0.254199 -3.814177 -3.790341 
140692308742406 -0.334093 -2.469681 -4.379698 
140692328624698 -0.482698 -0.544483 -4.362654 
140692348506156 0.382829 0.378435 -3.780887 
140692368384281 1.522794 0.130095 -3.394463 
140692388262406 2.137718 -0.535295 -3.526555 
140692408140531 2.072071 -1.084838 -3.931355 
140692428018656 1.607483 -1.411874 -4.335224 
140692447896781 1.261272 -1.593768 -4.577571 
140692467774906 1.213202 -1.831055 -4.726175 
140692487653031 1.293363 -2.125068 -4.771982 
140692507531156 1.194294 -2.364752 -4.675575 
140692527409281 0.880440 -2.269411 -4.337887 
140692547287406 0.560196 -1.915610 -3.843338 
140692567165531 0.318913 -1.438372 -3.287271 
140692587043656 0.063783 -0.885634 -2.643052 
140692606921781 -0.260990 -0.519849 -1.952096 
140692626799906 -0.635030 -0.274172 -1.184440 
140692646678761 -0.880041 -0.046206 -0.362589 
140692666557927 -0.927312 0.202933 0.533564 
140692686437094 -0.892291 0.468183 1.613209 
140692706316261 -0.834101 0.752476 2.630003 
140692726195427 -0.640490 1.012400 3.263835 
140692746074594 -0.301203 1.169926 3.471028 
140692765953761 0.005326 1.219461 3.580884 
140692785843188 0.074169 1.324788 3.890476 
140692805722719 -0.093077 1.521063 4.403134 
140692825600844 -0.289352 1.671798 4.936298 
140692845478969 -0.444215 1.964213 5.210205 
140692865357094 -0.746084 2.309891 5.122853 
140692885235219 -1.120524 2.396710 4.822182 
140692905113344 -1.186970 2.132525 4.496078 
140692924991469 -0.797217 1.476589 4.178497 
140692944869594 -0.445813 1.080577 3.935883 
140692964747719 -0.448077 0.911999 3.697397 
140692984625844 -0.676176 0.873383 3.473958 
140693004503969 -0.916793 0.860200 3.310040 
140693024382094 -1.027979 0.693886 3.220558 
140693044260219 -0.934769 0.395080 3.185405 
140693064138344 -0.639691 0.080161 3.109371 
140693084016469 -0.454468 0.044208 2.707767 
140693103895167 -0.571248 0.349273 2.083523 
140693123774333 -0.862065 0.606135 1.517734 
140693143653500 -0.880840 0.541553 0.985103 
140693163532667 -0.557532 0.302801 0.433030 
140693183411833 -0.031159 -0.089216 0.017710 
140693203291000 0.717455 -0.799081 -0.282561 
140693223170167 1.303883 -1.489105 -0.831438 
140693243049333 1.327185 -1.811614 -1.701226 
140693262928500 0.896419 -1.778058 -2.513223 
140693282815688 0.493483 -1.646631 -2.978078 
140693302697354 0.267514 -1.553421 -3.183807 
140693322576521 0.235157 -1.380449 -3.407912 
140693342454750 0.379500 -1.145558 -3.828824 
140693362332875 0.618119 -0.958870 -4.314052 
140693382211000 0.846618 -1.001081 -4.676774 
140693402089125 0.987100 -1.241165 -4.890892 
140693421967250 1.041695 -1.447693 -5.000880 
140693441845375 0.999617 -1.553687 -5.065329 
140693461723500 0.948484 -1.697231 -5.103279 
140693481601625 0.861798 -1.988581 -5.081974 
140693501479750 0.666722 -2.182326 -4.819652 
140693521357875 0.255663 -1.840642 -4.377435 
140693541236000 -0.171108 -1.186038 -3.875296 
140693561114125 -0.504402 -0.657268 -3.341466 
140693580992250 -0.753807 -0.427038 -2.828408 
140693600870375 -0.952079 -0.322775 -2.313886 
140693620748500 -1.047421 -0.243413 -1.719735 
140693640627563 -0.951414 -0.074036 -1.016927 
140693660506729 -0.737162 0.032224 -0.295478 
140693680385896 -0.659665 0.177766 0.435826 
140693700265063 -0.873783 0.448343 1.338637 
140693720144229 -1.154879 0.690823 2.224004 
140693740023396 -1.101483 0.779240 2.875147 
140693759902563 -0.617187 0.744087 3.187935 
140693779783813 0.031825 0.716789 3.287670 
140693799668188 0.359526 0.784433 3.574625 
140693819550219 0.407463 0.886033 4.070239 
140693839429386 0.335159 0.954609 4.652539 
140693859308292 0.284026 1.019058 5.075582 
140693879186417 0.333028 1.054744 5.260139 
140693899064542 0.403469 1.042893 5.290366 
140693918942667 0.357529 0.972985 5.217927 
140693938820792 0.152066 0.899748 5.092626 
140693958698917 -0.200270 0.950881 4.881171 
140693978577042 -0.645017 0.858869 4.512856 
140693998455167 -1.033173 0.649944 4.158257 
140694018333292 -1.238369 0.555402 3.900463 
140694038211417 -1.217064 0.588425 3.652656 
140694058089542 -1.058473 0.763128 3.390068 
140694077967667 -0.941027 0.928377 3.059970 
140694097845792 -0.768188 0.614524 2.703240 
140694117723917 -0.414920 0.016645 2.288852 
140694137602042 -0.132093 -0.253133 1.645699 
140694157480167 -0.095341 -0.157126 0.713593 
140694177359073 -0.242747 0.163385 -0.372975 
140694197238240 -0.266183 0.486959 -1.217596 
140694217117406 0.036352 0.525574 -1.645965 
140694236996573 0.527439 0.124370 -1.921070 
140694256875740 0.915195 -0.540754 -2.375005 
140694276757250 0.972586 -1.098154 -2.941326 
140694296644854 0.747149 -1.343164 -3.421760 
140694316524021 0.478303 -1.282711 -3.704987 
140694336402563 0.210789 -1.073519 -3.852526 
140694356280688 0.090547 -0.820919 -3.993807 
140694376158813 0.156993 -0.661662 -4.294078 
140694396036938 0.332895 -0.578039 -4.700210 
140694415915063 0.499609 -0.580036 -5.067459 
140694435793188 0.645150 -0.739426 -5.330446 
140694455671313 0.678440 -0.904675 -5.372125 
140694475549438 0.574976 -1.011202 -5.239233 
140694495427563 0.481765 -1.021987 -4.960667 
140694515305688 0.477904 -1.097088 -4.557597 
140694535183813 0.472178 -1.158075 -4.087816 
140694555061938 0.403069 -1.129313 -3.606716 
140694574940063 0.278833 -0.988831 -3.137601 
140694594818188 0.157260 -0.850879 -2.670616 
140694614696313 0.000666 -0.544217 -2.236921 
140694634574438 -0.155129 -0.203599 -1.792572 
140694654453188 -0.257661 -0.004128 -1.254481 
140694674332354 -0.298940 0.197473 -0.606801 
140694694211521 -0.236888 0.321976 0.052198 
140694714090688 -0.129563 0.481632 0.822916 
140694733969854 -0.114383 0.694286 1.826261 
140694753849021 -0.134623 0.738361 2.825079 
140694773729021 0.006392 0.679771 3.428152 
140694793616521 0.288420 0.674445 3.593667 
140694813497146 0.523178 0.730638 3.515769 
140694833375323 0.441419 0.886299 3.424157 
140694853253448 0.035420 1.104812 3.383144 
140694873131573 -0.496812 1.354083 3.439204 
140694893009698 -0.983904 1.500291 3.593400 
140694912887823 -1.258742 1.536909 3.829490 
140694932765948 -1.312804 1.454751 4.072769 
140694952644073 -1.202283 1.343697 4.234290 
140694972522198 -1.085371 1.177782 4.211786 
140694992400323 -1.128381 1.002014 4.058122 
140695012278448 -1.362339 0.946487 3.913646 
140695032156573 -1.526656 0.958870 3.794735 
140695052034698 -1.598561 0.940095 3.662243 
140695071912823 -1.557149 0.861133 3.578221 
140695091790948 -1.375522 0.688027 3.559046 
140695111669073 -1.098154 0.473110 3.514571 
140695131547198 -0.776710 0.273373 3.292597 
140695151425792 -0.462591 0.078164 2.873682 
140695171304958 -0.262454 -0.120242 2.320144 
140695191184125 -0.291882 -0.248340 1.683782 
140695211063292 -0.512658 -0.138751 0.972453 
140695230942458 -0.663792 0.151267 0.205596 
140695250821625 -0.443682 0.307195 -0.522645 
140695270700792 0.148871 0.103331 -1.132775 
140695290590844 0.802010 -0.498943 -1.732918 
140695310469333 1.189234 -1.120657 -2.371011 
140695330347458 1.279382 -1.511875 -2.985135 
140695350225583 1.130911 -1.775661 -3.493665 
140695370103708 0.862464 -1.864211 -3.841873 
140695389981833 0.629438 -1.855822 -4.104061 
140695409859958 0.547945 -1.765275 -4.387688 
140695429738083 0.575109 -1.639174 -4.670649 
140695449616208 0.666722 -1.480450 -4.888095 
140695469494333 0.763927 -1.363537 -4.973583 
140695489372458 0.806005 -1.329582 -4.930839 
140695509250583 0.809068 -1.304149 -4.808334 
140695529128708 0.798149 -1.346893 -4.630568 
140695549006833 0.765791 -1.465137 -4.408993 
140695568884958 0.588159 -1.764210 -4.157324 
140695588763083 0.187753 -2.043309 -3.808584 
140695608641208 -0.482698 -2.167545 -3.367298 
140695628519333 -1.142628 -1.912281 -2.963697 
140695648398136 -1.446495 -1.465403 -2.653971 
140695668277302 -1.350621 -0.921187 -2.378068 
140695688156469 -0.966327 -0.285757 -2.019607 
140695708035636 -0.639691 0.382563 -1.526922 
140695727914802 -0.436092 0.973917 -0.943158 
140695747793969 -0.178032 1.388172 -0.260590 
140695767673136 0.223572 1.543168 0.608266 
140695787552302 0.524243 1.472727 1.623196 
140695807431469 0.679372 1.300421 2.394846 
140695827310636 0.829175 1.145558 2.672214 
140695847189802 1.043026 0.927711 2.665423 
140695867068969 1.127848 0.723314 2.728939 
140695886948136 0.963398 0.678307 3.020955 
140695906827302 0.691356 0.752742 3.428152 
140695926706469 0.470847 0.893224 3.785015 
140695946585636 0.322375 1.223722 4.042010 
140695966464802 0.151534 1.601358 4.170374 
140695986343969 0.007191 1.869538 4.186087 
140696006223136 -0.114516 1.937981 4.148403 
140696026102302 -0.374041 1.907221 4.179029 
140696045981469 -0.733967 1.622663 4.167311 
140696065860636 -1.010536 1.218528 4.077430 
140696085739802 -1.083506 0.939429 3.932687 
140696105618969 -0.972719 0.718254 3.748530 
140696125498136 -0.761530 0.601208 3.455981 
140696145377302 -0.521580 0.630370 3.061435 
140696165256469 -0.343414 0.748880 2.520547 
140696185135636 -0.261123 0.917858 1.785781 
140696205014802 -0.223173 1.055809 0.991627 
140696224893969 -0.254598 1.062334 0.371910 
140696244773136 -0.327702 0.968591 -0.087485 
140696264652302 -0.281762 0.818522 -0.415320 
140696284532875 0.000666 0.566720 -0.702675 
140696304413188 0.415985 0.067911 -1.038499 
140696324292354 0.759267 -0.694818 -1.459012 
140696344170688 0.804274 -1.531716 -1.864877 
140696364048813 0.548078 -2.147838 -2.110953 
140696383926938 0.274305 -2.460493 -2.271542 
140696403805063 0.142612 -2.482730 -2.551173 
140696423683188 0.090681 -2.235855 -3.025349 
140696443561313 0.068576 -1.872467 -3.619499 
140696463439438 0.043143 -1.578987 -4.160121 
140696483317563 0.008655 -1.416135 -4.486890 
140696503195688 -0.015713 -1.407746 -4.588756 
140696523073813 -0.001065 -1.379516 -4.492483 
140696542951938 0.008123 -1.278450 -4.238817 
140696562830063 -0.052065 -1.104678 -3.955058 
140696582708188 -0.114516 -1.015329 -3.728955 
140696602586313 -0.152732 -1.029311 -3.499258 
140696622464438 -0.141547 -1.110005 -3.165564 
140696642342563 -0.143811 -1.198821 -2.742388 
140696662220688 -0.201734 -1.162868 -2.381929 
140696682099125 -0.351138 -0.924649 -2.114815 
140696701978292 -0.525175 -0.515987 -1.827327 
140696721857458 -0.624644 0.010786 -1.462607 
140696741736625 -0.634764 0.549410 -1.041295 
140696761615792 -0.558198 0.986567 -0.515721 
140696781498396 -0.436092 1.220659 0.280963 
140696801384698 -0.300005 1.345295 1.285374 
140696821263188 -0.232893 1.339968 2.164483 
140696841141313 -0.054595 1.237437 2.700843 
140696861019438 0.192680 1.046622 2.815359 
140696880897563 0.331830 0.873250 2.722148 
140696900775688 0.292681 0.823582 2.752109 
140696920653813 0.146341 0.874182 3.004709 
140696940531938 0.070574 0.984304 3.360774 
140696960410063 0.024501 1.106409 3.668235 
140696980288188 0.013449 1.202283 3.817505 
140697000166313 0.028496 1.202683 3.828291 
140697020044438 0.047005 1.133307 3.765174 
140697039922563 -0.028096 1.063000 3.681152 
140697059800688 -0.234092 1.034904 3.613241 
140697079678813 -0.510794 1.044358 3.569033 
140697099556938 -0.718920 1.090697 3.536276 
140697119435063 -0.801078 1.102015 3.453452 
140697139313188 -0.833169 1.131709 3.299255 
140697159191313 -0.816791 1.199487 3.052912 
140697179070115 -0.809600 1.238768 2.687927 
140697198949281 -0.690024 1.230379 2.274205 
140697218828448 -0.485494 1.100817 1.847966 
140697238707615 -0.314386 0.870320 1.386041 
140697258586781 -0.278966 0.642487 0.890560 
140697278466573 -0.348208 0.600942 0.352336 
140697298349906 -0.409194 0.701343 -0.237953 
140697318233240 -0.164184 0.764859 -0.752476 
140697338113136 0.317315 0.477638 -1.119193 
140697357991833 0.771118 -0.212920 -1.462740 
140697377869958 0.991627 -1.015596 -1.871668 
140697397748083 0.847417 -1.607616 -2.285523 
140697417626208 0.529969 -1.965012 -2.609230 
140697437504333 0.268846 -2.041711 -2.807103 
140697457382458 0.126367 -1.936516 -2.988730 
140697477260583 0.074968 -1.724129 -3.286472 
140697497138708 0.059788 -1.438639 -3.681019 
140697517016833 0.094542 -1.215199 -4.073834 
140697536894958 0.149004 -1.080976 -4.319111 
140697556773083 0.190416 -1.008672 -4.395144 
140697576651208 0.229831 -1.028645 -4.330163 
140697596529333 0.251535 -1.139699 -4.176100 
140697616407458 0.227301 -1.252351 -3.952661 
140697636285583 0.200669 -1.347425 -3.650792 
140697656163708 0.215583 -1.460610 -3.283942 
140697676041833 0.200669 -1.423991 -2.933470 
140697695919958 0.090015 -1.226784 -2.588324 
140697715798083 -0.045407 -0.899216 -2.181127 
140697735677198 -0.145808 -0.642354 -1.772599 
140697755556365 -0.175502 -0.409328 -1.386307 
140697775435531 -0.200403 -0.146074 -0.948484 
140697795319646 -0.170309 0.140082 -0.429301 
140697815204021 -0.070707 0.404667 0.098936 
140697835083396 -0.017044 0.659531 0.681769 
140697854961521 0.044608 0.866858 1.414404 
140697874839646 0.111986 0.936367 2.003361 
140697894717771 0.149403 0.946886 2.269944 
140697914595896 0.119310 0.884036 2.271542 
140697934474021 0.065780 0.767922 2.216547 
140697954352146 -0.049268 0.682035 2.294178 
140697974230271 -0.250603 0.716390 2.558497 
140697994108396 -0.373908 0.773515 2.924548 
140698013986521 -0.335025 0.826778 3.256378 
140698033864646 -0.239285 0.935301 3.426554 
140698053742771 -0.246475 1.023585 3.395794 
140698073620896 -0.377902 1.173122 3.258375 
140698093499021 -0.570715 1.284042 3.159971 
140698113377146 -0.712395 1.210938 3.146656 
140698133255271 -0.760465 0.986967 3.163833 
140698153133396 -0.738627 0.691889 3.163567 
140698173011521 -0.654338 0.435160 3.128679 
140698192889646 -0.509596 0.284825 3.092860 
140698212768604 -0.336490 0.210256 3.051181 
140698232647771 -0.202400 0.221974 2.881938 
140698252526938 -0.170043 0.302269 2.467816 
140698272406104 -0.208925 0.484295 1.878992 
140698292224073 -0.249937 0.775112 1.256612 
140698312041938 -0.255131 1.013731 0.764193 
140698331884177 -0.203732 1.156077 0.400007 
140698351755063 -0.093077 1.170858 0.083490 
140698371653083 0.046872 1.073519 -0.289086 
140698391572771 0.226235 0.885367 -0.679905 
140698411505792 0.591754 0.395080 -0.903477 
140698431438813 1.060869 -0.492152 -1.025316 
140698451326729 1.170991 -1.360342 -1.254082 
140698471205219 0.910135 -1.799230 -1.772466 
140698491083344 0.637161 -1.934918 -2.454234 
140698510961469 0.419980 -1.814677 -3.106708 
140698530839594 0.296543 -1.588175 -3.689141 
140698550717719 0.380965 -1.304282 -4.245874 
140698570595844 0.567786 -1.011068 -4.724710 
140698590473969 0.730238 -0.889761 -4.994622 
140698610352094 0.826778 -0.963664 -5.051480 
140698630230219 0.857804 -1.062201 -4.945620 
140698650108344 0.783501 -1.100151 -4.709664 
140698669986469 0.604670 -1.180712 -4.459460 
140698689864594 0.357529 -1.272857 -4.156659 
140698709742719 0.046206 -1.176450 -3.780621 
140698729620844 -0.215716 -1.027180 -3.410308 
140698749498969 -0.385226 -0.884968 -3.039597 
140698769377094 -0.508530 -0.679505 -2.677540 
140698789262667 -0.521047 -0.432630 -2.348374 
140698809144438 -0.407064 -0.210656 -1.974866 
140698829022563 -0.255131 -0.055261 -1.420795 
140698848900688 -0.191348 0.110255 -0.740358 
140698868778813 -0.215316 0.303068 -0.083890 
140698888656938 -0.278300 0.491619 0.495214 
140698908535063 -0.323574 0.599610 1.194960 
140698928413188 -0.275637 0.574843 1.884318 
140698948291313 -0.152732 0.511593 2.406830 
140698968169438 0.036618 0.462724 2.684331 
140698988047563 0.199604 0.485494 2.714824 
140699007925688 0.279365 0.559530 2.799380 
140699027803813 0.298141 0.527305 3.042792 
140699047681938 0.329166 0.443815 3.362505 
140699067560063 0.357130 0.385492 3.684081 
140699087438188 0.333161 0.421978 3.836414 
140699107316313 0.252201 0.517452 3.841208 
140699127194438 0.139150 0.582566 3.806853 
140699147072563 -0.014647 0.567919 3.817505 
140699166950688 -0.201601 0.451006 3.864643 
140699186828813 -0.395479 0.293880 3.868105 
140699206707979 -0.487891 0.216914 3.772764 
140699226587146 -0.474175 0.184024 3.615771 
140699246466313 -0.469249 0.252867 3.414037 
140699266345479 -0.556600 0.437957 3.165165 
140699286233604 -0.636229 0.607067 2.869687 
140699306113500 -0.590023 0.647148 2.520281 
140699325991625 -0.379367 0.542619 2.126799 
140699345869750 -0.103331 0.369780 1.685513 
140699365747875 0.119176 0.253266 1.112668 
140699385626000 0.155262 0.339553 0.488557 
140699405504125 0.029961 0.482032 0.055527 
140699425382250 -0.099203 0.537958 -0.203599 
140699445260375 -0.034754 0.361391 -0.411325 
140699465138500 0.240350 -0.124103 -0.713993 
140699485016625 0.493617 -0.703207 -1.197889 
140699504894750 0.470713 -1.102814 -1.759682 
140699524772875 0.245144 -1.322125 -2.227067 
140699544651000 0.076433 -1.445030 -2.639857 
140699564529125 0.066579 -1.527854 -3.033072 
140699584407250 0.101866 -1.474991 -3.399390 
140699604285375 0.113717 -1.340235 -3.682616 
140699624163500 0.140881 -1.249687 -3.851061 
140699644041625 0.189883 -1.260873 -3.966642 
140699663919750 0.199337 -1.291898 -4.041211 
140699683797875 0.155928 -1.244095 -4.001929 
140699703676938 0.058057 -1.158474 -3.868372 
140699723556104 -0.019441 -1.078979 -3.661577 
140699743435271 -0.062584 -1.082840 -3.460376 
140699763314438 -0.045407 -1.132775 -3.241464 
140699783125167 0.017976 -1.299222 -3.012299 
140699802853865 0.106127 -1.486176 -2.781004 
140699822628292 0.109323 -1.536376 -2.566486 
140699842461625 0.060853 -1.467401 -2.294045 
140699862356313 0.021039 -1.311206 -1.956623 
140699882304854 0.024767 -1.056076 -1.616005 
140699902292406 -0.030360 -0.626109 -1.320661 
140699922299594 -0.196009 -0.057924 -1.125584 
140699942234229 -0.343414 0.503204 -0.996954 
140699962112719 -0.444348 0.979643 -0.554070 
140699981990844 -0.439421 1.241964 0.490288 
140700001868969 -0.322775 1.213468 1.534246 
140700021747094 0.043942 1.188967 1.998701 
140700041625219 0.539290 1.226651 2.117611 
140700061503344 0.877910 1.350088 2.232260 
140700081381469 0.951280 1.363937 2.566486 
140700101259594 0.854075 1.299089 3.074351 
140700121137719 0.575642 1.324256 3.557182 
140700141015844 0.261123 1.372459 3.846933 
140700160893969 0.054062 1.448359 3.914844 
140700180772094 -0.057924 1.420130 3.812579 
140700200650219 -0.200403 1.333044 3.677690 
140700220528344 -0.426505 1.178448 3.615904 
140700240406469 -0.566054 0.995622 3.578886 
140700260284594 -0.511193 0.822517 3.523759 
140700280141938 -0.314120 0.650343 3.470496 
140700299895063 -0.069109 0.632234 3.400721 
140700319681000 0.020906 0.783102 3.228548 
140700339511729 -0.060321 0.897618 2.898050 
140700359391417 -0.176168 0.886166 2.507764 
140700379316417 -0.300671 0.796285 2.100700 
140700399276313 -0.407064 0.629171 1.657284 
140700419254958 -0.456332 0.508797 1.172988 
140700439202875 -0.318114 0.420113 0.677774 
140700459081521 0.128764 0.059255 0.079229 
140700478959646 0.588958 -0.575242 -0.734632 
140700498837771 0.652607 -1.078713 -1.624793 
140700518715896 0.338488 -1.253948 -2.326669 
140700538594021 -0.005726 -1.264867 -2.851977 
140700558472146 -0.214517 -1.162469 -3.267563 
140700578350271 -0.279099 -0.967659 -3.577555 
140700598228396 -0.234225 -0.824647 -3.787012 
140700618106521 -0.129563 -0.775379 -3.909384 
140700637984646 0.034754 -0.836232 -3.987814 
140700657862771 0.200935 -0.966594 -4.057589 
140700677740896 0.253533 -1.115065 -4.068375 
140700697619021 0.185755 -1.171923 -3.991143 
140700717497146 0.055793 -1.153681 -3.849197 
140700737375271 -0.041279 -1.107475 -3.685013 
140700757253396 -0.018642 -1.169926 -3.498725 
140700777131521 0.069775 -1.303750 -3.268362 
140700796849125 0.110122 -1.442766 -2.982605 
140700816604750 0.053796 -1.439571 -2.578337 
140700836414229 -0.117978 -1.214401 -2.111486 
140700856284698 -0.345545 -0.836765 -1.658349 
140700876212511 -0.625842 -0.227034 -1.238768 
140700896185896 -0.918257 0.672581 -0.872850 
140700916186208 -1.045423 1.281645 -0.356863 
140700936164542 -0.966460 1.463273 0.475108 
140700956050219 -0.747149 1.341433 1.518134 
140700975928344 -0.408395 1.070190 2.509628 
140700995806469 -0.041945 0.890560 3.151449 
140701015684594 0.313321 0.846485 3.240665 
140701035562719 0.568052 0.962732 3.041194 
140701055440844 0.581767 1.129446 2.918956 
140701075318969 0.451938 1.268596 3.018425 
140701095136208 0.356597 1.332112 3.269161 
140701114860688 0.307462 1.331446 3.478352 
140701134630479 0.250736 1.337971 3.521096 
140701154458604 0.084023 1.329849 3.420695 
140701174347823 -0.106793 1.233975 3.300586 
140701194291729 -0.353002 1.154213 3.254514 
140701214277198 -0.594284 1.055010 3.250119 
140701234284177 -0.733301 0.847018 3.175684 
140701254231469 -0.784167 0.563125 2.962631 
140701274109750 -0.681902 0.341284 2.751842 
140701293987875 -0.481632 0.244744 2.580335 
140701313866000 -0.358062 0.339020 2.389786 
140701333744125 -0.332629 0.505201 2.081925 
140701353622250 -0.318647 0.607467 1.710680 
140701373500375 -0.270976 0.655670 1.317864 
140701393378500 -0.261123 0.622780 0.901746 
140701413256625 -0.332096 0.533830 0.543284 
140701433134750 -0.386957 0.504669 0.192813 
140701453012875 -0.288553 0.446212 -0.176967 
140701472891000 0.021438 0.228765 -0.622647 
140701492769125 0.543684 -0.209591 -1.203215 
140701512647250 0.960868 -0.825579 -1.845037 
140701532525375 1.037700 -1.397759 -2.392982 
140701552403500 0.892158 -1.793771 -2.820552 
140701572281625 0.602806 -1.862880 -3.101648 
140701592159750 0.245543 -1.664341 -3.271957 
140701612037875 0.015313 -1.405482 -3.422293 
140701631916000 0.009721 -1.239168 -3.573161 
140701651794125 0.215849 -1.328384 -3.669966 
140701671672250 0.482032 -1.565804 -3.693935 
140701691551261 0.585229 -1.678190 -3.610578 
140701711430427 0.519582 -1.663010 -3.527487 
140701731309594 0.430633 -1.608548 -3.451055 
140701751188761 0.375106 -1.636378 -3.381014 
140701771067927 0.305331 -1.635180 -3.252250 
140701790947094 0.203199 -1.477920 -2.996720 
140701810826261 0.103464 -1.175652 -2.680203 
140701830705427 -0.041279 -0.815992 -2.343580 
140701850584594 -0.206528 -0.496147 -1.956090 
140701870463761 -0.336756 -0.392550 -1.508546 
140701890342927 -0.337822 -0.420912 -1.044225 
140701910222094 -0.313454 -0.320112 -0.608132 
140701930101261 -0.314519 0.004927 -0.181228 
140701949980427 -0.398941 0.496413 0.316650 
140701969859594 -0.489755 0.901746 0.927445 
140701989738761 -0.429967 1.088566 1.552489 
140702009617927 -0.137419 1.076049 1.917075 
140702029497094 0.190016 1.095224 1.986317 
140702049376261 0.361391 1.290434 1.942109 
140702069255427 0.208792 1.539572 1.963414 
140702089134594 -0.102665 1.668869 2.151699 
140702109013761 -0.288021 1.511742 2.464354 
140702128892927 -0.324905 1.264867 2.758101 
140702148772094 -0.261123 1.085770 2.956240 
140702168651261 -0.167113 1.028778 3.061301 
140702188530427 -0.120108 1.102015 3.133739 
140702208409594 -0.107858 1.150085 3.147055 
140702228288761 -0.172173 1.125717 3.078079 
140702248167927 -0.325039 1.114665 2.953976 
140702268047094 -0.409993 0.960069 2.718420 
140702287925375 -0.455267 0.714925 2.462224 
140702307803500 -0.516786 0.590422 2.321742 
140702327681625 -0.590689 0.678706 2.296975 
140702347559750 -0.616521 0.763128 2.283659 
140702367437875 -0.590955 0.736363 2.131193 
140702387316000 -0.503870 0.617320 1.844903 
140702407194125 -0.365252 0.520248 1.493899 
140702427072250 -0.285358 0.433163 1.106409 
140702446950375 -0.338887 0.445813 0.687361 
140702466828500 -0.473377 0.645150 0.262055 
140702486706625 -0.423842 0.807470 -0.102931 
140702506584750 -0.087485 0.655403 -0.407463 
140702526462875 0.322908 0.107991 -0.811331 
140702546341000 0.571514 -0.588425 -1.362206 
140702566219125 0.554337 -1.032507 -1.860350 
140702586097250 0.351138 -1.186571 -2.188717 
140702605975375 0.182160 -1.166996 -2.327068 
140702625853500 0.117312 -1.083773 -2.375005 
140702645731625 0.119310 -0.945022 -2.438788 
140702665610115 0.198272 -0.905341 -2.564755 
140702685489281 0.381364 -0.995888 -2.665023 
140702705368448 0.598545 -1.152615 -2.716822 
140702725247615 0.743687 -1.338770 -2.735730 
140702745126781 0.721583 -1.409743 -2.720550 
140702765005948 0.578971 -1.302152 -2.685130 
140702784885115 0.436758 -1.177649 -2.653572 
140702804764281 0.337289 -1.137302 -2.592452 
140702824643060 0.240350 -1.095624 -2.452770 
140702844522227 0.128764 -1.067527 -2.246375 
140702864401393 0.059522 -1.080177 -1.956357 
140702884280560 -0.011185 -0.957539 -1.609880 
140702904159727 -0.117046 -0.757935 -1.316799 
140702924038893 -0.239152 -0.487491 -1.074718 
140702943918060 -0.345145 -0.173372 -0.844221 
140702963797227 -0.392283 0.205596 -0.526107 
140702983676393 -0.346743 0.548211 -0.145941 
140703003555560 -0.257261 0.782836 0.356863 
140703023434727 -0.200003 0.925315 0.922385 
140703043313893 -0.150468 0.930375 1.313736 
140703063193060 -0.072305 0.826645 1.432380 
140703083072227 -0.058456 0.703473 1.313603 
140703102951393 -0.142878 0.717721 1.210539 
140703122830560 -0.274572 0.912265 1.341566 
140703142709727 -0.315451 1.076183 1.536110 
140703162588893 -0.209591 1.092162 1.696566 
140703182468060 -0.137286 1.108007 1.813611 
140703202347227 -0.123970 1.186837 1.903892 
140703222226393 -0.131294 1.219194 1.964080 
140703242105560 -0.188285 1.136104 1.988714 
140703261984727 -0.338754 0.984570 1.967542 
140703281863893 -0.573245 0.928777 1.910684 
140703301743060 -0.726377 0.843023 1.845303 
140703321622227 -0.751410 0.632234 1.805755 
140703341501393 -0.714126 0.515454 1.791640 
140703361380560 -0.577772 0.505068 1.732518 
140703381259727 -0.404667 0.495214 1.613075 
140703401138893 -0.252068 0.441152 1.487774 
140703421018060 -0.159656 0.312389 1.405216 
140703440897227 -0.062451 0.120242 1.326386 
140703460776029 -0.034088 -0.071106 1.174187 
140703480654154 -0.125568 -0.127033 0.955009 
140703500532279 -0.342349 -0.082957 0.733833 
140703520410404 -0.561660 -0.083623 0.471645 
140703540288529 -0.660330 -0.305997 0.026099 
140703560166654 -0.602806 -0.768721 -0.541154 
140703580044779 -0.514522 -1.107342 -1.273922 
140703599922904 -0.429701 -1.131310 -1.918540 
140703619801029 -0.273240 -0.966594 -2.318147 
140703639679154 -0.016112 -0.809600 -2.494581 
140703659557279 0.209990 -0.652341 -2.563158 
140703679435404 0.313853 -0.529436 -2.640522 
140703699313529 0.347942 -0.447810 -2.749046 
140703719191654 0.398275 -0.508797 -2.850512 
140703739069779 0.510927 -0.715458 -2.965295 
140703758947904 0.666855 -0.962732 -3.082607 
140703778826029 0.785099 -1.133574 -3.160504 
140703798705039 0.791091 -1.137435 -3.206577 
140703818584206 0.686962 -1.125451 -3.208308 
140703838463373 0.545948 -1.127848 -3.147987 
140703858342539 0.423043 -1.183242 -3.003910 
140703878221706 0.275903 -1.167263 -2.776610 
140703898100873 0.108391 -1.015995 -2.487257 
140703917980039 -0.042477 -0.755272 -2.100167 
140703937859206 -0.106926 -0.557666 -1.652091 
140703957738373 -0.135288 -0.379367 -1.180445 
140703977617539 -0.204664 -0.233825 -0.752875 
140703997496706 -0.258193 -0.122772 -0.370312 
140704017375873 -0.332629 0.067378 0.007856 
140704037255039 -0.404933 0.410526 0.459928 
140704057134206 -0.463390 0.796418 1.078713 
140704077013373 -0.536094 1.046888 1.727059 
140704096892539 -0.560861 1.160738 2.173138 
140704116771706 -0.483497 1.155944 2.351836 
140704136650873 -0.315185 1.036768 2.305630 
140704156530039 -0.212920 1.000149 2.294977 
140704176409206 -0.263253 1.033705 2.532265 
140704196288373 -0.263653 0.973252 2.889794 
140704216167539 -0.151667 0.888963 3.233874 
140704236046706 -0.047404 0.933704 3.439337 
140704255925873 -0.079362 1.015329 3.426554 
140704275805039 -0.211588 1.059138 3.276485 
140704295684206 -0.325438 0.985103 3.078479 
140704315563373 -0.386291 0.784167 2.852510 
140704335442539 -0.398542 0.575375 2.642919 
140704355321706 -0.372709 0.445813 2.439321 
140704375200873 -0.377769 0.463523 2.194576 
140704395080039 -0.396811 0.585496 1.980192 
140704414959206 -0.455267 0.723048 1.825329 
140704434838373 -0.506932 0.765658 1.643569 
140704454717539 -0.438489 0.688826 1.424124 
140704474596706 -0.241682 0.481233 1.177516 
140704494475873 -0.046339 0.238486 0.924249 
140704514355039 -0.048469 0.107725 0.663526 
140704534234206 -0.244079 0.139683 0.391218 
140704554113373 -0.468849 0.360459 0.119709 
140704573992539 -0.501606 0.540754 -0.096806 
140704593871706 -0.263120 0.404933 -0.342749 
140704613750873 0.221175 -0.060720 -0.724779 
140704633630039 0.669918 -0.659265 -1.280314 
140704653509206 0.828242 -1.116663 -1.785781 
140704673388373 0.766724 -1.384177 -2.088449 
140704693267539 0.692288 -1.519066 -2.215748 
140704713146706 0.605336 -1.487507 -2.279265 
140704733025873 0.534629 -1.324522 -2.483529 
140704752905039 0.505068 -1.169260 -2.798448 
140704772784206 0.552472 -1.104412 -3.136269 
140704792663373 0.645683 -1.155412 -3.362638 
140704812542539 0.705870 -1.276452 -3.464370 
140704832421706 0.698813 -1.307212 -3.461175 
140704852299987 0.627973 -1.242896 -3.386873 
140704872178112 0.510394 -1.205213 -3.295926 
140704892056237 0.401738 -1.219860 -3.138799 
140704911934362 0.324639 -1.245027 -2.905906 
140704931812487 0.194011 -1.137835 -2.650509 
140704951690612 0.000666 -0.847550 -2.370078 
140704971568737 -0.190815 -0.566454 -2.010153 
140704991446862 -0.291749 -0.422244 -1.568068 
140705011324987 -0.231295 -0.338354 -1.186704 
140705031203112 -0.144476 -0.113983 -0.884036 
140705051081237 -0.182027 0.185090 -0.538491 
140705070959362 -0.319579 0.492019 0.007324 
140705090837487 -0.495614 0.711064 0.882038 
140705110715612 -0.588026 0.780172 1.831854 
140705130593737 -0.540621 0.813062 2.399773 
140705150472227 -0.424508 0.848216 2.527871 
140705170351393 -0.245810 0.922918 2.345178 
140705190230560 -0.078297 0.978045 2.217613 
140705210109727 -0.003329 0.985103 2.380065 
140705229988893 0.016911 0.919855 2.721216 
140705249868060 -0.012384 0.924516 3.130543 
140705269747227 -0.067511 0.962998 3.443598 
140705289626393 -0.093876 1.024650 3.545464 
140705309505560 -0.112785 1.076848 3.474890 
140705329384727 -0.180695 1.110404 3.335607 
140705349263893 -0.323441 1.080044 3.142661 
140705369143060 -0.476705 0.979909 2.934135 
140705389022227 -0.620516 0.929842 2.737328 
140705408901393 -0.770186 1.093493 2.578071 
140705428780560 -0.836232 1.246891 2.431864 
140705448659727 -0.799614 1.244627 2.254497 
140705468538893 -0.684698 1.115731 2.102165 
140705488418060 -0.535561 0.891359 1.935584 
140705508297227 -0.352336 0.630503 1.731320 
140705528176393 -0.152732 0.403335 1.491635 
140705548055560 -0.043942 0.266449 1.227849 
140705567934727 -0.108923 0.247940 0.952213 
140705587813893 -0.298940 0.352469 0.642221 
140705607693060 -0.404134 0.437424 0.311723 
140705627572227 -0.237421 0.287222 0.012916 
140705647451393 0.126900 -0.123437 -0.332629 
140705667330560 0.517851 -0.739293 -0.822916 
140705687209727 0.759666 -1.257277 -1.417466 
140705707088893 0.709599 -1.570598 -1.956223 
140705726968060 0.487891 -1.629853 -2.355697 
140705746847227 0.214251 -1.441967 -2.668752 
140705766726393 0.018642 -1.188701 -2.998051 
140705786605560 -0.026365 -0.966594 -3.377951 
140705806484727 0.060587 -0.833569 -3.740940 
140705826363893 0.234358 -0.834101 -4.044673 
140705846243060 0.437957 -1.033705 -4.262519 
140705866122227 0.583631 -1.240499 -4.334957 
140705886001393 0.638093 -1.280580 -4.257726 
140705905880560 0.627840 -1.199886 -4.054127 
140705925759727 0.608399 -1.142362 -3.741472 
140705945638893 0.552472 -1.147955 -3.404849 
140705965518060 0.448343 -1.145292 -3.057839 
140705985397227 0.293613 -1.093893 -2.676741 
140706005276393 0.100534 -0.910135 -2.320277 
140706025155560 -0.101999 -0.683899 -2.010286 
140706045034727 -0.259125 -0.490154 -1.677391 
140706064913893 -0.296543 -0.475773 -1.278450 
140706084793060 -0.236755 -0.520115 -0.807470 
140706104672227 -0.242081 -0.355931 -0.274305 
140706124551393 -0.389886 0.085487 0.229831 
140706144430560 -0.594284 0.572446 0.685497 
140706164309727 -0.664325 0.922518 1.262071 
140706184188893 -0.619983 1.125851 1.825596 
140706204068060 -0.534895 1.135038 2.306562 
140706223947227 -0.404401 1.012400 2.581134 
140706243826393 -0.226502 0.943690 2.615489 
140706263705560 -0.072837 0.936367 2.656102 
140706283584362 0.029428 0.952213 2.790325 
140706303462487 0.103064 0.982173 2.972751 
140706323340612 0.157126 1.035836 3.127614 
140706343218737 0.161787 1.068193 3.198853 
140706363096862 0.129696 1.082441 3.198454 
140706382974987 0.049002 1.039564 3.172355 
140706402853112 -0.132226 0.984969 3.102314 
140706422731237 -0.402270 0.883104 2.979010 
140706442609362 -0.647281 0.758201 2.824680 
140706462487487 -0.763661 0.619451 2.565022 
140706482365612 -0.820386 0.474309 2.127731 
140706502243737 -0.879908 0.445680 1.663010 
140706522121862 -0.855806 0.516120 1.379250 
140706541999987 -0.757402 0.591754 1.314402 
140706561878112 -0.593884 0.641156 1.304549 
140706581756237 -0.375505 0.707202 1.231445 
140706601634727 -0.152865 0.707069 1.036368 
140706621513893 -0.051932 0.662860 0.751410 
140706641393060 -0.172573 0.603072 0.461925 
140706661272227 -0.399341 0.595616 0.235157 
140706681151393 -0.456865 0.472444 0.047271 
140706701030560 -0.183891 0.064182 -0.197740 
140706720909727 0.256729 -0.609997 -0.595349 
140706740788893 0.548877 -1.200685 -1.091496 
140706760668060 0.619184 -1.515204 -1.524925 
140706780547227 0.663926 -1.624793 -1.848366 
140706800426393 0.691889 -1.521330 -2.118410 
140706820305560 0.579637 -1.304682 -2.427603 
140706840184727 0.424641 -1.026515 -2.815625 
140706860063893 0.333161 -0.877378 -3.206311 
140706879943060 0.423842 -0.908537 -3.559712 
140706899822227 0.673912 -1.125185 -3.846534 
140706919701393 0.851945 -1.317731 -4.029626 
140706939580560 0.820386 -1.355947 -4.067576 
140706959459727 0.657800 -1.342365 -4.018441 
140706979338893 0.497478 -1.363937 -3.872633 
140706999218060 0.371378 -1.336773 -3.609380 
140707019097227 0.265650 -1.392300 -3.265832 
140707038976393 0.195742 -1.398425 -2.858768 
140707058855560 0.064049 -1.214800 -2.453968 
140707078734727 -0.133291 -0.875780 -2.084321 
140707098613893 -0.343681 -0.519050 -1.733317 
140707118493060 -0.498011 -0.183359 -1.375655 
140707138372227 -0.510927 0.085354 -1.027180 
140707158251393 -0.372576 0.246342 -0.540355 
140707178130560 -0.090681 0.228233 0.128497 
140707198009727 0.160455 0.293214 0.944623 
140707217888893 0.286955 0.470713 1.718270 
140707237768060 0.247274 0.751277 2.228931 
140707257647227 0.077098 1.012267 2.480600 
140707277526393 -0.084955 1.093360 2.526406 
140707297405560 -0.158058 1.031974 2.620282 
140707317284727 -0.151933 0.870986 2.895253 
140707337163893 -0.071905 0.743953 3.200451 
140707357043060 0.029961 0.749013 3.470363 
140707376922227 0.092944 0.900281 3.642935 
140707396801393 0.048869 1.078579 3.708582 
140707416680560 -0.089482 1.253682 3.662643 
140707436559727 -0.307329 1.294428 3.557847 
140707456438893 -0.540621 1.238768 3.446527 
140707476318060 -0.697881 1.125851 3.332011 
140707496197227 -0.731037 0.986168 3.246790 
140707516076393 -0.676309 0.890427 3.138400 
140707535955560 -0.599877 0.807869 2.915760 
140707555834727 -0.513457 0.741024 2.614823 
140707575713008 -0.426771 0.769120 2.298040 
140707595591133 -0.358062 0.786564 1.957422 
140707615469258 -0.249405 0.733567 1.636378 
140707635347383 -0.119176 0.655004 1.376587 
140707655225508 -0.034488 0.551274 1.119326 
140707675103633 -0.057125 0.437024 0.817057 
140707694981758 -0.170043 0.328234 0.408262 
140707714859883 -0.189351 0.282694 0.003329 
140707734738008 0.035819 0.064315 -0.339153 
140707754616133 0.346477 -0.416252 -0.747948 
140707774494258 0.456066 -0.913197 -1.294695 
140707794372383 0.359793 -1.143694 -1.852627 
140707814250508 0.297608 -1.218928 -2.356230 
140707834128633 0.332229 -1.257277 -2.801910 
140707854006758 0.324373 -1.201751 -3.153580 
140707873884883 0.258060 -1.119459 -3.407113 
140707893763008 0.224371 -1.124386 -3.593667 
140707913642018 0.318248 -1.219061 -3.763177 
140707933521185 0.500807 -1.317864 -3.912314 
140707953400352 0.608665 -1.382579 -4.032423 
140707973279518 0.581767 -1.349822 -4.074234 
140707993158685 0.467384 -1.271525 -4.020571 
140708013037852 0.305997 -1.285507 -3.873698 
140708032917018 0.183092 -1.375921 -3.639606 
140708052796185 0.097072 -1.476855 -3.352252 
140708072675352 0.019974 -1.513740 -2.993790 
140708092554518 -0.103331 -1.353284 -2.605635 
140708112433685 -0.253799 -1.081243 -2.224537 
140708132312852 -0.428236 -0.727708 -1.876994 
140708152192018 -0.582433 -0.299472 -1.583781 
140708172071185 -0.634364 0.115847 -1.250220 
140708191950352 -0.592287 0.414121 -0.829974 
140708211829518 -0.487891 0.701609 -0.285890 
140708231708685 -0.351936 0.900015 0.398542 
140708251587852 -0.236622 1.038099 1.220126 
140708271467018 -0.163118 1.080444 1.878459 
140708291346185 0.002264 1.095624 2.191780 
140708311225352 0.204264 1.091762 2.220942 
140708331104518 0.277102 1.118527 2.318813 
140708350983685 0.211055 1.119725 2.615489 
140708370862852 0.188818 1.007207 3.001114 
140708390742018 0.172972 0.960868 3.381946 
140708410621185 0.160455 1.067794 3.634280 
140708430500352 0.128897 1.197490 3.747997 
140708450379518 0.073636 1.296426 3.704587 
140708470258685 -0.030360 1.321326 3.583148 
140708490137852 -0.188951 1.286972 3.475689 
140708510017018 -0.385359 1.216797 3.426021 
140708529896185 -0.500541 0.945155 3.342664 
140708549775352 -0.554070 0.646216 3.226950 
140708569654518 -0.528104 0.534762 3.101915 
140708589533685 -0.459528 0.550608 2.939196 
140708609412852 -0.414787 0.601608 2.745317 
140708629292018 -0.394680 0.622380 2.498842 
140708649170820 -0.342749 0.615323 2.198305 
140708669048945 -0.291216 0.587626 1.823066 
140708688927070 -0.339686 0.569517 1.391634 
140708708805195 -0.514389 0.623978 0.900680 
140708728683320 -0.700943 0.743421 0.379633 
140708748561445 -0.618519 0.738894 -0.134889 
140708768439570 -0.169776 0.452737 -0.604670 
140708788317695 0.342749 -0.241815 -1.121856 
140708808195820 0.582832 -1.008938 -1.668336 
140708828073945 0.495481 -1.488839 -2.172472 
140708847952070 0.339952 -1.648762 -2.603771 
140708867830195 0.218113 -1.533980 -2.936266 
140708887708320 0.143278 -1.343963 -3.244127 
140708907586445 0.145009 -1.182842 -3.628687 
140708927464570 0.242747 -1.094425 -4.038414 
140708947342695 0.386824 -1.157276 -4.397009 
140708967220820 0.544749 -1.344762 -4.624842 
140708987098945 0.608399 -1.483513 -4.716988 
140709006977070 0.604138 -1.435443 -4.636560 
140709026855195 0.500807 -1.331446 -4.431763 
140709046734206 0.365918 -1.254481 -4.109787 
140709066613373 0.217580 -1.257411 -3.711379 
140709086492539 0.093743 -1.328117 -3.331612 
140709106371706 -0.064049 -1.330115 -2.917491 
140709126250873 -0.300005 -1.117062 -2.518416 
140709146130039 -0.567386 -0.724912 -2.126932 
140709166009206 -0.760199 -0.275371 -1.773531 
140709185888373 -0.845020 0.157260 -1.432913 
140709205767539 -0.801611 0.460860 -0.962333 
140709225646706 -0.589224 0.514922 -0.333028 
140709245525873 -0.324639 0.563791 0.445680 
140709265405039 -0.211854 0.789227 1.361141 
140709285284206 -0.229431 0.956474 2.182326 
140709305163373 -0.209857 1.071655 2.626141 
140709325042539 -0.154330 1.160605 2.712561 
140709344921706 -0.106260 1.237703 2.696715 
140709364800873 -0.121307 1.212536 2.872350 
140709384680039 -0.139283 1.102415 3.188467 
140709404559206 -0.170176 1.052081 3.556782 
140709424438373 -0.237687 1.210805 3.906322 
140709444317539 -0.327835 1.378851 4.115247 
140709464196706 -0.458862 1.397093 4.148137 
140709484075873 -0.608931 1.353417 4.081957 
140709503955039 -0.747815 1.255413 4.004992 
140709523834206 -0.861399 1.128780 3.948267 
140709543713373 -0.914129 0.955009 3.877693 
140709563592539 -0.906806 0.754606 3.787145 
140709583471706 -0.927312 0.710131 3.662243 
140709603350873 -0.979377 0.812929 3.534012 
140709623229154 -0.977646 0.948085 3.421094 
140709643107279 -0.867524 1.041828 3.244660 
140709662985404 -0.656602 1.029577 2.970754 
140709682863529 -0.437690 1.021055 2.619617 
140709702741654 -0.268047 0.947685 2.104562 
140709722619779 -0.174304 0.715058 1.422926 
140709742497904 -0.107725 0.424108 0.690424 
140709762376029 0.092012 0.197074 0.082425 
140709782254154 0.529436 -0.072971 -0.318647 
140709802132279 0.973917 -0.608931 -0.736497 
140709822010404 1.158341 -1.257544 -1.377120 
140709841888529 0.933837 -1.674861 -2.136919 
140709861766654 0.523044 -1.855157 -2.842789 
140709881644779 0.216648 -1.797366 -3.444530 
140709901522904 0.121840 -1.543168 -3.921635 
140709921401029 0.236622 -1.305747 -4.341216 
140709941279154 0.445680 -1.190033 -4.734697 
140709961157279 0.608266 -1.205079 -5.021520 
140709981035404 0.695750 -1.314935 -5.181309 
140710000913529 0.751011 -1.429184 -5.235105 
140710020791654 0.686696 -1.372725 -5.147354 
140710040669779 0.516120 -1.205346 -4.920187 
140710060548268 0.345012 -1.210672 -4.617651 
140710080427435 0.232094 -1.298423 -4.266248 
140710100306602 0.093876 -1.422926 -3.913379 
140710120185768 -0.077631 -1.403884 -3.547994 
140710140064935 -0.287089 -1.159806 -3.172222 
140710159944102 -0.462591 -0.727975 -2.751177 
140710179823268 -0.602540 -0.286689 -2.281928 
140710199702435 -0.690957 0.017177 -1.721599 
140710219581602 -0.679372 0.132226 -1.103081 
140710239460768 -0.514655 0.123437 -0.464055 
140710259339935 -0.290684 0.146474 0.271110 
140710279219102 -0.144210 0.314386 1.210406 
140710299098268 -0.104263 0.541553 2.076998 
140710318977435 -0.058456 0.757802 2.649178 
140710338856602 0.064049 0.908936 2.868622 
140710358735768 0.291350 0.944489 2.828941 
140710378614935 0.473377 0.843556 2.847050 
140710398494102 0.468849 0.728241 3.049051 
140710418373268 0.342882 0.705870 3.323356 
140710438252435 0.141014 0.826511 3.623894 
140710458131602 -0.050600 0.994690 3.893139 
140710478010768 -0.131027 1.152349 4.055592 
140710497889935 -0.157925 1.244627 4.104195 
140710517769102 -0.246209 1.312272 4.057989 
140710537648268 -0.402670 1.329449 3.962514 
140710557526550 -0.592686 1.253682 3.888612 
140710577404675 -0.747948 1.129046 3.841074 
140710597282800 -0.840227 0.989630 3.748663 
140710617160925 -0.884169 0.977779 3.589406 
140710637039050 -0.840626 1.011734 3.360108 
140710656917175 -0.728241 1.026914 3.107507 
140710676795300 -0.598944 0.944223 2.810698 
140710696673425 -0.433695 0.736097 2.467550 
140710716551550 -0.294279 0.518384 2.122005 
140710736429675 -0.258326 0.490421 1.710680 
140710756307800 -0.337822 0.562592 1.218395 
140710776185925 -0.426771 0.628106 0.616655 
140710796064050 -0.308793 0.573245 -0.007191 
140710815942175 0.123704 0.236622 -0.514522 
140710835820300 0.615456 -0.412257 -1.007340 
140710855698425 0.863396 -1.164999 -1.598428 
140710875576550 0.808935 -1.752092 -2.206427 
140710895454675 0.580835 -2.093110 -2.747981 
140710915332800 0.362989 -2.115747 -3.195924 
140710935210925 0.185356 -1.826927 -3.649194 
140710955089050 0.108124 -1.468999 -4.189815 
140710974967175 0.187353 -1.152482 -4.760797 
140710994845300 0.390286 -0.996022 -5.239233 
140711014723425 0.564190 -0.993891 -5.492366 
140711034601550 0.637427 -1.094558 -5.560277 
140711054479675 0.576973 -1.244627 -5.448158 
140711074358685 0.468317 -1.373524 -5.170657 
140711094237852 0.410260 -1.574859 -4.829506 
140711114117018 0.398808 -1.747565 -4.416450 
140711133996185 0.329566 -1.719336 -4.024566 
140711153875352 0.168178 -1.511609 -3.614839 
140711173754518 -0.067378 -1.194161 -3.177282 
140711193633685 -0.295211 -0.985236 -2.703772 
140711213512852 -0.428103 -0.826245 -2.264351 
140711233392018 -0.358062 -0.730904 -1.813745 
140711253271185 -0.148871 -0.605070 -1.295760 
140711273150352 -0.058190 -0.295744 -0.710664 
140711293029518 -0.148471 0.163784 -0.118377 
140711312908685 -0.344746 0.690424 0.490820 
140711332787852 -0.496546 1.098819 1.320261 
140711352667018 -0.443150 1.204147 2.235056 
140711372546185 -0.213852 1.159140 2.804573 
140711392425352 -0.015180 1.191630 2.947718 
140711412304518 0.124503 1.206677 2.925480 
140711432183685 0.210656 1.088034 3.057706 
140711452062852 0.237554 0.915994 3.318696 
140711471942018 0.272974 0.803209 3.666771 
140711491821185 0.290950 0.870720 4.045073 
140711511699466 0.298940 1.007606 4.293013 
140711531577591 0.304665 1.072854 4.326968 
140711551455716 0.192147 1.096423 4.216580 
140711571333841 -0.031558 1.138234 4.116845 
140711591211966 -0.253133 1.153547 4.076631 
140711611090091 -0.406265 1.111869 4.067177 
140711630968216 -0.557799 1.097221 3.976097 
140711650846341 -0.747016 1.200153 3.748929 
140711670724466 -0.875913 1.329849 3.493932 
140711690602591 -0.778974 1.237437 3.311239 
140711710480716 -0.456599 0.952745 3.135603 
140711730358841 -0.073770 0.566454 2.887663 
140711750236966 0.096939 0.327169 2.490986 
140711770115091 -0.066978 0.478303 2.008155 
140711789993216 -0.343015 0.835034 1.451289 
140711809871341 -0.459129 1.010802 0.867657 
140711829749466 -0.415719 0.867258 0.266316 
140711849627591 -0.294812 0.537026 -0.377236 
140711869505716 -0.030759 0.079762 -0.870853 
140711889383841 0.324506 -0.512259 -1.307611 
140711909261966 0.538890 -1.133174 -1.863679 
140711929140091 0.462990 -1.587376 -2.456764 
140711949018216 0.207860 -1.806820 -3.030143 
140711968896341 -0.064049 -1.817340 -3.520430 
140711988774466 -0.265650 -1.639308 -3.907254 
140712008652591 -0.301336 -1.377785 -4.254263 
140712028530716 -0.169111 -1.117994 -4.574375 
140712048408841 0.034355 -0.946087 -4.846550 
140712068286966 0.248606 -0.945954 -4.990627 
140712088165977 0.406265 -1.148354 -4.972517 
140712108045143 0.491353 -1.337172 -4.763726 
140712127924310 0.446878 -1.386174 -4.467716 
140712147803477 0.358328 -1.439438 -4.181559 
140712167682643 0.276702 -1.483646 -3.915243 
140712187561810 0.216648 -1.461941 -3.625225 
140712207440977 0.181894 -1.408545 -3.315100 
140712227320143 0.159257 -1.258742 -2.950248 
140712247199310 0.092278 -1.092694 -2.582465 
140712267078477 0.041412 -0.943291 -2.233192 
140712286957643 0.034355 -0.767389 -1.889112 
140712306836810 0.056592 -0.533697 -1.505750 
140712326715977 0.075234 -0.219045 -1.029311 
140712346595143 0.126234 0.186155 -0.473110 
140712366474310 0.175635 0.606801 0.079762 
140712386353477 0.214784 0.958071 0.772050 
140712406232643 0.172972 1.197356 1.547562 
140712426111810 0.101600 1.270061 2.090713 
140712445990977 0.165915 1.183907 2.311090 
140712465870143 0.260590 1.009337 2.401504 
140712485748425 0.259658 0.818123 2.698845 
140712505626550 0.170442 0.660330 3.175684 
140712525504675 0.094010 0.581368 3.633747 
140712545382800 0.041945 0.756470 3.954525 
140712565260925 -0.076965 1.139566 4.075699 
140712585139050 -0.254997 1.451688 4.004193 
140712605017175 -0.441951 1.531716 3.901661 
140712624895300 -0.639558 1.368464 3.878225 
140712644773425 -0.781238 1.072587 3.874897 
140712664651550 -0.829041 0.755938 3.825362 
140712684529675 -0.778441 0.497212 3.708848 
140712704407800 -0.590289 0.394813 3.515503 
140712724285925 -0.318647 0.409328 3.297657 
140712744164050 -0.091879 0.442084 3.099784 
140712764042175 0.001465 0.438223 2.844920 
140712783920300 0.038749 0.438889 2.477137 
140712803798425 0.009587 0.454601 2.036385 
140712823676550 -0.108524 0.504003 1.580984 
140712843554675 -0.242614 0.490820 1.144226 
140712863432800 -0.164583 0.319046 0.711996 
140712883310925 0.183891 -0.068310 0.227833 
140712903189050 0.468317 -0.570582 -0.472844 
140712923067175 0.527039 -1.010935 -1.417200 
140712942945300 0.341550 -1.281113 -2.329598 
140712962823425 0.154996 -1.457147 -3.003511 
140712982701550 0.100268 -1.590572 -3.477953 
140713002579675 0.159656 -1.610279 -3.761180 
140713022457800 0.222107 -1.498560 -3.925630 
140713042335925 0.236489 -1.357545 -4.041477 
140713062214050 0.235556 -1.215732 -4.122970 
140713082092175 0.222507 -1.200153 -4.176499 
140713101970300 0.231562 -1.326120 -4.191147 
140713121848425 0.214784 -1.480583 -4.145074 
140713141726550 0.154596 -1.603888 -4.070772 
140713161604675 0.090947 -1.702957 -3.966642 
140713181483685 0.055127 -1.809883 -3.781819 
140713201362852 0.013183 -1.843971 -3.504717 
140713221242018 -0.103730 -1.766340 -3.134938 
140713241121185 -0.265384 -1.585245 -2.725743 
140713261000352 -0.442218 -1.287238 -2.306695 
140713280879518 -0.504535 -0.948484 -1.899365 
140713300758685 -0.487491 -0.582699 -1.539040 
140713320637852 -0.497878 -0.185356 -1.289502 
140713340517018 -0.429967 0.132226 -1.073253 
140713360396185 -0.294679 0.351004 -0.736896 
140713380275352 -0.148471 0.652075 -0.229564 
140713400154518 -0.087751 0.943824 0.630103 
140713420033685 -0.078830 1.111336 1.735448 
140713439912852 -0.013449 1.060337 2.404566 
140713459792018 0.173638 0.982173 2.538124 
140713479671185 0.312788 1.047554 2.437856 
140713499550352 0.444082 1.046755 2.597246 
140713519429518 0.667787 0.861133 2.992592 
140713539307800 0.852877 0.784433 3.413637 
140713559185925 0.878976 0.951414 3.673828 
140713579064050 0.696416 1.227849 3.666637 
140713598942175 0.488557 1.443299 3.505916 
140713618820300 0.327302 1.430649 3.305779 
140713638698425 0.165915 1.241165 3.169958 
140713658576550 0.015579 0.969789 3.072220 
140713678454675 -0.058989 0.710664 2.979676 
140713698332800 -0.006525 0.509729 2.876345 
140713718210925 0.094542 0.370579 2.753307 
140713738089050 0.073237 0.317049 2.565022 
140713757967175 -0.023835 0.363388 2.365285 
140713777845300 -0.063383 0.356597 2.206694 
140713797723425 -0.035420 0.308527 1.990046 
140713817601550 -0.017976 0.310524 1.638642 
140713837479675 -0.037684 0.396145 1.202683 
140713857357800 -0.067511 0.463656 0.726110 
140713877235925 -0.092944 0.431299 0.338221 
140713897114050 -0.158591 0.378302 0.020906 
140713916992175 -0.191614 0.377769 -0.326370 
140713936870300 -0.034887 0.234225 -0.691489 
140713956748425 0.237421 -0.110388 -1.107475 
140713976626550 0.452204 -0.599610 -1.571930 
140713996504675 0.512791 -1.079512 -2.031325 
140714016382800 0.405732 -1.386174 -2.425206 
140714036260925 0.202267 -1.462341 -2.742921 
140714056139050 -0.057524 -1.251818 -2.985534 
140714076017175 -0.237154 -0.985369 -3.206577 
140714095895300 -0.263386 -0.749280 -3.475156 
140714115773425 -0.125302 -0.695085 -3.786613 
140714135651550 0.086686 -0.796418 -4.087284 
140714155529675 0.229431 -0.854741 -4.257060 
140714175407800 0.229697 -0.854208 -4.257859 
140714195285925 0.133025 -0.957938 -4.130693 
140714215164050 0.040081 -1.098154 -3.925097 
140714235042175 -0.011718 -1.184706 -3.650126 
140714254920300 -0.081093 -1.138101 -3.351186 
140714274798425 -0.144610 -0.974184 -3.051315 
140714294676550 -0.224371 -0.784433 -2.730138 
140714314554675 -0.359127 -0.501739 -2.423608 
140714334432800 -0.518251 -0.180429 -2.063815 
140714354310925 -0.617986 0.029694 -1.544100 
140714374189050 -0.605602 0.028629 -0.895887 
140714394067175 -0.552472 -0.133424 -0.158458 
140714413945300 -0.519449 -0.062451 0.560196 
140714433823425 -0.541553 0.265117 1.210006 
140714453702435 -0.565788 0.587493 1.837979 
140714473581602 -0.600276 0.766058 2.536526 
140714493460768 -0.654604 0.729706 3.259174 
140714513339935 -0.682434 0.562060 3.823897 
140714533219102 -0.667787 0.522911 3.950530 
140714553098268 -0.636761 0.733833 3.668369 
140714572977435 -0.580169 0.995888 3.443065 
140714592856602 -0.524509 1.161270 3.500190 
140714612735768 -0.421445 1.223588 3.730553 
140714632614935 -0.293746 1.255280 4.033887 
140714652494102 -0.226502 1.301885 4.244143 
140714672373268 -0.239951 1.359676 4.181559 
140714692252435 -0.322509 1.408412 3.965843 
140714712131602 -0.450740 1.462341 3.683815 
140714732010768 -0.612260 1.423592 3.415635 
140714751889935 -0.785499 1.356746 3.167428 
140714771768216 -0.890560 1.217863 2.988997 
140714791646341 -0.841691 1.013865 2.861431 
140714811524466 -0.664858 0.814394 2.692720 
140714831402591 -0.464588 0.695085 2.435193 
140714851280716 -0.285491 0.652873 2.111486 
140714871158841 -0.121573 0.589757 1.776460 
140714891036966 -0.007191 0.517052 1.446628 
140714910915091 -0.021438 0.495481 1.149952 
140714930793216 -0.176035 0.531700 0.810000 
140714950671341 -0.307195 0.536493 0.389886 
140714970549466 -0.139949 0.375905 -0.050999 
140714990427591 0.354866 -0.075634 -0.514256 
140715010305716 0.878576 -0.723980 -1.077647 
140715030183841 1.116529 -1.246225 -1.751560 
140715050061966 1.040496 -1.518533 -2.415885 
140715069940091 0.796684 -1.569533 -2.979143 
140715089818216 0.472311 -1.335441 -3.390468 
140715109696341 0.209990 -1.009870 -3.726425 
140715129574466 0.187087 -0.692821 -4.082090 
140715149452591 0.345145 -0.560728 -4.382894 
140715169330716 0.581634 -0.625443 -4.590621 
140715189208841 0.754872 -0.788428 -4.719384 
140715209086966 0.834501 -0.959669 -4.694883 
140715228965091 0.817590 -1.048619 -4.552404 
140715248843216 0.756603 -1.195359 -4.366383 
140715268721341 0.677508 -1.462208 -4.123636 
140715288599466 0.540355 -1.674062 -3.831088 
140715308477591 0.404667 -1.893373 -3.583014 
140715328355716 0.300005 -2.030925 -3.320560 
140715348233841 0.121840 -1.978994 -3.027879 
140715368111966 -0.118910 -1.564206 -2.662094 
140715387990091 -0.375639 -0.825579 -2.311888 
140715407868216 -0.589757 0.100801 -1.834384 
140715427746341 -0.692555 0.678839 -1.133973 
140715447624466 -0.566321 0.745685 -0.294945 
140715467502591 -0.267514 0.625976 0.533031 
140715487380716 -0.031292 0.656469 1.323191 
140715507258841 0.012117 0.811598 2.135587 
140715527136966 -0.046339 0.947286 2.787262 
140715547015091 -0.113451 1.032906 3.046521 
140715566893216 -0.166980 1.018925 2.978078 
140715586771341 -0.321843 1.168195 2.892191 
140715606649466 -0.552339 1.332512 3.040928 
140715626527591 -0.670983 1.293896 3.338803 
140715646405716 -0.608665 1.184174 3.668768 
140715666283841 -0.446212 1.107342 3.899398 
140715686161966 -0.337955 1.026115 3.919771 
140715706040091 -0.316117 0.954343 3.807785 
140715725918216 -0.393748 0.945288 3.650925 
140715745796341 -0.510927 0.933837 3.478485 
140715765674466 -0.608132 0.877644 3.264500 
140715785552591 -0.722515 0.859002 3.018025 
140715805430716 -0.781770 0.871386 2.843988 
140715825308841 -0.697082 0.858336 2.714957 
140715845186966 -0.467651 0.788695 2.641721 
140715865065091 -0.207860 0.549543 2.499907 
140715884943216 0.017710 0.136087 2.187386 
140715904821341 0.222241 -0.180030 1.836781 
140715924699466 0.354600 -0.381364 1.533980 
140715944577591 0.293480 -0.459794 1.228249 
140715964455716 0.020773 -0.272841 0.852877 
140715984333841 -0.239418 0.161387 0.345279 
140716004212331 -0.198672 0.443150 -0.219844 
140716024091498 0.242481 0.217181 -0.766590 
140716043970664 0.767656 -0.496013 -1.298823 
140716063849831 1.074851 -1.252883 -1.820935 
140716083728998 1.096289 -1.729455 -2.318280 
140716103608164 0.943158 -1.953427 -2.725344 
140716123487331 0.675910 -1.956490 -3.011633 
140716143366498 0.374973 -1.871402 -3.260639 
140716163245664 0.222241 -1.810948 -3.533746 
140716183124831 0.272707 -1.781920 -3.790075 
140716203003998 0.455800 -1.793771 -3.963313 
140716222883164 0.600942 -1.775262 -4.045605 
140716242762331 0.625443 -1.759682 -4.074234 
140716262641498 0.582433 -1.707884 -4.068908 
140716282520664 0.546480 -1.735181 -3.995937 
140716302398945 0.509995 -1.879258 -3.904990 
140716322277070 0.393881 -1.949432 -3.775960 
140716342155195 0.184823 -1.848499 -3.568900 
140716362033320 -0.023835 -1.664075 -3.293662 
140716381911445 -0.265117 -1.451688 -2.960234 
140716401789570 -0.576174 -1.193761 -2.654903 
140716421667695 -0.949549 -0.877644 -2.333460 
140716441545820 -1.200552 -0.599877 -1.933320 
140716461423945 -1.141031 -0.475773 -1.549293 
140716481302070 -0.941693 -0.277368 -1.146490 
140716501180195 -0.748880 0.184956 -0.675643 
140716521058320 -0.656735 0.812397 0.063650 
140716540936445 -0.621714 1.235440 1.151683 
140716560814570 -0.393881 1.306146 2.297374 
140716580692695 0.095341 1.243562 3.008171 
140716600570820 0.696150 1.204680 3.200052 
140716620448945 1.040763 1.229447 3.035602 
140716640327070 1.040896 1.153547 2.877410 
140716660205195 0.707601 1.106010 2.921885 
140716680083320 0.226502 1.195892 3.161170 
140716699961445 -0.242880 1.323457 3.500589 
140716719839570 -0.553804 1.439837 3.793670 
140716739717695 -0.649012 1.509745 3.897400 
140716759595820 -0.642088 1.544899 3.846534 
140716779473945 -0.537692 1.494964 3.722164 
140716799352070 -0.492951 1.429051 3.582482 
140716819230195 -0.614391 1.354350 3.526688 
140716839108320 -0.778042 1.182043 3.479018 
140716858986445 -0.813329 0.986301 3.444796 
140716878864570 -0.727309 0.872850 3.381813 
140716898742695 -0.592819 0.752742 3.255845 
140716918620820 -0.510261 0.667787 3.034404 
140716938498945 -0.434628 0.573112 2.741989 
140716958377070 -0.294679 0.390819 2.425472 
140716978255195 -0.187886 0.233959 2.090180 
140716998133320 -0.229964 0.274172 1.746633 
140717018011445 -0.369247 0.449941 1.341966 
140717037889570 -0.448742 0.580036 0.804407 
140717057767695 -0.248073 0.534629 0.200935 
140717077645820 0.256063 0.154730 -0.410925 
140717097523945 0.742089 -0.583232 -0.934236 
140717117402070 0.899083 -1.276186 -1.416135 
140717137280195 0.698813 -1.697631 -1.924266 
140717157158320 0.387889 -1.868739 -2.469281 
140717177036445 0.209990 -1.819204 -3.004177 
140717196914570 0.129696 -1.711746 -3.468099 
140717216792695 0.120907 -1.625326 -3.846933 
140717236670820 0.168045 -1.596031 -4.154395 
140717256548945 0.221708 -1.590572 -4.401936 
140717276427070 0.278833 -1.604420 -4.568383 
140717296305195 0.333960 -1.687777 -4.685695 
140717316183320 0.330898 -1.677391 -4.710196 
140717336061445 0.254199 -1.608015 -4.636960 
140717355939570 0.130228 -1.541836 -4.510193 
140717375817695 0.033955 -1.587775 -4.309657 
140717395695820 -0.065647 -1.636378 -4.027629 
140717415573945 -0.197207 -1.619866 -3.686212 
140717435452070 -0.374174 -1.463805 -3.287537 
140717455330195 -0.573112 -1.159539 -2.807369 
140717475208320 -0.773515 -0.807736 -2.282194 
140717495086445 -0.947153 -0.506666 -1.746633 
140717514964570 -1.031575 -0.278700 -1.258742 
140717534842695 -0.976980 -0.181095 -0.790426 
140717554720820 -0.854208 -0.054462 -0.292948 
140717574598945 -0.682568 0.229165 0.335425 
140717594477070 -0.495880 0.638892 1.116796 
140717614355195 -0.313853 1.120657 1.851428 
140717634233320 -0.090148 1.369663 2.340784 
140717654111445 0.190949 1.375389 2.458762 
140717673989570 0.476705 1.262204 2.385392 
140717693867695 0.678839 1.094558 2.377269 
140717713745820 0.698014 0.956340 2.594982 
140717733623945 0.582832 0.979909 2.974216 
140717753502070 0.429434 1.050883 3.370627 
140717773380195 0.345811 1.179513 3.614439 
140717793258320 0.329965 1.306812 3.642403 
140717813136445 0.308527 1.388704 3.502454 
140717833014570 0.279099 1.424391 3.311106 
140717852892695 0.168578 1.408412 3.199652 
140717872770820 0.089882 1.405216 3.159173 
140717892648945 0.021305 1.333976 3.109371 
140717912527070 -0.186554 1.259008 3.022552 
140717932405195 -0.439022 1.221991 2.912031 
140717952283320 -0.532765 1.191497 2.808168 
140717972161445 -0.439288 1.162602 2.709631 
140717992039570 -0.294013 1.016395 2.545314 
140718011917695 -0.182293 0.868057 2.296575 
140718031795820 -0.193878 0.778308 1.964879 
140718051673945 -0.364054 0.853409 1.588841 
140718071552070 -0.685897 1.039298 1.151550 
140718091430195 -0.969923 1.124918 0.683500 
140718111308320 -0.874581 1.019457 0.261123 
140718131186445 -0.407596 0.580702 -0.153132 
140718151064570 0.050733 -0.116780 -0.654738 
140718170942695 0.216781 -0.729439 -1.215865 
140718190820820 0.153664 -1.030243 -1.769270 
140718210698945 0.041146 -1.084039 -2.265949 
140718230577070 0.077764 -1.043293 -2.692321 
140718250455195 0.249272 -1.046755 -3.058239 
140718270333320 0.416918 -1.004544 -3.368231 
140718290211445 0.506000 -0.915727 -3.639473 
140718310089570 0.511726 -0.855939 -3.883019 
140718329967695 0.444614 -0.867524 -4.060652 
140718349845820 0.319579 -0.913064 -4.120573 
140718369723945 0.275238 -0.936234 -4.040678 
140718389602070 0.286156 -1.076582 -3.923499 
140718409480195 0.368581 -1.263536 -3.784482 
140718429358320 0.414920 -1.432646 -3.575025 
140718449236445 0.402004 -1.438239 -3.254247 
140718469114570 0.363654 -1.426388 -2.907504 
140718488992695 0.291483 -1.376853 -2.563424 
140718508870820 0.129563 -1.139699 -2.220143 
140718528748945 -0.044608 -0.739160 -1.809217 
140718548627070 -0.204131 -0.285358 -1.274322 
140718568505195 -0.211854 0.045141 -0.645417 
140718588383320 -0.135821 0.217980 -0.033423 
140718608261445 -0.132226 0.335292 0.558198 
140718628139570 -0.338354 0.464588 1.181644 
140718648017695 -0.743021 0.641289 1.849031 
140718667895820 -1.070057 0.862997 2.417350 
140718687773945 -1.113467 1.054877 2.772215 
140718707652070 -0.817190 1.189766 2.902045 
140718727530195 -0.402537 1.271525 2.871685 
140718747408320 -0.125834 1.329316 2.808967 
140718767286445 -0.041945 1.350488 2.876478 
140718787164570 -0.069642 1.369130 3.045189 
140718807042695 -0.158591 1.437573 3.240665 
140718826920820 -0.274838 1.559413 3.406979 
140718846798945 -0.316516 1.596164 3.485143 
140718866677070 -0.327435 1.445962 3.480616 
140718886555195 -0.442617 1.244361 3.416567 
140718906433320 -0.608266 1.008805 3.279281 
140718926312331 -0.715458 0.813462 3.095257 
140718946191498 -0.799214 0.704006 2.878875 
140718966070664 -0.795752 0.652607 2.660496 
140718985949831 -0.608266 0.529569 2.490586 
140719005828998 -0.253932 0.496546 2.416551 
140719025708164 0.007856 0.548344 2.039980 
140719045587331 -0.010120 0.667388 1.248489 
140719065466498 -0.123437 0.766324 0.337156 
140719085345664 -0.153265 0.570981 -0.276436 
140719105224831 -0.202533 0.298806 -0.573778 
140719125103998 -0.276436 0.128631 -0.747815 
140719144983164 -0.229831 -0.050733 -0.908936 
140719164861966 0.156860 -0.423309 -1.131709 
140719184740091 0.678440 -1.108806 -1.455550 
140719204618216 0.951147 -1.784317 -1.866741 
140719224496341 0.896553 -2.204297 -2.305630 
140719244374466 0.681636 -2.277001 -2.699245 
140719264252591 0.494282 -1.986051 -3.034936 
140719284130716 0.338088 -1.573528 -3.411374 
140719304008841 0.291882 -1.244361 -3.836414 
140719323886966 0.343814 -1.054611 -4.225768 
140719343765091 0.496812 -1.106676 -4.500872 
140719363643216 0.627174 -1.266998 -4.605268 
140719383521341 0.667121 -1.495763 -4.544015 
140719403399466 0.633432 -1.810549 -4.387688 
140719423277591 0.490154 -2.106692 -4.176765 
140719443155716 0.355532 -2.394446 -3.839876 
140719463033841 0.305065 -2.485926 -3.345061 
140719482911966 0.251269 -2.296842 -2.858502 
140719502790091 0.062451 -1.730388 -2.537458 
140719522668216 -0.299339 -0.944756 -2.316283 
140719542546341 -0.766457 -0.267248 -2.029460 
140719562424466 -1.141297 -0.097338 -1.658482 
140719582302591 -1.259941 -0.310391 -1.194960 
140719602180716 -1.153547 -0.529170 -0.585629 
140719622058841 -0.938897 -0.464189 0.235556 
140719641936966 -0.550076 0.104263 1.291233 
140719661815091 -0.098137 0.722382 2.521878 
140719681693216 0.327702 1.065397 3.556250 
140719701571341 0.737961 1.187636 3.983820 
140719721449466 1.059538 1.261805 3.871035 
140719741327591 1.141563 1.427320 3.609113 
140719761205716 1.049817 1.613741 3.583414 
140719781083841 0.863529 1.734382 3.778224 
140719800961966 0.625576 1.841708 4.065978 
140719820840091 0.328234 1.946237 4.378633 
140719840718216 0.069375 1.925331 4.616187 
140719860596341 -0.041013 1.769536 4.655335 
140719880474466 -0.022637 1.558348 4.494214 
140719900352591 -0.014781 1.383511 4.289151 
140719920230716 -0.060321 1.267264 4.111385 
140719940108841 -0.122638 1.204414 3.972634 
140719959986966 -0.200136 1.205612 3.806853 
140719979865091 -0.317049 1.170592 3.555717 
140719999743216 -0.422777 1.085371 3.239600 
140720019621341 -0.523710 1.015329 2.836797 
140720039499466 -0.591221 1.138367 2.430799 
140720059377591 -0.612527 1.322525 2.032390 
140720079255716 -0.556334 1.350222 1.577522 
140720099133841 -0.416651 1.157409 1.092561 
140720119011966 -0.231162 0.857537 0.586827 
140720138890091 -0.050467 0.564989 0.053130 
140720158768216 0.079495 0.364054 -0.476572 
140720178646341 0.279365 0.131826 -0.929043 
140720198524466 0.575375 -0.398142 -1.307744 
140720218402591 0.775911 -1.083240 -1.701359 
140720238280716 0.799347 -1.672198 -2.214150 
140720258158841 0.663526 -2.029460 -2.846385 
140720278036966 0.393082 -2.139582 -3.578354 
140720297915091 0.099602 -1.928260 -4.407928 
140720317793216 -0.069775 -1.632250 -5.171056 
140720337671341 -0.108124 -1.470996 -5.633780 
140720357549466 -0.074968 -1.372193 -5.716072 
140720377427591 -0.095208 -1.257544 -5.548026 
140720397305716 -0.118910 -1.050217 -5.291297 
140720417183841 -0.077498 -0.974450 -5.096621 
140720437061966 -0.100534 -0.982972 -4.959468 
140720456940091 -0.170442 -1.090164 -4.800744 
140720476818216 -0.252068 -1.324256 -4.570114 
140720496696341 -0.309060 -1.510943 -4.186619 
140720516574466 -0.337822 -1.598428 -3.719235 
140720536452591 -0.373109 -1.591637 -3.221490 
140720556330716 -0.437158 -1.460876 -2.686728 
140720576208841 -0.507199 -1.351154 -2.105893 
140720596086602 -0.534629 -1.199886 -1.522395 
140720615963685 -0.516520 -0.848083 -1.026381 
140720635840768 -0.422244 -0.320644 -0.530901 
140720655717852 -0.323041 0.190416 0.012783 
140720675594935 -0.249139 0.601874 0.637560 
140720695472018 -0.226768 0.935035 1.345827 
140720715349102 -0.186421 1.246492 2.163817 
140720735226185 -0.106260 1.373791 2.842789 
140720755103268 0.032357 1.341700 3.193794 
140720774980352 0.137020 1.191764 3.358110 
140720794857435 0.096140 1.030776 3.591137 
140720814734518 0.045407 0.978311 3.949465 
140720834611602 0.111187 1.068326 4.335756 
140720854489050 0.245810 1.279382 4.594615 
140720874367175 0.287089 1.360741 4.642552 
140720894245300 0.240616 1.302684 4.570247 
140720914123425 0.138085 1.149686 4.471711 
140720934001550 0.011718 1.068992 4.437489 
140720953879675 0.004927 0.988432 4.413520 
140720973757800 0.020240 0.852211 4.298738 
140720993635925 -0.091480 0.698547 4.157058 
140721013514050 -0.204930 0.510394 4.048801 
140721033392175 -0.120774 0.350072 3.987948 
140721053270300 0.178831 0.144610 3.981689 
140721073148425 0.378568 -0.052997 3.857053 
140721093026550 0.292948 -0.112518 3.445329 
140721112904675 0.082558 0.066845 2.739059 
140721132782800 -0.139949 0.320911 1.987116 
140721152660925 -0.441285 0.513990 1.309875 
140721172539050 -0.612127 0.645283 0.744619 
140721192417175 -0.437024 0.591621 0.224371 
140721212295300 0.096406 0.321310 -0.343548 
140721232173425 0.879508 -0.262055 -0.860600 
140721252051550 1.462607 -1.098021 -1.378451 
140721271929675 1.398558 -1.809483 -1.900697 
140721291807800 0.734366 -2.120008 -2.435992 
140721311685925 -0.140082 -2.052230 -3.071954 
140721331564050 -0.832104 -1.838778 -3.854523 
140721351442175 -1.132508 -1.669135 -4.707932 
140721371320300 -1.054877 -1.574859 -5.469995 
140721391198425 -0.704006 -1.503487 -5.964012 
140721411076550 -0.297874 -1.320927 -6.052562 
140721430954675 -0.044741 -1.088433 -5.781186 
140721450832800 0.009454 -0.824381 -5.350953 
140721470710925 -0.051798 -0.787896 -4.993024 
140721490589050 -0.132359 -0.902944 -4.725376 
140721510467175 -0.232627 -1.070190 -4.459061 
140721530345300 -0.336490 -1.196424 -4.185021 
140721550223425 -0.396944 -1.272724 -3.881421 
140721570101550 -0.441818 -1.113733 -3.507114 
140721589979675 -0.453270 -0.824647 -3.070223 
140721609857800 -0.571913 -0.543418 -2.628538 
140721629735925 -0.801478 -0.231961 -2.073136 
140721649614050 -0.862464 0.134490 -1.310940 
140721669492175 -0.638892 0.417983 -0.506267 
140721689370300 -0.199204 0.539290 0.234225 
140721709248425 0.217181 0.626508 0.860334 
140721729126550 0.431165 0.741823 1.472860 
140721749004675 0.372043 0.783901 2.245043 
140721768882800 0.258460 0.710797 2.886598 
140721788760925 0.304932 0.586561 3.141729 
140721808639050 0.384161 0.554203 3.322025 
140721828517175 0.448875 0.529170 3.712444 
140721848395300 0.509063 0.476572 4.150933 
140721868273425 0.545415 0.678706 4.529901 
140721888151550 0.507465 1.067527 4.777308 
140721908029675 0.300804 1.434910 4.810597 
140721927907800 0.005060 1.489105 4.672113 
140721947785925 -0.305331 1.259541 4.444014 
140721967664050 -0.513058 0.973784 4.193277 
140721987542175 -0.653672 0.788162 3.966243 
140722007420300 -0.768588 0.684831 3.764508 
140722027298425 -0.774846 0.603871 3.604586 
140722047176550 -0.660863 0.513590 3.460109 
140722067054675 -0.446079 0.359660 3.286205 
140722086932800 -0.231029 0.256329 3.005641 
140722106810925 -0.161521 0.298673 2.624277 
140722126689050 -0.271110 0.448077 2.182326 
140722146567175 -0.468716 0.613592 1.665939 
140722166445300 -0.578438 0.677641 1.090564 
140722186323425 -0.443549 0.466186 0.528903 
140722206201550 0.016378 -0.078297 -0.031292 
140722226079675 0.353401 -0.632900 -0.752209 
140722245957800 0.423575 -0.849015 -1.741307 
140722265835925 0.403735 -0.849947 -2.836131 
140722285714050 0.375505 -0.904808 -3.729488 
140722305592175 0.370046 -1.086436 -4.294344 
140722325470300 0.407730 -1.280314 -4.519114 
140722345348425 0.370312 -1.337172 -4.593018 
140722365226550 0.251535 -1.099086 -4.680902 
140722385104675 0.178032 -0.752875 -4.741355 
140722404982800 0.206927 -0.600143 -4.740157 
140722424860925 0.307062 -0.624777 -4.624177 
140722444739050 0.392816 -0.718654 -4.468914 
140722464617175 0.436758 -0.871386 -4.343213 
140722484495300 0.480567 -1.092028 -4.219110 
140722504373425 0.522778 -1.387772 -4.062915 
140722524251550 0.504402 -1.566470 -3.831753 
140722544129675 0.339819 -1.581916 -3.522161 
140722564007800 0.127166 -1.410276 -3.148120 
140722583885925 -0.068976 -1.110670 -2.735065 
140722603764050 -0.226502 -0.689092 -2.256628 
140722623642175 -0.282162 -0.266449 -1.743703 
140722643520300 -0.250470 0.059921 -1.227583 
140722663398060 -0.131826 0.220909 -0.755006 
140722683275143 -0.062318 0.370312 -0.274971 
140722703152227 -0.096939 0.559530 0.254199 
140722723029310 -0.110388 0.622114 1.098154 
140722742906393 -0.068576 0.354999 2.379000 
140722762783477 0.047804 0.207860 3.441467 
140722782660560 0.249139 0.383362 3.909384 
140722802537643 0.422244 0.703740 3.824563 
140722822414727 0.530368 0.985502 3.611377 
140722842291810 0.530235 1.070190 3.570364 
140722862168893 0.468450 1.023452 3.708050 
140722882045977 0.410526 0.991760 3.867040 
140722901923060 0.379234 0.984304 3.932154 
140722921800143 0.346211 1.062600 3.879956 
140722941677227 0.151933 1.129313 3.732817 
140722961554310 -0.183891 1.178981 3.581017 
140722981432279 -0.478969 1.181910 3.491002 
140723001310404 -0.609464 1.088699 3.424157 
140723021188529 -0.548211 0.957006 3.332278 
140723041066654 -0.475907 0.855274 3.152381 
140723060944779 -0.459528 0.784300 2.877943 
140723080822904 -0.452870 0.652607 2.607898 
140723100701029 -0.420380 0.433695 2.331596 
140723120579154 -0.355132 0.270311 2.051565 
140723140457279 -0.288021 0.172173 1.727192 
140723160335404 -0.274838 0.189883 1.335974 
140723180213529 -0.285757 0.320644 0.900814 
140723200091654 -0.307861 0.491752 0.385093 
140723219969779 -0.195875 0.546480 -0.178831 
140723239847904 0.200270 0.313587 -0.733301 
140723259726029 0.602273 -0.278966 -1.392965 
140723279604154 0.699612 -0.824914 -2.116413 
140723299482279 0.516120 -1.149952 -2.843055 
140723319360404 0.269512 -1.209474 -3.506582 
140723339238529 0.105727 -1.010536 -4.020172 
140723359116654 0.064049 -0.766058 -4.429633 
140723378994779 0.128764 -0.536094 -4.788227 
140723398872904 0.216515 -0.466452 -5.030175 
140723418751029 0.276969 -0.516520 -5.073718 
140723438629154 0.303733 -0.588958 -4.882769 
140723458507279 0.331164 -0.729972 -4.555068 
140723478385404 0.313986 -0.873783 -4.333359 
140723498263529 0.332229 -0.933837 -4.256660 
140723518141654 0.419181 -1.032640 -4.238817 
140723538019779 0.401072 -1.151683 -4.124568 
140723557897904 0.236622 -1.188568 -3.875829 
140723577776029 0.033423 -1.153414 -3.533080 
140723597654154 -0.087485 -0.954210 -3.092593 
140723617532279 -0.016112 -0.804674 -2.543983 
140723637410404 0.152599 -0.672048 -1.865277 
140723657288529 0.280164 -0.441951 -1.065663 
140723677166654 0.276436 -0.130894 -0.234491 
140723697044779 0.117845 0.201069 0.554070 
140723716922904 0.031425 0.419181 1.287771 
140723736801029 0.083623 0.593352 1.959686 
140723756679154 0.029028 0.767123 2.648379 
140723776557279 -0.064715 0.906273 3.262769 
140723796435404 -0.083357 0.979110 3.635745 
140723816313529 -0.052864 1.076449 3.622828 
140723836191654 0.050600 1.172722 3.292863 
140723856069779 0.169510 1.144093 3.114698 
140723875947904 0.147938 1.030376 3.215365 
140723895826029 -0.008123 0.939429 3.521096 
140723915704154 -0.194411 0.869388 3.869171 
140723935582279 -0.313986 0.850347 4.017642 
140723955460404 -0.350339 0.949017 3.962648 
140723975338529 -0.407863 1.090697 3.808717 
140723995215768 -0.505601 1.224521 3.667303 
140724015092852 -0.621714 1.317332 3.527621 
140724034969935 -0.654338 1.223588 3.368231 
140724054847018 -0.644351 1.130644 3.221757 
140724074724102 -0.576441 0.992959 3.075416 
140724094601185 -0.497478 0.839827 2.894854 
140724114478268 -0.431165 0.669784 2.652906 
140724134355352 -0.348341 0.474708 2.280730 
140724154232435 -0.270311 0.337822 1.819071 
140724174109518 -0.216115 0.304266 1.367266 
140724193986602 -0.279499 0.351936 0.957938 
140724213863685 -0.392283 0.487358 0.534629 
140724233740768 -0.389753 0.591754 0.093876 
140724253617852 -0.219178 0.573112 -0.360592 
140724273494935 0.171108 0.356597 -0.774314 
140724293372018 0.701476 -0.090281 -1.117595 
140724313249102 1.079112 -0.668187 -1.559280 
140724333127070 1.104678 -1.133840 -2.199370 
140724353005195 0.806005 -1.360475 -2.883669 
140724372883320 0.504669 -1.419331 -3.444663 
140724392761445 0.330631 -1.432114 -3.860515 
140724412639570 0.250870 -1.305081 -4.162118 
140724432517695 0.207726 -1.147822 -4.382361 
140724452395820 0.198006 -1.005742 -4.543216 
140724472273945 0.254332 -0.959270 -4.633497 
140724492152070 0.350339 -1.063000 -4.623910 
140724512030195 0.366051 -1.082175 -4.533362 
140724531908320 0.247274 -0.932772 -4.439220 
140724551786445 0.157526 -0.841958 -4.305529 
140724571664570 0.138218 -0.912265 -4.089813 
140724591542695 0.106260 -0.969789 -3.787545 
140724611420820 0.027830 -0.885101 -3.413371 
140724631298945 -0.066712 -0.735698 -3.013231 
140724651177070 -0.145542 -0.574044 -2.603637 
140724671055195 -0.235823 -0.427171 -2.076731 
140724690933320 -0.308261 -0.329300 -1.479385 
140724710811445 -0.335159 -0.207860 -0.866193 
140724730689570 -0.307861 -0.022104 -0.212786 
140724750567695 -0.236089 0.166581 0.458063 
140724770445820 -0.191614 0.321843 1.123454 
140724790323945 -0.272308 0.467784 1.816674 
140724810202070 -0.361391 0.568451 2.521878 
140724830080195 -0.389354 0.665390 3.093126 
140724849958320 -0.350738 0.769653 3.399656 
140724869836445 -0.224105 0.850080 3.327218 
140724889714570 -0.036752 0.961800 3.150917 
140724909592695 0.110654 0.975249 3.163167 
140724929470820 0.134356 0.824780 3.349855 
140724949348945 0.046206 0.637560 3.747331 
140724969227070 -0.045673 0.464055 4.158390 
140724989105195 -0.100002 0.427038 4.338286 
140725008983320 -0.116913 0.631036 4.226034 
140725028861445 -0.174304 0.801211 3.996070 
140725048739570 -0.367915 0.818788 3.828691 
140725068617695 -0.683500 0.844754 3.722164 
140725088495820 -0.943690 0.881772 3.586743 
140725108373060 -1.076049 0.898150 3.395128 
140725128250143 -1.110404 0.957805 3.177149 
140725148127227 -0.980842 1.005343 2.935467 
140725168004310 -0.718920 0.935301 2.623878 
140725187881393 -0.505468 0.711463 2.287254 
140725207758477 -0.472444 0.645150 1.851561 
140725227635560 -0.529702 0.812397 1.343431 
140725247512643 -0.488290 1.020256 0.808402 
140725267389727 -0.298540 1.042627 0.262055 
140725287266810 -0.037284 0.813861 -0.308261 
140725307143893 0.311989 0.212121 -0.852877 
140725327020977 0.722781 -0.664325 -1.324788 
140725346898060 0.876579 -1.472194 -1.866209 
140725366775143 0.743021 -1.835183 -2.554236 
140725386652227 0.584297 -1.780455 -3.267297 
140725406529310 0.519982 -1.554752 -3.895270 
140725426406393 0.525841 -1.299089 -4.380897 
140725446283477 0.545282 -1.085637 -4.753606 
140725466160925 0.549809 -0.903610 -5.056940 
140725486039050 0.585762 -0.815992 -5.285838 
140725505917175 0.616921 -0.797483 -5.410208 
140725525795300 0.568718 -0.783368 -5.366266 
140725545673425 0.405066 -0.886699 -5.266264 
140725565551550 0.272175 -1.106809 -5.115263 
140725585429675 0.165915 -1.239035 -4.850012 
140725605307800 0.058323 -1.206677 -4.500073 
140725625185925 -0.042744 -1.006142 -4.121904 
140725645064050 -0.091746 -0.726643 -3.646930 
140725664942175 -0.096273 -0.645949 -3.140530 
140725684820300 -0.108124 -0.668586 -2.637992 
140725704698425 -0.174037 -0.612393 -2.116679 
140725724576550 -0.255663 -0.374307 -1.503220 
140725744454675 -0.302668 -0.054462 -0.810133 
140725764332800 -0.299206 0.216249 -0.053396 
140725784210925 -0.237021 0.368448 0.756870 
140725804089050 -0.181894 0.478703 1.572595 
140725823967175 -0.173105 0.583764 2.380332 
140725843845300 -0.235290 0.782303 3.130410 
140725863723425 -0.451539 0.968990 3.729355 
140725883601550 -0.506799 0.952213 4.034686 
140725903479675 -0.057924 0.786298 4.069573 
140725923357800 0.581767 0.612393 4.049067 
140725943235925 0.920388 0.436092 4.138549 
140725963114050 0.916659 0.330898 4.302733 
140725982992175 0.752476 0.321843 4.539488 
140726002870300 0.623179 0.447011 4.719917 
140726022748425 0.717588 0.606135 4.684630 
140726042626550 0.825180 0.641422 4.474240 
140726062504675 0.640223 0.663260 4.196207 
140726082382800 0.266449 0.709998 3.904724 
140726102260925 -0.061918 0.728507 3.661045 
140726122138685 -0.266982 0.732768 3.425355 
140726142015768 -0.504003 0.852211 3.169292 
140726161892852 -0.748081 1.070190 2.882470 
140726181769935 -0.835699 1.144759 2.602173 
140726201647018 -0.720784 1.024650 2.347175 
140726221524102 -0.500940 0.713593 2.047836 
140726241401185 -0.241815 0.387756 1.759416 
140726261278268 -0.126900 0.172440 1.496429 
140726281155352 -0.244478 0.194943 1.208675 
140726301032435 -0.435293 0.353801 0.789360 
140726320909518 -0.464988 0.393881 0.232094 
140726340786602 -0.204131 0.223040 -0.329566 
140726360663685 0.229165 -0.114915 -0.884968 
140726380540768 0.546347 -0.504003 -1.588175 
140726400417852 0.609464 -0.758068 -2.452237 
140726420294935 0.539423 -0.865394 -3.305114 
140726440172018 0.526240 -0.917991 -4.060652 
140726460049102 0.549809 -0.920521 -4.653471 
140726479926185 0.496147 -0.806804 -5.010867 
140726499803268 0.349273 -0.595749 -5.123785 
140726519680716 0.243413 -0.501739 -5.088365 
140726539558841 0.263253 -0.467784 -5.071853 
140726559436966 0.401072 -0.512791 -5.055342 
140726579315091 0.446612 -0.488956 -5.030175 
140726599193216 0.420912 -0.428635 -4.941359 
140726619071341 0.426771 -0.576174 -4.754671 
140726638949466 0.388821 -0.831438 -4.430298 
140726658827591 0.328501 -1.101483 -4.020438 
140726678705716 0.268580 -1.196957 -3.589273 
140726698583841 0.201867 -1.052214 -3.194592 
140726718461966 0.163518 -0.810799 -2.794586 
140726738340091 0.038749 -0.526640 -2.267813 
140726758218216 -0.139416 -0.245810 -1.653822 
140726778096341 -0.280830 -0.019042 -1.028113 
140726797974466 -0.343814 0.102132 -0.310524 
140726817852591 -0.278566 0.118644 0.546613 
140726837730716 -0.137286 0.104662 1.507215 
140726857608841 -0.093876 0.266715 2.424141 
140726877486966 -0.224637 0.595616 3.233741 
140726897365091 -0.404001 0.875780 3.713376 
140726917243216 -0.348341 0.944223 3.777025 
140726937121341 -0.085354 0.888829 3.681818 
140726956999466 0.049668 0.791890 3.832819 
140726976877591 0.025699 0.685897 4.168510 
140726996755716 -0.001198 0.581368 4.500073 
140727016633841 -0.044608 0.588292 4.607532 
140727036511966 -0.148205 0.767256 4.510459 
140727056390091 -0.261922 0.857138 4.327367 
140727076268216 -0.349406 0.815193 4.164782 
140727096146341 -0.444748 0.657401 4.011650 
140727116024102 -0.576308 0.543418 3.807385 
140727135901185 -0.713860 0.585762 3.573427 
140727155778268 -0.856072 0.686030 3.306179 
140727175655352 -0.939829 0.765259 3.025082 
140727195532435 -0.914263 0.772449 2.785132 
140727215409518 -0.761264 0.674845 2.522811 
140727235286602 -0.633166 0.649145 2.180195 
140727255163685 -0.562326 0.723713 1.819071 
140727275040768 -0.521979 0.740491 1.436774 
140727294917852 -0.527305 0.776977 1.041828 
140727314794935 -0.507998 0.810266 0.596015 
140727334672018 -0.341151 0.721317 0.132625 
140727354549102 -0.023968 0.380565 -0.331696 
140727374426185 0.432630 -0.275903 -0.717455 
140727394303268 1.063266 -1.226651 -0.993492 
140727414180352 1.443432 -2.042510 -1.340501 
140727434057435 1.217996 -2.205628 -1.942641 
140727453934518 0.882571 -2.052896 -2.812962 
140727473811602 0.703740 -1.975931 -3.755188 
140727493688685 0.657800 -1.971537 -4.548542 
140727513565768 0.795885 -1.939579 -5.141894 
140727533443216 0.930641 -1.852094 -5.390367 
140727553321341 0.923317 -1.501356 -5.341099 
140727573199466 0.857670 -1.139965 -5.163599 
140727593077591 0.920521 -1.072854 -5.007405 
140727612955716 1.021854 -1.218662 -4.959468 
140727632833841 0.994024 -1.333577 -4.967457 
140727652711966 0.933570 -1.528920 -4.907270 
140727672590091 0.821185 -1.666738 -4.693552 
140727692468216 0.617853 -1.489372 -4.347740 
140727712346341 0.318514 -1.163002 -3.987681 
140727732224466 -0.005326 -0.847684 -3.686212 
140727752102591 -0.195210 -0.668986 -3.463572 
140727771980716 -0.194411 -0.723980 -3.268495 
140727791858841 -0.130228 -0.854874 -2.976879 
140727811736966 -0.133291 -0.920521 -2.438122 
140727831615091 -0.262587 -0.837830 -1.705887 
140727851493216 -0.400939 -0.485760 -0.872451 
140727871371341 -0.397210 0.020773 0.019841 
140727891249466 -0.331830 0.486825 0.835433 
140727911127591 -0.341550 0.845154 1.436908 
140727931005716 -0.444881 1.130644 1.987383 
140727950883841 -0.603871 1.325454 2.599776 
140727970761966 -0.655670 1.373657 3.088332 
140727990640091 -0.442750 1.169926 3.310174 
140728010518216 -0.151401 0.997087 3.221224 
140728030396341 -0.047005 1.020123 3.031740 
140728050274466 -0.195476 1.170059 3.059837 
140728070152591 -0.403868 1.319462 3.367565 
140728090030716 -0.650343 1.496562 3.806187 
140728109907956 -0.835966 1.522395 3.973567 
140728129785039 -0.867125 1.499625 3.889677 
140728149662123 -0.830639 1.342099 3.720300 
140728169539206 -0.839028 1.248888 3.538939 
140728189416289 -1.049152 1.389903 3.607782 
140728209293373 -1.104412 1.385775 3.663575 
140728229170456 -0.928510 1.076049 3.270759 
140728249047539 -0.873250 0.820253 2.398308 
140728268924623 -0.880307 0.771118 1.593901 
140728288801706 -0.668453 0.803875 1.166064 
140728308678789 -0.260856 0.781770 0.988165 
140728328555873 0.066446 0.615589 0.796684 
140728348432956 0.196275 0.148338 0.464854 
140728368310039 0.162186 -0.355399 0.060986 
140728388187123 -0.111853 -0.343947 -0.309326 
140728408064206 -0.308261 -0.037151 -0.709732 
140728427941289 -0.061918 -0.181627 -1.155545 
140728447818373 0.491752 -0.778308 -1.533580 
140728467695456 0.733301 -1.278982 -2.006424 
140728487572539 0.482831 -1.306013 -2.639191 
140728507449623 0.160988 -1.007606 -3.188867 
140728527326706 0.064315 -0.718920 -3.474490 
140728547204675 0.237953 -0.696283 -3.495796 
140728567082800 0.451272 -0.809467 -3.394596 
140728586960925 0.469914 -0.850879 -3.340800 
140728606839050 0.379367 -0.863263 -3.405648 
140728626717175 0.334759 -0.896153 -3.459710 
140728646595300 0.369380 -0.948351 -3.424423 
140728666473425 0.441019 -1.032773 -3.310706 
140728686351550 0.469515 -1.016395 -3.161569 
140728706229675 0.369913 -0.896819 -2.973950 
140728726107800 0.152466 -0.750878 -2.696449 
140728745985925 -0.112385 -0.717189 -2.323207 
140728765864050 -0.312255 -0.752476 -1.914146 
140728785742175 -0.369646 -0.821451 -1.466602 
140728805620300 -0.345412 -0.824914 -0.946487 
140728825498425 -0.338621 -0.684032 -0.333827 
140728845376550 -0.409727 -0.361124 0.351271 
140728865254675 -0.479369 -0.027297 1.016528 
140728885132800 -0.417317 0.103197 1.571663 
140728905010925 -0.294679 0.087218 2.051431 
140728924889050 -0.240084 0.064582 2.693519 
140728944767175 -0.255930 0.056459 3.405248 
140728964645300 -0.149536 -0.103197 3.812179 
140728984523425 0.122905 -0.024901 3.678622 
140729004401550 0.481765 0.143012 3.310706 
140729024279675 0.910268 -0.146740 3.156110 
140729044157800 1.187902 -0.545548 3.212036 
140729064035925 1.120391 -0.467917 3.436141 
140729083913685 0.806271 0.081093 3.601789 
140729103790768 0.449142 0.675244 3.613374 
140729123667852 0.118244 1.152482 3.538140 
140729143544935 -0.209457 1.412406 3.453052 
140729163422018 -0.505867 1.511609 3.464237 
140729183299102 -0.741423 1.575924 3.522161 
140729203176185 -0.792556 1.596298 3.401254 
140729223053268 -0.687894 1.597097 3.141862 
140729242930352 -0.558864 1.378451 2.815891 
140729262807435 -0.411724 0.933038 2.409227 
140729282684518 -0.089615 0.384427 1.890976 
140729302561602 0.325172 -0.036219 1.301086 
140729322438685 0.451139 -0.135422 0.772050 
140729342315768 0.228366 -0.009188 0.352602 
140729362192852 -0.099336 0.130628 -0.062984 
140729382069935 -0.149004 -0.075101 -0.468317 
140729401947018 0.280830 -0.794287 -0.841691 
140729421824102 0.654738 -1.609081 -1.332245 
140729441701185 0.552472 -1.900563 -1.944372 
140729461578268 0.307994 -1.752758 -2.579136 
140729481455352 0.288021 -1.512807 -3.116163 
140729501332435 0.462458 -1.344230 -3.552255 
140729521209518 0.644485 -1.293896 -3.893672 
140729541087487 0.731437 -1.297225 -4.112450 
140729560965612 0.741290 -1.437041 -4.229363 
140729580843737 0.798948 -1.878992 -4.282626 
140729600721862 0.921986 -2.475273 -4.298339 
140729620599987 1.048353 -2.942524 -4.264250 
140729640478112 0.991760 -3.020955 -4.111252 
140729660356237 0.715990 -2.638525 -3.845469 
140729680234362 0.375106 -2.121606 -3.531749 
140729700112487 0.103197 -1.702824 -3.210039 
140729719990612 -0.081093 -1.409743 -2.822549 
140729739868737 -0.309725 -1.138501 -2.405765 
140729759746862 -0.546480 -0.789094 -1.999367 
140729779624987 -0.713194 -0.473110 -1.629454 
140729799503112 -0.857670 -0.234092 -1.341966 
140729819381237 -0.773248 -0.535828 -0.925847 
140729839259362 -0.229564 -1.323324 -0.183625 
140729859137487 0.433962 -1.459677 0.722915 
140729879015612 0.772449 -0.518251 1.712411 
140729898893737 0.555535 0.914928 3.072354 
140729918771862 0.407596 1.806021 4.059054 
140729938649987 0.554337 2.252234 3.924564 
140729958528112 0.612127 3.012432 3.351053 
140729978406237 0.501207 3.376886 3.349588 
140729998284362 0.300804 3.214966 3.797132 
140730018162487 0.032491 3.043725 4.096604 
140730038040612 -0.240616 3.020955 4.047869 
140730057917852 -0.505601 2.988597 3.734947 
140730077794935 -0.717322 2.903509 3.530950 
140730097672018 -0.685497 2.561959 3.537607 
140730117549102 -0.319313 2.009087 3.515636 
140730137426185 0.085221 1.664474 3.227749 
140730157303268 0.239951 1.541303 2.895786 
140730177180352 0.070441 1.156610 2.704971 
140730197057435 -0.296010 0.497744 2.557698 
140730216934518 -0.744752 -0.029694 2.176200 
140730236811602 -1.098420 -0.176035 1.508946 
140730256688685 -1.267397 0.094276 0.905341 
140730276565768 -1.253416 0.441419 0.481233 
140730296442852 -1.064598 0.741823 0.154330 
140730316319935 -0.720118 0.876845 -0.270976 
140730336197018 -0.241149 0.632367 -0.750345 
140730356074102 0.458862 -0.008389 -1.185505 
140730375951185 1.073919 -0.796285 -1.681119 
140730395828268 0.994690 -1.150618 -2.405632 
140730415705352 0.357929 -0.952745 -3.181277 
140730435582435 -0.109190 -0.462724 -3.771300 
140730455459518 -0.040347 -0.268580 -4.172371 
140730475336602 0.367516 -0.431432 -4.363187 
140730495213685 0.695484 -0.601474 -4.399938 
140730515091654 0.781770 -0.680570 -4.368247 
140730534969779 0.792024 -0.822517 -4.322574 
140730554847904 0.838496 -0.992693 -4.235089 
140730574726029 0.881373 -1.049684 -4.092077 
140730594604154 0.778841 -0.998818 -3.928026 
140730614482279 0.443017 -0.849548 -3.742138 
140730634360404 0.089349 -0.928777 -3.417499 
140730654238529 -0.172839 -1.139566 -2.827875 
140730674116654 -0.340085 -1.244494 -2.032124 
140730693994779 -0.448875 -1.027580 -1.272990 
140730713872904 -0.632633 -0.548344 -0.573245 
140730733751029 -0.867391 -0.081226 0.107325 
140730753629154 -1.102148 0.183891 0.765791 
140730773507279 -1.291100 0.261522 1.471262 
140730793385404 -1.360075 0.297342 2.215216 
140730813263529 -1.439038 0.423842 2.929874 
140730833141654 -1.708550 0.696017 3.602056 
140730853019779 -1.960485 0.871252 4.148270 
140730872897904 -1.842507 0.930774 4.463854 
140730892776029 -1.434777 1.082441 4.518715 
140730912654154 -1.018792 1.352219 4.367448 
140730932532279 -0.763794 1.611211 4.037615 
140730952410404 -0.747948 1.830922 3.778224 
140730972288529 -0.864728 1.963547 3.672230 
140730992166654 -0.969257 1.977795 3.608048 
140731012044414 -1.030909 1.957688 3.471961 
140731031921498 -1.159273 1.976996 3.216164 
140731051798581 -1.408944 2.066745 2.956373 
140731071675664 -1.666472 2.095507 2.755571 
140731091552748 -1.750095 2.030126 2.655170 
140731111429831 -1.541836 1.775928 2.581267 
140731131306914 -1.164599 1.466469 2.433994 
140731151183998 -0.840626 1.124652 2.170608 
140731171061081 -0.604670 0.698946 1.783651 
140731190938164 -0.413722 0.174171 1.308277 
140731210815248 -0.241149 -0.239285 0.875514 
140731230692331 -0.051266 -0.451805 0.573378 
140731250569414 0.131427 -0.558331 0.309992 
140731270446498 0.305731 -0.621182 0.035819 
140731290323581 0.493750 -0.669119 -0.291216 
140731310200664 0.677241 -0.743155 -0.669918 
140731330077748 0.927578 -1.022919 -1.027047 
140731349954831 1.321992 -1.572196 -1.337039 
140731369831914 1.658882 -2.098969 -1.710148 
140731389708998 1.796567 -2.306163 -2.228931 
140731409586081 1.838246 -2.272341 -2.824680 
140731429463164 1.831055 -2.157292 -3.305646 
140731449340248 1.746100 -2.014147 -3.537607 
140731469217331 1.566870 -1.916809 -3.602588 
140731489094779 1.424524 -1.883253 -3.618567 
140731508972904 1.368864 -1.951563 -3.664374 
140731528851029 1.355015 -2.015878 -3.733483 
140731548729154 1.275653 -2.024667 -3.742138 
140731568607279 1.146889 -1.952761 -3.605252 
140731588485404 0.935568 -1.733850 -3.414170 
140731608363529 0.699479 -1.449158 -3.267829 
140731628241654 0.519183 -1.224254 -3.141196 
140731648119779 0.376571 -1.052081 -2.921485 
140731667997904 0.305997 -0.906273 -2.621214 
140731687876029 0.363521 -0.778042 -2.281129 
140731707754154 0.489622 -0.637294 -1.904558 
140731727632279 0.474575 -0.458330 -1.491502 
140731747510404 0.317582 -0.062451 -1.010669 
140731767388529 0.146740 0.371777 -0.454335 
140731787266654 0.053663 0.684565 0.179097 
140731807144779 -0.109855 0.704139 1.006275 
140731827022904 -0.206927 0.369780 1.887780 
140731846901029 -0.086420 0.100534 2.339718 
140731866779154 0.062717 0.223972 2.355431 
140731886657279 0.057391 0.548744 2.285523 
140731906535404 0.032091 0.811731 2.384060 
140731926413529 0.009055 0.963664 2.568617 
140731946291654 -0.064582 1.154080 2.747981 
140731966169414 -0.184291 1.431714 2.866092 
140731986046498 -0.333960 1.629188 2.983804 
140732005923581 -0.486692 1.597762 3.105510 
140732025800664 -0.498144 1.403085 3.223621 
140732045677748 -0.282961 1.131177 3.276884 
140732065554831 0.012251 0.768455 3.149851 
140732085431914 0.017710 0.331297 2.813627 
140732105308998 -0.269512 -0.002397 2.387655 
140732125186081 -0.606002 -0.065647 2.024400 
140732145063164 -0.805872 0.075234 1.661012 
140732164940248 -0.891226 0.382829 1.287105 
140732184817331 -0.927179 0.639558 1.017726 
140732204694414 -0.710531 0.606668 0.879508 
140732224571498 -0.231295 0.289885 0.758468 
140732244448581 0.248606 -0.026232 0.462191 
140732264325664 0.467917 -0.159257 0.003462 
140732284202748 0.371644 -0.060321 -0.416385 
140732304079831 0.395745 -0.208392 -0.695085 
140732323956914 0.604670 -0.662194 -0.989230 
140732343833998 0.619850 -1.014530 -1.528653 
140732363711081 0.375505 -1.133973 -2.145707 
140732383588164 0.170842 -1.135305 -2.636927 
140732403465248 0.156194 -1.110005 -3.007372 
140732423342331 0.278167 -1.077381 -3.273688 
140732443219414 0.417850 -0.999883 -3.476355 
140732463096862 0.542086 -0.891626 -3.636810 
140732482974987 0.705071 -0.917458 -3.752524 
140732502853112 0.873783 -1.075117 -3.864111 
140732522731237 0.975915 -1.312005 -3.920703 
140732542609362 0.924116 -1.306945 -3.932287 
140732562487487 0.658466 -1.041029 -3.919504 
140732582365612 0.272042 -0.611594 -3.837080 
140732602243737 -0.225969 -0.077232 -3.667436 
140732622121862 -0.654338 0.475108 -3.489671 
140732641999987 -0.875913 0.856871 -3.238535 
140732661878112 -0.831305 0.696549 -2.814560 
140732681756237 -0.600676 0.051665 -2.196973 
140732701634362 -0.282162 -0.387623 -1.342632 
140732721512487 -0.208259 -0.099469 -0.416784 
140732741390612 -0.265384 0.328234 0.528903 
140732761268737 -0.254332 0.427304 1.437840 
140732781146862 -0.218512 0.209058 2.333061 
140732801024987 -0.238752 0.020506 3.055842 
140732820903112 -0.275504 0.095075 3.430681 
140732840781237 -0.250071 0.293613 3.458245 
140732860659362 -0.143411 0.485893 3.443731 
140732880537487 -0.184024 0.566720 3.630552 
140732900415612 -0.334226 0.643819 3.984485 
140732920293373 -0.535694 0.866059 4.365717 
140732940170456 -0.664192 1.052081 4.458261 
140732960047539 -0.766324 1.099485 4.249070 
140732979924623 -0.820786 1.083240 3.878492 
140732999801706 -0.733967 0.923450 3.547594 
140733019678789 -0.674711 0.693353 3.340267 
140733039555873 -0.710398 0.606801 3.178880 
140733059432956 -0.816924 0.737961 3.000848 
140733079310039 -0.964463 0.934503 2.787795 
140733099187123 -1.127448 1.110404 2.508163 
140733119064206 -1.211871 1.186038 2.163817 
140733138941289 -1.157942 1.108939 1.800162 
140733158818373 -0.909336 0.858070 1.457946 
140733178695456 -0.617587 0.567253 1.130511 
140733198572539 -0.383362 0.381498 0.749013 
140733218449623 -0.253533 0.273107 0.367649 
140733238326706 -0.187087 0.203865 0.053529 
140733258203789 -0.124103 0.188419 -0.178565 
140733278080873 0.163518 -0.023968 -0.402803 
140733297957956 0.688560 -0.555402 -0.862464 
140733317835039 1.078713 -1.044092 -1.549293 
140733337712123 1.140098 -1.427986 -2.177532 
140733357589206 1.105078 -1.623861 -2.626141 
140733377466289 1.052347 -1.657683 -2.984336 
140733397343373 0.970855 -1.513074 -3.369296 
140733417220456 0.949017 -1.298556 -3.763710 
140733437097539 1.074185 -1.209474 -4.071438 
140733456974623 1.210006 -1.361806 -4.232692 
140733476852591 1.248622 -1.567003 -4.267979 
140733496730716 1.167130 -1.782053 -4.252666 
140733516608841 0.976714 -1.907221 -4.245209 
140733536486966 0.838229 -1.848499 -4.233491 
140733556365091 0.698280 -1.776727 -4.199269 
140733576243216 0.532099 -1.672597 -4.138949 
140733596121341 0.335958 -1.435310 -3.931888 
140733615999466 0.073636 -1.094958 -3.490070 
140733635877591 -0.193479 -0.667255 -2.938263 
140733655755716 -0.312255 -0.364453 -2.324139 
140733675633841 -0.351404 -0.295611 -1.632783 
140733695511966 -0.374573 -0.103197 -0.912531 
140733715390091 -0.364453 0.097605 -0.240616 
140733735268216 -0.301336 0.289885 0.472578 
140733755146341 -0.295078 0.545681 1.365934 
140733775024466 -0.283493 0.694685 2.294312 
140733794902591 -0.135422 0.716523 2.865426 
140733814780716 0.036352 0.792024 3.034670 
140733834658841 0.010519 0.978578 3.039597 
140733854536966 -0.229165 1.160605 3.163034 
140733874415091 -0.482431 1.317997 3.413105 
140733894293216 -0.617986 1.396161 3.664374 
140733914170456 -0.680570 1.436641 3.868105 
140733934047539 -0.684965 1.406547 3.938413 
140733953924623 -0.692288 1.297225 3.857719 
140733973801706 -0.738494 1.169127 3.746932 
140733993678789 -0.788029 1.004144 3.652390 
140734013555873 -0.806005 0.786431 3.506049 
140734033432956 -0.766857 0.468583 3.341998 
140734053310039 -0.671915 0.216515 3.203115 
140734073187123 -0.584830 0.148338 3.029343 
140734093064206 -0.598545 0.286955 2.813761 
140734112941289 -0.627573 0.417717 2.549309 
140734132818373 -0.590822 0.447677 2.192978 
140734152695456 -0.479635 0.385492 1.707484 
140734172572539 -0.321310 0.239817 1.126916 
140734192449623 -0.139017 0.108923 0.614391 
140734212326706 -0.083091 0.012117 0.247008 
140734232203789 -0.113983 -0.032624 -0.110388 
140734252080873 0.043809 -0.264052 -0.529836 
140734271957956 0.430899 -0.710930 -1.153414 
140734291835039 0.690557 -1.137169 -1.889378 
140734311712123 0.731037 -1.475923 -2.513356 
140734331589206 0.737029 -1.709349 -2.921885 
140734351466289 0.705071 -1.728390 -3.187935 
140734371343373 0.636096 -1.512142 -3.476355 
140734391220456 0.620250 -1.279648 -3.804722 
140734411097539 0.630503 -1.128780 -4.094607 
140734430974623 0.654471 -1.123454 -4.285023 
140734450851706 0.735698 -1.287371 -4.355197 
140734470728789 0.803076 -1.524792 -4.355730 
140734490606758 0.794420 -1.661944 -4.326035 
140734510484883 0.719852 -1.715341 -4.258391 
140734530363008 0.587759 -1.729056 -4.103528 
140734550241133 0.333428 -1.564872 -3.871168 
140734570119258 0.102532 -1.204280 -3.523360 
140734589997383 -0.074702 -0.846751 -3.018691 
140734609875508 -0.306130 -0.384826 -2.311223 
140734629753633 -0.490288 0.046738 -1.519066 
140734649631758 -0.583631 0.515721 -0.832370 
140734669509883 -0.762862 0.823715 -0.213585 
140734689388008 -0.772582 0.730638 0.443682 
140734709266133 -0.508663 0.398675 1.165132 
140734729144258 -0.269645 0.321177 1.937182 
140734749022383 -0.165116 0.558065 2.524009 
140734768900508 -0.141281 0.907605 2.863562 
140734788778633 -0.054062 1.191098 2.888995 
140734808656758 -0.000932 1.334908 2.827875 
140734828534883 -0.108657 1.388305 2.956906 
140734848413008 -0.286689 1.350488 3.216697 
140734868291133 -0.428103 1.244361 3.442666 
140734888169258 -0.439821 1.288170 3.569033 
140734908046498 -0.478037 1.654354 3.634147 
140734927923581 -0.691622 1.945305 3.702457 
140734947800664 -0.987499 1.864344 3.778224 
140734967677748 -1.162868 1.459811 3.777158 
140734987554831 -1.039830 0.916659 3.548660 
140735007431914 -0.813995 0.456998 3.109904 
140735027308998 -0.677508 0.278966 2.767022 
140735047186081 -0.672048 0.234624 2.614557 
140735067063164 -0.676576 0.247407 2.594982 
140735086940248 -0.587892 0.259525 2.484594 
140735106817331 -0.421045 0.321310 2.168611 
140735126694414 -0.261522 0.360325 1.660480 
140735146571498 -0.151134 0.331297 1.081509 
140735166448581 -0.151800 0.250870 0.621714 
140735186325664 -0.138884 0.095208 0.309592 
140735206202748 0.017044 -0.196941 0.056059 
140735226079831 0.437557 -0.684299 -0.405200 
140735245956914 0.808136 -1.106276 -1.190565 
140735265833998 0.874581 -1.341833 -2.160488 
140735285711081 0.778841 -1.501223 -2.849181 
140735305588164 0.727176 -1.630785 -3.278216 
140735325465248 0.677508 -1.589906 -3.623894 
140735345342331 0.604803 -1.355548 -4.027096 
140735365219414 0.501340 -1.121589 -4.427901 
140735385096498 0.475374 -1.071922 -4.709530 
140735404973581 0.548344 -1.291765 -4.829506 
140735424850664 0.651276 -1.609747 -4.765590 
140735444727748 0.673912 -1.746100 -4.636693 
140735464604831 0.616255 -1.632117 -4.509794 
140735484481914 0.538091 -1.470863 -4.331628 
140735504358998 0.450740 -1.430250 -4.052928 
140735524236081 0.332229 -1.416801 -3.655053 
140735544114050 0.162852 -1.314402 -3.190464 
140735563992175 0.018376 -1.081642 -2.726143 
140735583870300 -0.056725 -0.784700 -2.237720 
140735603748425 -0.095474 -0.531167 -1.673795 
140735623626550 -0.173372 -0.264452 -1.118660 
140735643504675 -0.299739 0.052597 -0.574044 
140735663382800 -0.346743 0.362323 0.073903 
140735683260925 -0.217713 0.545282 0.836232 
140735703139050 -0.061918 0.729839 1.782053 
140735723017175 0.098803 0.915727 2.701509 
140735742895300 0.205196 1.053812 3.157841 
140735762773425 0.230896 1.200153 3.190331 
140735782651550 0.084555 1.248489 3.093392 
140735802529675 -0.249272 1.261139 3.186203 
140735822407800 -0.508264 1.243695 3.454384 
140735842285925 -0.601075 1.262471 3.813644 
140735862164050 -0.617054 1.364736 4.097936 
140735882042175 -0.664059 1.546630 4.212985 
140735901920300 -0.759000 1.662344 4.189149 
140735921797539 -0.805606 1.581118 4.156126 
140735941674623 -0.775911 1.313603 4.152265 
140735961551706 -0.747149 0.996954 4.085419 
140735981428789 -0.770851 0.754606 3.906988 
140736001305873 -0.791624 0.614258 3.674361 
140736021182956 -0.821318 0.614258 3.425888 
140736041060039 -0.902278 0.773914 3.218028 
140736060937123 -1.023718 0.948351 2.928410 
140736080814206 -1.078313 1.018792 2.522145 
140736100691289 -0.896286 0.866858 2.079262 
140736120568373 -0.558065 0.606934 1.610945 
140736140445456 -0.277102 0.351936 1.075783 
140736160322539 -0.153265 0.233825 0.549543 
140736180199623 -0.011984 0.162320 0.080294 
140736200076706 0.285757 -0.075501 -0.482831 
140736219953789 0.552606 -0.343548 -1.359809 
140736239830873 0.612527 -0.552472 -2.403767 
140736259707956 0.536760 -0.779107 -3.152781 
140736279585039 0.518917 -1.013332 -3.596596 
140736299462123 0.512392 -1.109738 -3.921768 
140736319339206 0.530768 -1.037700 -4.219776 
140736339216289 0.556201 -0.901346 -4.536425 
140736359093373 0.530102 -0.763528 -4.793420 
140736378970456 0.528903 -0.727442 -4.945753 
140736398847539 0.611728 -0.768321 -4.929774 
140736418724623 0.745418 -0.873916 -4.847615 
140736438601706 0.904808 -1.094159 -4.747214 
140736458478789 0.998951 -1.354483 -4.615788 
140736478355873 0.965395 -1.484312 -4.389818 
140736498232956 0.745951 -1.395362 -4.099134 
140736518110039 0.456998 -1.125851 -3.716305 
140736537987123 0.131427 -0.766724 -3.282210 
140736557864206 -0.094942 -0.380832 -2.830405 
140736577741289 -0.177500 -0.203865 -2.258093 
140736597618373 -0.161920 -0.145542 -1.621331 
140736617495456 -0.159124 0.051399 -1.022919 
140736637373425 -0.178964 0.314652 -0.433962 
140736657251550 -0.248872 0.479235 0.178165 
140736677129675 -0.376571 0.423442 1.147555 
140736697007800 -0.423043 0.264319 2.310291 
140736716885925 -0.297741 0.348741 3.067160 
140736736764050 -0.094942 0.651009 3.263968 
140736756642175 0.040879 0.923983 3.147055 
140736776520300 0.063650 0.955142 3.169825 
140736796398425 0.040081 0.865660 3.430948 
140736816276550 0.037417 0.798415 3.721498 
140736836154675 0.013982 0.871918 3.935483 
140736856032800 -0.020373 1.002413 4.074500 
140736875910925 -0.085621 1.095091 4.141212 
140736895789050 -0.249671 1.154480 4.150800 
140736915667175 -0.494415 1.168994 4.160121 
140736935545300 -0.786697 1.136503 4.156792 
140736955423425 -1.077115 1.057541 4.103262 
140736975301550 -1.265267 0.936500 3.999532 
140736995178789 -1.334908 0.866459 3.862513 
140737015055873 -1.283376 0.904808 3.679820 
140737034932956 -1.183242 0.944356 3.419097 
140737054810039 -1.026515 0.957406 3.066228 
140737074687123 -0.829574 0.956873 2.609230 
140737094564206 -0.631568 0.960202 2.061418 
140737114441289 -0.516253 0.953810 1.483646 
140737134318373 -0.506932 1.008139 0.929842 
140737154195456 -0.483230 1.032374 0.348075 
140737174072539 -0.189084 0.915594 -0.161654 
140737193949623 0.377236 0.480034 -0.537825 
140737213826706 0.887231 -0.281629 -0.989896 
140737233703789 1.080044 -1.103613 -1.544233 
140737253580873 0.916260 -1.812280 -2.104828 
140737273457956 0.650743 -2.127198 -2.520014 
140737293335039 0.439821 -1.974333 -2.898449 
140737313212123 0.290950 -1.621997 -3.426820 
140737333089206 0.316783 -1.317864 -4.088615 
140737352966289 0.460460 -1.125851 -4.730969 
140737372843373 0.607200 -1.012666 -5.203946 
140737392720456 0.666056 -0.961267 -5.419662 
140737412597539 0.668986 -0.960335 -5.416732 
140737432474623 0.674312 -1.028911 -5.262003 
140737452351706 0.649411 -1.164466 -5.074250 
140737472228789 0.589890 -1.289635 -4.861197 
140737492105873 0.518650 -1.460876 -4.601273 
140737511982956 0.391884 -1.600559 -4.287686 
140737531860039 0.188685 -1.669534 -3.990478 
140737551737123 0.034754 -1.670067 -3.683016 
140737571614206 -0.058190 -1.360741 -3.233208 
140737591491289 -0.169510 -0.764593 -2.627207 
140737611368373 -0.213319 -0.188419 -1.965545 
140737631245456 -0.089882 0.111320 -1.241565 
140737651122539 0.164184 0.066446 -0.381498 
140737670999623 0.292814 0.247807 0.580169 
140737690876706 0.254199 0.734100 1.612143 
140737710753789 0.285491 1.153547 2.405898 
140737730630873 0.462191 1.441035 2.741190 
140737750507956 0.720651 1.595099 2.712561 
140737770385039 0.832104 1.564739 2.673812 
140737790262123 0.676043 1.386840 2.834400 
140737810139206 0.328101 1.305481 3.187002 
140737830016289 -0.056592 1.268862 3.689141 
140737849893373 -0.411724 1.317864 4.176632 
140737869770820 -0.712661 1.485776 4.470246 
140737889648945 -0.835699 1.569799 4.548143 
140737909527070 -0.712528 1.512541 4.511658 
140737929405195 -0.479901 1.315867 4.341881 
140737949283320 -0.399208 0.977912 4.031623 
140737969161445 -0.464721 0.694019 3.670366 
140737989039570 -0.502272 0.605869 3.400055 
140738008917695 -0.335824 0.721450 3.235073 
140738028795820 -0.156327 0.759799 3.030276 
140738048673945 -0.050467 0.712928 2.734665 
140738068552070 0.061120 0.521047 2.384060 
140738088430195 0.128764 0.254864 1.995505 
140738108308320 0.003862 0.118910 1.549026 
140738128186445 -0.265783 0.202933 0.989896 
140738148064570 -0.489355 0.385759 0.349939 
140738167942695 -0.396411 0.430899 -0.262454 
140738187820456 0.115714 0.200669 -0.830373 
140738207697539 0.659798 -0.346743 -1.540771 
140738227574623 0.890960 -0.896419 -2.325737 
140738247451706 0.869255 -1.336240 -2.994057 
140738267328789 0.764726 -1.643702 -3.419230 
140738287205873 0.535295 -1.739576 -3.565704 
140738307082956 0.231029 -1.616138 -3.616171 
140738326960039 0.056459 -1.409876 -3.784482 
140738346837123 0.087884 -1.210273 -4.071038 
140738366714206 0.179763 -1.093893 -4.366383 
140738386591289 0.303600 -0.954077 -4.494214 
140738406468373 0.365519 -0.832770 -4.474773 
140738426345456 0.325172 -0.802809 -4.424839 
140738446222539 0.357263 -1.020789 -4.334424 
140738466099623 0.355798 -1.299622 -4.211919 
140738485976706 0.267248 -1.433845 -4.046937 
140738505853789 0.146474 -1.418132 -3.783816 
140738525730873 -0.025699 -1.272591 -3.446261 
140738545607956 -0.220909 -0.924116 -3.076881 
140738565485039 -0.349273 -0.527305 -2.654504 
140738585362123 -0.352469 -0.188019 -2.114948 
140738605239206 -0.379367 0.093876 -1.381114 
140738625116289 -0.443017 0.327702 -0.506932 
140738644993373 -0.463922 0.547812 0.370579 
140738664870456 -0.453669 0.684032 1.321060 
140738684747539 -0.482431 0.729706 2.323740 
140738704624623 -0.521846 0.725045 3.008038 
140738724501706 -0.421978 0.716789 3.224952 
140738744378789 -0.290817 0.931573 3.151183 
140738764255873 -0.278167 1.210406 3.157042 
140738784132956 -0.426771 1.417866 3.396060 
140738804010039 -0.625443 1.482980 3.680220 
140738823887123 -0.768588 1.541170 3.892606 
140738843764206 -0.866991 1.565938 3.892740 
140738863641289 -0.890827 1.601757 3.700326 
140738883518373 -0.825180 1.658083 3.430815 
140738903395456 -0.833302 1.741839 3.218428 
140738923272539 -0.957938 1.757419 3.115497 
140738943149623 -1.055010 1.450756 2.988997 
140738963026706 -1.118926 1.168328 2.830272 
140738982903789 -1.166863 1.034504 2.684331 
140739002780873 -1.174320 1.038099 2.524542 
140739022657956 -1.185505 1.040097 2.382063 
140739042535039 -1.130378 0.954876 2.242380 
140739062412123 -0.882438 0.718387 2.064747 
140739082289206 -0.545016 0.428902 1.746633 
140739102166289 -0.294412 0.276702 1.233043 
140739122043373 -0.215450 0.198672 0.676043 
140739141920456 -0.319979 0.206661 0.185223 
140739161797539 -0.244611 0.070707 -0.227434 
140739181674623 0.117712 -0.298940 -0.714392 
140739201551706 0.500274 -0.773381 -1.408678 
140739221428789 0.711330 -1.178581 -2.074068 
140739241305873 0.801345 -1.538241 -2.498842 
140739261182956 0.875247 -1.757285 -2.755837 
140739281060039 0.774314 -1.638908 -2.998850 
140739300937123 0.524509 -1.290700 -3.322824 
140739320814570 0.314919 -0.966594 -3.658248 
140739340692695 0.235024 -0.763528 -3.893539 
140739360570820 0.346477 -0.794820 -4.016044 
140739380448945 0.539556 -1.000416 -4.104993 
140739400327070 0.683766 -1.173787 -4.153996 
140739420205195 0.724912 -1.293097 -4.142411 
140739440083320 0.739426 -1.398558 -4.017509 
140739459961445 0.702009 -1.430782 -3.756519 
140739479839570 0.582167 -1.363404 -3.400588 
140739499717695 0.324240 -1.157143 -3.008970 
140739519595820 0.044342 -0.675510 -2.500174 
140739539473945 -0.119443 -0.236888 -1.767938 
140739559352070 -0.025034 -0.125035 -0.912398 
140739579230195 0.276436 -0.197074 -0.042211 
140739599108320 0.520781 -0.064715 0.649944 
140739618986081 0.370046 0.314253 1.142362 
140739638863164 -0.269911 0.831305 1.642903 
140739658740248 -0.858469 1.192696 2.267414 
140739678617331 -0.974317 1.191630 2.779939 
140739698494414 -0.733567 1.062201 2.979143 
140739718371498 -0.450340 1.039697 2.989263 
140739738248581 -0.349140 1.176184 3.091129 
140739758125664 -0.423575 1.326653 3.356246 
140739778002748 -0.558198 1.505883 3.644533 
140739797879831 -0.692022 1.722265 3.873032 
140739817756914 -0.832370 1.877394 4.007921 
140739837633998 -0.974450 1.951430 4.027096 
140739857511081 -1.006008 1.807886 3.904591 
140739877388164 -0.983638 1.534645 3.737211 
140739897265248 -1.038898 1.306945 3.511908 
140739917142331 -1.162602 1.198555 3.196457 
140739937019414 -1.324256 1.288836 2.904574 
140739956896498 -1.364736 1.476056 2.717887 
140739976773581 -1.298290 1.539439 2.555168 
140739996650664 -1.131976 1.472594 2.405632 
140740016527748 -0.856605 1.178847 2.180595 
140740036404831 -0.470314 0.798548 1.848099 
140740056281914 -0.177233 0.509596 1.432646 
140740076158998 -0.113451 0.343414 0.954876 
140740096036081 -0.204531 0.353268 0.585096 
140740115913164 -0.258460 0.329566 0.270177 
140740135790248 -0.067644 0.068976 -0.039282 
140740155667331 0.339952 -0.371910 -0.502938 
140740175544414 0.682168 -0.775778 -1.189101 
140740195421498 0.859668 -1.149952 -1.939579 
140740215298581 0.943824 -1.536776 -2.568218 
140740235175664 1.016927 -1.846102 -3.088865 
140740255052748 0.945688 -1.773531 -3.467566 
140740274929831 0.742622 -1.432513 -3.815508 
140740294806914 0.503737 -1.054078 -4.177165 
140740314683998 0.385492 -0.776977 -4.531898 
140740334561081 0.437024 -0.793888 -4.827242 
140740354438164 0.517718 -0.965928 -4.973450 
140740374315248 0.551407 -1.129978 -4.977578 
140740394192331 0.521180 -1.165532 -4.944954 
140740414069414 0.528104 -1.189367 -4.862263 
140740433946498 0.525841 -1.226784 -4.650142 
140740453823581 0.452471 -1.217064 -4.294344 
140740473700664 0.317715 -1.006142 -3.836014 
140740493577748 0.084688 -0.583099 -3.221224 
140740513454831 -0.164983 -0.280830 -2.452770 
140740533331914 -0.160722 -0.421978 -1.741972 
140740553208998 -0.011052 -0.586561 -1.051282 
140740573086081 0.014914 -0.491486 -0.224771 
140740592963164 0.009188 -0.167646 0.653806 
140740612840248 0.088950 0.119975 1.508546 
140740632717331 0.256862 0.295744 2.311356 
140740652594414 0.331164 0.504136 3.102314 
140740672471498 0.226768 0.655137 3.704321 
140740692348581 0.151800 0.751144 3.958253 
140740712225664 0.187620 0.837963 3.891541 
140740732102748 0.146074 0.945421 3.827892 
140740751979831 -0.035553 1.018259 3.979559 
140740771856914 -0.228499 1.135438 4.200867 
140740791733998 -0.306929 1.180845 4.391949 
140740811611081 -0.358062 1.227983 4.426570 
140740831488164 -0.478969 1.379250 4.285689 
140740851365248 -0.577506 1.390036 4.076897 
140740871242331 -0.676842 1.205612 3.930423 
140740891119414 -0.820919 0.981241 3.839477 
140740910996498 -0.981108 0.845686 3.758383 
140740930873581 -1.010935 0.696283 3.632549 
140740950750664 -0.902411 0.554337 3.437340 
140740970627748 -0.800679 0.498144 3.107241 
140740990504831 -0.799614 0.510661 2.689391 
140741010381914 -0.839028 0.532232 2.262220 
140741030258998 -0.816791 0.583898 1.847567 
140741050136081 -0.675510 0.571913 1.414404 
140741070013164 -0.471246 0.403602 0.872051 
140741089890248 -0.306130 0.164716 0.259658 
140741109767331 -0.177366 -0.030493 -0.298673 
140741129644414 0.040746 -0.204664 -0.738361 
140741149521498 0.453669 -0.462724 -1.287904 
140741169398581 0.851945 -0.755671 -2.029194 
140741189275664 1.012000 -1.055809 -2.809633 
140741209152748 0.964996 -1.390835 -3.412306 
140741229029831 0.903344 -1.745035 -3.820168 
140741248906914 0.893090 -1.859151 -4.167977 
140741268783998 0.784966 -1.719868 -4.603670 
140741288661081 0.602673 -1.381248 -5.045754 
140741308538164 0.481366 -1.126250 -5.363336 
140741328415248 0.494149 -1.203881 -5.559345 
140741348292331 0.733301 -1.694302 -5.508878 
140741368169414 1.012666 -2.667820 -5.309141 
140741388046498 1.123054 -3.823098 -4.969721 
140741407923581 0.920521 -4.207924 -4.539355 
140741427800664 0.420779 -3.674760 -4.226833 
140741447677748 -0.047005 -2.706568 -4.013247 
140741467554831 -0.321177 -1.927595 -3.735613 
140741487431914 -0.467251 -1.333177 -3.264900 
140741507309883 -0.613991 -0.889628 -2.639057 
140741527188008 -0.651276 -0.445280 -2.005758 
140741547066133 -0.506533 -0.082425 -1.461808 
140741566944258 -0.219311 0.156327 -0.881506 
140741586822383 0.069642 0.317049 -0.179364 
140741606700508 0.316516 0.563524 0.634897 
140741626578633 0.428502 0.893090 1.570598 
140741646456758 0.404933 1.270061 2.375405 
140741666334883 0.402137 1.580984 2.789393 
140741686213008 0.532366 1.725061 2.821484 
140741706091133 0.594151 1.779390 2.887930 
140741725969258 0.498144 1.788711 3.228548 
140741745847383 0.402803 1.679122 3.687809 
140741765725143 0.509862 1.530118 4.162917 
140741785602227 0.693487 1.425589 4.494081 
140741805479310 0.714126 1.417333 4.569448 
140741825356393 0.538091 1.478053 4.421776 
140741845233477 0.254465 1.583514 4.234956 
140741865110560 0.052331 1.633981 4.126565 
140741884987643 -0.107991 1.616005 4.066777 
140741904864727 -0.267781 1.458479 4.010984 
140741924741810 -0.455933 1.188967 3.861714 
140741944618893 -0.623446 0.943158 3.613774 
140741964495977 -0.673247 0.913064 3.386739 
140741984373060 -0.759799 0.979377 3.115497 
140742004250143 -0.957672 0.814261 2.734532 
140742024127227 -0.946354 0.229298 2.293912 
140742044004310 -0.412124 -0.480567 2.004826 
140742063881393 0.231295 -0.700810 1.929592 
140742083758477 0.344213 -0.304932 1.768737 
140742103635560 0.147672 0.378435 1.088566 
140742123512643 0.147938 0.755405 -0.005992 
140742143389727 0.497079 0.525974 -1.179780 
140742163266810 0.830506 -0.012117 -2.257160 
140742183143893 0.835433 -0.368049 -3.175418 
140742203020977 0.614657 -0.540754 -3.949598 
140742222898060 0.333028 -0.712928 -4.514454 
140742242775143 0.112652 -0.881106 -4.852942 
140742262652227 -0.054728 -1.080843 -4.989695 
140742282529310 -0.180163 -1.148221 -4.992225 
140742302406393 -0.247807 -1.016261 -4.983703 
140742322283477 -0.205330 -0.880440 -5.036034 
140742342160560 -0.016245 -0.821185 -5.051347 
140742362037643 0.170708 -0.870454 -4.993290 
140742381914727 0.328767 -1.013465 -4.824446 
140742401791810 0.457930 -1.360209 -4.600341 
140742421668893 0.416119 -1.564739 -4.379565 
140742441545977 0.175902 -1.475923 -4.116711 
140742461423060 -0.005726 -1.371394 -3.799929 
140742481300143 -0.082292 -1.288703 -3.376886 
140742501177227 -0.074968 -1.278583 -2.908969 
140742521054310 0.011851 -1.289102 -2.497511 
140742540931393 0.139550 -1.189234 -2.013481 
140742560808477 0.223306 -0.948884 -1.417600 
140742580685560 0.245810 -0.449142 -0.653406 
140742600562643 0.111320 0.284559 0.086286 
140742620439727 -0.027830 0.911732 0.691756 
140742640316810 -0.015047 1.135172 1.528787 
140742660193893 0.002929 1.004144 2.708033 
140742680070977 0.140482 0.914396 3.681951 
140742699948060 0.453137 0.882305 4.058255 
140742719825143 0.777776 0.882571 3.861448 
140742739702227 0.905075 0.851412 3.579020 
140742759579310 0.877511 0.859401 3.634147 
140742779456393 0.760465 0.962599 3.944272 
140742799333477 0.676842 1.094958 4.383294 
140742819210560 0.645816 1.180179 4.698212 
140742839087643 0.510794 1.229581 4.763193 
140742858964727 0.215583 1.187369 4.605268 
140742878841810 -0.143145 1.070856 4.390883 
140742898718893 -0.482964 0.859934 4.237885 
140742918595977 -0.793488 0.731170 4.150534 
140742938473060 -1.093626 0.860733 4.144009 
140742958350143 -1.332512 1.244095 4.124035 
140742978227227 -1.390302 1.550358 3.981290 
140742998104310 -1.380715 1.781787 3.624959 
140743017981393 -1.346360 1.839045 3.054244 
140743037858477 -1.112135 1.732518 2.403634 
140743057735560 -0.807869 1.528653 1.788178 
140743077612643 -0.490820 1.127715 1.230646 
140743097489727 -0.125701 0.736363 0.676309 
140743117366810 0.251535 0.344480 -0.072704 
140743137243893 0.680171 -0.075367 -0.790426 
140743157120977 0.793089 -0.643552 -1.479119 
140743176998060 0.504269 -1.126916 -2.411357 
140743196875143 0.180695 -1.465004 -3.505117 
140743216752227 0.069109 -1.681785 -4.559994 
140743236629310 0.187486 -1.709349 -5.325386 
140743256506393 0.257394 -1.463406 -5.614872 
140743276383477 0.188285 -1.057940 -5.550556 
140743296260560 0.120242 -0.800945 -5.331245 
140743316137643 0.138218 -0.752875 -5.222455 
140743336014727 0.276436 -0.824115 -5.244825 
140743355891810 0.494948 -0.911466 -5.259872 
140743375768893 0.681103 -1.032906 -5.192361 
140743395645977 0.851811 -1.186837 -4.963862 
140743415523060 0.907471 -1.362472 -4.634962 
140743435400143 0.845287 -1.535311 -4.267579 
140743455277227 0.690690 -1.585778 -3.879291 
140743475154310 0.531966 -1.529719 -3.437206 
140743495031393 0.362989 -1.336640 -2.962898 
140743514908477 0.167246 -0.964863 -2.493383 
140743534785560 0.001332 -0.416252 -2.035186 
140743554662643 -0.068710 0.127166 -1.603888 
140743574539727 -0.014914 0.494149 -1.068593 
140743594416810 0.088550 0.600276 -0.299206 
140743614293893 0.127432 0.610396 0.643819 
140743634170977 0.034754 0.714925 1.633715 
140743654048060 0.000666 0.898017 2.457430 
140743673925143 0.163917 1.091762 2.951047 
140743693802227 0.509462 1.094026 3.153979 
140743713679310 0.839827 0.933304 3.258375 
140743733556393 0.863529 0.864861 3.390734 
140743753433477 0.500541 0.923051 3.601923 
140743773310560 0.030493 1.023585 3.889677 
140743793187643 -0.211987 1.096289 4.194343 
140743813064727 -0.222241 1.106809 4.420045 
140743832941810 -0.229697 0.983105 4.532697 
140743852818893 -0.360991 0.720651 4.490885 
140743872695977 -0.527439 0.399341 4.444813 
140743892573060 -0.684831 0.200802 4.432029 
140743912450143 -0.722648 0.108524 4.254796 
140743932327227 -0.716390 0.071106 3.915510 
140743952204310 -0.645949 0.148871 3.541469 
140743972081393 -0.482032 0.327968 3.008305 
140743991958477 -0.290950 0.595083 2.341583 
140744011835560 -0.135422 0.773914 1.679388 
140744031712643 -0.061386 0.852477 1.149419 
140744051589727 -0.039015 0.724512 0.647014 
140744071466810 0.102132 0.187620 0.145675 
140744091343893 0.508397 -0.600143 -0.293880 
140744111220977 0.720518 -1.068060 -1.019857 
140744131098060 0.279099 -1.041695 -2.162885 
140744150975143 -0.216914 -0.733967 -3.335474 
140744170852227 -0.263520 -0.541953 -4.155460 
140744190729310 0.204131 -0.566853 -4.399006 
140744210606393 0.860733 -0.693753 -4.209522 
140744230483477 1.245293 -0.834767 -3.955723 
140744250360560 1.315201 -0.927711 -3.921768 
140744270237643 1.237970 -1.103347 -4.118975 
140744290114727 1.134639 -1.320128 -4.357461 
140744309991810 1.034105 -1.577922 -4.459593 
140744329868893 0.818921 -1.725594 -4.414852 
140744349745977 0.493617 -1.817473 -4.324438 
140744369623060 0.078963 -1.955025 -4.251867 
140744389500143 -0.302402 -1.984986 -4.117910 
140744409377227 -0.561261 -2.025599 -3.837745 
140744429254310 -0.562992 -2.052497 -3.341333 
140744449131393 -0.500008 -1.783251 -2.754905 
140744469008477 -0.639025 -0.962333 -2.108556 
140744488885560 -0.984836 0.074169 -1.477654 
140744508762643 -1.234108 0.890294 -0.851678 
140744528639727 -1.185772 1.349689 -0.217447 
140744548516810 -0.998685 1.320794 0.572712 
140744568393893 -0.788961 1.098686 1.374057 
140744588270977 -0.490820 1.144759 1.918273 
140744608148060 -0.229431 1.451022 2.372742 
140744628025143 0.003329 1.599094 2.836664 
140744647902227 0.202400 1.397626 3.246524 
140744667779310 0.139683 1.423858 3.462373 
140744687656393 -0.034222 1.614807 3.580484 
140744707533477 -0.074702 1.808418 3.721099 
140744727410560 -0.049135 1.895903 4.041344 
140744747287643 -0.115315 1.964612 4.359991 
140744767164727 -0.190682 1.895637 4.490220 
140744787041810 -0.352735 1.810016 4.388220 
140744806918893 -0.517052 1.545964 4.141346 
140744826795977 -0.502272 0.974583 3.830555 
140744846673060 -0.448609 0.513990 3.660246 
140744866550143 -0.524509 0.429168 3.586476 
140744886427227 -0.609331 0.584563 3.373557 
140744906304310 -0.494682 0.710930 3.031341 
140744926181393 -0.234757 0.758601 2.527871 
140744946058477 -0.097472 0.832237 1.966743 
140744965935560 -0.172706 0.932905 1.462740 
140744985812643 -0.303334 0.887498 1.063799 
140745005689727 -0.294812 0.497878 0.659931 
140745025566810 -0.119176 -0.195875 0.018509 
140745045443893 -0.008922 -0.760066 -0.876845 
140745065320977 0.021172 -1.079512 -1.744769 
140745085198060 0.145009 -1.276452 -2.426804 
140745105075143 0.343814 -1.429717 -2.992592 
140745124952227 0.507065 -1.474724 -3.504851 
140745144829310 0.606401 -1.339170 -3.960118 
140745164706393 0.622513 -1.107608 -4.276767 
140745184583477 0.549543 -0.897085 -4.471311 
140745204460560 0.475241 -0.808136 -4.542018 
140745224337643 0.465387 -1.016927 -4.539088 
140745244214727 0.447810 -1.312272 -4.509927 
140745264091810 0.383761 -1.582716 -4.433095 
140745283968893 0.264984 -1.724795 -4.244943 
140745303845977 -0.099203 -1.732252 -3.961849 
140745323723060 -0.795219 -1.752758 -3.678355 
140745343600143 -1.515204 -1.454618 -3.284341 
140745363477227 -1.696166 -0.862331 -2.856904 
140745383354310 -1.212270 -0.259525 -2.333726 
140745403231393 -0.441951 0.153265 -1.591903 
140745423108477 0.113584 0.316383 -0.678040 
140745442985560 0.322375 0.346078 0.247407 
140745462862643 0.239019 0.282561 1.101616 
140745482739727 -0.115981 0.392417 1.926263 
140745502616810 -0.565788 0.652341 2.592719 
140745522493893 -0.604803 0.859801 3.009370 
140745542370977 -0.117046 0.955675 3.076881 
140745562248060 0.428902 1.075517 2.913097 
140745582125143 0.679505 1.076582 2.852909 
140745602002227 0.674445 1.052614 2.996320 
140745621879310 0.581234 0.976447 3.275819 
140745641756393 0.535694 0.785898 3.546529 
140745661633477 0.494815 0.617054 3.698995 
140745681510560 0.422910 0.525175 3.717637 
140745701387643 0.324506 0.408928 3.638808 
140745721264727 0.182426 0.393482 3.548526 
140745741141810 0.054062 0.305731 3.454117 
140745761018893 -0.054062 0.139283 3.294727 
140745780895977 -0.193079 -0.087751 3.039064 
140745800773060 -0.308660 -0.159523 2.772349 
140745820650143 -0.325704 -0.158325 2.528270 
140745840527227 -0.174970 -0.272841 2.241448 
140745860404310 0.093743 -0.500141 1.849697 
140745880281393 0.250071 -0.692155 1.387639 
140745900158477 0.312788 -0.800146 0.943957 
140745920035560 0.331430 -0.916393 0.435293 
140745939912643 0.298407 -0.958071 -0.186554 
140745959789727 0.369380 -1.006541 -0.796285 
140745979666810 0.277768 -0.945022 -1.451555 
140745999543893 -0.122638 -0.704006 -2.271941 
140746019420977 -0.446345 -0.450873 -3.045722 
140746039298060 -0.491220 -0.573112 -3.578087 
140746059175143 -0.277368 -1.163401 -3.794336 
140746079052227 0.011585 -1.606551 -3.804056 
140746098929310 0.111720 -1.530917 -3.776759 
140746118806393 -0.121840 -1.188168 -3.769302 
140746138683477 -0.565389 -0.922119 -3.722830 
140746158560560 -0.788695 -0.831172 -3.747731 
140746178437643 -0.700810 -0.906140 -3.939611 
140746198314727 -0.716656 -0.995755 -4.097404 
140746218191810 -1.129046 -0.749147 -4.080359 
140746238068893 -1.594833 -0.280297 -3.980491 
140746257945977 -1.664208 -0.010786 -3.898199 
140746277823060 -1.341566 -0.284292 -3.722297 
140746297700143 -0.900281 -0.883902 -3.351719 
140746317577227 -0.605602 -1.070190 -3.012033 
140746337454310 -0.571248 -0.557799 -2.609230 
140746357331393 -0.548211 0.131693 -2.018142 
140746377208477 -0.403069 0.344213 -1.231045 
140746397085560 -0.243812 0.238486 -0.371111 
140746416962643 -0.090547 0.229964 0.421978 
140746436839727 0.019974 0.343414 1.074452 
140746456716810 -0.030227 0.588958 1.688576 
140746476593893 -0.152732 0.929975 2.413355 
140746496470977 -0.278833 1.318530 3.051714 
140746516348060 -0.277368 1.664341 3.298056 
140746536225143 -0.072571 1.777659 3.308709 
140746556102227 0.122772 1.629188 3.517900 
140746575979310 0.132359 1.461941 4.105926 
140746595856393 -0.077365 1.456881 4.790358 
140746615733477 -0.243546 1.515870 5.064663 
140746635610560 -0.263386 1.585112 4.857336 
140746655487643 -0.289619 1.660347 4.534295 
140746675364727 -0.327835 1.563541 4.394079 
140746695241810 -0.383229 1.252617 4.369179 
140746715118893 -0.526107 0.946354 4.435225 
140746734995977 -0.670583 0.725445 4.475039 
140746754873060 -0.760998 0.683500 4.344411 
140746774750143 -0.792556 0.803209 4.119641 
140746794627227 -0.852610 0.962333 3.916042 
140746814504310 -0.978045 1.157276 3.618567 
140746834381393 -1.050483 1.291233 3.217496 
140746854258477 -1.015196 1.286039 2.724944 
140746874135560 -0.781637 1.122122 2.206827 
140746894012643 -0.498410 0.935168 1.704555 
140746913889727 -0.201734 0.767522 1.234374 
140746933766810 0.295611 0.394813 0.817324 
140746953643893 0.784433 -0.270577 0.301470 
140746973520977 0.805872 -1.091229 -0.508930 
140746993398060 0.396544 -1.559546 -1.522262 
140747013275143 0.037417 -1.523726 -2.613491 
140747033152227 -0.066180 -1.262204 -3.594466 
140747053029310 -0.036885 -0.918524 -4.424040 
140747072906393 0.016512 -0.629304 -5.011533 
140747092783477 0.099868 -0.527039 -5.295825 
140747112660560 0.217580 -0.668586 -5.321525 
140747132537643 0.298407 -0.898417 -5.193826 
140747152414727 0.327702 -1.076582 -5.010601 
140747172291810 0.367250 -1.120258 -4.791023 
140747192168893 0.370046 -1.113467 -4.675575 
140747212045977 0.356730 -1.198022 -4.577305 
140747231923060 0.287754 -1.341433 -4.423640 
140747251800143 0.139683 -1.457813 -4.205128 
140747271677227 -0.061652 -1.325721 -3.955324 
140747291554310 -0.276036 -1.068193 -3.634546 
140747311431393 -0.535162 -0.715724 -3.147055 
140747331308477 -0.789360 -0.217047 -2.487124 
140747351185560 -0.851279 0.180429 -1.718403 
140747371062643 -0.680437 0.411591 -0.920521 
140747390939727 -0.433429 0.452471 -0.159390 
140747410816810 -0.251003 0.500274 0.753141 
140747430693893 -0.173771 0.613326 1.738777 
140747450570977 -0.050334 0.913863 2.324139 
140747470448060 0.011318 1.273656 2.648112 
140747490325143 -0.019308 1.356613 2.960900 
140747510202227 0.019974 1.218262 3.302051 
140747530079310 0.139150 1.137435 3.689807 
140747549956393 0.173505 1.085104 4.095406 
140747569833477 0.068443 1.177116 4.478501 
140747589710195 -0.130362 1.349955 4.738026 
140747609586237 -0.346078 1.471395 4.830971 
140747629462279 -0.538091 1.404017 4.796882 
140747649338320 -0.662328 1.117328 4.656267 
140747669214362 -0.830639 0.781770 4.437489 
140747689090404 -1.005742 0.548344 4.248138 
140747708966445 -1.044491 0.338488 4.105393 
140747728842487 -0.968458 0.362589 4.077430 
140747748718529 -1.008672 0.545948 4.008188 
140747768594570 -1.079512 0.811997 3.713908 
140747788470612 -1.064065 0.868057 3.242796 
140747808346654 -0.906273 0.714259 2.620149 
140747828222695 -0.642753 0.591488 1.991377 
140747848098737 -0.396145 0.582966 1.443299 
140747867975143 -0.208392 0.573511 0.915061 
140747887852227 0.230230 0.210123 0.399740 
140747907729310 0.842757 -0.550076 -0.276436 
140747927606393 1.063133 -1.273789 -1.208941 
140747947483477 0.814527 -1.734649 -2.249970 
140747967360560 0.405066 -2.010818 -3.184606 
140747987237643 0.036618 -2.036518 -3.944804 
140748007114727 -0.110787 -1.938247 -4.601673 
140748026991810 -0.006791 -1.824930 -5.256677 
140748046868893 0.178831 -1.598428 -5.814076 
140748066745977 0.310791 -1.369663 -6.102762 
140748086623060 0.357130 -1.233842 -6.074932 
140748106500143 0.269911 -1.128381 -5.766672 
140748126377227 0.173771 -0.976714 -5.264666 
140748146254310 0.124236 -0.959137 -4.836830 
140748166131393 0.125967 -1.028911 -4.612592 
140748186008477 0.138884 -1.136636 -4.489420 
140748205885560 0.130894 -1.355681 -4.351602 
140748225762643 0.059655 -1.538906 -4.138682 
140748245639727 -0.007856 -1.598828 -3.807119 
140748265516810 -0.083490 -1.538906 -3.422559 
140748285393893 -0.145941 -1.414936 -2.915760 
140748305270977 -0.289885 -1.123454 -2.308693 
140748325148060 -0.445014 -0.578172 -1.743837 
140748345025143 -0.485893 0.139949 -1.263136 
140748364902227 -0.328634 0.674578 -0.697348 
140748384779310 -0.035287 0.776311 0.121573 
140748404656393 0.181761 0.686296 1.216797 
140748424533477 0.263919 0.736497 2.386590 
140748444410560 0.366451 0.960202 3.137201 
140748464287643 0.519982 1.219327 3.346393 
140748484164727 0.649278 1.258343 3.315100 
140748504041810 0.663926 1.012533 3.483013 
140748523918893 0.544083 0.765925 3.814443 
140748543795977 0.359926 0.673247 4.200867 
140748563673060 0.235290 0.822650 4.540020 
140748583550143 0.163118 1.075517 4.664790 
140748603427227 -0.013982 1.234774 4.525906 
140748623304310 -0.267514 1.172456 4.323239 
140748643181393 -0.472045 0.948750 4.245342 
140748663058477 -0.477904 0.687095 4.304996 
140748682935560 -0.349939 0.557266 4.338419 
140748702812643 -0.228765 0.472444 4.156526 
140748722689727 -0.222241 0.544616 3.769302 
140748742566810 -0.339420 0.718654 3.320160 
140748762443893 -0.520381 0.784966 2.923217 
140748782320977 -0.543950 0.704539 2.605768 
140748802198060 -0.421578 0.508131 2.309225 
140748822075143 -0.337955 0.356198 1.927328 
140748841952227 -0.399208 0.358328 1.445962 
140748861829310 -0.398808 0.238752 0.917192 
140748881706393 -0.087218 -0.118511 0.383628 
140748901583477 0.352070 -0.609730 -0.198938 
140748921460560 0.513324 -0.951680 -0.927312 
140748941337643 0.378834 -0.980442 -1.858486 
140748961214727 0.199071 -0.783102 -2.841990 
140748981091810 0.160722 -0.626508 -3.715107 
140749000968893 0.346344 -0.616521 -4.434426 
140749020845977 0.614657 -0.557266 -4.949615 
140749040723060 0.725578 -0.400539 -5.302350 
140749060600143 0.704406 -0.300271 -5.523126 
140749080477227 0.618652 -0.349140 -5.606616 
140749100354310 0.564457 -0.470447 -5.504883 
140749120231393 0.517319 -0.620782 -5.308342 
140749140108477 0.458330 -0.716123 -5.095422 
140749159985560 0.414254 -0.691622 -4.880372 
140749179862643 0.354733 -0.772716 -4.679703 
140749199739727 0.260191 -0.836765 -4.352268 
140749219616810 0.118111 -0.674845 -3.902593 
140749239493893 -0.001997 -0.449941 -3.492334 
140749259370977 0.025167 -0.235823 -3.115364 
140749279248060 0.139683 -0.134623 -2.431464 
140749299125143 0.145542 -0.153797 -1.461409 
140749319002227 0.066712 -0.107059 -0.542619 
140749338879310 -0.001598 0.066978 0.179097 
140749358756393 0.002264 0.148338 0.860334 
140749378633477 0.071106 0.107991 1.673929 
140749398510560 0.108923 0.057258 2.576607 
140749418387643 0.070441 0.175768 3.277949 
140749438264727 -0.026765 0.435427 3.725094 
140749458141445 -0.016778 0.690557 3.790874 
140749478017487 0.076300 0.841292 3.712444 
140749497893529 0.066845 0.850080 3.849197 
140749517769570 -0.069242 0.811331 4.185554 
140749537645612 -0.255796 0.835300 4.584762 
140749557521654 -0.401738 0.945555 4.838694 
140749577397695 -0.486426 1.100018 4.843354 
140749597273737 -0.512924 1.095890 4.746415 
140749617149779 -0.585362 0.987499 4.667852 
140749637025820 -0.728640 0.904276 4.632965 
140749656901862 -0.881373 0.876312 4.527503 
140749676777904 -0.979377 0.998152 4.279830 
140749696653945 -1.059937 1.175518 3.889144 
140749716529987 -1.146889 1.295627 3.434676 
140749736406029 -1.237836 1.330248 3.053179 
140749756282435 -1.249554 1.240899 2.749312 
140749776159518 -1.129845 0.936234 2.474874 
140749796036602 -0.906806 0.601608 2.202965 
140749815913685 -0.702675 0.392949 1.874731 
140749835790768 -0.589757 0.325172 1.443965 
140749855667852 -0.534363 0.288287 0.958471 
140749875544935 -0.352469 0.203732 0.395879 
140749895422018 0.314919 -0.126766 -0.231029 
140749915299102 1.192163 -0.864595 -0.882970 
140749935176185 1.706286 -1.831055 -1.716273 
140749955053268 1.509345 -2.653705 -2.757302 
140749974930352 0.797882 -3.022952 -3.722697 
140749994807435 0.050733 -3.008970 -4.530566 
140750014684518 -0.409993 -2.718952 -5.156542 
140750034561602 -0.492818 -2.192446 -5.622861 
140750054438685 -0.371511 -1.640905 -5.962014 
140750074315768 -0.247541 -1.246492 -6.174667 
140750094192852 -0.108391 -1.037567 -6.235920 
140750114069935 -0.033955 -0.847151 -6.082256 
140750133947018 -0.047138 -0.639158 -5.684646 
140750153824102 -0.111853 -0.577906 -5.320060 
140750173701185 -0.194544 -0.567652 -5.119257 
140750193578268 -0.248606 -0.532366 -4.964128 
140750213455352 -0.335425 -0.464322 -4.727773 
140750233332435 -0.463123 -0.230097 -4.454666 
140750253209518 -0.502272 0.050467 -4.061984 
140750273086602 -0.562326 0.167513 -3.416966 
140750292963685 -0.661928 0.243413 -2.597779 
140750312840768 -0.688293 0.337156 -1.762079 
140750332717852 -0.632101 0.474708 -0.871785 
140750352594935 -0.490554 0.468982 0.195609 
140750372472018 -0.287089 0.414787 1.369796 
140750392349102 -0.156993 0.412523 2.476205 
140750412226185 -0.025167 0.404001 3.408977 
140750432103268 0.151001 0.393482 4.056923 
140750451980352 0.327835 0.420247 4.265848 
140750471857435 0.628372 0.488690 4.074500 
140750491734518 1.032241 0.487891 3.901129 
140750511611602 1.200952 0.454468 3.960118 
140750531488685 1.018392 0.467118 4.233491 
140750551365768 0.606002 0.587626 4.645881 
140750571242852 0.268846 0.763794 4.991159 
140750591119935 0.152732 0.816391 5.073318 
140750610997018 -0.010919 0.754074 4.863595 
140750630874102 -0.351138 0.686163 4.472642 
140750650751185 -0.800945 0.734899 4.193277 
140750670628268 -1.082707 0.828908 4.082090 
140750690505352 -1.144892 0.889628 3.976496 
140750710382435 -1.062734 0.831571 3.754655 
140750730259518 -0.876446 0.651808 3.369562 
140750750136602 -0.678040 0.556600 2.904841 
140750770013685 -0.606002 0.570981 2.367948 
140750789890768 -0.649544 0.701077 1.764343 
140750809766966 -0.679771 0.860600 1.178048 
140750829643008 -0.534895 0.890827 0.655670 
140750849519050 -0.241282 0.863796 0.182693 
140750869395091 0.141014 0.797083 -0.345412 
140750889271133 0.558598 0.645017 -0.934369 
140750909147175 1.007074 0.251269 -1.520930 
140750929023216 1.258209 -0.452338 -2.095374 
140750948899258 0.982972 -1.175385 -2.636661 
140750968775300 0.494682 -1.656618 -3.217762 
140750988651341 0.133424 -1.822533 -3.933486 
140751008527383 -0.011185 -1.790176 -4.689291 
140751028403425 -0.058057 -1.609747 -5.318995 
140751048279466 -0.039282 -1.211338 -5.602887 
140751068155508 0.059122 -0.886566 -5.549225 
140751088031550 0.178698 -0.746617 -5.245492 
140751107907591 0.158857 -0.635962 -4.805005 
140751127783998 0.115182 -0.465387 -4.550940 
140751147661081 0.155395 -0.462191 -4.518715 
140751167538164 0.253666 -0.571913 -4.563323 
140751187415248 0.301603 -0.869521 -4.469979 
140751207292331 0.284559 -1.171124 -4.164515 
140751227169414 0.178032 -1.347292 -3.741206 
140751247046498 0.015713 -1.222124 -3.316965 
140751266923581 -0.186155 -0.688293 -2.834533 
140751286800664 -0.426505 0.021971 -2.367548 
140751306677748 -0.518384 0.692155 -1.841441 
140751326554831 -0.413589 1.115065 -1.003612 
140751346431914 -0.098803 1.076582 0.081360 
140751366308998 0.238752 0.887098 1.207610 
140751386186081 0.340085 0.858603 2.325870 
140751406063164 0.273640 0.953145 3.301385 
140751425940248 0.188552 1.085237 3.938812 
140751445817331 0.194411 0.912265 4.127497 
140751465694414 0.318248 0.627707 4.113649 
140751485571498 0.451405 0.395612 4.207392 
140751505448581 0.549410 0.212387 4.403800 
140751525325664 0.574310 0.167779 4.504068 
140751545202748 0.519715 0.323174 4.430564 
140751565079831 0.366051 0.581234 4.292080 
140751584956914 0.220110 0.789760 4.156526 
140751604833998 0.073104 0.732635 4.030025 
140751624711081 -0.150735 0.424508 3.934551 
140751644588164 -0.387223 0.104529 3.811646 
140751664465248 -0.609730 0.029162 3.492866 
140751684342331 -0.735298 0.250736 3.094458 
140751704219414 -0.829441 0.619051 2.802576 
140751724096498 -0.943824 1.182043 2.724412 
140751743973581 -0.913863 1.580052 2.749712 
140751763850664 -0.668187 1.508014 2.573677 
140751783727748 -0.075900 1.065796 1.944772 
140751803604831 0.732102 0.588691 0.928510 
140751823481914 1.115065 0.464055 -0.032091 
140751843358998 0.959669 0.657135 -0.643952 
140751863236081 0.775112 0.827577 -1.047953 
140751883113164 0.843822 0.536893 -1.489239 
140751902990248 1.260740 -0.416252 -1.926929 
140751922867331 1.696299 -1.805489 -2.198571 
140751942744414 1.536643 -3.110969 -2.617220 
140751962621498 0.799347 -3.642536 -3.218428 
140751982498581 0.113184 -3.305513 -3.731219 
140752002374779 -0.032624 -2.649843 -4.116445 
140752022250820 0.294013 -2.265150 -4.481964 
140752042126862 0.461792 -2.024534 -4.828973 
140752062002904 0.179497 -1.584313 -5.035635 
140752081878945 -0.187353 -1.046488 -5.083039 
140752101754987 -0.286156 -0.792024 -5.021253 
140752121631029 -0.218246 -0.943957 -4.912996 
140752141507070 -0.119310 -1.336773 -4.845618 
140752161383112 -0.130362 -1.635046 -4.702074 
140752181259154 -0.267514 -1.605885 -4.383427 
140752201135195 -0.490687 -1.336240 -3.865709 
140752221011237 -0.731570 -0.878576 -3.263835 
140752240887279 -0.834368 -0.473510 -2.482198 
140752260763320 -0.839960 -0.241282 -1.458879 
140752280639362 -0.869788 0.042744 -0.554070 
140752300515404 -0.861931 0.476173 0.185888 
140752320391445 -0.712795 0.876712 0.918657 
140752340267852 -0.514922 1.099352 1.750361 
140752360144935 -0.497212 1.121057 2.667420 
140752380022018 -0.585096 1.083373 3.398591 
140752399899102 -0.541287 1.043293 3.738543 
140752419776185 -0.347675 1.144759 3.762511 
140752439653268 -0.191881 1.347958 3.861714 
140752459530352 -0.183225 1.576191 4.149069 
140752479407435 -0.337289 1.920005 4.529768 
140752499284518 -0.627440 2.208691 4.789026 
140752519161602 -0.860866 2.194843 4.786629 
140752539038685 -0.788295 1.897501 4.580900 
140752558915768 -0.717721 1.512807 4.263185 
140752578792852 -0.849415 1.278583 3.999266 
140752598669935 -1.143960 1.223322 3.842273 
140752618547018 -1.462740 1.289369 3.726026 
140752638424102 -1.629188 1.414271 3.592602 
140752658301185 -1.705753 1.570731 3.329482 
140752678178268 -1.684581 1.776460 2.931206 
140752698055352 -1.452354 1.991377 2.367548 
140752717932435 -1.036102 2.017476 1.783917 
140752737809518 -0.450473 1.708949 1.246758 
140752757686602 0.197074 1.182576 0.813728 
140752777563685 0.697748 0.601608 0.568185 
140752797440768 0.838496 -0.294545 0.337422 
140752817317852 0.802543 -1.362073 -0.323973 
140752837194935 0.932905 -2.015612 -1.803092 
140752857072018 1.166996 -2.380465 -3.691139 
140752876949102 1.276852 -2.465420 -5.298488 
140752896826185 1.243962 -2.087784 -6.402900 
140752916703268 1.133307 -1.543301 -7.004908 
140752936580352 0.945022 -1.175119 -7.059236 
140752956457435 0.886033 -1.111070 -6.568815 
140752976334518 0.847018 -1.376454 -5.769867 
140752996211602 0.792956 -1.617470 -5.111934 
140753016088685 0.684032 -1.505351 -4.730436 
140753035965768 0.657135 -1.383112 -4.531232 
140753055842852 0.532632 -1.093227 -4.316581 
140753075719935 0.402803 -0.866991 -3.889943 
140753095597018 0.416119 -1.013465 -3.215898 
140753115474102 0.450607 -1.179780 -2.474341 
140753135350300 0.308660 -0.996954 -1.844105 
140753155226341 0.024634 -0.552872 -1.197356 
140753175102383 -0.310391 -0.127698 -0.396678 
140753194978425 -0.516120 0.115714 0.497744 
140753214854466 -0.391085 0.159257 1.380582 
140753234730508 0.015313 0.189883 2.252899 
140753254606550 0.320378 0.392949 3.112434 
140753274482591 0.202001 0.611328 3.901129 
140753294358633 -0.102532 0.908803 4.424439 
140753314234675 -0.294679 1.309608 4.581965 
140753334110716 -0.261123 1.693103 4.290483 
140753353986758 -0.057657 1.768471 3.987149 
140753373862800 0.092545 1.638509 4.027362 
140753393738841 0.164450 1.342232 4.318712 
140753413614883 0.162586 1.110271 4.662925 
140753433490925 0.106127 1.094026 4.806070 
140753453366966 -0.017311 1.184440 4.604469 
140753473243008 -0.203332 1.220792 4.254396 
140753493119414 -0.417184 1.136769 3.954658 
140753512996498 -0.584031 1.012000 3.770101 
140753532873581 -0.578838 0.880574 3.622562 
140753552750664 -0.600276 0.722648 3.319761 
140753572627748 -0.682834 0.650477 2.849447 
140753592504831 -0.607067 0.766191 2.281395 
140753612381914 -0.391218 1.029710 1.609214 
140753632258998 -0.054728 1.039697 0.931040 
140753652136081 0.272574 0.750745 0.460327 
140753672013164 0.561527 0.272574 0.192413 
140753691890248 0.766590 -0.224105 0.058190 
140753711767331 0.798548 -0.571913 -0.048469 
140753731644414 0.663260 -0.767922 -0.369114 
140753751521498 0.570715 -0.819454 -0.809867 
140753771398581 0.668719 -1.153414 -1.338903 
140753791275664 0.732369 -1.663276 -1.898300 
140753811152748 0.766324 -2.208292 -2.384992 
140753831029831 0.709066 -2.706968 -2.841990 
140753850906914 0.315984 -2.969289 -3.294195 
140753870783998 -0.285224 -2.710031 -3.765441 
140753890661081 -0.704539 -2.165548 -4.210055 
140753910538164 -0.695484 -1.693370 -4.637492 
140753930415248 -0.408129 -1.558614 -5.018457 
140753950292331 -0.151933 -1.597230 -5.231909 
140753970169414 -0.070707 -1.503753 -5.213533 
140753990046498 -0.148604 -1.298556 -5.110336 
140754009923581 -0.215849 -1.258875 -5.007937 
140754029800664 -0.159790 -1.471395 -4.820318 
140754049677748 -0.168711 -1.769935 -4.496611 
140754069554831 -0.449408 -1.760348 -4.095140 
140754089431914 -0.858736 -1.359010 -3.672363 
140754109308998 -1.231844 -0.811598 -3.194859 
140754129186081 -1.429983 -0.284559 -2.560894 
140754149063164 -1.382712 0.226502 -1.872600 
140754168940248 -0.878443 0.661529 -1.118527 
140754188817331 -0.358328 0.796418 -0.355931 
140754208694050 -0.316383 0.921853 0.350339 
140754228570091 -0.563524 1.096289 1.078979 
140754248446133 -0.755405 1.007074 2.006158 
140754268322175 -0.574310 0.686696 2.892990 
140754288198216 -0.095474 0.557532 3.471827 
140754308074258 0.457664 0.675643 3.762511 
140754327950300 0.865926 0.901346 3.960650 
140754347826341 0.883636 1.156876 4.262519 
140754367702383 0.584563 1.397626 4.552005 
140754387578425 0.185755 1.583381 4.774911 
140754407454466 -0.221575 1.695101 4.949215 
140754427330508 -0.495348 1.765275 4.979442 
140754447206550 -0.770186 1.755954 4.844819 
140754467082591 -1.177516 1.727192 4.704071 
140754486958633 -1.415469 1.580718 4.705403 
140754506834675 -1.232111 1.320128 4.895020 
140754526710716 -0.733168 0.987633 5.199019 
140754546586758 -0.147672 0.666855 5.252016 
140754566462800 0.511060 0.594417 4.915126 
140754586339206 1.063533 0.811065 4.335623 
140754606216289 0.903876 1.167928 3.766240 
140754626093373 0.149004 1.614673 3.185272 
140754645970456 -0.453403 1.704422 2.387922 
140754665847539 -0.575242 1.210805 1.286306 
140754685724623 -0.241682 0.346743 -0.006125 
140754705601706 0.195476 -0.493617 -1.328384 
140754725478789 0.344879 -0.890960 -2.408428 
140754745355873 0.494282 -0.783102 -3.070756 
140754765232956 0.759000 -0.630769 -3.431480 
140754785110039 0.848882 -0.657800 -3.772232 
140754804987123 0.692821 -0.817989 -4.242945 
140754824864206 0.431698 -1.013731 -4.674777 
140754844741289 0.130095 -1.283909 -4.985301 
140754864618373 -0.103197 -1.621065 -5.239100 
140754884495456 -0.146207 -1.909086 -5.416466 
140754904372539 0.017177 -1.867274 -5.437505 
140754924249623 0.114383 -1.254481 -5.332843 
140754944126706 0.298008 -0.697082 -5.173187 
140754964003789 0.626109 -0.631435 -4.962930 
140754983880873 0.977912 -1.008672 -4.728306 
140755003757956 1.070856 -1.169260 -4.403400 
140755023635039 1.021055 -1.149419 -3.948000 
140755043512123 1.040097 -1.196957 -3.379549 
140755063389206 1.049817 -1.384443 -2.787262 
140755083266289 1.039032 -1.636911 -2.288852 
140755103143373 0.862730 -1.704022 -1.938913 
140755123020456 0.431432 -1.556483 -1.620266 
140755142897539 -0.246609 -1.143028 -1.198422 
140755162774623 -0.912531 -0.557266 -0.671382 
140755182651706 -1.279648 -0.079229 -0.095741 
140755202528789 -1.219594 0.340219 0.517319 
140755222405508 -0.875380 0.682168 1.115198 
140755242281550 -0.622913 1.100284 1.923999 
140755262157591 -0.487758 1.635313 2.994589 
140755282033633 -0.326503 2.097105 3.982355 
140755301909675 -0.094143 2.432929 4.650009 
140755321785716 0.291882 2.485393 4.856271 
140755341661758 0.387623 2.250769 4.284357 
140755361537800 0.033023 1.924665 3.651058 
140755381413841 -0.542619 1.893107 3.326286 
140755401289883 -1.152748 1.962748 3.359176 
140755421165925 -1.381514 1.996171 3.558646 
140755441041966 -1.302418 1.903626 3.793670 
140755460918008 -1.110404 1.835449 3.915776 
140755480794050 -0.999883 1.636911 3.830022 
140755500670091 -0.893623 1.236904 3.703789 
140755520546133 -0.438889 0.652075 3.746532 
140755540422175 0.198672 0.123571 3.900463 
140755560298216 0.630370 -0.132093 3.825495 
140755580174258 0.579104 0.002131 3.403251 
140755600050300 -0.100801 0.426105 2.649710 
140755619926341 -1.042893 0.921719 1.907221 
140755639803268 -1.667803 1.122388 1.397892 
140755659680352 -1.553021 0.823848 1.059138 
140755679557435 -0.678440 0.079628 0.768055 
140755699434518 0.443017 -0.610662 0.405466 
140755719311602 1.211871 -0.774447 0.109589 
140755739188685 1.586044 -0.782836 -0.174970 
140755759065768 1.449558 -0.886566 -0.598412 
140755778942852 0.934236 -1.236238 -1.075117 
140755798819935 0.219977 -1.667404 -1.553554 
140755818697018 -0.322908 -2.027330 -1.971936 
140755838574102 -0.547679 -2.269544 -2.363021 
140755858451185 -0.527172 -2.357828 -2.774346 
140755878328268 -0.357263 -2.331862 -3.195391 
140755898205352 -0.234358 -2.182060 -3.680885 
140755918082435 -0.188285 -1.823332 -4.091944 
140755937959518 -0.113584 -1.545964 -4.401803 
140755957836602 0.035021 -1.523993 -4.573576 
140755977713685 0.145408 -1.703223 -4.648012 
140755997590768 0.109056 -1.832387 -4.643751 
140756017467852 0.045673 -2.122405 -4.597412 
140756037344935 0.069375 -2.529469 -4.410458 
140756057222018 0.013183 -2.763161 -4.087150 
140756077099102 -0.146873 -2.668086 -3.607648 
140756096976185 -0.344480 -2.326269 -2.986600 
140756116853268 -0.616921 -1.836648 -2.400039 
140756136730352 -0.947951 -1.084305 -1.865543 
140756156607435 -1.175119 -0.253533 -1.362472 
140756176484518 -1.292032 0.805339 -0.753008 
140756196361602 -1.401354 2.103763 -0.176567 
140756216238685 -1.441169 3.018291 0.503337 
140756236114883 -1.274721 3.013764 1.692438 
140756255990925 -1.069525 2.086186 2.771150 
140756275866966 -0.556068 1.121856 3.229080 
140756295743008 -0.046472 0.905607 3.151982 
140756315619050 -0.136620 1.119193 3.270493 
140756335495091 -0.320245 1.123187 3.961449 
140756355371133 -0.146341 0.455533 4.904341 
140756375247175 0.554337 -0.233559 5.446427 
140756395123216 1.264601 -0.391351 5.415667 
140756414999258 1.518533 0.200536 5.544830 
140756434875300 1.357013 0.721982 6.169341 
140756454751341 1.304948 0.405865 6.579734 
140756474627383 1.414537 -0.130362 6.525272 
140756494503425 1.263270 0.031425 6.196106 
140756514379466 1.118127 0.703740 5.865075 
140756534255508 1.082707 1.245027 5.257342 
140756554131550 0.795619 1.570998 4.419646 
140756574007591 0.534496 1.395362 3.237736 
140756593883633 0.450207 1.172722 1.458479 
140756613759675 0.119842 2.076598 -0.281230 
140756633635716 -0.095474 2.704971 -1.106276 
140756653512123 -0.178831 2.242513 -1.658882 
140756673389206 -0.344346 1.884318 -1.860083 
140756693266289 -0.580169 2.196440 -1.287238 
140756713143373 -0.151267 2.151433 -0.899216 
140756733020456 0.558731 1.173122 -1.038499 
140756752897539 0.816391 -0.249405 -1.339702 
140756772774623 0.539822 -1.431448 -1.711612 
140756792651706 0.431831 -2.364086 -2.144109 
140756812528789 0.464322 -3.018957 -2.687261 
140756832405873 0.254864 -3.165564 -3.369296 
140756852282956 0.125834 -2.700443 -4.036151 
140756872160039 0.140482 -1.626658 -4.478102 
140756892037123 0.325571 -0.722116 -4.794752 
140756911914206 0.321710 -0.489089 -5.292230 
140756931791289 -0.013183 -0.637960 -6.004625 
140756951668373 -0.252734 -0.982972 -6.066010 
140756971545456 0.002264 -1.645167 -5.429516 
140756991422539 0.563125 -2.628538 -4.967191 
140757011299623 0.908004 -2.943590 -4.948017 
140757031176706 0.640357 -2.467550 -4.665588 
140757051053789 0.249804 -1.804956 -3.978760 
140757070930873 -0.063916 -1.253948 -3.096322 
140757090807956 -0.208792 -0.410127 -2.518683 
140757110685039 -0.175236 0.666056 -2.243711 
140757130562123 -0.178432 1.484844 -1.732252 
140757150439206 0.000133 1.695101 -0.684831 
140757170316289 0.511060 0.907738 0.280031 
140757190193373 0.551540 0.263120 0.857005 
140757210070091 -0.434628 0.496812 1.419197 
140757229946133 -1.308543 0.898816 2.122671 
140757249822175 -1.432513 0.848216 2.737594 
140757269698216 -1.261539 0.785632 3.267297 
140757289574258 -1.180046 0.750212 3.828691 
140757309450300 -1.190432 0.746617 4.304996 
140757329326341 -1.096023 0.649012 4.549208 
140757349202383 -0.916393 0.573778 4.681834 
140757369078425 -0.788961 0.841159 4.801543 
140757388954466 -0.813595 1.245959 4.945087 
140757408830508 -0.949017 1.520797 4.946818 
140757428706550 -1.145558 1.526390 4.764924 
140757448582591 -1.312272 1.205479 4.507131 
140757468458633 -1.451555 0.754074 4.183557 
140757488334675 -1.534379 0.547812 3.845868 
140757508210716 -1.530118 0.747149 3.544265 
140757528086758 -1.395096 1.006275 3.183940 
140757547962800 -1.231445 1.233309 2.816291 
140757567838841 -1.036635 1.147023 2.363420 
140757587714883 -0.829974 0.795219 1.803625 
140757607590925 -0.642620 0.487225 1.158874 
140757627466966 -0.414254 0.221442 0.493217 
140757647343008 -0.199337 -0.060853 -0.148871 
140757667219935 0.065247 -0.242347 -0.713860 
140757687097018 0.516520 -0.265117 -1.118527 
140757706974102 1.095224 -0.319446 -1.573794 
140757726851185 1.398691 -0.690957 -2.212819 
140757746728268 1.340102 -1.236638 -3.009370 
140757766605352 1.053279 -1.808951 -3.660379 
140757786482435 0.887231 -2.154496 -4.136951 
140757806359518 0.890427 -2.281262 -4.542151 
140757826236602 1.123054 -2.272607 -5.047219 
140757846113685 1.349822 -1.905624 -5.617801 
140757865990768 1.361540 -1.424391 -6.058154 
140757885867852 1.227317 -1.292431 -6.301700 
140757905744935 1.084572 -1.383511 -6.309423 
140757925622018 0.972985 -1.662211 -6.103961 
140757945499102 0.862730 -1.885117 -5.718868 
140757965376185 0.706936 -1.884451 -5.240964 
140757985253268 0.465387 -1.816141 -4.846017 
140758005130352 0.136221 -1.496695 -4.485159 
140758025007435 -0.181894 -0.888829 -3.985551 
140758044884518 -0.359660 -0.704006 -3.316698 
140758064761602 -0.226768 -0.933437 -2.593917 
140758084638685 0.076566 -1.015463 -1.933454 
140758104515768 0.122106 -0.634098 -1.166996 
140758124392852 -0.046073 -0.317715 -0.186821 
140758144269935 -0.112785 -0.460460 0.822517 
140758164147018 -0.013982 -0.471379 1.718270 
140758184023737 0.116247 -0.072305 2.753307 
140758203899779 0.225303 0.332895 3.735214 
140758223775820 0.384161 0.617054 4.269310 
140758243651862 0.554603 0.995089 4.310323 
140758263527904 0.556334 1.580718 4.252000 
140758283403945 0.481632 2.157292 4.342015 
140758303279987 0.290151 2.403102 4.560127 
140758323156029 0.102132 2.590987 4.972251 
140758343032070 -0.123704 2.729605 5.357211 
140758362908112 -0.372043 2.576074 5.498358 
140758382784154 -0.616655 2.286588 5.414203 
140758402660195 -0.855673 2.140115 5.242828 
140758422536237 -1.062867 1.784183 4.883435 
140758442412279 -1.318397 1.350887 4.483695 
140758462288320 -1.701226 1.119193 4.106059 
140758482164362 -1.892175 1.119326 3.738942 
140758502040404 -1.841042 1.541037 3.224686 
140758521916445 -1.749163 2.180062 2.563424 
140758541792487 -1.669668 2.899115 1.867008 
140758561668529 -1.445430 3.207376 1.083107 
140758581544570 -0.889628 3.048651 0.130095 
140758601420612 -0.323441 2.490853 -0.945555 
140758621296654 0.248606 2.013481 -1.988315 
140758641172695 0.852744 2.164483 -2.715490 
140758661049623 1.471262 2.671016 -3.165830 
140758680926706 2.029727 3.016960 -3.582615 
140758700803789 2.608298 2.940794 -4.131492 
140758720680873 3.020289 2.645982 -4.770650 
140758740557956 3.193660 2.418015 -5.205544 
140758760435039 3.398990 2.686861 -5.214466 
140758780312123 3.714841 3.205245 -4.914328 
140758800189206 4.173570 3.662909 -4.507131 
140758820066289 4.476238 3.740007 -4.081291 
140758839943373 4.545347 3.669301 -3.625625 
140758859820456 4.434160 3.430282 -3.180877 
140758879697539 4.193543 3.055842 -2.859567 
140758899574623 3.807385 2.731203 -2.594183 
140758919451706 3.352784 2.742654 -2.272740 
140758939328789 2.942391 2.953577 -1.935318 
140758959205873 2.506166 3.084471 -1.580052 
140758979082956 2.174736 2.792722 -1.255546 
140758998960039 1.740108 2.308426 -1.154080 
140759018837123 1.198555 1.806288 -1.265001 
140759038714206 0.776045 1.558348 -1.318530 
140759058591289 0.423309 1.567935 -1.069924 
140759078468373 0.082824 1.391634 -0.744486 
140759098345456 -0.075101 1.141164 -0.531966 
140759118222539 -0.296410 1.000016 -0.468716 
140759138099623 -0.596415 0.874448 -0.343814 
140759157975820 -0.988698 0.279232 -0.354600 
140759177851862 -1.267397 -0.175103 -0.209724 
140759197727904 -1.073653 -0.062984 0.157659 
140759217603945 -0.523977 0.486027 0.465920 
140759237479987 -0.215050 0.560595 0.507332 
140759257356029 -0.340618 0.236355 0.423842 
140759277232070 -0.655936 -0.090681 0.155395 
140759297108112 -0.910667 -0.035154 0.082158 
140759316984154 -0.807337 0.187753 0.312122 
140759336860195 -0.378169 0.319979 0.441685 
140759356736237 -0.043276 0.403335 0.260457 
140759376612279 0.139816 0.441685 -0.037950 
140759396488320 0.345678 0.655137 -0.240883 
140759416364362 0.582566 0.787896 -0.239951 
140759436240404 0.723447 0.812663 -0.200403 
140759456116445 0.698547 0.836232 -0.164983 
140759475992487 0.562060 0.745418 -0.187620 
140759495868529 0.377636 0.397210 -0.265117 
140759515744570 0.243280 0.164450 -0.281895 
140759535620612 0.058057 0.335558 -0.143145 
140759555496654 -0.299073 0.528637 -0.051665 
140759575372695 -0.493617 0.645683 -0.021172 
140759595248737 -0.268313 0.961267 -0.013316 
140759615124779 0.040480 1.263536 0.066046 
140759635001185 0.056059 1.196025 0.075501 
140759654878268 -0.214251 0.756071 -0.078297 
140759674755352 -0.287355 0.549277 -0.125035 
140759694632435 -0.065647 0.696549 -0.013715 
140759714509518 0.229964 0.699745 0.266715 
140759734386602 0.452471 0.425706 0.610263 
140759754263685 0.519183 0.040214 0.731836 
140759774140768 0.417583 -0.260990 0.628772 
140759794017852 0.233160 -0.146873 0.544749 
140759813894935 0.175635 0.226768 0.680570 
140759833772018 0.413455 0.599477 0.942359 
140759853649102 0.824381 0.749013 1.122122 
140759873526185 1.166996 0.573378 1.111336 
140759893403268 1.267797 0.209990 0.884302 
140759913280352 1.231977 -0.050067 0.658599 
140759933157435 1.167662 -0.160588 0.545681 
140759953034518 1.105877 -0.099469 0.493617 
140759972911602 0.916127 -0.057657 0.341284 
140759992788685 0.596415 -0.127565 0.111720 
140760012665768 0.319446 -0.085221 -0.013049 
140760032542852 0.102931 0.028229 -0.023702 
140760052419935 -0.104130 0.054728 -0.025034 
140760072297018 -0.159923 0.054462 -0.012384 
140760092174102 -0.138484 0.012117 0.000000 
140760112050300 -0.032357 -0.045274 -0.031825 
140760131926341 -0.205330 -0.325971 -0.123304 
140760151802383 -0.609464 -0.418515 -0.323041 
140760171678425 -0.718121 0.039282 -0.436092 
140760191554466 -0.359926 0.936234 -0.160588 
140760211430508 0.010653 1.320661 0.155262 
140760231306550 -0.075367 0.703740 0.145941 
140760251182591 -0.356198 -0.110255 -0.136620 
140760271058633 -0.616388 -0.662993 -0.455400 
140760290934675 -0.710131 -0.567786 -0.641954 
140760310810716 -0.702142 -0.122239 -0.627707 
140760330686758 -0.598279 0.273373 -0.473643 
140760350562800 -0.500008 0.143677 -0.397876 
140760370438841 -0.253799 -0.182693 -0.393349 
140760390314883 0.121440 -0.363388 -0.444348 
140760410190925 0.477771 -0.238220 -0.423309 
140760430066966 0.572313 0.023303 -0.318248 
140760449943008 0.373774 0.115714 -0.246342 
140760469819050 0.142346 0.030759 -0.272574 
140760489690091 0.072837 0.007856 -0.307062 
140760509554050 0.162320 0.182959 -0.223040 
140760529422279 0.197606 0.400672 -0.077498 
140760549296341 0.113850 0.424774 0.008922 
140760569175925 0.004128 0.209724 -0.076832 
140760589059570 -0.028629 0.140615 -0.177233 
140760608945716 -0.022237 0.450473 -0.151933 
140760628833216 -0.182560 0.624910 -0.080028 
140760648717070 -0.413322 0.308261 -0.100135 
140760668593529 -0.255397 0.234225 0.009721 
140760688469570 0.192813 0.532366 0.309459 
140760708345612 0.304799 0.540089 0.515055 
140760728221654 -0.078696 0.121041 0.507998 
140760748097695 -0.538358 -0.429701 0.272574 
140760767973737 -0.650743 -0.452071 0.194544 
140760787849779 -0.484429 -0.006924 0.292948 
140760807725820 -0.255131 0.301603 0.411724 
140760827601862 -0.172706 0.215050 0.401338 
140760847477904 -0.174171 0.047671 0.351004 
140760867353945 -0.032890 0.023968 0.405066 
140760887229987 0.059122 -0.159923 0.423176 
140760907106029 0.165515 -0.361790 0.362989 
140760926982070 0.347942 -0.434361 0.365652 
140760946858112 0.493750 -0.358861 0.384826 
140760966734154 0.534230 -0.185489 0.325438 
140760986510508 0.644751 0.024368 0.325971 
140761006246029 0.720385 0.076832 0.318514 
140761026029779 0.649944 -0.233692 0.203865 
140761045872695 0.543284 -0.620916 0.129696 
140761065776133 0.395346 -0.594550 0.187353 
140761085730716 0.145542 -0.204131 0.239285 
140761105720300 -0.168711 0.108524 0.163385 
140761125724466 -0.506267 -0.057657 -0.064315 
140761145629987 -0.843955 -0.416784 -0.357795 
140761165506029 -0.925847 -0.234358 -0.476439 
140761185382070 -0.388821 0.585229 -0.180962 
140761205258112 0.190549 0.779374 0.173638 
140761225134154 0.187620 -0.057924 0.091613 
140761245010195 0.061253 -0.744220 -0.094276 
140761264886237 0.034887 -1.025716 -0.054462 
140761284762279 -0.040613 -0.949150 0.070307 
140761304638320 -0.404933 -1.061535 -0.025699 
140761324514362 -0.829175 -1.667537 -0.194810 
140761344390404 -0.967925 -3.126016 -0.306396 
140761364266445 -0.949683 -5.280512 -0.285491 
140761384142487 -0.770319 -7.168292 0.056725 
140761404018529 -0.264718 -7.828223 0.445813 
140761423894570 -0.381231 -6.444579 0.704006 
140761443770612 -1.084039 -4.998350 1.022786 
140761463646654 -1.753957 -4.439620 1.509345 
140761483526914 -2.106958 -4.720582 2.154629 
140761503406966 -2.185255 -4.924048 2.801244 
140761523283008 -2.254764 -4.643351 3.433877 
140761543159050 -2.366616 -4.039746 4.169575 
140761563035091 -2.445046 -3.807652 4.859600 
140761582911133 -2.402036 -3.971969 5.626057 
140761602787175 -2.045306 -4.075832 6.102895 
140761622663216 -1.512009 -3.524558 6.022868 
140761642539258 -1.295227 -2.069275 5.380780 
140761662415300 -1.482714 -1.079778 4.829772 
140761682291341 -1.463539 -0.955408 4.657066 
140761702167383 -1.088300 -1.217996 4.610328 
140761722043425 -0.672980 -1.370728 4.449340 
140761741919466 -0.395213 -1.378851 4.122437 
140761761795508 -0.430899 -1.254747 3.535077 
140761781671550 -0.752476 -0.780572 2.656768 
140761801547591 -0.808668 -0.175502 1.753158 
140761821423633 -0.249139 0.039947 1.025183 
140761841299675 0.316916 -0.158058 0.574843 
140761861175716 0.530634 -0.563258 0.276835 
140761881051758 0.755139 -0.909868 -0.345944 
140761900927800 0.939296 -0.978178 -1.528121 
140761920803841 0.901879 -0.773648 -2.853708 
140761940679883 0.823715 -0.469382 -3.834017 
140761960555925 0.810666 -0.243812 -4.424706 
140761980432435 0.918124 -0.246475 -4.753073 
140762000311602 1.165532 -0.507864 -4.971452 
140762020190768 1.360741 -0.838229 -5.048418 
140762040069935 1.365135 -1.113999 -4.863328 
140762059949102 1.210140 -1.312138 -4.445212 
140762079825300 0.881639 -1.226784 -4.047203 
140762099701341 0.553804 -0.981774 -3.808184 
140762119577383 0.262587 -0.612260 -3.562907 
140762139453425 0.088550 -0.362989 -2.994323 
140762159329466 0.044075 -0.220510 -2.168078 
140762179205508 0.078031 0.133291 -1.420263 
140762199081550 0.094276 0.586827 -0.985236 
140762218957591 -0.030759 0.854608 -0.788162 
140762238833633 -0.426239 0.821052 -0.334360 
140762258709675 -0.828908 0.798681 0.538091 
140762278585716 -1.016128 0.958205 1.549825 
140762298461758 -1.043426 1.101616 2.388188 
140762318337800 -1.081908 1.163135 2.980474 
140762338213841 -1.221325 1.185638 3.407779 
140762358089883 -1.303616 1.112934 3.732418 
140762377965925 -1.265533 0.945421 3.981956 
140762397841966 -1.153414 0.660330 4.111651 
140762417718008 -0.987233 0.494948 4.175967 
140762437594050 -0.897485 0.444614 4.181959 
140762457470091 -1.019990 0.231961 4.086617 
140762477346133 -1.202283 -0.092278 3.944272 
140762497224154 -1.140631 -0.394680 3.793936 
140762517102279 -0.791624 -0.191348 3.605784 
140762536980404 -0.526906 0.067644 3.341199 
140762556858529 -0.685497 0.226502 2.956373 
140762576736654 -1.074718 0.407197 2.421344 
140762596614154 -1.313204 0.651941 1.820269 
140762616490195 -1.109073 0.695484 1.312005 
140762636366237 -0.521447 0.511992 0.874448 
140762656242279 0.208659 0.179364 0.486426 
140762676118320 0.764327 -0.202533 -0.144476 
140762695994362 0.947286 -0.640756 -1.200685 
140762715870404 0.820386 -1.043293 -2.208292 
140762735746445 0.656336 -1.241298 -2.834533 
140762755622487 0.571381 -1.221991 -3.190598 
140762775498529 0.527971 -1.062467 -3.513639 
140762795375017 0.562726 -0.821851 -3.884218 
140762815251059 0.690024 -0.664591 -4.246807 
140762835127101 0.874981 -0.641555 -4.525640 
140762855003142 1.074984 -0.766590 -4.658132 
140762874879184 1.259541 -0.887764 -4.612059 
140762894755226 1.366067 -0.903077 -4.436024 
140762914631267 1.323324 -0.727042 -4.207392 
140762934507309 1.171657 -0.585096 -3.990078 
140762954383351 1.027979 -0.637028 -3.853991 
140762974259392 0.805206 -0.595349 -3.671964 
140762994004497 0.570316 -0.584164 -3.420961 
140763013749080 0.421711 -0.607866 -3.066228 
140763033545226 0.404134 -0.684032 -2.622812 
140763053400851 0.439954 -0.739559 -2.008155 
140763073315486 0.400007 -0.560462 -1.119326 
140763093278767 0.260723 -0.200935 -0.137952 
140763113272257 0.159923 0.318381 0.620649 
140763133270070 0.062584 0.838762 1.324655 
140763153155486 -0.263786 1.115731 2.252100 
140763173031528 -0.584430 1.093759 3.153846 
140763192907570 -0.562060 0.774180 3.597795 
140763212783611 -0.316250 0.452338 3.586077 
140763232659653 -0.297874 0.460727 3.485010 
140763252535695 -0.644351 0.695218 3.552787 
140763272411736 -1.087767 1.006142 3.761979 
140763292287778 -1.363937 1.289369 4.000597 
140763312163820 -1.436641 1.437440 4.138949 
140763332039861 -1.232643 1.263403 4.131891 
140763351915903 -1.019724 1.032241 3.962381 
140763371791945 -0.920255 0.788695 3.671831 
140763391667986 -0.908803 0.598012 3.305779 
140763411544028 -0.992426 0.473377 2.892457 
140763431420070 -1.181644 0.503470 2.594183 
140763451296111 -1.346227 0.684166 2.389253 
140763471172153 -1.406148 0.748215 2.209623 
140763491048195 -1.358744 0.782569 1.982189 
140763510924236 -1.300687 0.869255 1.733317 
140763530800278 -1.140764 0.916526 1.453952 
140763550676320 -0.759666 0.830639 1.125717 
140763570552361 -0.198805 0.611328 0.684698 
140763590428403 0.251003 0.392150 0.196142 
140763610304445 0.358594 0.316916 -0.253666 
140763630180486 0.254731 0.352869 -0.585762 
140763650056528 0.339153 0.220243 -0.777110 
140763669932570 0.703207 -0.267514 -1.062201 
140763689808611 1.075517 -0.911866 -1.699229 
140763709684653 1.269128 -1.429717 -2.406830 
140763729560695 1.337039 -1.716805 -2.963563 
140763749436788 1.285773 -1.661412 -3.295127 
140763769313872 1.143561 -1.352219 -3.541070 
140763789190955 1.036502 -0.961800 -3.785947 
140763809068038 0.992426 -0.710265 -3.991942 
140763828945122 1.022120 -0.789494 -4.133223 
140763848822205 1.147289 -1.063799 -4.182891 
140763868699288 1.223455 -1.284575 -4.194076 
140763888576372 1.156743 -1.389903 -4.237352 
140763908453455 1.055543 -1.498160 -4.267046 
140763928330538 0.905740 -1.533181 -4.153197 
140763948207622 0.621981 -1.341034 -3.838811 
140763968084705 0.307329 -1.011601 -3.359975 
140763987966059 0.230097 -0.701876 -2.790591 
140764007843247 0.325971 -0.729040 -2.236521 
140764027719288 0.334093 -0.833835 -1.675526 
140764047595330 0.187620 -0.708667 -1.043825 
140764067471372 0.050201 -0.476972 -0.309592 
140764087347413 -0.007457 -0.197740 0.397210 
140764107223455 0.027297 0.133424 1.048353 
140764127099497 0.062717 0.487891 1.707218 
140764146975538 0.019574 0.749546 2.311223 
140764166851580 -0.074435 0.935301 2.758766 
140764186727622 -0.118111 1.026381 2.957838 
140764206603663 -0.122505 1.068060 2.955574 
140764226479705 -0.275238 1.225053 3.026281 
140764246355747 -0.576707 1.481649 3.305380 
140764266231788 -0.862730 1.715474 3.730953 
140764286107830 -1.006408 1.716805 4.155460 
140764305983872 -0.998818 1.577522 4.374105 
140764325859913 -0.902944 1.274987 4.265449 
140764345735955 -0.750611 1.023585 3.978760 
140764365611997 -0.633699 0.923317 3.636810 
140764385488038 -0.691223 0.968458 3.286738 
140764405364080 -0.916127 1.227849 2.985002 
140764425240122 -1.251285 1.712278 2.799113 
140764445116163 -1.537042 2.217346 2.666754 
140764464992205 -1.716007 2.360491 2.554103 
140764484801580 -1.698962 2.066345 2.324938 
140764504531267 -1.540371 1.466202 1.937848 
140764524305434 -1.209740 0.810266 1.540105 
140764544136788 -0.768321 0.384028 1.185905 
140764564028142 -0.280830 0.115714 0.817989 
140764583972726 0.089482 0.079495 0.401604 
140764603955434 0.202533 0.110787 -0.012384 
140764623956892 0.426505 -0.186022 -0.331963 
140764643889288 0.847151 -0.923051 -0.757402 
140764663765642 1.157542 -1.519865 -1.519865 
140764683641684 1.254348 -1.788045 -2.371277 
140764703517726 1.283110 -1.838645 -3.012832 
140764723393767 1.302684 -1.890177 -3.476887 
140764743269809 1.299755 -1.913480 -3.781286 
140764763145851 1.287238 -1.845702 -3.982754 
140764783021892 1.245959 -1.556350 -4.088482 
140764802897934 1.144493 -1.170325 -4.073967 
140764822773976 1.053679 -0.946487 -4.014047 
140764842650017 1.052081 -0.964197 -3.938546 
140764862526059 1.118793 -1.140764 -3.891541 
140764882402101 1.177516 -1.465536 -3.889144 
140764902278142 1.143561 -1.757152 -3.882886 
140764922154184 1.045956 -1.843039 -3.751592 
140764942030226 0.908537 -1.809883 -3.482879 
140764961906267 0.683766 -1.652890 -3.186070 
140764981785851 0.333561 -1.324522 -2.841857 
140765001664809 -0.072038 -0.906673 -2.392582 
140765021540851 -0.408795 -0.580968 -1.978195 
140765041416892 -0.606135 -0.113184 -1.546363 
140765061292934 -0.751011 0.597213 -0.889096 
140765081168976 -0.776311 1.221724 -0.151134 
140765101045017 -0.792290 1.593901 0.555668 
140765120921059 -0.903344 1.592835 1.260074 
140765140797101 -0.777776 1.302418 1.939579 
140765160673142 -0.395080 0.870720 2.454900 
140765180549184 0.028096 0.677241 2.767289 
140765200425226 0.238086 0.737029 3.154113 
140765220301267 0.221841 0.804008 3.744135 
140765240177309 0.139816 0.848083 4.263984 
140765260053351 0.073636 0.886033 4.562391 
140765279929392 -0.073370 1.039298 4.588756 
140765299805434 -0.356064 1.158208 4.446277 
140765319681476 -0.731437 1.120924 4.172637 
140765339557517 -1.004011 1.105078 3.789276 
140765359433559 -1.194960 1.189633 3.240932 
140765379309601 -1.491369 1.567136 2.539189 
140765399185642 -1.913879 1.987116 1.921203 
140765419061684 -2.023468 2.094175 1.618402 
140765438937726 -1.620665 1.801095 1.657417 
140765458813767 -1.079378 1.202683 1.722398 
140765478689809 -0.697348 0.581101 1.484977 
140765498565851 -0.400539 0.121973 1.038099 
140765518441892 -0.122638 -0.154330 0.538890 
140765538317934 0.025566 -0.181095 -0.072038 
140765558193976 -0.009587 0.159923 -0.770319 
140765578070017 -0.088417 0.632633 -1.390036 
140765597946059 0.075501 0.796950 -1.835316 
140765617822101 0.549277 0.612527 -2.197639 
140765637698142 1.138900 0.163651 -2.653439 
140765657574184 1.652890 -0.339686 -3.137601 
140765677450226 1.896036 -0.802809 -3.436674 
140765697327205 1.855689 -1.074718 -3.489138 
140765717204288 1.683516 -1.130112 -3.476621 
140765737081372 1.526390 -1.037300 -3.527887 
140765756958455 1.417733 -0.859934 -3.677157 
140765776835538 1.325987 -0.729972 -3.848531 
140765796712622 1.210273 -0.795219 -3.933353 
140765816589705 1.123720 -1.034238 -3.871967 
140765836466788 1.177116 -1.213468 -3.605651 
140765856343872 1.396694 -1.328251 -3.176749 
140765876220955 1.659814 -1.546630 -2.826544 
140765896098038 1.953960 -1.754622 -2.611361 
140765915975122 2.176334 -1.858752 -2.417483 
140765935852205 2.116413 -1.807087 -2.130394 
140765955729288 1.811214 -1.452354 -1.689109 
140765975606372 1.348491 -0.877511 -1.147822 
140765995485226 0.990163 -0.173105 -0.568052 
140766015361267 0.666322 0.250470 -0.140482 
140766035237309 0.310391 0.518384 0.068710 
140766055113351 -0.163917 1.018792 0.347409 
140766074989392 -0.480967 1.605219 0.954876 
140766094865434 -0.691489 1.663010 1.607749 
140766114741476 -0.675510 1.292165 1.976597 
140766134617517 -0.178698 1.069391 2.062484 
140766154493559 0.576174 1.416534 1.969007 
140766174369601 1.174054 1.978594 1.753823 
140766194245642 1.326653 2.247307 1.501889 
140766214121684 1.297624 1.893107 1.378052 
140766233997726 1.326253 1.312538 1.324655 
140766253873767 1.500291 1.021322 1.083773 
140766273749809 1.606418 1.329849 0.583631 
140766293625851 1.452620 1.512408 0.104263 
140766313501892 1.109339 1.100551 -0.410792 
140766333377934 0.786830 0.719186 -0.751810 
140766353253976 0.655004 0.515055 -0.941560 
140766373130017 0.974983 0.515321 -1.002946 
140766393006059 1.620133 0.470847 -1.202816 
140766412882101 1.953827 0.168312 -1.296559 
140766432758142 1.688310 -0.363521 -1.287771 
140766452634184 1.360342 -0.895354 -1.324655 
140766472510226 1.125984 -0.967925 -1.290034 
140766492390642 1.008006 -0.631435 -1.081509 
140766512270851 0.902678 -0.799614 -0.770452 
140766532147413 0.929443 -1.388172 -0.456066 
140766552023455 1.044225 -1.995638 -0.163518 
140766571899497 1.153015 -2.575674 -0.142878 
140766591775538 0.775112 -2.933869 -0.026498 
140766611651580 0.253400 -3.536542 0.109323 
140766631527622 1.063133 -3.343463 0.186554 
140766651403663 1.518001 -2.548643 0.106127 
140766671279705 1.367532 -1.691239 0.063117 
140766691155747 1.197756 -1.238768 0.083091 
140766711031788 1.103214 -1.085903 0.133557 
140766730907830 0.917858 -0.618785 0.273906 
140766750783872 0.641422 0.203199 0.636096 
140766770659913 0.695883 0.558464 0.851945 
140766790535955 0.963531 0.274705 0.771384 
140766810411997 1.167396 0.023303 0.553804 
140766830288038 1.213735 -0.017577 0.501606 
140766850164080 1.141963 0.040214 0.603738 
140766870040122 1.098154 0.037417 0.733567 
140766889916163 1.165532 -0.097605 0.953677 
140766909792205 1.083773 0.280830 0.723980 
140766929668247 0.910401 0.579370 -0.021438 
140766949544288 0.968724 0.900680 -0.503470 
140766969420330 1.075251 0.767656 -1.167396 
140766989270747 0.409461 0.284559 -1.475790 
140767009102830 -1.035037 0.178831 -1.107208 
140767028949497 -1.149020 -0.178032 -0.756470 
140767048813976 -0.691489 -0.975915 -0.407197 
140767068696892 -0.630237 -1.381248 0.374573 
140767088595226 -0.930907 -1.031175 1.280181 
140767108504497 -1.383378 0.103331 1.935051 
140767128418663 -1.725594 1.371394 2.112285 
140767148314705 -2.384060 2.040246 1.563008 
140767168190955 -2.624144 1.423059 1.048619 
140767188066997 -2.435592 0.712129 1.447294 
140767207943038 -2.522012 -0.321576 1.976730 
140767227819080 -2.588724 -0.672048 1.924798 
140767247695122 -2.303499 -0.266183 1.182576 
140767267571163 -1.615872 -0.119709 0.647547 
140767287447205 -0.145275 -0.715990 0.489755 
140767307323247 0.660597 -0.898683 0.662727 
140767327199288 0.952213 -1.135571 0.775379 
140767347075330 1.152216 -0.843156 0.882970 
140767366951372 1.579386 -0.084422 1.069125 
140767386827413 1.749030 0.282428 1.392832 
140767406703455 1.325055 -0.408928 1.304815 
140767426579497 0.496546 -1.630919 0.940095 
140767446455538 0.080028 -1.843705 0.594018 
140767466331580 0.075501 -1.366467 0.297608 
140767486207622 -0.093743 -1.668070 0.534629 
140767506083663 0.162586 -2.556366 0.853409 
140767525959705 0.797083 -2.255430 1.001081 
140767545835747 1.169659 -1.737844 1.094958 
140767565711788 1.878726 -1.508813 1.871668 
140767585587830 3.580085 -0.098137 2.640389 
140767605463872 4.395677 1.880856 2.993790 
140767625339913 3.266764 3.558646 3.944139 
140767645215955 1.113067 3.958653 4.846817 
140767665091997 0.192546 3.198321 5.432312 
140767684968038 -0.223572 1.256079 5.666670 
140767704844080 0.212387 -2.068609 5.544830 
140767724720122 0.641688 -4.109787 5.024183 
140767744596163 -0.278433 -5.633913 3.436008 
140767764472205 -0.848216 -4.607931 1.924532 
140767784348247 0.565256 0.213852 1.218795 
140767804224288 0.425839 2.685530 0.146074 
140767824100330 0.401471 1.827327 -0.356597 
140767843976372 0.348341 0.659931 -0.370712 
140767863852413 0.166581 0.410260 -0.435560 
140767883728455 0.212653 0.490154 -0.722915 
140767903604497 0.474175 0.574443 -1.119193 
140767923480538 0.610263 0.836365 -1.439171 
140767943356580 0.413056 0.910135 -1.923334 
140767963232622 0.145542 0.687894 -2.314685 
140767983112726 -0.189217 0.443416 -1.912814 
140768002997674 -0.817324 0.984304 -1.047154 
140768022873715 -1.348357 0.864994 -0.454069 
140768042749757 -1.266732 0.657001 -0.405066 
140768062625799 -0.715325 0.085887 -0.011052 
140768082501840 0.058856 -0.962333 0.374573 
140768102377882 0.092811 -1.071522 0.426239 
140768122253924 -0.388289 -0.069109 0.969257 
140768142129965 -0.405732 -0.620516 1.074185 
140768162006007 -0.888696 -2.257027 0.745551 
140768181882049 -1.832120 -3.788211 0.454468 
140768201758090 -2.447576 -3.833751 0.493617 
140768221634132 -2.008555 -2.551706 0.610796 
140768241510174 -1.384044 -1.883519 0.723447 
140768261386215 -0.788162 -1.375255 0.797749 
140768281262257 -0.453536 -0.598279 0.763528 
140768301138299 -0.312522 -0.152998 0.628506 
140768321014340 -0.067245 -0.522645 0.351936 
140768340890382 0.287754 -1.160338 0.076566 
140768360766424 0.532099 -1.556350 -0.222374 
140768380642465 0.560994 -1.440636 -0.558065 
140768400518507 0.375372 -1.325321 -0.858736 
140768420394549 -0.071240 -1.407613 -0.741823 
140768440270590 -0.720385 -1.853825 0.140215 
140768460146632 -0.931174 -1.981657 0.917059 
140768480023767 -1.478053 -1.325854 0.513191 
140768499905695 -1.429184 -0.925980 0.168045 
140768519781945 -0.213852 1.430116 0.230896 
140768539657986 0.994024 3.729355 0.353534 
140768559534028 1.055943 2.931073 0.418515 
140768579410070 1.011601 2.391117 0.397876 
140768599286111 1.151150 0.562060 0.304532 
140768619162153 1.932788 1.318131 -1.136370 
140768639038195 3.077414 2.192446 -1.942641 
140768658914236 3.316432 0.919855 -2.269278 
140768678790278 2.297374 -0.213186 -2.298173 
140768698666320 0.407730 -0.132758 -1.257810 
140768718542361 0.027830 0.584697 -0.383761 
140768738418403 0.517585 1.379916 -0.223839 
140768758294445 0.860334 1.999100 -0.161121 
140768778170486 0.646615 1.725993 0.188019 
140768798046528 0.130362 1.211737 0.462458 
140768817922570 -0.192813 1.443565 0.279099 
140768837798611 -0.120508 1.851561 -0.099203 
140768857674653 0.196142 1.488706 -0.189750 
140768877550695 0.203199 0.836099 -0.342349 
140768897426736 -0.096806 0.462191 -0.407996 
140768917302778 -0.292282 0.507998 -0.293480 
140768937178820 -0.207327 0.776710 -0.084688 
140768957054861 0.075634 0.762995 0.039015 
140768976930903 -0.174970 0.800812 0.128631 
140768996808924 -0.953278 1.172722 0.235024 
140769016687049 -1.612010 0.987766 0.180562 
140769036565174 -2.024267 0.128764 0.055127 
140769056442674 -1.182176 -0.617853 -0.192680 
140769076318715 1.309875 -0.216515 -0.171774 
140769096194757 0.840892 2.405365 0.156860 
140769116070799 0.118644 -0.258326 0.970988 
140769135946840 -1.677125 -3.974898 1.157143 
140769155822882 -4.631766 -4.280762 0.897485 
140769175698924 -4.077696 -1.090297 0.974583 
140769195574965 -2.203897 -0.555934 0.819587 
140769215451007 -1.076982 -0.898683 0.413722 
140769235327049 -0.465121 -1.002546 0.136354 
140769255203090 0.025833 -1.329849 -0.024901 
140769275079132 0.376704 -1.632517 -0.177233 
140769294955174 0.633566 -1.594566 -0.328501 
140769314831215 0.908670 -1.310407 -0.585895 
140769334707257 1.050483 -0.731437 -0.922119 
140769354583299 0.846618 0.107725 -0.941959 
140769374459340 -0.198805 -0.243679 -0.329832 
140769394335382 -1.471928 -1.385775 0.262321 
140769414211424 -2.662360 -2.492317 0.308527 
140769434087465 -2.633997 -0.491752 0.129163 
140769453963507 0.483896 5.067060 0.645417 
140769473839549 -0.390819 1.069125 1.480051 
140769493585278 -0.285890 2.869554 0.207860 
140769513329445 1.281379 1.924266 0.037817 
140769533124340 1.825063 2.523077 -0.345678 
140769552978820 1.831987 2.673545 -0.610662 
140769572891945 1.616804 1.811214 -0.711197 
140769592852986 1.302019 0.564856 -0.631302 
140769612844861 0.992160 -0.145009 -0.475507 
140769632839028 1.131177 -0.273506 -0.224771 
140769652731736 1.240366 0.000266 -0.111720 
140769672607778 1.205745 0.468450 -0.017843 
140769692483820 0.882571 0.949017 0.112119 
140769712359861 0.470847 1.166464 0.194144 
140769732235903 0.286955 0.696816 0.212121 
140769752111945 0.420380 0.156860 0.219844 
140769771987986 0.605736 0.129030 0.068843 
140769791864028 0.571114 0.192413 -0.231295 
140769811740070 0.327036 0.315185 -0.530901 
140769831616111 0.004794 0.593485 -0.792822 
140769851492153 -0.106926 0.365252 -0.939429 
140769871368195 0.074568 0.331430 -0.576707 
140769891244236 -0.071772 0.649411 -0.173638 
140769911120278 -0.857005 0.633699 -0.078696 
140769930996320 -1.530784 -0.084422 -0.370845 
140769950872361 -1.035836 -0.967526 -0.608665 
140769970748403 -0.066579 -0.687761 -0.054994 
140769990628976 0.869788 -0.485094 0.333827 
140770010505226 1.004411 -0.546081 0.576840 
140770030381267 0.178565 0.148471 0.614258 
140770050257309 -0.492818 0.232361 0.517319 
140770070133351 -0.640490 -0.668453 0.492951 
140770090009392 -0.553404 -1.739842 0.519183 
140770109885434 -0.560329 -2.646914 0.513723 
140770129761476 -0.884036 -3.416966 0.476173 
140770149637517 -1.033439 -3.455582 0.453403 
140770169513559 -1.178581 -2.946120 0.386158 
140770189389601 -1.161936 -2.229197 0.392417 
140770209265642 -1.000016 -1.387639 0.520914 
140770229141684 -0.576574 -0.935035 0.529836 
140770249017726 0.046339 -0.328101 0.189484 
140770268893767 0.589623 0.366717 -0.200935 
140770288769809 0.847018 0.685630 -0.444481 
140770308645851 0.427970 0.158058 -0.446345 
140770328521892 -0.607866 -0.725844 -0.252068 
140770348397934 -1.267131 -1.465270 0.269911 
140770368273976 -1.472461 -1.372459 0.325838 
140770388150017 -1.262071 -0.247541 -0.123437 
140770408026059 -0.186687 1.330514 -0.365252 
140770427902101 1.262870 3.574892 -0.151267 
140770447778142 2.363953 4.178230 0.208126 
140770467654184 0.843422 1.610279 0.325039 
140770487530226 1.018792 2.142911 0.191614 
140770507406267 1.630253 0.547812 -0.118644 
140770527282309 1.811348 -0.422111 -0.925980 
140770547158351 1.774862 -0.515055 -1.318930 
140770567034392 0.760199 -0.759932 -0.988432 
140770586910434 0.090414 -0.230496 -0.515854 
140770606786476 0.082957 0.459528 -0.263786 
140770626662517 0.384560 1.019990 -0.255930 
140770646538559 0.576707 1.637443 -0.225969 
140770666414601 0.516786 1.986584 -0.132492 
140770686290642 0.276170 1.814943 0.010386 
140770706166684 0.027830 1.459411 0.117845 
140770726042726 -0.092811 1.162868 0.107725 
140770745918767 -0.032224 1.045956 0.079096 
140770765794809 0.074702 0.798815 0.093344 
140770785670851 0.064715 0.492152 0.129563 
140770805546892 0.072305 0.285890 0.165382 
140770825422934 0.069642 0.297075 0.114250 
140770845298976 -0.029028 0.447810 -0.020639 
140770865175017 -0.217447 0.709998 -0.159790 
140770885051059 -0.385226 0.598811 -0.232361 
140770904927101 -0.590955 0.505068 -0.270577 
140770924803142 -0.873250 0.209990 -0.562326 
140770944679184 -0.936500 -0.655270 -0.758601 
140770964555226 -0.443682 -1.296825 -0.399474 
140770984435695 -0.049135 -0.536493 0.119043 
140771004319132 -0.057657 0.028363 0.391884 
140771024195538 0.085621 -0.570582 0.499875 
140771044071580 0.219444 -1.311739 0.898683 
140771063947622 0.072837 -1.959952 1.078047 
140771083823663 -0.661129 -3.246790 1.038366 
140771103699705 -2.079262 -4.664124 0.942492 
140771123575747 -2.600042 -3.453452 0.800679 
140771143451788 -2.161553 -2.263685 0.724646 
140771163327830 -1.570864 -1.684182 0.772982 
140771183203872 -1.050217 -1.329849 0.818655 
140771203079913 -0.436359 -1.614407 0.755805 
140771222955955 0.186821 -1.749962 0.415320 
140771242831997 0.616521 -1.406414 0.059921 
140771262708038 0.955142 -0.760332 -0.310924 
140771282584080 1.171923 -0.216515 -0.703873 
140771302460122 1.011601 -0.227966 -0.842357 
140771322336163 -0.147938 -0.392683 -0.555135 
140771342212205 -1.126250 -1.216531 0.453270 
140771362088247 -1.350754 -1.768870 0.739160 
140771381964288 -1.046622 -0.827444 0.134090 
140771401840330 0.020107 0.233160 -0.476306 
140771421716372 0.683766 2.001231 -1.034504 
140771441592413 1.783651 4.222838 -1.095224 
140771461468455 2.518816 2.682334 -0.070174 
140771481318715 1.094558 0.723580 0.500541 
140771501039549 1.216664 2.073402 0.201734 
140771520801007 1.479119 0.426505 -0.374174 
140771540617674 1.670733 0.062185 -1.391367 
140771560493715 1.365801 -0.396012 -1.812946 
140771580424965 0.359660 -0.736896 -1.396161 
140771600397882 0.214651 -0.052198 -0.934236 
140771620395278 0.497611 0.656202 -0.475241 
140771640359861 0.791890 1.337705 -0.173239 
140771660235903 0.888829 1.745967 0.079495 
140771680111945 0.565256 1.516669 0.578571 
140771699987986 0.073903 1.053945 0.871785 
140771719864028 -0.200669 1.050483 0.688027 
140771739740070 0.006392 0.999617 0.189484 
140771759616111 0.400539 0.750878 -0.200935 
140771779492153 0.365519 0.512525 -0.502671 
140771799368195 0.041146 0.539023 -0.590556 
140771819244236 -0.131027 0.917458 -0.491885 
140771839120278 -0.054062 1.611344 -0.507199 
140771858996320 0.007723 1.253416 -0.194943 
140771878872361 -0.000533 0.545814 -0.061519 
140771898748403 -0.535029 0.323041 -0.128231 
140771918624445 -1.264068 -0.059255 -0.337422 
140771938500486 -1.244095 -0.508930 -0.509329 
140771958376528 -0.378834 -0.996554 -0.352735 
140771978252570 0.611728 -1.533713 0.111187 
140771998132413 0.715591 -2.296708 0.342349 
140772018008455 0.345279 -2.567285 0.304665 
140772037884497 0.251402 -1.306146 0.719985 
140772057760538 -0.076965 -1.660879 1.274189 
140772077636580 -1.373524 -4.297407 1.781121 
140772097512622 -3.534412 -4.971985 1.970871 
140772117388663 -4.002195 -2.270876 1.529585 
140772137264705 -2.792322 -2.382995 1.058473 
140772157140747 -1.944772 -2.275403 0.910667 
140772177016788 -1.475923 -1.663942 0.874981 
140772196892830 -1.024251 -1.425190 0.726909 
140772216768872 -0.496280 -1.370062 0.396411 
140772236644913 0.091746 -1.296026 0.058456 
140772256520955 0.482165 -0.944756 -0.283493 
140772276396997 0.560728 -0.626908 -0.580835 
140772296273038 0.298274 -0.604005 -0.750079 
140772316149080 -0.160722 -0.639824 -0.551274 
140772336025122 -0.313054 -0.941427 0.144876 
140772355901163 -0.603605 -1.164733 0.573644 
140772375777205 -1.055010 -0.913197 0.184823 
140772395653247 -0.729173 -0.199737 -0.187486 
140772415529288 0.154330 2.117877 -0.070840 
140772435405330 1.531183 4.378500 0.216249 
140772455281372 1.421994 2.287654 0.633033 
140772475157413 0.536760 1.917608 0.237953 
140772495036111 1.471795 2.166879 -0.084555 
140772514914861 2.325071 1.784450 -1.038898 
140772534791215 3.212702 3.005375 -2.289917 
140772554667257 3.655985 2.816690 -3.081142 
140772574543299 2.987399 1.126117 -2.778474 
140772594419340 0.590156 0.199604 -1.443033 
140772614295382 -0.306929 1.031841 -0.432630 
140772634171424 0.240883 1.849298 -0.107192 
140772654047465 0.668320 2.584196 -0.119176 
140772673923507 0.417450 2.594583 0.145408 
140772693799549 -0.167113 1.882587 0.581900 
140772713675590 -0.541687 1.550358 0.678440 
140772733551632 -0.345678 1.554486 0.316783 
140772753427674 0.147140 1.219860 -0.013715 
140772773303715 0.402403 0.703473 -0.297075 
140772793179757 0.210789 0.422510 -0.447677 
140772813055799 -0.156727 0.846485 -0.263520 
140772832931840 -0.222773 1.480317 -0.322642 
140772852807882 0.075234 1.182842 -0.339020 
140772872683924 0.189351 0.603472 -0.195742 
140772892559965 -0.239418 0.936899 -0.123970 
140772912436007 -0.968857 0.762729 -0.145808 
140772932312049 -1.524792 0.515321 -0.188419 
140772952188090 -1.563807 0.313587 -0.280164 
140772972064132 -0.715191 -1.201484 -0.440886 
140772991944913 0.925181 -2.290983 0.013049 
140773011820955 1.485643 -1.995771 0.525841 
140773031696997 0.739160 -0.804807 0.673113 
140773051573038 -0.056059 0.055926 0.868456 
140773071449080 -0.819987 -1.309875 1.238502 
140773091325122 -2.003628 -3.945603 1.416801 
140773111201163 -3.215631 -4.746149 1.291898 
140773131077205 -2.816158 -3.226684 0.767123 
140773150953247 -1.972868 -3.133606 0.465254 
140773170829288 -1.554220 -2.541053 0.406132 
140773190705330 -1.254614 -1.525191 0.535828 
140773210581372 -0.678307 -1.161270 0.589357 
140773230457413 0.152732 -0.709865 0.140881 
140773250333455 0.893490 -0.155129 -0.432231 
140773270209497 1.241964 0.111320 -0.719719 
140773290085538 1.174853 -0.285491 -1.016927 
140773309961580 0.156594 -1.403219 -1.097088 
140773329837622 -0.816258 -2.284192 -0.188152 
140773349713663 -0.810000 -2.476871 0.813728 
140773369589705 -1.084172 -1.421062 0.435293 
140773389465747 -0.641022 -0.338621 -0.582300 
140773409341788 0.266715 2.610828 -1.007473 
140773429217830 3.582082 7.930622 -0.130628 
140773449093872 2.446245 0.794953 1.899765 
140773468969913 0.036885 2.024933 0.992293 
140773488850226 1.654754 4.052662 0.152732 
140773508726788 2.658365 1.817207 -0.991361 
140773528602830 2.502304 0.580702 -2.209357 
140773548478872 0.497079 0.308660 -2.522278 
140773568354913 -0.322109 1.606950 -2.014014 
140773588230955 0.324373 1.392433 -1.048353 
140773608106997 0.886166 1.298423 -0.307195 
140773627983038 1.074185 2.400572 -0.140348 
140773647859080 0.988032 3.380215 0.245144 
140773667735122 0.279765 2.308826 0.930375 
140773687611163 -0.373641 1.208009 0.757536 
140773707487205 -0.506932 1.350621 0.276170 
140773727363247 0.157393 1.268063 -0.143544 
140773747239288 0.758068 1.307478 -0.600276 
140773767115330 0.496280 1.950631 -0.836631 
140773786991372 -0.468450 2.173271 -0.941027 
140773806867413 -0.627573 1.434644 -0.531167 
140773826743455 -0.079628 0.868722 -0.290551 
140773846619497 -0.504935 0.554203 -0.366451 
140773866495538 -1.066995 -0.160855 -0.637827 
140773886371580 -0.491486 -0.198672 -0.428236 
140773906247622 0.126367 -0.869921 -0.119443 
140773926123663 -0.203199 -2.134922 0.043543 
140773945999705 -0.425040 -1.043426 0.528770 
140773965875747 -0.253133 0.066845 0.841425 
140773985755017 -0.143278 -0.428769 0.979643 
140774005632882 -0.563658 -1.548228 1.337305 
140774025508924 -1.208009 -2.940261 1.452886 
140774045384965 -2.268213 -4.379965 1.222656 
140774065261007 -2.916026 -4.081025 0.903210 
140774085137049 -2.320410 -3.629620 0.538890 
140774105013090 -1.543967 -4.041344 0.329832 
140774124889132 -1.236238 -3.169292 0.197473 
140774144765174 -0.915994 -2.592452 0.303334 
140774164641215 -0.386558 -2.265949 0.290284 
140774184517257 0.212254 -1.571131 -0.048603 
140774204393299 0.634498 -0.840360 -0.492684 
140774224269340 0.439554 -0.760465 -0.603738 
140774244145382 -0.310791 -0.950348 -0.610396 
140774264021424 -0.589490 -1.614274 -0.087751 
140774283897465 -0.858203 -1.983121 0.831705 
140774303773507 -1.411075 -0.900547 0.878709 
140774323649549 -1.049018 0.932905 0.893090 
140774343525590 0.154596 3.265699 1.259008 
140774363401632 0.450473 2.844520 0.989097 
140774383277674 0.661396 2.218811 0.289219 
140774403153715 1.413472 1.969806 -0.280963 
140774423029757 2.892058 3.505383 -1.268862 
140774442905799 4.637892 4.244809 -2.175934 
140774462781840 4.992491 2.783667 -2.942924 
140774482660851 3.160637 0.292149 -2.655835 
140774502539392 -0.559663 -0.795885 -1.093893 
140774522415434 -0.664325 0.564856 -0.433829 
140774542291476 0.414388 1.767139 -0.321576 
140774562167517 0.884835 2.853708 -0.405732 
140774582043559 0.711330 3.457846 -0.245676 
140774601919601 0.339686 2.594849 0.395479 
140774621795642 -0.141680 0.656069 0.740358 
140774641671684 -0.334360 0.279232 0.521979 
140774661547726 -0.164450 0.419048 0.234624 
140774681423767 0.416784 0.373774 0.100401 
140774701299809 0.847417 0.788961 0.109855 
140774721175851 0.716257 1.367000 0.082691 
140774741051892 0.351138 1.585379 -0.164983 
140774760927934 0.419048 1.761014 -0.136753 
140774780803976 0.680437 1.743570 -0.097871 
140774800680017 0.503603 0.865127 -0.009854 
140774820556059 0.121440 -0.383229 -0.105062 
140774840432101 0.154596 -0.856339 -0.035686 
140774860308142 0.576707 -0.987766 0.216249 
140774880184184 1.006940 -1.588441 0.048869 
140774900060226 0.413722 -1.970471 -0.000133 
140774919936267 -0.242481 -1.846501 -0.077232 
140774939812309 0.313188 -1.571530 0.360592 
140774959688351 0.303467 -1.850762 1.376454 
140774979565017 -0.756204 -3.586876 2.427070 
140774999445903 -2.936266 -4.872516 2.981407 
140775019322101 -4.458261 -2.587259 2.762628 
140775039198142 -4.722447 -0.882704 2.128530 
140775059074184 -3.635612 -1.057674 1.640107 
140775078950226 -3.190198 -1.502421 1.373791 
140775098826267 -2.974616 -1.863412 1.220126 
140775118702309 -2.236521 -2.159955 1.077780 
140775138578351 -1.151550 -1.769536 0.542885 
140775158454392 0.155662 -1.108007 -0.029961 
140775178330434 1.265666 -0.326770 -0.540488 
140775198206476 1.727059 0.215583 -0.842757 
140775218082517 1.394430 0.129563 -1.132642 
140775237958559 0.893090 -0.352070 -1.383511 
140775257834601 0.468982 -0.330898 -1.492568 
140775277710642 0.176834 0.456066 -1.202017 
140775297586684 -0.617054 -0.512924 -0.090414 
140775317462726 -3.251850 -0.323308 1.054611 
140775337338767 -0.216648 4.060252 1.354882 
140775357214809 1.560744 0.664991 1.277251 
140775377090851 0.563791 -2.255563 0.492818 
140775396966892 1.788178 0.458330 -0.862198 
140775416842934 4.357061 2.566353 -1.548094 
140775436718976 3.604453 1.802959 -1.292964 
140775456595017 3.896868 3.342132 -2.016278 
140775476471059 4.231360 2.857570 -2.835332 
140775496352726 3.544132 3.218295 -3.117627 
140775516228976 1.405216 2.240249 -2.284857 
140775536105017 -1.100018 1.004677 -0.735698 
140775555981059 -1.226385 2.010818 -0.097072 
140775575857101 -0.959270 2.022536 0.537958 
140775595733142 -1.522928 1.216398 0.876712 
140775615609184 -2.121073 -0.149004 0.853276 
140775635485226 -1.897900 -0.643686 0.631568 
140775655361267 -1.269128 -0.018642 0.368581 
140775675237309 -0.702808 0.303866 0.291350 
140775695113351 -0.314519 -0.678440 0.244611 
140775714989392 -0.377769 -1.130511 0.375106 
140775734865434 -0.002131 -3.128147 0.715191 
140775754741476 1.398292 -6.971751 1.426255 
140775774617517 -0.305464 -8.059651 2.834400 
140775794493559 -3.465835 -3.343729 2.817622 
140775814369601 -4.430431 -2.075134 1.476855 
140775834245642 -3.959185 -0.635430 1.566071 
140775854121684 -2.414819 -0.655537 1.187636 
140775873997726 -1.281113 -0.526640 0.731170 
140775893873767 0.027697 -0.532232 0.357795 
140775913749809 0.927179 -0.226369 -0.095874 
140775933625851 1.116529 0.366051 -0.578838 
140775953501892 0.987899 0.735698 -1.062467 
140775973377934 0.742356 1.275520 -1.305614 
140775993123038 0.777509 1.843039 -1.256345 
140776012867570 0.729572 1.320794 -0.815859 
140776032662674 -0.342882 -0.285890 0.156860 
140776052517205 -3.121755 -3.483279 1.100417 
140776072429757 -2.409760 1.452088 0.312522 
140776092391007 1.651824 1.590971 0.310391 
140776112384080 1.648362 -0.439554 -0.242614 
140776132383038 3.591536 1.431315 -1.498826 
140776152269861 4.468248 1.818538 -1.996304 
140776172145903 4.512057 1.453153 -3.030276 
140776192021945 3.921502 3.373424 -3.657449 
140776211897986 3.081142 3.644666 -3.750793 
140776231774028 1.190299 3.196856 -2.544648 
140776251650070 -0.992426 2.817090 -1.362206 
140776271526111 -1.294029 2.635862 -0.714659 
140776291402153 -0.735698 1.488839 -0.005326 
140776311278195 -0.689891 0.466719 0.541021 
140776331154236 -1.188701 -0.024501 0.780971 
140776351030278 -1.511343 0.170575 0.604937 
140776370906320 -1.546763 0.099070 0.425839 
140776390782361 -1.259941 -0.729306 0.294679 
140776410658403 -0.221309 -2.801510 -0.364986 
140776430534445 1.785249 -5.232975 -1.072454 
140776450410486 1.650227 -5.947633 0.744087 
140776470286528 0.457664 -6.900378 2.006424 
140776490162570 -0.678972 -4.021636 3.812445 
140776510038611 -2.959036 -0.163118 4.312853 
140776529914653 -4.486225 -0.812397 4.149468 
140776549790695 -5.396359 -0.675777 3.576356 
140776569666736 -4.725110 -0.676309 2.306429 
140776589542778 -3.047853 -1.335441 1.402553 
140776609418820 -1.660879 -1.472993 0.337689 
140776629294861 -0.298940 -0.995089 -0.345145 
140776649170903 0.839561 -0.745551 -0.720251 
140776669046945 1.319462 -0.407863 -1.242231 
140776688922986 1.199087 -0.123704 -1.784716 
140776708799028 1.123454 0.716123 -1.946370 
140776728675070 1.387772 1.661145 -2.024400 
140776748551111 1.558880 1.654754 -1.919871 
140776768427153 0.572979 -0.625310 -1.290700 
140776788303195 -1.376720 -3.741339 0.195210 
140776808179236 -0.937965 0.916659 0.608399 
140776828055278 2.589523 4.009519 1.816940 
140776847931320 1.142096 0.099203 2.400039 
140776867807361 1.322525 0.733833 0.635030 
140776887683403 2.443182 3.147721 -1.561011 
140776907559445 2.795518 1.314935 -2.575142 
140776927435486 4.407928 1.883786 -4.026031 
140776947311528 5.309807 2.554769 -4.867856 
140776967187570 3.429483 2.788328 -3.900463 
140776987063611 -0.852877 1.640107 -1.887780 
140777006939653 -1.717072 2.496312 -0.797616 
140777026815695 -1.119326 2.836531 -0.199604 
140777046691736 -0.552339 2.053562 0.174304 
140777066567778 -0.433562 0.760998 0.534496 
140777086443820 -0.717322 -0.054595 0.834501 
140777106319861 -1.056076 -0.570582 1.017726 
140777126195903 -1.153814 -0.757269 1.086702 
140777146071945 -1.032906 -1.007340 0.906406 
140777165947986 -0.868057 -1.466069 0.458729 
140777185824913 -1.161670 -1.570731 -0.015446 
140777205701997 -0.704272 -3.978094 -0.843023 
140777225579080 1.042227 -8.224501 0.449408 
140777245456163 0.762063 -4.323772 2.659830 
140777265333247 -1.589240 2.021205 3.475556 
140777285210330 -2.910434 1.894971 2.775678 
140777305087413 -3.121489 0.413855 2.174070 
140777324964497 -2.888995 1.325055 1.012533 
140777344841580 -2.127864 0.755405 0.394014 
140777364718663 -0.708800 -0.154596 -0.021438 
140777384595747 0.568851 -0.531167 -0.372576 
140777404472830 0.982972 -0.495614 -0.638093 
140777424349913 1.051282 -0.344346 -0.899482 
140777444226997 1.291632 0.147672 -1.017726 
140777464104080 1.298556 0.849148 -0.875780 
140777483982622 0.999484 1.409078 -0.666056 
140777503854497 -0.694818 -0.372443 -0.205330 
140777523726372 -5.892905 -3.636677 0.612260 
140777543598455 -0.347010 3.364768 1.282045 
140777563472309 3.020821 2.334126 0.735165 
140777583348247 2.611361 -0.729306 -0.932772 
140777603226059 5.100616 1.565272 -2.803774 
140777623104184 4.504867 0.037151 -4.071038 
140777642982309 3.314701 1.123187 -4.551206 
140777662860434 0.134356 2.259424 -3.291798 
140777682738559 -1.273656 3.182475 -2.264351 
140777702616684 -1.224521 3.372625 -0.830240 
140777722494809 -0.562992 1.711479 0.115714 
140777742372517 -0.120907 -0.051798 0.349406 
140777762248559 0.095474 -0.544483 0.378568 
140777782124601 0.027297 0.068843 0.570848 
140777802000642 -0.400672 0.791890 0.923584 
140777821876684 -0.947153 0.818256 1.248489 
140777841752726 -1.425855 -0.124503 1.092960 
140777861628767 -1.380981 -1.271925 0.569517 
140777881504809 -0.884835 -2.176200 -0.080561 
140777901380851 -0.389487 -2.937731 -0.491619 
140777921256892 1.302684 -6.389052 -1.251019 
140777941132934 0.510528 -9.170721 1.432114 
140777961008976 0.098670 -3.291665 3.675293 
140777980871476 -1.584447 2.469681 4.913795 
140778000686059 -2.810698 2.417216 4.236021 
140778020516788 -2.698712 1.785648 2.804972 
140778040369392 -1.817606 2.000432 0.492019 
140778060245955 -0.813595 0.708800 0.198805 
140778080144392 0.218512 -0.752209 -0.044874 
140778100058976 0.575375 -1.312005 -0.380965 
140778119796007 0.500408 -1.568334 -0.773781 
140778139577934 0.588159 -1.520531 -1.322658 
140778159416059 1.041695 -1.043159 -1.649561 
140778179311788 1.006541 0.155928 -1.554220 
140778199257153 0.675377 1.416401 -1.037167 
140778219237830 -3.062233 -2.034387 -0.102265 
140778239234497 -4.255861 1.308277 0.701343 
140778259155538 1.980858 4.076897 1.466735 
140778279031580 2.470479 -0.399208 1.236505 
140778298907622 2.657433 1.257943 -0.309592 
140778318783663 4.250668 0.898949 -1.881921 
140778338659705 3.865975 0.449674 -3.566769 
140778358535747 4.040145 1.272857 -4.946951 
140778378411788 1.730654 1.645033 -4.180893 
140778398287830 -0.978578 1.575259 -2.387655 
140778418163872 -1.069125 2.667553 -1.046222 
140778438039913 -0.016778 2.583397 -0.021838 
140778457915955 0.812397 1.885650 0.701476 
140778477791997 0.552206 0.329300 1.314136 
140778497668038 -0.247008 -0.465121 1.607616 
140778517544080 -0.962066 -0.158325 1.550624 
140778537420122 -1.382046 0.225436 1.270993 
140778557296163 -1.475257 0.036352 0.879775 
140778577172205 -1.281246 -0.706536 0.411059 
140778597048247 -0.804141 -1.762878 -0.223705 
140778616927986 -0.568318 -3.190598 -1.057407 
140778636804028 -0.629438 -7.024482 -1.076316 
140778656680070 -0.543418 -5.979591 2.108423 
140778676556111 -0.915860 -1.536243 4.248671 
140778696432153 -2.939861 2.059288 4.231627 
140778716308195 -3.703522 1.382845 3.450123 
140778736184236 -2.866491 0.744220 1.582582 
140778756060278 -1.662876 0.406931 0.274305 
140778775936320 -0.335691 -0.313587 0.042611 
140778795812361 0.732236 -0.501872 -0.205196 
140778815688403 1.219194 0.044475 -0.539689 
140778835564445 1.133041 0.968458 -0.810266 
140778855440486 1.197623 1.782586 -0.988565 
140778875316528 1.814943 2.211487 -0.951547 
140778895192570 2.241714 1.891376 -0.815859 
140778915068611 1.781787 0.124636 -0.547279 
140778934944653 -0.944623 -3.846001 -0.249671 
140778954820695 -2.784865 -1.541836 0.395612 
140778974696736 1.670067 3.509911 1.899498 
140778994572778 2.006691 -0.182160 0.977379 
140779014448820 2.073136 0.741024 -1.539173 
140779034324861 3.399789 1.291765 -2.768887 
140779054200903 3.474224 0.270311 -3.468365 
140779074076945 1.456615 1.855157 -3.595398 
140779093952986 -0.086153 2.568218 -2.358494 
140779113833976 -0.353934 1.991910 -0.641289 
140779133710017 0.046872 1.536643 0.159390 
140779153586059 0.615190 0.727442 0.305331 
140779173462101 0.521580 -0.014781 0.433296 
140779193338142 -0.122505 0.058856 0.558731 
140779213214184 -0.624777 0.879908 0.576840 
140779233090226 -0.981507 1.214401 0.457131 
140779252966267 -1.231045 0.445147 0.306530 
140779272842309 -1.005609 -0.706802 0.147672 
140779292718351 -0.428902 -1.734116 -0.109056 
140779312594392 -0.105861 -1.851295 -0.132359 
140779332470434 -0.390952 -1.248888 0.087352 
140779352346476 -0.310258 -4.902210 -0.146873 
140779372222517 -0.527039 -7.822896 1.514272 
140779392098559 -0.677375 -2.740258 3.273955 
140779411974601 -2.318280 1.367133 4.448940 
140779431850642 -3.291665 0.923051 4.222039 
140779451726684 -2.829340 0.553538 2.250236 
140779471602726 -1.656352 1.155278 0.612260 
140779491478767 -0.265384 0.455933 0.339952 
140779511354809 0.989763 -0.692022 0.054462 
140779531230851 1.399623 -1.098420 -0.355132 
140779551106892 0.975116 -0.579637 -0.693087 
140779570982934 0.618785 0.202001 -1.105078 
140779590858976 0.769786 0.923584 -1.372592 
140779610723559 0.682701 1.492701 -1.319595 
140779630583559 0.130761 1.364869 -0.865660 
140779650449080 -3.520829 -1.507614 0.293081 
140779670320851 -4.037083 2.044241 1.834118 
140779690198872 1.865676 2.865026 1.811481 
140779710083142 3.742005 0.942359 0.305065 
140779729971892 2.503236 -0.496013 -0.635430 
140779749862413 6.003160 2.644118 -1.343031 
140779769749705 3.970371 0.005992 -2.090047 
140779789626892 3.208175 1.471795 -4.235089 
140779809502934 2.195242 2.649843 -5.082107 
140779829378976 0.443416 3.330414 -4.227898 
140779849255017 -0.279499 2.364752 -2.822150 
140779869131059 0.145941 1.712944 -1.523061 
140779889007101 0.577506 0.559397 -0.375772 
140779908883142 0.479901 -0.584963 0.494815 
140779928759184 0.039282 -0.295344 0.859401 
140779948635226 -0.563791 0.499742 1.107741 
140779968511267 -1.063133 0.543551 1.163268 
140779988387309 -1.143694 -0.487891 0.810532 
140780008263351 -0.831039 -1.814011 0.260990 
140780028139392 -0.203732 -2.468749 -0.664325 
140780048015434 0.421179 -4.445478 -0.798548 
140780067891476 -0.214651 -7.967506 1.182176 
140780087767517 -1.039564 -2.806837 2.798714 
140780107643976 -1.928393 2.470479 4.026697 
140780127521059 -2.549842 0.851279 4.416450 
140780147398142 -2.690190 -0.465920 3.604053 
140780167275226 -2.642386 0.503204 1.954226 
140780187152049 -2.044374 -0.440220 0.839827 
140780207028090 -1.140897 -2.122405 0.551141 
140780226904132 -0.842091 -2.165015 0.150069 
140780246780174 -0.476306 -1.035037 -0.482698 
140780266656215 0.314253 0.508264 -1.138767 
140780286532257 1.359010 1.635579 -1.423725 
140780306408299 1.892974 1.792839 -1.226518 
140780326284340 1.721732 1.215333 -0.888164 
140780346160382 -1.684315 -1.733583 -0.381498 
140780366036424 -3.730686 0.158058 0.124503 
140780385912465 1.832253 3.631351 1.321326 
140780405788507 1.169260 -1.825329 2.979010 
140780425664549 3.130677 1.626258 1.198288 
140780445540590 4.304863 0.555269 -1.294961 
140780465416632 3.732018 1.425989 -3.412439 
140780485292674 3.390202 2.117212 -4.980773 
140780505168715 2.066478 3.692736 -5.221257 
140780525044757 -0.344613 3.196324 -3.192995 
140780544920799 -0.778308 1.955025 -1.255147 
140780564796840 -0.383362 0.862464 0.029961 
140780584672882 0.023036 -0.360192 0.497878 
140780604550226 -0.166447 -0.197873 0.485494 
140780624430434 -0.600542 0.398275 0.591221 
140780644306476 -0.853676 0.522112 0.636362 
140780664182517 -0.841825 0.155528 0.609863 
140780684058559 -0.936100 -0.645283 0.499875 
140780703934601 -0.864861 -1.500424 0.313321 
140780723810642 -0.588159 -2.188984 0.143278 
140780743686684 -0.585895 -2.073402 -0.027164 
140780763562726 -1.002813 -1.926929 -0.282162 
140780783438767 -1.062467 -7.193326 -0.148205 
140780803314809 -0.830107 -6.197304 2.979409 
140780823190851 -1.271126 -0.372576 4.657066 
140780843066892 -2.340917 2.719751 4.143343 
140780862942934 -2.361690 1.836248 2.673945 
140780882818976 -1.777259 0.399873 1.292831 
140780902695017 -0.734233 -1.216265 0.462458 
140780922571059 0.076433 -2.491918 0.098537 
140780942447101 0.205995 -2.293513 -0.365385 
140780962323142 0.011718 -1.349156 -0.686429 
140780982199184 0.132758 -0.326636 -0.760066 
140781002075226 0.529836 0.567919 -0.607200 
140781021951267 0.811465 1.113067 -0.511593 
140781041827309 0.586827 1.005742 -0.438356 
140781061703351 -1.041561 -0.729706 -0.266449 
140781081579392 -1.815076 -0.674445 -0.351670 
140781101456267 1.533846 2.594982 0.197606 
140781121337361 2.373274 0.510927 1.148221 
140781141213455 3.732950 2.905640 0.178299 
140781161089497 2.924149 -0.549010 -1.287238 
140781180965538 3.150784 1.556483 -2.839593 
140781200841580 3.107241 0.894289 -3.806986 
140781220717622 1.827060 2.215083 -4.195541 
140781240593663 0.267514 2.496845 -2.805239 
140781260469705 -0.104396 1.978994 -1.207077 
140781280345747 0.057791 0.755938 -0.099203 
140781300221788 0.139283 -0.458197 0.431698 
140781320097830 0.001465 -0.218379 0.426771 
140781339973872 -0.254332 0.354866 0.521180 
140781359849913 -0.603871 0.493483 0.553271 
140781379725955 -0.867524 0.185223 0.488290 
140781399601997 -0.963664 -0.528238 0.304000 
140781419478038 -0.841825 -1.618002 0.077897 
140781439354080 -0.413722 -3.070090 -0.400539 
140781459230122 0.276036 -4.755071 -0.981108 
140781479106163 0.146074 -8.438886 0.216249 
140781498982205 -0.452071 -4.730037 1.883253 
140781518858247 -1.114665 0.950348 3.389802 
140781538734288 -2.092045 1.537042 4.204063 
140781558610330 -2.636128 0.202267 3.932287 
140781578486372 -3.305380 0.215450 2.992326 
140781598362413 -3.263835 0.064981 1.551024 
140781618244757 -1.983121 -1.022786 0.147805 
140781638121007 -0.634498 -1.564073 -0.246209 
140781657997049 0.324373 -0.958870 -0.345412 
140781677873090 0.910934 0.011585 -0.507864 
140781697749132 1.190299 0.662727 -0.724512 
140781717625174 1.407746 0.790026 -0.953145 
140781737501215 1.541836 0.644618 -1.070590 
140781757377257 1.453819 0.230097 -0.912931 
140781777253299 -0.805472 -1.629587 -0.299739 
140781797129340 -2.774879 2.258758 0.566853 
140781817005382 2.187519 2.690456 2.157026 
140781836881424 3.185804 0.564457 0.839028 
140781856757465 3.173420 2.024134 -1.035436 
140781876633507 4.140813 1.041428 -1.784183 
140781896509549 3.937880 -0.529969 -3.005242 
140781916385590 3.403384 0.859801 -4.718585 
140781936261632 1.782053 3.274754 -5.199152 
140781956137674 0.137552 4.067576 -3.668102 
140781976013715 -0.315718 2.981540 -1.892308 
140781995889757 -0.350205 1.384177 -0.536227 
140782015765799 -0.428236 0.066845 0.139416 
140782035641840 -0.586960 -0.212653 0.437557 
140782055517882 -0.880840 0.015846 0.509729 
140782075393924 -1.129313 0.082957 0.507465 
140782095269965 -1.221192 -0.327302 0.417583 
140782115151736 -1.126117 -1.058872 0.259259 
140782135027778 -0.821984 -1.900164 0.021305 
140782154903820 -0.645283 -2.481931 -0.268580 
140782174779861 -0.923717 -3.130943 -0.469781 
140782194655903 -1.150085 -7.052711 -0.364720 
140782214531945 -0.857670 -5.803423 2.839061 
140782234407986 -1.109605 -0.592819 4.937098 
140782254284028 -2.640389 2.614157 5.290898 
140782274160070 -3.430815 2.146773 4.408327 
140782294036111 -2.873682 1.966344 2.604969 
140782313912153 -1.426787 0.739559 0.780971 
140782333788195 -0.116247 -1.143294 0.092545 
140782353664236 0.627307 -1.712411 -0.264585 
140782373540278 0.706003 -1.347825 -0.553538 
140782393416320 0.555801 -0.269512 -0.791890 
140782413292361 0.843289 0.503204 -0.761930 
140782433168403 1.443565 0.917059 -0.509329 
140782453044445 1.765808 1.166464 -0.368315 
140782472920486 1.699362 1.200019 -0.199737 
140782492796528 -1.339170 -1.587909 0.159390 
140782512672570 -3.848931 0.397077 0.405865 
140782532548611 1.223722 1.953028 1.042627 
140782552424653 3.427885 0.828242 0.328767 
140782572300695 4.017242 1.100417 -1.271126 
140782592176736 3.855056 -0.175236 -2.334658 
140782612055486 4.182491 0.456732 -3.962781 
140782631934861 3.383943 1.107075 -4.783833 
140782651811111 1.233975 2.705370 -4.318978 
140782671687153 -0.220110 2.413089 -2.283792 
140782691563195 -0.167646 1.573528 -0.740625 
140782711439236 -0.144876 0.909069 0.323174 
140782731315278 -0.454202 0.150602 0.771251 
140782751191320 -0.758601 0.189750 0.970588 
140782771067361 -0.972319 0.628639 1.025183 
140782790943403 -1.115997 0.424108 0.893490 
140782810819445 -1.187103 -0.329832 0.605203 
140782830695486 -1.146357 -1.232510 0.310258 
140782850571528 -0.945421 -2.081791 0.073636 
140782870447570 -0.678972 -2.679271 -0.291083 
140782890323611 -0.730505 -3.073951 -0.598811 
140782910199653 -1.431847 -6.517283 0.368981 
140782930075695 -1.321326 -5.356279 2.883402 
140782949951736 -1.193628 0.161787 3.184339 
140782969827778 -1.915211 2.052763 2.978477 
140782989703820 -2.478469 1.249821 2.861431 
140783009579861 -2.516419 0.817190 2.180994 
140783029455903 -1.407080 0.219045 1.190033 
140783049331945 -0.220776 -0.995888 0.540355 
140783069207986 0.244079 -1.220526 -0.171774 
140783089084028 0.424108 -0.559929 -0.510794 
140783108963403 0.639025 0.368448 -0.693620 
140783128841528 1.137568 1.081775 -0.647813 
140783148717570 1.674328 1.159673 -0.555135 
140783168593611 1.761413 1.145957 -0.405865 
140783188469653 0.646748 0.419048 -0.205330 
140783208345695 -3.313503 -1.090830 0.033156 
140783228221736 -0.549277 3.391267 0.948484 
140783248097778 1.149153 -0.398542 2.381397 
140783267973820 2.014280 1.658083 -0.215583 
140783287849861 3.574093 -0.205862 -1.850363 
140783307725903 4.376103 -1.017061 -3.093392 
140783327601945 4.785963 -0.812929 -3.513639 
140783347477986 4.372641 0.564057 -4.086218 
140783367354028 1.754223 3.488073 -3.625492 
140783387230070 -0.691223 4.473708 -1.846501 
140783407106111 -0.756071 3.384609 -0.583898 
140783426982153 0.038349 2.113483 0.196807 
140783446858195 0.309060 0.946620 0.599743 
140783466734236 -0.091213 -0.149270 0.819055 
140783486610278 -0.841558 -0.192413 0.944090 
140783506486320 -1.430782 0.236622 0.849947 
140783526362361 -1.562342 0.105195 0.599877 
140783546238403 -1.278183 -0.623312 0.237421 
140783566114445 -0.913064 -1.627323 -0.078563 
140783585990486 -0.472711 -2.700843 -0.528903 
140783605868611 0.353534 -4.840824 -1.293496 
140783625748195 -0.105594 -10.327465 0.352602 
140783645624236 -0.898284 -2.663958 2.602040 
140783665500278 -2.555568 3.611510 3.367565 
140783685376320 -3.445196 2.156626 3.370627 
140783705252361 -3.895403 0.309592 2.749179 
140783725128403 -3.848798 0.476439 1.658349 
140783745004445 -2.576207 -0.249272 0.712661 
140783764880486 -1.000549 -1.216664 0.008522 
140783784756528 0.024368 -1.194693 -0.234891 
140783804632570 0.567120 -0.388022 -0.440886 
140783824508611 1.010136 0.767123 -0.749546 
140783844384653 1.793638 1.221857 -0.778841 
140783864260695 2.548510 0.538224 -0.708533 
140783884136736 2.709498 -0.068576 -0.577906 
140783904012778 0.483763 -1.186837 -0.296276 
140783923888820 -2.421744 0.357929 0.016911 
140783943764861 -0.641022 0.901080 1.465137 
140783963640903 2.649178 0.301336 1.872201 
140783983516945 3.437606 1.387106 -0.853676 
140784003392986 3.800594 0.990562 -2.450373 
140784023269028 5.017392 0.461126 -3.870636 
140784043145070 4.036284 0.247141 -4.700476 
140784063021111 1.187236 2.053962 -4.233224 
140784082897153 -1.049152 3.721498 -2.129196 
140784102660226 -1.138367 3.132275 -0.439954 
140784122317517 -0.581767 0.911866 0.344879 
140784142042517 -0.201601 -0.044075 0.391085 
140784161853976 -0.141946 0.338354 0.304799 
140784181756059 -0.445813 0.762462 0.338754 
140784201736788 -0.948484 0.966860 0.420646 
140784221773247 -1.404816 0.478303 0.398275 
140784241836267 -1.606018 -0.638892 0.206661 
140784261787830 -1.372859 -1.822267 0.076566 
140784281663872 -0.948351 -2.743320 -0.083224 
140784301539913 -0.705737 -2.919488 -0.242747 
140784321415955 -1.381913 -6.700508 0.058589 
140784341291997 -1.907754 -7.075614 2.040646 
140784361168038 -1.227450 -1.477920 3.770367 
140784381044080 -2.044774 1.397493 4.399405 
140784400920122 -2.670083 1.716672 3.936815 
140784420796163 -2.537858 1.619201 2.362089 
140784440672205 -1.558747 0.483497 0.636495 
140784460548247 -0.359393 -1.066728 0.224504 
140784480424288 0.401604 -1.420529 -0.033955 
140784500300330 0.479901 -0.697748 -0.385359 
140784520176372 0.444348 0.112518 -0.655803 
140784540052413 0.760598 0.883104 -0.777376 
140784559928455 1.307078 1.135305 -0.646482 
140784579804497 1.535178 1.014264 -0.434494 
140784599680538 0.732901 0.169510 -0.260457 
140784619559809 -2.297108 -0.900414 -0.136354 
140784639435851 0.074169 2.938530 0.582566 
140784659311892 0.404800 -0.844621 2.193511 
140784679187934 2.680736 2.885666 0.029162 
140784699063976 4.366383 0.988165 -2.347575 
140784718940017 4.241081 0.947419 -4.285156 
140784738816059 4.175168 0.390819 -5.673594 
140784758692101 2.818688 1.101616 -5.291830 
140784778568142 0.415320 1.221591 -3.384209 
140784798444184 -0.530102 1.277118 -1.954093 
140784818320226 -0.209990 1.128514 -1.014131 
140784838196267 -0.029028 0.566321 -0.227301 
140784858072309 -0.158192 -0.109855 0.289619 
140784877948351 -0.170309 -0.486959 0.366850 
140784897824392 -0.241415 -0.238752 0.493084 
140784917700434 -0.586294 -0.073903 0.535694 
140784937576476 -1.032640 -0.284958 0.492019 
140784957452517 -1.275653 -0.859668 0.439288 
140784977328559 -0.977779 -1.740774 0.403868 
140784997204601 -0.186288 -3.010834 0.056592 
140785017080642 1.103214 -3.363170 -0.592153 
140785036956684 0.967925 -6.753638 0.247274 
140785056832726 -0.457531 -5.537374 3.046654 
140785076708767 -0.902012 -0.388555 4.497676 
140785096584809 -1.596164 1.696166 4.431630 
140785116464809 -1.722664 2.007090 2.816690 
140785136340851 -1.325587 1.491502 1.906023 
140785156216892 -0.470980 0.798548 1.291366 
140785176092934 0.309859 -0.525308 0.640357 
140785195968976 0.447943 -1.435043 0.029428 
140785215845017 -0.023968 -1.520664 -0.367516 
140785235721059 -0.168312 -0.589890 -0.788961 
140785255597101 0.444481 0.527705 -0.963797 
140785275473142 0.877111 1.425323 -0.863929 
140785295349184 0.815459 1.688576 -0.566454 
140785315225226 -2.663825 -2.095640 -0.109589 
140785335101267 -4.387022 -0.192014 0.292548 
140785354977309 0.892425 2.451838 1.255014 
140785374853351 2.290583 0.766857 1.208275 
140785394729392 4.330163 2.461824 -2.092444 
140785414605434 3.804190 1.282045 -3.533746 
140785434481476 2.882870 2.249171 -4.475306 
140785454357517 0.840892 2.892058 -3.263835 
140785474233559 -0.858736 1.492035 -1.326386 
140785494109601 -0.571248 0.741290 -0.108391 
140785513985642 0.232227 0.578438 0.322908 
140785533861684 0.762462 0.573644 0.469914 
140785553737726 0.534629 0.409461 0.587093 
140785573613767 -0.151534 -0.111720 0.670184 
140785593489809 -0.670717 0.087085 0.777909 
140785613369288 -0.802144 0.778175 0.908670 
140785633245538 -0.818256 0.996954 0.972586 
140785653121580 -0.954876 0.603738 0.866592 
140785672997622 -1.187369 -0.201202 0.493350 
140785692873663 -0.846485 -2.501239 -0.094942 
140785712749705 1.072854 -5.318728 -1.446362 
140785732625747 1.998435 -3.978227 -0.524243 
140785752501788 -0.976980 -5.856420 2.411224 
140785772377830 -2.832137 -0.051932 3.019090 
140785792253872 -3.308443 4.688092 1.782586 
140785812129913 -1.906156 2.813627 1.126783 
140785832005955 -0.590422 1.021721 0.757536 
140785851881997 -0.187620 0.185223 0.415586 
140785871758038 -0.068177 -1.036901 0.310125 
140785891634080 -0.163252 -1.617736 0.014914 
140785911510122 -0.120108 -1.670467 -0.464322 
140785931386163 0.130495 -1.137169 -0.775246 
140785951262205 0.223839 0.075101 -0.779640 
140785971138247 -0.172173 0.755671 -0.601208 
140785991014288 -1.403485 0.560595 -0.628905 
140786010890330 -1.226118 0.648612 -0.699612 
140786030766372 1.564206 0.839428 0.200935 
140786050642413 -0.685897 -1.947701 1.292564 
140786070518455 2.968224 3.298456 0.273773 
140786090394497 2.817090 -1.362339 -0.636362 
140786110273038 2.652107 0.359793 -1.860083 
140786130149809 1.802027 0.613459 -2.296575 
140786150025851 0.368981 1.307877 -1.682451 
140786169901892 -0.301070 1.356746 -0.691756 
140786189777934 0.127698 1.482714 -0.252068 
140786209653976 0.906939 1.718670 -0.122638 
140786229530017 1.102415 1.447560 0.203199 
140786249406059 0.833569 0.936367 0.460460 
140786269282101 0.446079 0.701077 0.648479 
140786289158142 0.195742 0.494415 0.638359 
140786309034184 0.263653 0.295078 0.389487 
140786328910226 0.516653 0.092278 0.214651 
140786348786267 0.616122 0.074435 -0.143411 
140786368662309 0.455134 0.246475 -0.528903 
140786388538351 0.036352 0.664591 -0.577772 
140786408414392 -0.358594 0.986301 -0.380432 
140786428290434 -0.543817 0.763528 -0.155262 
140786448166476 -0.832370 0.396678 -0.234624 
140786468042517 -1.097887 -0.209857 -0.440220 
140786487918559 -0.631036 -1.579919 -0.469648 
140786507794601 0.452338 -1.941043 0.125302 
140786527670642 0.786830 -0.934636 0.848349 
140786547546684 0.598545 -0.571913 0.800412 
140786567422726 0.262188 0.183758 0.644485 
140786587298767 -0.241815 -0.186687 0.848216 
140786607177205 -0.991894 -2.658765 1.281645 
140786627052205 -2.322807 -4.774245 1.351820 
140786646927205 -2.970355 -3.142794 1.133840 
140786666802205 -2.875546 -1.761680 0.815726 
140786686677205 -2.468083 -1.649161 0.655004 
140786706552205 -2.176866 -1.404417 0.686962 
140786726427205 -1.600692 -1.563408 0.860200 
140786746302205 -0.754606 -1.685247 0.731304 
140786766177205 0.044874 -1.502155 0.456199 
140786786052205 0.602540 -1.058872 0.259791 
140786805927205 0.922119 -0.538224 0.029428 
140786825802205 0.905607 -0.077631 -0.397343 
140786845677934 0.586827 -0.042744 -0.590422 
140786865554705 0.151401 -0.573511 -0.340618 
140786885431788 -0.458729 -1.363537 0.042611 
140786905308872 -1.135704 -0.961667 0.160988 
140786925185955 -0.992027 0.074968 -0.035021 
140786945063038 -0.002264 1.299355 0.059255 
140786964940122 0.823182 2.210822 0.381098 
140786984817205 0.357529 1.291233 0.620516 
140787004694288 0.249405 1.088034 0.499742 
140787024571372 1.031042 0.032624 0.389088 
140787044448455 1.947169 -0.445280 -0.206794 
140787064325538 3.023218 0.787896 -1.274055 
140787084202622 3.292064 0.478170 -2.128530 
140787104079705 3.093126 0.007590 -2.820419 
140787123956215 2.435060 -0.036752 -2.918423 
140787143832257 0.969789 0.294146 -1.897235 
140787163708299 0.208126 0.861665 -0.953944 
140787183584340 0.178698 1.465803 -0.352602 
140787203460382 0.186288 2.010952 -0.053130 
140787223336424 -0.043676 2.075267 0.267781 
140787243212465 -0.107858 1.968874 0.448210 
140787263088507 0.198272 1.810815 0.379367 
140787282964549 0.527971 1.450490 0.212653 
140787302840590 0.472311 0.847550 0.196408 
140787322716632 0.206661 0.440353 0.081759 
140787342592674 0.123437 0.305464 -0.093876 
140787362468715 0.157792 0.332629 -0.239951 
140787382344757 0.063250 0.732768 -0.407596 
140787402220799 -0.186288 1.003745 -0.476306 
140787422096840 -0.443549 0.812796 -0.322375 
140787441972882 -0.798282 0.488690 -0.187353 
140787461848924 -1.106143 -0.007191 -0.288154 
140787481724965 -1.094425 -0.600942 -0.502938 
140787501601007 -0.498543 -1.081642 -0.351271 
140787521477049 0.268846 -1.131177 0.240750 
140787541353090 0.221442 -1.008139 0.555801 
140787561229132 -0.076033 -1.074052 0.489222 
140787581105174 -0.026632 -0.639158 0.383362 
140787600979184 -0.241948 -1.492035 0.719319 
140787620817726 -1.412140 -3.944671 1.351820 
140787640664184 -2.704438 -4.006989 1.747166 
140787660522726 -3.068891 -1.576990 1.549692 
140787680395747 -2.730670 -1.539439 1.186837 
140787700281997 -2.259824 -1.896835 0.936500 
140787720178976 -2.198305 -1.365268 0.895354 
140787740082622 -1.665140 -1.319063 0.891492 
140787759988767 -0.813462 -1.452088 0.655004 
140787779867830 -0.006924 -1.441967 0.306530 
140787799743872 0.610263 -0.994557 -0.035553 
140787819619913 0.922518 -0.355399 -0.320911 
140787839495955 1.000149 0.002929 -0.620383 
140787859371997 0.751144 0.059255 -0.899881 
140787879248038 0.126101 -0.162320 -0.755671 
140787899124080 -0.542619 -0.678573 0.042744 
140787919000122 -1.139300 -0.788162 0.676043 
140787938876163 -1.380848 -0.434095 0.551008 
140787958752205 -0.481899 0.210123 0.287222 
140787978628247 1.069658 1.991244 0.407330 
140787998504288 1.581783 2.219344 0.771251 
140788018380330 0.274039 0.098803 0.834767 
140788038256372 0.244079 1.475257 0.204264 
140788058132413 1.723463 1.234907 -0.239817 
140788078008455 2.667420 1.147822 -1.126117 
140788097884497 3.325886 1.839178 -2.259291 
140788117761476 3.690606 1.947835 -3.096455 
140788137636476 3.333876 1.088833 -2.968623 
140788157511476 1.680320 0.365519 -1.666472 
140788177386476 0.258460 0.761131 -0.598678 
140788197261476 0.243280 1.710014 -0.276170 
140788217136476 0.500940 2.238785 -0.226502 
140788237011476 0.284026 2.004959 -0.078563 
140788256886476 -0.027431 1.923999 -0.148338 
140788276761476 0.046738 2.152898 -0.325039 
140788296636476 0.426904 1.846501 -0.234491 
140788316511476 0.586028 1.168594 -0.032091 
140788336386476 0.235423 0.692555 0.003862 
140788356262257 -0.149670 0.693087 -0.116513 
140788376138299 -0.265916 0.938098 -0.199870 
140788396014340 -0.168977 1.015196 -0.194144 
140788415890382 -0.001065 0.831039 -0.175902 
140788435766424 0.064848 0.693353 -0.141281 
140788455642465 -0.297874 1.039830 -0.154596 
140788475518507 -0.921054 1.207343 -0.080028 
140788495394549 -1.380449 0.856605 -0.115981 
140788515270590 -1.688043 0.389487 -0.289352 
140788535146632 -1.487641 -0.811598 -0.474974 
140788555022674 0.186821 -3.037200 -0.272308 
140788574899497 1.645699 -3.123220 0.493483 
140788594776580 1.271126 -2.372742 0.599877 
140788614653663 0.203465 -0.683500 0.536227 
140788634530747 -1.040097 -2.437057 1.265001 
140788654407830 -3.301119 -4.889960 2.268213 
140788674284913 -4.110453 -1.246625 2.173005 
140788694161997 -3.641471 0.041146 1.585645 
140788714039080 -2.780338 -1.018925 1.200552 
140788733916163 -2.055959 -1.781254 0.834101 
140788753793247 -1.476988 -1.881256 0.616388 
140788773670330 -1.023186 -1.553554 0.426771 
140788793547413 -0.469914 -1.418665 0.201468 
140788813424236 0.201734 -1.235839 -0.051532 
140788833300278 0.780439 -0.834101 -0.244744 
140788853176320 1.069125 -0.486692 -0.411724 
140788873052361 0.909735 -0.264319 -0.679239 
140788892928403 0.535428 -0.406265 -0.812663 
140788912804445 0.197606 -0.856871 -0.308261 
140788932680486 -0.729173 -1.425190 0.441285 
140788952556528 -1.838645 -0.207593 0.319579 
140788972433351 -1.231045 0.548744 0.023036 
140788992308351 0.677241 1.795768 0.159390 
140789012183351 1.754489 2.582066 0.280830 
140789032058351 0.961534 0.968325 0.382030 
140789051933351 0.886965 2.408428 0.192413 
140789071808351 2.164216 1.892840 0.119709 
140789091683351 2.917890 0.594284 -0.578305 
140789111558351 3.479284 1.586311 -1.841708 
140789131433351 3.492334 1.398292 -2.859301 
140789151308351 2.011883 0.416119 -3.098719 
140789171183351 0.711197 0.691223 -2.184989 
140789191058351 0.398675 0.865260 -1.183108 
140789210933403 0.577240 1.227317 -0.553671 
140789230809445 0.726643 1.863013 -0.128497 
140789250685486 0.464455 2.360624 0.220909 
140789270561528 -0.066180 2.057956 0.655803 
140789290437570 -0.236622 1.776593 0.708933 
140789310313611 -0.027564 1.548494 0.472045 
140789330189653 0.315451 0.946087 0.066712 
140789350066267 0.563391 0.742622 -0.301736 
140789369943351 0.420646 0.280564 -0.485094 
140789389820434 0.039814 -0.078830 -0.336091 
140789409697517 -0.153132 0.496280 -0.218512 
140789429574601 -0.134889 1.059272 -0.194411 
140789449451684 -0.120375 0.755805 -0.170442 
140789469320122 -0.530368 0.265251 -0.235423 
140789489037726 -0.913330 -0.596681 -0.402137 
140789508793351 -0.702941 -0.718787 -0.344879 
140789528602830 -0.327702 -0.113317 0.231828 
140789548472413 -0.017976 -0.786031 0.806538 
140789568398820 0.146740 -2.945853 0.538091 
140789588369236 0.045939 -2.751976 0.284692 
140789608365538 -0.219444 -1.337572 0.321576 
140789628337517 -0.683233 -2.239717 0.742888 
140789648219340 -1.976863 -4.792621 1.460077 
140789668095382 -2.998184 -3.941875 1.848632 
140789687971424 -3.388737 -1.512408 1.460476 
140789707847465 -3.167562 -1.438772 1.179646 
140789727723507 -2.704305 -1.895903 1.000016 
140789747599549 -2.218811 -1.528520 0.859268 
140789767475590 -1.444497 -1.509345 0.708001 
140789787351632 -0.542219 -1.636112 0.419448 
140789807227674 0.342216 -1.622796 0.040081 
140789827103715 0.849415 -1.386707 -0.260457 
140789846979757 0.845553 -0.853143 -0.476439 
140789866855799 0.427038 -0.209857 -0.766191 
140789886731840 0.093743 -0.059255 -0.706137 
140789906607882 -0.172972 -1.098953 0.292415 
140789926483924 -1.158075 -1.263935 0.631036 
140789946359965 -1.466202 -0.815592 0.022371 
140789966236007 -0.329033 -0.287222 -0.426505 
140789986112205 0.820652 1.817073 -0.623845 
140790005985122 2.541320 4.053062 -0.361258 
140790025858038 1.975665 0.439821 0.812530 
140790045730955 0.217181 1.035037 0.679505 
140790065604132 1.071788 1.956889 0.208659 
140790085479132 2.110554 0.278566 -0.565522 
140790105356215 2.920021 1.118926 -2.020139 
140790125234340 3.072087 1.446628 -3.201650 
140790145112465 1.582982 0.509729 -3.543733 
140790164990590 0.643686 0.425706 -2.579136 
140790184868715 0.297342 0.327968 -1.361940 
140790204746840 0.390685 0.771650 -0.536893 
140790224624965 0.566321 1.405216 -0.021838 
140790244501528 0.389620 1.756886 0.445147 
140790264377570 -0.052597 1.631185 0.939696 
140790284253611 -0.183092 1.525458 0.836765 
140790304129653 -0.034754 1.432114 0.410925 
140790324005695 0.163784 1.016794 0.106793 
140790343881736 0.308926 0.547812 0.014914 
140790363757778 0.324506 0.441285 -0.138351 
140790383633820 0.190682 0.393215 -0.144610 
140790403509861 0.033423 0.483630 -0.061386 
140790423385903 0.012384 0.943957 -0.272707 
140790443261945 0.043809 1.308410 -0.547945 
140790463137986 -0.278566 1.286439 -0.243280 
140790482921945 -0.841558 0.531966 -0.130761 
140790502697101 -1.372859 -0.030759 -0.261922 
140790522509653 -1.447560 -0.540222 -0.486959 
140790542366059 -0.748215 -1.698030 -0.558198 
140790562265955 0.223439 -2.054893 -0.068044 
140790582202257 0.383095 -1.354350 0.283626 
140790602162882 0.131427 -0.633432 0.248073 
140790622130382 -0.106926 0.111320 0.274305 
140790642023299 -0.395213 -0.450873 0.637693 
140790661899340 -0.926380 -2.167545 1.117062 
140790681775382 -1.638242 -3.536010 1.337305 
140790701651424 -2.008421 -3.085936 1.214267 
140790721527465 -2.005891 -2.437989 0.807603 
140790741403507 -1.854624 -2.464088 0.554203 
140790761279549 -1.717072 -2.111352 0.428103 
140790781155590 -1.579786 -1.584047 0.590156 
140790801031632 -1.098021 -1.456881 0.748215 
140790820907674 -0.307728 -1.203881 0.625177 
140790840783715 0.488557 -0.851545 0.359660 
140790860659757 0.978578 -0.351004 -0.097338 
140790880535799 0.948351 -0.194144 -0.531034 
140790900411840 0.506932 -0.374573 -0.758068 
140790920287882 -0.357396 -0.733700 -0.554203 
140790940163924 -1.263136 -1.521063 0.127698 
140790960039965 -1.724795 -1.133174 0.438622 
140790979780642 -1.266332 -0.209324 0.224904 
140790999445747 0.156061 0.991228 0.093610 
140791019180226 2.011218 3.057573 0.311456 
140791039000017 1.928527 2.538124 0.382163 
140791058908038 0.667787 1.364603 0.170842 
140791078892205 1.374323 1.972469 -0.067112 
140791098930434 2.600175 1.305880 -0.619717 
140791118992726 3.382878 1.431847 -1.624793 
140791138925122 3.099252 0.469781 -2.286721 
140791158801163 1.367799 -0.527572 -2.329731 
140791178677205 0.222640 0.164450 -1.529053 
140791198553247 0.181494 0.839295 -0.855673 
140791218429288 0.618252 1.455550 -0.381231 
140791238305330 0.798815 1.909618 -0.059522 
140791258181372 0.422643 1.700560 0.366184 
140791278057413 -0.114782 1.177249 0.562326 
140791297933455 -0.297608 1.408145 0.268313 
140791317809497 0.000533 1.319196 -0.070307 
140791337685538 0.293880 0.643286 -0.250736 
140791357561580 0.392417 0.448476 -0.420779 
140791377437622 0.254864 0.481632 -0.322908 
140791397313663 -0.007590 0.533031 -0.101733 
140791417189705 -0.168445 0.829441 -0.031692 
140791437065747 -0.060187 1.116263 -0.235956 
140791456941788 0.154330 0.832637 -0.204797 
140791476818455 -0.260324 0.809467 -0.153265 
140791496694497 -1.068326 0.343814 -0.156727 
140791516570538 -1.428119 -0.209591 -0.273906 
140791536446580 -0.931973 -1.096822 -0.434095 
140791556322622 0.279232 -2.235189 -0.026099 
140791576198663 0.814261 -1.805888 0.555801 
140791596074705 0.333161 -1.004943 0.568451 
140791615950747 -0.069242 -0.113317 0.555402 
140791635826788 -0.625043 -1.080044 1.101483 
140791655702830 -2.256628 -3.781286 1.648362 
140791675578872 -3.292597 -3.031341 1.651292 
140791695454913 -3.190065 -1.457281 1.120524 
140791715330955 -2.530267 -1.662876 0.671782 
140791735206997 -1.892175 -1.989114 0.327435 
140791755083038 -1.589107 -1.609214 0.392417 
140791774959080 -1.191630 -1.077248 0.538890 
140791794835122 -0.550342 -0.681902 0.401738 
140791814711163 0.121840 -0.584697 0.154463 
140791834587205 0.746084 -0.606668 -0.098004 
140791854463247 1.270460 -0.553005 -0.406265 
140791874339288 1.552755 -0.294279 -0.833702 
140791894215330 1.298823 -0.358328 -1.258742 
140791914091372 0.106793 -0.431299 -1.053945 
140791933967413 -1.461009 -1.238768 0.131960 
140791953843455 -2.195642 -1.501889 0.706403 
140791973720174 -1.424124 -0.836099 0.121307 
140791993595174 0.226768 0.599877 -0.274705 
140792013470174 2.288852 3.636943 -0.120108 
140792033345174 2.608431 2.669817 0.584963 
140792053220174 0.235556 1.084305 0.774713 
140792073095174 0.941027 2.859301 0.373508 
140792092970174 2.182193 1.112268 -0.107192 
140792112845174 2.963164 0.720385 -1.041695 
140792132720174 2.496845 -0.098271 -1.805755 
140792152595174 1.099352 -0.383761 -2.385258 
140792172470174 0.367649 0.679239 -2.392582 
140792192345174 0.427837 0.992693 -1.743437 
140792212220278 0.632367 1.085237 -1.137702 
140792232096320 0.629571 1.538640 -0.521313 
140792251972361 0.329832 2.122937 0.117312 
140792271848403 -0.146074 2.495646 0.799480 
140792291724445 -0.314919 2.303766 1.047554 
140792311600486 -0.066313 1.927195 0.795352 
140792331476528 0.228100 1.163135 0.341417 
140792351352570 0.337289 0.392949 -0.151933 
140792371228611 0.388688 0.309060 -0.690024 
140792391104653 0.291216 0.412790 -0.745285 
140792410980695 0.136620 0.497878 -0.678173 
140792430856736 0.193079 0.590689 -0.635030 
140792450732778 0.220643 0.561660 -0.287621 
140792470609340 -0.273506 0.794953 -0.110654 
140792490490590 -1.068459 0.808002 -0.075101 
140792510371840 -1.466202 0.351803 -0.061918 
140792530249705 -1.307478 0.083890 -0.277235 
140792550125747 -0.559796 -0.858203 -0.274305 
140792570001788 0.327569 -1.478186 0.366318 
140792589877830 0.727975 -1.666738 0.820253 
140792609753872 0.261922 -1.049817 0.653007 
140792629629913 -0.290018 -0.234225 0.612527 
140792649505955 -0.845819 -1.261405 1.000016 
140792669381997 -1.881655 -3.196190 1.284308 
140792689258038 -2.605235 -3.248255 1.167396 
140792709134080 -2.306296 -2.376070 0.825579 
140792729010122 -1.916942 -2.396843 0.588425 
140792748886163 -1.725461 -1.853426 0.312788 
140792768762205 -1.588042 -1.090697 0.331031 
140792788638247 -1.113999 -1.202017 0.578039 
140792808514288 -0.395080 -1.324256 0.585496 
140792828390330 0.260324 -1.118660 0.385359 
140792848266372 0.833702 -0.866991 0.150868 
140792868142413 1.185239 -0.462191 -0.248473 
140792888018455 0.912398 0.057391 -0.749147 
140792907894497 0.188951 -0.116247 -0.634231 
140792927770538 -0.500807 -0.618386 0.171507 
140792947646580 -1.157942 -1.275653 0.775645 
140792967522622 -1.551823 -0.888563 0.523311 
140792987398455 -0.868323 -0.400939 -0.253799 
140793007273455 0.343548 1.380449 -0.585096 
140793027148455 2.095240 4.197804 -0.585096 
140793047023455 3.460376 4.997951 -0.147006 
140793066898455 0.471113 -0.082158 0.683367 
140793086773455 0.348874 2.680869 0.522112 
140793106648455 1.775661 2.009886 0.148871 
140793126523455 2.455965 0.932638 -0.726377 
140793146398455 2.228798 0.741290 -1.746233 
140793166273455 1.116130 0.574177 -2.401504 
140793186148455 0.539157 0.883769 -2.384459 
140793206023455 0.670717 0.525175 -1.619334 
140793225898767 0.810799 0.573511 -0.885900 
140793245774809 0.862730 1.074984 -0.258326 
140793265650851 0.749147 1.852360 0.074968 
140793285526892 0.393215 2.198438 0.617720 
140793305402934 -0.115981 1.697098 0.978045 
140793325278976 -0.210789 1.225186 0.600010 
140793345155017 0.073104 1.117328 0.095208 
140793365031059 0.349273 0.816658 -0.241682 
140793384907101 0.393482 0.704406 -0.382563 
140793404783142 0.127166 0.726377 -0.261389 
140793424659184 -0.134090 0.942758 -0.251669 
140793444535226 -0.170176 1.207743 -0.378035 
140793464411267 0.027297 0.940628 -0.329033 
140793484297205 -0.040081 0.851811 -0.147140 
140793504175799 -0.608132 0.715990 -0.183359 
140793524051840 -1.199487 0.248872 -0.263786 
140793543927882 -1.327452 0.139683 -0.405865 
140793563803924 -0.949683 -0.556201 -0.425306 
140793583679965 -0.072571 -1.428918 0.013316 
140793603556007 0.674845 -1.509878 0.531966 
140793623432049 0.567120 -1.179913 0.535828 
140793643308090 -0.025833 -0.224904 0.455800 
140793663184132 -0.456865 -0.256595 0.754473 
140793683060174 -1.184307 -1.913746 1.212270 
140793702936215 -2.194044 -3.538273 1.332245 
140793722812257 -2.470746 -3.093925 1.046355 
140793742688299 -2.234790 -3.068092 0.655270 
140793762564340 -2.166613 -2.706169 0.231961 
140793782440382 -2.190182 -1.829590 0.187620 
140793802316424 -1.863679 -1.673529 0.576308 
140793822192465 -1.084838 -1.728124 0.802543 
140793842068507 -0.067511 -1.418532 0.502804 
140793861944549 0.766058 -0.998418 0.168977 
140793881820590 1.249155 -0.601075 -0.029827 
140793901696632 1.400555 -0.143411 -0.497345 
140793921572674 0.881373 -0.214251 -0.784700 
140793941448715 -0.323840 -0.046206 -0.655670 
140793961324757 -1.533314 -1.319063 0.243013 
140793981200851 -1.888047 -1.028911 0.473776 
140794001071684 -0.870320 0.223306 0.122372 
140794020942517 1.062068 1.867274 0.047937 
140794040814913 2.392848 3.112035 0.186421 
140794060689392 1.089632 1.142628 0.388289 
140794080565955 0.433962 2.088449 0.123571 
140794100444601 1.676725 2.058755 -0.079895 
140794120323767 2.871418 1.469664 -0.854608 
140794140202934 3.499790 1.406547 -1.784716 
140794160082101 2.463822 0.143012 -2.264218 
140794179961267 0.657135 0.084955 -2.107358 
140794199837309 -0.016378 0.715458 -1.343963 
140794219713351 0.297874 0.935435 -0.773781 
140794239589392 0.797483 1.337572 -0.269112 
140794259465434 0.902678 1.909352 0.020906 
140794279341476 0.438090 1.906955 0.424108 
140794299217517 -0.121840 1.478852 0.764726 
140794319093559 -0.193345 1.523726 0.500807 
140794338969601 0.084422 1.752092 0.101733 
140794358845642 0.385625 1.149686 -0.015180 
140794378721163 0.405066 0.690291 -0.215982 
140794398596163 0.208659 0.666189 -0.315984 
140794418471163 -0.040746 0.787629 -0.194810 
140794438346163 -0.109988 0.897351 -0.195609 
140794458221163 0.050067 0.823981 -0.389221 
140794478013559 0.248872 0.574443 -0.346344 
140794497745851 -0.002796 1.162602 -0.163651 
140794517524288 -0.700145 1.111736 -0.118644 
140794537360642 -1.258343 0.126101 -0.195609 
140794557256788 -1.160738 -0.548478 -0.322642 
140794577204913 -0.329166 -1.343697 0.039548 
140794597189392 0.387490 -0.964197 0.691356 
140794617190538 0.277102 -0.021705 0.856871 
140794637109705 -0.198272 0.850480 0.541287 
140794656985747 -0.411458 0.942891 0.415852 
140794676861788 -0.730505 0.045141 0.648612 
140794696737830 -1.127715 -1.239967 0.866059 
140794716613872 -1.509479 -1.953028 0.783635 
140794736489913 -1.478586 -2.397243 0.645150 
140794756365955 -1.831987 -2.127864 0.225969 
140794776241997 -2.315084 -0.670850 -0.207993 
140794796118038 -2.189649 0.363388 -0.082425 
140794815994080 -1.575924 0.297874 0.413455 
140794835870122 -0.799614 0.016245 0.771384 
140794855745330 -0.165782 0.231695 0.834634 
140794875620330 0.438090 0.246076 0.739293 
140794895495330 1.090697 0.141813 0.402936 
140794915370330 1.264468 0.345545 -0.187886 
140794935245330 0.632500 0.585229 -0.612527 
140794955120330 -0.964729 0.078696 -0.760066 
140794974958455 -2.092977 0.133158 -0.706669 
140794994723455 -1.188435 -0.169510 -0.524776 
140795014521059 0.988298 0.759267 -0.227567 
140795034360434 2.870353 1.602290 0.162985 
140795054243403 3.228548 1.853159 0.328900 
140795074166267 0.331430 0.065647 0.207194 
140795094118351 -0.142612 0.237021 -0.220643 
140795114085434 0.910001 -0.050334 -0.893224 
140795134009913 2.218545 0.251136 -1.950897 
140795153885955 2.564622 -0.311323 -2.587126 
140795173761997 1.353018 -1.191231 -1.954892 
140795193638038 0.095741 -0.959936 -0.858336 
140795213514080 0.040081 0.008922 -0.291216 
140795233390122 0.561394 1.125185 -0.117845 
140795253266163 0.842890 1.954626 0.082292 
140795273142205 0.516919 1.485111 0.682168 
140795293018247 0.040081 -0.256995 1.283509 
140795312894288 -0.047271 -1.023452 1.319995 
140795332770330 0.069242 -0.452471 0.943690 
140795352646372 0.361124 0.004261 0.368448 
140795372522413 0.554203 0.029028 -0.137685 
140795392397778 0.459661 0.256329 -0.827843 
140795412272778 0.145808 0.400539 -1.062201 
140795432147778 -0.119709 0.163518 -0.714392 
140795452022778 -0.056193 0.174703 -0.390153 
140795471897778 0.130495 0.373242 -0.090281 
140795491772778 -0.006258 0.722116 0.075234 
140795511647778 -0.553404 1.000016 0.130095 
140795531522778 -1.007873 0.624777 0.197207 
140795551397778 -1.047287 0.303733 0.124370 
140795571272778 -0.682434 -0.330631 -0.128897 
140795591147778 0.043143 -1.273656 0.052065 
140795611022778 0.646748 -1.543168 0.553138 
140795630897778 0.423176 -1.572862 0.637693 
140795650773820 0.003862 -1.135305 0.704272 
140795670649861 -0.577639 -0.918657 1.149553 
140795690525903 -1.993241 -2.102165 1.544100 
140795710401945 -2.991394 -1.803625 1.487241 
140795730277986 -2.788461 -1.067527 0.972453 
140795750154028 -2.275270 -1.472860 0.682434 
140795770030070 -2.128796 -1.039032 0.427570 
140795789906111 -1.878060 -0.720385 0.366051 
140795809782153 -1.374856 -0.801478 0.471246 
140795829658195 -0.715990 -1.082974 0.519849 
140795849534236 0.016911 -1.131044 0.311057 
140795869410278 0.738760 -0.954743 0.004261 
140795889286320 1.228515 -0.628639 -0.239551 
140795909162361 1.431714 -0.336490 -0.631302 
140795929038403 1.087767 -0.608532 -0.987766 
140795948914445 0.101600 -0.822783 -0.970189 
140795968790486 -1.214800 -1.109073 -0.094409 
140795988673820 -2.333194 -1.313470 0.819055 
140796008554080 -2.107225 -0.176967 0.331696 
140796028430122 -0.096540 0.316383 0.205463 
140796048306163 2.021338 1.508147 0.359526 
140796068182205 1.780189 1.541037 0.357263 
140796088058247 0.451139 1.335441 0.253400 
140796107934288 1.183108 1.485244 0.098404 
140796127810330 2.297374 -0.117179 -0.443549 
140796147686372 3.230945 0.422910 -1.757019 
140796167562413 3.323756 0.341816 -2.609496 
140796187438455 1.853159 -0.544217 -2.535194 
140796207313611 0.171641 -0.829707 -1.529053 
140796227188611 -0.064715 -0.224504 -0.877111 
140796247063611 0.407863 0.879375 -0.491220 
140796266938611 0.819587 1.860350 -0.080827 
140796286813611 0.604005 2.003228 0.410127 
140796306688611 -0.002530 0.933970 0.928244 
140796326563611 -0.202666 0.452338 0.913064 
140796346438611 -0.022371 1.022120 0.573511 
140796366313611 0.192946 1.064332 0.164317 
140796386188611 0.269112 0.410659 -0.027963 
140796406063611 0.212653 0.138351 -0.375505 
140796425938611 0.077897 0.174570 -0.467917 
140796445813611 -0.087218 0.151001 -0.240217 
140796465689497 -0.178831 0.451272 -0.066446 
140796485569080 -0.077498 1.265800 -0.165116 
140796505449288 -0.000133 1.313337 -0.214251 
140796525329288 -0.291350 0.618652 -0.217447 
140796545206059 -0.619717 -0.148737 -0.146607 
140796565081059 -0.668586 -0.448343 -0.064448 
140796584956059 -0.394680 -0.888297 -0.135821 
140796604831059 0.143944 -1.300154 0.011851 
140796624706059 0.270311 -0.887897 0.268580 
140796644581059 0.001598 -0.638359 0.126234 
140796664456059 -0.092944 -0.410260 0.070441 
140796684331059 -0.304799 -0.786564 0.530102 
140796704206059 -1.067527 -2.270876 1.016661 
140796724081059 -2.255030 -3.827626 1.187636 
140796743956059 -2.674344 -2.986999 0.970855 
140796763831059 -2.466884 -2.381796 0.600143 
140796783706059 -2.213218 -2.012150 0.359127 
140796803581267 -1.948234 -1.529719 0.317315 
140796823457309 -1.541836 -1.412273 0.588159 
140796843333351 -0.867258 -1.453952 0.716257 
140796863209392 -0.134490 -1.402420 0.486160 
140796883085434 0.484162 -1.158474 0.104263 
140796902961476 0.923051 -0.904009 -0.280697 
140796922837517 1.098953 -0.530368 -0.661662 
140796942713559 0.919189 -0.537292 -1.026381 
140796962589601 0.305464 -0.953145 -0.833968 
140796982472934 -0.929709 -0.993492 -0.129030 
140797002353663 -1.546896 -1.103879 0.598811 
140797022229705 -1.494964 -1.028911 0.426239 
140797042105747 -0.584430 -0.623978 0.062451 
140797061981788 0.879908 1.394031 0.087085 
140797081857778 1.911749 1.914146 0.644351 
140797101732778 0.404134 0.498677 0.708267 
140797121607778 0.287222 2.533463 0.103597 
140797141482778 1.792173 1.624394 -0.067511 
140797161357778 2.919222 0.900414 -0.911732 
140797181232778 3.386074 1.548361 -1.906689 
140797201107778 2.876079 0.971520 -2.655702 
140797220982778 0.885101 0.883503 -2.596447 
140797240857778 -0.042611 1.666339 -1.663676 
140797260732778 0.127965 1.867141 -0.828376 
140797280607778 0.399341 2.140913 -0.240350 
140797300482778 0.566987 2.542784 -0.101333 
140797320357778 0.412790 2.346110 0.251935 
140797340232830 0.112252 2.020139 0.395080 
140797360108872 0.000666 2.120407 0.228899 
140797379984913 0.079628 2.155827 -0.035953 
140797399860955 0.105594 1.346760 -0.093610 
140797419736997 0.183092 0.691090 -0.151800 
140797439613038 0.282162 0.500541 -0.129563 
140797459489080 0.219444 0.447544 -0.087485 
140797479371997 0.116247 0.627440 -0.022371 
140797499253038 0.119975 0.827577 0.003063 
140797519128038 0.290417 0.902944 -0.063250 
140797539003038 0.328501 1.154613 -0.069642 
140797558878038 -0.210256 1.837047 0.043010 
140797578753038 -0.991894 1.329316 0.038616 
140797598628038 -1.488573 0.553404 -0.231961 
140797618503038 -1.563541 0.459528 -0.457664 
140797638378038 -1.058206 -0.878976 -0.457930 
140797658253038 0.065514 -1.896036 0.071506 
140797678128038 1.098154 -2.433062 0.500141 
140797698003038 0.898150 -2.082724 0.374840 
140797717878038 -0.061652 0.171907 0.160855 
140797737753038 -0.825047 -1.416801 0.560462 
140797757628455 -2.485526 -4.833500 1.205745 
140797777504497 -3.009503 -3.406979 1.366467 
140797797380538 -2.963963 -1.600825 0.991760 
140797817256580 -2.552771 -1.597230 0.754207 
140797837132622 -2.017609 -2.080060 0.653806 
140797857008663 -1.628921 -1.630652 0.706669 
140797876884705 -1.022653 -1.474458 0.669651 
140797896760747 -0.366584 -1.419597 0.420113 
140797916636788 0.286290 -1.224121 0.116780 
140797936512830 0.786564 -0.865660 -0.153531 
140797956388872 1.077115 -0.616255 -0.358461 
140797976198247 1.200685 -0.474042 -0.677641 
140797995927934 0.847284 -0.671382 -0.810799 
140798015702101 -0.235157 -0.797882 -0.580968 
140798035533455 -1.388172 -1.263802 0.367116 
140798055424809 -1.740108 -0.896952 0.710265 
140798075369392 -1.121057 -0.584430 0.021705 
140798095352101 0.305331 -0.023036 -0.357263 
140798115353559 1.729455 2.122538 -0.494415 
140798135284705 3.688209 3.277550 0.088151 
140798155160747 0.963664 -1.704555 1.346626 
140798175036788 -0.026365 2.533330 0.716523 
140798194912830 1.398824 1.513340 0.247008 
140798214788872 2.245576 -0.291083 -0.911333 
140798234664913 2.809766 1.155678 -2.371943 
140798254540955 2.476072 1.069924 -3.338004 
140798274416997 0.878709 1.178315 -3.035336 
140798294292309 0.032890 1.203348 -1.902028 
140798314167309 0.187886 1.514139 -1.106676 
140798334042309 0.515055 2.166879 -0.389354 
140798353917309 0.472578 2.595115 0.199471 
140798373792309 -0.000266 2.213751 0.939163 
140798393667309 -0.344213 1.765808 1.315068 
140798413542309 -0.169244 1.955291 0.887365 
140798433417309 0.099070 1.893906 0.409061 
140798453292309 0.163917 0.806538 0.077897 
140798473171163 0.136487 0.105461 -0.288021 
140798493052622 0.231162 0.154064 -0.684166 
140798512928663 0.207860 0.267914 -0.542086 
140798532804705 0.070707 0.550209 -0.116247 
140798552680747 -0.030227 1.153814 -0.072837 
140798572556788 -0.105195 1.248223 -0.170176 
140798592432830 -0.442617 1.190698 -0.115714 
140798612308872 -0.929709 0.410526 -0.135954 
140798632184809 -1.275920 -0.335425 -0.224904 
140798652059809 -1.324123 -0.361258 -0.325571 
140798671934809 -0.856871 -0.734100 -0.228765 
140798691809809 -0.017976 -1.182576 0.257394 
140798711684809 0.614657 -1.572729 0.394813 
140798731559809 0.500008 -1.735581 0.115448 
140798751434809 0.013183 -1.297092 0.185223 
140798771309809 -0.512525 -2.130927 0.497744 
140798791184809 -1.598828 -4.595681 0.991894 
140798811059809 -2.176866 -3.960251 1.397226 
140798830934809 -2.385924 -1.686712 1.010536 
140798850809809 -2.295909 -1.011468 0.791091 
140798870684809 -2.234124 -1.249954 0.845953 
140798890559913 -2.374606 -0.870986 0.921054 
140798910435955 -2.044640 -1.108274 0.836631 
140798930311997 -1.085504 -1.477121 0.386957 
140798950188038 0.038349 -1.716672 -0.118111 
140798970065851 0.978711 -1.485377 -0.391351 
140798989952570 1.467001 -1.169127 -0.511327 
140799009828715 1.420529 -0.694685 -0.836765 
140799029704757 1.079512 -0.700810 -1.001747 
140799049580799 0.444481 -2.098836 -0.356597 
140799069455851 -0.747282 -1.998568 0.228100 
140799089330851 -1.617203 -0.983638 -0.048603 
140799109205851 -1.082707 -0.183092 -0.311323 
140799129080851 -0.135688 0.961667 -0.024901 
140799148955851 1.259941 3.209373 0.345545 
140799168830851 0.903210 1.520797 0.821984 
140799188705851 0.776577 1.640639 0.707601 
140799208580851 1.560212 0.252334 0.408262 
140799228455851 2.904574 1.249421 -1.022919 
140799248330851 3.881022 1.913746 -2.390185 
140799268205851 3.158640 0.136487 -3.208974 
140799288080851 0.263786 0.061918 -2.668219 
140799307955851 -0.261655 0.875780 -1.680986 
140799327831840 0.309859 1.041029 -1.051016 
140799347707882 0.789094 1.629720 -0.424241 
140799367583924 0.907072 2.190315 0.135954 
140799387459965 0.419448 1.968075 0.991894 
140799407336007 -0.408129 1.353817 1.689641 
140799427212049 -0.648612 1.636112 1.327984 
140799447088090 -0.299872 1.890310 0.835167 
140799466964132 0.315718 1.196424 0.243413 
140799486841163 0.688160 0.541021 -0.394014 
140799506718247 0.641289 0.293880 -1.190033 
140799526595330 0.301470 0.074968 -1.109872 
140799546472413 0.083357 0.563791 -0.644218 
140799566349497 0.097605 1.426787 -0.309859 
140799586226580 0.163252 1.011867 -0.276170 
140799606103663 -0.190416 0.961534 -0.163651 
140799625980747 -0.818655 0.545415 -0.046339 
140799645857830 -1.210006 0.161254 0.173638 
140799665734913 -1.136104 0.248872 -0.043276 
140799685611997 -0.508930 -0.329965 -0.279632 
140799705488299 0.469382 -1.051548 0.210523 
140799725364340 0.915860 -1.841708 0.576574 
140799745240382 0.270177 -1.874331 0.323441 
140799765116424 -0.153265 -0.630636 0.242747 
140799784992465 -0.641821 -1.001880 0.598012 
140799804867726 -1.978594 -3.181144 1.184307 
140799824743247 -2.910833 -2.598577 1.516270 
140799844620330 -2.780471 -0.686163 1.154746 
140799864496372 -2.299904 -0.687894 0.625443 
140799884372413 -1.814543 -1.583648 0.194810 
140799904247413 -1.612010 -1.932788 0.004261 
140799924122413 -1.323457 -1.988581 0.186421 
140799943997413 -0.898550 -1.945305 0.451006 
140799963872413 -0.295611 -1.444631 0.410393 
140799983747413 0.309859 -0.880041 0.219444 
140800003622413 0.811731 -0.538358 -0.008522 
140800023497413 1.015596 -0.231029 -0.395745 
140800043372413 0.969789 -0.298274 -0.612793 
140800063247413 0.525441 -0.618652 -0.539290 
140800083122413 -0.734366 -1.200419 -0.227567 
140800102997413 -1.610013 -0.920121 0.038749 
140800122872413 -1.377785 -0.193212 -0.072971 
140800142747413 -0.333561 0.215849 -0.019308 
140800162623455 1.259142 2.227333 0.239551 
140800182499497 1.965012 2.767422 0.729040 
140800202375538 0.403735 1.107608 1.116263 
140800222251580 0.607999 1.679122 0.717855 
140800242127622 1.872334 0.756204 -0.058856 
140800262003663 3.170890 1.180046 -1.252084 
140800281879705 3.597528 0.880973 -2.025466 
140800301755747 2.626940 -0.416252 -2.582199 
140800321631788 0.841691 -0.305598 -2.392183 
140800341507830 0.211854 0.271909 -1.480716 
140800361383872 0.252734 0.831438 -0.809334 
140800381259913 0.440487 1.593102 -0.304532 
140800401135955 0.418649 1.934785 0.106793 
140800421011997 0.173105 1.402153 0.575509 
140800440888038 -0.104795 0.595083 0.935568 
140800460764080 -0.102132 0.690158 0.657800 
140800480640122 0.123038 0.944756 0.289485 
140800500516163 0.241682 0.653939 0.103597 
140800520392205 0.247008 0.642221 -0.099735 
140800540268247 0.093477 0.700145 -0.111853 
140800560144288 -0.021039 0.750878 0.025034 
140800580020330 -0.021039 1.003878 -0.101999 
140800599896372 -0.058323 1.274854 -0.343414 
140800619772413 -0.095341 1.093360 -0.431565 
140800639648455 -0.275504 0.935168 -0.466319 
140800659524497 -0.615057 0.633699 -0.431432 
140800679400538 -0.808801 0.102132 -0.394547 
140800699276580 -0.677641 -0.474442 -0.376171 
140800719152622 -0.210922 -0.779906 -0.051399 
140800739028663 0.247008 -0.541021 0.418649 
140800758904705 0.328501 -0.712795 0.518917 
140800778780747 0.045806 0.013982 0.478303 
140800798656788 -0.361391 0.545814 0.449808 
140800818532830 -0.750478 -0.537825 0.661396 
140800838408872 -1.131177 -2.322142 0.862597 
140800858284913 -1.665673 -3.475955 0.716390 
140800878160955 -1.945837 -3.464504 0.599610 
140800898036997 -2.065546 -2.918023 0.391884 
140800917913038 -2.284724 -2.083123 0.137952 
140800937789080 -2.190981 -1.708017 0.056326 
140800957665122 -1.833718 -1.620799 0.295611 
140800977541163 -1.166863 -1.651292 0.577373 
140800997417205 -0.339686 -1.058606 0.515854 
140801017293247 0.455400 -0.562992 0.347276 
140801037169288 1.098154 -0.311057 0.173771 
140801057045330 1.289635 -0.011052 -0.270843 
140801076921372 0.780439 0.160189 -0.638759 
140801096797413 -0.312655 -0.222640 -0.606002 
140801116673455 -1.574593 -1.293630 0.088284 
140801136549497 -1.776460 -1.215998 0.521447 
140801156425538 -1.080310 -0.504669 0.269778 
140801176301580 0.664858 1.319995 0.243546 
140801196177622 2.589390 3.011900 0.621315 
140801216053663 1.488173 0.841558 1.150085 
140801235929705 0.336091 2.217479 0.935834 
140801255805747 1.043825 1.551956 0.545948 
140801275681788 2.262487 0.212786 -0.272175 
140801295557830 3.291798 0.603472 -1.632916 
140801315433872 3.209773 -0.150735 -2.459827 
140801335309913 1.456482 -0.976714 -2.806171 
140801355185955 0.148072 -0.433562 -2.229064 
140801375061997 0.188951 -0.002397 -1.479252 
140801394938038 0.522512 0.218645 -1.017993 
140801414814080 0.701742 0.564323 -0.451938 
140801434690122 0.519183 0.727708 -0.021438 
140801454566163 0.153265 1.162069 0.386025 
140801474442205 -0.171108 1.681119 1.032241 
140801494318247 -0.325571 1.345162 1.264335 
140801514194288 -0.106926 0.797749 0.824381 
140801534070330 0.322908 0.888829 0.194011 
140801553946372 0.395346 0.789760 -0.253799 
140801573822413 0.121307 0.614124 -0.496679 
140801593698455 -0.105594 0.507598 -0.304266 
140801613574497 0.013582 0.740891 -0.113584 
140801633450538 0.417450 1.100284 -0.251269 
140801653326580 0.673113 0.876312 -0.465787 
140801673202622 0.101333 0.875380 -0.408662 
140801693078663 -0.734366 0.567919 -0.292548 
140801712954705 -0.927179 0.214118 -0.354733 
140801732830747 -0.600010 0.052597 -0.235556 
140801752706788 -0.159790 -0.223439 0.164051 
140801772582830 0.018109 -1.095091 0.572446 
140801792458872 -0.101866 -1.984320 0.368981 
140801812334913 -0.023303 -0.984304 0.169377 
140801832210955 -0.099602 -0.868456 0.348474 
140801852086997 -0.970988 -3.098985 0.870720 
140801871963038 -2.434660 -4.538156 1.217463 
140801891839080 -2.966892 -2.725078 1.160205 
140801911715122 -2.839860 -1.487774 0.897351 
140801931591163 -2.418548 -1.175385 0.709066 
140801951467205 -2.066212 -1.145025 0.715990 
140801971343247 -1.767938 -1.133041 0.732768 
140801991219288 -1.254614 -1.197356 0.530901 
140802011095330 -0.633699 -1.070057 0.179763 
140802030971372 0.069375 -0.732102 -0.116780 
140802050847413 0.743155 -0.150202 -0.260457 
140802070723455 1.218662 0.198672 -0.422111 
140802090599497 1.451155 0.276170 -0.637827 
140802110475538 1.245826 0.141414 -0.703340 
140802130351580 0.343947 -0.497611 -0.272841 
140802150227622 -1.364070 -1.943707 0.417983 
140802170103663 -1.741839 -1.478453 0.425839 
140802189979705 -1.207077 -0.672048 0.058190 
140802209855747 -0.140615 0.488557 0.056059 
140802229731788 1.376187 2.195109 0.481366 
140802249607830 1.711213 0.942625 1.085104 
140802269483872 0.507598 1.354882 0.673247 
140802289359913 0.878709 1.857287 0.083224 
140802309235955 1.978594 0.878443 -0.524642 
140802329111997 3.175817 1.468599 -1.750761 
140802348988038 3.627888 1.136237 -2.733866 
140802368864080 2.393780 -0.186022 -3.083938 
140802388740122 0.098137 -0.583631 -1.985119 
140802408616163 -0.431565 0.197740 -1.227849 
140802428492205 0.069908 0.975782 -0.887365 
140802448368247 0.665124 1.841042 -0.476705 
140802468244288 0.855274 2.663558 -0.084822 
140802488120330 0.363388 2.364752 0.556467 
140802507996372 -0.355132 0.896819 1.391900 
140802527872413 -0.528371 0.462191 1.112268 
140802547748455 -0.120907 1.238369 0.382163 
140802567624497 0.352203 1.331047 -0.208392 
140802587500538 0.444348 0.828376 -0.600676 
140802607376580 0.193479 0.555135 -0.688027 
140802627252622 -0.141281 0.653672 -0.446479 
140802647128663 -0.196941 1.174986 -0.177233 
140802667004705 0.103597 1.111203 -0.083490 
140802686880747 0.384693 0.739160 -0.096007 
140802706756788 -0.006658 0.999084 -0.125168 
140802726632830 -0.824780 1.004943 -0.262055 
140802746508872 -1.373258 0.690424 -0.364320 
140802766384913 -1.375522 0.366983 -0.457398 
140802786260955 -0.754872 -0.810000 -0.304932 
140802806136997 0.209724 -1.905091 0.238885 
140802826013038 0.978311 -2.512824 0.688427 
140802845889080 0.653140 -1.767938 0.648879 
140802865765122 0.039548 -0.674578 0.690690 
140802885641163 -0.935035 -2.765291 1.149020 
140802905517205 -2.529335 -4.798347 1.531982 
140802925393247 -2.941592 -2.514022 1.457147 
140802945269288 -2.698180 -1.320261 1.190299 
140802965145330 -2.066212 -1.638109 0.994290 
140802985021372 -1.474192 -1.821867 0.780572 
140803004897413 -1.033306 -1.672863 0.708533 
140803024773455 -0.479635 -1.681918 0.598412 
140803044649497 0.125701 -1.360209 0.211854 
140803064525538 0.696816 -0.927445 -0.216648 
140803084401580 0.963265 -0.701609 -0.486559 
140803104277622 0.786298 -0.486027 -0.866459 
140803124153663 0.305864 -0.614657 -0.931307 
140803144029184 -0.371777 -1.079645 -0.354466 
140803163904184 -0.881639 -1.456082 0.511992 
140803183779184 -1.192163 -1.060736 0.862597 
140803203654184 -0.942093 -0.550608 0.361657 
140803223529184 0.136753 0.566188 0.120242 
140803243404184 1.259008 2.215349 0.502405 
140803263279184 0.882171 0.777509 1.240100 
140803283154184 -0.459794 0.604271 0.545948 
140803303029184 1.081109 1.889645 -0.139683 
140803322904184 2.378601 0.853676 -1.034504 
140803342779184 3.189399 1.649694 -2.238652 
140803362654184 3.497394 1.931856 -2.908569 
140803382529184 3.071821 1.810682 -2.840126 
140803402404184 1.183108 1.439038 -1.530118 
140803422280226 -0.206794 1.663143 -0.475907 
140803442156267 0.036485 2.826544 -0.316650 
140803462032309 0.528770 3.287936 -0.200802 
140803481908351 0.376970 2.647180 0.107725 
140803501784392 0.079362 1.568867 0.271243 
140803521660434 -0.035420 1.357679 0.159923 
140803541536476 -0.008788 1.634114 -0.139949 
140803561412517 0.127166 1.593634 -0.327169 
140803581288559 0.309859 1.373924 -0.389886 
140803601164601 0.328900 1.128247 -0.118910 
140803621040642 0.153531 0.780971 0.028363 
140803640916684 0.072971 0.731170 0.049135 
140803660792726 0.089083 1.315734 0.052597 
140803680668767 0.140215 1.975265 -0.037284 
140803700544809 0.109190 1.379650 -0.065114 
140803720420851 -0.286689 1.089099 -0.066978 
140803740296892 -0.919988 1.433445 -0.113317 
140803760172934 -1.486842 1.138101 -0.391085 
140803780048976 -1.991377 0.551141 -0.549143 
140803799925017 -1.610812 -0.818921 -0.619584 
140803819801059 0.031159 -2.643319 -0.296276 
140803839677101 1.850230 -2.834533 0.422510 
140803859553142 1.504019 -3.076215 0.569650 
140803879429184 0.100002 -0.863796 0.313986 
140803899305226 -0.125701 -0.399341 0.283360 
140803919181267 -1.587110 -4.108056 0.987233 
140803939057309 -3.389669 -4.986100 1.674461 
140803958933351 -3.452253 -1.481915 1.637177 
140803978809392 -2.991660 -0.352070 1.154879 
140803998685434 -2.235189 -1.111470 0.818123 
140804018561476 -1.569000 -1.900031 0.483230 
140804038437517 -1.104945 -2.188185 0.367782 
140804058313559 -0.660730 -2.316283 0.263653 
140804078189601 -0.136753 -2.278333 0.081093 
140804098065642 0.304000 -1.564473 -0.084023 
140804117941684 0.606801 -0.800679 -0.246742 
140804137817726 0.897884 -0.371378 -0.443283 
140804157693767 0.869388 -0.330631 -0.581900 
140804177569809 0.506133 -0.309326 -0.619184 
140804197445851 0.027564 -0.892824 -0.227966 
140804217321892 -0.671649 -1.487907 0.150335 
140804237197934 -1.210539 -0.043409 -0.249538 
140804257073976 -0.913863 0.596015 -0.435959 
140804276950017 0.140082 1.736247 -0.303733 
140804296826059 2.006291 3.802192 0.139283 
140804316702101 2.518283 3.347325 0.724246 
140804336578142 0.428103 1.562076 1.138367 
140804356454184 0.890960 2.362489 0.924383 
140804376330226 1.967808 1.287504 0.248206 
140804396206267 2.914162 1.298290 -0.761264 
140804416082309 2.595515 0.173771 -1.414670 
140804435958351 1.396960 -0.358062 -1.956623 
140804455834392 0.771517 0.578172 -2.353833 
140804475710434 0.843289 1.116796 -2.165548 
140804495586476 1.008805 0.836765 -1.348890 
140804515462517 0.714925 0.597746 -0.617187 
140804535338559 0.207327 0.765791 -0.125035 
140804555214601 -0.024634 1.562875 0.082292 
140804575090642 -0.095474 1.880856 0.227833 
140804594966684 0.082957 1.672863 0.152865 
140804614842726 0.341417 1.146889 0.041678 
140804634718767 0.313720 0.798948 0.081892 
140804654594809 0.139150 0.783501 0.030626 
140804674470851 -0.041945 0.808402 0.077232 
140804694346892 -0.101866 0.791491 0.141680 
140804714222934 -0.004527 0.985369 -0.077498 
140804734098976 0.217447 0.837430 -0.422910 
140804753975017 0.439554 0.244079 -0.448476 
140804773851059 0.015846 0.514256 -0.218246 
140804793727101 -0.849148 0.836898 -0.185755 
140804813603142 -1.174853 0.265384 -0.292415 
140804833479184 -0.712395 -0.370845 -0.288820 
140804853355226 0.117046 -0.833569 0.160322 
140804873231267 0.191614 -0.405333 0.616655 
140804893107309 -0.387356 -0.153797 0.505867 
140804912983351 -0.598944 0.302402 0.336890 
140804932859392 -0.796817 0.322375 0.452471 
140804952735434 -1.174719 -0.771917 0.636495 
140804972611476 -1.679122 -2.094441 0.616788 
140804992487517 -1.714675 -2.437989 0.449674 
140805012363559 -1.393898 -2.724811 0.243812 
140805032239601 -1.487907 -2.604170 -0.041678 
140805052115642 -1.711213 -1.888846 -0.132226 
140805071991684 -1.743437 -1.137169 0.103996 
140805091867726 -1.399224 -1.016395 0.530501 
140805111743767 -0.828242 -1.073120 0.692555 
140805131619809 -0.311989 -0.914795 0.699212 
140805151495851 0.122239 -0.508264 0.612260 
140805171371892 0.662594 -0.224238 0.372176 
140805191247934 0.837830 0.126633 -0.119842 
140805211123976 0.571114 -0.051266 -0.415852 
140805231000017 -0.004128 -0.420912 -0.403469 
140805250876059 -1.172988 -1.354483 -0.161787 
140805270752101 -1.792972 -1.155545 -0.181761 
140805290628142 -0.868722 -0.298008 -0.276569 
140805310504184 0.664725 1.518533 0.051133 
140805330380226 2.469548 2.995255 0.708533 
140805350256267 1.006142 2.153830 0.902944 
140805370132309 0.577639 2.042510 1.001348 
140805390008351 1.238635 -0.203066 0.869388 
140805409884392 2.266482 -0.405599 -0.102665 
140805429759392 2.952245 0.300671 -1.178315 
140805449634392 2.502171 -0.866858 -1.731586 
140805469509392 1.348624 -1.235839 -2.249437 
140805489384392 0.706669 -0.299872 -2.380864 
140805509259392 0.808935 0.292015 -1.808285 
140805529134392 0.857537 0.434894 -1.075517 
140805549009392 0.517319 0.627174 -0.270177 
140805568884392 0.087218 0.737296 0.374174 
140805588759392 -0.181627 0.645417 0.990828 
140805608634392 -0.078430 0.721849 0.967126 
140805628509392 0.157260 0.965395 0.336357 
140805648384392 0.302402 1.041561 -0.125834 
140805668259392 0.320511 0.772449 -0.358062 
140805688134392 0.124370 0.591488 -0.291749 
140805708010434 -0.137286 0.363388 -0.085887 
140805727886476 -0.264452 0.428635 0.115581 
140805747762517 -0.079096 1.040763 -0.041678 
140805767638559 0.245676 0.908404 -0.225170 
140805787514601 0.392283 0.244744 -0.199204 
140805807390642 -0.015579 0.122638 -0.207327 
140805827266684 -0.434228 -0.185755 -0.281230 
140805847142726 -0.381231 -0.444881 -0.370179 
140805867018767 -0.159124 -0.268713 -0.203465 
140805886894809 -0.162852 0.037817 0.162719 
140805906770851 -0.544083 -0.173505 0.439688 
140805926646892 -0.330631 -0.779107 0.445413 
140805946522934 -0.041678 -0.594417 0.529037 
140805966398976 -0.359127 -1.203881 0.844221 
140805986275017 -1.600825 -3.444530 1.172722 
140806006151059 -2.978477 -3.847333 1.222390 
140806026027101 -3.217496 -2.460493 0.956074 
140806045903142 -2.772748 -1.931323 0.660463 
140806065779184 -2.399107 -1.158075 0.573911 
140806085655226 -1.988714 -0.923051 0.816391 
140806105531267 -1.405882 -0.918124 0.912265 
140806125407309 -0.809334 -0.969789 0.727975 
140806145283351 -0.270710 -1.033838 0.341018 
140806165159392 0.284825 -0.836765 -0.091879 
140806185035434 0.796285 -0.335292 -0.361524 
140806204911476 1.124386 0.223705 -0.679505 
140806224787517 1.029178 0.462191 -0.957938 
140806244663559 0.402270 0.021438 -0.841958 
140806264539601 -0.572047 -0.912531 -0.356198 
140806284415642 -1.097621 -1.501755 0.344346 
140806304291684 -1.061802 -0.720118 0.312255 
140806324167726 -0.947818 -0.212920 -0.013183 
140806344043767 0.447810 1.634780 0.328634 
140806363919809 2.299904 2.552771 1.063399 
140806383795851 1.315601 0.675111 1.421994 
140806403671892 0.677508 1.571131 0.851146 
140806423547934 1.567802 1.218662 0.182560 
140806443423976 2.861431 1.255147 -0.942492 
140806463300017 3.783550 2.108290 -2.273672 
140806483176059 3.478752 0.942093 -2.933203 
140806503052101 1.582316 -0.445147 -2.889528 
140806522928142 0.345145 0.025034 -1.830656 
140806542804184 0.046872 0.461659 -0.980708 
140806562680226 0.268313 1.008805 -0.385093 
140806582556267 0.465254 1.574460 -0.080561 
140806602432309 0.350871 1.720933 0.125302 
140806622308351 -0.002264 1.246492 0.302934 
140806642184392 -0.126900 0.992160 0.180429 
140806662060434 0.141414 1.248888 -0.047271 
140806681936476 0.289885 0.984437 0.033955 
140806701812517 0.239285 0.727841 0.049002 
140806721688559 0.086686 0.788961 0.029694 
140806741564601 -0.103597 0.798548 0.102398 
140806761440642 -0.206262 0.676842 0.026365 
140806781316684 -0.169910 0.735831 -0.266982 
140806801192726 -0.046472 0.575908 -0.461925 
140806821068767 -0.188951 0.532765 -0.377370 
140806840944809 -0.845953 0.640223 -0.246076 
140806860820851 -1.396428 0.357929 -0.244877 
140806880696892 -1.290434 0.231295 -0.291882 
140806900572934 -0.509995 -0.535561 -0.151534 
140806920448976 0.190949 -1.084572 0.247674 
140806940325017 0.125035 -0.767522 0.285890 
140806960201059 -0.125834 -0.225170 0.092678 
140806980077101 -0.410792 -0.341151 0.278966 
140806999953142 -0.726643 -1.468732 0.654205 
140807019829184 -1.322924 -2.922817 0.823715 
140807039705226 -1.525324 -3.063698 0.752476 
140807059581267 -1.282844 -2.640256 0.421578 
140807079457309 -1.294695 -2.382995 0.183092 
140807099333351 -1.662477 -1.564073 0.202400 
140807119209392 -1.907621 -1.010003 0.540355 
140807139085434 -1.727724 -1.202150 0.864062 
140807158961476 -1.166597 -1.468599 0.822916 
140807178837517 -0.366850 -1.388837 0.382829 
140807198713559 0.395612 -1.018525 -0.148604 
140807218589601 0.949283 -0.627307 -0.743288 
140807238465642 0.997886 -0.754606 -1.438772 
140807258341684 0.375239 -1.566870 -1.112668 
140807278217726 -0.533431 -2.124002 -0.028496 
140807298092726 -1.238768 -1.485377 0.601474 
140807317967726 -1.306280 -0.663792 0.527705 
140807337842726 -0.514522 0.300804 0.233026 
140807357717726 1.018525 2.514022 0.471113 
140807377592726 1.344363 2.252234 1.451422 
140807397467726 0.712928 2.878875 1.784183 
140807417342726 1.250220 1.997236 1.621864 
140807437217726 2.262487 0.416651 0.738095 
140807457092726 3.411374 1.201085 -0.589357 
140807476967726 2.785531 0.305331 -1.403884 
140807496842726 1.159406 0.082025 -1.807752 
140807516717726 0.550874 1.411741 -2.085653 
140807536592726 0.748880 2.241315 -2.271675 
140807556467726 1.042627 1.848099 -1.973934 
140807576343247 0.944090 0.274172 -0.917458 
140807596219288 0.465387 -0.201601 -0.101333 
140807616095330 0.219844 0.908803 0.018642 
140807635971372 0.073903 1.579386 0.025034 
140807655847413 0.049002 1.783651 0.004394 
140807675723455 0.188285 1.847300 0.140482 
140807695599497 0.269645 1.476589 0.242081 
140807715475538 0.197340 1.134506 0.188951 
140807735351580 0.082025 0.959669 0.076566 
140807755227622 0.036485 0.971254 0.015446 
140807775103663 0.024501 0.987766 -0.140082 
140807794979705 0.055793 0.771784 -0.210523 
140807814855747 0.096939 0.394946 -0.137552 
140807834731788 -0.158192 0.635297 -0.183359 
140807854607830 -0.755671 0.788561 -0.262721 
140807874483872 -1.278583 0.702808 -0.201867 
140807894359913 -1.316000 0.451938 -0.294679 
140807914235955 -0.623446 -0.464588 -0.133557 
140807934111997 0.335824 -0.649411 0.312122 
140807953988038 0.335292 -0.287355 0.336490 
140807973864080 -0.287754 -0.152998 0.069908 
140807993740122 -0.448343 0.125834 0.077764 
140808013616163 -0.604937 -0.489622 0.299073 
140808033492205 -1.026515 -2.127864 0.485094 
140808053368247 -1.215732 -3.143060 0.474575 
140808073244288 -1.231578 -3.491668 0.350072 
140808093120330 -1.647430 -2.802842 0.104795 
140808112996372 -1.987915 -1.755954 0.002929 
140808132872413 -1.801361 -1.439970 0.267248 
140808152748455 -1.271126 -1.534645 0.729040 
140808172624497 -0.666988 -1.578588 0.934769 
140808192500538 -0.294812 -1.197090 0.951147 
140808212376580 0.039681 -0.704406 0.998285 
140808232252622 0.557399 -0.370845 0.658999 
140808252128663 0.618519 -0.202267 -0.235690 
140808272004705 0.239418 -0.158058 -0.504935 
140808291880747 -1.021987 -0.602540 -0.838363 
140808311756788 -1.863945 -0.826245 -0.805206 
140808331632830 -0.910934 0.291483 -0.480700 
140808351508872 0.833569 2.252100 0.094010 
140808371384913 2.573277 3.157841 0.894289 
140808391260955 0.314253 2.131060 0.836099 
140808411136997 0.287222 1.629188 0.787629 
140808431013038 1.280047 -0.055793 0.527039 
140808450889080 2.322941 0.133291 -0.264185 
140808470765122 2.673679 0.308793 -1.186038 
140808490641163 2.640123 -0.244345 -1.941709 
140808510517205 2.308426 -0.113051 -2.605901 
140808530393247 1.437840 0.022770 -2.106825 
140808550269288 0.504669 0.339020 -1.216931 
140808570145330 0.336091 1.089765 -0.542619 
140808590021372 0.222241 1.269927 0.118244 
140808609897413 -0.174037 0.861665 0.549543 
140808629773455 -0.131427 1.170858 0.618918 
140808649649497 0.081626 1.643036 0.399607 
140808669525538 0.184823 1.445696 0.119310 
140808689401580 0.217314 1.133574 0.115981 
140808709277622 0.166980 1.047021 0.078297 
140808729153663 0.036086 1.159939 0.017577 
140808749029705 -0.112652 1.139166 -0.146607 
140808768905747 -0.048869 0.720518 -0.593352 
140808788781788 0.205729 0.092545 -0.697481 
140808808657830 0.087618 0.101600 -0.341550 
140808828533872 -0.405333 0.369114 -0.069642 
140808848409913 -0.549942 0.086686 -0.009188 
140808868285955 -0.129696 -0.279365 0.223306 
140808888161997 0.021572 -0.207194 0.722648 
140808908038038 -0.475507 0.283094 1.011601 
140808927914080 -0.877111 0.335958 1.089099 
140808947790122 -0.935568 0.418915 1.250486 
140808967666163 -1.061668 -0.174037 1.296825 
140808987542205 -1.283110 -1.211072 1.103746 
140809007418247 -1.451555 -1.630253 0.679505 
140809027293767 -1.485377 -2.111752 0.385492 
140809047168767 -1.646764 -2.178198 0.110255 
140809067043767 -2.039980 -1.165265 -0.219977 
140809086918767 -2.190848 -0.427437 -0.150735 
140809106793767 -1.793504 -0.654205 0.274039 
140809126668767 -1.173787 -1.098819 0.512525 
140809146543767 -0.510528 -1.141563 0.433829 
140809166418767 0.119176 -1.057807 0.142878 
140809186293767 0.632367 -0.820652 -0.105195 
140809206168767 0.990695 -0.530768 -0.094808 
140809226043767 1.173654 -0.389487 -0.170309 
140809245918767 0.672714 -0.361391 -0.572579 
140809265793767 -0.407064 -0.190815 -0.922785 
140809285668767 -1.364736 -0.365652 -0.799480 
140809305544288 -1.655952 -1.113201 -0.451006 
140809325420330 -0.800146 -0.827444 -0.520781 
140809345296372 0.773381 0.847550 -0.425173 
140809365172413 2.246508 1.897634 0.132226 
140809385048455 2.342248 2.359825 0.446612 
140809404924497 0.272574 1.482714 0.367649 
140809424800538 0.254199 0.040480 0.653672 
140809444676580 1.421728 -1.512941 0.421445 
140809464552622 2.289917 -0.924249 -0.892558 
140809484428663 2.922950 -0.919456 -1.943707 
140809504304705 2.403501 -1.146091 -2.593518 
140809524180747 0.925315 -0.259525 -2.085520 
140809544056788 0.078696 0.830373 -1.292831 
140809563932830 0.172972 1.965545 -0.721317 
140809583808872 0.343148 2.045839 0.048736 
140809603684913 0.053263 0.912132 0.930641 
140809623560955 0.002397 0.402670 1.434244 
140809643436997 0.301203 1.014797 1.264468 
140809663313038 0.160189 1.249687 0.789360 
140809683189080 -0.133824 0.858203 0.295744 
140809703065122 -0.008788 0.569916 -0.270843 
140809722941163 0.224238 0.343414 -0.908803 
140809742817205 0.127432 0.020107 -1.075517 
140809762693247 -0.120242 -0.073903 -1.074185 
140809782569288 -0.240217 0.110654 -0.974716 
140809802445330 -0.172173 -0.252068 -0.736497 
140809822321372 -0.314652 -0.412124 -0.469914 
140809842197413 -0.687361 -0.188152 -0.390552 
140809862073455 -0.739027 0.029694 0.046073 
140809881949497 -0.438889 0.373375 1.021455 
140809901825538 -0.077232 -0.243812 1.579919 
140809921701580 -0.068044 -1.317065 1.072321 
140809941577622 -0.461126 -1.166064 0.716523 
140809961453663 -0.883503 -0.500141 0.718254 
140809981329705 -1.174320 -0.982972 0.932772 
140810001205747 -1.693103 -2.393248 1.040097 
140810021081788 -2.154096 -3.119491 0.838229 
140810040957830 -1.981257 -3.135870 0.526906 
140810060833872 -1.907887 -3.223621 0.198139 
140810080709913 -2.013748 -2.352502 -0.048869 
140810100585955 -1.855423 -1.598561 -0.033423 
140810120461997 -1.289901 -1.666738 0.218779 
140810140338038 -0.469382 -1.931456 0.466053 
140810160214080 0.309060 -1.450090 0.307062 
140810180090122 0.820519 -0.721849 -0.028229 
140810199966163 1.181377 -0.317715 -0.450740 
140810219842205 1.236771 -0.223306 -0.965528 
140810239718247 0.970189 -0.205463 -1.229581 
140810259594288 0.275770 -0.593884 -0.883503 
140810279470330 -1.046488 -1.606284 -0.266982 
140810299346372 -1.912814 -0.854208 0.033822 
140810319222413 -1.226385 0.513990 -0.123571 
140810339098455 0.953278 2.647446 -0.086553 
140810358974497 3.172755 3.499524 0.621182 
140810378850538 0.354866 -1.273123 1.508280 
140810398726580 0.066180 3.652789 0.551807 
140810418602622 1.794037 2.694718 -0.061386 
140810438478663 3.035735 1.549959 -1.371394 
140810458354705 2.799646 0.992160 -2.486991 
140810478230747 0.185755 0.735831 -2.377136 
140810498106788 -0.443150 1.486575 -1.568201 
140810517982830 0.022770 1.158474 -1.012533 
140810537858872 0.522246 1.224787 -0.475507 
140810557734913 0.844887 1.438772 0.001198 
140810577610955 0.758068 1.425989 0.363122 
140810597486997 0.401471 1.040230 0.720784 
140810617363038 0.152599 1.106676 0.626641 
140810637239080 0.171907 1.593235 0.208792 
140810657115122 0.269112 1.458479 0.004661 
140810676991163 0.266715 0.894156 -0.086420 
140810696867205 0.156594 0.621981 -0.184157 
140810716743247 -0.024901 0.618252 -0.158325 
140810736619288 -0.216382 0.673912 -0.129829 
140810756495330 -0.250870 0.683367 -0.189217 
140810776371372 -0.101733 0.816125 -0.186421 
140810796247413 -0.268713 0.839161 -0.161654 
140810816123455 -0.914396 0.642753 -0.287488 
140810835999497 -1.475124 0.445413 -0.411059 
140810855875538 -1.508147 -0.256595 -0.485494 
140810875751580 -0.804807 -1.578055 -0.269245 
140810895627622 0.269112 -1.557149 0.285358 
140810915503663 0.984836 -1.140631 0.384427 
140810935379705 0.398675 -1.114133 0.324240 
140810955255747 -0.418782 -1.196957 0.514922 
140810975131788 -1.022254 -2.733067 0.909602 
140810995007830 -1.876329 -3.896069 1.243828 
140811014883872 -2.260756 -2.852643 1.109206 
140811034759913 -2.211887 -2.047037 0.893090 
140811054635955 -1.980858 -2.027596 0.753275 
140811074511997 -1.755421 -1.934785 0.722915 
140811094388038 -1.325987 -1.951430 0.821984 
140811114264080 -0.529303 -1.886449 0.608665 
140811134140122 0.378302 -1.582582 0.140881 
140811154016163 1.032107 -1.086835 -0.290950 
140811173892205 1.417333 -0.309459 -0.718920 
140811193768247 1.471129 0.391751 -1.004144 
140811213644288 0.726377 0.763528 -0.786031 
140811233520330 -0.945954 -0.942093 0.098271 
140811253396372 -2.130394 -2.121606 0.438223 
140811273272413 -1.579786 -0.837430 -0.069109 
140811293148455 0.465520 1.713477 -0.060321 
140811313024497 3.224287 3.691272 0.817324 
140811332900538 -0.366318 -1.331313 1.491769 
140811352776580 0.651542 2.772215 0.606668 
140811372652622 2.483396 0.595616 -0.105727 
140811392528663 2.298706 0.077631 -1.268729 
140811412404705 2.675010 1.633182 -2.350770 
140811432280747 2.488988 1.089099 -2.599909 
140811452156788 1.471262 1.062334 -2.053029 
140811472032830 0.015579 1.409876 -1.034904 
140811491908872 -0.273640 2.196174 -0.389354 
140811511784913 0.042344 2.942391 -0.240616 
140811531660955 0.240084 3.162102 -0.092278 
140811551536997 0.211189 2.828675 0.172306 
140811571413038 0.099469 2.069408 0.344879 
140811591289080 0.060587 1.169793 0.259658 
140811611165122 0.067911 0.607866 0.178165 
140811631041163 0.017444 0.359926 0.011718 
140811650917205 0.058057 0.406664 -0.081360 
140811670793247 0.050866 0.518517 -0.008922 
140811690669288 0.049002 0.433562 -0.058589 
140811710545330 0.162320 0.194943 -0.240217 
140811730421372 0.225703 -0.017444 -0.297342 
140811750297413 -0.152732 0.331164 -0.223306 
140811770173455 -0.919456 0.895487 -0.428369 
140811790049497 -1.756753 0.972319 -0.388022 
140811809925538 -2.055826 0.045540 -0.546747 
140811829801580 -1.167130 -1.645033 -0.618386 
140811849677622 0.458330 -1.821468 0.154863 
140811869553663 1.915211 -0.962333 0.664325 
140811889429705 1.259008 -0.759267 0.677907 
140811909305747 -0.236622 -0.684565 0.692022 
140811929181788 -1.246092 -3.075816 0.936234 
140811949057830 -2.865692 -5.301151 1.076848 
140811968933872 -3.033338 -3.895137 0.856072 
140811988809913 -2.643585 -3.030808 0.373242 
140812008685955 -2.120008 -3.304048 -0.052464 
140812028561997 -1.615605 -3.400588 0.041412 
140812048438038 -0.986301 -2.934668 0.515588 
140812068314080 0.008788 -2.098436 0.426372 
140812088190122 0.736763 -0.940361 0.109190 
140812108066163 0.986834 -0.198272 0.009721 
140812127942205 0.696949 0.150202 -0.115182 
140812147818247 0.245011 0.481765 -0.374573 
140812167694288 -0.088550 -0.644618 -0.026099 
140812187570330 -1.056875 -1.836514 0.197740 
140812207446372 -1.808418 -0.120508 -0.131560 
140812227322413 -0.519449 3.104578 0.557799 
140812247198455 0.785765 3.308576 1.970871 
140812267073976 0.203199 3.132408 1.735181 
140812286948976 2.133856 1.972868 0.754473 
140812306823976 3.708050 1.648495 -0.456599 
140812326698976 4.539088 2.243845 -1.800029 
140812346573976 3.593001 0.546081 -2.549176 
140812366448976 1.244894 -0.519449 -2.773414 
140812386323976 0.094542 0.362056 -2.096572 
140812406198976 0.056725 0.967393 -1.464072 
140812426073976 0.417983 1.710680 -1.171391 
140812445948976 0.608132 2.421744 -0.764193 
140812465823976 0.506799 2.995255 -0.282694 
140812485698976 0.152732 3.128147 0.235690 
140812505573976 -0.447943 2.361024 0.856206 
140812525449497 -0.519715 1.402952 1.070856 
140812545325538 -0.049934 1.107342 0.523843 
140812565201580 0.357662 0.969257 -0.061386 
140812585077622 0.323707 0.652075 -0.350605 
140812604953663 0.007856 0.404001 -0.455400 
140812624829705 -0.113717 -0.096673 -0.647947 
140812644705747 0.323174 -0.660863 -0.896553 
140812664581788 0.654871 -0.343947 -0.913330 
140812684457830 -0.077365 1.066595 -0.419714 
140812704333872 -1.266732 1.222124 0.015579 
140812724209913 -2.100034 0.835433 0.550076 
140812744085955 -2.141713 0.525308 0.571780 
140812763961997 -1.159939 -1.023452 0.051266 
140812783838038 0.371244 -1.522661 0.202267 
140812803714080 1.462740 -0.868190 0.468849 
140812823590122 0.639824 0.025833 0.417184 
140812843466163 -0.341417 0.506932 0.404534 
140812863342205 -0.444348 -1.050350 0.608132 
140812883218247 -0.759533 -3.379948 0.713860 
140812903094288 -1.806687 -5.593300 0.592420 
140812922970330 -2.195642 -5.137633 0.573644 
140812942846372 -2.508296 -3.618701 0.284825 
140812962722413 -2.269677 -3.181676 0.170442 
140812982598455 -1.750761 -3.064098 0.406931 
140813002474497 -1.137169 -2.796716 0.768588 
140813022350538 -0.182826 -2.080194 0.622513 
140813042226580 0.641289 -1.180445 0.217314 
140813062102622 1.107075 -0.409860 -0.105461 
140813081978663 1.090697 -0.263919 -0.522645 
140813101854705 0.367383 -0.416784 -0.657135 
140813121730747 -0.752076 -1.195625 -0.144343 
140813141606788 -1.638109 -2.411624 0.603206 
140813161482830 -1.954626 -1.094692 0.436092 
140813181358872 -0.761530 0.834900 0.146074 
140813201234913 1.818405 3.938280 0.433962 
140813221110955 2.030526 1.308676 1.344629 
140813240986997 0.381498 2.479801 0.871252 
140813260863038 1.837180 2.730138 -0.033689 
140813280739080 3.521096 1.493899 -1.119193 
140813300615122 4.291281 0.867391 -2.274071 
140813320491163 2.500839 -0.927578 -2.710696 
140813340367205 -0.007856 -0.890427 -2.046771 
140813360243247 -0.251136 -0.274172 -1.293896 
140813380119288 0.285224 0.479369 -1.038233 
140813399995330 0.815193 1.619334 -0.813196 
140813419871372 1.119193 2.824813 -0.317848 
140813439747413 0.755405 3.036667 0.439821 
140813459623455 -0.290151 1.604154 1.377785 
140813479499497 -0.718920 0.614923 1.476722 
140813499375538 -0.293480 1.071788 0.952213 
140813519251580 0.281363 1.271259 0.257394 
140813539127622 0.492551 0.931040 -0.414521 
140813559003663 0.236888 0.610796 -1.172988 
140813578879705 -0.182560 0.202267 -1.318663 
140813598755747 -0.380565 0.627840 -1.259008 
140813618631788 -0.150335 1.003478 -1.232776 
140813638507830 0.015979 0.475907 -1.044225 
140813658383872 -0.541687 -0.045141 -0.588159 
140813678259913 -1.227583 -0.589490 -0.138884 
140813698135955 -1.219594 -0.762462 -0.175502 
140813718011997 -0.441419 -1.218795 0.038216 
140813737888038 0.388422 -1.212536 0.998818 
140813757764080 0.546214 -1.494964 1.749562 
140813777640122 -0.035819 -1.592170 1.518134 
140813797516163 -0.339686 -0.387223 0.967792 
140813817392205 -0.748215 -1.257144 1.068859 
140813837268247 -2.137718 -4.442283 1.197756 
140813857144288 -3.037333 -4.772647 1.091629 
140813877020330 -2.837463 -3.600724 0.696017 
140813896896372 -2.369546 -3.247723 0.328767 
140813916772413 -2.100434 -2.966493 0.253533 
140813936648455 -1.774197 -2.351170 0.508930 
140813956524497 -1.152882 -2.247440 0.711463 
140813976400538 -0.332629 -2.090580 0.460460 
140813996276580 0.371511 -1.735048 0.069508 
140814016152622 0.894023 -1.313204 -0.273640 
140814036028663 0.917325 -0.787230 -0.494149 
140814055904705 0.431565 -0.094409 -0.648346 
140814075780747 0.378302 -0.263120 -0.261256 
140814095656788 -0.003329 -1.788445 0.682834 
140814115532830 -1.244095 -1.411608 0.349673 
140814135408872 -1.574726 -0.264185 -0.112252 
140814155284913 -0.385226 1.984852 0.171108 
140814175160955 1.737312 4.518715 0.762862 
140814195036997 1.156610 1.905357 1.098953 
140814214913038 1.179380 2.199370 0.650343 
140814234789080 2.110687 0.637294 0.396944 
140814254665122 3.147987 1.154346 -0.678573 
140814274541163 3.846667 1.478320 -1.915610 
140814294417205 3.681551 0.366850 -2.744785 
140814314293247 2.873815 -0.512525 -2.963164 
140814334169288 1.104545 -0.166581 -1.974866 
140814354045330 0.405732 1.091096 -1.288570 
140814373921372 0.443682 1.839045 -0.702009 
140814393797413 0.261922 1.734116 0.003728 
140814413673455 -0.224771 1.772199 0.505867 
140814433549497 -0.358861 1.951829 0.628506 
140814453425538 0.043276 2.275803 0.447810 
140814473301580 0.460593 1.943440 0.206528 
140814493177622 0.481632 1.263270 -0.119043 
140814513053663 0.152998 0.948351 -0.552739 
140814532929705 -0.285091 0.863529 -0.673380 
140814552805747 -0.417184 1.262737 -0.548744 
140814572681788 -0.351138 1.558348 -0.478703 
140814592557830 -0.330631 1.300287 -0.443949 
140814612433872 -0.712262 0.766724 -0.481899 
140814632309913 -1.282178 -0.156327 -0.437291 
140814652185955 -1.162069 -0.980442 -0.585362 
140814672061997 0.227434 -2.072337 -0.395080 
140814691938038 1.277917 -2.364486 0.367915 
140814711814080 0.262721 -1.852893 0.378701 
140814731690122 -0.384294 -0.050866 0.236222 
140814751566163 -0.288820 0.599743 0.649145 
140814771442205 -0.895487 -1.181244 1.358344 
140814791318247 -2.161021 -3.702191 1.769137 
140814811194288 -3.245193 -4.359192 1.676059 
140814831070330 -3.204712 -3.195258 1.108407 
140814850946372 -2.633598 -3.139998 0.491220 
140814870822413 -2.104162 -3.181277 0.173505 
140814890698455 -2.052364 -2.111352 0.219311 
140814910574497 -1.501090 -1.972336 0.478437 
140814930450538 -0.571381 -1.978860 0.274705 
140814950326580 0.288154 -1.686978 -0.149803 
140814970202622 0.838895 -1.217596 -0.445280 
140814990078663 0.867391 -1.012134 -0.509329 
140815009954705 0.183625 -0.485228 -0.592952 
140815029830747 -0.443017 -0.378169 -0.023702 
140815049706788 -0.812530 -1.416801 0.956474 
140815069582830 -1.506549 -0.828109 0.294013 
140815089458872 -0.891226 -0.627840 -0.520781 
140815109334913 0.478437 2.184723 -0.880041 
140815129210955 4.108589 6.989328 0.001731 
140815149086997 2.184989 -0.064582 1.546097 
140815168963038 1.888313 4.758799 0.490288 
140815188839080 3.540537 3.554119 0.241415 
140815208715122 3.870636 -0.208792 -0.455001 
140815228591163 2.675809 -1.277118 -1.555951 
140815248467205 0.825313 -0.300138 -2.151433 
140815268343247 0.234491 1.771400 -2.586593 
140815288219288 0.643819 2.956240 -2.844653 
140815308095330 1.445030 3.145058 -2.338387 
140815327971372 1.260873 2.429201 -1.208941 
140815347846372 0.101600 1.901762 -0.017311 
140815367721372 -0.502139 1.639574 0.504269 
140815387596372 -0.200802 1.441967 0.548611 
140815407471372 0.418915 1.480317 0.231029 
140815427346372 0.648346 1.584313 -0.116247 
140815447221372 0.206395 1.499625 -0.357263 
140815467096372 -0.594683 1.344629 -0.658200 
140815486971372 -1.034770 1.757019 -0.881106 
140815506846372 -0.714259 1.069525 -0.409194 
140815526721372 -0.096673 0.450607 -0.062052 
140815546596372 -0.583365 0.486426 -0.158458 
140815566471372 -1.362605 -0.394547 -0.506000 
140815586346372 -0.926247 -0.829175 -0.318381 
140815606221372 0.372176 -1.130112 0.566587 
140815626097413 1.341433 -2.091912 1.052880 
140815645973455 -0.194943 -2.155694 0.589091 
140815665849497 -0.652607 -0.314919 0.631568 
140815685725538 -0.455134 -1.004411 1.155811 
140815705601580 -1.393098 -3.416966 1.893373 
140815725477622 -3.404316 -5.279047 2.165148 
140815745353663 -4.275702 -3.181543 1.861948 
140815765229705 -3.707783 -2.344912 1.096556 
140815785105747 -3.087800 -2.017609 0.625177 
140815804981788 -2.780738 -1.576457 0.632367 
140815824857830 -2.139183 -1.500690 0.668852 
140815844733872 -1.316932 -1.549692 0.464854 
140815864609913 -0.493883 -1.343431 0.177500 
140815884485955 0.300271 -1.038366 -0.205995 
140815904361997 0.761530 -0.903610 -0.608399 
140815924238038 0.458197 -0.424241 -0.747416 
140815944114080 -0.173904 0.474175 -0.448742 
140815963990122 -0.201601 -0.489622 0.478703 
140815983866163 -0.652474 -0.826645 0.839827 
140816003742205 -1.169526 0.220510 1.161537 
140816023618247 -0.714659 1.726925 1.240366 
140816043494288 -0.379234 1.394164 0.286290 
140816063370330 1.520131 1.433179 -0.180163 
140816083246372 3.122687 1.458213 -0.202001 
140816103122413 3.531083 3.401254 -0.866059 
140816122998455 5.610344 5.071054 -1.497894 
140816142874497 6.034985 3.444130 -2.295377 
140816162750538 5.202748 1.748231 -2.784999 
140816182626580 1.518667 -0.943158 -2.153297 
140816202502622 -0.637960 -0.421445 -0.779374 
140816222378663 0.084955 0.121041 -0.283493 
140816242254705 0.762596 0.268180 -0.235024 
140816262130747 0.908803 1.187636 -0.325305 
140816282006788 0.814927 2.455566 -0.324373 
140816301882830 0.600409 3.521762 0.029961 
140816321758872 -0.009721 2.513623 0.658999 
140816341634913 -0.520781 0.521447 0.761530 
140816361510955 -0.243280 0.523710 0.176301 
140816381386997 0.252467 1.103746 -0.500674 
140816401263038 0.313587 1.002147 -1.050350 
140816421139080 0.198405 0.972586 -1.248888 
140816441015122 0.135954 0.949416 -1.305747 
140816460891163 0.144743 0.724646 -0.921586 
140816480767205 -0.370046 0.957938 -0.143012 
140816500643247 -1.495497 1.116396 0.275371 
140816520519288 -2.460226 0.462591 -0.069642 
140816540395330 -2.729205 0.070973 -0.686296 
140816560271372 -1.923733 -0.352203 -0.707468 
140816580147413 -0.163118 -1.689508 0.200536 
140816600023455 2.061818 -2.091778 1.114665 
140816619899497 2.310291 -2.000831 1.034238 
140816639775538 -0.273506 -1.132508 0.578971 
140816659651580 -0.911599 -0.808002 0.815859 
140816679527622 -1.472594 -3.365567 1.250087 
140816699403663 -3.084604 -6.180660 1.554885 
140816719279705 -3.596730 -4.816589 1.314269 
140816739155747 -3.318296 -3.957055 0.515454 
140816759031788 -3.092860 -3.532281 0.270044 
140816778907830 -2.971952 -2.735198 0.767522 
140816798783872 -2.184723 -2.356496 0.955142 
140816818659913 -0.932239 -2.434527 0.551008 
140816838535955 0.136487 -1.925065 0.086420 
140816858411997 0.680171 -1.463539 -0.257927 
140816878288038 0.715724 -0.985635 -0.568984 
140816898164080 0.313054 -0.060321 -0.846485 
140816918040122 0.321310 -0.300404 -0.598279 
140816937916163 0.605336 -1.862214 0.297342 
140816957792205 -0.179364 -0.288021 0.547412 
140816977668247 -1.283509 1.378584 0.858336 
140816997544288 -0.838762 2.650110 1.652890 
140817017420330 -0.618652 1.982456 1.139033 
140817037296372 0.477771 0.776311 0.350072 
140817057172413 2.407895 0.964996 0.075634 
140817077048455 3.279148 1.810815 -0.386025 
140817096924497 4.480366 3.612575 -1.279648 
140817116800538 5.029509 3.259440 -2.307095 
140817136676580 4.840558 2.343447 -3.037333 
140817156552622 4.231627 0.900814 -3.013098 
140817176428142 1.020922 -0.064981 -1.400422 
140817196303142 0.187486 0.515854 -0.626774 
140817216178142 0.741557 1.032107 -0.490421 
140817236053142 0.996820 1.339303 -0.412523 
140817255928142 0.729839 1.674195 -0.178432 
140817275803142 0.100002 1.460210 0.089349 
140817295678142 -0.236222 1.235440 -0.011718 
140817315553142 0.060853 1.591637 -0.296010 
140817335428142 0.586561 1.749429 -0.385226 
140817355303142 0.784567 1.729189 -0.467118 
140817375178142 0.286822 1.448093 -0.628372 
140817395053142 -0.486959 1.593235 -0.771251 
140817414928142 -0.573112 1.787113 -0.737296 
140817434803142 -0.038216 1.135438 -0.441552 
140817454678142 -0.071905 1.082574 -0.175902 
140817474554184 -0.823981 0.692821 -0.363654 
140817494430226 -0.923450 -0.664458 -0.657135 
140817514306267 0.257661 -1.409743 -0.150735 
140817534182309 0.485627 -1.482714 0.132625 
140817554058351 -0.519183 -1.300953 -0.158857 
140817573934392 -0.200935 -0.495614 0.603605 
140817593810434 -0.823848 -1.074318 1.453020 
140817613686476 -1.387905 -2.326269 1.869271 
140817633562517 -2.010419 -3.336406 2.037184 
140817653438559 -3.215365 -3.751725 2.071006 
140817673314601 -3.834283 -2.478203 1.922801 
140817693190642 -3.388470 -2.254764 1.296426 
140817713066684 -2.580069 -2.895120 0.849148 
140817732942726 -2.617220 -2.364219 0.763261 
140817752818767 -2.800578 -1.827060 0.908670 
140817772694809 -2.503370 -1.688842 0.987233 
140817792570851 -1.760082 -1.699894 0.759533 
140817812446892 -0.891226 -1.577789 0.244079 
140817832322934 -0.179497 -1.099086 -0.213186 
140817852198976 0.164850 -0.388289 -0.504802 
140817872075017 -0.098670 0.171374 -0.562859 
140817891951059 -0.373641 0.097205 -0.458596 
140817911827101 -0.134090 -0.547945 -0.214784 
140817931703142 0.075501 -0.791890 0.029561 
140817951579184 -0.433962 -0.260457 0.152865 
140817971455226 -1.143161 1.377120 0.379500 
140817991331267 0.392150 2.677407 0.705471 
140818011207309 1.222790 1.020789 0.327169 
140818031083351 1.560744 0.716523 -0.053396 
140818050959392 1.898966 1.475923 -0.362323 
140818070835434 3.046920 3.348124 -0.700145 
140818090711476 4.459327 3.511242 -1.021455 
140818110587517 4.550940 2.468216 -1.781520 
140818130463559 4.473974 2.984336 -2.624277 
140818150339601 4.348939 2.529202 -2.887530 
140818170215642 2.779805 0.083224 -2.120407 
140818190091684 -0.013449 -0.621182 -0.930375 
140818209967726 -0.236622 0.284026 -0.595482 
140818229843767 0.475241 1.028512 -0.513324 
140818249719809 0.841425 1.678856 -0.333428 
140818269595851 0.696150 2.694851 -0.070174 
140818289471892 0.086020 3.068492 0.538757 
140818309347934 -0.484029 2.153563 0.794820 
140818329223976 -0.542752 1.037833 0.544749 
140818349100017 -0.144876 0.456066 -0.043276 
140818368976059 0.203066 0.486692 -0.733833 
140818388852101 0.245810 0.599211 -1.106809 
140818408728142 -0.097738 0.650876 -1.048486 
140818428604184 -0.419581 0.188152 -0.899482 
140818448480226 -0.394680 0.113850 -0.423842 
140818468356267 -0.526107 0.813728 0.057791 
140818488232309 -1.265400 1.124386 0.088151 
140818508108351 -1.833452 0.437024 -0.173771 
140818527984392 -1.557149 -0.345412 -0.476839 
140818547860434 -0.328634 -1.746500 -0.197740 
140818567736476 1.241565 -2.518683 0.559929 
140818587612517 1.236105 -2.779406 0.712129 
140818607488559 0.121041 -1.374190 0.395213 
140818627364601 -0.342749 -0.229298 0.502006 
140818647240642 -0.969124 -2.337455 1.124253 
140818667116684 -2.507498 -5.435108 1.625992 
140818686992726 -3.198987 -3.890476 1.685647 
140818706868767 -3.175817 -2.166613 1.177915 
140818726744809 -2.516419 -2.354632 0.880041 
140818746620851 -1.945171 -2.135454 0.700145 
140818766496892 -1.569400 -1.368065 0.662860 
140818786372934 -0.889229 -1.220126 0.576308 
140818806248976 -0.007590 -1.074318 0.195076 
140818826123976 0.829707 -0.775246 -0.187886 
140818845998976 1.424790 -0.384960 -0.494149 
140818865873976 1.629188 0.016512 -0.944889 
140818885748976 1.177249 -0.169111 -1.353417 
140818905623976 0.138617 -0.518384 -1.218129 
140818925498976 -0.698680 -1.957422 0.240616 
140818945373976 -1.507215 -1.488307 1.005742 
140818965248976 -1.441169 0.591088 0.573644 
140818985123976 0.708400 3.054510 0.552073 
140819004998976 1.699628 3.505916 0.650077 
140819024873976 0.643819 1.947835 0.381631 
140819044748976 1.153414 2.766756 -0.075767 
140819064623976 2.704838 2.639723 -0.806271 
140819084498976 3.883818 2.763960 -1.922934 
140819104373976 3.013764 1.269262 -2.499774 
140819124250017 0.515588 0.652075 -2.266082 
140819144126059 -0.255530 0.999084 -1.287504 
140819164002101 -0.087218 0.833968 -0.458463 
140819183878142 0.238086 0.930241 0.011185 
140819203754184 0.611594 1.782985 0.024102 
140819223630226 0.692155 2.582998 0.069642 
140819243506267 0.436359 2.736263 0.309193 
140819263382309 0.014115 2.267281 0.536360 
140819283258351 -0.299605 1.560079 0.446212 
140819303134392 -0.237154 1.077115 0.238885 
140819323010434 0.157126 0.476173 0.040347 
140819342886476 0.478969 0.010519 -0.160588 
140819362762517 0.338488 0.220510 -0.225436 
140819382638559 -0.068310 0.618386 -0.324639 
140819402514601 -0.363654 0.929975 -0.505734 
140819422390642 -0.170975 0.699212 -0.501872 
140819442266684 0.094409 0.508397 -0.302135 
140819462142726 -0.360725 0.567120 -0.258193 
140819482018767 -1.096423 0.193745 -0.242747 
140819501894809 -1.214933 0.131427 -0.185356 
140819521770851 -0.773781 -0.300138 0.281096 
140819541646892 0.055527 -1.546630 0.726776 
140819561522934 0.835566 -1.692304 0.600942 
140819581398976 0.356464 -0.885634 0.503071 
140819601275017 -0.300271 -1.123454 0.637161 
140819621151059 -0.566054 -2.525873 0.806271 
140819641027101 -0.832504 -4.234024 0.747282 
140819660903142 -1.354350 -5.266264 0.741290 
140819680779184 -1.860749 -3.730021 0.705737 
140819700655226 -2.357295 -1.542102 0.719719 
140819720531267 -2.639324 -0.797749 1.013465 
140819740407309 -2.231727 -1.202283 1.115997 
140819760283351 -1.202816 -1.643302 0.768588 
140819780159392 -0.072305 -1.023186 0.091213 
140819800035434 0.732768 -0.325838 -0.380033 
140819819911476 0.945688 -0.232627 -0.796950 
140819839787517 0.260723 -0.326636 -1.120125 
140819859663559 -0.500940 -0.983238 -0.204131 
140819879539601 -0.698680 -1.615605 0.985901 
140819899415642 -1.111203 -0.511327 0.876179 
140819919291684 -0.569517 0.480967 0.125834 
140819939167726 1.127715 2.986467 -0.513324 
140819959043767 3.203381 5.617135 -0.455267 
140819978919809 0.710398 0.254598 0.858736 
140819998795851 -0.415186 2.882204 0.751943 
140820018671892 1.404816 2.495646 0.382163 
140820038547934 2.643185 0.789494 -0.666189 
140820058423976 3.412572 1.145691 -2.103363 
140820078300017 2.185655 0.004527 -3.007239 
140820098176059 0.223306 0.327435 -2.712827 
140820118052101 -0.045141 0.936633 -1.779523 
140820137928142 0.285358 0.677375 -1.217064 
140820157804184 0.668187 0.893090 -0.619850 
140820177680226 0.840626 1.365002 0.021705 
140820197556267 0.650077 1.617869 0.527305 
140820217432309 0.160056 1.511210 1.121323 
140820237308351 -0.259125 1.663942 1.416268 
140820257184392 -0.288553 1.173388 0.855407 
140820277060434 -0.006258 0.447677 0.133557 
140820296936476 0.214917 0.058190 -0.314386 
140820316812517 0.153531 -0.075634 -0.503337 
140820336688559 -0.090947 -0.022104 -0.434361 
140820356564601 -0.295211 0.478969 -0.261655 
140820376440122 -0.168844 0.750745 -0.263919 
140820396315122 -0.028363 0.733301 -0.181228 
140820416190122 -0.500141 0.684831 -0.215316 
140820436065122 -1.191630 -0.048336 -0.141014 
140820455940122 -1.300021 -0.682035 -0.347542 
140820475815122 -0.604670 -1.535311 -0.219844 
140820495690122 0.372975 -1.538108 0.685098 
140820515565122 0.789627 -0.871519 0.988698 
140820535440122 0.000133 0.506400 0.331430 
140820555315122 -0.351138 1.205079 0.272441 
140820575190122 -0.506267 -0.770319 0.824381 
140820595065122 -1.280980 -3.478485 1.191764 
140820614940122 -2.796716 -5.363336 1.293230 
140820634815122 -3.282876 -4.110986 1.185772 
140820654690122 -2.787129 -2.728273 0.537159 
140820674565122 -2.003495 -2.622546 -0.112918 
140820694441163 -1.258209 -2.872883 -0.229564 
140820714317205 -0.674445 -2.097903 0.099735 
140820734193247 0.190815 -1.510544 0.186421 
140820754069288 0.947019 -0.671116 -0.125967 
140820773945330 1.457547 -0.300404 -0.345811 
140820793821372 1.619334 -0.749413 -0.599211 
140820813697413 0.811731 -0.851545 -0.992027 
140820833573455 -0.235024 -0.632367 -0.114116 
140820853449497 -0.667521 -1.542369 1.249022 
140820873325538 -1.683383 -0.921453 0.920920 
140820893201580 -0.911599 0.576840 0.455533 
140820913077622 1.241831 2.804839 0.529170 
140820932953663 0.828642 2.527604 0.467518 
140820952829705 0.257927 2.370611 0.075767 
140820972705747 1.744769 2.896052 -0.253000 
140820992581788 3.335873 2.320943 -1.241165 
140821012457830 4.308059 2.235189 -2.404167 
140821032333872 2.866491 0.138351 -2.688592 
140821052209913 -0.151134 -0.084822 -1.632383 
140821072085955 -0.584164 0.745019 -1.001215 
140821091961997 -0.040480 0.649411 -0.755139 
140821111838038 0.542352 0.922785 -0.500274 
140821131714080 0.766857 1.422260 -0.187620 
140821151590122 0.736763 1.946903 0.116780 
140821171466163 0.382030 2.288053 0.647148 
140821191342205 -0.309326 2.162352 1.277517 
140821211218247 -0.696549 1.714009 1.104545 
140821231094288 -0.475907 1.327052 0.615722 
140821250970330 0.201202 1.023053 0.068576 
140821270846372 0.703207 0.504535 -0.655004 
140821290722413 0.626242 0.091746 -1.141297 
140821310598455 0.141014 0.047537 -0.990828 
140821330474497 -0.108923 0.375106 -0.926380 
140821350350538 0.070973 0.868856 -0.487624 
140821370226580 -0.028895 1.182709 -0.157925 
140821390102622 -0.868589 1.164866 -0.151534 
140821409978663 -1.787779 0.802809 -0.181228 
140821429854705 -2.033189 0.526507 -0.388954 
140821449730747 -1.381647 -0.972586 -0.568984 
140821469606788 0.137952 -2.676608 0.055261 
140821489482830 2.019873 -2.422942 0.775112 
140821509358872 1.590305 -1.059272 0.615456 
140821529234913 -0.197473 -0.193212 0.470048 
140821549110955 -0.696816 -1.332778 0.889096 
140821568986997 -1.265800 -3.991277 1.270061 
140821588863038 -2.426538 -5.514071 1.342898 
140821608739080 -2.792722 -3.997801 1.120790 
140821628615122 -2.514288 -3.099252 0.667255 
140821648491163 -2.061152 -3.084870 0.282029 
140821668367205 -1.749829 -2.467550 0.442750 
140821688243247 -0.960735 -1.981657 0.712262 
140821708119288 0.208126 -1.310407 0.492019 
140821727995330 1.058473 -0.543950 0.203066 
140821747871372 1.532249 -0.164450 0.101866 
140821767747413 1.489372 -0.043942 -0.362323 
140821787623455 0.493617 -0.181361 -0.851279 
140821807498976 -0.436092 -1.017194 -0.158724 
140821827373976 -0.935568 -2.255163 1.194427 
140821847248976 -1.846635 -1.174453 0.763661 
140821867123976 -1.294961 0.349007 -0.105594 
140821886998976 0.447278 2.872483 -0.325971 
140821906873976 2.348374 5.371592 -0.126367 
140821926748976 1.314535 1.984986 0.894023 
140821946623976 0.387756 2.790591 0.833169 
140821966498976 1.804423 2.430399 0.238752 
140821986373976 3.215365 1.946503 -1.073253 
140822006248976 4.006057 2.079528 -2.399906 
140822026123976 2.201900 0.009188 -2.914961 
140822045998976 0.209457 -0.153398 -2.250103 
140822065873976 -0.357130 0.033556 -1.429983 
140822085748976 0.053529 0.660330 -1.093626 
140822105623976 0.509596 1.243695 -0.825313 
140822125499497 0.921054 1.833452 -0.496946 
140822145375538 0.955541 2.399240 -0.021172 
140822165251580 0.569383 2.590322 0.667654 
140822185127622 -0.315318 1.692837 1.507881 
140822205003663 -0.899216 0.583764 1.455150 
140822224879705 -0.512525 0.628639 0.397077 
140822244755747 0.313321 1.120790 -0.240483 
140822264631788 0.584164 0.795885 -0.391618 
140822284507830 0.227700 0.278433 -0.227567 
140822304383872 -0.154730 0.122772 -0.237687 
140822324259913 -0.061652 0.633166 -0.427304 
140822344135955 0.214384 1.170325 -0.318913 
140822364011997 -0.209191 1.455683 -0.183225 
140822383888038 -1.149952 0.635030 -0.226369 
140822403764080 -1.434644 -0.501073 -0.394680 
140822423640122 -0.653806 -1.472461 -0.292149 
140822443516163 0.272308 -1.477654 0.305598 
140822463392205 0.598279 -0.844088 0.751677 
140822483268247 0.078696 -0.651808 0.442617 
140822503144288 -0.306929 0.203465 0.245410 
140822523020330 -0.286955 -0.117845 0.563391 
140822542896372 -0.705205 -2.137052 0.940761 
140822562772413 -1.897634 -4.593949 1.030376 
140822582648455 -2.573810 -4.466784 0.899083 
140822602524497 -2.504169 -3.635212 0.460194 
140822622400538 -2.410692 -3.029876 0.060853 
140822642276580 -2.332262 -2.150101 0.027164 
140822662152622 -1.912015 -1.631584 0.391618 
140822682028663 -0.937166 -1.585112 0.603339 
140822701904705 -0.069642 -1.226385 0.523710 
140822721780747 0.562592 -0.646216 0.263520 
140822741656788 0.997353 -0.232893 0.012117 
140822761532830 1.024251 0.322109 0.050467 
140822781408640 0.423442 1.005209 -0.286423 
140822801284681 -0.419314 0.532499 -0.051665 
140822821160723 -1.167263 -1.558481 0.534762 
140822841036765 -1.537442 -1.590039 0.266715 
140822860912806 -1.052347 0.328900 -0.052597 
140822880788848 1.011068 3.374888 0.265650 
140822900664890 2.805239 4.728838 0.579770 
140822920540931 2.283792 4.475705 0.185755 
140822940416973 1.667670 2.540521 -0.012783 
140822960293015 1.780189 0.377503 -0.212520 
140822980169056 1.996570 0.718920 -0.801744 
140823000045098 1.925464 1.391767 -1.322658 
140823019921140 1.926796 1.439304 -1.853958 
140823039797181 2.100833 1.183774 -2.231328 
140823059673223 1.959952 0.606934 -1.881389 
140823079549265 1.270993 0.027963 -1.362605 
140823099425306 0.588691 0.352869 -0.850480 
140823119301348 0.131161 0.967792 -0.327036 
140823139177390 -0.163385 1.139566 0.096806 
140823159053431 -0.290950 1.284442 0.377370 
140823178928952 -0.091746 1.873000 0.606268 
140823198803952 0.185489 2.250503 0.832237 
140823218678952 0.294679 2.010952 0.902944 
140823238553952 0.274172 1.598162 0.379900 
140823258428952 0.117845 1.282311 -0.097472 
140823278303952 -0.113850 1.007873 -0.260457 
140823298178952 -0.150602 0.968058 -0.999350 
140823318053952 0.149270 0.333827 -1.651691 
140823337928952 0.200136 0.364986 -1.734782 
140823357803952 -0.578305 1.111869 -1.215998 
140823377678952 -1.395895 0.660730 -0.403868 
140823397553952 -1.203082 -0.176434 -0.011585 
140823417428952 -0.305598 -0.742089 0.901213 
140823437303952 0.263653 -0.086553 1.921203 
140823457178952 -0.115448 1.118793 1.960485 
140823477053952 -1.710414 1.617470 1.346493 
140823496929473 -2.355031 1.223322 1.095890 
140823516805515 -1.951430 -0.100002 0.979110 
140823536681556 -1.709881 -1.477521 0.647547 
140823556557598 -1.698163 -2.522811 0.365252 
140823576433640 -1.687644 -3.222556 0.028229 
140823596309681 -1.841974 -2.654504 -0.491220 
140823616185723 -1.872201 -0.866858 -0.759134 
140823636061765 -1.299089 -0.164450 -0.295611 
140823655937806 -0.599743 -0.229165 0.389753 
140823675813848 0.100934 -0.564190 0.598811 
140823695689890 0.623179 -0.783235 0.400672 
140823715565931 1.050483 -0.775645 0.210789 
140823735441973 1.606551 -1.059405 0.242214 
140823755318015 1.576058 -1.107342 -0.274838 
140823775194056 -0.100667 -0.587093 -1.042893 
140823795070098 -2.243978 -0.174836 -1.398691 
140823814946140 -2.284058 -1.406015 -0.528903 
140823834822181 0.204930 -0.421978 0.225436 
140823854698223 2.716023 1.324522 0.895754 
140823874574265 2.340784 2.148237 0.792689 
140823894450306 -0.368315 1.998435 -0.200802 
140823914326348 0.433829 0.841425 -0.198539 
140823934202390 1.494698 0.342615 -0.897351 
140823954078431 2.615888 0.456199 -1.769403 
140823973954473 2.596980 -0.934902 -2.036252 
140823993830515 0.888030 -2.938530 -1.246492 
140824013706556 -0.195742 -2.469148 -0.536227 
140824033582598 0.060187 -1.133707 -0.405466 
140824053458640 0.878576 -0.404268 -0.207194 
140824073334681 1.334376 0.177100 0.228765 
140824093210723 0.969923 -0.030493 0.778308 
140824113086765 0.460327 -0.866592 1.167795 
140824132962806 0.361790 -0.556068 1.086968 
140824152838848 0.408129 0.188818 0.574044 
140824172714890 0.396544 0.667121 0.091746 
140824192590931 0.266982 0.811731 -0.368981 
140824212466973 0.002530 0.912531 -0.723580 
140824232343015 -0.187620 0.628506 -0.692688 
140824252219056 -0.135688 0.180163 -0.645949 
140824272095098 0.008788 0.476705 -0.484429 
140824291971140 0.074968 1.097221 -0.286556 
140824311847181 -0.175635 1.137835 -0.274439 
140824331723223 -0.817457 0.526773 -0.288686 
140824351599265 -1.191098 -0.146341 -0.171507 
140824371475306 -0.900015 -0.434361 -0.035287 
140824391351348 0.022237 -0.658866 0.443815 
140824411227390 0.698680 -0.515321 0.861931 
140824431103431 0.236755 -0.339952 0.698413 
140824450979473 -0.365785 -0.012783 0.644351 
140824470855515 -0.617054 -0.105062 0.841292 
140824490730515 -0.977113 -1.028645 1.085371 
140824510605515 -1.386840 -2.547179 1.166996 
140824530480515 -2.117078 -4.042276 0.993092 
140824550355515 -2.412156 -3.970903 0.735431 
140824570230515 -1.982722 -3.432679 0.344346 
140824590105515 -1.750894 -2.407895 0.027297 
140824609980515 -1.670067 -1.044092 0.052065 
140824629855515 -1.292431 -0.834501 0.378302 
140824649730515 -0.515188 -0.886433 0.533697 
140824669605515 0.365385 -0.383362 0.080294 
140824689480515 1.032906 0.030893 -0.291216 
140824709355515 1.295227 0.288820 -0.654738 
140824729230515 0.955941 0.100135 -1.143827 
140824749105515 -0.278433 -1.201751 -0.860999 
140824768980515 -1.111203 -2.725211 0.147406 
140824788855515 -1.825596 -2.217213 0.675910 
140824808731035 -1.500557 0.017976 0.455533 
140824828607077 0.993625 2.819087 0.886033 
140824848483119 1.735448 3.448924 1.556617 
140824868359160 -0.429434 1.311872 1.272724 
140824888235202 0.877111 2.090713 0.183625 
140824908111244 2.789926 0.665657 -0.717056 
140824927987285 4.173570 1.172722 -2.257294 
140824947863327 4.116845 0.584830 -3.141196 
140824967739369 1.492834 -0.680171 -3.247190 
140824987615410 -0.587093 0.167646 -2.130128 
140825007491452 -0.447810 0.646216 -1.567136 
140825027367494 0.144610 0.898816 -1.260340 
140825047243535 0.680171 1.583115 -0.887631 
140825067119577 0.835566 1.927461 -0.299872 
140825086995619 0.548211 1.780455 0.359526 
140825106871660 0.066712 1.540504 1.172988 
140825126747702 -0.522246 1.544100 2.030259 
140825146623744 -0.651009 1.153681 1.854624 
140825166499785 -0.052331 0.787097 0.992559 
140825186375827 0.506400 0.802144 -0.066446 
140825206251869 0.492019 0.651542 -1.123986 
140825226127910 -0.007324 0.229032 -1.541969 
140825246003952 -0.460327 0.105062 -1.299888 
140825265879994 -0.198006 0.099602 -0.978178 
140825285756035 -0.225436 0.745019 -0.403868 
140825305632077 -1.038499 0.912531 -0.175635 
140825325508119 -1.743038 0.720518 -0.053529 
140825345384160 -1.640639 0.161121 -0.150335 
140825365260202 -0.838762 -1.086169 -0.025833 
140825385136244 0.240616 -1.676325 0.785632 
140825405012285 1.267930 -1.676459 1.126250 
140825424888327 0.648346 -1.041428 0.882704 
140825444764369 -0.402670 -0.414254 0.848083 
140825464640410 -1.058206 -1.540105 1.019058 
140825484516452 -1.965278 -3.872500 1.044225 
140825504392494 -2.639723 -4.659330 0.963265 
140825524268535 -2.429866 -3.808850 0.783102 
140825544144577 -2.111752 -2.822283 0.387090 
140825564020619 -1.559013 -2.201500 -0.038749 
140825583896660 -0.883902 -1.934253 0.160189 
140825603772702 -0.096007 -1.624128 0.477771 
140825623648744 0.663926 -0.939563 0.247274 
140825643524785 1.161803 -0.338488 0.074835 
140825663400827 1.438905 -0.055261 -0.137020 
140825683276869 1.065397 -0.040746 -0.727575 
140825703152910 -0.101067 -0.619584 -0.645283 
140825723028952 -0.985236 -1.747166 0.695484 
140825742903952 -1.764210 -2.090713 1.325055 
140825762778952 -2.078862 -1.066728 0.476040 
140825782653952 -0.478437 0.428769 0.032624 
140825802528952 1.279648 3.239467 -0.029694 
140825822403952 2.165681 3.731885 0.619051 
140825842278952 0.404800 0.935568 0.933038 
140825862153952 0.769520 2.654637 0.447810 
140825882028952 2.205761 2.010153 -0.193745 
140825901903952 3.388470 2.331463 -1.581118 
140825921778952 3.984752 2.420945 -2.760098 
140825941653952 2.896052 0.950348 -3.342265 
140825961528952 0.401072 0.088017 -2.190049 
140825981403952 -0.471912 0.672581 -1.128381 
140826001278952 0.058856 1.497095 -0.580302 
140826021153952 0.608266 2.165947 -0.088151 
140826041028952 0.586827 2.586327 0.196674 
140826060903952 -0.150468 2.180195 0.589757 
140826080779994 -0.823049 1.872467 0.661928 
140826100656035 -0.675244 2.219344 0.322775 
140826120532077 0.056992 1.617869 0.105594 
140826140408119 0.498410 0.376837 0.025167 
140826160284160 0.475241 0.086686 -0.280963 
140826180160202 0.093743 0.232627 -0.443017 
140826200036244 -0.195609 0.737961 -0.422377 
140826219912285 -0.176434 1.108007 -0.333428 
140826239788327 0.123171 0.895487 -0.254997 
140826259664369 0.114516 1.128514 -0.111453 
140826279540410 -0.570049 1.211072 -0.198272 
140826299416452 -1.297624 0.521846 -0.308261 
140826319292494 -1.412406 0.039681 -0.412923 
140826339168535 -0.857005 -1.199886 -0.462458 
140826359044577 0.250870 -2.373274 0.062984 
140826378920619 1.280713 -2.254231 0.808668 
140826398796660 1.176717 -2.043575 0.838762 
140826418672702 0.195476 -0.406398 0.812397 
140826438548744 -0.614524 -0.638226 1.287904 
140826458424785 -2.281928 -4.047869 1.793105 
140826478300827 -3.737211 -4.467050 1.864211 
140826498176869 -3.416301 -2.834666 1.362605 
140826518052910 -2.540654 -2.740391 0.847018 
140826537928952 -2.046238 -2.087384 0.435693 
140826557804994 -1.408412 -1.741573 0.379900 
140826577681035 -0.624111 -1.524126 0.529836 
140826597557077 0.224105 -1.044092 0.309060 
140826617433119 0.927578 -0.494815 -0.042078 
140826637309160 1.337838 -0.215050 -0.205862 
140826657185202 1.545831 -0.105062 -0.468849 
140826677061244 1.265400 -0.267514 -0.893090 
140826696937285 0.150202 -0.996954 -0.849814 
140826716813327 -0.999617 -1.301486 0.200136 
140826736689369 -1.458612 -1.654354 1.134373 
140826756565410 -1.611078 -0.954609 0.508797 
140826776441452 -0.299739 0.662594 -0.035686 
140826796317494 1.736247 3.476089 -0.128631 
140826816193535 2.736396 3.730420 0.349540 
140826836069577 0.698547 0.342216 0.591887 
140826855945619 0.669784 2.482464 0.043676 
140826875821660 2.351969 2.391384 -0.521979 
140826895697702 3.258775 1.445163 -1.622263 
140826915573744 3.379682 1.345029 -2.694451 
140826935448744 2.373940 0.844221 -3.171157 
140826955323744 0.713860 0.512259 -2.363420 
140826975198744 -0.248473 0.829840 -1.608948 
140826995073744 -0.073903 1.936383 -1.106409 
140827014948744 0.294146 2.587126 -0.505867 
140827034823744 0.343414 2.812030 0.019042 
140827054698744 0.029694 2.274737 0.553138 
140827074573744 -0.529170 1.727325 1.016395 
140827094448744 -0.612527 1.796034 1.047021 
140827114323744 -0.109589 1.496562 0.454868 
140827134198744 0.305198 0.819321 0.139283 
140827154073744 0.384161 0.384427 -0.141813 
140827173948744 0.196275 0.402270 -0.400672 
140827193823744 -0.106793 0.515987 -0.464189 
140827213698744 -0.240350 0.858869 -0.314120 
140827233573744 -0.011452 0.526373 -0.165249 
140827253448744 0.054328 0.383229 -0.087618 
140827273324265 -0.668453 0.484961 -0.147672 
140827293200306 -1.508546 -0.212786 -0.231961 
140827313076348 -1.473260 -0.887231 -0.398142 
140827332952390 -0.212254 -2.398175 -0.233293 
140827352828431 1.476855 -3.043591 0.621182 
140827372704473 1.516137 -3.302983 0.845287 
140827392580515 0.211455 -2.281395 0.619051 
140827412456556 -0.630503 -2.501905 1.136237 
140827432332598 -3.356380 -6.264549 2.210422 
140827452208640 -4.730969 -3.602722 2.523476 
140827472084681 -4.436424 -2.107491 1.982988 
140827491960723 -4.209656 -2.040779 1.794037 
140827511836765 -3.887014 -1.753557 1.463273 
140827531712806 -2.922418 -2.100434 0.912398 
140827551588848 -1.928260 -2.301236 0.465787 
140827571464890 -0.853809 -2.195375 0.230363 
140827591340931 0.357929 -1.843439 -0.118244 
140827611216973 1.205479 -1.440370 -0.438489 
140827631093015 1.335707 -1.072854 -0.673912 
140827650969056 0.596281 -0.510927 -0.825446 
140827670845098 0.287089 -0.749147 -0.366318 
140827690721140 0.737029 -2.159955 0.572712 
140827710597181 -0.683500 -1.328517 0.151267 
140827730473223 -1.325321 1.475523 -0.523178 
140827750349265 0.605336 3.389003 0.124636 
140827770225306 0.697481 1.315734 0.465121 
140827790101348 0.547146 1.635180 0.043409 
140827809977390 1.499492 2.086186 -0.054062 
140827829853431 2.371277 1.844637 -0.352070 
140827849729473 3.488872 2.583264 -0.914662 
140827869605515 3.818438 2.673279 -1.731187 
140827889481556 3.972768 2.761297 -2.343580 
140827909357598 3.989279 2.227200 -2.348241 
140827929233640 3.119092 0.865660 -1.640772 
140827949109681 1.149419 1.053013 -0.829974 
140827968985723 0.045806 1.436109 -0.519449 
140827988861765 -0.133291 1.789510 -0.503737 
140828008737806 -0.220909 2.205096 -0.571248 
140828028613848 -0.302535 2.577672 -0.511460 
140828048489890 -0.223572 2.558497 -0.301203 
140828068365410 0.081892 1.908952 -0.088284 
140828088240410 0.233293 1.124253 0.074568 
140828108115410 0.065913 0.519715 0.043276 
140828127990410 -0.264718 0.343681 -0.034088 
140828147865410 -0.500807 0.544749 0.019574 
140828167740410 -0.546214 0.699212 0.133824 
140828187615410 -0.391351 1.009870 0.083756 
140828207490410 -0.498410 1.238103 -0.103996 
140828227365410 -0.950881 1.000149 -0.333694 
140828247240410 -1.298423 -0.535828 -0.471113 
140828267115410 -0.982573 -2.032523 -0.423176 
140828286990410 0.258593 -2.509628 -0.115981 
140828306865410 1.298423 -2.204829 0.441019 
140828326740410 0.612127 -2.086052 0.334759 
140828346615410 -0.333028 -0.974050 0.029561 
140828366490410 -0.123704 -0.507998 0.035819 
140828386365410 -0.174171 -1.802559 0.378701 
140828406240410 -0.621448 -3.591137 0.824914 
140828426115931 -1.862747 -5.379981 1.057141 
140828445991973 -2.737328 -4.349338 1.104945 
140828465868015 -2.765824 -3.263701 0.735964 
140828485744056 -2.382595 -3.232676 0.484029 
140828505620098 -1.974866 -2.779672 0.499742 
140828525496140 -1.349023 -2.413089 0.614391 
140828545372181 -0.625443 -2.232793 0.593884 
140828565248223 -0.081093 -1.532515 0.448476 
140828585124265 0.514789 -0.691356 0.135422 
140828605000306 0.972719 -0.282561 -0.288420 
140828624876348 0.897351 -0.025433 -0.767789 
140828644752390 0.526373 -0.125834 -0.882171 
140828664628431 0.210123 -0.980575 -0.405732 
140828684504473 -0.556334 -1.662211 -0.034621 
140828704380515 -1.083506 -0.504802 -0.364187 
140828724256556 -0.855407 0.334892 -0.311323 
140828744132598 -0.263653 1.850629 -0.137286 
140828764008640 1.635845 4.300602 0.344213 
140828783884681 1.892574 2.848914 0.808002 
140828803760723 0.744353 1.863013 0.789360 
140828823636765 0.895221 1.287238 0.622513 
140828843512806 1.581118 1.923467 -0.272308 
140828863388848 2.443848 3.238801 -1.352352 
140828883264890 2.381796 2.099768 -2.037716 
140828903140931 1.624793 1.141963 -2.554635 
140828923016973 1.067527 1.014930 -2.022004 
140828942893015 0.298141 1.004277 -1.076582 
140828962769056 -0.125035 1.731453 -0.634098 
140828982645098 -0.067378 2.570215 -0.430500 
140829002521140 -0.011318 3.294328 -0.357795 
140829022397181 -0.059921 3.323489 -0.168178 
140829042273223 -0.132492 2.494448 0.063783 
140829062149265 -0.111187 1.349955 0.278034 
140829082025306 0.119443 0.718787 0.159390 
140829101901348 0.422244 0.386025 0.121973 
140829121777390 0.542352 0.312921 0.143145 
140829141653431 0.417317 0.432364 0.138085 
140829161528952 0.138617 0.445147 0.097472 
140829181403952 -0.080028 0.445680 -0.059921 
140829201278952 -0.115981 0.585762 -0.092678 
140829221153952 -0.312921 1.009337 -0.017311 
140829241028952 -0.909868 1.194826 -0.056459 
140829260903952 -1.559413 0.550741 -0.183359 
140829280778952 -1.747965 -0.106660 -0.343947 
140829300653952 -0.919189 -2.215349 -0.583498 
140829320528952 1.011734 -4.231493 -0.155262 
140829340403952 1.916276 -3.765574 0.361258 
140829360278952 0.893224 -2.232393 0.359926 
140829380153952 0.058856 -0.229964 0.507731 
140829400028952 -0.574177 -1.306945 0.990562 
140829419903952 -2.792056 -5.677189 1.664341 
140829439778952 -4.162118 -4.059054 2.079262 
140829459653952 -3.796200 -1.222523 1.250620 
140829479528952 -2.639857 -2.408694 0.571647 
140829499403952 -2.062484 -2.748380 0.247807 
140829519278952 -1.500557 -2.616154 0.179497 
140829539154994 -0.722915 -2.681668 0.245011 
140829559031035 -0.134623 -2.416684 0.158325 
140829578907077 0.311323 -1.653689 -0.130362 
140829598783119 0.850080 -1.088034 -0.253133 
140829618659160 1.350887 -0.819055 -0.337156 
140829638535202 1.490038 -0.507998 -0.678440 
140829658411244 1.063533 -0.354333 -0.984037 
140829678287285 0.624644 -0.660330 -0.889628 
140829698163327 0.325438 -1.559812 -0.212920 
140829718039369 -0.480434 -1.570864 0.084156 
140829737915410 -1.473659 -0.366451 -0.136886 
140829757791452 -1.151950 0.803475 0.019707 
140829777667494 0.848749 3.718569 0.427837 
140829797543535 1.901762 3.444264 0.895754 
140829817419577 1.147156 2.130927 0.880840 
140829837295619 1.311206 2.063149 0.746750 
140829857171660 1.978594 2.470746 0.001731 
140829877047702 2.925347 3.426154 -0.889229 
140829896923744 2.920820 2.286988 -1.576191 
140829916799785 1.866741 1.071389 -2.037583 
140829936675827 1.162203 1.445696 -2.054228 
140829956551869 0.878843 1.793371 -1.473925 
140829976427910 0.526640 1.393098 -0.884302 
140829996303952 0.105727 1.684315 -0.651808 
140830016179994 -0.195210 2.661828 -0.685364 
140830036056035 -0.304799 3.240665 -0.680304 
140830055932077 -0.206927 2.871685 -0.372975 
140830075808119 0.108923 1.798964 0.000133 
140830095684160 0.435560 1.018525 0.219444 
140830115560202 0.464588 0.779374 0.196408 
140830135436244 0.127432 0.537692 0.083490 
140830155312285 -0.161920 0.579237 0.027963 
140830175188327 -0.075634 0.562193 0.013715 
140830195064369 0.117445 0.496812 0.010653 
140830214940410 0.129163 0.480967 -0.064182 
140830234816452 -0.233426 0.828509 -0.127432 
140830254692494 -0.913597 1.265001 -0.168445 
140830274568535 -1.481249 0.714925 -0.300404 
140830294444577 -1.668602 -0.139949 -0.365119 
140830314320098 -1.438106 -1.027580 -0.415453 
140830334195098 -0.426372 -2.872750 -0.260191 
140830354070098 0.903344 -3.792072 0.198272 
140830373945098 1.213602 -3.372891 0.388422 
140830393820098 0.552472 -2.180595 0.168578 
140830413695098 0.090681 -0.942625 -0.091613 
140830433570098 -0.051798 -1.585911 0.187220 
140830453445098 -1.121589 -4.956539 0.681236 
140830473320098 -2.412023 -5.656950 1.306945 
140830493195098 -3.078479 -2.496578 1.203748 
140830513070098 -3.043192 -1.847567 0.780971 
140830532945098 -2.534129 -2.714957 0.480967 
140830552820098 -1.775661 -3.177149 0.621581 
140830572695098 -0.941826 -2.937864 0.835566 
140830592570098 -0.060321 -2.170741 0.566321 
140830612445098 0.721317 -1.250620 0.177766 
140830632320098 1.231844 -0.507332 -0.158058 
140830652195098 1.382313 -0.067911 -0.614258 
140830672071140 1.080843 -0.101466 -0.876312 
140830691947181 0.867524 -0.514789 -0.723181 
140830711823223 0.394813 -1.531849 -0.281230 
140830731699265 -0.717455 -1.918939 -0.110388 
140830751575306 -1.417999 -0.338354 -0.296543 
140830771451348 -0.751544 1.624927 -0.012650 
140830791327390 1.176317 3.998068 0.418249 
140830811203431 1.588974 3.048651 0.716789 
140830831079473 0.711330 1.912947 0.512658 
140830850955515 1.162602 1.990578 0.094409 
140830870831556 2.359559 2.674877 -0.770452 
140830890707598 3.159705 2.450639 -1.675526 
140830910583640 2.811098 0.725711 -2.339186 
140830930459681 1.172722 -0.299472 -2.033455 
140830950335723 -0.111187 0.170043 -1.286439 
140830970211765 -0.227966 1.339569 -0.927445 
140830990087806 0.110521 2.394180 -0.703740 
140831009963848 0.445680 2.969289 -0.364453 
140831029839890 0.413988 2.957971 0.050733 
140831049715931 0.076965 2.046238 0.632633 
140831069591973 -0.066712 1.109206 0.960335 
140831089468015 0.078963 1.047554 0.798282 
140831109344056 0.305731 0.988565 0.376171 
140831129220098 0.458729 0.621714 -0.047804 
140831149096140 0.477504 0.574177 -0.490421 
140831168972181 0.209990 0.595216 -0.632633 
140831188848223 -0.100135 0.584697 -0.464588 
140831208724265 -0.163118 0.464988 -0.282162 
140831228600306 0.023036 0.184157 -0.359926 
140831248476348 0.060321 0.165515 -0.610130 
140831268352390 -0.499875 0.004661 -0.801611 
140831288228431 -1.052214 -0.862331 -0.797483 
140831308104473 -0.847284 -1.118527 -0.364986 
140831327980515 -0.270976 -1.050217 0.880174 
140831347856556 0.562193 -1.422793 1.777126 
140831367732598 0.979377 -1.743970 1.611344 
140831387608640 0.205729 -1.147156 1.386174 
140831407484681 -0.902411 -1.269927 1.256745 
140831427360723 -1.822533 -3.219227 1.187636 
140831447236765 -2.971020 -5.358542 0.974583 
140831467112806 -2.998850 -5.439103 0.786165 
140831486988848 -3.062766 -3.868904 0.379367 
140831506864890 -2.968490 -2.683799 0.339420 
140831526740931 -2.263819 -2.745184 0.739293 
140831546615931 -1.011335 -2.409094 0.626109 
140831566490931 0.188152 -1.675660 0.305065 
140831586365931 1.001614 -0.792423 -0.120375 
140831606240931 1.484844 -0.453403 -0.463523 
140831626115931 1.635579 -0.021572 -0.853942 
140831645990931 1.233442 0.462990 -1.310807 
140831665865931 -0.131960 0.794420 -1.102282 
140831685740931 -0.123171 -1.210406 0.193079 
140831705615931 -0.655670 -1.260606 0.714259 
140831725490931 -0.981774 1.031974 0.198272 
140831745365931 0.853010 4.259856 -0.168178 
140831765240931 2.055559 4.028960 0.135422 
140831785115931 0.560462 1.353684 0.279632 
140831804990931 0.923584 3.700459 -0.050334 
140831824865931 2.334259 3.834017 -0.429967 
140831844740931 3.193660 3.064231 -1.320661 
140831864615931 3.123619 1.886182 -1.911083 
140831884491973 1.522661 0.620383 -2.042243 
140831904368015 0.339686 1.122655 -1.493899 
140831924244056 -0.015579 1.647830 -0.851678 
140831944120098 0.077897 2.419613 -0.454868 
140831963996140 0.160322 3.303249 -0.274971 
140831983872181 0.083357 4.263585 -0.117578 
140832003748223 -0.115714 3.898066 0.177633 
140832023624265 -0.229032 2.528536 0.279499 
140832043500306 -0.184157 1.492168 0.095741 
140832063376348 0.088816 0.796551 -0.227034 
140832083252390 0.394281 0.511060 -0.447144 
140832103128431 0.289885 0.530634 -0.547679 
140832123004473 -0.082691 0.479502 -0.711596 
140832142880515 -0.192147 0.369513 -0.841292 
140832162756556 0.149137 -0.037950 -0.592952 
140832182632598 0.103730 0.311590 -0.189484 
140832202508640 -0.879242 0.814794 -0.076300 
140832222384681 -1.820402 0.333561 0.005459 
140832242260723 -1.531982 -0.701077 0.118244 
140832262136765 -0.072305 -2.130661 1.030509 
140832282012806 1.874198 -2.964762 1.996837 
140832301888848 1.323990 -2.720550 1.718537 
140832321764890 -0.366584 -2.611094 1.410276 
140832341640931 -3.730553 -7.027278 1.926130 
140832361516973 -5.587707 -5.242296 2.531999 
140832381393015 -4.786629 -2.626541 2.153297 
140832401269056 -4.478768 -1.341833 2.018941 
140832421145098 -3.884484 -0.985236 1.459944 
140832441021140 -2.856904 -1.706020 0.756204 
140832460897181 -1.606151 -2.297641 0.359926 
140832480773223 -0.135688 -2.579136 0.043010 
140832500649265 1.167529 -2.434926 -0.382563 
140832520525306 1.828791 -1.786048 -0.723580 
140832540401348 1.901362 -1.182176 -1.029977 
140832560277390 0.823049 -0.661795 -1.119725 
140832580153431 0.004794 0.197340 -0.749280 
140832600029473 1.421594 -1.645433 0.321843 
140832619905515 0.448343 -1.574460 0.074568 
140832639781556 -0.737162 0.142346 -0.753275 
140832659657598 -0.376304 2.668885 -1.083906 
140832679533640 1.606551 5.071853 -0.483097 
140832699409681 1.139300 0.602140 1.253016 
140832719285723 0.788695 2.710830 0.510128 
140832739161765 2.280996 3.429883 0.243812 
140832759037806 2.798581 1.175119 -0.303866 
140832778913327 3.723230 2.368214 -1.557948 
140832798788327 4.106858 2.199237 -2.804040 
140832818663327 2.959435 1.205213 -3.732950 
140832838538327 0.956474 1.127582 -2.913896 
140832858413327 -0.018243 1.288037 -1.650759 
140832878288327 0.045141 1.886049 -0.907338 
140832898163327 0.349007 2.330531 -0.307462 
140832918038327 0.348608 2.854640 0.013183 
140832937913327 0.008522 2.660230 0.360459 
140832957788327 -0.541154 1.928926 0.700278 
140832977663327 -0.855274 1.645832 0.652075 
140832997538327 -0.513990 1.480184 0.316650 
140833017413327 0.283493 0.987899 0.046472 
140833037288327 0.711463 0.264452 -0.058856 
140833057163327 0.647281 0.102532 -0.066712 
140833077038327 0.165515 0.321576 0.037684 
140833096913327 -0.390020 0.654338 -0.058856 
140833116788848 -0.573112 0.740758 -0.306396 
140833136664890 -0.617587 0.217314 -0.686429 
140833156540931 -0.784700 -0.712795 -1.063533 
140833176416973 -0.523178 -1.215998 -0.659265 
140833196293015 0.042078 -0.669385 0.243280 
140833216169056 0.376171 -1.374856 0.904675 
140833236045098 0.367782 -2.966626 0.670317 
140833255921140 -0.068576 -2.423075 0.502139 
140833275797181 0.113983 -2.302701 0.434761 
140833295673223 0.135821 -3.185272 0.670051 
140833315549265 -0.827577 -5.699427 1.022120 
140833335425306 -2.801377 -6.973882 1.664741 
140833355301348 -3.309641 -3.997135 1.668469 
140833375177390 -3.297657 -2.856371 1.428519 
140833395053431 -3.023884 -2.537991 1.278982 
140833414929473 -2.106026 -2.785265 1.023718 
140833434805515 -0.866858 -2.927078 0.518517 
140833454681556 0.150069 -2.663958 0.126101 
140833474557598 0.857804 -1.922135 -0.115981 
140833494433640 1.253150 -1.319995 -0.252201 
140833514309681 1.069924 -0.636096 -0.641688 
140833534185723 0.674578 0.291083 -1.017460 
140833554061765 0.666189 -0.160722 -0.521180 
140833573937806 0.231562 -2.615355 0.662993 
140833593813848 -1.499492 -3.321892 0.762995 
140833613689890 -2.975814 -0.780172 0.694685 
140833633565931 -0.910667 4.534960 0.746217 
140833653441973 0.920255 4.419113 1.111070 
140833673318015 0.278966 2.155827 0.511060 
140833693194056 1.356746 2.128264 -0.280431 
140833713070098 3.315633 3.506449 -1.588708 
140833732946140 4.580368 3.220691 -2.835599 
140833752822181 4.202332 1.289901 -3.862247 
140833772698223 1.331713 -0.873117 -3.156110 
140833792574265 -0.748081 -0.515055 -2.013215 
140833812450306 -0.405599 0.733168 -1.608415 
140833832326348 0.292015 1.740508 -1.276452 
140833852202390 0.541687 2.878076 -0.702675 
140833872078431 0.684831 3.865975 -0.285890 
140833891954473 0.708933 4.147204 0.191747 
140833911830515 0.231695 2.538523 0.991228 
140833931706556 -0.572979 0.728907 1.488440 
140833951582598 -1.036502 0.166980 1.307212 
140833971458640 -0.411325 0.205862 0.368714 
140833991334681 0.526773 0.478570 -0.203066 
140834011210723 0.716789 0.083357 -0.242347 
140834031086765 0.208925 -0.112652 -0.432098 
140834050961765 -0.344613 0.485760 -1.052614 
140834070836765 -0.524909 1.044358 -1.028778 
140834090711765 -0.783102 0.350871 -0.770052 
140834110586765 -0.941427 -0.677774 -0.621182 
140834130461765 -0.363521 -0.778841 -0.153931 
140834150336765 0.420113 -0.976048 0.864595 
140834170211765 0.750878 -1.758351 1.025982 
140834190086765 0.220909 -1.254747 0.630769 
140834209961765 -0.167380 -0.363388 0.435160 
140834229836765 -0.433829 -1.017726 0.756337 
140834249711765 -1.045689 -3.025615 1.053679 
140834269586765 -2.624676 -5.736178 1.238502 
140834289461765 -3.101781 -4.790624 1.320661 
140834309336765 -2.507498 -4.198737 1.042227 
140834329211765 -2.295776 -3.697663 0.580702 
140834349086765 -1.855290 -3.002312 0.477371 
140834368962285 -0.763794 -2.976879 0.586960 
140834388838327 0.291083 -2.165148 0.354866 
140834408714369 0.874981 -1.387506 0.126367 
140834428590410 0.788695 -1.208808 -0.013316 
140834448466452 -0.003329 -0.110654 -0.474575 
140834468342494 -0.381231 0.878976 -0.391484 
140834488218535 0.001465 -0.415186 0.604803 
140834508094577 -0.978045 -0.199071 0.704006 
140834527970619 -1.218395 1.803358 0.065514 
140834547846660 1.129046 4.981173 0.147140 
140834567722702 1.187369 2.846118 0.727708 
140834587598744 0.375772 2.795651 0.402537 
140834607474785 1.945171 3.026281 -0.311989 
140834627350827 3.497527 3.547727 -1.564606 
140834647226869 4.141079 3.315100 -2.512025 
140834667102910 2.763960 1.231578 -2.415219 
140834686978952 0.604138 0.768588 -1.500956 
140834706854994 -0.205995 1.469132 -0.976181 
140834726731035 0.132892 2.028661 -0.725977 
140834746607077 0.548078 2.819353 -0.426105 
140834766483119 0.703873 3.516835 -0.264052 
140834786359160 0.584697 3.549059 -0.011052 
140834806235202 0.253266 2.469947 0.453003 
140834826111244 -0.089615 1.058339 0.513058 
140834845987285 -0.168711 0.667787 0.082425 
140834865863327 0.076433 0.939296 -0.209324 
140834885739369 0.237287 1.105211 -0.351404 
140834905615410 0.117312 0.753674 -0.347409 
140834925491452 0.014781 0.232893 -0.617187 
140834945367494 0.357929 0.065114 -1.083240 
140834965243535 0.514789 0.629704 -1.240633 
140834985119577 -0.240750 1.015596 -0.800412 
140835004995619 -1.039830 -0.366850 -0.226901 
140835024871660 -0.768455 -1.188834 0.192946 
140835044747702 0.033023 -0.581501 1.280980 
140835064623744 0.333294 0.568984 2.170208 
140835084499785 -0.499609 1.270993 1.837180 
140835104375827 -1.671665 1.665273 1.826794 
140835124251869 -1.992975 1.248888 2.089381 
140835144127910 -1.693769 -0.499875 2.088583 
140835164003952 -1.339436 -2.630535 1.438905 
140835183879994 -1.439171 -4.835764 0.513857 
140835203756035 -2.257959 -5.865342 -0.063117 
140835223632077 -3.327085 -2.614690 -0.967126 
140835243508119 -3.124552 -0.774047 -0.921853 
140835263384160 -2.015213 -0.947552 -0.085754 
140835283259160 -0.807603 -1.237304 0.504535 
140835303134160 0.170043 -0.977779 0.400406 
140835323009160 0.791890 -0.414920 0.003595 
140835342884160 1.330115 -0.041945 -0.032757 
140835362759160 1.478719 0.161787 -0.185622 
140835382634160 0.044342 0.217713 -0.948218 
140835402509160 -2.178597 -0.381764 -1.086702 
140835422384160 -2.105893 -1.123054 -0.417850 
140835442259160 -0.626242 -1.014530 0.009587 
140835462134160 1.216132 2.123204 0.321177 
140835482009160 3.339735 4.074234 1.096556 
140835501884160 -0.232361 -0.216515 1.229048 
140835521759160 0.536760 2.750244 0.102532 
140835541634160 2.557032 2.264617 -0.277368 
140835561509160 3.979159 1.945704 -1.025449 
140835581384160 3.958253 1.513740 -1.684981 
140835601259681 2.518550 -0.006525 -2.564356 
140835621135723 0.882305 -0.380965 -2.838262 
140835641011765 0.149137 -0.560728 -2.066079 
140835660887806 0.125035 0.056992 -1.501755 
140835680763848 0.484961 0.915594 -1.221724 
140835700639890 0.738760 1.763278 -0.666722 
140835720515931 0.767123 2.371943 0.092811 
140835740391973 0.407330 3.083672 0.794820 
140835760268015 -0.408795 2.642253 1.713077 
140835780144056 -0.991627 1.005209 1.945038 
140835800020098 -0.505334 0.127432 0.858603 
140835819896140 0.243812 0.705604 -0.103597 
140835839772181 0.392816 0.314785 -0.674179 
140835859648223 0.319180 0.072305 -1.049684 
140835879524265 0.632101 -0.235157 -1.251285 
140835899400306 0.700810 0.160189 -0.766990 
140835919276348 -0.511193 1.082175 -0.170575 
140835939152390 -2.032124 0.896020 0.089748 
140835959028431 -2.505101 0.665657 0.477904 
140835978904473 -1.295893 -0.951946 0.663393 
140835998780515 1.299355 -3.469430 0.953944 
140836018656556 2.420146 -3.498592 0.885234 
140836038532598 0.178565 -0.966860 0.639158 
140836058408640 -0.473110 -0.899881 1.124519 
140836078284681 -0.931839 -3.901661 2.068076 
140836098160723 -3.232543 -6.635660 2.570614 
140836118036765 -4.389818 -4.192079 2.380065 
140836137912806 -4.037216 -2.177798 1.671265 
140836157788848 -3.787145 -1.269395 1.085903 
140836177664890 -3.234806 -1.478320 0.746617 
140836197540931 -2.011484 -1.977129 0.398142 
140836217416973 -0.704272 -1.583115 -0.053796 
140836237293015 0.508264 -0.906406 -0.410260 
140836257169056 1.145691 -0.737029 -0.538491 
140836277045098 1.021455 -0.794021 -0.559397 
140836296921140 0.418649 -0.474442 -0.578039 
140836316797181 -0.011984 -1.470596 -0.029694 
140836336673223 -0.513058 -2.286189 0.516786 
140836356549265 -1.301885 -1.372725 0.162053 
140836376425306 -1.477388 -0.324506 0.227700 
140836396301348 -0.632500 3.149718 0.675777 
140836416177390 0.533830 2.983804 1.043026 
140836436053431 0.183359 0.969789 0.380299 
140836455929473 1.448759 1.166730 -0.105994 
140836475804994 2.333194 0.884302 -0.833436 
140836495679994 4.240149 3.240266 -2.013615 
140836515554994 5.308342 2.874348 -2.989130 
140836535429994 5.303814 2.244777 -3.591137 
140836555304994 3.841208 1.151683 -2.889927 
140836575179994 -0.180562 0.387490 -1.303350 
140836595054994 -0.776843 1.748497 -0.532765 
140836614929994 0.131960 2.541320 -0.311989 
140836634804994 0.584697 2.814160 -0.175768 
140836654679994 0.103331 2.328400 0.190815 
140836674554994 -0.663792 1.869005 0.422643 
140836694429994 -1.003079 2.087384 0.411591 
140836714304994 -0.488024 1.681918 0.209191 
140836734179994 0.210656 0.786564 -0.022371 
140836754054994 0.463390 0.176967 -0.345279 
140836773929994 0.213053 0.236222 -0.616521 
140836793804994 -0.258859 0.694419 -0.954609 
140836813680515 -0.451805 0.861399 -1.136370 
140836833556556 -0.349273 0.354600 -0.867524 
140836853432598 -0.736363 0.413189 -0.393082 
140836873308640 -1.529186 -0.183359 -0.117845 
140836893184681 -1.768338 -0.778708 -0.202001 
140836913060723 -0.711064 -2.019074 -0.578438 
140836932936765 1.038233 -2.506033 0.086553 
140836952812806 1.914146 -2.085120 0.894955 
140836972688848 0.723713 -0.756603 0.960335 
140836992564890 -0.351537 0.245011 1.064731 
140837012440931 -1.013332 -1.359276 1.469398 
140837032316973 -2.107225 -4.534960 1.738510 
140837052193015 -3.123353 -5.470129 1.607616 
140837072069056 -2.836797 -4.800211 1.084705 
140837091945098 -2.568084 -4.220708 0.619584 
140837111821140 -2.369679 -2.962898 0.549676 
140837131697181 -1.849697 -2.275004 0.901613 
140837151573223 -0.887897 -1.559546 0.759932 
140837171449265 0.064715 -0.943158 0.364187 
140837191325306 0.941427 -0.827044 -0.010519 
140837211201348 1.516935 -0.637427 -0.464322 
140837231077390 1.246359 -0.279898 -1.049418 
140837250953431 -0.073636 0.025433 -1.006807 
140837270829473 -0.926646 -1.466868 0.226369 
140837290705515 -1.803891 -1.447827 0.823049 
140837310581556 -1.781254 -0.249139 0.096273 
140837330457598 -0.006924 2.046105 -0.831838 
140837350333640 2.998051 6.226865 -0.909069 
140837370209681 3.515370 2.828142 0.531433 
140837390085723 1.096289 1.898699 0.515321 
140837409961765 2.321875 5.647761 -0.362456 
140837429837806 3.217762 3.256111 -0.918390 
140837449713848 3.043858 1.140764 -1.782586 
140837469589890 1.201884 0.352469 -2.020539 
140837489465931 -0.055261 1.730920 -1.914678 
140837509341973 0.303467 1.907088 -1.468599 
140837529218015 0.857404 1.038099 -0.988831 
140837549094056 1.140764 0.416119 -0.628372 
140837568970098 1.037966 0.378435 -0.263520 
140837588846140 0.775112 0.966993 0.020506 
140837608722181 0.188152 1.542901 0.381231 
140837628597181 -0.517984 1.327585 0.502938 
140837648472181 -0.562193 0.995223 0.185356 
140837668347181 -0.062185 1.228116 0.097072 
140837688222181 0.265783 1.256612 0.031425 
140837708097181 0.092278 1.206677 -0.206395 
140837727972181 -0.300005 1.210006 -0.479235 
140837747847181 -0.487891 1.135038 -0.308926 
140837767722181 -0.411059 0.945155 -0.153531 
140837787597181 -0.782303 1.043426 -0.140482 
140837807472181 -1.548760 0.656069 -0.461525 
140837827347181 -2.064348 -0.139949 -1.006541 
140837847222181 -1.194826 -2.123070 -1.119858 
140837867097181 0.939696 -3.114032 -0.074169 
140837886972181 2.198172 -2.844254 0.868989 
140837906847181 0.655803 -1.508946 0.954343 
140837926722181 -0.286955 1.119992 0.820519 
140837946597181 -0.372176 0.176967 1.108540 
140837966472181 -1.089232 -2.562092 1.749696 
140837986348223 -2.460360 -4.777708 1.961150 
140838006224265 -3.559712 -4.294877 1.743837 
140838026100306 -3.340134 -2.850779 1.272191 
140838045976348 -2.361290 -3.024683 0.773248 
140838065852390 -1.615073 -3.053312 0.492551 
140838085728431 -1.381913 -2.283526 0.607067 
140838105604473 -0.935834 -2.073136 0.764859 
140838125480515 -0.207593 -1.860882 0.445680 
140838145356556 0.448875 -1.238635 0.019974 
140838165232598 0.948484 -0.511859 -0.313720 
140838185108640 1.103746 -0.110654 -0.692954 
140838204984681 0.536760 -0.169776 -0.997486 
140838224860723 -0.074036 -1.181511 -0.508530 
140838244736765 -0.068310 -2.464621 0.489489 
140838264612806 -1.004144 -1.071389 0.566321 
140838284488848 -1.235839 -0.021305 0.148604 
140838304364890 -0.509862 0.802676 0.274838 
140838324240931 0.379900 2.866758 0.474974 
140838344116973 0.588691 2.158757 0.747682 
140838363993015 0.237287 1.302019 0.262055 
140838383869056 1.084572 1.318397 -0.163118 
140838403745098 1.293363 0.810932 -0.936899 
140838423621140 2.758766 3.191663 -2.129196 
140838443497181 4.035751 3.012699 -2.910300 
140838463373223 4.258258 1.949699 -3.118959 
140838483249265 3.679154 1.281113 -2.489122 
140838503125306 0.783368 0.307462 -1.228515 
140838523001348 -0.651009 0.505068 -0.394414 
140838542877390 -0.122372 1.785648 -0.153797 
140838562753431 0.303467 2.280463 -0.155662 
140838582629473 0.336490 1.722798 0.019841 
140838602505515 0.120907 0.864861 0.313321 
140838622381556 -0.179364 0.668986 0.588824 
140838642257598 -0.371511 1.084572 0.546347 
140838662133640 -0.292948 1.175918 0.314120 
140838682009681 0.049268 0.936500 0.082957 
140838701885723 0.275903 0.778974 -0.101600 
140838721761765 0.183359 0.743155 -0.186554 
140838741637806 -0.067644 0.721317 -0.211854 
140838761513327 -0.339420 0.966460 -0.184291 
140838781388327 -0.572313 1.377253 -0.306130 
140838801263327 -0.688027 1.388571 -0.433695 
140838821138327 -0.834767 0.875247 -0.411858 
140838841013327 -1.007207 -0.103464 -0.570316 
140838860888327 -0.859002 -0.992027 -0.693487 
140838880763327 -0.200669 -0.967659 -0.363255 
140838900638327 0.614524 -0.759134 0.300138 
140838920513327 0.971121 -1.369796 0.612926 
140838940388327 0.212786 -1.361540 0.348741 
140838960263327 -0.281762 -0.230496 0.305864 
140838980138327 -0.452338 -0.631036 0.542352 
140839000013327 -0.811598 -1.992442 0.913064 
140839019888327 -1.190698 -3.235339 1.141430 
140839039763327 -1.678722 -3.913512 1.095757 
140839059638327 -2.191247 -3.512041 0.954876 
140839079513327 -2.129862 -2.901246 0.848482 
140839099388327 -1.871668 -2.739991 0.870187 
140839119263848 -1.546097 -2.146639 0.858736 
140839139139890 -1.103480 -1.739975 0.844887 
140839159015931 -0.555668 -1.534512 0.702142 
140839178891973 -0.023169 -1.123454 0.309725 
140839198768015 0.413056 -0.482964 -0.075634 
140839218644056 0.646881 0.020639 -0.458330 
140839238520098 0.613991 -0.009587 -0.771917 
140839258396140 0.402537 -0.684432 -0.989364 
140839278272181 0.178565 -1.491635 -0.883902 
140839298148223 -0.114250 -1.860749 -0.284825 
140839318024265 -0.585096 -0.932372 0.330631 
140839337900306 -1.050217 0.054861 0.194544 
140839357776348 -0.760731 0.888297 -0.281363 
140839377652390 0.861266 3.306179 -0.286023 
140839397528431 2.742654 4.340417 0.489622 
140839417404473 1.236771 0.113717 1.404816 
140839437280515 -0.085221 0.944756 0.946354 
140839457156556 1.055943 2.161952 0.224238 
140839477032598 2.232793 1.884984 -0.859801 
140839496908640 2.749845 1.770734 -2.031325 
140839516784681 1.727458 0.944223 -2.893123 
140839536660723 0.569916 1.165931 -3.024949 
140839556536765 0.218645 0.740225 -1.985785 
140839576412806 0.138617 0.154730 -1.176717 
140839596288848 0.327702 0.321044 -0.558997 
140839616164890 0.544350 0.876579 -0.099735 
140839636040931 0.605736 1.641172 0.000666 
140839655916973 0.334493 1.913480 0.331963 
140839675793015 -0.357929 1.802692 0.761797 
140839695669056 -0.787896 1.701359 0.769786 
140839715545098 -0.452338 1.678856 0.369913 
140839735421140 0.164716 1.167928 0.103996 
140839755297181 0.548744 0.508530 0.042211 
140839775173223 0.601474 0.285757 0.036752 
140839795049265 0.384161 0.328900 0.089083 
140839814925306 0.070174 0.411325 0.106793 
140839834801348 -0.123038 0.638093 0.004527 
140839854676869 -0.153531 1.071256 -0.246609 
140839874551869 -0.175236 1.063932 -0.336490 
140839894426869 -0.450340 0.880440 -0.215849 
140839914301869 -0.823848 0.661795 -0.359926 
140839934176869 -1.101083 0.237687 -0.487092 
140839954051869 -1.140098 -0.612527 -0.622913 
140839973926869 -0.401338 -1.633848 -0.588691 
140839993801869 0.558464 -1.536376 0.069109 
140840013676869 0.716257 -1.288570 0.611062 
140840033551869 0.458995 -1.227450 0.384161 
140840053426869 0.270710 -0.662061 0.057391 
140840073301869 -0.024368 -1.168461 0.209724 
140840093176869 -0.329033 -2.250236 0.654604 
140840113051869 -0.711729 -3.540803 1.071922 
140840132926869 -1.478186 -4.841490 1.223189 
140840152801869 -2.097504 -3.922301 1.152216 
140840172676869 -2.231061 -2.473010 0.949017 
140840192551869 -1.959020 -2.011218 0.984437 
140840212426869 -1.517468 -1.599094 1.066995 
140840232302910 -1.008139 -1.253948 1.060869 
140840252178952 -0.335025 -1.174320 0.835300 
140840272054994 0.141680 -0.849148 0.519449 
140840291931035 0.543151 -0.225836 0.078963 
140840311807077 0.898816 0.358062 -0.428635 
140840331683119 1.081642 0.575375 -0.849415 
140840351559160 0.994823 0.194011 -1.214933 
140840371435202 0.569117 -0.673646 -1.214001 
140840391311244 -0.222640 -1.640107 -0.811331 
140840411187285 -0.971121 -2.348374 0.108257 
140840431063327 -1.304682 -1.463273 0.592952 
140840450939369 -1.211471 0.234757 0.066978 
140840470815410 -0.305864 1.688975 -0.269245 
140840490691452 1.172189 3.395661 -0.053396 
140840510567494 1.892308 3.299787 0.634364 
140840530443535 0.120641 0.716257 1.260873 
140840550319577 0.153664 2.541453 0.823582 
140840570195619 1.579120 2.270876 0.041146 
140840590071660 2.650509 1.506416 -1.257943 
140840609947702 2.822549 0.949150 -2.311356 
140840629823744 1.200419 0.225170 -2.722015 
140840649699785 0.075634 0.440487 -1.938514 
140840669575827 -0.175502 0.272175 -1.037833 
140840689451869 0.089083 0.558198 -0.510794 
140840709327910 0.390952 1.113866 -0.144210 
140840729203952 0.555934 1.821201 -0.001997 
140840749079994 0.322908 1.889245 0.308793 
140840768956035 -0.116513 1.370994 0.582966 
140840788832077 -0.327302 1.295494 0.494682 
140840808708119 -0.271243 1.468599 0.207726 
140840828584160 0.115182 1.193761 0.002264 
140840848460202 0.485094 0.630769 -0.075900 
140840868336244 0.504535 0.379766 -0.094542 
140840888212285 0.189351 0.441419 -0.088550 
140840908088327 -0.116913 0.535428 -0.028363 
140840927963848 -0.202001 0.734100 -0.029428 
140840947838848 -0.094675 1.048619 -0.176967 
140840967713848 0.030360 0.945555 -0.213053 
140840987588848 -0.236489 0.971654 -0.191881 
140841007463848 -0.753275 0.825713 -0.326237 
140841027338848 -0.989763 0.179097 -0.400672 
140841047213848 -0.880840 -0.506400 -0.458330 
140841067088848 -0.413988 -1.254481 -0.489888 
140841086963848 0.150069 -1.197889 -0.058190 
140841106838848 0.490154 -0.949549 0.517851 
140841126713848 0.580436 -1.459278 0.799880 
140841146588848 0.282961 -1.143960 0.615989 
140841166463848 -0.112785 -0.455267 0.505068 
140841186338848 -0.543151 -1.117462 0.717056 
140841206213848 -1.006940 -2.564223 0.970988 
140841226088848 -1.639707 -3.851594 0.890960 
140841245963848 -1.994972 -4.009386 0.720251 
140841265838848 -1.770069 -3.533879 0.616655 
140841285713848 -1.702291 -2.456365 0.574443 
140841305589369 -1.679921 -1.392166 0.697881 
140841325465410 -1.239967 -1.162336 0.881373 
140841345341452 -0.583099 -0.941427 0.815592 
140841365217494 0.071772 -0.567786 0.527172 
140841385093535 0.620916 -0.223705 0.176168 
140841404969577 0.949683 0.170708 -0.266449 
140841424845619 1.098287 0.633033 -0.672315 
140841444721660 1.163002 0.638226 -0.983904 
140841464597702 0.879242 -0.206395 -1.123054 
140841484473744 -0.216914 -1.429717 -0.916659 
140841504349785 -1.251019 -2.176467 -0.123970 
140841524225827 -1.266732 -1.841175 0.646881 
140841544101869 -0.767922 -0.531833 0.504269 
140841563977910 0.007856 1.168594 0.236622 
140841583853952 1.121723 3.483812 0.176567 
140841603729994 1.439171 3.145191 0.568718 
140841623606035 0.285624 1.384843 0.701476 
140841643482077 0.656469 2.432263 0.463257 
140841663358119 1.808684 2.070340 0.108124 
140841683234160 2.548643 1.496163 -0.767922 
140841703110202 2.470080 0.997753 -1.672863 
140841722986244 1.180046 0.573911 -2.363021 
140841742862285 0.270976 1.253549 -2.197106 
140841762738327 -0.006924 1.163135 -1.266332 
140841782614369 0.112252 0.982972 -0.577240 
140841802490410 0.344480 1.052081 -0.103730 
140841822366452 0.505334 1.182975 -0.018376 
140841842242494 0.327302 1.013998 0.027031 
140841862118535 -0.092012 0.919722 0.020373 
140841881994577 -0.295744 1.288570 -0.072305 
140841901870619 -0.107725 1.388837 -0.110122 
140841921746660 0.155795 1.029844 0.027297 
140841941622702 0.256595 0.696283 0.180030 
140841961498744 0.249139 0.641422 0.239418 
140841981374785 0.158058 0.637560 0.247407 
140842001250827 0.053396 0.579370 0.245943 
140842021125827 -0.035953 0.570715 0.178032 
140842041000827 -0.127432 0.702142 0.021705 
140842060875827 -0.221042 0.903477 -0.113451 
140842080750827 -0.259392 0.857271 -0.216914 
140842100625827 -0.320112 0.720784 -0.263786 
140842120500827 -0.512924 0.594550 -0.297608 
140842140375827 -0.697748 0.203732 -0.320778 
140842160250827 -0.640223 -0.353668 -0.337023 
140842180125827 -0.299605 -0.815060 -0.279765 
140842200000827 0.111453 -0.473243 0.037284 
140842219875827 0.309859 -0.152200 0.407064 
140842239750827 0.299206 -0.587759 0.624644 
140842259625827 0.025966 -0.601075 0.540888 
140842279500827 -0.324373 -0.322908 0.440886 
140842299375827 -0.460327 -1.037167 0.474708 
140842319250827 -0.480833 -2.230795 0.635563 
140842339125827 -0.662993 -3.379416 0.741157 
140842359000827 -1.318663 -4.327101 0.724379 
140842378875827 -1.730654 -3.821234 0.729040 
140842398751869 -1.688177 -2.730937 0.672980 
140842418627910 -1.657018 -1.544233 0.774846 
140842438503952 -1.358611 -0.741024 0.936367 
140842458379994 -0.623712 -0.495081 0.979244 
140842478256035 0.157260 -0.224105 0.802277 
140842498132077 0.641156 0.291083 0.428769 
140842518008119 0.876046 0.825180 -0.145542 
140842537884160 0.977513 1.007873 -0.654072 
140842557760202 0.969257 0.761663 -1.046488 
140842577636244 0.810000 0.059388 -1.269128 
140842597512285 0.096140 -0.898150 -1.232377 
140842617388327 -0.927179 -1.765541 -0.606268 
140842637264369 -1.233176 -1.454218 0.251269 
140842657140410 -0.745551 0.070973 0.193212 
140842677016452 -0.211588 1.049285 -0.305464 
140842696892494 0.619184 2.484594 -0.690424 
140842716768535 1.730254 3.148520 -0.544217 
140842736644577 1.300953 0.646082 0.282827 
140842756520619 0.026232 -0.062984 0.459395 
140842776396660 0.832104 1.997502 0.036618 
140842796272702 2.021471 1.814011 -0.510528 
140842816148744 2.087384 0.571114 -1.234907 
140842836024785 0.938897 0.043010 -1.596697 
140842855900827 -0.225170 0.409594 -1.225852 
140842875776869 -0.576840 0.583365 -0.779374 
140842895652910 -0.339286 0.684032 -0.476306 
140842915528952 0.054994 0.796151 -0.241815 
140842935404994 0.335292 0.980975 -0.088017 
140842955281035 0.398542 0.882837 0.037551 
140842975157077 0.215316 0.568451 0.147406 
140842995033119 -0.008123 0.466719 0.080294 
140843014909160 -0.012916 0.726110 -0.003595 
140843034785202 0.124503 1.006008 0.026365 
140843054661244 0.226369 1.059804 0.125568 
140843074537285 0.232627 0.896286 0.223306 
140843094413327 0.144210 0.662328 0.282162 
140843114288848 -0.033423 0.606934 0.280697 
140843134163848 -0.136753 0.653007 0.248739 
140843154038848 -0.142479 0.635030 0.192946 
140843173913848 -0.197074 0.542619 0.020773 
140843193788848 -0.276303 0.584297 -0.099602 
140843213663848 -0.185223 0.593219 -0.150069 
140843233538848 -0.153664 0.718654 -0.178032 
140843253413848 -0.470847 0.870454 -0.218246 
140843273288848 -0.760332 0.369513 -0.273640 
140843293163848 -0.789627 -0.562326 -0.344346 
140843313038848 -0.457664 -1.492701 -0.298673 
140843332913848 0.112785 -1.397626 -0.015446 
140843352788848 0.625310 -0.778708 0.281895 
140843372663848 0.577906 -0.666322 0.408928 
140843392538848 0.223839 -0.578571 0.325571 
140843412413848 0.058057 -0.497212 0.256329 
140843432288848 -0.137552 -0.962199 0.441552 
140843452163848 -0.228632 -1.736247 0.721849 
140843472038848 -0.283094 -2.663558 0.846352 
140843491914890 -0.698547 -3.908586 0.780306 
140843511790931 -1.492967 -4.416983 0.744752 
140843531666973 -1.820536 -3.193527 0.735298 
140843551543015 -1.931589 -1.659281 0.737029 
140843571419056 -1.606284 -0.887897 0.906007 
140843591295098 -0.875514 -0.604404 0.986967 
140843611171140 -0.061253 -0.178964 0.788295 
140843631047181 0.591887 0.140748 0.450607 
140843650923223 0.992826 0.509995 -0.070973 
140843670799265 1.187503 0.679372 -0.581767 
140843690675306 1.155678 0.366584 -1.021854 
140843710551348 0.587759 -0.290551 -1.274854 
140843730427390 -0.737562 -1.294961 -1.065530 
140843750303431 -1.408944 -1.830522 0.052464 
140843770179473 -1.013199 -1.227317 1.150085 
140843790055515 -0.804674 -0.376704 0.713061 
140843809931556 -0.115048 1.166064 -0.365519 
140843829807598 1.380582 3.672630 -0.967526 
140843849683640 2.555568 3.832153 -0.611861 
140843869559681 1.109605 -0.108391 0.383761 
140843889435723 0.058989 1.138367 0.215316 
140843909311765 0.954476 2.760498 -0.004394 
140843929187806 1.405482 1.646631 -0.121440 
140843949063848 0.900680 0.595216 -0.788828 
140843968939890 0.317848 0.464854 -1.461808 
140843988815931 -0.104795 0.231295 -1.377386 
140844008691973 -0.225436 0.037817 -1.036368 
140844028568015 0.062451 0.336623 -0.824248 
140844048444056 0.459794 0.707335 -0.570316 
140844068320098 0.717056 0.889628 -0.153132 
140844088196140 0.657933 0.840094 0.234358 
140844108072181 0.270710 0.558198 0.592952 
140844127948223 -0.065114 0.613991 0.647680 
140844147824265 -0.052464 0.999750 0.204930 
140844167700306 0.100934 1.097088 -0.109855 
140844187576348 0.227301 0.861798 -0.081360 
140844207452390 0.304799 0.581501 0.015313 
140844227328431 0.219311 0.521180 0.052864 
140844247204473 0.052065 0.630503 0.090681 
140844267079473 -0.051532 0.759932 0.183359 
140844286954473 -0.065647 0.774979 0.134756 
140844306829473 -0.111586 0.815326 0.002264 
140844326704473 -0.193212 0.842490 -0.145808 
140844346579473 -0.150069 0.538091 -0.266183 
140844366454473 -0.218779 0.430233 -0.294146 
140844386329473 -0.543684 0.548211 -0.285624 
140844406204473 -0.760865 0.193345 -0.296010 
140844426079473 -0.692022 -0.518517 -0.310791 
140844445954473 -0.296543 -1.167795 -0.172972 
140844465829473 0.105727 -0.820919 0.186022 
140844485704473 0.315052 -0.657135 0.328501 
140844505579473 0.295877 -0.513058 0.337555 
140844525454473 0.024102 -0.139150 0.274705 
140844545329473 -0.308926 -0.282162 0.254731 
140844565204473 -0.469515 -1.131709 0.387356 
140844585079473 -0.449674 -2.226800 0.547146 
140844604954994 -0.545149 -3.642802 0.642620 
140844624831035 -1.000948 -4.675842 0.642887 
140844644707077 -1.204946 -4.328433 0.555934 
140844664583119 -1.367266 -3.082340 0.471779 
140844684459160 -1.604287 -1.484578 0.577906 
140844704335202 -1.455150 -0.797616 0.880041 
140844724211244 -0.962333 -0.629970 1.070856 
140844744087285 -0.229697 -0.258193 0.988565 
140844763963327 0.403868 0.355798 0.655537 
140844783839369 0.854741 0.713194 0.162320 
140844803715410 1.057274 0.795352 -0.376304 
140844823591452 1.147023 0.710664 -0.828509 
140844843467494 1.041961 0.115048 -1.166863 
140844863343535 0.266982 -0.881506 -1.298157 
140844883219577 -1.128381 -1.541969 -1.019058 
140844903095619 -1.667937 -1.516536 0.227966 
140844922971660 -1.228382 -0.977246 0.620250 
140844942847702 -0.422377 0.256729 -0.007324 
140844962723744 0.835699 2.343846 -0.469115 
140844982599785 2.327601 4.008720 -0.454734 
140845002475827 2.008421 1.746899 0.158192 
140845022351869 0.294146 0.094143 0.268446 
140845042227910 0.712661 2.189783 0.073503 
140845062103952 1.353817 1.733583 0.005726 
140845081979994 0.953677 0.971920 -0.634231 
140845101856035 0.226502 0.995888 -1.337305 
140845121732077 -0.245410 1.123454 -1.491902 
140845141608119 -0.237554 0.959403 -1.096955 
140845161484160 -0.059388 0.780971 -0.767922 
140845181360202 0.115981 0.665790 -0.419314 
140845201236244 0.359660 0.513590 -0.071905 
140845221112285 0.484562 0.547679 0.090681 
140845240988327 0.403335 0.495348 0.267248 
140845260864369 0.252867 0.529569 0.383894 
140845280740410 0.209457 0.871386 0.280564 
140845300616452 0.212786 1.146889 0.034222 
140845320492494 0.158857 1.016128 0.022104 
140845340368535 0.139683 0.909069 0.122638 
140845360244577 0.177233 0.752342 0.221175 
140845380120619 0.162320 0.658333 0.280164 
140845399996140 0.086420 0.627840 0.282428 
140845419871140 0.020773 0.550342 0.249671 
140845439746140 -0.031692 0.486692 0.191348 
140845459621140 -0.040746 0.588425 0.103597 
140845479496140 -0.007191 0.797616 0.010919 
140845499371140 -0.012117 0.824647 -0.037151 
140845519246140 -0.213186 0.899349 -0.065780 
140845539121140 -0.619318 0.843289 -0.140881 
140845558996140 -0.966860 0.470314 -0.190283 
140845578871140 -1.023053 -0.183625 -0.272441 
140845598746140 -0.632900 -1.201484 -0.305198 
140845618621140 0.020373 -1.363804 0.010386 
140845638496140 0.574710 -1.009071 0.336357 
140845658371140 0.654738 -0.886566 0.331430 
140845678246140 0.191481 -0.329433 0.080028 
140845698121140 -0.161920 -0.198938 0.131560 
140845717996140 -0.358594 -1.201085 0.525308 
140845737871140 -0.436758 -2.338653 0.784300 
140845757747181 -0.531167 -3.471827 0.767123 
140845777623223 -1.054211 -4.514853 0.601741 
140845797499265 -1.435043 -3.996336 0.502671 
140845817375306 -1.593368 -2.602306 0.417450 
140845837251348 -1.636511 -1.342099 0.440220 
140845857127390 -1.302418 -0.880707 0.644218 
140845877003431 -0.667654 -0.882704 0.784034 
140845896879473 -0.055527 -0.545814 0.620516 
140845916755515 0.471379 -0.273373 0.388688 
140845936631556 0.808535 0.003329 -0.055660 
140845956507598 0.899216 0.032624 -0.554470 
140845976383640 0.679771 -0.548877 -0.794287 
140845996259681 0.104795 -1.310141 -0.783768 
140846016135723 -0.887897 -1.912281 -0.506932 
140846036011765 -1.482448 -2.216281 0.419448 
140846055887806 -1.365535 -1.578854 0.621448 
140846075763848 -0.861798 -0.630636 0.130495 
140846095639890 0.320378 1.211737 -0.121573 
140846115515931 1.746766 3.045722 0.144210 
140846135391973 1.427586 1.470197 0.635563 
140846155268015 -0.095741 0.570715 0.500274 
140846175144056 0.579903 1.791907 0.129030 
140846195020098 1.849431 1.443033 -0.496013 
140846214896140 2.659830 0.984570 -1.491236 
140846234772181 2.374073 0.374973 -2.232127 
140846254648223 0.695750 -0.233160 -1.945305 
140846274524265 -0.274172 -0.103730 -1.122122 
140846294400306 0.029561 0.341683 -0.675777 
140846314276348 0.551807 0.550076 -0.257527 
140846334152390 0.822250 0.845287 0.036618 
140846354028431 0.609331 0.730371 0.315318 
140846373904473 0.043676 0.528504 0.397743 
140846393780515 -0.366318 1.050084 0.132758 
140846413656556 -0.360991 1.387240 -0.131693 
140846433532598 0.058989 1.360209 -0.101200 
140846453408640 0.425040 1.097887 0.062451 
140846473284681 0.477105 0.931040 0.141281 
140846493160723 0.229697 0.806804 0.174304 
140846513036765 -0.048336 0.639558 0.182826 
140846532912806 -0.080294 0.714659 0.122905 
140846552788848 -0.021172 0.750745 0.021039 
140846572664890 -0.035686 0.964197 -0.146873 
140846592540410 -0.123837 1.014530 -0.314386 
140846612415410 -0.297608 0.692688 -0.340485 
140846632290410 -0.640623 0.425839 -0.315052 
140846652165410 -0.928910 0.280697 -0.416918 
140846672040410 -1.080710 0.082425 -0.462458 
140846691915410 -0.968058 -0.527305 -0.521447 
140846711790410 -0.398275 -1.402153 -0.486426 
140846731665410 0.376571 -1.179380 0.010519 
140846751540410 0.811331 -1.109605 0.534895 
140846771415410 0.691756 -1.529852 0.547812 
140846791290410 0.284692 -1.094558 0.247674 
140846811165410 -0.178831 -1.062867 0.344480 
140846831040410 -0.664192 -2.154762 0.870454 
140846850915410 -1.420263 -3.705786 1.176584 
140846870790410 -2.218145 -3.786080 1.065929 
140846890665410 -2.218145 -2.465153 0.717855 
140846910540410 -1.698430 -2.149569 0.509729 
140846930415410 -1.347558 -1.612410 0.411858 
140846950291452 -1.099752 -0.932905 0.439954 
140846970167494 -0.488423 -0.944756 0.590422 
140846990043535 0.129829 -0.661662 0.525308 
140847009919577 0.592287 -0.143012 0.356730 
140847029795619 0.960069 0.328234 0.048070 
140847049671660 1.159673 0.689359 -0.458330 
140847069547702 1.218928 0.473643 -0.875114 
140847089423744 0.979110 -0.404667 -1.081642 
140847109299785 0.055793 -1.270194 -0.998152 
140847129175827 -1.095357 -1.918273 -0.324772 
140847149051869 -1.480317 -1.732518 0.482298 
140847168927910 -1.037567 -0.241149 0.230230 
140847188803952 0.063117 1.410010 -0.263786 
140847208679994 1.567535 3.241863 -0.491353 
140847228556035 2.391117 3.353450 -0.195742 
140847248432077 0.983371 0.382563 0.450740 
140847268308119 0.611594 1.694302 0.256063 
140847288184160 1.480850 1.901762 -0.057791 
140847308060202 1.761014 0.542352 -0.704672 
140847327936244 0.994823 -0.183625 -1.301885 
140847347812285 0.047005 -0.019441 -1.377785 
140847367688327 -0.099336 -0.045007 -0.959137 
140847387564369 0.230097 -0.157925 -0.701476 
140847407440410 0.554736 0.267781 -0.401338 
140847427316452 0.657401 0.539423 0.007191 
140847447192494 0.437158 0.604138 0.417717 
140847467068535 -0.067378 0.721982 0.730238 
140847486944577 -0.439688 1.068326 0.510794 
140847506820619 -0.430633 1.455949 0.174304 
140847526696660 -0.049801 1.343963 -0.070441 
140847546572702 0.331696 0.848216 -0.225703 
140847566448744 0.458463 0.627041 -0.362855 
140847586324785 0.346211 0.611461 -0.346344 
140847606200827 0.059122 0.650077 -0.204531 
140847626076869 -0.245810 0.727176 -0.066712 
140847645952910 -0.337289 0.959803 -0.121440 
140847665828952 -0.258326 1.091629 -0.207860 
140847685704994 -0.122239 0.780838 -0.192147 
140847705581035 -0.348608 0.695617 -0.243812 
140847725457077 -0.828376 0.417717 -0.403735 
140847745332077 -1.209607 0.044475 -0.511460 
140847765207077 -1.284974 -0.686429 -0.600676 
140847785082077 -0.642487 -1.481782 -0.473510 
140847804957077 0.417450 -1.351154 0.177899 
140847824832077 1.230513 -1.661545 0.748081 
140847844707077 1.059272 -2.277534 0.672048 
140847864582077 0.331696 -1.546497 0.409727 
140847884457077 -0.265916 -1.446761 0.678573 
140847904332077 -0.855673 -2.918822 1.152882 
140847924207077 -1.692571 -4.594882 1.319196 
140847944082077 -2.350371 -4.378100 1.157542 
140847963957077 -2.044374 -3.100317 0.890694 
140847983832077 -1.426255 -2.882870 0.771650 
140848003707077 -1.015063 -2.385525 0.674046 
140848023582077 -0.574177 -1.824663 0.628506 
140848043457077 -0.017710 -1.472993 0.613592 
140848063332077 0.457264 -1.033705 0.416385 
140848083207077 0.766724 -0.496812 0.082957 
140848103083119 0.911466 -0.015846 -0.424241 
140848122959160 0.872185 0.318514 -0.905474 
140848142835202 0.669252 0.150335 -1.238768 
140848162711244 0.098137 -0.422777 -1.315867 
140848182587285 -0.597480 -0.750478 -0.794820 
140848202463327 -0.649678 -1.166996 0.360991 
140848222339369 -0.326370 -0.761797 0.963797 
140848242215410 -0.030360 0.107192 0.967925 
140848262091452 0.385759 1.539040 0.730638 
140848281967494 0.565122 1.894039 0.379633 
140848301843535 0.245943 1.278716 -0.111054 
140848321719577 0.645550 2.048103 -0.642487 
140848341595619 1.796833 2.497777 -1.202017 
140848361471660 2.688193 2.124402 -1.918140 
140848381347702 2.493516 1.892441 -2.358361 
140848401223744 0.734100 1.168994 -1.780189 
140848421099785 -0.651675 0.863263 -0.986834 
140848440975827 -0.521180 1.412673 -0.561261 
140848460851869 0.088151 1.866209 -0.280431 
140848480727910 0.446345 2.476072 -0.235556 
140848500603952 0.444881 2.641454 -0.133291 
140848520479994 0.151933 2.004693 -0.110654 
140848540356035 -0.262987 1.804423 -0.188285 
140848560232077 -0.480434 2.278599 -0.295611 
140848580108119 -0.312655 2.355564 -0.183625 
140848599984160 0.021971 1.831321 0.038616 
140848619860202 0.260324 1.121456 0.258726 
140848639736244 0.228100 0.721450 0.283227 
140848659612285 0.108790 0.696150 0.153664 
140848679488327 0.056725 0.849415 0.077498 
140848699364369 0.051532 1.010802 -0.011452 
140848719240410 0.076033 0.997753 -0.161254 
140848739116452 0.112918 0.771517 -0.188152 
140848758992494 -0.012384 0.729306 -0.142346 
140848778868535 -0.450340 0.947153 -0.238353 
140848798744577 -0.968058 0.779906 -0.363122 
140848818620098 -1.289635 0.578571 -0.427038 
140848838495098 -1.121057 -0.149936 -0.379367 
140848858370098 -0.464055 -1.074052 -0.124370 
140848878245098 0.449009 -1.280314 0.455267 
140848898120098 1.217463 -1.642637 0.846352 
140848917995098 0.816924 -1.150085 0.674179 
140848937870098 -0.073636 -0.314785 0.485494 
140848957745098 -0.446479 -0.985768 0.655670 
140848977620098 -0.609863 -2.536393 0.954210 
140848997495098 -1.020389 -4.141878 1.072854 
140849017370098 -2.014547 -4.955873 1.056608 
140849037245098 -2.261022 -3.543999 0.976980 
140849057120098 -2.012949 -2.301902 0.691223 
140849076995098 -1.622263 -1.196025 0.538091 
140849096870098 -0.954343 -0.517585 0.616388 
140849116745098 -0.018775 -0.242747 0.568984 
140849136620098 0.791091 0.233160 0.350871 
140849156495098 1.277517 0.789227 0.138085 
140849176370098 1.393365 1.207743 -0.389354 
140849196245619 1.198288 1.028911 -0.930774 
140849216121660 0.673912 -0.284026 -1.100817 
140849235997702 -0.542486 -1.780455 -0.726110 
140849255873744 -1.420130 -2.385791 0.717189 
140849275749785 -1.419863 -1.843306 1.148221 
140849295625827 -0.626774 -0.728773 0.404001 
140849315501869 0.533830 1.237037 -0.298540 
140849335377910 1.698297 3.341599 -0.642487 
140849355253952 1.927461 2.762095 -0.316783 
140849375129994 0.463523 0.194144 0.245543 
140849395006035 0.464588 2.008688 -0.005992 
140849414882077 1.866076 2.627473 -0.483097 
140849434758119 2.532132 1.149419 -1.264734 
140849454634160 1.875397 0.116114 -1.881389 
140849474510202 0.178698 -0.161387 -1.626658 
140849494386244 -0.527172 0.184424 -1.091496 
140849514262285 -0.159790 0.526640 -0.797083 
140849534138327 0.254731 0.858203 -0.469115 
140849554014369 0.534363 1.521330 -0.140082 
140849573890410 0.575242 2.101499 0.145142 
140849593766452 0.048603 1.714675 0.559263 
140849613642494 -0.616122 1.545831 0.568984 
140849633518535 -0.750079 1.773265 0.411458 
140849653394577 -0.203199 1.699894 0.173505 
140849673270619 0.415586 0.961933 0.014248 
140849693146660 0.542219 0.352336 -0.322509 
140849713022702 0.350605 0.379766 -0.560728 
140849732898744 0.039282 0.513457 -0.337289 
140849752774785 -0.196408 0.610796 -0.182293 
140849772650827 -0.262587 0.964863 -0.171374 
140849792526869 -0.095741 1.023319 -0.190815 
140849812402910 0.031425 0.868856 -0.111586 
140849832278952 -0.287355 0.992559 -0.152200 
140849852154473 -0.877111 0.741290 -0.330099 
140849872029473 -1.270460 0.396012 -0.435427 
140849891904473 -1.161537 -0.244478 -0.462724 
140849911779473 -0.477105 -1.312804 -0.298141 
140849931654473 0.531300 -1.549959 0.341950 
140849951529473 1.363937 -1.508147 0.865260 
140849971404473 0.823582 -1.126383 0.624245 
140849991279473 -0.124769 -0.163651 0.469249 
140850011154473 -0.526107 -0.622780 0.714526 
140850031029473 -0.786830 -2.159689 1.027047 
140850050904473 -1.094425 -3.774629 1.033173 
140850070779473 -1.713210 -4.835897 0.765925 
140850090654473 -1.800961 -4.273039 0.643020 
140850110529473 -1.531317 -3.303516 0.464988 
140850130404473 -1.458612 -2.090314 0.278433 
140850150279473 -1.290034 -1.102015 0.466053 
140850170154473 -0.648080 -0.863796 0.636761 
140850190029473 0.213852 -0.551407 0.432763 
140850209904473 0.922385 -0.204131 0.196807 
140850229779473 1.218129 0.385226 -0.215583 
140850249654994 1.106809 0.765925 -0.823715 
140850269531035 0.807470 0.382163 -1.112268 
140850289407077 0.110921 -0.579503 -0.956474 
140850309283119 -1.093893 -1.915610 0.209990 
140850329159160 -1.582316 -2.183524 1.139433 
140850349035202 -1.058739 -1.301885 0.650743 
140850368911244 0.160189 0.339952 -0.168711 
140850388787285 1.498959 3.249720 -0.815060 
140850408663327 2.810299 4.640022 -0.688959 
140850428539369 1.724396 0.913197 0.241682 
140850448415410 0.394014 1.162069 0.242614 
140850468291452 1.121190 2.767422 -0.127166 
140850488167494 1.862214 2.076332 -0.786031 
140850508043535 1.458879 1.192829 -1.480450 
140850527919577 0.231029 1.232244 -1.739576 
140850547795619 -0.280830 1.448625 -1.298956 
140850567671660 -0.068976 1.101616 -0.703207 
140850587547702 0.362323 0.900281 -0.251802 
140850607423744 0.702275 1.130777 -0.024235 
140850627299785 0.717588 1.534912 0.066978 
140850647175827 0.255397 1.499891 0.176967 
140850667051869 -0.290551 1.877660 0.136087 
140850686927910 -0.530901 1.961284 0.015047 
140850706803952 -0.382829 1.352352 -0.048603 
140850726679994 0.064049 0.845686 -0.083623 
140850746556035 0.357795 0.650343 -0.068710 
140850766432077 0.282961 0.672581 0.023569 
140850786308119 -0.021438 0.636761 0.182826 
140850806184160 -0.206262 0.753008 0.267115 
140850826060202 -0.082957 1.011068 0.137020 
140850845936244 0.097738 1.001215 0.014115 
140850865812285 0.182959 0.948750 -0.113850 
140850885687285 -0.026632 1.079911 -0.174304 
140850905562285 -0.432364 1.052081 -0.191747 
140850925437285 -0.751810 0.391351 -0.143811 
140850945312285 -0.853409 -0.399074 -0.183625 
140850965187285 -0.453003 -1.474724 -0.249405 
140850985062285 0.411858 -1.975931 0.030094 
140851004937285 1.137435 -1.578321 0.395612 
140851024812285 0.904142 -1.373924 0.521447 
140851044687285 0.181095 -0.554070 0.505468 
140851064562285 -0.273373 -0.639291 0.771251 
140851084437285 -0.756737 -2.086985 1.296026 
140851104312285 -1.627590 -3.663442 1.550891 
140851124187285 -2.676874 -3.396993 1.366866 
140851144062285 -2.690989 -2.118942 0.957006 
140851163937285 -1.963547 -2.192446 0.731170 
140851183812285 -1.533314 -1.636911 0.545548 
140851203687285 -1.253150 -0.835300 0.494282 
140851223562285 -0.711862 -0.886965 0.472578 
140851243437285 -0.028895 -0.890827 0.227034 
140851263312285 0.495481 -0.575109 -0.056326 
140851283187806 0.813728 -0.049402 -0.271909 
140851303063848 0.906806 0.503737 -0.551274 
140851322939890 0.651542 0.722781 -0.836898 
140851342815931 0.214384 0.269645 -0.792956 
140851362691973 -0.163917 -0.379900 -0.197473 
140851382568015 -0.485361 -1.822666 0.837164 
140851402444056 -1.208142 -1.457547 0.798948 
140851422320098 -1.069791 -0.547679 -0.074968 
140851442196140 -0.148471 0.184024 -0.594817 
140851462072181 0.696549 1.646365 -0.762196 
140851481948223 2.162086 4.428434 -0.553138 
140851501824265 3.407113 5.396359 -0.016911 
140851521700306 0.887764 0.705071 1.043293 
140851541576348 0.560062 1.694834 1.232244 
140851561452390 1.331713 0.241415 0.822517 
140851581328431 1.756886 -0.574976 -0.641289 
140851601204473 1.744236 0.237154 -2.146506 
140851621080515 1.017061 1.080577 -3.125350 
140851640956556 0.510661 1.901629 -3.465169 
140851660832598 0.420779 1.913613 -2.738660 
140851680708640 0.254731 1.685247 -2.002563 
140851700584681 -0.056725 1.991244 -1.075650 
140851720460723 -0.466186 2.192712 -0.069109 
140851740336765 -0.660730 2.258892 0.566454 
140851760212806 -0.593086 1.868872 1.132775 
140851780088848 -0.365918 0.981640 1.428385 
140851799964890 0.027564 0.427304 1.308144 
140851819840931 0.388422 0.560994 0.658466 
140851839716973 0.370445 0.711197 -0.078696 
140851859593015 -0.003196 0.739959 -0.415586 
140851879468015 -0.164983 0.608931 -0.361657 
140851899343015 0.141147 -0.021971 -0.165515 
140851919218015 0.405200 0.185489 -0.074835 
140851939093015 -0.011718 0.963131 -0.069375 
140851958968015 -0.781504 1.049950 -0.082691 
140851978843015 -1.235706 0.511726 -0.221974 
140851998718015 -1.476589 0.384427 -0.529569 
140852018593015 -1.438639 -0.680038 -0.558598 
140852038468015 -0.600942 -1.807886 -0.094010 
140852058343015 0.804674 -1.786713 0.775112 
140852078218015 1.389903 -1.725594 1.003079 
140852098093015 0.143411 -1.063000 0.699612 
140852117968015 -0.727708 -1.366467 0.562060 
140852137843015 -1.144759 -3.450256 0.884036 
140852157718015 -1.849697 -4.783700 1.139433 
140852177593015 -2.179396 -3.660379 1.258209 
140852197468015 -2.211487 -2.131593 1.245693 
140852217343015 -2.225735 -1.118394 1.398957 
140852237218015 -2.236521 -0.518783 1.698696 
140852257093015 -1.794570 -0.394414 1.536776 
140852276968015 -0.728773 -0.611062 0.815060 
140852296843535 0.386424 -0.513324 -0.039148 
140852316719577 1.204946 -0.190949 -0.549010 
140852336595619 1.545964 0.033955 -0.943025 
140852356471660 1.383378 0.216781 -1.573528 
140852376347702 0.579503 -0.103597 -1.823598 
140852396223744 -0.391218 -1.428252 -0.691756 
140852416099785 -0.951147 -3.229347 0.917458 
140852435975827 -1.165532 -1.991111 1.212936 
140852455851869 -0.710398 -0.384294 0.745551 
140852475727910 0.285757 0.631835 0.239152 
140852495603952 1.326653 3.063299 -0.180163 
140852515479994 1.276852 2.659564 0.607333 
140852535356035 -0.496147 0.759000 0.951414 
140852555232077 0.591088 2.670350 0.328234 
140852575108119 2.288453 1.393898 -0.560462 
140852594984160 3.099118 0.398009 -2.015612 
140852614860202 3.536542 0.472844 -2.741989 
140852634736244 2.242247 -0.760332 -2.456232 
140852654612285 0.415320 -0.960735 -1.304948 
140852674488327 -0.041678 0.323707 -0.734233 
140852694364369 0.115315 1.527588 -0.424508 
140852714240410 0.117845 2.254497 -0.184823 
140852734116452 -0.247541 2.186986 0.015846 
140852753992494 -0.464322 1.891642 -0.008655 
140852773868535 -0.255796 1.719735 -0.070840 
140852793744577 0.229564 1.449957 0.019574 
140852813620619 0.588292 0.884435 0.189750 
140852833496660 0.606135 0.379900 0.223572 
140852853372702 0.236355 0.226768 0.110122 
140852873247702 -0.141014 0.484695 0.037018 
140852893122702 -0.131027 0.723580 0.066845 
140852912997702 0.122239 0.969390 -0.026765 
140852932872702 0.111187 1.286173 -0.248073 
140852952747702 -0.164184 0.859668 -0.345944 
140852972622702 -0.638759 0.270577 -0.330365 
140852992497702 -0.926114 -0.531034 -0.451672 
140853012372702 -0.766191 -0.969789 -0.557266 
140853032247702 -0.020639 -1.249421 -0.300537 
140853052122702 0.940095 -1.437440 0.484828 
140853071997702 0.821052 -2.069008 1.032773 
140853091872702 0.101733 -2.151167 1.047154 
140853111747702 -0.172040 -1.850496 1.256878 
140853131622702 -0.991228 -3.944272 1.728390 
140853151497702 -3.305114 -5.381312 2.172206 
140853171372702 -4.362920 -2.766356 2.154496 
140853191247702 -3.456115 -2.736130 1.797366 
140853211122702 -2.649444 -2.501106 1.422260 
140853230997702 -2.243845 -2.186454 1.305614 
140853250872702 -1.920404 -2.012816 1.123320 
140853270747702 -1.427320 -1.788311 0.854208 
140853290622702 -0.775379 -1.729589 0.562459 
140853310498744 -0.259791 -1.405216 0.220243 
140853330374785 0.151401 -0.831305 -0.056992 
140853350250827 0.401072 -0.264718 -0.224904 
140853370126869 0.396544 -0.000932 -0.283094 
140853390002910 0.257128 -0.104130 -0.312788 
140853409878952 0.109722 -0.532632 -0.340618 
140853429754994 0.143012 -1.121856 -0.333960 
140853449631035 0.100268 -1.395495 -0.184024 
140853469507077 -0.046472 -1.412406 0.060986 
140853489383119 -0.193878 -1.082840 0.154863 
140853509259160 -0.388155 -0.552872 -0.083357 
140853529135202 -0.814927 -0.078164 0.055926 
140853549011244 -0.630237 1.038499 0.791757 
140853568887285 0.446745 1.691506 1.280314 
140853588763327 0.160988 -0.381231 0.667121 
140853608639369 0.307861 -0.130095 -0.047537 
140853628515410 0.474309 0.504402 -0.627840 
140853648391452 0.776577 2.215748 -0.981108 
140853668267494 2.419347 3.718969 -1.083773 
140853688143535 3.145058 3.009370 -1.180578 
140853708019577 3.179679 2.361157 -1.273123 
140853727895619 3.341066 2.142112 -1.341034 
140853747771660 3.197788 1.792173 -1.373125 
140853767647702 2.830805 1.665540 -1.470996 
140853787523744 2.290450 1.431847 -1.546097 
140853807399785 1.598029 1.280846 -1.584447 
140853827275827 0.924249 1.465403 -1.473393 
140853847151348 0.192813 1.507082 -1.153414 
140853867026348 -0.153265 1.810549 -0.785632 
140853886901348 -0.249671 1.792306 -0.440220 
140853906776348 -0.176301 1.640107 -0.131427 
140853926651348 0.039015 1.522129 0.038216 
140853946526348 0.042078 1.079378 0.061120 
140853966401348 -0.168844 0.664192 0.011984 
140853986276348 -0.353534 0.557799 -0.069642 
140854006151348 -0.306796 0.587360 -0.151001 
140854026026348 -0.103331 0.858603 -0.245144 
140854045901348 -0.136620 0.941027 -0.393082 
140854065776348 -0.447278 0.724512 -0.501473 
140854085651348 -0.778575 0.713593 -0.479768 
140854105526348 -0.966993 0.328101 -0.498410 
140854125401348 -0.849947 -0.864595 -0.497345 
140854145276348 -0.395745 -1.624394 -0.215716 
140854165151348 0.399873 -2.220143 0.173505 
140854185026348 0.936367 -2.855040 0.459528 
140854204901348 1.119326 -3.009636 0.497878 
140854224776348 0.435293 -2.184456 0.329832 
140854244651348 -0.023569 -2.261421 0.505867 
140854264526348 -0.825446 -4.617119 1.086036 
140854284401869 -2.811630 -5.869869 1.749696 
140854304277910 -3.640672 -2.641055 1.740241 
140854324153952 -3.411241 -1.534246 1.412673 
140854344029994 -3.264900 -1.412673 1.210273 
140854363906035 -2.854773 -1.260473 0.917325 
140854383782077 -1.937848 -1.709482 0.539157 
140854403658119 -0.985635 -1.937448 0.100667 
140854423534160 -0.159656 -1.725461 -0.191881 
140854443410202 0.596947 -1.102947 -0.305065 
140854463286244 1.190432 -0.426105 -0.383095 
140854483162285 1.598162 0.112652 -0.581501 
140854503038327 1.636911 0.402803 -0.818522 
140854522914369 1.264068 0.375905 -0.975915 
140854542790410 0.702408 -0.411591 -0.820519 
140854562666452 -0.352869 -2.374473 -0.326503 
140854582542494 -1.449691 -2.176467 -0.533164 
140854602418535 -1.233442 -0.158058 -0.696949 
140854622294577 -0.069109 1.610679 -0.321044 
140854642170619 1.698430 4.240282 0.068310 
140854662046660 1.646498 3.042792 1.055809 
140854681922702 0.543151 2.706968 1.553820 
140854701798744 1.249155 2.441851 1.622530 
140854721674785 2.246108 1.489239 0.726909 
140854741550827 2.916825 1.556483 -0.511859 
140854761426869 2.551573 1.036235 -1.679654 
140854781302910 1.834251 1.028246 -2.785798 
140854801178952 1.011601 1.788578 -3.260239 
140854821053952 0.186687 2.973683 -3.041461 
140854840928952 -0.211721 2.802709 -1.820269 
140854860803952 -0.626908 1.940910 -0.828376 
140854880678952 -0.930241 2.107358 -0.423575 
140854900553952 -0.834368 2.701109 -0.388688 
140854920428952 -0.525308 2.688859 -0.379900 
140854940303952 -0.242481 2.252367 -0.246209 
140854960178952 -0.004527 1.459544 -0.077098 
140854980053952 0.166581 0.743421 -0.024235 
140854999928952 0.225170 0.442750 -0.084555 
140855019803952 0.155262 0.182560 -0.156993 
140855039678952 0.060321 -0.129696 -0.177766 
140855059553952 0.141414 -0.246076 -0.173239 
140855079428952 0.385759 -0.354333 -0.015846 
140855099303952 0.439421 0.123704 0.348208 
140855119178952 -0.042211 0.927845 0.309326 
140855139053952 -1.095224 0.606268 -0.368714 
140855158928952 -2.002429 -0.413589 -0.556467 
140855178803952 -1.716007 -0.739559 -0.128098 
140855198678952 -0.681769 -1.331446 0.271243 
140855218553952 0.725977 -1.911482 0.348474 
140855238428952 1.321060 -2.781936 0.200536 
140855258304473 0.859268 -3.643601 0.303467 
140855278180515 0.525974 -3.184206 0.413455 
140855298056556 0.026898 -3.903259 0.631701 
140855317932598 -1.735314 -5.623260 1.217729 
140855337808640 -2.652773 -2.242114 1.549825 
140855357684681 -2.747581 -0.277768 1.228648 
140855377560723 -1.780056 -1.866875 1.015063 
140855397436765 -0.987366 -2.611494 0.754340 
140855417312806 -0.535694 -2.530134 0.792290 
140855437188848 -0.361657 -2.176600 0.930375 
140855457064890 -0.220110 -1.574060 0.942758 
140855476940931 0.056592 -0.850613 0.711064 
140855496816973 0.463922 -0.465653 0.329965 
140855516693015 0.671382 -0.431432 -0.059788 
140855536569056 0.616921 -0.830772 -0.239551 
140855556445098 0.403069 -1.200153 -0.316516 
140855576321140 0.049934 -1.691905 -0.458330 
140855596197181 -0.517851 -1.833452 -0.927845 
140855616073223 -0.762995 -0.632101 -1.350754 
140855635949265 -0.434894 1.261006 -0.967259 
140855655825306 1.137568 3.624959 -0.077232 
140855675701348 3.185538 6.249369 0.719319 
140855695577390 1.440370 2.283792 1.890976 
140855715453431 -0.147938 2.571280 2.482863 
140855735329473 0.957539 3.696465 1.886449 
140855755205515 1.564739 1.902960 0.098271 
140855775081035 1.450090 0.233293 -0.075501 
140855794956035 1.188568 0.282694 -0.667121 
140855814831035 1.067394 0.411591 -1.520264 
140855834706035 1.184706 0.708800 -2.521612 
140855854581035 1.448359 1.678989 -3.414037 
140855874456035 1.786048 2.758633 -3.163434 
140855894331035 1.020389 2.831071 -2.316682 
140855914206035 -0.558464 2.780738 -1.316400 
140855934081035 -1.355947 2.637726 -0.517851 
140855953956035 -0.913597 1.984586 -0.070441 
140855973831035 -0.056059 1.057008 0.129563 
140855993706035 0.340751 0.732635 0.142080 
140856013581035 0.097205 0.511992 0.274439 
140856033456035 -0.254332 0.357263 0.355798 
140856053331035 -0.220643 0.375372 0.382430 
140856073206035 -0.008256 0.468849 0.495214 
140856093081035 0.064981 0.610263 0.573911 
140856112956035 0.127166 0.383761 0.307462 
140856132831035 0.163252 0.332495 0.044342 
140856152706035 -0.285224 0.715857 0.011052 
140856172581035 -1.133307 0.467251 -0.081892 
140856192456035 -1.531583 -0.457531 -0.290817 
140856212331035 -0.829041 -1.703090 -0.296543 
140856232206035 0.528637 -2.792722 0.131560 
140856252082077 1.610546 -2.993790 0.607733 
140856271958119 0.983638 -2.407096 0.761797 
140856291834160 -0.168711 -0.409993 0.630769 
140856311710202 -0.288953 -0.519715 0.373375 
140856331586244 -0.296676 -2.685396 0.551008 
140856351462285 -0.916127 -5.033903 0.791358 
140856371338327 -1.873399 -5.241763 1.010269 
140856391214369 -2.453568 -3.203514 0.917458 
140856411090410 -2.396444 -2.288053 0.750878 
140856430966452 -1.954626 -2.325204 0.706669 
140856450842494 -1.479918 -1.987649 0.662594 
140856470718535 -0.845953 -1.968208 0.616788 
140856490594577 -0.137818 -1.894705 0.532366 
140856510470619 0.429301 -1.380182 0.352602 
140856530346660 0.757802 -0.767389 0.038882 
140856550222702 0.812397 -0.239684 -0.565389 
140856570098744 0.582033 -0.088950 -1.093227 
140856589974785 0.294279 -0.312788 -1.245826 
140856609850827 -0.630237 -1.683250 -1.102814 
140856629726869 -1.454351 -1.321060 -0.939696 
140856649602910 -1.061003 1.059272 -0.716123 
140856669478952 0.140881 2.965428 -0.472045 
140856689354994 1.913080 5.386373 -0.199071 
140856709231035 1.118527 2.309092 0.688027 
140856729107077 0.355532 3.109371 0.986301 
140856748982077 1.497228 4.007655 0.847284 
140856768857077 2.144509 2.467816 0.415320 
140856788732077 1.428785 0.886433 -0.249139 
140856808607077 0.408262 0.830240 -0.839028 
140856828482077 0.079229 1.429451 -1.431981 
140856848357077 0.336357 1.784849 -2.064614 
140856868232077 0.926380 1.799630 -2.278466 
140856888107077 1.180712 1.359543 -1.723197 
140856907982077 0.863130 1.294162 -1.102548 
140856927857077 0.335159 1.755155 -0.472711 
140856947732077 -0.256063 2.208292 -0.011585 
140856967607077 -0.756870 2.387389 0.242214 
140856987482077 -0.845953 1.834384 0.232361 
140857007357077 -0.224771 1.059138 0.139416 
140857027232077 0.540754 0.586028 0.220110 
140857047107077 0.658333 0.334626 0.268580 
140857066982077 0.359127 0.253799 0.299073 
140857086857077 0.082292 0.146740 0.211854 
140857106732077 0.077897 0.085621 0.091080 
140857126607077 0.334493 0.151001 0.001864 
140857146482077 0.296942 0.397210 -0.046206 
140857166357077 -0.337023 0.433030 -0.175369 
140857186232077 -0.878709 -0.017710 -0.313720 
140857206107077 -0.997220 -0.548877 -0.502139 
140857225982598 -0.790692 -1.002147 -0.539822 
140857245858640 -0.124503 -1.760481 -0.113451 
140857265734681 0.753008 -2.316283 0.673113 
140857285610723 1.287105 -3.277949 1.149952 
140857305486765 1.198555 -3.820168 0.939163 
140857325362806 0.607467 -2.421211 0.689492 
140857345238848 -0.170842 -3.133340 0.956873 
140857365114890 -1.820669 -6.361887 1.638908 
140857384990931 -2.940927 -3.953992 2.072071 
140857404866973 -3.520696 -1.252883 1.866209 
140857424743015 -3.563706 -1.059538 1.671532 
140857444619056 -2.985135 -1.467268 1.353284 
140857464495098 -1.850629 -1.852227 0.803342 
140857484371140 -0.684831 -2.340384 0.406265 
140857504247181 -0.019974 -2.218145 0.191215 
140857524123223 0.382962 -1.504152 0.046073 
140857543999265 0.847018 -0.666056 -0.139949 
140857563875306 1.265134 -0.001198 -0.427570 
140857583751348 1.299488 0.315052 -0.662461 
140857603627390 0.805739 -0.129563 -0.911999 
140857623503431 0.035819 -1.539306 -0.639425 
140857643379473 -0.811997 -2.939995 -0.105062 
140857663255515 -1.337305 -1.775928 -0.106526 
140857683131556 -1.421461 -0.031159 0.012650 
140857703007598 -0.917059 1.200818 0.618785 
140857722882598 1.047154 3.900463 1.301220 
140857742757598 1.527322 2.758900 1.905357 
140857762632598 0.100534 0.774314 1.362605 
140857782507598 0.353801 0.669651 0.170043 
140857802382598 1.773797 1.794037 -0.816658 
140857822257598 3.229480 2.849980 -1.584447 
140857842132598 3.151582 2.654770 -2.403901 
140857862007598 2.873948 2.756370 -2.767954 
140857881882598 2.558231 1.923200 -1.920138 
140857901757598 1.383511 1.299089 -0.927711 
140857921632598 0.148072 1.555285 -0.392949 
140857941507598 -0.266849 2.155561 -0.511992 
140857961382598 -0.404001 2.741722 -0.663260 
140857981257598 -0.308394 3.371693 -0.611062 
140858001132598 -0.109589 3.706452 -0.312788 
140858021007598 0.045673 3.185538 0.076965 
140858040882598 0.222773 1.811214 0.208392 
140858060757598 0.266449 0.703473 -0.099203 
140858080632598 0.236222 0.264052 -0.414654 
140858100507598 0.202001 0.459129 -0.451805 
140858120382598 0.075501 0.737828 -0.246342 
140858140257598 0.048603 0.715591 0.013316 
140858160132598 0.164983 0.643686 0.161521 
140858180007598 0.186155 0.662993 0.093876 
140858199882598 -0.197606 1.073919 -0.010519 
140858219758119 -0.780572 1.541037 -0.112785 
140858239634160 -1.255147 1.073120 -0.202533 
140858259510202 -1.613741 0.051266 -0.383894 
140858279386244 -1.525324 -0.748481 -0.477904 
140858299262285 -0.376038 -1.857687 -0.173771 
140858319138327 1.109339 -2.242646 0.447544 
140858339014369 1.319462 -2.429334 0.474841 
140858358890410 0.448077 -1.366201 0.137552 
140858378766452 -0.086286 -0.289885 0.061253 
140858398642494 -0.172972 -1.101616 0.346610 
140858418518535 -0.224371 -2.576740 0.716789 
140858438394577 -0.561793 -4.286754 0.923717 
140858458270619 -1.452088 -5.806752 0.965262 
140858478146660 -1.792706 -4.513123 0.983904 
140858498022702 -1.738244 -3.243861 0.689092 
140858517898744 -1.062068 -3.531882 0.434494 
140858537774785 -0.452071 -3.476089 0.290684 
140858557650827 -0.292948 -2.443715 0.445413 
140858577526869 -0.149803 -1.623595 0.473377 
140858597402910 0.228366 -1.057407 0.436625 
140858617278952 0.632367 -0.833436 0.150868 
140858637154994 0.719053 -0.746484 -0.309459 
140858657031035 0.613192 -0.700544 -0.626375 
140858676907077 0.504802 -1.180179 -0.487491 
140858696782077 0.195343 -1.905890 -0.034887 
140858716657077 -0.570848 -2.321343 0.446878 
140858736532077 -1.265933 -2.083123 0.848749 
140858756407077 -1.180312 -1.867540 0.714526 
140858776282077 -1.025583 -2.710696 0.430633 
140858796157077 -2.398841 -2.822016 1.702158 
140858816032077 0.342482 4.190614 2.541053 
140858835907077 0.380965 4.211653 2.126799 
140858855782077 0.519183 2.996986 0.664591 
140858875657077 1.032107 -1.177249 0.418782 
140858895532077 1.570864 1.147156 -0.974849 
140858915407077 3.246924 2.824014 -1.750228 
140858935282077 4.097936 2.299105 -2.605502 
140858955157077 4.470112 2.663558 -3.331346 
140858975032077 4.271707 2.337588 -3.124818 
140858994907077 2.439188 2.039580 -1.722398 
140859014782077 0.363255 1.193095 -0.824381 
140859034657077 -0.246742 1.730521 -0.593485 
140859054532077 -0.298673 2.027596 -0.515854 
140859074407077 -0.673646 2.264617 -0.410925 
140859094282077 -0.936633 2.317082 -0.478170 
140859114157077 -0.470181 1.871668 -0.607999 
140859134032077 0.142346 1.144493 -0.643819 
140859153907077 0.322775 0.939829 -0.603605 
140859173782077 0.402670 1.432380 -0.429701 
140859193657077 0.588425 2.063815 -0.196142 
140859213532598 0.750745 2.273273 0.057657 
140859233408640 0.215849 1.514672 0.168445 
140859253284681 -0.538624 1.334243 -0.015313 
140859273160723 -0.920121 1.895237 -0.233293 
140859293036765 -1.046622 2.016677 -0.483763 
140859312912806 -1.089632 1.664341 -0.602007 
140859332788848 -1.008272 1.114266 -0.691489 
140859352664890 -0.997619 0.486027 -0.827444 
140859372540931 -1.078047 -0.292548 -0.689226 
140859392416973 -0.720251 -0.946886 -0.497744 
140859412293015 0.534629 -1.323191 0.047271 
140859432169056 1.254881 -0.950881 0.908936 
140859452045098 0.082824 -0.809201 0.519715 
140859471921140 -0.469515 -0.227034 -0.033556 
140859491797181 -0.606668 -0.380699 -0.098936 
140859511673223 -0.718254 -0.952612 0.134356 
140859531549265 -0.645417 -1.617736 0.366850 
140859551425306 -0.497478 -2.162352 0.256729 
140859571301348 -0.678573 -2.784732 0.112119 
140859591177390 -0.820786 -2.731735 0.048869 
140859611053431 -0.796418 -2.051298 -0.048070 
140859630929473 -0.625043 -1.487641 -0.051932 
140859650805515 -0.308793 -1.259408 -0.045407 
140859670680515 0.095341 -0.902678 -0.119443 
140859690555515 0.209591 -0.528770 -0.174703 
140859710430515 -0.079895 -0.525042 -0.155262 
140859730305515 -0.762596 -1.502554 0.063250 
140859750180515 -2.819753 -4.721648 0.598811 
140859770055515 -6.203563 -6.605433 1.348224 
140859789930515 -1.949299 0.036752 1.800695 
140859809805515 1.306812 -0.470181 1.521463 
140859829680515 0.482298 0.783635 -0.267248 
140859849555515 1.808818 1.521729 -1.382313 
140859869430515 1.898167 0.958870 -1.226252 
140859889305515 0.929975 1.026914 -0.599877 
140859909180515 0.931040 0.993891 -0.442750 
140859929055515 0.994290 0.929709 -0.533697 
140859948930515 0.918524 0.671516 -0.678972 
140859968805515 0.971387 0.734499 -0.746883 
140859988680515 1.091762 1.033705 -0.610130 
140860008555515 1.049418 1.006807 -0.331297 
140860028430515 0.797217 0.746617 -0.044741 
140860048305515 0.454734 0.629704 0.102532 
140860068180515 0.141014 0.450473 0.171108 
140860088055515 -0.047005 0.311456 0.109988 
140860107930515 -0.027031 0.515454 -0.046073 
140860127805515 0.031425 0.901746 -0.213186 
140860147680515 -0.040879 1.488173 -0.372975 
140860167555515 -0.226502 2.069940 -0.469382 
140860187430515 -0.448343 1.995905 -0.618119 
140860207306035 -0.601741 1.146490 -0.803342 
140860227182077 -0.208392 0.286290 -0.918390 
140860247058119 0.352336 0.216115 -0.908004 
140860266934160 0.319712 0.080427 -0.705870 
140860286810202 -0.088683 -0.299472 -0.326903 
140860306686244 -0.428769 -0.219311 0.000399 
140860326562285 -0.717189 0.065514 0.183492 
140860346438327 -0.956340 -0.290817 0.191481 
140860366314369 -0.878709 -1.026914 -0.118777 
140860386190410 -0.523977 -1.539439 -0.172706 
140860406066452 -0.036618 -1.661145 0.092811 
140860425942494 0.449674 -1.738377 0.725844 
140860445818535 0.395080 -2.848115 1.630253 
140860465694577 -0.129696 -3.797665 1.902428 
140860485570619 -0.680837 -3.132008 1.483513 
140860505446660 -1.329183 -1.627323 1.074185 
140860525322702 -1.778990 -1.108540 0.875380 
140860545198744 -1.739176 -1.446628 0.758468 
140860565074785 -1.384310 -1.609480 0.568718 
140860584950827 -0.894955 -1.350488 0.429035 
140860604826869 -0.415586 -1.088034 0.334892 
140860624702910 -0.046738 -0.994557 0.241682 
140860644578431 0.200802 -0.918124 0.110122 
140860664453431 0.384028 -0.737429 -0.090414 
140860684328431 0.578039 -0.460860 -0.267248 
140860704203431 0.764726 -0.257527 -0.386824 
140860724078431 0.828376 -0.321177 -0.493750 
140860743953431 0.629038 -0.431299 -0.554337 
140860763828431 0.045806 -0.623579 -0.447144 
140860783703431 -0.620516 -1.208142 -0.117578 
140860803578431 -0.825713 -1.705887 0.095208 
140860823453431 -0.627307 -0.879109 -0.257527 
140860843328431 0.115581 1.039830 -0.484828 
140860863203431 1.638509 2.831870 -0.333428 
140860883078431 2.787662 3.957188 -0.362456 
140860902953431 1.077381 1.106809 -0.052597 
140860922828431 0.197873 1.070057 0.222773 
140860942703431 0.739959 0.532898 0.282561 
140860962578431 1.200685 -0.424241 -0.011984 
140860982453431 1.485377 -0.623446 -0.731037 
140861002328431 1.743970 -0.169377 -1.487374 
140861022203431 1.488839 -0.021039 -1.771001 
140861042078431 0.835433 -0.136354 -1.234507 
140861061953431 0.320778 -0.016911 -0.661529 
140861081828431 0.296410 0.424508 -0.106660 
140861101703431 0.351670 0.482964 0.307329 
140861121578431 0.087085 0.342749 0.602140 
140861141453431 -0.183625 0.902145 0.479235 
140861161328431 -0.340751 1.379117 0.200136 
140861181203431 -0.330631 1.461542 -0.135422 
140861201078431 -0.162985 1.442234 -0.328900 
140861220953952 -0.135155 1.345827 -0.339420 
140861240829994 -0.312788 1.092827 -0.208392 
140861260706035 -0.506400 1.198022 -0.190949 
140861280582077 -0.561128 1.625726 -0.320112 
140861300458119 -0.506400 1.561144 -0.697615 
140861320334160 -0.354733 1.264068 -0.843023 
140861340210202 -0.231029 1.187503 0.049135 
140861360086244 0.273773 0.903610 0.673912 
140861379962285 0.229032 0.008522 0.847018 
140861399838327 -0.471512 -0.568584 0.977646 
140861419714369 -1.133041 -0.698147 1.201751 
140861439590410 -1.051149 -1.130378 1.105477 
140861459466452 -0.443150 -1.348491 0.560994 
140861479342494 -0.089083 -1.172189 0.000133 
140861499218535 -0.086286 -0.403735 -0.415852 
140861519094577 -0.078164 0.240883 -0.687095 
140861538970619 0.062717 0.257128 -0.573245 
140861558846660 0.165648 0.276702 -0.113317 
140861578722702 0.233426 0.578571 0.137153 
140861598598744 0.342349 0.767922 0.100667 
140861618474785 0.370845 0.793355 -0.009321 
140861638350306 0.208925 0.857937 -0.086286 
140861658225306 -0.077631 0.891492 -0.087218 
140861678100306 -0.409727 0.744886 -0.107858 
140861697975306 -0.738894 0.650876 -0.256063 
140861717850306 -0.472444 1.223189 -0.361923 
140861737725306 0.121973 1.436908 -0.331696 
140861757600306 0.463922 1.230779 -0.276569 
140861777475306 0.496280 1.070723 -0.310924 
140861797350306 0.378302 1.129179 -0.321044 
140861817225306 0.196807 1.193495 -0.229697 
140861837100306 0.152333 1.359809 -0.122239 
140861856975306 0.316516 1.329849 -0.030893 
140861876850306 0.528637 0.660996 -0.027830 
140861896725306 0.802410 -0.144077 -0.038749 
140861916600306 0.954609 -0.543950 -0.094942 
140861936475306 0.649145 -0.965528 -0.088550 
140861956350306 0.344080 -1.222390 0.086819 
140861976225306 0.370312 -1.639574 0.227034 
140861996100306 0.674978 -1.381780 0.123970 
140862015975306 0.835832 -0.753275 -0.048869 
140862035850306 0.535295 -0.553404 -0.131826 
140862055725306 0.187753 0.311057 -0.259791 
140862075600306 0.083224 1.108274 -0.278833 
140862095475306 0.221442 0.951014 -0.087751 
140862115350306 0.524909 0.600010 0.106393 
140862135225306 0.812663 0.667521 0.023835 
140862155100306 0.770319 0.758468 -0.062717 
140862174975306 0.553005 0.611195 -0.058723 
140862194850306 0.394148 0.742089 -0.025167 
140862214725306 0.209724 1.154346 0.027564 
140862234600827 0.003063 1.380182 0.024767 
140862254476869 -0.081759 1.542901 -0.082292 
140862274352910 0.046738 1.632117 -0.166314 
140862294228952 0.260324 1.497494 -0.078430 
140862314104994 0.070574 0.948085 -0.077232 
140862333981035 -0.800146 0.672181 -0.223972 
140862353857077 -1.539439 0.459794 -0.933704 
140862373733119 -1.234641 -0.966860 -1.259408 
140862393609160 -0.339153 -1.374723 -0.253133 
140862413485202 -0.074835 -1.001747 0.204664 
140862433361244 -0.682434 -0.959803 0.417450 
140862453237285 -1.408279 -0.621981 0.591221 
140862473113327 -1.108007 -1.155145 0.413455 
140862492989369 -0.466852 -1.915610 0.238486 
140862512865410 -0.281096 -2.256361 0.316650 
140862532741452 -0.567919 -3.193794 0.655270 
140862552617494 -1.271126 -4.459992 0.944090 
140862572493535 -2.145840 -4.842023 1.070324 
140862592369577 -2.449707 -3.308043 1.009737 
140862612245619 -2.107890 -2.759965 0.887764 
140862632121660 -1.533580 -2.794187 0.837963 
140862651996660 -1.305614 -1.952229 0.888696 
140862671871660 -1.067261 -1.321193 0.992426 
140862691746660 -0.587360 -1.177249 0.887365 
140862711621660 -0.052864 -0.662993 0.578571 
140862731496660 0.410792 -0.057924 0.077631 
140862751371660 0.684698 0.154996 -0.615190 
140862771246660 0.106793 -0.101333 -1.082441 
140862791121660 -0.953544 -0.502405 -1.053413 
140862810996660 -1.327585 -1.397626 -0.249538 
140862830871660 -1.324256 -1.440236 0.334626 
140862850746660 -0.400939 0.449009 0.325172 
140862870621660 1.940378 3.025216 0.672714 
140862890496660 2.184589 2.285390 0.881639 
140862910371660 1.368997 2.194576 0.645949 
140862930246660 1.614807 3.021221 0.301736 
140862950121660 2.567152 3.238535 -0.060054 
140862969996660 2.996720 2.208691 -0.512259 
140862989871660 1.890443 0.559929 -1.415070 
140863009746660 0.704539 0.965395 -2.131060 
140863029621660 0.530768 2.013881 -2.396843 
140863049496660 0.942492 2.006691 -2.297907 
140863069371660 1.231844 1.021188 -1.485244 
140863089246660 0.953145 0.266849 -0.646881 
140863109121660 0.774846 0.653672 -0.115048 
140863128996660 0.588558 1.524525 0.161121 
140863148871660 0.099336 2.367682 0.590289 
140863168746660 -0.362323 2.216281 0.567652 
140863188621660 -0.320778 1.537841 0.206129 
140863208496660 0.131693 0.814261 0.109056 
140863228371660 0.364586 0.594817 -0.026099 
140863248246660 0.153265 0.810133 -0.201335 
140863268122181 -0.125435 0.850347 -0.449275 
140863287998223 -0.257927 0.695351 -0.538091 
140863307874265 -0.178299 0.252734 -0.260324 
140863327750306 -0.298008 0.502272 -0.122638 
140863347626348 -1.007074 0.749413 -0.143145 
140863367502390 -1.594566 0.343148 -0.191614 
140863387378431 -1.335441 -0.390552 -0.363921 
140863407254473 -0.433962 -1.639840 0.058323 
140863427130515 0.686429 -1.911482 0.858603 
140863447006556 1.088966 -1.603355 0.971121 
140863466882598 0.164983 -1.174320 0.742755 
140863486758640 -0.468716 -0.783235 0.816525 
140863506634681 -1.012400 -2.268612 0.937033 
140863526510723 -1.780189 -4.400205 0.808668 
140863546386765 -2.270077 -4.918456 0.685630 
140863566262806 -2.073536 -4.097270 0.516253 
140863586138848 -1.991510 -3.005508 0.136886 
140863606014890 -1.668070 -2.116013 -0.120108 
140863625890931 -0.975249 -1.826528 0.213319 
140863645766973 -0.211189 -1.378451 0.500940 
140863665642494 0.530768 -0.523977 0.210789 
140863685517494 1.144626 0.050467 -0.023169 
140863705392494 1.432646 0.488423 -0.375106 
140863725267494 0.956340 0.293746 -0.900414 
140863745142494 -0.508530 -0.565122 -0.596281 
140863765017494 -1.316400 -1.975798 0.766590 
140863784892494 -1.672331 -2.141446 1.278849 
140863804767494 -1.416401 -0.563391 0.658200 
140863824642494 0.232094 2.126000 0.300937 
140863844517494 1.903892 4.521379 0.324106 
140863864392494 0.980708 1.632383 0.705471 
140863884267494 0.193878 1.973800 0.168445 
140863904142494 1.904558 3.114964 -0.554603 
140863924017494 3.433611 2.733200 -1.571930 
140863943892494 3.874763 2.068476 -2.425206 
140863963767494 2.436924 0.779640 -2.737062 
140863983642494 -0.335958 0.027564 -1.772732 
140864003517494 -0.804008 1.384576 -1.301619 
140864023392494 -0.121440 2.189383 -1.034770 
140864043267494 0.483497 2.565687 -0.574443 
140864063142494 0.637960 2.684331 -0.030360 
140864083017494 0.254598 2.346110 0.511593 
140864102892494 -0.454868 2.056358 1.069125 
140864122767494 -0.913730 2.306163 1.146889 
140864142642494 -0.559663 1.875397 0.594550 
140864162517494 0.204131 0.834101 0.049135 
140864182392494 0.502938 -0.009188 -0.379633 
140864202267494 0.362456 0.123038 -0.676842 
140864222142494 0.067511 0.321710 -0.767256 
140864242017494 -0.154463 0.484961 -0.703340 
140864261892494 -0.150069 0.764992 -0.613858 
140864281767494 -0.358728 1.032906 -0.533431 
140864301642494 -0.927711 0.581900 -0.474974 
140864321518015 -1.286173 -0.010786 -0.397077 
140864341394056 -1.157542 -0.165382 -0.144743 
140864361270098 -0.670983 -0.745685 0.500008 
140864381146140 0.080827 -1.620532 1.202017 
140864401022181 0.918923 -2.494581 1.230379 
140864420898223 0.631435 -1.624128 0.922651 
140864440774265 -0.230230 -0.929576 0.679771 
140864460650306 -0.575375 -1.630785 0.544483 
140864480526348 -0.807869 -3.203514 0.445413 
140864500402390 -1.359942 -4.803407 0.322375 
140864520278431 -1.792173 -4.461191 0.458330 
140864540154473 -1.792040 -2.917491 0.581767 
140864560030515 -1.641438 -1.963680 0.463257 
140864579906556 -1.116263 -1.645699 0.310391 
140864599782598 -0.437957 -1.550758 0.370445 
140864619658640 0.209191 -1.202683 0.316250 
140864639534681 0.810666 -0.440353 -0.033689 
140864659410723 1.171923 0.338621 -0.404667 
140864679286765 1.173654 0.641156 -1.134106 
140864699162806 0.592020 -0.496946 -1.404683 
140864719037806 -0.447677 -1.972202 -0.764193 
140864738912806 -1.120524 -2.898449 0.605469 
140864758787806 -1.545564 -2.925081 1.355415 
140864778662806 -1.232776 -1.120258 0.856072 
140864798537806 0.441951 1.907887 0.597746 
140864818412806 1.424391 3.849330 0.543551 
140864838287806 0.811331 2.414154 0.586827 
140864858162806 0.564323 2.232926 0.228632 
140864878037806 1.937581 2.243845 -0.139683 
140864897912806 2.938397 1.193362 -1.076582 
140864917787806 3.198587 0.875114 -2.041578 
140864937662806 1.378717 -0.187486 -2.633997 
140864957537806 -0.571248 0.740491 -2.365817 
140864977412806 -0.722515 1.959686 -1.911616 
140864997287806 -0.269379 2.043708 -1.679788 
140865017162806 0.264984 1.988980 -1.318796 
140865037037806 0.585762 2.110420 -0.676442 
140865056912806 0.460327 1.627190 0.020639 
140865076787806 -0.097738 1.174320 0.561394 
140865096662806 -0.732236 1.502022 1.089898 
140865116537806 -1.029178 1.996437 1.367133 
140865136412806 -0.576707 1.766740 1.018392 
140865156287806 0.334093 0.997220 0.275238 
140865176162806 0.593751 0.356730 0.005326 
140865196037806 0.307994 0.122505 -0.101067 
140865215912806 -0.158058 0.326237 -0.086952 
140865235787806 -0.319712 0.600676 -0.144743 
140865255662806 -0.101866 0.636495 -0.190016 
140865275537806 -0.006791 0.710131 -0.201734 
140865295412806 -0.408662 0.806671 -0.284958 
140865315287806 -0.988432 0.487092 -0.458463 
140865335162806 -1.403618 0.255663 -0.594417 
140865355037806 -1.387506 -0.361258 -0.592686 
140865374912806 -0.812663 -1.455683 -0.379766 
140865394788327 0.203465 -1.900164 0.274838 
140865414664369 1.402420 -2.296708 0.863529 
140865434540410 1.396561 -1.933054 0.882171 
140865454416452 0.317315 -1.223855 0.621581 
140865474292494 -0.157925 -1.599893 0.655137 
140865494168535 -0.436492 -3.043059 0.894955 
140865514044577 -0.909069 -4.652273 1.086702 
140865533920619 -1.513606 -4.924314 1.185106 
140865553796660 -1.555684 -3.452519 1.128514 
140865573672702 -1.486309 -2.701642 1.003212 
140865593548744 -1.387506 -2.080060 0.948884 
140865613424785 -0.893357 -1.320261 0.973651 
140865633300827 0.065514 -0.603871 0.685630 
140865653176869 0.761264 0.203998 0.305065 
140865673052910 1.096156 0.936234 -0.106526 
140865692928952 1.018792 1.059671 -0.481233 
140865712804994 0.620117 0.493350 -0.735431 
140865732681035 -0.013982 -0.520248 -0.842091 
140865752557077 -0.280830 -1.383112 -0.462990 
140865772432598 -0.463523 -1.773265 0.616122 
140865792307598 -0.708400 -0.873783 0.564190 
140865812182598 -0.437024 0.646082 0.084955 
140865832057598 0.177766 1.992176 0.067378 
140865851932598 0.277768 2.289252 0.511859 
140865871807598 0.160455 1.016794 0.822650 
140865891682598 0.359526 1.209740 0.375239 
140865911557598 1.659414 2.279931 -0.447278 
140865931432598 2.504035 1.947835 -1.604553 
140865951307598 2.850646 2.130927 -2.398974 
140865971182598 1.894838 1.507748 -1.968208 
140865991057598 -0.023702 0.080028 -1.208675 
140866010932598 -0.338221 0.470580 -0.852877 
140866030807598 0.127832 1.053279 -0.604271 
140866050682598 0.541154 1.902960 -0.292814 
140866070557598 0.664858 2.705903 -0.082158 
140866090432598 0.276036 2.289518 0.257927 
140866110307598 -0.455400 1.453685 0.387090 
140866130182598 -1.057674 1.906822 0.164716 
140866150057598 -0.994157 2.357961 -0.043676 
140866169932598 -0.147938 1.861814 0.070307 
140866189807598 0.538624 0.750345 0.242081 
140866209682598 0.616122 0.235290 0.090681 
140866229557598 0.377902 0.308261 -0.095874 
140866249432598 0.109855 0.574843 -0.073903 
140866269307598 -0.093876 0.769120 -0.056725 
140866289182598 -0.135155 0.884968 -0.282694 
140866309057598 0.016778 1.004810 -0.470181 
140866328932598 0.250071 0.625043 -0.450873 
140866348807598 0.107059 0.223173 -0.399074 
140866368682598 -0.456332 -0.160588 -0.322908 
140866388557598 -0.793888 -0.586960 -0.319979 
140866408432598 -0.601075 -0.784433 -0.334226 
140866428307598 -0.413189 -0.080827 0.206794 
140866448182598 -0.285358 -0.064448 0.977779 
140866468057598 0.302801 -1.797899 1.447827 
140866487933640 0.668053 -2.190448 1.513074 
140866507809681 0.208392 -0.993625 1.319329 
140866527685723 -0.265916 -0.817190 1.164466 
140866547561765 -0.567652 -2.410558 1.156610 
140866567437806 -1.388438 -4.975980 1.048885 
140866587313848 -2.581267 -5.642702 0.870454 
140866607189890 -2.667021 -3.832552 0.695218 
140866627065931 -2.237853 -2.319345 0.762862 
140866646941973 -1.750361 -1.084971 0.891492 
140866666818015 -0.871386 -0.796418 0.878709 
140866686694056 -0.013449 -0.476572 0.598279 
140866706570098 0.629704 -0.162320 0.202533 
140866726446140 1.078446 0.075367 -0.202001 
140866746322181 1.264068 0.538890 -0.587360 
140866766198223 1.107208 1.095224 -0.962599 
140866786074265 0.781904 0.995356 -1.250087 
140866805950306 -0.032224 -0.301336 -1.090697 
140866825826348 -1.202017 -1.621598 -0.168711 
140866845702390 -1.398292 -2.227999 0.958205 
140866865577390 -1.101616 -1.470863 0.718520 
140866885452390 -0.161521 0.690823 0.270177 
140866905327390 1.342632 3.187402 0.126766 
140866925202390 1.557682 2.836930 0.334360 
140866945077390 0.119842 0.356730 0.324240 
140866964952390 0.304000 1.778591 -0.057524 
140866984827390 1.965012 2.804440 -0.629438 
140867004702390 2.962631 2.345711 -1.464604 
140867024577390 3.091395 1.753024 -2.149436 
140867044452390 2.196840 0.887231 -2.309758 
140867064327390 0.485094 0.520381 -1.570332 
140867084202390 -0.326636 1.053413 -0.953544 
140867104077390 0.015846 1.705487 -0.519183 
140867123952390 0.516786 2.008954 -0.176701 
140867143827390 0.469648 2.182193 0.024102 
140867163702390 -0.117578 1.959819 0.138617 
140867183577390 -0.699745 2.172073 0.036618 
140867203452390 -0.662061 2.344512 -0.118111 
140867223327390 -0.191614 1.652224 -0.046339 
140867243202390 0.249671 0.586960 0.018642 
140867263077390 0.472977 0.330764 -0.062851 
140867282952390 0.432897 0.631302 -0.154863 
140867302827390 0.168445 0.797083 -0.128098 
140867322702390 -0.146607 0.850080 -0.070174 
140867342577390 -0.227034 1.017061 -0.191614 
140867362452390 -0.176434 1.026248 -0.232227 
140867382327390 -0.190682 1.173921 -0.219711 
140867402202390 -0.338887 0.668586 -0.163784 
140867422077390 -0.644351 -0.633699 -0.207194 
140867441952390 -0.652208 -1.593501 -0.336890 
140867461827390 0.114383 -2.367948 -0.107858 
140867481702390 0.936234 -1.743171 0.569916 
140867501577390 0.903344 -1.112002 1.152748 
140867521452390 0.318913 -1.260340 1.127448 
140867541327390 -0.148338 -1.169659 1.088034 
140867561202910 -0.573911 -2.150235 1.253549 
140867581078952 -1.473925 -4.174768 1.536110 
140867600954994 -2.871818 -5.293295 1.728790 
140867620831035 -3.200718 -4.689424 1.808951 
140867640707077 -3.025216 -3.683682 1.707484 
140867660583119 -2.992991 -2.218811 1.712012 
140867680459160 -2.530134 -1.974866 1.748364 
140867700335202 -1.865143 -1.623329 1.372992 
140867720211244 -1.205745 -1.384443 0.881905 
140867740087285 -0.519316 -1.309076 0.333960 
140867759963327 0.157393 -1.137169 -0.143411 
140867779839369 0.563658 -0.585362 -0.509729 
140867799715410 0.560595 -0.082957 -0.661662 
140867819591452 0.259791 0.116114 -0.697881 
140867839467494 -0.079096 -0.126500 -0.593219 
140867859343535 -0.010786 -0.869921 -0.361258 
140867879219577 0.254997 -1.625992 -0.019175 
140867899095619 0.049402 -1.348491 0.252467 
140867918971660 -0.716123 -0.475907 0.224637 
140867938846660 -1.147822 -0.432897 0.202267 
140867958721660 -0.781238 0.139550 0.556867 
140867978596660 -0.046472 0.762462 0.951813 
140867998471660 0.007856 -0.188951 0.676309 
140868018346660 0.360592 0.747416 -0.035420 
140868038221660 0.957406 1.572462 -0.625310 
140868058096660 1.169526 2.149968 -0.982573 
140868077971660 2.457164 3.490869 -1.368997 
140868097846660 3.192995 3.024816 -1.625992 
140868117721660 3.348789 2.737728 -1.875263 
140868137596660 3.526955 2.526805 -1.893107 
140868157471660 3.385674 1.642237 -1.520531 
140868177346660 2.776343 1.191897 -1.232910 
140868197221660 1.270726 0.575642 -0.955408 
140868217096660 0.020240 0.694552 -0.748215 
140868236971660 -0.182826 1.144493 -0.716789 
140868256846660 -0.354600 1.587110 -0.720518 
140868276721660 -0.636495 2.052364 -0.708001 
140868296596660 -0.781238 2.277400 -0.592020 
140868316471660 -0.561261 1.974067 -0.287754 
140868336346660 -0.179896 1.336773 0.027963 
140868356221660 -0.046206 0.987233 0.139283 
140868376096660 -0.125302 0.940361 0.103996 
140868395971660 -0.226502 0.888829 0.019574 
140868415846660 -0.246076 0.885101 -0.101600 
140868435721660 -0.158857 1.034504 -0.112785 
140868455596660 -0.181095 1.269262 -0.070174 
140868475471660 -0.460061 1.338237 -0.022237 
140868495346660 -0.804940 1.137968 -0.072172 
140868515221660 -0.946354 0.588691 -0.145941 
140868535096660 -0.970322 -0.429301 -0.289485 
140868554971660 -0.744353 -1.728390 -0.331297 
140868574846660 0.168844 -3.040529 -0.218779 
140868594721660 1.278450 -2.896452 0.164051 
140868614596660 1.247024 -2.058223 0.413589 
140868634472181 0.547679 -1.851428 0.220909 
140868654348223 0.143411 -1.186171 -0.087352 
140868674224265 -0.085887 -1.368731 0.056326 
140868694100306 -0.285890 -2.899115 0.490953 
140868713976348 -0.583232 -4.810331 1.028113 
140868733852390 -1.581783 -5.946834 1.379916 
140868753728431 -2.611893 -4.329631 1.462607 
140868773604473 -3.028278 -3.124818 1.352352 
140868793480515 -2.945720 -2.801111 1.308676 
140868813356556 -2.376337 -2.468482 1.144493 
140868833232598 -1.514805 -2.394713 0.883237 
140868853108640 -0.791491 -2.108823 0.577240 
140868872984681 -0.298806 -1.629188 0.240217 
140868892860723 0.042477 -1.110670 -0.124103 
140868912736765 0.355399 -0.791358 -0.275504 
140868932612806 0.604404 -0.681369 -0.426638 
140868952488848 0.784034 -0.619051 -0.633699 
140868972364890 0.757935 -0.502938 -0.856472 
140868992240931 0.538091 -0.449674 -1.054211 
140869012115931 0.178698 -0.507731 -1.022254 
140869031990931 -0.389487 -0.910401 -0.618252 
140869051865931 -0.553804 -0.811331 -0.063516 
140869071740931 -0.410526 -0.224771 0.164317 
140869091615931 -0.336890 -0.253133 0.162719 
140869111490931 -0.592020 -0.349540 0.101200 
140869131365931 0.472578 1.901362 0.513590 
140869151240931 2.066478 3.372625 1.557549 
140869171115931 0.347675 1.257011 1.718537 
140869190990931 -0.156461 2.155428 0.436225 
140869210865931 0.141680 0.613858 -0.110255 
140869230740931 1.272457 2.398175 -0.906007 
140869250615931 2.743320 3.597262 -1.420529 
140869270490931 2.907504 3.288469 -1.824930 
140869290365931 3.078079 3.563440 -1.755821 
140869310240931 2.869820 2.837330 -1.080444 
140869330115931 1.656352 2.064880 -0.387356 
140869349990931 0.530634 1.963680 -0.169510 
140869369865931 0.067911 1.736513 -0.351537 
140869389740931 -0.129030 1.880057 -0.591621 
140869409615931 -0.233026 2.598178 -0.861266 
140869429490931 -0.172706 3.290200 -0.915195 
140869449365931 -0.004394 2.979809 -0.691756 
140869469240931 0.077098 1.818006 -0.344480 
140869489115931 0.064315 0.983105 -0.100801 
140869508990931 0.143145 0.820786 0.028762 
140869528865931 0.054728 1.020922 0.153931 
140869548740931 -0.232494 0.921320 0.314386 
140869568615931 -0.411325 0.758468 0.355665 
140869588490931 -0.270044 0.682701 0.306663 
140869608365931 0.099203 0.536760 0.310524 
140869628240931 0.114649 0.803209 0.148737 
140869648115931 -0.494682 1.087102 -0.122106 
140869667990931 -1.033306 0.222374 -0.214251 
140869687865931 -0.847018 -1.227184 -0.257927 
140869707740931 -0.043276 -2.142245 -0.194810 
140869727615931 1.027580 -2.420545 0.191881 
140869747491973 1.619068 -2.467017 0.531167 
140869767368015 0.413455 -1.814144 0.491486 
140869787244056 -0.282961 -0.525175 0.530368 
140869807120098 -0.494948 -1.132375 0.986301 
140869826996140 -1.027314 -3.022819 1.359143 
140869846872181 -1.810948 -4.496744 1.362339 
140869866748223 -2.489388 -4.126698 1.166863 
140869886624265 -2.596713 -2.651042 0.855274 
140869906500306 -1.927994 -3.014696 0.792556 
140869926376348 -1.449824 -2.773014 0.685763 
140869946252390 -1.349156 -1.952895 0.662860 
140869966128431 -1.098819 -1.678989 0.569117 
140869986004473 -0.849415 -1.444897 0.422510 
140870005880515 -0.650743 -1.085104 0.227567 
140870025756556 -0.252334 -0.639824 -0.041812 
140870045632598 0.167912 -0.146740 -0.254598 
140870065508640 0.413455 0.066313 -0.397210 
140870085384681 0.458862 -0.090414 -0.522645 
140870105259681 0.408662 -0.520648 -0.616521 
140870125134681 0.021039 -1.372992 -0.608798 
140870145009681 -0.869521 -1.705088 -0.393082 
140870164884681 -1.574992 -1.022254 -0.279499 
140870184759681 -1.459544 -0.617054 -0.161787 
140870204634681 -0.215316 1.878459 0.181228 
140870224509681 2.680869 5.056007 1.155412 
140870244384681 0.284559 -0.148338 2.051298 
140870264259681 -0.273107 1.802559 0.523977 
140870284134681 1.176584 1.881122 -0.254997 
140870304009681 2.286189 1.474858 -0.861665 
140870323884681 2.877810 1.835050 -1.626258 
140870343759681 2.917224 1.976863 -2.429866 
140870363634681 2.715091 1.939845 -2.688592 
140870383509681 2.313886 1.331580 -1.991644 
140870403384681 1.372193 1.107208 -1.293097 
140870423259681 0.239551 1.539040 -0.812796 
140870443134681 -0.339153 2.379266 -0.605203 
140870463009681 -0.413988 3.207642 -0.397210 
140870482884681 -0.386025 2.956772 -0.081892 
140870502759681 -0.337289 1.797632 0.060986 
140870522634681 -0.163118 0.988831 -0.116247 
140870542509681 0.141946 0.765525 -0.454335 
140870562384681 0.261389 0.559130 -0.656735 
140870582259681 0.251802 0.509596 -0.716656 
140870602134681 0.176434 0.926913 -0.702675 
140870622009681 0.188285 1.210672 -0.528903 
140870641884681 0.194011 1.058206 -0.148604 
140870661759681 0.135422 0.597213 -0.008389 
140870681634681 0.082824 0.284825 -0.058856 
140870701509681 0.101999 0.167513 -0.225170 
140870721384681 -0.034088 0.370445 -0.278167 
140870741259681 -0.400672 0.720251 -0.380432 
140870761134681 -1.102415 0.450473 -0.509329 
140870781009681 -1.718004 -0.229964 -0.509462 
140870800884681 -1.417200 -1.355814 -0.494815 
140870820759681 0.074835 -2.611627 0.021705 
140870840634681 1.865676 -1.779789 1.260606 
140870860510202 2.068076 -1.701226 1.617070 
140870880386244 0.379500 -0.952479 1.341300 
140870900262285 -1.312671 -1.604953 1.650493 
140870920138327 -3.978227 -4.849746 2.125068 
140870940014369 -4.815924 -3.915510 2.053828 
140870959890410 -3.470629 -3.738543 1.504552 
140870979766452 -3.426820 -2.324938 1.339835 
140870999642494 -3.259041 -2.097371 1.585245 
140871019518535 -2.710430 -1.946237 1.373924 
140871039394577 -1.646498 -2.209756 0.756071 
140871059270619 -0.358861 -2.044241 0.036885 
140871079146660 0.689092 -1.223455 -0.435959 
140871099022702 1.238902 -0.165249 -0.700145 
140871118898744 1.128381 0.431565 -0.826245 
140871138774785 0.541287 0.163385 -0.871386 
140871158650827 0.705604 -1.345694 -0.843955 
140871178526869 0.661396 -2.141846 -0.379900 
140871198402910 -0.260990 -0.782836 -0.227567 
140871218278431 -1.008672 0.886033 -0.221175 
140871238153431 -0.112918 2.594583 0.167646 
140871258028431 1.152748 2.481665 0.614790 
140871277903431 0.414920 1.053812 0.373508 
140871297778431 0.149803 1.455816 0.024368 
140871317653431 1.337572 1.753024 -0.160988 
140871337528431 2.266215 1.700294 -0.676842 
140871357403431 3.211903 2.869288 -1.637177 
140871377278431 3.478352 2.927877 -2.409360 
140871397153431 3.382079 2.548244 -2.531199 
140871417028431 3.291265 1.925065 -1.880723 
140871436903431 2.254231 1.004544 -0.901346 
140871456778431 0.440353 1.158607 -0.321443 
140871476653431 -0.114782 1.698962 -0.350871 
140871496528431 0.020107 1.638242 -0.401072 
140871516403431 0.015579 1.696566 -0.532366 
140871536278431 -0.354200 1.970205 -0.600676 
140871556153431 -0.719719 2.299505 -0.444082 
140871576028431 -0.535029 1.962615 -0.222507 
140871595903431 0.031825 1.131443 0.010653 
140871615778431 0.380166 0.627041 0.096140 
140871635653431 0.352602 0.566188 0.069109 
140871655528431 0.110388 0.635563 0.036086 
140871675403431 -0.140748 0.758335 -0.082292 
140871695278431 -0.341683 0.766058 -0.239418 
140871715153431 -0.347675 0.356198 -0.364453 
140871735028431 -0.205063 0.296543 -0.342349 
140871754903431 -0.351936 0.296276 -0.327169 
140871774778431 -0.786031 -0.452338 -0.539556 
140871794653431 -1.068060 -1.177516 -0.766457 
140871814528431 -0.703740 -1.646099 -0.685497 
140871834403431 0.355532 -2.781270 0.045939 
140871854278431 1.635046 -4.306062 0.622913 
140871874153431 2.006957 -5.353882 0.584430 
140871894028431 1.112535 -4.587957 0.666722 
140871913903431 -1.442367 -6.777340 1.300154 
140871933778431 -3.608048 -4.725510 2.038781 
140871953653431 -3.735214 -2.344246 2.129329 
140871973528431 -3.808184 -1.687244 2.363953 
140871993403431 -4.127497 -1.053146 2.359426 
140872013278952 -3.529751 -1.251951 1.485643 
140872033154994 -2.598178 -2.090447 0.382563 
140872053031035 -1.518134 -1.987383 -0.123437 
140872072907077 -0.245543 -1.894438 -0.291749 
140872092783119 0.741690 -1.645300 -0.416518 
140872112659160 1.428519 -1.207876 -0.644884 
140872132535202 1.961284 -0.958071 -0.886166 
140872152411244 2.240116 -0.801478 -1.135172 
140872172287285 2.099901 -0.655537 -1.524259 
140872192163327 1.459677 -0.601474 -1.915078 
140872212039369 0.724246 -0.687228 -1.782852 
140872231915410 0.465121 -0.715458 -0.980842 
140872251791452 0.503737 0.289485 -0.166980 
140872271667494 -0.154596 1.103746 0.712928 
140872291543535 -0.133957 2.315217 1.031575 
140872311419577 0.319712 1.958221 0.872850 
140872331295619 0.335292 0.635430 0.342349 
140872351171660 0.762329 1.281912 -0.188019 
140872371046660 1.743970 2.009220 -0.695218 
140872390921660 2.388587 2.095507 -1.223855 
140872410796660 2.622812 2.160222 -1.849963 
140872430671660 2.919089 2.269278 -2.237453 
140872450546660 3.036933 2.147838 -1.891109 
140872470421660 1.823465 1.760082 -1.085637 
140872490296660 0.189217 1.464072 -0.597480 
140872510171660 -0.201867 2.104428 -0.598279 
140872530046660 -0.276569 2.334392 -0.605736 
140872549921660 -0.388155 2.675143 -0.759400 
140872569796660 -0.503737 2.944788 -0.849814 
140872589671660 -0.317315 2.758633 -0.790426 
140872609546660 0.028629 2.095507 -0.606002 
140872629421660 0.218246 1.353018 -0.347409 
140872649296660 0.210656 1.163002 -0.147140 
140872669171660 0.054462 1.380449 -0.139683 
140872689046660 -0.124636 1.518533 -0.253666 
140872708921660 -0.090947 1.307212 -0.372043 
140872728796660 0.190283 0.916393 -0.313587 
140872748671660 0.385625 0.525308 -0.040081 
140872768546660 0.180562 0.211588 0.269379 
140872788421660 -0.523843 0.125834 0.366717 
140872808296660 -1.427720 0.102398 -0.132359 
140872828171660 -2.069008 -0.773515 -0.625576 
140872848046660 -1.784716 -2.045439 -0.687228 
140872867921660 0.052864 -3.280213 -0.033556 
140872887796660 2.375538 -3.989412 0.797483 
140872907671660 2.744652 -4.953876 0.745418 
140872927546660 -0.294545 -5.130177 0.800146 
140872947421660 -3.210572 -3.733882 1.872068 
140872967296660 -4.275968 -0.552872 2.602040 
140872987171660 -4.181026 -0.457930 3.126815 
140873007046660 -4.040812 -1.397226 3.267962 
140873026921660 -4.017509 -1.146091 2.412423 
140873046796660 -3.360774 -1.432646 0.778841 
140873066671660 -2.376603 -2.247440 0.168578 
140873086546660 -1.367932 -2.480333 0.077897 
140873106421660 -0.435427 -2.324672 0.022903 
140873126296660 0.278700 -1.900164 -0.089615 
140873146171660 0.868323 -1.275520 -0.278433 
140873166046660 1.394830 -0.610929 -0.544616 
140873185922181 1.772466 -0.186821 -0.829574 
140873205798223 1.916542 -0.155795 -1.087501 
140873225674265 1.778591 -0.329300 -1.445430 
140873245550306 1.417200 -0.555801 -1.676192 
140873265426348 0.810133 -0.507864 -1.463939 
140873285302390 0.332096 -0.237953 -0.775512 
140873305178431 -0.385226 -0.329566 0.128098 
140873325054473 -0.873383 0.180296 0.731170 
140873344930515 0.699212 2.918423 0.873117 
140873364806556 1.146091 1.937448 1.044358 
140873384682598 0.877111 0.788428 1.042494 
140873404558640 1.093094 0.945555 0.503737 
140873424434681 1.844770 2.593118 -0.981907 
140873444310723 2.774879 3.877027 -2.133590 
140873464186765 3.083405 3.412306 -2.683399 
140873484062806 3.192329 2.653439 -2.301236 
140873503938848 1.733583 1.100284 -1.045956 
140873523814890 -0.073370 1.683915 -0.397343 
140873543689890 -0.396145 2.633864 -0.401338 
140873563564890 -0.150069 2.809899 -0.411858 
140873583439890 0.018376 2.677806 -0.523577 
140873603314890 -0.021572 2.583930 -0.598012 
140873623189890 -0.080294 2.447177 -0.465920 
140873643064890 -0.141547 2.021737 -0.264851 
140873662939890 -0.188685 1.378318 -0.240883 
140873682814890 -0.080161 0.939429 -0.335159 
140873702689890 0.079895 0.870986 -0.374973 
140873722564890 0.139017 0.950748 -0.308793 
140873742439890 0.072704 0.900281 -0.117046 
140873762314890 0.027564 0.597347 0.040746 
140873782189890 0.124370 0.458197 0.174171 
140873802064890 0.123704 0.553538 0.193212 
140873821939890 -0.350339 0.932905 0.068976 
140873841814890 -1.174054 1.155412 -0.122905 
140873861689890 -1.707751 0.300138 -0.243146 
140873881564890 -1.781920 -1.030643 -0.421844 
140873901439890 -1.254747 -2.036252 -0.524776 
140873921314890 0.038216 -3.111369 -0.177233 
140873941189890 1.394164 -3.196856 0.438489 
140873961064890 1.569799 -3.535610 0.542086 
140873980939890 0.727841 -3.293396 0.522246 
140874000814890 0.113317 -2.520547 0.566188 
140874020689890 -0.962333 -4.534960 1.117861 
140874040564890 -2.012949 -4.356396 1.875530 
140874060439890 -3.056375 -1.860350 1.999633 
140874080314890 -3.914711 -1.256612 1.988181 
140874100189890 -4.199669 -1.578987 1.861814 
140874120064890 -3.423757 -1.772466 1.412806 
140874139939890 -2.138517 -2.343980 0.771384 
140874159814890 -1.134106 -2.399373 0.176434 
140874179689890 -0.365785 -2.012150 -0.172173 
140874199564890 0.412523 -1.269927 -0.326903 
140874219439890 1.076449 -0.598012 -0.442084 
140874239314890 1.558614 -0.137153 -0.526906 
140874259189890 1.908020 0.094143 -0.650477 
140874279064890 1.925997 0.101200 -1.005609 
140874298939890 1.578321 0.102532 -1.551956 
140874318814890 1.167396 0.132226 -1.690973 
140874338689890 0.686296 -0.039947 -1.345961 
140874358564890 0.079096 -0.605070 -0.732236 
140874378439890 -1.002280 -1.171923 -0.205330 
140874398314890 -0.754606 0.821185 0.084422 
140874418190931 1.063533 3.054377 0.215450 
140874438066973 1.129046 1.975665 0.307062 
140874457943015 0.587759 1.525990 0.203199 
140874477819056 0.972985 2.293380 -0.313454 
140874497695098 1.617603 2.163684 -1.052880 
140874517571140 2.136652 2.125600 -1.557282 
140874537447181 2.035053 1.188967 -1.291765 
140874557323223 0.726243 -0.030227 -0.662993 
140874577199265 -0.237287 0.052864 -0.268713 
140874597075306 -0.159923 0.820386 -0.204797 
140874616951348 0.373508 1.516802 -0.265117 
140874636827390 0.681636 1.915344 -0.244212 
140874656703431 0.634364 1.810815 -0.107991 
140874676579473 0.339420 0.998019 0.023436 
140874696455515 0.030759 0.523178 -0.069375 
140874716331556 -0.267914 1.032773 -0.291483 
140874736207598 -0.321576 1.367266 -0.444881 
140874756082598 -0.016378 0.861532 -0.442484 
140874775957598 0.342083 0.518517 -0.238220 
140874795832598 0.378302 0.534629 0.029561 
140874815707598 0.131161 0.540089 0.161387 
140874835582598 -0.163118 0.407596 0.034222 
140874855457598 -0.353401 0.267647 -0.126900 
140874875332598 -0.337289 0.086819 -0.375772 
140874895207598 -0.088683 -0.263520 -0.667255 
140874915082598 0.019974 0.342216 -0.636096 
140874934957598 -0.400939 1.115731 -0.382297 
140874954832598 -1.175119 0.610796 -0.193745 
140874974707598 -1.600958 -0.842091 -0.358594 
140874994582598 -0.937831 -1.327851 -0.169111 
140875014457598 -0.111586 -1.268196 0.699479 
140875034332598 0.658866 -2.082457 0.937698 
140875054207598 1.026515 -1.769003 0.706403 
140875074082598 0.407330 -1.422393 0.583099 
140875093957598 -0.272974 -2.019074 0.667654 
140875113832598 -0.621315 -3.211370 0.859535 
140875133707598 -1.114266 -4.310856 1.023718 
140875153582598 -1.284575 -3.849463 1.020523 
140875173457598 -1.511609 -3.093126 0.736363 
140875193332598 -1.572196 -2.411091 0.449009 
140875213207598 -1.310541 -2.224936 0.545149 
140875233082598 -0.807736 -2.045573 0.717988 
140875252957598 -0.236222 -1.404151 0.637560 
140875272832598 0.499742 -0.421312 0.403735 
140875292707598 1.240766 0.474974 -0.150202 
140875312582598 1.175518 0.329699 -0.617986 
140875332457598 -0.377636 -0.708933 -0.611195 
140875352332598 -1.409344 -1.074452 -0.019574 
140875372207598 -0.962998 -2.813894 0.883902 
140875392082598 -0.985369 -1.699495 0.451272 
140875411957598 -0.484029 0.629970 -0.238220 
140875431832598 0.531433 3.143193 -0.534230 
140875451707598 1.447960 4.046138 -0.135555 
140875471582598 0.546081 1.526390 0.200536 
140875491457598 0.997087 3.246524 -0.199071 
140875511332598 2.632000 3.120290 -0.553671 
140875531207598 3.284607 1.704156 -1.294562 
140875551082598 2.772482 0.950215 -1.960351 
140875570957598 0.373908 0.523577 -1.939845 
140875590832598 -0.852078 1.420396 -1.420263 
140875610707598 -0.264585 1.935318 -1.025183 
140875630582598 0.387623 1.898832 -0.623579 
140875650458119 0.631701 1.980458 -0.241149 
140875670334160 0.585629 2.186321 0.020773 
140875690210202 0.185755 1.771001 0.317049 
140875710086244 -0.260990 1.668602 0.248206 
140875729962285 -0.443017 2.381530 -0.015979 
140875749838327 -0.361923 2.487923 -0.122638 
140875769714369 -0.056592 1.466868 -0.043010 
140875789590410 0.303201 0.603206 -0.029561 
140875809466452 0.413455 0.362056 -0.035021 
140875829342494 0.261655 0.468317 -0.071639 
140875849218535 0.022903 0.584563 -0.067911 
140875869094577 -0.158591 0.641422 -0.150468 
140875888970619 -0.045673 0.283760 -0.237021 
140875908846660 0.068310 0.163651 -0.198672 
140875928722702 -0.337156 0.869388 -0.211455 
140875948598744 -0.984437 0.864328 -0.275238 
140875968474785 -1.402420 0.291216 -0.499076 
140875988349785 -1.248223 -0.406531 -0.609331 
140876008224785 -0.473377 -1.409078 -0.273506 
140876028099785 0.517186 -1.455017 0.458063 
140876047974785 1.091762 -1.678456 0.825979 
140876067849785 0.341550 -1.292032 0.580702 
140876087724785 -0.506799 -0.577240 0.383229 
140876107599785 -0.747282 -1.321060 0.573778 
140876127474785 -0.993225 -2.922551 0.789893 
140876147349785 -1.503487 -4.454134 0.844754 
140876167224785 -1.831321 -4.510459 0.815459 
140876187099785 -1.574327 -3.916442 0.624245 
140876206974785 -1.496030 -3.195391 0.526240 
140876226849785 -1.612942 -1.764609 0.523843 
140876246724785 -1.241698 -1.281379 0.707601 
140876266599785 -0.378701 -1.319862 0.759932 
140876286474785 0.474575 -0.859401 0.495081 
140876306349785 1.122388 -0.269645 0.347409 
140876326224785 1.433445 0.713460 -0.013982 
140876346099785 1.301619 1.274987 -0.630103 
140876365974785 0.901479 0.704672 -0.974583 
140876385849785 0.231162 -0.443682 -0.887365 
140876405724785 -0.546081 -1.291233 -0.309326 
140876425599785 -1.075251 -2.049834 0.875913 
140876445474785 -1.156876 -1.078579 0.760465 
140876465349785 -0.532366 0.210256 0.000666 
140876485224785 0.641422 1.952628 -0.379234 
140876505099785 1.406015 3.034270 -0.397743 
140876524974785 0.805206 1.790974 -0.061652 
140876544849785 0.139683 1.650626 0.058856 
140876564724785 1.286306 3.170358 -0.077764 
140876584599785 2.164349 2.153164 -0.517984 
140876604474785 2.289651 1.114266 -1.346626 
140876624349785 1.961150 1.323990 -1.847567 
140876644224785 0.347276 0.694951 -1.307478 
140876664099785 -0.577906 0.357130 -0.773248 
140876683974785 -0.179630 0.652873 -0.485361 
140876703849785 0.354200 0.971387 -0.200136 
140876723724785 0.692954 1.453552 -0.109056 
140876743599785 0.705071 1.491369 -0.003329 
140876763474785 0.296010 1.142362 0.118777 
140876783349785 -0.221175 1.040629 0.050334 
140876803224785 -0.492951 1.562875 -0.146607 
140876823099785 -0.389753 1.788711 -0.147805 
140876842974785 -0.018642 1.291100 0.069242 
140876862849785 0.328501 0.626508 0.224637 
140876882724785 0.374706 0.507465 0.212387 
140876902600306 0.191881 0.647414 0.136221 
140876922476348 -0.067511 0.759400 0.096939 
140876942352390 -0.225170 0.856072 -0.066845 
140876962228431 -0.232893 0.913197 -0.254731 
140876982104473 -0.081360 0.601608 -0.284026 
140877001980515 -0.054728 0.522379 -0.154064 
140877021856556 -0.311590 0.723314 -0.211455 
140877041732598 -0.540222 0.473909 -0.325172 
140877061608640 -0.547412 -0.121174 -0.359260 
140877081484681 -0.389753 -0.500141 -0.237554 
140877101360723 -0.195609 -0.568451 0.155795 
140877121236765 0.147406 -1.096023 0.637960 
140877141112806 0.760332 -2.265683 0.988964 
140877160988848 0.895088 -1.849697 0.935701 
140877180864890 0.261123 -0.788695 0.665657 
140877200740931 -0.399607 -1.402153 0.660330 
140877220616973 -0.702408 -3.032939 1.006541 
140877240491973 -1.666206 -4.667053 1.163135 
140877260366973 -2.379400 -3.938946 1.236638 
140877280241973 -2.154362 -3.021221 1.194427 
140877300116973 -1.996970 -2.022403 1.141031 
140877319991973 -1.940777 -0.956340 1.194294 
140877339866973 -1.275520 -0.760332 1.147822 
140877359741973 -0.421978 -0.645949 0.855806 
140877379616973 0.349406 -0.442750 0.426505 
140877399491973 0.918524 -0.001997 -0.077365 
140877419366973 1.122655 0.562326 -0.560994 
140877439241973 1.092561 0.926247 -0.977246 
140877459116973 0.940228 0.722515 -1.356880 
140877478991973 0.467917 -0.132226 -1.388438 
140877498866973 -0.515721 -0.758734 -0.959669 
140877518741973 -0.990961 -1.231178 0.189484 
140877538616973 -0.847817 -0.937033 0.858070 
140877558491973 -0.443815 0.181228 0.795086 
140877578366973 0.598944 2.166746 0.717189 
140877598241973 1.414004 3.432546 0.664858 
140877618116973 0.342882 1.876861 0.478303 
140877637991973 -0.222507 1.885383 0.017177 
140877657866973 1.271259 2.862896 -0.506400 
140877677741973 2.548510 1.761280 -1.463273 
140877697616973 3.019357 0.997220 -2.429067 
140877717491973 2.512824 0.486959 -2.971686 
140877737366973 0.609730 -0.201335 -2.170608 
140877757241973 -0.680703 0.259658 -1.496562 
140877777116973 -0.509596 1.028778 -1.205213 
140877796991973 0.076832 1.266465 -0.894555 
140877816866973 0.398275 1.491502 -0.444881 
140877836741973 0.444082 1.643435 0.015846 
140877856616973 0.209990 1.946370 0.352869 
140877876491973 -0.355532 2.098836 0.760731 
140877896366973 -0.948218 1.784050 1.162203 
140877916241973 -0.955675 1.316799 1.287238 
140877936116973 -0.301736 0.551141 0.860733 
140877955991973 0.391618 0.188152 0.335558 
140877975866973 0.629970 0.180962 -0.033955 
140877995741973 0.466053 0.119310 -0.170043 
140878015616973 0.152865 0.190549 -0.176701 
140878035491973 -0.105062 0.610130 -0.293214 
140878055366973 -0.228233 1.017194 -0.382030 
140878075241973 -0.339153 1.147822 -0.241282 
140878095116973 -0.562326 0.781371 -0.232094 
140878114991973 -0.867790 0.155395 -0.334360 
140878134866973 -0.909735 -0.665657 -0.391351 
140878154741973 -0.461525 -1.741307 -0.395346 
140878174616973 0.267514 -1.929326 -0.037284 
140878194492494 0.967126 -1.525591 0.469115 
140878214368535 1.135305 -1.129046 0.798282 
140878234244577 0.618519 -0.200270 0.699479 
140878254120619 -0.078164 0.016512 0.556867 
140878273996660 -0.199604 -1.485910 0.820120 
140878293872702 -0.411858 -3.451321 1.081109 
140878313748744 -1.093759 -5.459077 1.161270 
140878333624785 -1.653689 -5.404615 1.019857 
140878353500827 -1.615605 -4.008587 0.604937 
140878373376869 -1.845436 -2.397376 0.481100 
140878393252910 -2.157159 -1.054877 0.760465 
140878413128952 -1.542369 -0.713327 0.997619 
140878433004994 -0.486160 -0.413056 0.764460 
140878452881035 0.345545 -0.384560 0.570981 
140878472757077 0.913597 -0.106660 0.198805 
140878492633119 1.076316 0.550076 -0.696816 
140878512509160 0.816258 0.388155 -1.397493 
140878532384160 0.490421 -0.415453 -1.614540 
140878552259160 0.058323 -1.334908 -1.338504 
140878572134160 -0.465520 -2.329332 -0.373109 
140878592009160 -0.944090 -2.026265 0.513990 
140878611884160 -1.003079 -0.668320 0.424907 
140878631759160 -0.808002 0.654205 -0.306929 
140878651634160 -0.350605 1.726792 -0.892025 
140878671509160 0.749280 3.340534 -0.786165 
140878691384160 1.479651 3.156776 0.169377 
140878711259160 0.748481 1.547162 0.852211 
140878731134160 0.779773 1.742638 1.078180 
140878751009160 1.120258 1.162735 0.570582 
140878770884160 1.168994 1.002014 -0.439288 
140878790759160 1.013865 1.011202 -1.000016 
140878810634160 0.479502 1.158741 -1.643169 
140878830509160 0.349806 1.429584 -2.125334 
140878850384160 0.502938 1.304549 -1.615739 
140878870259160 0.374174 0.908270 -0.868057 
140878890134160 0.326237 1.065530 -0.379500 
140878910009160 0.309859 1.404017 -0.108257 
140878929884160 0.222906 1.861814 -0.031026 
140878949759160 0.003862 2.144243 0.105994 
140878969634160 -0.223572 2.118676 0.180429 
140878989509160 -0.220110 1.959686 0.170842 
140879009384160 -0.025433 1.559945 0.221974 
140879029259160 0.171374 0.910800 0.338621 
140879049134160 0.275770 0.729173 0.266050 
140879069009160 0.211322 0.921853 0.205463 
140879088884160 -0.010253 0.963797 0.154064 
140879108759160 -0.160189 0.890161 -0.159124 
140879128634160 -0.133557 0.745685 -0.423842 
140879148509160 0.003196 0.443150 -0.377103 
140879168384160 -0.043143 0.737296 -0.178565 
140879188259160 -0.292015 1.100284 -0.128231 
140879208134160 -0.647148 1.070989 0.028363 
140879228009160 -0.991361 0.710531 -0.011052 
140879247884160 -0.863662 -0.318381 -0.296543 
140879267759160 -0.205196 -1.266199 -0.067245 
140879287634160 0.558464 -1.232111 0.454734 
140879307509160 0.945954 -1.002147 0.866592 
140879327384160 0.407463 -0.518917 0.715325 
140879347259160 -0.482298 0.084422 0.425839 
140879367134160 -0.737562 -0.433562 0.524909 
140879387009160 -0.604404 -1.878193 0.707468 
140879406884160 -0.572712 -3.362904 0.700145 
140879426759160 -1.058606 -4.392215 0.620649 
140879446634160 -1.485643 -3.725360 0.579637 
140879466509160 -1.735448 -2.083256 0.516253 
140879486384160 -1.815076 -0.789094 0.680038 
140879506259160 -1.423059 -0.086553 0.834235 
140879526134160 -0.794820 0.354067 0.854475 
140879546010202 -0.060587 0.616788 0.871252 
140879565886244 0.688160 1.045423 0.497744 
140879585762285 1.083906 1.381780 -0.050467 
140879605638327 1.211871 1.406148 -0.489755 
140879625514369 0.964596 0.805472 -0.751144 
140879645390410 0.177366 -0.124236 -0.962599 
140879665266452 -1.200685 -1.094425 -0.853942 
140879685142494 -2.265416 -1.664075 0.005859 
140879705018535 -1.584846 -1.259674 0.360592 
140879724894577 -0.129696 -0.218912 0.291749 
140879744770619 1.281246 1.223855 0.364187 
140879764646660 1.960751 2.248106 0.157393 
140879784522702 1.043159 1.174453 -0.169910 
140879804398744 0.779374 1.090164 -0.334226 
140879824274785 1.457946 1.365934 -0.549543 
140879844150827 2.088716 1.209607 -0.883902 
140879864025827 2.306962 0.295744 -1.232510 
140879883900827 1.806820 -0.368581 -1.254881 
140879903775827 0.580968 -0.663260 -0.738627 
140879923650827 -0.070973 -0.216914 -0.395346 
140879943525827 0.112252 0.268846 -0.296809 
140879963400827 0.458330 0.436359 -0.096273 
140879983275827 0.682967 0.605070 0.064715 
140880003150827 0.559397 0.627041 0.163651 
140880023025827 0.198672 0.554203 0.198539 
140880042900827 -0.127166 0.757802 0.155928 
140880062775827 -0.128098 1.095224 0.101600 
140880082650827 0.129563 1.046089 0.054462 
140880102525827 0.278167 0.765791 0.090281 
140880122400827 0.230097 0.651009 0.077365 
140880142275827 0.067911 0.603605 0.058723 
140880162150827 -0.097472 0.491220 0.103730 
140880182025827 -0.183359 0.282827 0.117179 
140880201900827 -0.119709 0.121307 0.051133 
140880221775827 0.024634 0.169377 0.125435 
140880241650827 -0.033689 0.742622 0.098803 
140880261525827 -0.406132 1.360741 0.025433 
140880281400827 -0.810532 1.182975 -0.112252 
140880301275827 -1.106010 0.421978 -0.123970 
140880321150827 -1.123454 -0.148737 -0.080561 
140880341025827 -0.724646 -1.026248 0.056858 
140880360900827 0.186155 -2.266348 0.134889 
140880380775827 0.978578 -2.328933 0.282029 
140880400650827 0.637693 -1.550624 0.385226 
140880420525827 0.048336 -0.860999 0.173239 
140880440400827 0.077365 -1.094692 0.113051 
140880460275827 0.110255 -1.830256 0.388954 
140880480150827 -1.365135 -4.319244 0.875780 
140880500025827 -2.781670 -3.639606 1.383378 
140880519900827 -2.867823 -1.572196 1.198555 
140880539775827 -2.098836 -1.589906 0.937166 
140880559650827 -1.502022 -1.421328 0.841026 
140880579525827 -1.108939 -0.816658 0.865660 
140880599400827 -0.598811 -0.734632 0.828908 
140880619275827 0.015047 -0.788428 0.540888 
140880639150827 0.506267 -0.782303 0.093077 
140880659025827 0.679372 -0.490288 -0.397343 
140880678900827 0.639957 -0.279499 -0.756071 
140880698775827 0.550475 -0.380832 -0.945022 
140880718650827 0.376171 -0.611861 -0.894422 
140880738525827 -0.142479 -1.291233 -0.479502 
140880758400827 -0.749147 -1.606284 0.039681 
140880778275827 -0.993225 -1.031841 -0.051532 
140880798150827 -0.600942 -0.337023 -0.375372 
140880818025827 0.293746 0.715724 -0.498410 
140880837900827 1.446362 2.569815 -0.482964 
140880857775827 2.347708 2.771550 -0.153265 
140880877650827 1.430649 0.668586 0.237820 
140880897525827 1.416534 1.545431 0.135022 
140880917401869 1.941177 0.859002 -0.322509 
140880937277910 1.680453 -0.491752 -1.239434 
140880957153952 0.653539 -0.344879 -1.746367 
140880977029994 0.068177 0.237953 -1.567136 
140880996906035 0.166980 0.190416 -1.080044 
140881016782077 0.427703 0.024634 -0.684965 
140881036658119 0.582033 0.115048 -0.274172 
140881056534160 0.508264 0.334093 0.150735 
140881076410202 0.119576 0.677907 0.543684 
140881096286244 -0.280564 1.060204 0.511726 
140881116162285 -0.355132 1.365002 0.185090 
140881136038327 -0.154330 1.482714 -0.091213 
140881155914369 0.158058 1.174054 -0.175635 
140881175790410 0.336490 0.764859 -0.221175 
140881195666452 0.232227 0.631968 -0.196674 
140881215542494 -0.037950 0.705338 -0.075367 
140881235417494 -0.220243 0.669119 0.072571 
140881255292494 -0.212653 0.673113 -0.002796 
140881275167494 -0.143278 0.994290 -0.181095 
140881295042494 -0.119310 1.002546 -0.284692 
140881314917494 -0.315451 0.666322 -0.200403 
140881334792494 -0.727708 0.274039 -0.296276 
140881354667494 -1.060603 0.016112 -0.395879 
140881374542494 -0.948484 -0.755938 -0.473909 
140881394417494 -0.071506 -1.892974 -0.294279 
140881414292494 0.898816 -1.457547 0.204131 
140881434167494 0.905208 -0.823182 0.502139 
140881454042494 0.315984 -0.953278 0.469914 
140881473917494 -0.139283 -0.907072 0.432364 
140881493792494 -0.491220 -1.289635 0.668852 
140881513667494 -0.929309 -2.606567 1.118793 
140881533542494 -1.623329 -4.153862 1.301220 
140881553417494 -2.166080 -4.008720 1.147555 
140881573292494 -1.874465 -3.536808 0.849548 
140881593167494 -1.498293 -3.157841 0.723314 
140881613042494 -1.500690 -1.872201 0.742755 
140881632917494 -1.165532 -1.163401 0.826378 
140881652792494 -0.452604 -0.881905 0.731969 
140881672667494 0.196142 -0.545282 0.472977 
140881692542494 0.626641 -0.272841 0.041545 
140881712417494 0.783768 -0.048336 -0.475507 
140881732292494 0.635430 0.005459 -0.900281 
140881752167494 0.522379 0.294412 -1.249288 
140881772042494 0.350871 0.629038 -1.185505 
140881791917494 -0.615722 0.247008 -0.511193 
140881811792494 -1.001348 -0.317715 0.689226 
140881831667494 -0.401338 -0.636229 1.066196 
140881851542494 0.031026 -0.470314 0.428236 
140881871417494 0.390153 1.007207 -0.624644 
140881891292494 1.442766 3.309508 -1.418931 
140881911167494 1.968075 2.660496 -1.468200 
140881931042494 0.818123 0.462058 -0.720251 
140881950917494 0.774846 2.288852 -0.057258 
140881970792494 1.243296 2.770751 -0.049934 
140881990667494 0.910934 1.755421 -0.790159 
140882010542494 0.213719 1.914146 -1.419996 
140882030417494 -0.319712 2.132658 -1.208408 
140882050292494 -0.380432 1.480583 -0.866858 
140882070167494 -0.107991 0.781238 -0.612926 
140882090042494 0.271775 0.560861 -0.295211 
140882109917494 0.658466 0.894422 -0.117845 
140882129792494 0.851012 1.276452 0.028496 
140882149667494 0.723713 1.392832 0.290417 
140882169542494 0.289219 1.295893 0.404268 
140882189417494 -0.187886 1.453552 0.251269 
140882209292494 -0.389886 1.902827 -0.010519 
140882229167494 -0.146607 1.530384 -0.085887 
140882249042494 0.252867 0.686429 -0.019308 
140882268917494 0.405732 0.397743 -0.007989 
140882288792494 0.209191 0.564590 0.041945 
140882308667494 -0.145542 0.768055 0.115981 
140882328542494 -0.326636 0.843556 -0.018109 
140882348417494 -0.340219 0.819055 -0.192680 
140882368292494 -0.203332 0.516387 -0.324373 
140882388168535 -0.172173 0.487225 -0.283493 
140882408044577 -0.413322 0.750878 -0.174304 
140882427920619 -0.705471 0.620117 -0.243280 
140882447796660 -0.959270 0.439022 -0.310924 
140882467672702 -1.047953 -0.025034 -0.333960 
140882487548744 -0.719186 -0.916526 -0.210523 
140882507424785 0.016112 -1.442766 0.253133 
140882527300827 0.835832 -1.744636 0.726510 
140882547176869 1.000016 -1.690174 0.608132 
140882567052910 0.377103 -1.067128 0.226102 
140882586928952 -0.015047 -1.208542 0.370445 
140882606804994 -0.098404 -2.229064 0.775645 
140882626681035 -0.275104 -3.780754 1.047687 
140882646557077 -1.133574 -5.288768 1.048619 
140882666433119 -1.645167 -4.050931 0.968058 
140882686308640 -1.578987 -2.452104 0.753674 
140882706183640 -1.460610 -1.735980 0.732768 
140882726058640 -1.247823 -0.909602 0.829441 
140882745933640 -0.672048 -0.457664 0.775512 
140882765808826 0.198805 -0.318647 0.469781 
140882785683774 0.890161 0.031026 -0.023702 
140882805558774 1.183508 0.575109 -0.519582 
140882825433774 1.231578 0.939296 -0.943158 
140882845308774 0.959270 0.339420 -1.160205 
140882865183774 0.054462 -0.838229 -0.928244 
140882885058774 -0.849148 -1.286039 -0.133557 
140882904933774 -1.229714 -1.986317 1.023053 
140882924808774 -1.227051 -1.404151 0.900814 
140882944683774 -0.654205 0.177500 0.194277 
140882964558774 0.670317 2.290184 -0.244611 
140882984433774 1.610945 3.427353 -0.429967 
140883004308774 1.173921 1.629188 -0.181761 
140883024183774 0.919056 1.994573 -0.194011 
140883044058774 1.926662 2.809233 -0.359127 
140883063933774 2.259291 1.609880 -0.770452 
140883083808774 1.326653 0.415053 -1.203881 
140883103683774 -0.207593 0.384826 -1.205479 
140883123558774 -0.384560 0.846219 -0.952213 
140883143433774 0.047138 0.569916 -0.749946 
140883163308774 0.472711 0.568451 -0.536760 
140883183183774 0.747149 0.752609 -0.202533 
140883203058774 0.742755 0.852344 0.060187 
140883222933774 0.410526 0.951014 0.341151 
140883242808774 -0.110521 1.111336 0.527172 
140883262683774 -0.479768 1.577256 0.457398 
140883282558774 -0.537692 1.688975 0.294013 
140883302433774 -0.175369 1.227583 0.051133 
140883322308774 0.310924 0.758335 -0.182027 
140883342183774 0.489622 0.640623 -0.308394 
140883362058774 0.351271 0.712795 -0.145275 
140883381933774 0.044874 0.713993 0.056592 
140883401808774 -0.145142 0.718387 0.137685 
140883421683774 -0.118377 0.897085 0.013582 
140883441558774 -0.059122 0.996687 -0.099469 
140883461433774 -0.073770 0.692821 -0.179231 
140883481308774 -0.455400 0.502671 -0.272308 
140883501183774 -0.913597 0.307595 -0.391351 
140883521058774 -1.074984 -0.099602 -0.457930 
140883540933774 -0.720651 -0.859801 -0.415719 
140883560808774 0.125701 -1.457414 -0.027564 
140883580683774 0.925315 -1.169926 0.449941 
140883600558774 0.913597 -1.239567 0.638626 
140883620433774 0.101733 -0.884036 0.488823 
140883640308774 -0.492418 -0.369247 0.380299 
140883660183774 -0.742888 -1.097488 0.538358 
140883680058774 -0.915195 -2.352635 0.744752 
140883699933774 -1.160472 -3.521628 0.715857 
140883719808774 -1.493899 -4.069174 0.521846 
140883739683774 -1.422660 -3.933353 0.356331 
140883759558774 -1.131843 -3.355980 0.276303 
140883779433774 -1.082042 -2.231328 0.281230 
140883799308774 -0.870054 -1.282444 0.579637 
140883819184294 -0.462990 -0.812397 0.755671 
140883839060336 0.071240 -0.429035 0.724646 
140883858936378 0.634764 -0.022237 0.444614 
140883878812419 0.913730 0.527838 -0.108124 
140883898688461 1.007473 0.819854 -0.655803 
140883918564503 1.047953 0.527838 -1.065397 
140883938440544 0.631435 -0.511193 -1.171790 
140883958316586 -0.554070 -1.569267 -0.954876 
140883978192628 -1.695900 -1.926396 0.264052 
140883998068669 -1.812946 -1.429717 0.842224 
140884017944711 -0.846618 -0.546480 0.254465 
140884037820753 0.278167 0.961667 -0.465653 
140884057696794 1.419996 3.042260 -0.906007 
140884077572836 2.237187 3.037599 -0.429967 
140884097448878 1.025716 -0.170442 0.352869 
140884117324919 0.478170 1.218395 0.217713 
140884137199919 1.386707 2.626274 -0.122372 
140884157074919 1.661279 1.528254 -0.784300 
140884176949919 0.890294 0.917858 -1.470596 
140884196824919 -0.188818 1.458080 -1.432913 
140884216699919 -0.436625 1.483646 -1.100551 
140884236574919 -0.135555 0.982173 -0.808136 
140884256449919 0.234757 0.776178 -0.486160 
140884276324919 0.480434 0.933837 -0.213985 
140884296199919 0.478170 0.988964 -0.012384 
140884316074919 0.207993 0.872584 0.099868 
140884335949919 -0.112119 1.152216 -0.034887 
140884355824919 -0.262854 1.741440 -0.200935 
140884375699919 -0.239019 1.892574 -0.134223 
140884395574919 -0.032357 1.471662 0.040081 
140884415449919 0.199604 0.828642 0.126367 
140884435324919 0.333294 0.490953 0.083756 
140884455199919 0.298673 0.338354 0.052997 
140884475074919 0.126500 0.211987 0.110654 
140884494949919 -0.024767 0.304932 0.109855 
140884514824919 0.002796 0.544749 0.009587 
140884534699919 0.096540 0.631302 -0.065780 
140884554574919 0.110255 0.491087 -0.098670 
140884574449919 -0.168711 0.678040 -0.146607 
140884594324919 -0.668852 0.690024 -0.276036 
140884614199919 -1.211871 0.339286 -0.389620 
140884634074919 -1.462740 -0.094808 -0.409461 
140884653949919 -1.141430 -0.664458 -0.276702 
140884673824919 -0.378834 -1.702025 0.072971 
140884693699919 0.760465 -2.433462 0.553804 
140884713574919 1.328384 -1.904159 0.887764 
140884733449919 0.881905 -1.570199 0.711197 
140884753324919 0.285624 -1.667271 0.518650 
140884773199919 0.160588 -2.793920 0.762596 
140884793074919 -0.312522 -4.603404 0.988165 
140884812949919 -1.728390 -5.329247 1.284841 
140884832824919 -2.288852 -2.753706 1.416934 
140884852699919 -2.023602 -1.354616 1.282711 
140884872574919 -1.535178 -1.160605 1.208275 
140884892449919 -1.067794 -0.659265 1.118394 
140884912324919 -0.324905 -0.134889 0.813329 
140884932199919 0.510661 0.041812 0.255264 
140884952074919 0.975915 0.197740 -0.316516 
140884971949919 1.109073 0.496413 -0.770186 
140884991824919 1.094825 0.560062 -1.204547 
140885011699919 0.800945 0.086819 -1.427986 
140885031574919 -0.009055 -1.031575 -1.195492 
140885051449919 -0.796684 -1.435576 -0.262721 
140885071324919 -0.872850 -1.553953 0.984570 
140885091199919 -0.697748 -1.321859 1.141430 
140885111074919 -0.173505 -0.252601 0.447677 
140885130949919 0.767256 1.128514 -0.209990 
140885150824919 1.414803 1.802293 -0.792956 
140885170699919 1.415869 1.386174 -0.869921 
140885190574919 0.486825 -0.457664 -0.497345 
140885210449919 0.323174 0.544616 -0.436092 
140885230324919 1.313603 2.151566 -0.688427 
140885250199919 1.640772 1.717738 -1.055943 
140885270075961 0.955941 0.981241 -1.145425 
140885289952003 0.006258 0.687228 -0.816924 
140885309828044 -0.309193 0.863130 -0.486959 
140885329704086 -0.056193 1.388704 -0.303201 
140885349580128 0.291882 1.649827 -0.253666 
140885369456169 0.355931 1.180845 -0.147672 
140885389332211 0.163385 0.541154 -0.127432 
140885409208253 -0.143944 0.762729 -0.194677 
140885429084294 -0.482964 1.690307 -0.223306 
140885448960336 -0.573378 2.091246 -0.240084 
140885468836378 -0.225703 1.838246 -0.078031 
140885488712419 0.195210 1.328251 0.186554 
140885508588461 0.323574 0.851012 0.295344 
140885528464503 0.245676 0.875247 0.242347 
140885548340544 0.128631 1.002014 0.187620 
140885568216065 0.071905 0.909336 0.190416 
140885588091065 0.134223 0.765791 0.229298 
140885607966065 0.236222 0.849415 0.152333 
140885627841065 0.177766 1.022786 -0.043276 
140885647716065 -0.016245 0.801611 -0.155262 
140885667591065 -0.304532 0.548478 -0.162320 
140885687466065 -0.634897 0.380299 -0.223572 
140885707341065 -0.931839 0.178032 -0.292015 
140885727216065 -1.051016 -0.156461 -0.310791 
140885747091065 -0.764992 -0.970189 -0.239551 
140885766966065 0.140748 -2.158091 -0.000666 
140885786841065 1.134639 -1.470596 0.596681 
140885806716065 1.430782 -1.072055 0.878177 
140885826591065 0.745818 -1.136903 0.604404 
140885846466065 0.430500 -1.436908 0.345545 
140885866341065 0.405599 -2.170075 0.564989 
140885886216065 -0.069908 -3.138400 0.911732 
140885906091065 -1.404151 -4.694750 1.155944 
140885925966065 -2.422676 -3.879823 1.296160 
140885945841065 -2.031325 -2.397908 1.082707 
140885965716065 -1.523993 -1.830389 0.944889 
140885985591065 -1.415336 -0.883503 1.026381 
140886005466065 -1.043026 -0.128098 1.034238 
140886025341065 -0.339952 0.050866 0.774047 
140886045216065 0.314386 0.061120 0.306929 
140886065091065 0.793488 0.239551 -0.266183 
140886084966065 0.989896 0.677508 -0.678573 
140886104841065 0.995755 1.060603 -0.994024 
140886124716065 0.789360 0.800812 -1.095624 
140886144591065 0.150468 -0.138351 -0.918923 
140886164466065 -0.813995 -1.209207 -0.392283 
140886184341065 -1.230646 -1.653156 0.544882 
140886204216065 -1.197223 -0.736363 0.425706 
140886224091065 -0.557799 0.470580 -0.339686 
140886243966065 0.618652 2.296043 -0.771517 
140886263841065 2.140248 4.678771 -0.679505 
140886283716065 2.686195 3.749728 0.287488 
140886303591065 0.436758 -0.014381 0.731170 
140886323466065 0.237421 2.205761 0.327968 
140886343341065 1.333577 2.492850 -0.188285 
140886363216065 1.450090 0.290950 -0.804674 
140886383091065 0.538224 -0.389886 -1.438905 
140886402966065 0.019042 0.416518 -1.757951 
140886422841065 0.065647 0.262987 -1.404284 
140886442716065 0.294679 0.197740 -1.223189 
140886462591065 0.528903 0.700011 -1.114932 
140886482466065 0.541021 1.284575 -0.735698 
140886502341065 0.149270 1.503753 -0.122372 
140886522216065 -0.500674 1.818272 0.501739 
140886542091065 -0.844088 1.947036 1.133574 
140886561966065 -0.560462 1.421195 1.255813 
140886581841065 -0.031825 1.030776 0.685364 
140886601716065 0.211322 0.831705 0.067511 
140886621591065 0.186821 0.435693 -0.361657 
140886641466065 0.063383 0.184291 -0.362855 
140886661341065 -0.111453 0.213852 -0.071240 
140886681216065 -0.156727 0.368448 0.072704 
140886701092107 -0.054328 0.530634 -0.035819 
140886720968149 0.073237 0.324905 -0.212121 
140886740844190 0.062851 0.157925 -0.252334 
140886760720232 -0.288287 0.511460 -0.234891 
140886780596274 -0.705737 0.544083 -0.339020 
140886800472315 -0.981108 0.162586 -0.413322 
140886820348357 -0.865793 -0.495880 -0.375772 
140886840224399 -0.165648 -1.789110 -0.079895 
140886860100440 0.908670 -2.031591 0.330631 
140886879976482 1.427453 -1.300820 0.757802 
140886899852524 0.828376 -0.994424 0.795885 
140886919728565 0.010519 -0.998818 0.516120 
140886939604607 -0.087218 -2.014014 0.584164 
140886959480649 -0.120774 -3.340267 0.856472 
140886979356690 -1.330381 -5.072386 1.090430 
140886999232211 -2.567951 -4.216846 1.419331 
140887019107211 -2.552105 -2.563823 1.322658 
140887038982211 -2.047304 -1.871668 1.123320 
140887058857211 -1.574593 -0.966727 1.041695 
140887078732211 -0.822650 -0.431831 0.881106 
140887098607211 0.043942 -0.314386 0.524110 
140887118482211 0.731836 -0.184157 0.019574 
140887138357211 1.070989 0.196142 -0.544083 
140887158232211 1.194427 0.603871 -0.982040 
140887178107211 1.210006 0.697481 -1.346760 
140887197982211 0.834501 0.237421 -1.397892 
140887217857211 -0.164716 -0.353668 -1.178315 
140887237732211 -0.981241 -0.628905 -0.362056 
140887257607211 -1.104945 -1.364869 0.756870 
140887277482211 -0.698147 -0.852078 0.701343 
140887297357211 -0.108923 0.347809 0.112652 
140887317232211 0.872451 2.675010 -0.524776 
140887337107211 2.591653 5.128046 -0.695484 
140887356982211 3.369429 4.128962 0.025966 
140887376857211 1.044757 -0.223306 0.379900 
140887396732211 -0.382430 0.861133 0.078963 
140887416607211 0.101067 1.710813 -0.475773 
140887436482211 0.734366 1.377253 -0.883769 
140887456357211 0.535162 0.523178 -1.085903 
140887476232211 -0.044608 -0.242747 -1.158874 
140887496107211 -0.164983 -0.075501 -1.084305 
140887515982211 0.019308 0.522379 -0.966993 
140887535857211 0.204531 1.332512 -0.655270 
140887555732211 0.157925 1.815342 -0.096273 
140887575607211 -0.253799 1.980591 0.429568 
140887595482211 -0.511593 1.846501 0.411591 
140887615357211 -0.288287 1.685913 0.019841 
140887635232211 0.021438 1.380715 -0.052464 
140887655107211 0.268047 0.887098 0.103197 
140887674982211 0.283360 0.623712 0.188685 
140887694857211 0.054994 0.444748 0.179630 
140887714732211 -0.124769 0.444082 0.152200 
140887734607211 -0.050733 0.531034 0.097338 
140887754482211 0.058989 0.492684 0.040480 
140887774357211 0.041412 0.484429 -0.078297 
140887794232211 -0.042744 0.447278 -0.260057 
140887814107211 -0.162719 0.365519 -0.296809 
140887833982211 -0.488557 0.558464 -0.226768 
140887853857211 -0.788828 0.368049 -0.291483 
140887873732211 -1.021055 0.085621 -0.326370 
140887893607211 -0.957672 -0.567120 -0.362323 
140887913482211 -0.322908 -1.957688 -0.152998 
140887933357211 0.755805 -2.444114 0.175902 
140887953232211 1.432513 -1.129579 0.582033 
140887973107211 1.013332 -0.649811 0.644618 
140887992982211 0.342083 -0.620250 0.280830 
140888012857211 0.129430 -1.219860 0.331963 
140888032732211 0.000666 -1.797233 0.742622 
140888052607211 -0.474175 -3.230279 1.203748 
140888072482211 -1.743703 -4.997152 1.485111 
140888092357211 -2.303633 -3.848265 1.388837 
140888112232732 -2.020938 -2.864228 1.052614 
140888132108774 -1.898167 -1.825196 0.922385 
140888151984815 -1.637577 -0.698280 0.937166 
140888171860857 -0.747282 -0.377503 0.778575 
140888191736899 0.193745 -0.116780 0.410925 
140888211612940 0.869788 0.262188 -0.066579 
140888231488982 1.158075 0.776977 -0.573378 
140888251365024 1.248090 1.055676 -1.032374 
140888271241065 1.223322 0.736497 -1.381647 
140888291117107 0.680437 -0.186022 -1.397626 
140888310993149 -0.329433 -0.616521 -1.067527 
140888330869190 -0.722382 -0.637294 0.096540 
140888350745232 -0.786697 -0.938231 0.968192 
140888370621274 -0.664591 -0.568318 0.670983 
140888390497315 -0.255131 0.352735 -0.178565 
140888410373357 0.717056 2.311223 -0.921853 
140888430248357 2.535727 4.423108 -0.626508 
140888450123357 3.359309 3.539072 0.457264 
140888469998357 1.032507 -0.487624 0.624378 
140888489873357 -0.380565 0.988432 0.010519 
140888509748357 0.274971 2.018408 -0.525574 
140888529623357 0.867524 1.609880 -0.731170 
140888549498357 0.530368 0.130894 -0.768455 
140888569373357 -0.033822 -0.933837 -0.936766 
140888589248357 -0.077897 -0.605070 -1.085371 
140888609123357 0.077631 0.092811 -1.101483 
140888628998357 0.144743 0.934369 -0.725178 
140888648873357 -0.074568 1.437440 -0.133291 
140888668748357 -0.441285 1.912947 0.343414 
140888688623357 -0.441685 1.805222 0.334493 
140888708498357 -0.049402 1.348890 0.015313 
140888728373357 0.294412 0.863662 0.009321 
140888748248357 0.452471 0.576441 0.139949 
140888768123357 0.397343 0.540089 0.193212 
140888787998357 0.076832 0.350472 0.217713 
140888807873357 -0.257661 0.283493 0.170176 
140888827748357 -0.300005 0.491752 0.082425 
140888847623357 -0.138884 0.483630 -0.024368 
140888867498357 0.000932 0.404134 -0.102931 
140888887373357 -0.063117 0.293880 -0.170708 
140888907248357 -0.164184 0.059122 -0.235157 
140888927123357 -0.361258 0.352602 -0.189750 
140888946998357 -0.646082 0.364986 -0.301070 
140888966873357 -0.912931 -0.030893 -0.369913 
140888986748357 -0.869122 -0.411059 -0.302801 
140889006623357 -0.376438 -1.122122 -0.148205 
140889026498357 0.433829 -1.785382 0.046738 
140889046373357 1.178315 -1.450889 0.347675 
140889066248357 1.197756 -1.380449 0.665923 
140889086123357 0.627174 -1.714009 0.589490 
140889105998357 0.288021 -2.117478 0.284292 
140889125873357 0.235823 -2.837862 0.449541 
140889145748357 -0.225436 -3.813511 0.831571 
140889165623357 -1.539705 -4.801010 1.250753 
140889185498357 -2.212153 -3.077547 1.278183 
140889205373357 -2.113883 -1.953960 1.051149 
140889225248357 -1.695101 -1.632650 1.067527 
140889245123357 -1.619201 -0.899748 1.248888 
140889264998357 -1.331446 -0.634098 1.297358 
140889284873357 -0.629438 -0.659265 0.919189 
140889304748357 0.043010 -0.526640 0.357263 
140889324623357 0.550475 -0.220110 -0.247940 
140889344498357 0.902678 0.109056 -0.627573 
140889364373357 1.007873 0.526773 -0.919589 
140889384248357 0.987899 0.564856 -1.212137 
140889404123357 0.828242 0.208659 -1.335175 
140889423998357 0.382163 -0.129563 -1.144226 
140889443873357 -0.282961 -0.528371 -0.519715 
140889463748357 -0.582699 -0.528770 0.129962 
140889483623357 -0.539423 -0.149803 0.084688 
140889503498357 -0.413056 0.372709 -0.356730 
140889523373357 0.035021 1.762479 -0.729306 
140889543248357 1.382046 3.930157 -0.754340 
140889563123357 2.861431 4.849746 0.000399 
140889582999399 2.296842 1.947169 0.561261 
140889602875440 0.535961 0.327569 0.316117 
140889622751482 -0.150602 1.337705 -0.083357 
140889642627524 0.078563 1.377519 -0.337555 
140889662503565 0.224771 0.609464 -0.494149 
140889682379607 0.015047 -0.145408 -0.870454 
140889702255649 0.089748 -0.493084 -1.029977 
140889722131690 0.347675 -0.472311 -1.014131 
140889742007732 0.535828 0.183891 -0.922785 
140889761883774 0.481366 1.131843 -0.526640 
140889781759815 0.037684 1.491769 0.006392 
140889801635857 -0.616921 1.614274 0.503071 
140889821511899 -0.756470 1.583115 0.660996 
140889841387940 -0.173105 1.533713 0.308261 
140889861263982 0.332762 1.123187 0.159124 
140889881139503 0.400007 0.551274 0.199471 
140889901014503 0.235956 0.314386 0.129563 
140889920889503 0.016778 0.287222 0.055527 
140889940764503 -0.148338 0.342749 0.080960 
140889960639503 -0.117845 0.354866 0.048469 
140889980514503 0.010786 0.410260 -0.049268 
140890000389503 0.027297 0.554070 -0.219711 
140890020264503 -0.079762 0.422777 -0.371910 
140890040139503 -0.352602 0.283760 -0.322109 
140890060014503 -0.627573 0.151667 -0.337555 
140890079889503 -0.801345 -0.044208 -0.377103 
140890099764503 -0.804008 -0.305331 -0.341284 
140890119639503 -0.337822 -1.180445 -0.167380 
140890139514503 0.629438 -2.006291 0.042611 
140890159389503 1.427187 -1.259541 0.363122 
140890179264503 1.025849 -0.564190 0.612793 
140890199139503 0.052331 -0.642354 0.496147 
140890219014503 -0.264052 -1.299222 0.399341 
140890238889503 -0.191747 -2.127465 0.512259 
140890258764503 -0.280697 -2.965028 0.700411 
140890278639503 -1.102148 -4.371975 0.904409 
140890298514503 -2.010286 -4.057723 0.995356 
140890318389503 -1.916676 -3.165431 0.830240 
140890338264503 -1.504419 -2.601241 0.748880 
140890358139503 -1.376321 -1.339702 0.896686 
140890378014503 -1.061269 -0.523178 1.060869 
140890397889503 -0.302934 -0.182160 0.846086 
140890417764503 0.404001 0.057125 0.417717 
140890437639503 0.820919 0.384693 -0.165782 
140890457514503 1.034504 0.569783 -0.693087 
140890477389503 1.170858 0.371244 -1.147422 
140890497264503 1.061402 -0.097738 -1.374323 
140890517139503 0.435560 -0.755272 -1.286173 
140890537014503 -0.518517 -0.888563 -0.782170 
140890556889503 -0.833169 -0.744752 0.177633 
140890576764503 -0.611728 -0.596681 0.746883 
140890596639503 -0.137685 0.115315 0.523178 
140890616514503 0.344346 1.077115 -0.011585 
140890636389503 1.150618 2.845852 -0.606002 
140890656264503 2.651841 4.542684 -0.525574 
140890676139503 2.994856 2.730138 0.147938 
140890696014503 0.830772 0.066046 0.096806 
140890715889503 -0.447278 1.382046 -0.332229 
140890735764503 -0.213719 2.038116 -0.643153 
140890755639503 0.290950 1.704289 -0.840094 
140890775514503 0.324506 0.906406 -1.023985 
140890795389503 0.063250 0.268846 -1.084838 
140890815264503 -0.062451 0.330631 -0.933304 
140890835139503 -0.005726 0.899748 -0.673779 
140890855014503 0.024501 1.604953 -0.249272 
140890874889503 -0.110388 2.174203 0.184024 
140890894764503 -0.420779 2.348773 0.441951 
140890914639503 -0.432897 1.975132 0.197740 
140890934514503 -0.094542 1.531450 -0.103597 
140890954389503 0.324905 1.139166 -0.107725 
140890974264503 0.556600 0.825979 0.032357 
140890994139503 0.449941 0.684299 0.189217 
140891014014503 0.074435 0.664325 0.252601 
140891033889503 -0.155662 0.823981 0.175635 
140891053764503 -0.089482 0.921986 0.080561 
140891073639503 0.049002 0.804008 0.019574 
140891093514503 0.138884 0.590289 -0.030893 
140891113389503 0.109589 0.573112 -0.020773 
140891133265024 -0.094942 0.731570 -0.051665 
140891153141065 -0.457930 0.580835 -0.137552 
140891173017107 -0.771118 0.172440 -0.212653 
140891192893149 -0.935035 -0.044075 -0.247940 
140891212769190 -0.919988 -0.342882 -0.231562 
140891232645232 -0.428635 -1.270993 -0.037284 
140891252521274 0.617986 -2.125334 0.308793 
140891272397315 1.387905 -1.652357 0.661928 
140891292273357 0.958870 -1.201617 0.663792 
140891312149399 0.108257 -1.102282 0.358861 
140891332025440 0.008655 -2.222539 0.488956 
140891351901482 -0.435826 -4.676507 0.950215 
140891371777524 -2.584729 -5.854556 1.525324 
140891391653565 -3.885815 -2.409493 1.648229 
140891411529607 -3.395128 -1.489904 1.400289 
140891431405128 -2.331463 -1.545298 1.208408 
140891451280128 -1.431049 -1.111070 1.197889 
140891471155128 -0.780439 -0.852877 1.036635 
140891491030128 -0.072704 -0.737162 0.497478 
140891510905128 0.559130 -0.623579 -0.087218 
140891530780128 0.994557 -0.273906 -0.392417 
140891550655128 1.291632 0.075767 -0.670717 
140891570530128 1.417866 0.469115 -1.056475 
140891590405128 1.411874 0.470181 -1.442234 
140891610280128 1.077647 0.156594 -1.477787 
140891630155128 0.067644 -0.538091 -1.144359 
140891650030128 -0.763794 -1.131976 -0.344746 
140891669905128 -0.957139 -0.775911 0.308793 
140891689780128 -0.684299 -0.111054 0.106127 
140891709655128 -0.159390 1.103081 -0.495747 
140891729530128 1.078713 3.592602 -0.878443 
140891749405128 2.994190 5.919537 -0.670583 
140891769280128 3.779689 5.177714 0.228366 
140891789155128 0.983105 -0.441552 0.756470 
140891809030128 -0.668986 0.164184 0.524642 
140891828905128 -0.050866 1.214534 0.038749 
140891848780128 0.850879 0.641156 -0.462458 
140891868655128 0.835966 -0.236755 -1.067128 
140891888530128 0.090814 -0.463656 -1.600958 
140891908405128 -0.117712 0.206262 -1.586178 
140891928280128 0.100135 1.106809 -1.513606 
140891948155128 0.389886 2.148104 -1.138101 
140891968030128 0.317449 2.559296 -0.400672 
140891987905128 -0.281363 1.932921 0.265117 
140892007780128 -0.827710 1.352885 0.757935 
140892027655128 -0.607200 1.622396 0.915860 
140892047530128 0.118910 1.395762 0.661262 
140892067405128 0.541820 0.821585 0.329965 
140892087280128 0.361258 0.395745 0.056725 
140892107155128 0.061253 0.262454 -0.065913 
140892127030128 -0.006791 0.323441 -0.081493 
140892146905128 0.062717 0.456599 -0.046872 
140892166780128 0.139017 0.454202 -0.028363 
140892186655128 0.159923 0.064582 -0.041945 
140892206530128 0.118910 -0.168445 -0.015446 
140892226405128 -0.145675 0.312655 -0.049402 
140892246280128 -0.594950 0.502538 -0.130495 
140892266155128 -1.011734 0.272574 -0.260191 
140892286030128 -1.350754 -0.105594 -0.396145 
140892305905128 -1.177915 -0.847284 -0.277368 
140892325780128 -0.188818 -2.446112 0.087485 
140892345655128 1.460476 -3.002579 0.636362 
140892365530128 1.962615 -2.604303 0.982972 
140892385405128 0.813329 -2.321875 0.960735 
140892405280128 -0.495214 -3.783950 1.164067 
140892425155128 -2.808035 -6.487189 2.156227 
140892445030128 -4.512723 -3.353716 2.466218 
140892464905128 -4.638291 -2.453302 2.635329 
140892484780128 -4.055192 -1.943307 2.325071 
140892504655128 -3.044523 -1.771134 1.817207 
140892524530128 -2.046638 -1.522129 1.345694 
140892544405128 -1.170458 -1.247424 0.912798 
140892564280128 -0.391085 -1.147023 0.402537 
140892584155128 0.231562 -0.909069 -0.049801 
140892604030128 0.761131 -0.438889 -0.365252 
140892623905128 1.059538 -0.056193 -0.602273 
140892643780128 0.989364 -0.003329 -0.717056 
140892663655128 0.792956 -0.489888 -0.764193 
140892683530128 0.862997 -1.372725 -0.825446 
140892703405649 1.083773 -1.877394 -0.776444 
140892723281690 0.946620 -0.790292 -0.698813 
140892743157732 0.352602 0.516253 -0.645550 
140892763033774 -0.132093 1.740508 -0.272308 
140892782909815 0.585629 2.488189 0.323441 
140892802785857 0.749679 1.161004 0.886433 
140892822661899 -0.245676 -0.320778 0.528238 
140892842537940 -0.367915 0.507598 -0.191348 
140892862413982 0.825446 0.827710 -0.578704 
140892882290024 1.077115 -0.133291 -1.274455 
140892902166065 1.457414 1.657683 -2.296842 
140892922042107 2.332262 2.919488 -2.560494 
140892941918149 2.771550 2.011617 -2.099235 
140892961794190 3.014297 1.576457 -1.453153 
140892981670232 3.001647 1.433978 -1.016528 
140893001545753 1.595365 0.938630 -0.654471 
140893021420753 -0.088550 0.942625 -0.509329 
140893041295753 -0.491220 1.432114 -0.527039 
140893061170753 -0.356996 1.564473 -0.505867 
140893081045753 -0.369114 1.643968 -0.527439 
140893100920753 -0.476972 1.811081 -0.499209 
140893120795753 -0.486559 1.836381 -0.367116 
140893140670753 -0.347942 1.572995 -0.128631 
140893160545753 -0.139150 1.242231 0.062717 
140893180420753 0.027164 1.108806 0.113850 
140893200295753 0.078563 1.121723 0.071506 
140893220170753 0.082558 1.114399 0.049801 
140893240045753 0.081360 0.637560 0.086553 
140893259920753 0.035154 0.173505 0.064448 
140893279795753 0.019042 0.358728 -0.002264 
140893299670753 -0.120108 0.738361 -0.066046 
140893319545753 -0.360725 0.986567 -0.082025 
140893339420753 -0.517718 1.076848 -0.077498 
140893359295753 -0.635030 1.073120 -0.090281 
140893379170753 -0.770452 0.613059 -0.145408 
140893399045753 -0.926646 -0.135688 -0.172839 
140893418920753 -0.954743 -0.906539 -0.186821 
140893438795753 -0.531167 -1.961683 -0.095208 
140893458670753 0.488690 -3.055043 0.034754 
140893478545753 1.606284 -2.772215 0.267248 
140893498420753 1.632783 -2.048635 0.518251 
140893518295753 0.958205 -1.512408 0.616122 
140893538170753 0.359660 -1.842107 0.425573 
140893558045753 -0.041412 -3.236138 0.681236 
140893577920753 -1.426921 -4.889960 1.188302 
140893597795753 -2.734266 -3.595132 1.507881 
140893617670753 -2.927211 -1.727059 1.417733 
140893637545753 -2.384593 -1.711612 1.345961 
140893657420753 -1.943041 -1.592436 1.317997 
140893677295753 -1.716805 -1.137169 1.281512 
140893697170753 -1.322525 -1.190565 1.068859 
140893717045753 -0.682967 -1.392300 0.559663 
140893736920753 -0.100534 -1.205079 0.000666 
140893756795753 0.389753 -0.653672 -0.293880 
140893776670753 0.782702 -0.150202 -0.446612 
140893796545753 1.034904 0.217047 -0.571780 
140893816420753 1.115464 0.397476 -0.765658 
140893836295753 1.102548 0.223705 -1.072055 
140893856170753 0.899482 -0.235823 -1.278450 
140893876045753 0.428769 -0.492285 -1.347958 
140893895920753 -0.101333 -0.368049 -1.157276 
140893915795753 -0.367116 0.185489 -0.684965 
140893935670753 -0.275104 0.710265 -0.390153 
140893955545753 -0.096540 1.112668 -0.433695 
140893975420753 0.294146 2.062617 -0.377769 
140893995295753 1.406015 3.662776 -0.068576 
140894015170753 2.614690 4.298738 0.583232 
140894035045753 1.732119 1.456881 0.931706 
140894054920753 0.213719 0.790559 0.710797 
140894074795753 0.227833 1.230513 0.216781 
140894094670753 0.787097 0.582167 -0.510394 
140894114545753 0.985635 0.111453 -1.259941 
140894134420753 0.480700 0.067378 -1.830389 
140894154295753 -0.058989 0.441552 -1.613475 
140894174170753 -0.218912 1.115464 -1.432114 
140894194045753 -0.032890 1.880723 -1.204414 
140894213920753 -0.004394 2.393514 -0.665790 
140894233795753 -0.320378 2.384060 -0.143944 
140894253670753 -0.576840 2.059021 0.223306 
140894273545753 -0.383362 1.640639 0.483763 
140894293420753 0.143677 1.429850 0.552472 
140894313295753 0.546214 1.065397 0.422111 
140894333170753 0.482564 0.578039 0.172173 
140894353045753 0.161920 0.235290 0.073104 
140894372921794 0.112252 0.243413 0.057258 
140894392797836 0.272574 0.254864 0.094808 
140894412673878 0.384826 0.267381 0.059921 
140894432549919 0.366051 0.335691 -0.044208 
140894452425961 0.183359 0.364453 -0.115315 
140894472302003 -0.170043 0.554470 -0.116780 
140894492178044 -0.579903 0.805206 -0.143145 
140894512054086 -0.917991 0.422643 -0.218246 
140894531930128 -1.102548 0.078696 -0.308926 
140894551806169 -1.137036 -0.260324 -0.378435 
140894571682211 -0.767123 -1.018658 -0.312255 
140894591558253 0.104662 -2.338786 -0.077897 
140894611434294 1.402020 -3.067560 0.205196 
140894631310336 1.727991 -2.789792 0.455267 
140894651186378 0.904941 -2.183657 0.455267 
140894671061378 0.264718 -1.892441 0.343414 
140894690936378 -0.114516 -3.408977 0.746350 
140894710811378 -1.970338 -5.630052 1.490038 
140894730686378 -3.571696 -2.965827 1.912281 
140894750561378 -3.765707 -1.326120 1.657950 
140894770436378 -2.999383 -1.779123 1.297358 
140894790311378 -2.092977 -1.629720 1.078313 
140894810186378 -1.271392 -1.369130 1.003212 
140894830061378 -0.509596 -1.263536 0.712795 
140894849936378 0.065114 -1.196557 0.311323 
140894869811378 0.514123 -0.875780 -0.099735 
140894889686378 0.902811 -0.417850 -0.343947 
140894909561378 1.156610 -0.046206 -0.553538 
140894929436378 1.227051 0.178964 -0.776977 
140894949311378 1.185239 0.170043 -1.065796 
140894969186378 0.888030 -0.135155 -1.174586 
140894989061378 0.272441 -0.676576 -0.941027 
140895008936378 -0.505068 -1.144759 -0.378968 
140895028811378 -0.698946 -0.610796 0.005193 
140895048686378 -0.663127 -0.129563 0.079229 
140895068561378 -0.272308 1.100684 -0.033156 
140895088436378 1.092561 3.524558 -0.254065 
140895108311378 2.300037 4.767588 -0.395879 
140895128186378 1.995771 2.717887 -0.047537 
140895148061378 0.943158 1.579786 0.212254 
140895167936378 0.925980 2.090580 0.244744 
140895187811378 0.807070 1.102015 -0.126234 
140895207686378 0.681369 0.698946 -0.862730 
140895227561378 0.733967 0.891492 -1.373524 
140895247436378 0.560994 0.845553 -1.034504 
140895267311378 0.162320 0.884036 -0.481765 
140895287186378 -0.009321 1.244095 -0.211322 
140895307061378 0.053663 2.018408 -0.181494 
140895326936378 -0.100534 2.783267 -0.152333 
140895346811378 -0.471113 2.823082 -0.226102 
140895366686378 -0.532232 2.265683 -0.281363 
140895386561378 -0.087485 1.591104 -0.157925 
140895406436378 0.541820 0.759666 -0.003063 
140895426311378 0.801744 0.395080 0.096406 
140895446186378 0.670317 0.408129 0.183359 
140895466061378 0.297209 0.425306 0.246209 
140895485936378 0.072971 0.583898 0.180296 
140895505811378 0.066978 0.530102 0.061120 
140895525686378 0.135688 0.095474 -0.083890 
140895545561378 0.240217 -0.223839 -0.115981 
140895565436378 0.004128 0.601741 -0.087751 
140895585311378 -0.557932 0.882171 -0.188419 
140895605186378 -1.047021 0.396411 -0.285091 
140895625061378 -1.288037 0.004927 -0.393748 
140895644936378 -1.112002 -0.849548 -0.294945 
140895664811378 -0.192014 -2.648911 -0.026765 
140895684686378 1.254348 -3.563440 0.308128 
140895704561378 1.809483 -2.183790 0.596148 
140895724436378 0.732102 -1.014530 0.416918 
140895744311378 -0.008522 -0.732901 0.083357 
140895764186378 0.198006 -2.112817 0.266183 
140895784061378 0.002131 -3.875296 0.707735 
140895803936378 -1.913080 -6.339118 1.326253 
140895823811378 -3.367165 -4.441617 1.779789 
140895843686378 -3.459843 -2.520547 1.424657 
140895863561378 -2.742388 -2.438522 1.224654 
140895883436378 -2.088449 -1.612010 1.215732 
140895903311378 -1.129313 -1.321326 1.074318 
140895923186378 -0.146074 -1.344895 0.627973 
140895943061378 0.530368 -1.184706 0.112652 
140895962936378 0.834368 -0.572180 -0.391484 
140895982811378 0.921853 -0.048736 -0.751011 
140896002686378 0.680570 0.264851 -0.954609 
140896022561378 0.391351 0.215450 -0.978844 
140896042436378 0.441951 -0.305598 -0.784433 
140896062311378 0.247541 -1.206278 -0.424374 
140896082186899 -0.372176 -1.246359 -0.289619 
140896102062940 -0.723181 -0.309859 -0.360858 
140896121938982 -0.546214 0.599610 -0.401604 
140896141815024 0.279898 2.389253 -0.576441 
140896161691065 1.911349 4.596746 -0.403202 
140896181567107 2.316682 3.055176 0.425839 
140896201443149 0.594018 0.495747 0.905075 
140896221319190 0.836765 2.005492 0.749413 
140896241195232 1.389370 1.065264 0.094010 
140896261071274 1.589906 1.226385 -1.025050 
140896280947315 1.269128 1.239567 -2.049834 
140896300823357 0.740225 1.599493 -2.789526 
140896320699399 0.362323 2.233325 -2.239584 
140896340575440 -0.089615 2.214816 -1.463805 
140896360451482 -0.178299 2.395778 -0.899615 
140896380327003 -0.155262 2.282194 -0.336490 
140896400202003 -0.276569 2.324272 -0.019841 
140896420077003 -0.446479 2.744918 0.290284 
140896439952003 -0.462990 2.792988 0.568851 
140896459827003 -0.327702 2.423741 0.499076 
140896479702003 -0.068044 1.687777 0.150735 
140896499577003 0.220776 0.552472 0.051266 
140896519452003 0.461659 0.139550 0.089216 
140896539327003 0.478969 0.469914 0.095208 
140896559202003 0.230230 0.591088 0.093211 
140896579077003 0.002530 0.464055 0.076433 
140896598952003 0.047005 0.172040 0.063383 
140896618827003 0.262454 0.003063 0.045274 
140896638702003 0.119043 0.480434 -0.013715 
140896658577003 -0.462724 0.865660 -0.159390 
140896678452003 -1.011068 0.408662 -0.333561 
140896698327003 -1.278316 0.021572 -0.436359 
140896718202003 -1.107741 -0.846086 -0.478303 
140896738077003 -0.149004 -2.885134 -0.387623 
140896757952003 1.177249 -3.290866 0.141813 
140896777827003 1.696832 -2.587792 0.514389 
140896797702003 1.008139 -2.443848 0.468583 
140896817577003 0.416119 -1.670999 0.410925 
140896837452003 -0.094942 -2.393514 0.829441 
140896857327003 -1.935185 -5.873997 1.476589 
140896877202003 -2.893656 -3.942408 1.987915 
140896897077003 -3.132141 -1.374723 1.765541 
140896916952003 -3.236804 -1.150218 1.658482 
140896936827003 -3.013897 -0.957938 1.269528 
140896956702003 -2.223338 -1.398824 0.894688 
140896976577003 -1.114266 -2.046238 0.519582 
140896996452003 -0.255264 -2.129063 0.245676 
140897016327003 0.296410 -1.701093 0.034088 
140897036202003 0.920255 -1.077115 -0.274971 
140897056077003 1.337705 -0.536627 -0.522645 
140897075952003 1.389770 -0.228233 -0.707468 
140897095827003 1.155811 -0.178831 -0.948085 
140897115702003 0.846485 -0.835433 -1.046488 
140897135577003 0.233160 -1.743437 -0.725977 
140897155452003 -0.417051 -1.239834 -0.413189 
140897175327003 -0.676576 0.365785 -0.223040 
140897195202003 -0.701742 0.868856 0.210523 
140897215077003 0.311989 2.292314 0.554070 
140897234952003 0.817190 3.189799 0.927711 
140897254827003 0.428902 2.500174 1.240633 
140897274702003 0.737429 2.188717 1.284708 
140897294577003 1.170059 0.397876 0.792689 
140897314452003 2.022004 1.765009 -0.768588 
140897334327003 2.940261 2.975015 -1.933320 
140897354202003 3.056375 2.570881 -2.898449 
140897374077003 2.426671 1.784450 -3.440935 
140897393952003 1.204547 1.378851 -2.267014 
140897413827003 -0.019841 1.511476 -1.231977 
140897433702003 -0.342083 1.691639 -0.621581 
140897453577003 -0.190150 1.695367 -0.212121 
140897473452003 -0.143677 2.211354 -0.057125 
140897493327003 -0.372043 2.895386 0.103863 
140897513202003 -0.686696 3.171689 0.351670 
140897533077003 -0.645017 2.501505 0.551673 
140897552952003 -0.204930 1.287238 0.415586 
140897572827003 0.206794 0.585229 0.185888 
140897592702003 0.400805 0.196674 0.171374 
140897612577003 0.261655 0.361790 0.173904 
140897632452003 -0.013982 0.653007 0.068843 
140897652327003 -0.159124 0.716922 -0.070973 
140897672202003 -0.090414 0.160988 -0.139683 
140897692077003 -0.039015 -0.074435 -0.054195 
140897711952003 -0.169244 0.604537 0.085354 
140897731827003 -0.435693 0.863796 0.021438 
140897751702003 -0.802010 0.253133 -0.112385 
140897771577003 -1.004810 -0.147805 -0.153931 
140897791452003 -0.753141 -1.157276 -0.132625 
140897811327003 -0.086686 -2.408827 0.010786 
140897831202003 0.566987 -2.532664 0.365119 
140897851077003 0.840227 -2.672214 0.496013 
140897870952524 0.581634 -2.479801 0.413455 
140897890828565 0.010253 -1.119193 0.288953 
140897910704607 -0.274705 -1.241698 0.405999 
140897930580649 -0.440087 -3.216297 0.813196 
140897950456690 -1.323191 -5.093691 1.221192 
140897970332732 -2.007356 -3.559578 1.302019 
140897990208774 -2.317881 -2.027729 1.151550 
140898010084815 -2.253965 -2.092311 1.062201 
140898029960857 -2.020006 -2.259557 0.961267 
140898049836899 -1.549825 -2.337854 0.840227 
140898069712940 -0.890827 -2.344246 0.730105 
140898089588982 -0.260990 -1.865410 0.508797 
140898109465024 0.364853 -1.035037 0.192813 
140898129341065 0.895887 -0.355265 -0.203465 
140898149217107 1.239168 -0.082824 -0.688826 
140898169092107 1.143294 -0.300404 -1.023852 
140898188967107 0.726776 -0.412923 -1.073386 
140898208842107 0.308128 -0.853676 -0.749013 
140898228717107 -0.408662 -2.135188 -0.364586 
140898248592107 -1.255813 -1.416135 -0.617986 
140898268467107 -1.191897 0.374973 -0.726110 
140898288342107 -0.051266 1.436109 -0.342216 
140898308217107 1.061668 2.962631 0.143145 
140898328092107 1.345295 3.009503 0.472178 
140898347967107 1.421461 2.815492 0.429035 
140898367842107 1.547429 1.189633 0.059255 
140898387717107 1.696699 0.907072 -0.962599 
140898407592107 1.223855 0.624777 -1.533181 
140898427467107 0.201468 0.516919 -1.822000 
140898447342107 -0.154863 0.927046 -1.692304 
140898467217107 -0.199071 0.843422 -1.144093 
140898487092107 -0.114782 0.807070 -0.791624 
140898506967107 0.067245 1.086303 -0.545548 
140898526842107 0.267914 1.467534 -0.242214 
140898546717107 0.375639 1.767006 0.070441 
140898566592107 0.254465 1.555551 0.512125 
140898586467107 0.036352 1.223322 0.606268 
140898606342107 -0.106127 1.316000 0.309060 
140898626217107 -0.002530 1.154746 -0.011585 
140898646092107 0.311989 0.424374 -0.175902 
140898665967107 0.501872 0.014248 -0.332495 
140898685842107 0.437690 0.037684 -0.201069 
140898705717107 0.198272 0.130894 0.087352 
140898725592107 0.012384 0.161387 0.202666 
140898745467107 0.076166 0.085354 0.095208 
140898765342107 0.248340 -0.035021 -0.101600 
140898785217107 0.360059 -0.064049 -0.286023 
140898805092107 0.241282 0.192546 -0.384960 
140898824967107 -0.233160 0.616655 -0.538890 
140898844842107 -1.030243 0.194411 -0.513324 
140898864717107 -1.404417 -0.228632 -0.369646 
140898884592107 -1.001215 -0.392417 0.045007 
140898904467107 -0.523178 -0.492684 0.695218 
140898924342107 0.179231 -1.314402 0.806804 
140898944217107 0.567386 -1.035037 0.698147 
140898964092107 0.292948 -0.798415 0.574976 
140898983967107 -0.100401 -1.339702 0.513058 
140899003842107 -0.173505 -2.430932 0.541553 
140899023717107 -0.347143 -4.016044 0.560329 
140899043592107 -0.892291 -4.839093 0.669918 
140899063467107 -1.302551 -3.925763 0.759400 
140899083342107 -1.567802 -2.752908 0.702009 
140899103217107 -1.597496 -2.014147 0.882438 
140899123092107 -1.290034 -1.909086 1.172988 
140899142967107 -0.647148 -1.619467 0.935967 
140899162842107 0.270843 -1.157808 0.370312 
140899182717107 0.837963 -0.198805 -0.289752 
140899202592107 1.113600 0.710265 -0.962732 
140899222467107 0.930108 0.490021 -1.212936 
140899242342107 -0.368182 -0.523444 -0.845154 
140899262217107 -1.633582 -1.515471 0.118511 
140899282092107 -1.360741 -2.167412 1.117595 
140899301967107 -0.987899 -1.092028 0.665124 
140899321842107 -0.290417 0.604670 -0.271110 
140899341717107 0.868057 3.699794 -0.867391 
140899361592107 2.465286 5.047885 -0.368848 
140899381467107 0.622647 -0.066046 0.674578 
140899401342107 0.353668 2.847583 0.505201 
140899421217107 1.928527 3.596330 0.115182 
140899441092107 2.456631 1.791374 -0.847550 
140899460967107 1.361274 0.615989 -1.862613 
140899480842107 -0.056059 0.994557 -2.509894 
140899500717107 -0.238486 1.645167 -2.249837 
140899520592107 0.147140 1.210539 -1.750628 
140899540467107 0.522645 0.871785 -1.365402 
140899560343149 0.771917 0.959803 -0.861399 
140899580219190 0.783102 1.536243 -0.245277 
140899600095232 0.419448 2.056891 0.169244 
140899619971274 -0.390020 2.367415 0.700677 
140899639847315 -1.098287 2.556766 1.117595 
140899659723357 -1.037167 2.358494 0.952479 
140899679599399 -0.161387 1.401754 0.416252 
140899699475440 0.505468 0.747149 0.153398 
140899719351482 0.505201 0.479369 -0.086952 
140899739227524 0.090148 0.416918 -0.166581 
140899759103565 -0.327169 0.432630 -0.161920 
140899778979607 -0.406798 0.374174 -0.115448 
140899798855649 -0.220376 0.480301 -0.134490 
140899818731690 0.071772 0.553005 -0.190815 
140899838607211 -0.062185 0.889628 -0.172706 
140899858482211 -0.608665 1.022786 -0.287754 
140899878357211 -1.053413 0.483230 -0.257128 
140899898232211 -1.189766 -0.243280 -0.425440 
140899918107211 -0.785632 -1.317065 -0.433695 
140899937982211 0.101200 -1.683649 0.110388 
140899957857211 0.908004 -1.215333 0.777376 
140899977732211 0.944356 -1.084305 0.747416 
140899997607211 0.088950 -0.672048 0.297342 
140900017482211 -0.411858 -0.892558 0.309193 
140900037357211 -0.277634 -1.793371 0.583099 
140900057232211 -0.129696 -3.030409 0.721982 
140900077107211 -0.338088 -4.827908 0.715591 
140900096982211 -0.952079 -5.566136 0.631568 
140900116857211 -1.150884 -4.514853 0.579503 
140900136732211 -1.402819 -2.796184 0.532232 
140900156607211 -1.518533 -1.393365 0.647547 
140900176482211 -1.189766 -0.816658 0.919323 
140900196357211 -0.387623 -0.434095 0.858203 
140900216232211 0.460593 -0.044741 0.603072 
140900236107211 0.968192 0.559130 0.110388 
140900255982211 1.150618 0.998152 -0.529170 
140900275857211 1.086835 0.765525 -0.984437 
140900295732211 0.530501 -0.295211 -1.115198 
140900315607211 -0.657800 -1.235440 -0.960202 
140900335482211 -1.385775 -1.556750 0.294412 
140900355357211 -1.427586 -1.276852 0.933704 
140900375232211 -0.849015 -0.339153 0.314785 
140900395107211 0.215849 1.087102 -0.302135 
140900414982211 1.421461 2.818688 -0.673912 
140900434857211 1.743437 2.555168 -0.249937 
140900454732211 0.415053 0.383362 0.380832 
140900474607211 0.537426 2.530667 0.206794 
140900494482211 1.438372 2.735331 -0.277634 
140900514357211 1.591770 1.547295 -0.991760 
140900534232211 0.885634 0.963664 -1.330914 
140900554107211 -0.224238 0.646216 -1.049817 
140900573982211 -0.380965 0.677108 -0.782569 
140900593857211 -0.034488 0.596681 -0.684565 
140900613732211 0.354333 0.958604 -0.517984 
140900633607211 0.609997 1.406281 -0.191614 
140900653482211 0.577107 1.722265 0.051798 
140900673357211 0.145808 1.354216 0.341018 
140900693232211 -0.356996 1.165798 0.316250 
140900713107211 -0.541687 1.738777 0.074702 
140900732982211 -0.306663 2.012816 -0.072305 
140900752857211 0.096406 1.632916 0.028229 
140900772732211 0.378568 0.854075 0.079362 
140900792607211 0.355798 0.636628 0.100667 
140900812482211 0.139150 0.723181 0.135022 
140900832357211 -0.091213 0.729572 0.221575 
140900852232211 -0.231029 0.684166 0.119176 
140900872107211 -0.262454 0.651009 -0.103064 
140900891982211 -0.096673 0.297209 -0.325838 
140900911857211 0.105994 -0.041146 -0.403069 
140900931732211 -0.162852 0.453003 -0.343281 
140900951607211 -0.571248 0.499609 -0.413455 
140900971482211 -0.769653 -0.023968 -0.430899 
140900991357211 -0.657268 -0.355265 -0.360725 
140901011232211 -0.443549 -0.264319 -0.057258 
140901031107211 -0.091613 -0.243280 0.321843 
140901050982211 0.423975 -1.172056 0.677108 
140901070857211 0.512525 -1.397493 0.744486 
140901090732211 0.209191 -0.948750 0.457797 
140901110607211 -0.065114 -1.204014 0.231828 
140901130482211 -0.045806 -1.922535 0.427038 
140901150357211 0.013982 -2.871685 0.660064 
140901170232211 -0.287222 -4.452536 0.783102 
140901190107211 -1.133973 -5.197688 0.853942 
140901209982211 -1.577522 -3.744402 0.805472 
140901229857211 -1.694834 -2.344912 0.685364 
140901249732211 -1.433845 -1.221991 0.786697 
140901269607211 -0.767522 -0.435826 0.866059 
140901289483253 0.079762 0.018642 0.749946 
140901309359294 0.741690 0.317049 0.394547 
140901329235336 1.019590 0.558598 -0.202134 
140901349111378 1.048353 0.711064 -0.808402 
140901368987419 0.942891 0.609863 -1.279515 
140901388863461 0.498677 -0.332629 -1.387373 
140901408739503 -0.591354 -2.036651 -0.985635 
140901428615544 -1.154346 -2.049834 0.152865 
140901448491586 -0.945821 -1.410409 0.923584 
140901468367628 -0.410792 -0.653273 0.738894 
140901488243669 0.190682 0.919456 0.351537 
140901508119711 0.876046 2.489388 0.053529 
140901527995753 0.883370 1.221458 0.023835 
140901547871794 0.224637 0.534097 -0.362056 
140901567747315 1.125185 2.172206 -0.775112 
140901587622315 2.128929 1.998568 -1.034904 
140901607497315 1.685114 1.096822 -1.245293 
140901627372315 0.086553 0.501473 -0.864195 
140901647247315 -0.445547 0.803209 -0.601208 
140901667122315 -0.247274 0.950215 -0.535828 
140901686997315 0.106926 1.124119 -0.411059 
140901706872315 0.397743 1.521330 -0.247274 
140901726747315 0.493617 1.678190 -0.101466 
140901746622315 0.216648 1.067794 0.065381 
140901766497315 -0.243013 0.955142 0.013982 
140901786372315 -0.378435 1.686978 -0.184557 
140901806247315 -0.300671 1.847433 -0.184157 
140901826122315 -0.091080 1.398159 -0.050467 
140901845997315 0.220510 0.861931 0.046738 
140901865872315 0.330898 0.635962 0.104130 
140901885747315 0.245144 0.587892 0.164317 
140901905622315 0.159124 0.600676 0.247008 
140901925497315 0.214384 0.664325 0.239019 
140901945372315 0.261256 0.783768 0.157260 
140901965247315 0.209058 0.787230 -0.017976 
140901985122315 0.113184 0.495214 -0.190283 
140902004997315 -0.020773 0.315718 -0.224371 
140902024872315 -0.268713 0.697481 -0.142479 
140902044747315 -0.578971 0.923450 -0.202267 
140902064622315 -0.957539 0.889229 -0.302002 
140902084497315 -1.091629 0.348208 -0.303733 
140902104372315 -0.713460 -0.652607 -0.092545 
140902124247315 0.110921 -1.383644 0.274705 
140902144122315 0.920521 -1.156743 0.786830 
140902163997315 0.969656 -0.659798 0.838762 
140902183872315 0.320911 -0.464588 0.425040 
140902203747315 0.133557 -1.328650 0.385359 
140902223622315 0.241415 -2.145175 0.568851 
140902243497315 -0.096806 -2.937331 0.810266 
140902263372315 -1.422127 -4.742687 1.039964 
140902283247315 -2.325071 -3.815508 1.284575 
140902303122315 -2.167412 -1.977396 1.146357 
140902322997315 -1.764210 -1.067660 1.029710 
140902342872315 -1.180312 -0.202001 1.117728 
140902362747315 -0.461392 0.260191 1.049950 
140902382622315 0.265251 0.176168 0.726110 
140902402497315 0.875780 0.271509 0.105594 
140902422372315 1.120790 0.609198 -0.479768 
140902442247315 1.074718 0.913464 -0.888164 
140902462122315 0.819321 0.671516 -1.120125 
140902481997315 0.057924 -0.086020 -0.976314 
140902501872315 -0.795752 -0.903344 -0.391484 
140902521747315 -0.843955 -1.588708 0.529836 
140902541622315 -0.603472 -1.164200 0.631568 
140902561497315 -0.302934 0.064315 -0.097072 
140902581372315 0.082425 1.624394 -0.818256 
140902601247315 1.024118 3.473026 -0.970988 
140902621122315 2.197905 4.122970 -0.326770 
140902640997315 1.307212 0.394014 0.659398 
140902660872315 -0.190682 -0.656735 0.648080 
140902680747315 0.675244 1.655553 0.066446 
140902700622315 1.570598 0.737828 -0.718254 
140902720497315 1.387905 -0.236355 -1.567136 
140902740372315 0.525708 -0.044342 -1.549692 
140902760247315 -0.090814 0.074568 -1.146357 
140902780122315 0.073903 0.376970 -0.931706 
140902799997315 0.440487 0.739293 -0.628106 
140902819872315 0.492684 0.928377 -0.156327 
140902839747315 0.129962 0.976447 0.225703 
140902859622315 -0.310924 1.297225 0.531966 
140902879497315 -0.387889 1.679921 0.442351 
140902899372315 -0.093477 1.728124 0.089748 
140902919247315 0.151134 1.420396 -0.052198 
140902939122315 0.160189 0.983505 -0.037417 
140902958997315 0.130628 0.617720 -0.037284 
140902978872315 0.021838 0.507465 0.018243 
140902998747315 -0.181361 0.607067 0.035686 
140903018622315 -0.323707 0.723181 -0.171774 
140903038497315 -0.192680 0.769120 -0.435027 
140903058372315 0.195875 0.587626 -0.322109 
140903078247315 0.104529 0.623845 -0.171108 
140903098122315 -0.516786 0.659132 -0.370312 
140903117997315 -1.153015 0.150868 -0.467251 
140903137873357 -1.216531 -0.496013 -0.429434 
140903157749399 -0.532499 -1.379783 -0.126633 
140903177625440 0.448875 -1.217729 0.482298 
140903197501482 1.117994 -0.492152 0.864062 
140903217377524 0.800146 -0.382297 0.724779 
140903237253565 -0.185223 -0.159656 0.231961 
140903257129607 -0.436758 0.037684 0.040081 
140903277005649 -0.466852 -0.571248 0.311190 
140903296881690 -0.796684 -1.803358 0.589091 
140903316757732 -1.760082 -3.913113 0.782569 
140903336633774 -2.518683 -4.163849 0.871652 
140903356509815 -2.141979 -3.222289 0.654738 
140903376385857 -1.490837 -2.550374 0.423309 
140903396261899 -1.043958 -1.590971 0.331830 
140903416137419 -0.435027 -0.813995 0.343414 
140903436012419 0.250204 -0.221575 0.219577 
140903455887419 0.763661 0.195343 -0.092278 
140903475762419 1.063932 0.614524 -0.560462 
140903495637419 1.259408 0.725445 -0.983371 
140903515512419 1.301086 0.314919 -1.250353 
140903535387419 0.680970 -0.541553 -1.115597 
140903555262419 -0.635297 -1.258476 -0.355265 
140903575137419 -1.561410 -1.647430 0.758335 
140903595012419 -1.601624 -1.052747 0.674046 
140903614887419 -0.666456 0.141813 -0.175236 
140903634762419 0.856605 1.850230 -0.658067 
140903654637419 2.206560 3.692071 -0.667388 
140903674512419 1.712012 1.663542 -0.076566 
140903694387419 0.822783 1.758351 0.172440 
140903714262419 0.568451 1.682051 0.110654 
140903734137419 0.095474 0.202134 -0.214784 
140903754012419 0.069775 0.055261 -0.538757 
140903773887419 0.128897 0.437690 -0.595882 
140903793762419 0.010519 0.618918 -0.541820 
140903813637419 0.154596 0.866991 -0.369380 
140903833512419 0.453137 1.009870 -0.175902 
140903853387419 0.698147 1.273523 -0.073370 
140903873262419 0.657667 1.281645 0.019574 
140903893137419 0.364054 0.991894 0.006258 
140903913012419 0.184956 1.196824 -0.081493 
140903932887419 0.171241 1.413871 -0.029694 
140903952762419 0.111054 1.167795 0.025566 
140903972637419 0.099469 0.817856 0.066579 
140903992512419 0.197074 0.621581 0.092012 
140904012387419 0.239817 0.555668 0.144476 
140904032262419 0.089083 0.539290 0.147805 
140904052137419 -0.094143 0.482165 -0.003595 
140904072012419 -0.131161 0.314919 -0.246209 
140904091887419 0.033289 -0.026498 -0.398009 
140904111762419 0.087618 0.133291 -0.261256 
140904131637419 -0.116513 0.585229 -0.136354 
140904151512419 -0.431831 0.803076 -0.237953 
140904171387419 -0.912265 0.788695 -0.344080 
140904191262419 -1.354483 0.668053 -0.397077 
140904211137419 -1.252084 0.065247 -0.225037 
140904231012419 -0.559397 -0.775379 0.122638 
140904250887419 0.531966 -1.269262 0.517052 
140904270762419 1.256079 -1.388571 0.541154 
140904290637419 0.752209 -1.430649 0.317449 
140904310512419 0.081493 -1.047421 0.259791 
140904330387419 0.025966 -1.294029 0.454734 
140904350262419 -0.038483 -2.804173 0.687228 
140904370137419 -0.939829 -5.011799 0.789227 
140904390012419 -1.864211 -4.665988 0.929176 
140904409887419 -1.958620 -2.985801 0.678173 
140904429762419 -1.574327 -2.408961 0.416784 
140904449637419 -1.201751 -1.564739 0.392417 
140904469512419 -0.632367 -0.694552 0.616521 
140904489387419 0.209191 -0.320245 0.607333 
140904509262419 0.862730 0.160322 0.415320 
140904529137419 1.256079 0.810532 -0.094276 
140904549012419 1.364336 1.100817 -0.821585 
140904568887419 1.162069 0.673113 -1.295760 
140904588762419 0.578438 -0.041545 -1.343963 
140904608637419 -0.366051 -0.814527 -0.714259 
140904628512419 -1.103081 -1.556084 0.368848 
140904648387419 -1.410542 -1.408811 0.501073 
140904668262419 -0.897618 -0.135954 -0.285091 
140904688137419 0.191082 1.483246 -1.089099 
140904708012419 1.182443 3.476887 -1.530118 
140904727887419 2.045040 4.547477 -0.687495 
140904747762419 1.683782 2.556633 0.691622 
140904767637419 0.282029 0.121041 0.781904 
140904787512419 -0.094409 1.128514 0.413455 
140904807387419 0.031558 0.559929 -0.069375 
140904827262419 -0.132625 -0.168977 -0.635163 
140904847137419 -0.133557 0.049135 -0.869122 
140904867012419 -0.058323 0.101600 -0.700145 
140904886887419 0.251269 0.150735 -0.584697 
140904906762419 0.655803 0.451272 -0.421179 
140904926637419 0.939962 0.958471 -0.069109 
140904946512419 0.917991 1.392566 0.285624 
140904966387419 0.513723 1.167928 0.579370 
140904986262419 0.011851 1.009204 0.359926 
140905006137419 -0.264319 1.618934 0.046339 
140905026012419 -0.087218 1.473925 -0.017710 
140905045887419 0.192147 0.737029 0.058323 
140905065762419 0.265251 0.294679 -0.026232 
140905085637419 0.097338 0.279632 -0.058057 
140905105512419 -0.131161 0.377902 0.030227 
140905125388461 -0.217047 0.314519 0.028096 
140905145264503 -0.036086 0.195343 -0.120375 
140905165140544 0.056858 0.514123 -0.177366 
140905185016586 -0.136487 0.813995 -0.159523 
140905204892628 -0.485627 0.650610 -0.250470 
140905224768669 -0.912665 0.396544 -0.364320 
140905244644711 -1.231578 0.192014 -0.441951 
140905264520753 -1.098553 -0.524509 -0.311456 
140905284396794 -0.400672 -1.546230 -0.080427 
140905304272836 0.538358 -1.769137 0.307728 
140905324148878 1.010136 -1.394297 0.352869 
140905344024919 0.559929 -1.057407 0.252334 
140905363900961 0.059388 -0.796817 0.209990 
140905383777003 0.006125 -1.177516 0.327702 
140905403652524 0.062851 -2.300170 0.593485 
140905423527524 -0.192546 -3.860915 0.829308 
140905443402524 -1.052747 -4.648944 0.944756 
140905463277524 -1.479518 -3.333077 0.811065 
140905483152524 -1.450623 -2.486325 0.656602 
140905503027524 -1.270327 -1.758218 0.674845 
140905522902524 -0.970855 -0.830772 0.803342 
140905542777524 -0.280830 -0.311989 0.745152 
140905562652524 0.481366 0.060454 0.331696 
140905582527524 0.961667 0.454468 -0.344213 
140905602402524 1.099352 0.590422 -0.957006 
140905622277524 0.860600 0.378701 -1.258343 
140905642152524 0.136221 -0.245144 -1.106942 
140905662027524 -0.822117 -1.059272 -0.355265 
140905681902524 -1.290167 -1.353018 0.471379 
140905701777524 -0.943158 -0.401205 0.364986 
140905721652524 -0.109855 0.729439 -0.462591 
140905741527524 0.559929 2.222007 -1.195625 
140905761402524 1.347825 3.604985 -1.169926 
140905781277524 1.814943 3.596463 -0.069508 
140905801152524 1.202549 0.998951 0.866592 
140905821027524 0.330631 0.463523 0.765392 
140905840902524 0.192546 0.911466 0.190016 
140905860777524 -0.042344 0.293347 -0.402803 
140905880652524 -0.220643 0.643952 -0.803608 
140905900527524 -0.429168 0.792157 -0.721716 
140905920402524 -0.248872 0.912665 -0.591754 
140905940277524 0.254332 1.137702 -0.377769 
140905960152524 0.716123 1.407879 -0.052597 
140905980027524 0.822916 1.360608 0.196009 
140905999902524 0.461126 0.659665 0.201468 
140906019777524 0.016778 0.612260 0.005992 
140906039652524 -0.017177 1.310807 -0.115714 
140906059527524 0.085487 1.570332 -0.069642 
140906079402524 0.117179 1.148754 0.044075 
140906099277524 0.085887 0.763661 0.110122 
140906119152524 -0.031692 0.626641 0.108790 
140906139027524 -0.099336 0.587892 0.132892 
140906158902524 -0.136354 0.487758 0.109722 
140906178777524 -0.162053 0.343814 0.002530 
140906198652524 -0.095075 0.075900 -0.168711 
140906218527524 0.033556 -0.078830 -0.249405 
140906238402524 0.104795 0.223972 -0.157393 
140906258277524 -0.045141 0.983638 -0.142080 
140906278152524 -0.423842 1.239701 -0.260191 
140906298027524 -0.948218 0.752875 -0.349406 
140906317902524 -1.351287 0.040613 -0.443017 
140906337777524 -1.239168 -0.612393 -0.331297 
140906357652524 -0.657534 -1.194826 0.008788 
140906377527524 0.330365 -1.705088 0.277368 
140906397402524 1.177782 -1.560345 0.264585 
140906417277524 0.951414 -1.544765 0.277901 
140906437152524 0.273373 -1.678323 0.392283 
140906457027524 0.021971 -2.114548 0.415586 
140906476902524 0.079762 -3.070622 0.514389 
140906496777524 -0.136221 -4.497543 0.551407 
140906516652524 -0.848882 -4.886098 0.607600 
140906536527524 -1.146357 -3.229347 0.519050 
140906556402524 -1.154213 -1.931057 0.467251 
140906576277524 -0.953411 -1.089765 0.611461 
140906596152524 -0.466452 -0.377503 0.710664 
140906616027524 0.206794 -0.023169 0.647014 
140906635902524 0.769653 0.387490 0.212520 
140906655777524 1.093626 0.549143 -0.472578 
140906675652524 1.095490 0.124769 -0.948351 
140906695527524 0.641954 -0.354866 -1.041295 
140906715402524 -0.393082 -0.822250 -0.628106 
140906735277524 -1.447960 -1.381647 0.213585 
140906755152524 -1.789643 -1.718004 0.740891 
140906775027524 -1.248888 -0.553138 0.568851 
140906794902524 0.327302 1.912548 0.184424 
140906814777524 1.729988 3.426554 -0.434361 
140906834653565 1.935984 3.049583 -0.659132 
140906854529607 1.940245 2.705503 -0.412257 
140906874405649 1.339569 2.197772 0.037018 
140906894281690 0.093610 1.312005 -0.056193 
140906914157732 0.092545 0.690690 -0.118111 
140906934033774 0.080161 0.411858 -0.372443 
140906953909815 0.060720 0.624378 -0.630503 
140906973785857 0.181494 0.677108 -0.718654 
140906993661899 0.356863 0.728241 -0.663792 
140907013537940 0.453802 0.865793 -0.415719 
140907033413982 0.319845 0.785499 0.011052 
140907053290024 0.146607 0.392683 0.381231 
140907073166065 0.089083 0.482698 0.481100 
140907093042107 0.137286 0.810266 0.177366 
140907112918149 0.235690 0.885634 -0.050201 
140907132793149 0.284559 0.741157 -0.037151 
140907152668149 0.274971 0.583365 -0.022770 
140907172543149 0.152466 0.542752 0.053796 
140907192418149 -0.001864 0.449009 0.171108 
140907212293149 -0.031292 0.455267 0.156727 
140907232168149 0.018908 0.553804 0.053663 
140907252043149 0.053396 0.559397 -0.084688 
140907271918149 0.090414 0.513590 -0.096540 
140907291793149 0.056592 0.584430 -0.075234 
140907311668149 -0.286689 0.789494 -0.175902 
140907331543149 -0.867524 0.477638 -0.337555 
140907351418149 -1.350355 -0.134490 -0.467251 
140907371293149 -1.238236 -1.121323 -0.453403 
140907391168149 -0.291882 -2.261421 -0.254864 
140907411043149 0.974849 -1.658349 0.287754 
140907430918149 1.546763 -1.097621 0.582167 
140907450793149 0.743155 -1.048619 0.348075 
140907470668149 -0.302535 -0.611594 0.089882 
140907490543149 -0.551008 -0.941427 0.370579 
140907510418149 -0.623845 -2.161553 0.769253 
140907530293149 -0.824914 -3.816840 0.907072 
140907550168149 -1.180312 -4.837495 0.787762 
140907570043149 -1.201218 -4.315783 0.540488 
140907589918149 -1.235173 -3.134938 0.441285 
140907609793149 -1.423858 -1.582316 0.476306 
140907629668149 -1.309875 -0.638759 0.679239 
140907649543149 -0.598412 -0.407463 0.718654 
140907669418149 0.094675 -0.086286 0.554869 
140907689293149 0.610396 0.274439 0.345944 
140907709168149 1.019990 0.893889 -0.105062 
140907729043149 1.267664 1.210406 -0.573778 
140907748918149 1.153814 0.810799 -0.914129 
140907768793149 0.401871 -0.188951 -1.033173 
140907788668149 -0.865926 -1.111603 -0.909868 
140907808543149 -1.545165 -1.544100 -0.240084 
140907828418149 -1.152349 -1.012134 0.274572 
140907848293149 -0.432897 -0.021572 -0.063916 
140907868168149 0.460460 1.743437 -0.406398 
140907888043149 1.986717 3.771033 -0.190016 
140907907918149 2.046638 1.745301 0.639291 
140907927793149 0.269778 -0.010919 0.719452 
140907947668149 0.600809 2.400439 0.315984 
140907967543149 1.317065 1.948500 -0.147006 
140907987418149 1.209873 0.792689 -0.983771 
140908007293149 0.519982 0.700810 -1.639174 
140908027168149 -0.079495 0.856339 -1.376587 
140908047043149 -0.198272 0.568851 -1.002014 
140908066918149 0.087485 0.633033 -0.742622 
140908086793149 0.494948 0.965395 -0.409461 
140908106668149 0.549277 1.116929 -0.016245 
140908126543149 0.146207 1.212403 0.329300 
140908146418149 -0.417583 1.363404 0.425440 
140908166293149 -0.471512 1.761813 0.074169 
140908186168149 -0.136354 1.829457 -0.111320 
140908206043149 0.172440 1.211604 -0.015446 
140908225918149 0.281096 0.706536 0.023569 
140908245793149 0.241149 0.626375 0.029028 
140908265668149 0.139683 0.615323 0.029028 
140908285543149 0.063916 0.619451 0.083490 
140908305418149 0.022237 0.573644 0.123171 
140908325293149 -0.020773 0.453403 0.030626 
140908345168149 -0.053396 0.227167 -0.096673 
140908365044190 -0.147539 0.295211 -0.145808 
140908384920232 -0.307329 0.570316 -0.182027 
140908404796274 -0.544483 0.636628 -0.300138 
140908424672315 -0.845287 0.400672 -0.375239 
140908444548357 -0.987899 -0.052331 -0.356597 
140908464424399 -0.657268 -0.641422 -0.164583 
140908484300440 -0.032757 -1.042627 0.147805 
140908504176482 0.590023 -1.006275 0.491752 
140908524052524 0.857138 -0.978045 0.553404 
140908543928565 0.495081 -0.780705 0.411325 
140908563804607 -0.064315 -1.041828 0.336890 
140908583680649 -0.201202 -1.875796 0.536227 
140908603556690 -0.237687 -3.208441 0.736630 
140908623432732 -0.864461 -4.679171 0.882970 
140908643308774 -1.505750 -4.001929 0.893357 
140908663184294 -1.811614 -2.503769 0.824248 
140908683059294 -1.788711 -1.621997 0.873383 
140908702934294 -1.466202 -0.859135 0.948750 
140908722809294 -0.604937 -0.187620 0.803342 
140908742684294 0.245410 0.100667 0.635563 
140908762559294 0.883769 0.563658 0.394547 
140908782434294 1.147688 1.171524 -0.113717 
140908802309294 1.143028 1.270460 -0.665923 
140908822184294 0.982706 0.787496 -1.088566 
140908842059294 0.428902 -0.131693 -1.261672 
140908861934294 -0.648346 -0.896819 -1.102947 
140908881809294 -1.398292 -1.306280 0.173771 
140908901684294 -1.209474 -1.696033 1.015995 
140908921559294 -0.556467 -0.591488 0.758335 
140908941434294 0.718254 1.495763 0.390685 
140908961309294 1.767672 2.986333 -0.030493 
140908981184294 1.166331 1.285640 -0.253133 
140909001059294 0.732901 1.575924 -0.489222 
140909020934294 1.757685 2.714558 -0.546880 
140909040809294 2.062883 1.519465 -0.656069 
140909060684294 1.196691 0.497079 -0.955675 
140909080559294 0.183092 0.629704 -0.932905 
140909100434294 -0.203865 0.597613 -0.655670 
140909120309294 -0.068576 0.457930 -0.566054 
140909140184294 0.262854 0.841691 -0.526773 
140909160059294 0.477371 1.292697 -0.295211 
140909179934294 0.392949 1.341700 0.013715 
140909199809294 0.024634 1.141829 0.233692 
140909219684294 -0.449408 1.163800 0.113051 
140909239559294 -0.530235 1.679255 -0.133557 
140909259434294 -0.220909 1.779390 -0.171907 
140909279309294 0.020773 1.369396 -0.065647 
140909299184294 0.152998 0.880840 0.088284 
140909319059294 0.120108 0.567786 0.179763 
140909338934294 0.035287 0.493350 0.188152 
140909358809294 -0.000266 0.548744 0.177366 
140909378684294 -0.030493 0.616521 0.082158 
140909398559294 -0.125568 0.561660 -0.034754 
140909418434294 -0.208925 0.405999 -0.165116 
140909438309294 -0.159124 0.293214 -0.196674 
140909458184294 -0.195343 0.447544 -0.140082 
140909478059294 -0.550874 0.802410 -0.248206 
140909497934294 -0.941294 0.543950 -0.345279 
140909517809294 -1.068859 -0.045806 -0.348208 
140909537684294 -0.725844 -0.975648 -0.244611 
140909557559294 -0.020906 -1.528254 0.016112 
140909577434294 0.784433 -1.223455 0.363388 
140909597309294 1.190565 -1.237836 0.550342 
140909617184294 0.727975 -1.101216 0.391085 
140909637059294 0.113051 -0.536227 0.209058 
140909656934294 -0.078164 -0.771384 0.415852 
140909676809294 -0.137286 -1.950098 0.718920 
140909696684294 -0.363654 -3.789276 0.890560 
140909716559294 -1.273656 -5.557613 0.855540 
140909736434294 -1.755155 -4.562524 0.686562 
140909756309294 -1.790442 -3.227616 0.459661 
140909776184294 -1.706020 -2.019873 0.409461 
140909796059294 -1.337572 -0.838496 0.693753 
140909815935336 -0.515588 -0.059388 0.806937 
140909835811378 0.261789 0.182426 0.732369 
140909855687419 0.869521 0.529170 0.454202 
140909875563461 1.092028 0.979110 -0.139683 
140909895439503 1.055010 0.822783 -0.628106 
140909915315544 0.723980 0.079362 -0.873117 
140909935191586 0.113451 -0.576707 -0.862198 
140909955067628 -0.551673 -1.167662 -0.655670 
140909974943669 -0.979643 -1.553820 -0.032091 
140909994819711 -1.084705 -0.683899 -0.021971 
140910014695753 -0.627440 0.634897 -0.502272 
140910034571794 0.521447 2.137185 -0.727841 
140910054447836 2.127198 3.755986 -0.579104 
140910074323878 2.344645 2.402835 0.201468 
140910094199919 1.021987 0.390153 0.589623 
140910114075440 0.920121 1.884451 0.271509 
140910133950440 0.779640 1.033306 -0.180030 
140910153825440 0.266183 0.152066 -0.826511 
140910173700440 -0.007191 0.363255 -1.328783 
140910193575440 0.080561 0.254598 -1.199087 
140910213450440 0.299073 -0.181361 -1.032773 
140910233325440 0.633965 0.141147 -0.938364 
140910253200440 0.861665 0.620117 -0.616655 
140910273075440 0.669784 0.661262 -0.050733 
140910292950440 0.103730 0.777110 0.515721 
140910312825440 -0.657135 1.301619 1.058473 
140910332700440 -0.902145 1.684581 0.779640 
140910352575440 -0.303467 1.753557 0.332229 
140910372450440 0.392417 1.054744 0.094409 
140910392325440 0.535029 0.483763 -0.158325 
140910412200440 0.341550 0.458596 -0.366184 
140910432075440 0.094409 0.608266 -0.224904 
140910451950440 -0.090414 0.618252 0.035819 
140910471825440 -0.152998 0.498410 0.049535 
140910491700440 -0.078696 0.386957 -0.159656 
140910511575440 0.097472 0.195076 -0.216382 
140910531450440 0.079229 0.273773 -0.147006 
140910551325440 -0.324639 0.667787 -0.212786 
140910571200440 -0.836631 0.631835 -0.297608 
140910591075440 -1.234907 0.211854 -0.401338 
140910610950440 -1.263003 -0.457797 -0.342615 
140910630825440 -0.762596 -1.643835 -0.231961 
140910650700440 0.485760 -2.771017 0.068843 
140910670575440 1.653422 -1.901762 0.588026 
140910690450440 1.248356 -1.001614 0.647281 
140910710325440 0.159124 -0.922385 0.467251 
140910730200440 0.008922 -1.878592 0.723980 
140910750075440 -0.166314 -3.485543 0.994290 
140910769950440 -1.748098 -5.680252 1.221591 
140910789825440 -2.897784 -4.207392 1.339702 
140910809700440 -2.657167 -2.832270 0.939696 
140910829575440 -1.921336 -2.420945 0.621182 
140910849450440 -1.224387 -1.308410 0.576707 
140910869325440 -0.344879 -0.796684 0.512924 
140910889200440 0.463789 -0.703740 0.258460 
140910909075440 1.003212 -0.426638 -0.094942 
140910928950440 1.200419 0.077897 -0.559796 
140910948825440 1.205612 0.184424 -0.959270 
140910968700440 0.778974 -0.363521 -1.002280 
140910988575440 -0.402537 -0.883503 -0.670450 
140911008450440 -1.191364 -1.202549 0.238486 
140911028325440 -1.149686 -2.060353 1.071655 
140911048200440 -0.801345 -1.277651 0.582167 
140911068075440 -0.184823 0.258060 -0.331830 
140911087950440 0.482165 2.217746 -1.114932 
140911107825440 1.791108 4.233891 -1.386973 
140911127700440 2.349572 2.704305 -0.485094 
140911147575440 0.792157 -0.477904 0.257927 
140911167450440 0.875647 1.670999 0.166980 
140911187325440 1.270194 1.808818 -0.294679 
140911207200440 0.967659 0.899748 -0.884835 
140911227075961 0.275637 0.737162 -1.220925 
140911246952003 -0.117578 0.694286 -1.078180 
140911266828044 0.111986 0.398142 -0.927978 
140911286704086 0.594683 0.621448 -0.716656 
140911306580128 0.925581 1.017460 -0.393748 
140911326456169 0.844088 1.467401 0.025566 
140911346332211 0.309459 1.433445 0.469914 
140911366208253 -0.491486 1.490304 0.694685 
140911386084294 -1.035436 2.017343 0.386025 
140911405960336 -0.677774 2.322142 0.082691 
140911425836378 0.249005 1.693237 0.065647 
140911445712419 0.625709 0.718121 -0.026232 
140911465588461 0.456465 0.311856 -0.396544 
140911485464503 0.181361 0.369913 -0.470847 
140911505340544 -0.089083 0.339420 -0.154596 
140911525216586 -0.171907 0.392683 0.104795 
140911545091586 0.029162 0.640357 -0.007590 
140911564966586 0.236355 0.555402 -0.134356 
140911584841586 0.319313 0.314386 -0.115448 
140911604716586 -0.058589 0.533164 -0.181095 
140911624591586 -0.764327 0.585762 -0.294679 
140911644466586 -1.378851 0.327702 -0.397343 
140911664341586 -1.489638 -0.225436 -0.405066 
140911684216586 -1.009337 -1.383644 -0.106926 
140911704091586 0.224105 -2.647846 0.352869 
140911723966586 1.630785 -1.854225 0.886433 
140911743841586 1.450889 -1.111203 0.887098 
140911763716586 0.227700 -1.301353 0.554603 
140911783591586 -0.005060 -2.257826 0.722116 
140911803466586 -0.232227 -3.996470 0.975915 
140911823341586 -1.838778 -5.664539 1.158874 
140911843216586 -2.744785 -3.569965 1.229980 
140911863091586 -2.603238 -1.796700 1.003612 
140911882966586 -1.658216 -1.289635 0.707735 
140911902841586 -0.599743 -0.747149 0.622513 
140911922716586 0.044608 -0.031026 0.494948 
140911942591586 0.632367 0.181494 0.246475 
140911962466586 1.097621 0.347276 -0.188285 
140911982341586 1.280181 0.531034 -0.601341 
140912002216586 1.288436 0.588292 -0.973385 
140912022091586 1.035836 0.162586 -1.212803 
140912041966586 0.189750 -0.801478 -1.178847 
140912061841586 -1.166464 -1.339968 -0.371378 
140912081716586 -1.995372 -1.655020 1.136237 
140912101591586 -1.685247 -1.154613 1.172988 
140912121466586 -0.329033 0.283360 0.706536 
140912141341586 1.316266 2.390984 0.284825 
140912161216586 1.547695 2.851711 -0.138351 
140912181091586 0.677508 1.434910 -0.375106 
140912200966586 0.907338 2.518683 -0.722781 
140912220841586 2.205229 3.135470 -1.152748 
140912240716586 2.539455 2.147172 -1.661678 
140912260591586 0.827577 0.966594 -1.355415 
140912280466586 -0.706403 0.884835 -0.669385 
140912300341586 -0.535961 1.103480 -0.422244 
140912320216586 0.097871 1.088167 -0.249538 
140912340091586 0.595216 1.461142 -0.160855 
140912359966586 0.670850 1.911749 -0.149270 
140912379841586 0.415320 1.857953 -0.100268 
140912399716586 0.005060 1.383644 -0.077631 
140912419591586 -0.498810 1.462208 -0.119310 
140912439466586 -0.739027 2.148637 -0.136487 
140912459341586 -0.282961 1.927728 -0.022770 
140912479216586 0.242214 1.047820 0.129696 
140912499091586 0.427304 0.520381 0.108124 
140912518966586 0.303068 0.406132 0.020773 
140912538841586 0.108124 0.333827 0.066712 
140912558716586 -0.057258 0.310524 0.107325 
140912578591586 -0.054462 0.384294 -0.028762 
140912598466586 0.077232 0.284425 -0.250870 
140912618341586 0.034222 0.060853 -0.403868 
140912638216586 -0.402936 0.139949 -0.310658 
140912658091586 -0.911999 0.041812 -0.340219 
140912677967628 -1.356214 -0.032624 -0.401205 
140912697843669 -1.338637 -0.436092 -0.375772 
140912717719711 -0.774580 -1.425722 -0.035287 
140912737595753 0.306929 -1.927994 0.371111 
140912757471794 1.197356 -1.207343 0.567786 
140912777347836 0.967126 -1.261805 0.454202 
140912797223878 0.219178 -1.503087 0.417051 
140912817099919 -0.121307 -1.342499 0.505201 
140912836975961 -0.342216 -2.154229 0.729839 
140912856852003 -0.933038 -3.840808 0.813462 
140912876728044 -1.470064 -3.794735 0.749280 
140912896604086 -1.349290 -2.932271 0.481499 
140912916480128 -1.012267 -2.381796 0.299472 
140912936356169 -0.775645 -1.356214 0.258992 
140912956232211 -0.498943 -0.486959 0.444481 
140912976107732 0.069775 0.006525 0.406664 
140912995982732 0.648746 0.320112 0.163651 
140913015857732 0.989364 0.428103 -0.279898 
140913035732732 0.918923 0.166048 -0.662993 
140913055607732 0.246742 -0.230363 -0.748747 
140913075482732 -0.770718 -0.427570 -0.444481 
140913095357732 -1.342232 -0.975116 0.387889 
140913115232732 -1.549026 -1.323590 0.768055 
140913135107732 -1.117462 -0.152466 0.171108 
140913154982732 -0.064315 1.246225 -0.416385 
140913174857732 1.025982 3.263036 -0.615456 
140913194732732 1.968341 4.222572 -0.507598 
140913214607732 1.489904 2.170075 -0.107192 
140913234482732 1.269927 2.322941 0.031292 
140913254357732 1.410409 2.175002 0.013049 
140913274232732 0.553005 1.540504 -0.412923 
140913294107732 -0.296809 1.407480 -0.768987 
140913313982732 -0.331031 1.471529 -0.892025 
140913333857732 -0.035953 1.126916 -0.739426 
140913353732732 0.377769 0.863796 -0.548078 
140913373607732 0.697881 0.813196 -0.328634 
140913393482732 0.727042 1.026248 -0.117578 
140913413357732 0.583232 1.651691 0.032357 
140913433232732 0.194943 2.110953 0.220776 
140913453107732 -0.274705 2.116013 0.195609 
140913472982732 -0.373375 2.019340 0.084289 
140913492857732 -0.025167 1.556750 0.120641 
140913512732732 0.323707 0.903210 0.196275 
140913532607732 0.412790 0.396411 0.152998 
140913552482732 0.284026 0.216648 0.135288 
140913572357732 0.022104 0.247541 0.117046 
140913592232732 -0.092678 0.498543 0.046605 
140913612107732 0.066978 0.709066 -0.082558 
140913631982732 0.260457 0.584563 -0.198539 
140913651857732 0.121573 0.686163 -0.166314 
140913671732732 -0.286689 0.792556 -0.157526 
140913691607732 -0.742489 0.849148 -0.180695 
140913711482732 -1.199620 0.647547 -0.237021 
140913731357732 -1.278316 0.134490 -0.243546 
140913751232732 -0.779507 -0.928510 0.066446 
140913771107732 0.189617 -1.799896 0.385625 
140913790982732 1.161004 -1.232643 0.755805 
140913810857732 1.156610 -0.794554 0.743155 
140913830732732 0.282029 -1.115464 0.494149 
140913850607732 0.092811 -2.138650 0.602939 
140913870482732 0.127033 -3.450256 0.779107 
140913890357732 -1.580718 -5.570796 1.014530 
140913910232732 -2.983670 -3.674094 1.442900 
140913930107732 -2.916159 -1.575791 1.310940 
140913949982732 -2.061418 -1.177249 1.057674 
140913969857732 -1.115731 -0.732236 0.942891 
140913989732732 -0.355665 -0.245410 0.798681 
140914009607732 0.304932 -0.102398 0.503737 
140914029483774 0.896153 -0.123704 0.039548 
140914049359815 1.213069 0.180695 -0.490687 
140914069235857 1.202549 0.685763 -0.960202 
140914089111899 0.929176 0.446745 -1.184307 
140914108987940 -0.070174 -0.340485 -0.980708 
140914128863982 -1.402420 -1.202683 -0.152066 
140914148740024 -1.566071 -2.076598 0.952079 
140914168616065 -1.100817 -1.295094 0.780838 
140914188492107 -0.422910 -0.261256 0.016911 
140914208368149 0.414121 1.452221 -0.535428 
140914228244190 1.515737 3.197655 -0.695484 
140914248120232 1.836115 2.599643 -0.300537 
140914267996274 0.385625 0.312389 0.121174 
140914287872315 0.570316 2.172872 -0.107192 
140914307748357 2.031724 2.505367 -0.553804 
140914327624399 2.717621 0.942359 -1.340501 
140914347499919 1.839710 -0.103464 -1.769802 
140914367374919 -0.194544 -0.090681 -1.213468 
140914387249919 -0.673912 0.507465 -0.870587 
140914407124919 -0.175103 0.909336 -0.721716 
140914426999919 0.436891 1.351953 -0.440753 
140914446874919 0.774979 1.939312 -0.060853 
140914466749919 0.664991 2.037849 0.293480 
140914486624919 0.084023 1.185905 0.598545 
140914506499919 -0.519982 1.038765 0.502139 
140914526374919 -0.804540 1.614274 0.342882 
140914546249919 -0.373774 1.545298 0.092545 
140914566124919 0.274838 0.674845 -0.042344 
140914585999919 0.543817 0.089882 -0.283094 
140914605874919 0.404534 0.158192 -0.356730 
140914625749919 0.067245 0.268313 -0.179896 
140914645624919 -0.192946 0.286023 0.011318 
140914665499919 -0.190016 0.439688 0.032491 
140914685374919 -0.089882 0.458463 -0.048869 
140914705249919 -0.083091 0.597879 -0.041412 
140914725124919 -0.283626 0.902145 -0.081892 
140914744999919 -0.580569 0.522112 -0.215450 
140914764874919 -0.913597 0.189351 -0.279232 
140914784749919 -1.163135 -0.139683 -0.375372 
140914804624919 -0.989230 -0.998418 -0.338088 
140914824499919 -0.119975 -2.737461 -0.142878 
140914844374919 1.208542 -2.613758 0.311456 
140914864249919 1.699229 -1.189234 0.612260 
140914884124919 0.906140 -0.874848 0.570449 
140914903999919 0.273773 -1.502288 0.533697 
140914923874919 0.091746 -2.892723 0.795219 
140914943749919 -0.737162 -4.764791 1.015329 
140914963624919 -2.382063 -5.240564 1.280047 
140914983499919 -2.763827 -2.584729 1.184041 
140915003374919 -2.238652 -1.744369 0.984570 
140915023249919 -1.489372 -1.597629 0.960868 
140915043124919 -0.959803 -0.732236 0.853676 
140915062999919 -0.260723 -0.506932 0.686962 
140915082874919 0.411059 -0.612393 0.321310 
140915102749919 0.802676 -0.429301 -0.234358 
140915122624919 0.958338 -0.048336 -0.691489 
140915142499919 0.924516 0.162852 -1.044624 
140915162374919 0.648746 -0.043676 -1.042094 
140915182249919 -0.215849 -0.474974 -0.703473 
140915202124919 -1.118394 -1.067794 -0.060054 
140915221999919 -1.188701 -1.834118 0.729839 
140915241874919 -0.840094 -1.029178 0.588691 
140915261749919 -0.339952 0.198405 -0.073770 
140915281625961 0.278833 1.916143 -0.561793 
140915301502003 1.576191 4.212585 -0.593219 
140915321378044 2.804440 4.532297 0.026232 
140915341254086 1.140897 0.689226 0.906539 
140915361130128 0.586428 2.104695 0.746484 
140915381006169 1.474991 1.981524 0.231828 
140915400882211 1.821734 0.830107 -0.880041 
140915420758253 1.158474 0.527439 -1.947968 
140915440634294 0.089748 0.848349 -2.253698 
140915460510336 0.021705 0.760066 -1.653289 
140915480386378 0.332495 0.330099 -1.207476 
140915500262419 0.632633 0.665124 -0.832903 
140915520138461 0.720118 1.221991 -0.334226 
140915540014503 0.417717 1.472061 0.117845 
140915559890544 -0.285890 1.626258 0.616388 
140915579766586 -1.014930 1.875929 0.952079 
140915599642628 -0.744353 1.834517 0.530634 
140915619517628 0.186288 1.575392 0.124769 
140915639392628 0.722648 0.966993 0.089083 
140915659267628 0.645683 0.607467 0.013715 
140915679142628 0.256063 0.489355 -0.030360 
140915699017628 -0.106793 0.521447 -0.010653 
140915718892628 -0.211721 0.690823 -0.003196 
140915738767628 -0.126633 0.677907 -0.020773 
140915758642628 0.058190 0.323041 -0.036352 
140915778517628 0.141813 0.153531 -0.007856 
140915798392628 -0.135422 0.723580 -0.079362 
140915818267628 -0.580036 0.740225 -0.234757 
140915838142628 -0.978311 0.303068 -0.302402 
140915858017628 -1.159673 -0.107325 -0.311590 
140915877892628 -0.875913 -1.076582 -0.169111 
140915897767628 0.191348 -2.675942 0.147539 
140915917642628 1.663010 -2.581666 0.704672 
140915937517628 1.623595 -1.669801 0.957539 
140915957392628 0.257394 -1.228915 0.762862 
140915977267628 0.043010 -3.131076 1.321460 
140915997142628 -2.230928 -7.844335 2.260623 
140916017017628 -4.846017 -5.027778 2.761297 
140916036892628 -4.994355 -2.086985 2.375272 
140916056767628 -3.775827 -1.348757 1.799630 
140916076642628 -2.710830 -1.295494 1.522794 
140916096517628 -1.894705 -1.201351 1.326120 
140916116392628 -1.170325 -1.054478 1.004677 
140916136267628 -0.417051 -1.165265 0.584430 
140916156142628 0.131693 -1.077780 0.115981 
140916176017628 0.630237 -0.637028 -0.350339 
140916195892628 0.756603 -0.115315 -0.599477 
140916215767628 0.443949 -0.010253 -0.683633 
140916235642628 0.266982 -0.561394 -0.610929 
140916255517628 0.563791 -1.479918 -0.422510 
140916275392628 0.753541 -1.298423 -0.165782 
140916295267628 0.254731 0.058190 -0.147006 
140916315142628 -0.376304 0.557666 -0.293880 
140916335017628 -0.338221 1.230113 -0.102532 
140916354892628 1.031575 2.820419 0.477904 
140916374767628 1.260606 1.409344 0.836365 
140916394642628 0.216648 0.722116 0.240883 
140916414517628 0.847817 2.013615 -0.224637 
140916434392628 1.869538 2.089381 -0.736097 
140916454268669 2.837197 2.378068 -1.701892 
140916474144711 3.515903 2.580069 -2.684198 
140916494020753 3.629087 2.490586 -3.302450 
140916513896794 3.632149 1.787646 -2.647047 
140916533772836 1.688709 0.148072 -1.392033 
140916553648878 -0.283493 0.428369 -0.483896 
140916573524919 -0.226901 1.829191 -0.306796 
140916593400961 0.248872 2.225203 -0.107458 
140916613277003 0.125834 1.857420 0.131826 
140916633153044 -0.331297 1.532648 0.075767 
140916653029086 -0.713860 1.731187 -0.238486 
140916672905128 -0.659531 1.734249 -0.356996 
140916692781169 -0.185090 1.412406 -0.193878 
140916712657211 0.317715 0.828509 0.030493 
140916732533253 0.436359 0.415852 0.198672 
140916752409294 0.243280 0.358328 0.200802 
140916772285336 -0.001465 0.443283 0.079762 
140916792160857 -0.200802 0.503470 -0.037684 
140916812035857 -0.302135 0.574577 -0.161787 
140916831910857 -0.224105 0.482698 -0.175502 
140916851785857 -0.254465 0.526640 -0.095607 
140916871660857 -0.595749 0.627573 -0.153531 
140916891535857 -0.859934 -0.056858 -0.201202 
140916911410857 -0.761930 -0.960868 -0.181894 
140916931285857 -0.325305 -1.736113 -0.145808 
140916951160857 0.531966 -2.426005 0.034621 
140916971035857 1.302152 -2.177932 0.396944 
140916990910857 1.238768 -1.996171 0.651542 
140917010785857 0.396278 -1.979393 0.403735 
140917030660857 0.032091 -1.717871 0.345279 
140917050535857 -0.338887 -1.928793 0.719852 
140917070410857 -1.079645 -3.587675 1.148487 
140917090285857 -2.100966 -4.489953 1.334509 
140917110160857 -2.477271 -2.767155 1.156211 
140917130035857 -2.382462 -1.959553 1.051815 
140917149910857 -2.105893 -1.818938 0.967792 
140917169785857 -1.756353 -1.691772 0.838496 
140917189660857 -1.143294 -1.757818 0.651542 
140917209535857 -0.582433 -1.687777 0.427171 
140917229410857 -0.136087 -1.374590 0.160988 
140917249285857 0.287355 -0.827444 -0.140482 
140917269160857 0.726110 -0.092678 -0.433962 
140917289035857 1.056076 0.483363 -0.690024 
140917308910857 1.098953 0.779507 -0.987633 
140917328785857 0.777509 0.410925 -1.174853 
140917348660857 0.085088 -0.841691 -1.143694 
140917368535857 -0.796817 -2.105227 -0.876446 
140917388410857 -1.156344 -1.396161 -0.603605 
140917408285857 -0.781238 -0.102132 -0.364986 
140917428160857 0.018775 1.453952 -0.273773 
140917448035857 1.741972 4.424572 -0.060587 
140917467910857 2.719618 4.177831 0.833036 
140917487785857 0.631835 0.160722 1.680187 
140917507660857 0.692821 2.297374 1.586577 
140917527535857 1.505218 1.450090 0.780572 
140917547410857 1.533713 0.666722 -0.470447 
140917567285857 0.860999 1.436908 -1.250220 
140917587160857 0.228366 2.012949 -1.712678 
140917607035857 0.303334 2.254497 -1.922535 
140917626911899 0.595482 1.820269 -1.920670 
140917646787940 0.552339 1.567402 -1.336506 
140917666663982 0.078164 2.310424 -0.722781 
140917686540024 -0.351670 3.172488 -0.548078 
140917706416065 -0.290684 2.954109 -0.462724 
140917726292107 0.097338 2.064348 -0.223972 
140917746168149 0.537426 1.443432 -0.018642 
140917766044190 0.757802 1.153015 0.058190 
140917785920232 0.620383 0.802543 0.130095 
140917805796274 0.241948 0.453669 0.250736 
140917825672315 0.037684 0.360459 0.302135 
140917845548357 -0.085221 0.367782 0.298806 
140917865424399 -0.153664 0.459129 0.215716 
140917885300440 -0.092944 0.615323 0.065114 
140917905176482 0.081226 0.527305 -0.008389 
140917925052524 0.149536 0.317848 0.036485 
140917944928565 -0.072305 0.565788 -0.001065 
140917964804086 -0.450207 0.680570 -0.101600 
140917984679086 -0.819854 0.489222 -0.182160 
140918004554086 -0.996022 -0.163917 -0.191747 
140918024429086 -0.612260 -1.187103 -0.035154 
140918044304086 0.384294 -2.207759 0.270843 
140918064179086 1.596697 -2.948916 0.445946 
140918084054086 1.334110 -2.804706 0.339286 
140918103929086 0.429168 -0.979244 0.183625 
140918123804086 0.536493 -0.158591 0.341417 
140918143679086 0.445946 -2.134655 1.071123 
140918163554086 -0.956207 -6.405031 1.979526 
140918183429086 -3.279414 -6.414085 2.605235 
140918203304086 -3.985684 -2.929075 2.433728 
140918223179086 -3.170890 -2.443182 2.243578 
140918243054086 -2.689924 -1.615073 2.043176 
140918262929086 -2.125201 -1.587642 1.791640 
140918282804086 -1.621331 -1.725061 1.376587 
140918302679086 -1.125717 -1.755288 0.955408 
140918322554086 -0.622513 -1.455416 0.687894 
140918342429086 -0.042211 -1.070324 0.406798 
140918362304086 0.456599 -0.710398 0.032091 
140918382179086 0.629970 -0.518783 -0.292548 
140918402054086 0.469648 -0.528504 -0.405599 
140918421929086 0.153265 -0.613459 -0.309725 
140918441804086 0.152865 -0.539290 -0.222773 
140918461679086 0.259924 -0.572579 -0.025966 
140918481554086 -0.097605 -0.322109 0.132226 
140918501429086 -0.975782 0.292282 0.445946 
140918521304086 -0.369913 3.442666 0.978977 
140918541179086 0.246342 1.944239 0.657135 
140918561054086 -0.113184 -0.219178 -0.114516 
140918580929086 0.386291 0.615589 -0.690158 
140918600804086 0.813196 1.830256 -1.075916 
140918620679086 2.683666 3.731485 -1.481782 
140918640554086 3.768770 2.894987 -1.867940 
140918660429086 3.940676 2.602705 -2.194044 
140918680304086 4.023101 2.932005 -2.343846 
140918700179086 3.719235 2.443049 -2.204164 
140918720054086 2.449840 1.446894 -1.845569 
140918739929086 -0.064715 1.199753 -1.167529 
140918759805128 -0.639824 1.859817 -0.822384 
140918779681169 -0.220643 1.958620 -0.561793 
140918799557211 0.193345 1.766607 -0.360991 
140918819433253 0.295611 1.790042 -0.220643 
140918839309294 0.181228 1.848366 -0.087218 
140918859185336 -0.026099 1.379516 -0.017976 
140918879061378 -0.188552 0.925448 -0.040347 
140918898937419 -0.171907 0.986168 -0.159656 
140918918813461 -0.015313 1.137036 -0.210789 
140918938689503 0.090814 1.026248 -0.207593 
140918958565544 0.048603 0.897085 -0.135022 
140918978441586 0.029295 0.958737 0.003329 
140918998317628 0.094542 1.109738 0.009854 
140919018193669 0.072305 1.447161 -0.263253 
140919038069711 -0.071506 1.880590 -0.690158 
140919057945753 -0.285358 1.584047 -0.757003 
140919077821794 -0.465787 0.240750 -0.829175 
140919097697315 -0.517851 -0.530368 -0.873250 
140919117572315 -0.092811 0.015047 -0.123704 
140919137447315 0.046605 0.887498 0.527705 
140919157322315 -0.455267 0.442484 0.798149 
140919177197315 -0.263786 -2.426538 0.440353 
140919197072315 -0.055926 -1.544499 0.740092 
140919216947315 -0.325305 -0.540888 0.602673 
140919236822315 0.068843 -1.390036 0.672847 
140919256697315 0.175635 -2.511492 0.855673 
140919276572315 -0.192280 -4.102463 1.073786 
140919296447315 -1.641039 -6.209156 1.240899 
140919316322315 -2.515087 -4.684230 1.297624 
140919336197315 -2.671681 -2.358627 1.353551 
140919356072315 -2.822949 -1.191630 1.668336 
140919375947315 -2.402569 -0.511460 1.629188 
140919395822315 -1.435576 -0.758867 1.122122 
140919415697315 -0.490554 -1.235306 0.388821 
140919435572315 0.163518 -1.180712 -0.239684 
140919455447315 0.650477 -0.913597 -0.643819 
140919475322315 0.805073 -0.771650 -1.122255 
140919495197315 0.516387 -0.835832 -1.527322 
140919515072315 -0.085354 -1.514272 -1.418265 
140919534947315 -0.634231 -2.265150 -0.418382 
140919554822315 -1.028379 -3.022686 0.711064 
140919574697315 -1.324256 -2.300570 0.667920 
140919594572315 -1.034238 -1.104945 -0.142612 
140919614447315 -0.563924 0.357795 -0.827577 
140919634322315 1.002014 4.216713 -0.754606 
140919654197315 2.380598 3.615638 1.365535 
140919674072315 0.196941 1.591903 1.763677 
140919693947315 1.119459 2.867557 1.330647 
140919713822315 2.669950 0.615190 0.028363 
140919733697315 3.164232 -0.526906 -1.292964 
140919753572315 1.267531 -1.199087 -2.122405 
140919773447315 -0.059255 0.662461 -2.476605 
140919793322315 0.097072 1.992842 -2.758101 
140919813197315 0.773648 2.286988 -2.857303 
140919833072315 1.139832 1.598162 -1.974599 
140919852947315 0.684965 0.239817 -0.744486 
140919872822315 -0.001065 0.671915 -0.055127 
140919892697315 -0.572047 1.713077 0.225570 
140919912573357 -0.709332 1.665673 0.263786 
140919932449399 -0.401338 1.101616 0.179097 
140919952325440 0.065780 0.792290 0.147805 
140919972201482 0.432763 0.888430 0.154463 
140919992077524 0.616122 1.217197 0.143278 
140920011953565 0.444082 1.282977 0.113584 
140920031829607 0.009587 1.068459 -0.006392 
140920051705649 -0.355665 0.927978 -0.224637 
140920071581690 -0.476306 0.884701 -0.490021 
140920091457732 -0.311190 0.716123 -0.349540 
140920111333774 -0.386957 0.365252 -0.208392 
140920131209815 -0.994557 -0.083890 -0.469648 
140920151085857 -1.544233 -0.787629 -0.751011 
140920170961899 -1.047287 -1.364070 -0.639291 
140920190837940 -0.048336 -1.015862 0.196941 
140920210713982 1.174187 -1.560744 1.147289 
140920230590024 2.130128 -3.149585 1.239301 
140920250465544 0.785632 -1.797499 0.457398 
140920270340544 -0.589357 -0.773248 0.343681 
140920290215544 -1.010802 -2.143177 0.851678 
140920310090544 -1.541836 -3.844403 1.211072 
140920329965544 -2.320011 -4.110453 1.238768 
140920349840544 -2.397908 -3.051581 1.056209 
140920369715544 -2.164882 -2.317082 0.884036 
140920389590544 -1.801760 -1.629188 0.868190 
140920409465544 -1.097488 -1.130511 0.793222 
140920429340544 -0.381364 -0.953544 0.545149 
140920449215544 0.254731 -0.763927 0.139683 
140920469090544 0.815060 -0.434228 -0.278167 
140920488965544 1.263403 0.035154 -0.626242 
140920508840544 1.534512 0.478437 -0.954876 
140920528715544 1.501090 0.576441 -1.270327 
140920548590544 0.767389 -0.261389 -1.369130 
140920568465544 -0.832504 -1.233309 -1.139566 
140920588340544 -1.521330 -1.621864 0.221042 
140920608215544 -1.606418 -1.705354 0.757003 
140920628090544 -0.884036 -0.513990 -0.131826 
140920647965544 0.062318 1.650626 -1.108007 
140920667840544 1.469531 5.089696 -1.605352 
140920687715544 2.965161 4.903542 -0.111187 
140920707590544 0.987633 -0.072571 1.031575 
140920727465544 0.349140 1.792972 1.044225 
140920747340544 0.673380 1.967542 0.121840 
140920767215544 0.275504 1.024650 -0.968990 
140920787090544 0.060853 1.189500 -1.578854 
140920806965544 -0.330898 1.189367 -1.651292 
140920826840544 -0.230496 1.126916 -1.365535 
140920846715544 0.152200 1.193761 -1.163934 
140920866590544 0.581767 1.467667 -0.806005 
140920886465544 0.849681 1.872334 -0.192813 
140920906340544 0.717455 2.086186 0.335691 
140920926215544 0.130761 1.774063 0.838496 
140920946090544 -0.537958 1.739309 1.015196 
140920965965544 -0.611461 2.142112 0.480434 
140920985840544 -0.041013 1.839577 0.057657 
140921005715544 0.383495 0.889761 0.064981 
140921025590544 0.365785 0.498144 0.004794 
140921045465544 0.065780 0.574177 0.043809 
140921065340544 -0.182959 0.653539 0.193745 
140921085216065 -0.149403 0.541687 0.141281 
140921105092107 -0.029561 0.445813 -0.101466 
140921124968149 0.166181 0.243013 -0.404933 
140921144844190 0.144743 0.453270 -0.422377 
140921164720232 -0.392417 0.782303 -0.303467 
140921184596274 -0.918257 0.200669 -0.279499 
140921204472315 -0.985103 -0.239817 -0.359260 
140921224348357 -0.522246 -0.684432 -0.232094 
140921244224399 -0.096806 -0.621448 0.529569 
140921264100440 0.380565 -1.416268 0.953278 
140921283976482 0.644884 -1.774330 0.710797 
140921303852524 0.032624 -0.761530 0.346743 
140921323728565 -0.465520 -0.928111 0.270177 
140921343604607 -0.459661 -2.152632 0.470713 
140921363480649 -0.468716 -3.457979 0.614790 
140921383356690 -0.865394 -4.401137 0.648213 
140921403232732 -1.106942 -3.667303 0.653140 
140921423108774 -1.197490 -2.644917 0.686829 
140921442983774 -1.251285 -1.734915 0.834501 
140921462858774 -1.216132 -0.998818 0.950748 
140921482733774 -0.863396 -0.823449 0.920920 
140921502608774 -0.198272 -0.722915 0.579237 
140921522483774 0.430899 -0.332229 0.062451 
140921542358774 0.895221 0.191082 -0.412523 
140921562233774 1.162602 0.760731 -0.802809 
140921582108774 1.159673 0.868722 -1.049152 
140921601983774 0.535828 0.085354 -1.010003 
140921621858774 -0.851945 -0.926779 -0.570449 
140921641733774 -1.488839 -1.711346 0.386424 
140921661608774 -1.384177 -1.873399 0.733434 
140921681483774 -1.092162 -0.832104 0.156993 
140921701358774 -0.220243 1.098553 -0.321576 
140921721233774 1.317465 3.418031 -0.320245 
140921741108774 2.210289 3.532281 0.214251 
140921760983774 0.400539 0.132359 0.811598 
140921780858774 0.547013 2.325870 0.662461 
140921800733774 1.872733 2.182326 0.152732 
140921820608774 2.417882 0.344213 -0.906806 
140921840483774 1.712278 0.022637 -1.763144 
140921860358774 -0.025433 0.590689 -1.816674 
140921880233774 -0.470580 1.396827 -1.343297 
140921900108774 -0.274439 1.301220 -0.981241 
140921919983774 -0.098004 1.268995 -0.601208 
140921939858774 -0.008256 1.367665 -0.235823 
140921959733774 -0.115581 1.634248 0.009587 
140921979608774 -0.129163 1.807353 0.067911 
140921999483774 -0.034887 1.786314 0.004394 
140922019358774 0.050201 1.705753 -0.080294 
140922039233774 0.082158 1.396428 -0.004927 
140922059108774 0.137286 1.005742 0.114116 
140922078983774 0.170309 0.673113 0.131560 
140922098858774 0.095208 0.396678 0.121706 
140922118733774 0.000399 0.322109 0.143145 
140922138608774 -0.085887 0.293347 0.068177 
140922158483774 -0.196009 0.279099 -0.045141 
140922178358774 -0.221042 0.160189 -0.146474 
140922198233774 -0.057791 -0.129962 -0.161254 
140922218108774 -0.012251 0.142479 -0.107059 
140922237983774 -0.219844 0.774314 -0.203865 
140922257859294 -0.521047 0.894955 -0.280031 
140922277735336 -0.983371 0.143411 -0.319579 
140922297611378 -1.258742 -1.094425 -0.344746 
140922317487419 -0.796551 -2.114548 -0.228632 
140922337363461 0.093610 -1.537442 0.010653 
140922357239503 0.770186 -0.825579 0.155129 
140922377115544 0.778441 -1.380848 0.172173 
140922396991586 0.325704 -1.275653 0.249139 
140922416867628 -0.148205 -1.052880 0.316383 
140922436743669 -0.316783 -1.656751 0.440886 
140922456619711 -0.256462 -2.352502 0.566321 
140922476495753 -0.104795 -2.705104 0.580702 
140922496371794 0.116646 -2.570481 0.511992 
140922516247836 0.293347 -2.255829 0.385892 
140922536123878 0.332495 -1.681386 0.293613 
140922555999919 0.262854 -1.035170 0.209724 
140922575875961 0.290950 -0.348341 0.163651 
140922595752003 0.391218 0.341950 0.004128 
140922615627003 0.401205 0.726510 -0.217047 
140922635502003 0.321576 0.808402 -0.409993 
140922655377003 0.187220 0.701077 -0.443682 
140922675252003 -0.138617 0.395612 -0.331430 
140922695127003 -0.786165 -0.277368 -0.021838 
140922715002003 -1.635313 -1.576191 0.385359 
140922734877003 -2.310024 -2.748114 0.413988 
140922754752003 -1.958620 -1.818272 0.016245 
140922774627003 -0.471379 0.257394 -0.373908 
140922794502003 1.273922 2.417882 -0.064182 
140922814377003 1.899365 1.281912 0.779507 
140922834252003 0.644085 -0.938897 0.654072 
140922854127003 1.380182 1.484578 -0.028895 
140922874002003 1.516536 1.725461 -0.799614 
140922893877003 0.383095 1.469531 -1.095490 
140922913752003 -0.672980 1.814277 -0.823182 
140922933627003 -0.749946 2.203897 -0.627973 
140922953502003 -0.155795 2.484727 -0.395346 
140922973377003 0.457131 2.588458 -0.234624 
140922993252003 0.710398 2.220808 -0.160056 
140923013127003 0.713460 1.388571 -0.080161 
140923033002003 0.735964 0.735032 0.039947 
140923052877003 0.700145 0.545282 0.164983 
140923072752003 0.534363 0.523843 0.185489 
140923092627003 0.356064 0.661529 0.131693 
140923112502003 0.349939 0.848882 0.146873 
140923132377003 0.528104 0.729306 0.228899 
140923152252003 0.480700 0.464055 0.262987 
140923172127003 0.067644 0.388022 0.205862 
140923192002003 -0.341151 0.148205 -0.002397 
140923211877003 -0.494415 -0.362056 -0.266715 
140923231752003 -0.515055 -0.320245 -0.315451 
140923251627003 -0.787363 0.376171 -0.412923 
140923271502003 -1.531183 0.479901 -0.631835 
140923291377003 -1.728523 0.490820 -0.377769 
140923311252003 -1.213602 0.125568 0.647813 
140923331127003 -0.186421 -1.906955 1.309875 
140923351002003 1.278982 -2.476072 0.915994 
140923370877003 1.051682 -1.306280 0.298540 
140923390752003 -0.042078 -2.150368 0.154330 
140923410628044 -0.228899 -2.889661 0.273107 
140923430504086 0.009454 -3.900063 0.609464 
140923450380128 -0.293214 -4.796749 0.893623 
140923470256169 -1.031841 -3.487540 0.953145 
140923490132211 -1.472061 -2.492317 0.768721 
140923510008253 -1.290034 -2.825212 0.498144 
140923529884294 -0.973784 -3.084604 0.493617 
140923549760336 -0.661396 -2.710696 0.629304 
140923569636378 -0.036618 -1.930790 0.356730 
140923589512419 0.607333 -0.976980 -0.010653 
140923609388461 0.757536 -0.190682 -0.191215 
140923629264503 0.382829 -0.259791 -0.411325 
140923649140544 -0.494016 -0.654738 -0.368581 
140923669016586 -0.711463 -1.537575 0.381764 
140923688892628 -0.852344 -2.541320 1.054877 
140923708768669 -1.222656 -1.286039 0.723048 
140923728644711 -0.411059 1.514272 0.301336 
140923748520232 0.802277 3.171157 0.218113 
140923768395232 0.599344 1.823066 0.358461 
140923788270232 0.138218 1.586577 -0.128897 
140923808145232 2.018941 3.332944 -0.938897 
140923828020232 3.719368 2.380598 -1.780189 
140923847895232 3.613374 0.988698 -2.306962 
140923867770232 0.270444 -0.026498 -1.627590 
140923887645232 -0.791890 0.731437 -1.079778 
140923907520232 -0.103597 0.992160 -0.766590 
140923927395232 0.584830 1.190033 -0.441552 
140923947270232 0.926646 1.780322 -0.176434 
140923967145232 0.780705 1.953560 0.122106 
140923987020232 -0.000399 1.304682 0.440620 
140924006895232 -1.052347 1.279382 0.345811 
140924026770232 -1.383245 1.833851 0.054728 
140924046645232 -0.535561 1.817872 -0.111054 
140924066520232 0.384161 0.961534 -0.122638 
140924086395232 0.651009 0.249937 -0.345279 
140924106270232 0.506932 0.431165 -0.532232 
140924126145232 0.284692 0.668453 -0.489622 
140924146020232 0.041412 0.590822 -0.361524 
140924165895232 -0.215849 0.731304 -0.049268 
140924185770232 -0.437823 1.398957 0.056193 
140924205645232 -0.605736 1.507215 0.007856 
140924225520232 -0.807337 0.476306 -0.195875 
140924245395232 -0.983638 -0.549410 -0.356464 
140924265270232 -0.857271 -1.011867 -0.388688 
140924285145232 -0.263386 -1.247823 -0.130362 
140924305020232 0.699878 -1.351420 0.463257 
140924324895232 1.212137 -0.978844 0.866858 
140924344770232 0.744220 -1.163934 0.502938 
140924364645232 0.197340 -1.164333 0.195875 
140924384520232 0.014647 -1.052614 0.383628 
140924404395232 -0.151134 -1.780988 0.810532 
140924424270232 -0.561927 -3.619766 1.254348 
140924444145232 -1.822133 -4.871051 1.359276 
140924464020232 -2.513223 -3.131209 1.225053 
140924483895232 -2.270210 -2.312288 1.012799 
140924503770232 -1.970605 -1.641971 0.898417 
140924523645232 -1.582050 -0.872051 0.934503 
140924543520232 -0.705471 -0.713860 0.798282 
140924563395753 0.216781 -0.460993 0.451938 
140924583271794 0.844488 -0.202267 0.094542 
140924603147836 1.040763 0.388555 -0.298940 
140924623023878 0.933970 0.813728 -0.686962 
140924642899919 0.633965 0.424907 -0.829707 
140924662775961 -0.138085 -0.205729 -0.658866 
140924682652003 -0.930108 -1.521063 0.071639 
140924702528044 -1.282711 -1.953028 0.531300 
140924722404086 -0.822650 -0.603871 0.093344 
140924742280128 0.027564 0.997220 -0.543684 
140924762156169 0.859535 3.171689 -0.866592 
140924782032211 2.157026 5.362670 -0.883237 
140924801908253 2.650110 4.415917 -0.406398 
140924821784294 0.819720 0.222773 0.147805 
140924841660336 0.959403 1.148754 0.080827 
140924861536378 1.703357 0.567120 -0.350871 
140924881412419 1.778857 -0.487358 -0.943025 
140924901288461 1.262337 -0.514123 -1.406414 
140924921163461 0.484429 -0.083623 -1.311872 
140924941038461 0.171507 0.274971 -1.127715 
140924960913461 0.370445 0.828242 -1.029444 
140924980788461 0.552472 1.394297 -0.795885 
140925000663461 0.331430 1.542635 -0.269645 
140925020538461 -0.231029 1.502155 0.330498 
140925040413461 -0.628372 1.685913 0.768721 
140925060288461 -0.455001 1.680187 0.669119 
140925080163461 0.018775 1.517335 0.483097 
140925100038461 0.352203 0.984037 0.193079 
140925119913461 0.360991 0.670983 -0.274572 
140925139788461 0.249804 0.668719 -0.653140 
140925159663461 -0.002264 0.632234 -0.492152 
140925179538461 -0.244877 0.741290 -0.338488 
140925199413461 -0.215050 0.825979 -0.603871 
140925219288461 0.090681 0.494948 -0.795619 
140925239163461 -0.054994 0.620916 -0.576707 
140925259038461 -0.578172 0.361391 -0.269911 
140925278913461 -0.902411 -0.274039 -0.111720 
140925298788461 -0.766857 -0.597213 0.097605 
140925318663461 -0.012117 -1.085903 0.578971 
140925338538461 0.664325 -0.930508 1.291898 
140925358413461 0.458995 -0.596548 1.146889 
140925378288461 -0.332895 -0.142080 0.685763 
140925398163461 -0.422244 0.104795 0.698680 
140925418038461 -0.539689 -0.725311 0.889895 
140925437913461 -0.827044 -2.451971 1.031575 
140925457788461 -1.490970 -4.440818 0.871519 
140925477663461 -2.241182 -4.647346 0.691622 
140925497538461 -2.246641 -3.768104 0.657001 
140925517413461 -2.082590 -2.718153 0.666056 
140925537288461 -2.011484 -1.233309 0.745818 
140925557163461 -1.452753 -0.914662 0.883636 
140925577038461 -0.564590 -0.844887 0.701876 
140925596913461 0.220243 -0.719319 0.272574 
140925616788461 0.815592 -0.456066 -0.173904 
140925636663461 1.149020 0.125302 -0.594683 
140925656538461 1.143294 0.899482 -0.980708 
140925676413461 0.614524 0.546747 -1.088034 
140925696288461 -0.921853 -0.598412 -0.735165 
140925716163461 -1.743837 -1.960085 0.465387 
140925736038461 -1.361940 -1.875530 0.808935 
140925755913982 -0.562592 -0.434361 0.183359 
140925775790024 0.945688 2.488988 -0.350339 
140925795666065 2.922151 5.184905 -0.423575 
140925815542107 2.194976 1.485643 0.483097 
140925835418149 0.204930 0.309193 0.417317 
140925855294190 1.064864 2.575941 -0.079762 
140925875170232 2.395112 1.905224 -0.971254 
140925895046274 2.470613 0.678573 -2.002829 
140925914922315 0.625576 0.204531 -2.577938 
140925934798357 -0.485361 0.837031 -2.104162 
140925954674399 -0.088816 0.899482 -1.617736 
140925974550440 0.483230 0.905607 -1.183774 
140925994426482 0.835832 1.097621 -0.610929 
140926014302524 0.838496 0.968591 0.093743 
140926034178565 0.286290 0.679638 0.693087 
140926054054607 -0.580702 1.038632 1.176450 
140926073930649 -1.151950 1.906023 1.145824 
140926093806169 -0.718920 2.041844 0.467518 
140926113681169 0.166714 1.252484 0.145275 
140926133556169 0.526107 0.345811 0.019308 
140926153431169 0.377769 0.237953 -0.236489 
140926173306169 0.081093 0.423442 -0.278167 
140926193181169 -0.157659 0.412390 -0.192546 
140926213056169 -0.211854 0.527439 -0.169377 
140926232931169 -0.068177 0.621049 -0.160855 
140926252806169 -0.084422 0.582033 -0.122372 
140926272681169 -0.443283 0.536493 -0.183492 
140926292556169 -0.829308 0.127965 -0.289752 
140926312431169 -1.025849 -0.292282 -0.321576 
140926332306169 -0.760066 -1.088566 -0.318114 
140926352181169 0.061652 -2.090580 -0.023968 
140926372056169 0.868856 -1.516935 0.564856 
140926391931169 1.093094 -1.463805 0.702142 
140926411806169 0.487624 -1.855024 0.481632 
140926431681169 -0.124902 -1.690307 0.411325 
140926451556169 -0.392816 -2.074468 0.704406 
140926471431169 -0.748481 -3.884084 1.050749 
140926491306169 -1.669002 -5.520862 1.146623 
140926511181169 -2.162219 -4.266381 0.978711 
140926531056169 -2.024800 -3.037599 0.887764 
140926550931169 -1.735181 -2.429600 0.931174 
140926570806169 -1.457680 -1.380315 0.959936 
140926590681169 -0.733833 -0.907738 0.809334 
140926610556169 0.131427 -0.639158 0.456998 
140926630431169 0.814128 -0.405865 0.085088 
140926650306169 1.110670 0.136753 -0.334759 
140926670181169 1.098953 0.705870 -0.826378 
140926690056169 0.900814 0.554470 -1.203881 
140926709931169 0.308793 -0.360725 -1.244228 
140926729806169 -0.791091 -1.035836 -0.781371 
140926749681169 -1.520531 -2.112018 0.746750 
140926769556169 -1.534645 -1.833186 0.922918 
140926789431169 -0.651276 -0.580569 0.297475 
140926809306169 0.795885 1.721466 -0.160056 
140926829181169 2.052630 3.938679 -0.406531 
140926849056169 2.144642 2.973550 -0.149536 
140926868931169 0.744353 0.968591 0.059788 
140926888806169 0.987899 2.352502 -0.101866 
140926908681169 2.026531 2.124136 -0.656602 
140926928556169 2.282727 0.903210 -1.443565 
140926948431169 0.946886 0.165782 -1.868606 
140926968306690 -0.280297 0.220909 -1.466602 
140926988182732 -0.183359 0.420247 -1.137169 
140927008058774 0.223705 0.507332 -0.891093 
140927027934815 0.594550 0.983105 -0.601741 
140927047810857 0.773115 1.483646 -0.176701 
140927067686899 0.434894 1.519199 0.291483 
140927087562940 -0.339286 1.364869 0.837697 
140927107438982 -0.954876 1.729722 0.884302 
140927127315024 -0.823049 1.948634 0.512259 
140927147191065 -0.155928 1.403751 0.163917 
140927167067107 0.476040 0.712528 -0.115714 
140927186943149 0.585496 0.513990 -0.489755 
140927206819190 0.278566 0.451539 -0.445280 
140927226695232 -0.168445 0.439155 -0.178565 
140927246571274 -0.361391 0.574710 -0.021039 
140927266447315 -0.168445 0.730371 -0.159923 
140927286323357 0.186421 0.503870 -0.265117 
140927306198878 0.132226 0.801211 -0.184557 
140927326073878 -0.396678 1.052480 -0.220376 
140927345948878 -0.893357 0.824780 -0.198006 
140927365823878 -1.200419 0.532499 -0.296410 
140927385698878 -1.234774 -0.133291 -0.437957 
140927405573878 -0.776045 -1.323723 -0.324772 
140927425448878 0.202001 -1.874598 0.179896 
140927445323878 1.239434 -1.369796 0.641954 
140927465198878 1.168727 -1.062734 0.528770 
140927485073878 0.173771 -0.672048 0.266449 
140927504948878 -0.200403 -0.675377 0.385492 
140927524823878 -0.327302 -2.034254 0.747416 
140927544698878 -0.781371 -4.466917 0.937698 
140927564573878 -1.637177 -5.657615 0.939829 
140927584448878 -1.946636 -4.410325 0.722382 
140927604323878 -1.920537 -3.077014 0.484828 
140927624198878 -1.693636 -1.947968 0.560595 
140927644073878 -1.295494 -1.343431 0.936500 
140927663948878 -0.570582 -0.766590 0.967925 
140927683823878 0.270710 -0.307329 0.736763 
140927703698878 0.966594 0.034621 0.342349 
140927723573878 1.249821 0.448343 -0.305731 
140927743448878 1.062867 0.328234 -0.719586 
140927763323878 0.291616 -0.319979 -0.702009 
140927783198878 -0.962865 -0.946753 -0.431032 
140927803073878 -1.330248 -1.849431 0.464588 
140927822948878 -0.919988 -1.175652 0.498810 
140927842823878 -0.240483 0.221175 -0.164051 
140927862698878 0.491752 1.860882 -0.720651 
140927882573878 1.518933 3.888212 -1.017194 
140927902448878 2.661162 5.201283 -1.062734 
140927922323878 2.186853 2.403634 -0.550342 
140927942198878 1.020523 0.519316 -0.236888 
140927962073878 1.324655 1.226118 -0.175103 
140927981948878 1.244095 0.880574 -0.456332 
140928001823878 0.454202 0.519316 -0.886699 
140928021698878 -0.152599 0.612127 -0.912665 
140928041573878 -0.046206 0.632633 -0.692288 
140928061448878 0.312655 0.680038 -0.495348 
140928081323878 0.666456 0.946886 -0.229165 
140928101198878 0.748215 1.471662 0.037151 
140928121073878 0.461792 1.591903 0.293880 
140928140948878 -0.263520 1.079512 0.422510 
140928160823878 -1.010003 1.065929 0.251935 
140928180699399 -0.835566 1.511343 -0.053796 
140928200575440 0.050733 1.274055 -0.196941 
140928220451482 0.563658 0.640357 -0.251269 
140928240327524 0.449941 0.466186 -0.205729 
140928260203565 0.030759 0.376970 -0.038083 
140928280079607 -0.296276 0.261256 0.151134 
140928299955649 -0.289086 0.406931 0.058190 
140928319831690 -0.085354 0.592952 -0.085354 
140928339707732 0.090947 0.633699 -0.263919 
140928359583774 -0.087884 0.800412 -0.270577 
140928379459815 -0.509329 0.448609 -0.349939 
140928399335857 -0.934103 0.039548 -0.374174 
140928419211899 -1.140631 -0.191614 -0.401072 
140928439087940 -0.859934 -1.009870 -0.307595 
140928458963982 -0.035819 -2.090713 -0.055926 
140928478840024 1.020389 -1.295361 0.522645 
140928498716065 1.306013 -0.394281 0.748215 
140928518591586 0.316250 -0.223173 0.456865 
140928538466586 -0.281629 -1.080976 0.440087 
140928558341586 -0.131693 -2.132791 0.639558 
140928578216586 -0.232094 -3.112833 0.805739 
140928598091586 -0.979643 -5.148685 0.886299 
140928617966586 -2.211088 -5.920602 0.905075 
140928637841586 -2.218944 -4.270642 0.688160 
140928657716586 -1.779922 -2.617353 0.461126 
140928677591586 -1.212403 -1.106942 0.420113 
140928697466586 -0.306130 -0.512658 0.437158 
140928717341586 0.610796 -0.255796 0.186022 
140928737216586 1.147422 0.086153 -0.121706 
140928757091586 1.314802 0.508530 -0.596814 
140928776966586 1.016128 0.424108 -0.975782 
140928796841586 0.351936 -0.347809 -0.982706 
140928816716586 -0.650210 -0.690024 -0.663792 
140928836591586 -1.259142 -1.644634 0.576973 
140928856466586 -1.546363 -1.794703 0.986434 
140928876341586 -0.921054 -0.093743 0.270044 
140928896216586 0.385359 1.911083 -0.443283 
140928916091586 1.747698 4.194609 -0.926114 
140928935966586 2.481665 3.975031 -0.670184 
140928955841586 1.541436 1.139566 -0.040214 
140928975716586 1.404017 2.270210 -0.079895 
140928995591586 0.665657 1.927062 -0.404667 
140929015466586 -0.410127 1.685913 -0.883503 
140929035341586 -0.628772 2.075933 -1.006008 
140929055216586 -0.301869 1.611344 -0.735831 
140929075091586 0.186022 0.810133 -0.521713 
140929094966586 0.614524 0.331963 -0.198805 
140929114841586 0.838496 0.062717 0.140482 
140929134716586 0.861798 0.146341 0.347143 
140929154591586 0.490554 0.839428 0.662727 
140929174466586 -0.247541 2.009487 0.656868 
140929194341586 -0.520381 2.149036 0.452870 
140929214216586 -0.108657 1.261938 0.099469 
140929234091586 0.466719 0.591088 -0.152998 
140929253966586 0.543684 0.376837 -0.572047 
140929273841586 0.265650 0.705604 -0.592020 
140929293716586 0.010786 0.880440 -0.391884 
140929313591586 -0.075501 0.678972 -0.313587 
140929333466586 0.082158 0.435959 -0.370845 
140929353342628 0.256063 0.502938 -0.200136 
140929373218669 0.074435 0.900148 -0.165515 
140929393094711 -0.458995 0.966594 -0.237421 
140929412970753 -1.015063 0.514256 -0.160855 
140929432846794 -1.359143 0.285224 -0.191348 
140929452722836 -1.256878 -0.469781 -0.432098 
140929472598878 -0.645949 -1.417999 -0.213186 
140929492474919 0.275104 -1.566071 0.460727 
140929512350961 1.053945 -1.204547 0.767389 
140929532227003 0.776178 -0.719319 0.604404 
140929552103044 -0.216115 -0.700011 0.450873 
140929571979086 -0.403335 -1.589640 0.578838 
140929591855128 -0.427970 -3.155843 0.793621 
140929611731169 -0.904009 -5.259739 0.801611 
140929631607211 -1.798431 -5.600224 0.805872 
140929651483253 -1.994839 -3.805788 0.684965 
140929671359294 -1.821468 -2.615089 0.558198 
140929691234815 -1.382046 -1.660613 0.673779 
140929711109815 -0.575908 -0.786165 0.700145 
140929730984815 0.394148 -0.380166 0.427570 
140929750859815 1.056076 0.036885 0.066313 
140929770734815 1.380049 0.664858 -0.462324 
140929790609815 1.267264 0.757003 -0.965129 
140929810484815 0.545282 -0.251136 -1.103480 
140929830359815 -0.754872 -1.146357 -0.809467 
140929850234815 -1.373657 -1.920804 0.621848 
140929870109815 -1.392300 -1.851961 1.193894 
140929889984815 -1.053945 -0.581634 0.509063 
140929909859815 0.083756 1.675260 -0.171507 
140929929734815 1.620799 4.535626 -0.560728 
140929949609815 2.317481 4.290083 -0.141414 
140929969484815 0.816258 0.764460 0.336490 
140929989359815 0.806271 2.086718 0.101600 
140930009234815 1.802559 2.175401 -0.546613 
140930029109815 1.820402 1.562875 -1.435709 
140930048984815 0.286955 1.106276 -1.780322 
140930068859815 -0.659132 0.993758 -1.367799 
140930088734815 -0.190416 0.823582 -1.047953 
140930108609815 0.407463 0.801877 -0.709998 
140930128484815 0.802277 1.108007 -0.297342 
140930148359815 0.887764 1.773797 0.039681 
140930168234815 0.529436 2.148770 0.448476 
140930188109815 -0.152732 1.770601 0.782037 
140930207984815 -0.721982 1.862480 0.565122 
140930227859815 -0.740225 2.230263 0.201468 
140930247734815 -0.013982 1.657151 0.014914 
140930267609815 0.657667 0.636362 -0.106660 
140930287484815 0.700011 0.163385 -0.415985 
140930307359815 0.286822 0.121706 -0.427038 
140930327234815 -0.128098 0.259259 -0.278966 
140930347109815 -0.153664 0.397210 -0.118111 
140930366984815 0.065381 0.475241 -0.116380 
140930386859815 0.224904 0.534097 -0.110122 
140930406734815 0.061519 0.666322 -0.119842 
140930426609815 -0.417850 0.818788 -0.225436 
140930446484815 -0.915727 0.427304 -0.338887 
140930466359815 -1.325854 0.100135 -0.383894 
140930486234815 -1.343431 -0.550209 -0.480833 
140930506109815 -0.667654 -1.563008 -0.278700 
140930525984815 0.356198 -1.811081 0.418249 
140930545860336 1.144093 -1.662477 0.794287 
140930565736378 0.868323 -1.335175 0.540222 
140930585612419 0.138484 -0.972053 0.322375 
140930605488461 -0.089083 -1.883386 0.588824 
140930625364503 -0.174970 -3.523892 0.929176 
140930645240544 -0.919589 -5.788642 1.009737 
140930665116586 -1.899898 -4.952411 1.017327 
140930684992628 -2.159689 -3.010169 0.896419 
140930704868669 -1.868472 -2.534395 0.852211 
140930724744711 -1.546896 -1.829723 0.875780 
140930744620753 -0.997220 -1.108540 0.845420 
140930764496794 -0.053663 -0.756603 0.496679 
140930784372836 0.753674 -0.451539 0.051532 
140930804248878 1.174586 0.143811 -0.412923 
140930824124919 1.255813 0.805472 -0.855939 
140930844000961 1.073919 0.546347 -1.079778 
140930863877003 0.140215 -0.624644 -0.921187 
140930883752524 -1.229048 -1.518001 -0.103730 
140930903627524 -1.529719 -2.538257 1.088566 
140930923502524 -1.211338 -1.571530 0.723713 
140930943377524 -0.434761 0.109988 -0.149403 
140930963252524 0.661262 2.545314 -0.771251 
140930983127524 1.910417 4.953209 -1.001747 
140931003002524 2.103629 3.464370 -0.286423 
140931022877524 0.762063 1.022520 0.282162 
140931042752524 1.205878 2.270876 0.077098 
140931062627524 2.018408 1.802293 -0.554070 
140931082502524 1.866209 1.129579 -1.303084 
140931102377524 0.265384 1.020789 -1.501223 
140931122252524 -0.581900 1.265267 -1.081509 
140931142127524 -0.275238 1.078713 -0.692954 
140931162002524 0.274838 0.973784 -0.425573 
140931181877524 0.665124 1.229980 -0.116513 
140931201752524 0.827577 1.827859 0.132492 
140931221627524 0.560196 2.076731 0.427837 
140931241502524 -0.015180 1.480583 0.460727 
140931261377524 -0.625709 1.244894 0.208259 
140931281252524 -0.697748 1.527455 -0.130628 
140931301127524 -0.048603 1.230113 -0.255264 
140931321002524 0.545814 0.637960 -0.256462 
140931340877524 0.574310 0.514922 -0.198672 
140931360752524 0.239951 0.682967 -0.062318 
140931380627524 -0.147006 0.670850 0.127565 
140931400502524 -0.211322 0.603472 0.017577 
140931420377524 -0.009454 0.589890 -0.119176 
140931440252524 0.180030 0.575775 -0.151667 
140931460127524 0.086153 0.700677 -0.178565 
140931480002524 -0.356464 0.700810 -0.306663 
140931499877524 -0.926513 0.362855 -0.408262 
140931519752524 -1.362206 0.007057 -0.452471 
140931539627524 -1.315601 -0.619451 -0.456465 
140931559502524 -0.693886 -1.485244 -0.244478 
140931579377524 0.243146 -1.697897 0.352336 
140931599252524 0.963265 -1.246092 0.664858 
140931619127524 0.730771 -0.589757 0.457930 
140931639002524 -0.150069 -0.571114 0.295344 
140931658877524 -0.475640 -1.604686 0.437690 
140931678752524 -0.465520 -2.976480 0.620117 
140931698627524 -0.754074 -4.839759 0.651808 
140931718502524 -1.510278 -5.721664 0.621448 
140931738377524 -1.714808 -4.278498 0.488024 
140931758252524 -1.503753 -2.998451 0.285358 
140931778128565 -1.161803 -1.953161 0.292282 
140931798004607 -0.666322 -1.146490 0.549410 
140931817880649 0.063783 -0.601474 0.585762 
140931837756690 0.647547 0.051532 0.523710 
140931857632732 1.021188 0.645949 0.242347 
140931877508774 1.157276 0.740491 -0.427970 
140931897384815 0.744886 -0.068976 -0.797749 
140931917260857 -0.287488 -0.885500 -0.780838 
140931937136899 -1.651824 -1.450756 -0.090015 
140931957012940 -2.204962 -2.498443 0.909602 
140931976888982 -1.364470 -1.173654 0.554869 
140931996765024 0.433163 1.300287 0.027697 
140932016641065 2.383527 4.531765 -0.439155 
140932036517107 3.152648 4.619782 -0.319712 
140932056393149 1.097621 0.211055 0.207993 
140932076269190 0.563258 1.718270 0.064448 
140932096145232 1.416268 2.576074 -0.314919 
140932116020232 1.696832 2.068076 -1.026781 
140932135895232 0.737296 1.426787 -1.552622 
140932155770232 -0.414388 0.953944 -1.157542 
140932175645232 -0.383761 0.764193 -0.733035 
140932195520232 0.103730 0.802144 -0.429568 
140932215395232 0.527439 1.016128 -0.144343 
140932235270232 0.700411 1.423858 -0.005459 
140932255145232 0.424108 1.579653 0.121573 
140932275020232 -0.043676 1.175252 0.165515 
140932294895232 -0.423043 1.317598 0.040879 
140932314770232 -0.366318 1.843971 -0.108657 
140932334645232 0.087218 1.626258 0.010919 
140932354520232 0.483630 0.952745 0.196408 
140932374395232 0.497212 0.575375 0.209457 
140932394270232 0.224371 0.579637 0.129430 
140932414145232 -0.076965 0.634231 0.096140 
140932434020232 -0.194011 0.529037 0.071506 
140932453895232 -0.082824 0.528504 -0.045673 
140932473770232 0.130495 0.596148 -0.206528 
140932493645232 0.114915 0.604404 -0.286822 
140932513520232 -0.407863 0.582699 -0.250470 
140932533395232 -0.939563 0.087085 -0.329033 
140932553270232 -1.302951 -0.241815 -0.348208 
140932573145232 -1.292032 -0.945954 -0.399208 
140932593020232 -0.653539 -1.813611 -0.352735 
140932612895232 0.216914 -1.680320 0.127965 
140932632770232 0.796418 -1.037966 0.460460 
140932652645232 0.739027 -0.479768 0.371111 
140932672520232 0.178831 -0.623046 0.241948 
140932692395232 -0.098004 -1.442101 0.384560 
140932712270232 -0.090947 -2.516819 0.558598 
140932732145232 -0.140881 -4.007921 0.673113 
140932752020232 -0.871119 -5.362005 0.671382 
140932771895232 -1.472327 -4.380231 0.636895 
140932791770232 -1.595632 -3.002712 0.626641 
140932811645232 -1.441967 -1.949832 0.728907 
140932831520232 -1.080044 -1.370195 0.846885 
140932851395232 -0.466985 -0.888297 0.737296 
140932871270232 0.221708 -0.441152 0.451805 
140932891145232 0.643686 0.007457 0.031026 
140932911020232 0.807470 0.253799 -0.529436 
140932930895232 0.507332 -0.105861 -0.792689 
140932950770232 -0.490687 -0.782836 -0.626774 
140932970645232 -1.334110 -1.366201 -0.029162 
140932990520232 -1.132642 -1.458346 0.572446 
140933010395232 -0.855939 -0.809600 0.391218 
140933030270232 -0.482431 0.518650 -0.198405 
140933050146274 0.784567 3.221490 -0.438755 
140933070022315 2.668086 5.559345 -0.238086 
140933089898357 2.041711 2.227733 0.529303 
140933109774399 0.749946 1.204014 0.619451 
140933129650440 1.482980 1.883519 0.192147 
140933149526482 2.089914 1.192696 -0.744087 
140933169402524 1.498426 0.847550 -1.706020 
140933189278565 0.005859 0.898816 -1.950764 
140933209154607 -0.501473 0.879775 -1.413605 
140933229030649 -0.202666 0.880973 -1.085903 
140933248906690 0.254465 1.151284 -0.868190 
140933268782732 0.592020 1.453419 -0.534895 
140933288658774 0.548478 1.344496 -0.077498 
140933308534815 0.119576 1.119725 0.247940 
140933328410857 -0.326237 1.314669 0.607999 
140933348286899 -0.467384 1.873666 0.879242 
140933368162419 -0.131027 1.868606 0.679505 
140933388037419 0.390819 1.098553 0.270044 
140933407912419 0.517319 0.457797 0.182959 
140933427787419 0.313853 0.286156 0.038216 
140933447662419 0.048603 0.344213 -0.035953 
140933467537419 -0.104396 0.300537 -0.029561 
140933487412419 -0.094143 0.304000 -0.087485 
140933507287419 0.002397 0.512259 -0.260723 
140933527162419 0.031825 0.690690 -0.409461 
140933547037419 -0.329699 0.928377 -0.321576 
140933566912419 -0.789227 0.482564 -0.368315 
140933586787419 -1.155145 0.071240 -0.293214 
140933606662419 -1.100684 -0.776710 -0.413189 
140933626537419 -0.399474 -2.010286 -0.320778 
140933646412419 0.537026 -1.885783 0.240616 
140933666287419 1.030243 -1.103480 0.578172 
140933686162419 0.547945 -0.656202 0.461792 
140933706037419 -0.111853 -0.599344 0.344480 
140933725912419 -0.213585 -1.330381 0.567386 
140933745787419 -0.180828 -2.753973 0.793488 
140933765662419 -0.524776 -4.951878 0.839561 
140933785537419 -1.313337 -5.676923 0.780172 
140933805412419 -1.685247 -4.034286 0.715591 
140933825287419 -1.759549 -2.720950 0.627041 
140933845162419 -1.504685 -1.823598 0.762063 
140933865037419 -0.911200 -1.151683 0.841691 
140933884912419 -0.069242 -0.763395 0.631169 
140933904787419 0.575509 -0.471912 0.364453 
140933924662419 0.931307 0.347809 -0.069775 
140933944537419 1.025716 0.865660 -0.596148 
140933964412419 0.731703 0.452737 -0.823981 
140933984287419 -0.218113 -0.442750 -0.740758 
140934004162419 -1.319462 -1.175652 -0.348608 
140934024037419 -1.405615 -1.932122 0.581368 
140934043912419 -0.977379 -1.143960 0.599877 
140934063787419 -0.197606 0.484429 -0.007590 
140934083662419 0.731570 2.779805 -0.511193 
140934103537419 2.063149 5.341631 -0.603871 
140934123412419 1.946769 2.958770 0.144077 
140934143287419 0.528770 1.160472 0.424907 
140934163162419 1.314402 2.651308 0.286556 
140934183037419 2.163684 1.535578 -0.366584 
140934202912419 1.629987 0.223439 -1.457414 
140934222787419 0.005459 0.430899 -1.987249 
140934242662419 -0.674179 1.210273 -1.692837 
140934262537419 -0.395213 1.160072 -1.491369 
140934282412419 0.072038 1.317598 -1.367000 
140934302287419 0.531300 1.565272 -1.107874 
140934322162419 0.662061 1.661279 -0.534363 
140934342037940 0.254199 1.211072 0.067777 
140934361913982 -0.370978 1.335707 0.568185 
140934381790024 -0.789760 1.860217 0.995755 
140934401666065 -0.671116 2.090580 1.180046 
140934421542107 0.021039 1.547029 0.962333 
140934441418149 0.648879 1.006275 0.411724 
140934461294190 0.602939 0.457797 0.105461 
140934481170232 0.205862 0.280830 -0.052997 
140934501046274 -0.113051 0.370845 -0.097605 
140934520922315 -0.202666 0.346743 -0.123837 
140934540798357 -0.087751 0.378968 -0.237554 
140934560674399 0.144476 0.293480 -0.313188 
140934580550440 0.015579 0.774846 -0.214118 
140934600426482 -0.520115 1.016395 -0.292282 
140934620302524 -1.061535 0.738361 -0.311723 
140934640178565 -1.371926 0.312522 -0.400539 
140934660054607 -1.278982 -0.708800 -0.485893 
140934679929607 -0.536893 -1.996304 -0.321177 
140934699804607 0.723314 -2.031458 0.331430 
140934719679607 1.669401 -1.371527 0.706536 
140934739554607 0.977113 -0.611594 0.490154 
140934759429607 -0.170442 -0.253266 0.325305 
140934779304607 -0.344213 -1.278982 0.644085 
140934799179607 -0.358728 -2.819886 0.902411 
140934819054607 -0.610929 -4.606466 0.944090 
140934838929607 -1.327984 -5.260139 0.809467 
140934858804607 -1.636378 -3.690473 0.673646 
140934878679607 -1.622663 -2.587525 0.522246 
140934898554607 -1.333177 -1.763943 0.534496 
140934918429607 -0.810399 -1.091762 0.572712 
140934938304607 0.029162 -0.617720 0.360459 
140934958179607 0.728507 -0.026365 0.039148 
140934978054607 1.135038 0.688293 -0.370445 
140934997929607 1.108274 0.728374 -0.788428 
140935017804607 0.470580 -0.240616 -0.839827 
140935037679607 -0.656336 -1.119992 -0.545282 
140935057554607 -1.159406 -1.809483 0.262854 
140935077429607 -1.225053 -1.998568 0.826645 
140935097304607 -0.981507 -0.590156 0.311723 
140935117179607 -0.167646 1.446362 -0.493350 
140935137054607 1.023319 3.977828 -0.928777 
140935156929607 2.478336 4.888495 -0.363788 
140935176804607 1.465936 0.767123 0.754340 
140935196679607 0.975915 1.647563 0.577240 
140935216554607 1.468066 2.425605 -0.059921 
140935236429607 0.946753 1.412007 -0.847950 
140935256304607 -0.119043 1.328517 -1.364736 
140935276179607 -0.386691 1.611344 -1.171124 
140935296054607 -0.132093 1.170325 -0.749013 
140935315929607 0.247940 0.981241 -0.392150 
140935335804607 0.650743 1.094558 -0.070973 
140935355679607 0.879508 1.384576 0.051133 
140935375554607 0.709599 1.466868 0.184823 
140935395429607 0.172839 1.170991 0.217980 
140935415304607 -0.327968 0.966327 0.062717 
140935435179607 -0.345012 1.530251 -0.006924 
140935455054607 0.111453 1.360342 0.141281 
140935474929607 0.477238 0.642088 0.226235 
140935494804607 0.386025 0.528371 0.118511 
140935514679607 0.063383 0.730904 0.044874 
140935534554607 -0.209591 0.754473 0.070441 
140935554429607 -0.265783 0.629970 -0.012117 
140935574304607 -0.191614 0.549942 -0.167113 
140935594179607 -0.057791 0.470847 -0.305864 
140935614054607 -0.114915 0.775379 -0.205196 
140935633930649 -0.433829 0.850879 -0.200536 
140935653806690 -0.793222 0.394813 -0.337289 
140935673682732 -1.063399 0.031825 -0.426505 
140935693558774 -1.067394 -0.530634 -0.435427 
140935713434815 -0.601741 -1.712944 -0.392017 
140935733310857 0.174437 -1.957955 0.049002 
140935753186899 0.989763 -1.572063 0.568718 
140935773062940 1.155145 -1.346360 0.561793 
140935792938982 0.361790 -0.824780 0.251935 
140935812815024 -0.214251 -0.962865 0.313054 
140935832691065 -0.273107 -2.037849 0.604404 
140935852567107 -0.227034 -3.253182 0.770851 
140935872443149 -0.391484 -4.514321 0.728773 
140935892319190 -0.895221 -4.723113 0.633033 
140935912195232 -1.143427 -3.591536 0.559397 
140935932071274 -1.341700 -2.462490 0.544217 
140935951946794 -1.255813 -1.527987 0.640623 
140935971821794 -0.854208 -1.109206 0.753008 
140935991696794 -0.258326 -0.662993 0.710664 
140936011571794 0.373375 -0.031425 0.401604 
140936031446794 0.730904 0.392283 -0.134889 
140936051321794 0.827177 0.363921 -0.636628 
140936071196794 0.562592 -0.248606 -0.778042 
140936091071794 -0.333561 -0.915461 -0.622114 
140936110946794 -1.092162 -1.428652 -0.102398 
140936130821794 -1.097088 -1.692438 0.639158 
140936150696794 -0.804940 -0.823582 0.407064 
140936170571794 -0.341950 0.463523 -0.493617 
140936190446794 0.344480 2.207226 -1.185106 
140936210321794 1.454085 4.470778 -1.403085 
140936230196794 2.880606 5.586376 -0.456332 
140936250071794 1.918007 1.281246 0.964463 
140936269946794 0.097472 0.219844 0.712262 
140936289821794 0.362989 1.788045 0.025167 
140936309696794 0.364586 1.039165 -0.811198 
140936329571794 -0.113850 1.029977 -1.483380 
140936349446794 -0.140215 1.045956 -1.301486 
140936369321794 0.063250 0.312255 -1.045157 
140936389196794 0.503737 0.200403 -0.913730 
140936409071794 0.914263 0.630769 -0.676709 
140936428946794 0.991095 1.181244 -0.180429 
140936448821794 0.672714 1.673396 0.241282 
140936468696794 0.116513 1.424657 0.758335 
140936488571794 -0.602273 1.138101 1.072321 
140936508446794 -0.860866 1.363937 0.654072 
140936528321794 -0.143677 1.430516 0.214118 
140936548196794 0.576574 0.720118 0.066446 
140936568071794 0.626508 0.117179 -0.178565 
140936587946794 0.305198 0.342083 -0.243812 
140936607821794 -0.019974 0.508930 -0.129563 
140936627696794 -0.248606 0.410127 -0.030227 
140936647571794 -0.281363 0.670983 -0.054728 
140936667446794 -0.153931 0.870454 -0.133691 
140936687321794 -0.229964 0.765925 -0.164450 
140936707196794 -0.642487 0.545548 -0.285491 
140936727071794 -0.997087 0.219844 -0.338221 
140936746946794 -1.148221 0.024368 -0.365119 
140936766821794 -0.872984 -0.675510 -0.393482 
140936786696794 -0.074968 -1.710547 -0.130095 
140936806571794 0.807603 -1.504951 0.366983 
140936826446794 1.082042 -1.041695 0.464189 
140936846321794 0.361790 -0.689226 0.273240 
140936866197315 -0.437823 -0.630636 0.270843 
140936886073357 -0.598012 -1.329050 0.583631 
140936905949399 -0.603871 -2.496046 0.826645 
140936925825440 -0.794154 -3.797931 0.773781 
140936945701482 -1.225985 -4.404599 0.558065 
140936965577524 -1.271792 -3.788211 0.411059 
140936985453565 -1.162602 -2.939995 0.376837 
140937005329607 -1.106010 -1.671532 0.352336 
140937025205649 -0.817190 -0.889628 0.459794 
140937045081690 -0.194011 -0.538091 0.411325 
140937064957732 0.508264 -0.259259 0.184557 
140937084833774 0.981507 0.285890 -0.067911 
140937104709815 1.197490 0.912931 -0.518118 
140937124585857 1.115731 0.692155 -0.839561 
140937144461899 0.456465 -0.426505 -0.827710 
140937164337940 -0.860467 -1.401887 -0.468183 
140937184213982 -1.597629 -1.899232 0.530102 
140937204088982 -1.490703 -1.667138 0.866193 
140937223963982 -0.796151 -0.506932 0.135954 
140937243838982 0.125035 1.331979 -0.645417 
140937263713982 1.286972 3.618834 -1.001880 
140937283588982 2.451172 4.390085 -0.535162 
140937303463982 1.359676 0.735698 0.603339 
140937323338982 0.661928 1.415602 0.692288 
140937343213982 1.192696 2.265416 0.252068 
140937363088982 0.828775 1.112801 -0.502938 
140937382963982 0.274705 0.849148 -1.250753 
140937402838982 -0.045274 0.740491 -1.345162 
140937422713982 -0.038616 0.089216 -0.980842 
140937442588982 0.244877 -0.231828 -0.856339 
140937462463982 0.697481 0.066313 -0.756204 
140937482338982 1.022254 0.684965 -0.402004 
140937502213982 0.957406 1.130911 0.056193 
140937522088982 0.487358 1.149153 0.465787 
140937541963982 -0.224371 0.727708 0.898816 
140937561838982 -0.661529 0.749280 0.865926 
140937581713982 -0.402137 1.400156 0.349540 
140937601588982 0.260057 1.251818 0.090947 
140937621463982 0.571114 0.577906 0.057524 
140937641338982 0.425573 0.378035 -0.135688 
140937661213982 0.061519 0.482698 -0.110255 
140937681088982 -0.253000 0.366983 0.084422 
140937700963982 -0.294279 0.365252 0.048336 
140937720838982 -0.164450 0.588958 -0.088284 
140937740713982 -0.027431 0.615323 -0.213053 
140937760588982 -0.092545 0.642487 -0.268047 
140937780463982 -0.518118 0.556733 -0.301869 
140937800338982 -0.867524 0.224238 -0.385759 
140937820213982 -0.985103 -0.182560 -0.398542 
140937840088982 -0.627840 -1.040230 -0.255397 
140937859963982 0.071639 -1.390036 0.155928 
140937879838982 0.719186 -1.130511 0.526640 
140937899713982 0.760731 -1.198022 0.496280 
140937919588982 0.301869 -0.985768 0.330099 
140937939463982 -0.070307 -1.220659 0.388289 
140937959338982 -0.173638 -2.131859 0.666189 
140937979213982 -0.362855 -3.622429 0.864728 
140937999088982 -1.290700 -5.110203 0.860999 
140938018963982 -1.939179 -4.068242 0.837430 
140938038838982 -1.974999 -2.694718 0.740891 
140938058713982 -1.753557 -1.812147 0.687228 
140938078588982 -1.314802 -1.078713 0.806538 
140938098463982 -0.516387 -0.615722 0.782037 
140938118340024 0.294812 -0.343414 0.586028 
140938138216065 0.940228 0.119176 0.188152 
140938158092107 1.185905 0.654471 -0.362989 
140938177968149 1.174187 0.828109 -0.902944 
140938197844190 0.917059 0.245543 -1.226784 
140938217720232 0.059921 -0.840227 -1.202683 
140938237596274 -1.473659 -1.886182 -0.420646 
140938257472315 -1.557682 -1.710281 0.843156 
140938277348357 -0.724779 -0.926114 0.787762 
140938297224399 -0.149403 0.012650 -0.161387 
140938317100440 0.444082 2.282727 -0.901746 
140938336976482 1.988847 4.849480 -1.007074 
140938356852524 2.470213 2.565288 0.257394 
140938376728565 0.578704 -0.433962 0.913597 
140938396604607 0.811331 2.461957 0.442484 
140938416480649 1.381780 2.298306 -0.309326 
140938436356169 0.924249 1.247823 -1.270859 
140938456231169 -0.166048 1.342365 -1.833984 
140938476106169 -0.461126 1.441302 -1.347026 
140938495981169 -0.150602 0.795086 -0.911466 
140938515856169 0.307462 0.547679 -0.580036 
140938535731169 0.702541 0.717855 -0.223839 
140938555606169 0.827976 1.040230 0.038216 
140938575481169 0.545548 1.230646 0.289619 
140938595356169 -0.016112 1.205079 0.584430 
140938615231169 -0.482564 1.405748 0.570981 
140938635106169 -0.576441 1.790042 0.376704 
140938654981169 -0.106926 1.450223 0.132758 
140938674856169 0.404933 0.780172 -0.016112 
140938694731169 0.544882 0.427437 -0.189084 
140938714606169 0.349273 0.500408 -0.180962 
140938734481169 0.058190 0.525441 0.005726 
140938754356169 -0.147273 0.401871 0.149670 
140938774231169 -0.166314 0.416918 0.030493 
140938794106169 -0.076965 0.666722 -0.145542 
140938813981169 0.071106 0.521713 -0.222374 
140938833856169 -0.058190 0.691489 -0.153132 
140938853731169 -0.473510 0.854075 -0.261655 
140938873606169 -1.004411 0.610796 -0.229831 
140938893481169 -1.319728 0.058856 -0.366184 
140938913356169 -1.083240 -1.129446 -0.504535 
140938933231169 -0.185489 -2.470213 -0.250736 
140938953106169 0.966594 -1.975132 0.373774 
140938972981169 1.556750 -1.480317 0.575642 
140938992856169 0.649544 -1.017327 0.347010 
140939012731169 -0.134090 -0.716390 0.423309 
140939032606169 -0.326903 -1.656618 0.912132 
140939052481169 -0.846352 -3.759449 1.291499 
140939072356169 -1.778191 -5.278248 1.229714 
140939092231169 -1.996970 -4.365184 1.022254 
140939112106169 -1.604420 -3.567568 0.924782 
140939131981169 -1.541570 -2.615222 0.704539 
140939151856169 -1.528520 -1.643569 0.549676 
140939171731169 -0.868856 -1.096156 0.606934 
140939191606169 0.111453 -0.742622 0.463257 
140939211481169 0.840094 -0.375905 0.198539 
140939231356169 1.262471 0.178432 -0.065114 
140939251231169 1.339702 0.923717 -0.653140 
140939271106169 1.165132 1.159806 -1.260606 
140939290981169 0.524243 0.750079 -1.521330 
140939310856169 -0.957805 -0.453403 -1.118660 
140939330731169 -1.495497 -1.488307 0.292282 
140939350606169 -1.165798 -1.935850 0.713327 
140939370481169 -0.745818 -0.563658 0.498011 
140939390356169 0.269245 1.828525 0.535961 
140939410232211 1.635712 4.422975 0.460993 
140939430108253 1.176983 3.140664 0.450473 
140939449984294 0.287888 1.821734 0.375239 
140939469860336 1.215865 2.445579 0.272042 
140939489736378 1.747965 1.237970 -0.192680 
140939509612419 1.470730 0.399208 -0.705071 
140939529488461 1.336373 -0.043942 -0.961800 
140939549364503 1.110138 -0.747815 -0.990296 
140939569240544 0.820120 -0.436225 -0.825313 
140939589116586 0.581101 0.420912 -0.448875 
140939608992628 0.386824 1.197490 -0.299605 
140939628868669 0.107991 1.749562 -0.368448 
140939648744711 -0.092678 1.854491 -0.412124 
140939668620753 -0.184690 2.109355 -0.310791 
140939688496794 0.128364 2.588458 -0.151667 
140939708372836 0.989230 3.074484 0.009987 
140939728248357 1.741440 3.041860 0.232627 
140939748123357 1.265933 1.514405 0.359660 
140939767998357 0.183758 0.302535 0.147406 
140939787873357 -0.118910 0.677241 -0.186687 
140939807748357 -0.174703 1.158741 -0.543817 
140939827623357 -0.227833 1.264867 -0.900947 
140939847498357 -0.219844 1.176184 -0.774314 
140939867373357 -0.292548 1.378052 -0.433695 
140939887248357 -0.578838 1.529852 -0.049002 
140939907123357 -1.261805 1.523993 -0.415586 
140939926998357 -1.705354 0.655803 -0.856605 
140939946873357 -1.320394 -0.571780 -0.708001 
140939966748357 -0.100667 -1.316799 0.100801 
140939986623357 0.743021 -0.075767 1.138634 
140940006498357 0.661129 0.629038 1.382845 
140940026373357 0.372043 -0.530768 1.559013 
140940046248357 -0.679372 -0.803608 1.773398 
140940066123357 -1.279648 -1.682717 2.116279 
140940085998357 -1.541570 -2.767289 2.179929 
140940105873357 -1.603089 -3.376486 1.908819 
140940125748357 -1.549692 -2.859967 1.178448 
140940145623357 -1.430250 -1.944905 0.927578 
140940165498357 -0.770319 -1.329449 0.931706 
140940185373357 -0.204797 -0.836365 0.880707 
140940205248357 0.217713 -0.323574 0.918923 
140940225123357 0.460860 -0.206528 0.845287 
140940244998357 0.600143 -0.575242 0.727708 
140940264873357 0.423309 -0.992959 0.491486 
140940284748357 0.006525 -1.245293 0.071373 
140940304623357 -0.349273 -1.023585 -0.322908 
140940324498357 -0.844887 -0.407863 -0.769387 
140940344373357 -1.349955 0.097205 -1.091496 
140940364248357 -1.459012 -0.055261 -1.215333 
140940384123357 -1.163667 -1.148354 -1.577256 
140940403998357 -0.693620 -2.166480 -1.623728 
140940423873357 -0.467118 -2.074068 -2.305896 
140940443748357 -0.317315 -1.542235 -3.053844 
140940463623357 -0.260457 -0.776843 -3.007772 
140940483498357 -0.205862 1.412406 -2.571280 
140940503373357 -0.755272 1.822000 -2.427070 
140940523248357 -1.258209 1.078979 -2.951712 
140940543123357 -0.999217 0.897751 -2.692454 
140940562998357 -0.307062 0.209724 -2.293380 
140940582873357 -0.356996 0.086286 -2.492850 
140940602748357 -0.188951 1.672863 -2.984869 
140940622623357 0.500807 2.302168 -2.818821 
140940642498357 1.474991 1.239035 -1.651824 
140940662373357 1.834251 -0.271509 -0.782836 
140940682248357 0.862730 -0.171507 -0.641954 
140940702124399 0.014381 0.700145 -0.861266 
140940722000440 0.113717 1.096556 -0.628639 
140940741876482 0.386824 0.588558 -0.448343 
140940761752524 0.303068 0.380832 -0.272175 
140940781628565 0.410260 0.875114 -0.049402 
140940801504607 0.437690 1.140897 0.420912 
140940821380649 -0.029428 1.100284 0.198272 
140940841256690 -0.331297 0.692022 -0.779240 
140940861132732 -0.257128 0.454202 -1.105211 
140940881008774 -0.519183 1.191630 -1.465803 
140940900884815 -0.991361 2.291782 -1.740374 
140940920760857 -0.948617 2.142645 -1.781121 
140940940636899 -0.626908 1.331446 -1.455416 
140940960512940 -0.054328 0.637427 -1.807619 
140940980388982 0.718520 0.666589 -2.141579 
140941000265024 1.015063 0.656336 -1.411075 
140941020140544 0.785499 1.840642 -0.788029 
140941040015544 -0.232361 2.307894 -0.388821 
140941059890544 -1.046488 2.772881 -0.411059 
140941079765544 -1.106676 2.876478 -0.589890 
140941099640544 0.202533 1.528254 -0.659798 
140941119515544 2.997785 -0.549942 -0.413322 
140941139390544 3.287537 -0.308261 -0.792024 
140941159265544 2.125734 2.596314 -1.166197 
140941179140544 0.687095 5.212202 -1.702691 
140941199015544 -0.569650 6.901976 -2.421477 
140941218890544 -1.533447 7.006106 -2.852510 
140941238765544 -1.604420 5.766672 -3.288602 
140941258640544 -1.317864 3.793404 -3.619899 
140941278515544 -1.354483 2.080593 -3.982888 
140941298390544 -1.517868 1.422127 -4.252399 
140941318265544 -1.708550 1.399623 -4.482762 
140941338140544 -1.317465 1.732252 -4.598344 
140941358015544 -0.595482 1.510144 -4.661594 
140941377890544 0.108524 1.553953 -4.754272 
140941397765544 0.744752 2.614823 -4.695549 
140941417640544 0.940095 3.174086 -4.106858 
140941437515544 0.829175 3.084737 -3.684347 
140941457390544 0.726110 2.595914 -3.512574 
140941477265544 0.830772 2.060353 -3.173820 
140941497140544 0.890694 1.796434 -2.636128 
140941517015544 0.847417 1.586843 -2.161287 
140941536890544 0.823981 1.788711 -2.015346 
140941556765544 0.502538 1.806288 -1.896835 
140941576640544 -0.047537 1.791241 -1.643702 
140941596515544 -0.627041 1.873532 -1.352618 
140941616390544 -1.090830 1.994040 -1.170325 
140941636265544 -1.350887 1.903093 -1.062734 
140941656140544 -1.214001 1.408545 -0.936234 
140941676015544 -0.734100 0.849548 -0.779640 
140941695890544 -0.415053 0.138484 -0.745951 
140941715765544 -0.436225 -0.565522 -0.977246 
140941735640544 -0.470314 -0.529836 -0.858603 
140941755515544 -0.391218 0.275104 -0.400406 
140941775390544 -0.432630 0.913597 -0.044741 
140941795265544 -0.679505 0.852344 -0.010519 
140941815140544 -0.894688 0.430233 -0.168178 
140941835015544 -0.959669 -0.208525 -0.211322 
140941854890544 -0.643686 -1.039564 -0.168977 
140941874765544 0.046738 -1.440236 -0.079229 
140941894640544 0.370978 -1.698829 -0.097605 
140941914515544 0.146740 -1.848898 -0.194277 
140941934390544 -0.229032 -1.604953 -0.197606 
140941954266065 -0.588425 -1.365135 -0.071240 
140941974142107 -0.855407 -1.465270 0.284692 
140941994018149 -0.963797 -1.635313 0.429967 
140942013894190 -0.856206 -1.648362 0.232760 
140942033770232 -0.873383 -1.485910 0.019841 
140942053646274 -1.154879 -1.015862 -0.087884 
140942073522315 -1.523993 -0.367383 -0.078830 
140942093398357 -1.784982 0.192280 -0.070840 
140942113274399 -1.672730 0.568451 0.192147 
140942133150440 -1.406547 0.851945 0.524909 
140942153026482 -1.124918 1.102415 0.717455 
140942172902524 -0.870454 0.821185 0.442084 
140942192781482 -0.689092 -0.264585 0.045673 
140942212656482 -0.607600 -1.091629 -0.412523 
140942232531482 -0.703740 -1.207210 -0.679771 
140942252406482 -0.731969 -0.599078 -0.498277 
140942272281482 -0.630370 0.247674 -0.557399 
140942292156482 -0.352735 0.618119 -0.759000 
140942312031482 -0.165249 0.428769 -0.998285 
140942331906482 0.018908 0.093876 -1.029178 
140942351781482 -0.004394 -0.206661 -0.667255 
140942371656482 -0.172173 -0.623845 -0.538491 
140942391531482 -0.466852 -0.889895 -0.756071 
140942411406482 -0.718387 -0.667388 -0.615856 
140942431281482 -0.848749 -0.121973 -0.434228 
140942451156482 -0.801478 0.633299 -0.195875 
140942471031482 -0.737429 0.994290 0.182293 
140942490906482 -0.789094 0.991894 0.414254 
140942510781482 -0.834767 0.894023 0.599877 
140942530656482 -0.868456 0.944756 0.674312 
140942550531482 -0.898683 1.108806 0.870320 
140942570406482 -0.998685 1.580718 1.127182 
140942590281482 -1.207743 1.801095 1.121057 
140942610156482 -1.217064 1.734382 1.041162 
140942630031482 -1.129046 1.556617 1.287504 
140942649906482 -1.052081 1.276585 1.725860 
140942669781482 -1.091496 1.025449 1.940378 
140942689656482 -1.438639 1.475523 1.969273 
140942709531482 -1.865676 2.325337 2.120540 
140942729406482 -1.823864 2.926812 2.298972 
140942749281250 -1.241432 2.884734 2.407096 
140942769156250 -0.850613 2.943590 2.585927 
140942789031250 -1.101083 3.423891 2.901512 
140942808906250 -1.049551 3.021088 2.816025 
140942828781250 -0.789227 2.355298 2.430266 
140942848656250 -0.865394 1.975931 2.029860 
140942868531250 -1.007074 1.799497 1.823465 
140942888406250 -0.909868 1.619467 1.691239 
140942908281250 -0.432763 1.675393 1.540105 
140942928156250 -0.063783 1.950498 1.505351 
140942948031250 0.066446 2.010019 1.476589 
140942967906250 0.313054 1.587509 1.131310 
140942987781250 0.579903 1.257677 -0.068310 
140943007656250 0.597879 1.459278 -0.711330 
140943027531250 0.578039 1.206411 -0.160722 
140943047406250 0.636096 0.655537 0.045407 
140943067281250 0.245810 0.460593 -0.232893 
140943087156250 0.257927 0.362589 -0.466719 
140943107031250 0.658067 0.569517 -0.516520 
140943126907083 0.691489 0.821185 -0.500008 
140943146783125 0.593751 0.711330 -0.523977 
140943166659167 0.396411 0.660330 -0.580702 
140943186540208 0.395213 0.787896 -0.291749 
140943206420208 0.874981 0.886299 0.121706 
140943226295208 0.964729 0.719053 0.265384 
140943246170208 0.559397 0.587759 0.102931 
140943266045208 0.411325 0.353801 -0.077897 
140943285920208 0.405865 0.164184 -0.016112 
140943305795208 0.227167 -0.184956 0.180828 
140943325670208 0.056059 -0.561527 0.190949 
140943345545208 -0.123704 -0.702275 -0.058589 
140943365420208 -0.322509 -0.536227 -0.107192 
140943385295208 -0.500674 -0.524110 0.095874 
140943405170208 -0.425440 -0.718654 0.054861 
140943425045208 -0.329300 -0.597080 0.071772 
140943444920208 -0.255930 -0.345944 0.245810 
140943464795208 -0.226235 -0.287621 0.347542 
140943484670208 -0.169910 -0.249671 0.376970 
140943504545208 -0.075101 -0.006658 0.448875 
140943524420208 -0.100801 0.108657 0.423309 
140943544295208 -0.150602 0.235956 0.369114 
140943564170208 -0.144476 0.424508 0.581501 
140943584045208 -0.209324 0.223173 0.961534 
140943603920208 -0.483230 -0.110921 1.049418 
140943623795208 -0.768721 -0.432763 0.880307 
140943643670208 -1.437174 0.012650 0.679106 
140943663545208 -0.829041 -0.271243 0.649678 
140943683422083 -0.791358 -0.157925 0.659398 
140943703300208 -0.577906 -0.373242 0.636229 
140943723176875 -0.584031 -0.209990 0.713860 
140943743051927 -0.550342 -0.278700 0.713327 
140943762926927 -0.642487 -0.175768 0.504136 
140943782801927 -0.893889 0.015313 0.343148 
140943802676927 -0.903344 -0.067911 0.184424 
140943822551927 -0.775379 -0.399740 -0.002131 
140943842426927 -0.825979 -0.425839 0.056459 
140943862301927 -0.884435 -0.859002 0.069508 
140943882176927 -0.825047 -0.992160 -0.151134 
140943902051927 -0.829175 -0.792423 -0.152732 
140943921926927 -0.765126 -0.889096 -0.276569 
140943941801927 -0.680304 -0.845686 -0.319180 
140943961676927 -0.537559 -0.718654 -0.381231 
140943981551927 -0.252467 -0.447943 -0.419581 
140944001426927 0.152865 -0.150468 -0.353801 
140944021301927 0.581900 -0.102798 -0.194277 
140944041176927 1.028246 -0.262188 -0.002663 
140944061051927 1.080044 -0.201601 0.014381 
140944080926927 1.235839 -0.336490 0.068576 
140944100801927 1.377785 -0.581900 0.185090 
140944120676927 1.391767 -1.030776 -0.021971 
140944140551927 1.207343 -1.253283 -0.294679 
140944160426927 0.592287 -1.123454 -0.360592 
140944180303802 0.257261 -1.139033 -0.146074 
140944200182187 0.461259 -1.183907 0.268047 
140944220057969 0.681636 -0.833169 0.354866 
140944239932969 0.902145 -0.629571 0.208659 
140944259807969 1.159273 -0.584963 0.123171 
140944279682969 1.195093 -0.472311 0.050334 
140944299557969 1.072721 -0.319712 -0.007057 
140944319432969 0.923184 -0.114915 -0.074568 
140944339307969 0.645417 -0.062984 -0.195343 
140944359182969 0.466985 -0.192680 -0.286822 
140944379057969 0.372310 -0.311590 -0.245543 
140944398932969 0.266183 -0.270710 -0.215450 
140944418807969 0.196941 -0.183092 -0.192680 
140944438682969 0.174171 -0.160988 -0.212653 
140944458557969 0.163518 -0.063117 -0.366584 
140944478432969 0.086420 -0.006258 -0.395213 
140944498307969 -0.058190 0.019441 -0.202001 
140944518182969 -0.102265 -0.017577 0.117978 
140944538057969 -0.014248 0.028629 0.358994 
140944557932969 0.042477 0.057657 0.343814 
140944577807969 -0.031558 0.359127 -0.006658 
140944597682969 -0.245676 0.912798 -0.328501 
140944617557969 -0.580835 0.956207 0.164184 
140944637432969 -0.500274 0.338488 0.686962 
140944657307969 -0.289219 0.197473 0.180695 
140944677186042 -0.170842 0.361524 -0.525308 
140944697063594 -0.062451 0.865394 -0.864461 
140944716938594 -0.131560 1.607616 -0.434095 
140944736813594 -0.281762 1.780189 0.658067 
140944756688594 -0.013982 1.096955 1.475523 
140944776563594 -0.021838 0.691090 1.619334 
140944796438594 -0.377236 0.788561 1.100817 
140944816313594 -0.773781 0.767789 0.503204 
140944836188594 -0.705071 0.494682 0.195076 
140944856063594 -0.812130 0.311590 -0.143411 
140944875938594 -1.154879 0.529569 -0.913730 
140944895813594 -1.613475 0.533830 -1.539705 
140944915688594 -1.572862 -0.189750 -1.605619 
140944935563594 -1.711479 -0.261522 -1.682318 
140944955438594 -1.868339 0.326237 -1.883786 
140944975219167 -2.660629 2.522811 -2.897118 
140944994972760 -1.496030 2.536393 -4.003394 
140945014769375 -0.792024 1.863679 -3.434011 
140945034617760 -0.758335 1.241565 -1.538773 
140945054517865 -0.334892 0.413988 -0.886566 
140945074461667 0.141547 0.983238 -1.345428 
140945094435417 0.519582 2.215882 -1.539306 
140945114421042 0.859268 1.566870 -1.251418 
140945134318802 1.066462 -0.082158 -0.664591 
140945154193802 1.074718 -0.584164 0.103197 
140945174068802 1.226385 0.071240 0.258326 
140945193943802 1.229181 1.233043 -0.174570 
140945213818802 0.885767 2.185255 -0.488823 
140945233693802 0.289619 2.430000 -0.079628 
140945253568802 0.072571 1.879658 0.474575 
140945273443802 0.034355 1.003212 0.657534 
140945293318802 0.280564 0.260057 0.376704 
140945313193802 0.459794 -0.251802 0.222374 
140945333068802 0.393748 -0.225703 0.304932 
140945352943802 0.187087 -0.398675 0.410659 
140945372818802 -0.032224 -0.589757 0.272841 
140945392693802 -0.504535 -0.581634 -0.004927 
140945412568802 -1.092960 -0.017710 -0.440886 
140945432443802 -0.958071 0.120242 -0.851678 
140945452318802 -0.535029 -0.557799 -0.808535 
140945472196615 -0.629837 -0.751144 -0.848616 
140945492073177 -0.864461 -0.820386 -0.895221 
140945511948177 -1.144093 -1.082175 -0.666322 
140945531823177 -1.320261 -1.879258 -0.456332 
140945551698177 -1.221724 -1.734382 -0.497212 
140945571573177 0.175635 0.349939 0.146074 
140945591448177 1.203748 1.883386 1.761413 
140945611323177 0.679239 1.735181 2.176733 
140945631198177 -0.840094 1.780721 2.083656 
140945651073177 -2.109755 1.811214 1.479119 
140945670948177 -0.515854 1.281912 0.062984 
140945690823177 1.630519 0.029961 -1.095757 
140945710698177 1.215599 0.128231 -1.861681 
140945730573177 0.915727 0.204797 -1.881921 
140945750448177 -0.147273 -0.201734 -1.807619 
140945770323177 -1.425323 -0.551407 -1.415869 
140945790198177 -2.306163 -0.847550 -0.826511 
140945810073177 -2.606434 -0.836365 -0.330365 
140945829948177 -2.358094 -0.447011 -0.042477 
140945849823177 -1.843838 0.145275 -0.137153 
140945869698177 -1.406414 0.467917 -0.449941 
140945889573177 -0.885234 0.635297 -0.587360 
140945909448177 -0.529303 0.572180 -0.767389 
140945929323177 -0.409727 0.801877 -0.930641 
140945949198177 -0.830639 0.464721 -1.021455 
140945969076615 -0.870320 -0.570848 -1.920271 
140945988953958 -0.343814 -2.150634 -3.036800 
140946008828958 0.045939 -2.431331 -3.801793 
140946028703958 0.806671 -0.488956 -4.584096 
140946048578958 0.538091 0.611195 -4.598743 
140946068453958 -0.398542 1.743970 -4.958935 
140946088328958 -0.417051 3.527088 -4.291015 
140946108203958 1.886981 3.285406 -0.679771 
140946128078958 3.701392 1.041961 1.528254 
140946147953958 3.757451 -1.034904 1.061802 
140946167828958 3.366100 -2.074468 0.571248 
140946187703958 2.646514 -1.824131 0.549410 
140946207578958 2.441185 -0.068843 0.585496 
140946227453958 2.353167 2.180861 0.242481 
140946247328958 2.558763 3.899797 -0.063383 
140946267203958 3.075549 4.314185 0.161387 
140946287078958 2.281662 2.332927 0.095208 
140946306953958 1.414404 0.560062 -0.474309 
140946326828958 1.049285 0.543018 -0.401871 
140946346703958 0.916926 0.276036 -0.208525 
140946366578958 0.790426 -0.605070 -0.122372 
140946386453958 0.612660 -1.218528 0.048869 
140946406328958 0.331963 -1.275387 0.119709 
140946426203958 -0.202800 -1.301619 0.141281 
140946446078958 -0.755405 -1.657550 0.282827 
140946465954740 -1.015862 -1.815476 0.534629 
140946485834010 -0.843023 -1.359809 0.600143 
140946505709687 -1.201484 -1.026115 0.257128 
140946525584687 0.718654 1.240100 0.788295 
140946545459687 1.169393 0.925315 1.395229 
140946565334687 -0.245410 -0.300404 1.006275 
140946585209687 -0.550608 -1.533181 0.552073 
140946605084687 -0.036885 -1.635845 0.096273 
140946624959687 -1.541836 -0.940761 -0.143145 
140946644834687 -2.098436 0.286290 0.927711 
140946664709687 1.082441 2.508296 2.174070 
140946684584687 0.029428 0.098537 0.596681 
140946704459687 -1.097355 -1.541037 -0.369913 
140946724334687 -1.918939 -1.813745 -0.736763 
140946744209687 -2.427736 -0.739160 -1.311739 
140946764084687 -2.747049 -0.183092 -1.229181 
140946783959687 -2.750777 -0.336490 -0.349007 
140946803834687 -2.095507 -0.344879 0.298141 
140946823709687 -0.925980 2.552372 0.029961 
140946843584687 -1.207343 4.610195 -0.453802 
140946863459687 -2.181660 3.036667 -0.240483 
140946883334687 -1.884451 0.010120 -0.209457 
140946903209687 -1.194560 -1.093759 -0.149536 
140946923084687 -0.990562 -0.047271 -0.109323 
140946942959687 -1.042227 1.457014 -0.016512 
140946962834687 -0.994823 1.918939 -0.128764 
140946982712656 -0.888030 1.811747 -0.327302 
140947002590156 -0.959936 1.685114 -0.489888 
140947022465156 -1.081109 1.651425 -0.568718 
140947042340156 -1.090830 1.522395 -0.464854 
140947062215156 -0.719319 0.931839 -0.263786 
140947082090156 -0.191082 0.429434 -0.042744 
140947101965156 0.200403 0.762462 0.252867 
140947121840156 0.800013 1.455550 0.506533 
140947141715156 1.570332 1.964746 0.841958 
140947161590156 2.121872 0.977779 1.283376 
140947181465156 3.129345 -0.544749 1.622530 
140947201340156 3.777558 -2.335058 1.591238 
140947221215156 3.245193 -2.245176 1.004144 
140947241090156 2.598444 -0.807736 0.352070 
140947260965156 2.745051 -0.111187 0.266982 
140947280840156 3.144658 0.589623 0.791491 
140947300715156 2.342515 0.728507 0.969656 
140947320590156 1.520797 0.590689 1.212536 
140947340465156 1.276452 0.297209 1.505084 
140947360340156 1.174187 -0.682967 1.641172 
140947380215156 1.395096 -1.955025 1.607083 
140947400090156 1.845436 -2.715091 1.154213 
140947419965156 1.795635 -2.672347 0.739692 
140947439840156 1.077780 -1.966077 0.398542 
140947459715156 0.110388 -1.468599 0.206528 
140947479595260 -1.113067 -1.269528 -0.013449 
140947499470260 -2.418015 -1.488839 -0.270710 
140947519345260 -3.105110 -1.433578 -0.629171 
140947539220260 -1.726526 -1.048086 -1.011867 
140947559095260 1.145957 -1.324788 -0.044342 
140947578970260 0.711596 -1.350887 1.418265 
140947598845260 -0.041013 -1.182576 1.390568 
140947618720260 -0.137020 -0.095474 0.661396 
140947638595260 -0.554070 1.264202 0.547945 
140947658470260 0.017710 2.542252 0.892824 
140947678345260 -1.106409 0.758468 0.529037 
140947698220260 -2.225203 -0.223972 -0.391884 
140947718095260 -2.175668 0.724379 -1.274721 
140947737970260 -1.884052 1.036901 -1.940378 
140947757845260 -1.340901 1.265666 -1.923733 
140947777720260 -1.207077 0.533830 -1.204680 
140947797595260 -2.070606 -1.534512 -0.789494 
140947817470260 -2.309358 -2.152632 -0.382962 
140947837345260 -1.951030 -0.836232 -0.335691 
140947857220260 -1.788844 0.113317 -0.443283 
140947877095260 -1.668602 -0.002264 -0.419181 
140947896970260 -1.539306 0.119576 -0.206927 
140947916845260 -1.499625 0.533564 -0.146074 
140947936720260 -1.355415 0.693620 -0.243679 
140947956595260 -1.286972 0.786564 -0.353135 
140947976474687 -1.138367 1.050749 -0.469648 
140947996350208 -0.727975 1.123853 -0.540488 
140948016225208 -0.527971 1.014131 -0.521180 
140948036100208 -0.484828 1.468865 -0.444881 
140948055975208 -0.256196 1.460610 -0.255796 
140948075850208 -0.214651 0.775379 -0.001332 
140948095725208 -0.329832 1.045956 0.288021 
140948115600208 0.013848 0.944756 0.400007 
140948135475208 0.849947 0.454468 0.441152 
140948155350208 1.779390 -0.077232 0.858070 
140948175225208 2.720550 -1.071522 1.429317 
140948195100208 3.416833 -1.678323 1.653955 
140948214975208 3.393797 -2.022803 1.690174 
140948234850208 2.730803 -1.403085 1.488040 
140948254725208 2.407496 0.036352 1.148221 
140948274600208 2.567419 1.578987 1.290434 
140948294475208 2.530667 1.455017 1.346893 
140948314350208 2.064348 0.283094 1.332379 
140948334225208 1.440503 -0.772982 1.468333 
140948354100208 1.248090 -1.113467 1.728657 
140948373975208 1.312138 -2.069940 1.793504 
140948393850208 1.395762 -2.873948 1.450223 
140948413725208 1.213735 -3.053312 1.035170 
140948433600208 0.721716 -2.818821 0.760066 
140948453475208 0.091746 -2.326403 0.545415 
140948473350208 -0.692688 -1.703756 0.240350 
140948493225208 -1.633182 -1.098686 -0.113717 
140948513100208 -2.571413 -0.650210 -0.537426 
140948532975208 -3.145058 -0.317315 -0.940228 
140948552850208 -2.277933 0.011318 -1.285906 
140948572725208 1.334908 -1.089365 -0.170708 
140948592600208 1.483513 -1.271126 1.293896 
140948612475208 -0.046339 -0.594417 1.374856 
140948632350208 -0.538358 -0.161387 0.672315 
140948652225208 -1.914811 0.652075 0.188285 
140948672100208 -2.057956 1.423725 -0.040746 
140948691975208 0.389088 0.311723 0.546081 
140948711850208 -0.971387 -0.778974 -0.048736 
140948731725208 -1.581384 0.107725 -0.831971 
140948751600208 -1.553687 1.639174 -1.698163 
140948771475208 -1.441568 1.921469 -1.933720 
140948791350208 -1.656884 1.174986 -1.510278 
140948811225208 -2.051298 0.369646 -1.106143 
140948831100208 -2.121739 -0.235823 -0.760465 
140948850975208 -1.707884 -0.789893 -0.429168 
140948870850208 -1.564206 -0.708933 -0.320245 
140948890725208 -1.542635 0.001465 -0.359660 
140948910600208 -1.421461 0.338088 -0.268313 
140948930475208 -1.310008 0.624245 -0.213985 
140948950350208 -1.191098 0.951680 -0.282961 
140948970183437 -1.121057 1.021588 -0.352869 
140948989908437 -1.177649 0.916127 -0.500541 
140949009676250 -1.099885 0.860733 -0.690957 
140949029499896 -0.989230 0.976847 -0.804940 
140949049382604 -0.769653 1.279648 -0.712262 
140949069318437 -0.437557 1.376853 -0.458729 
140949089294167 -0.141414 0.985236 -0.225037 
140949109290729 -0.095474 0.674845 -0.023702 
140949129236562 -0.015713 0.359127 0.197473 
140949149111562 0.517585 -0.001065 0.524509 
140949168986562 1.263669 -0.407330 1.150352 
140949188861562 2.132258 -0.665124 1.943973 
140949208736562 3.230146 -1.076049 2.160488 
140949228611562 3.350787 -1.865143 1.644101 
140949248486562 2.801910 -1.072454 0.687495 
140949268361562 2.757834 0.420646 -0.060720 
140949288236562 3.077680 1.189633 0.453403 
140949308111562 2.918023 1.106409 0.925315 
140949327986562 2.195375 0.692022 1.001348 
140949347861562 1.648629 0.656469 1.184041 
140949367736562 1.426122 0.282162 1.445563 
140949387611562 1.299089 -0.646216 1.490970 
140949407486562 1.263403 -1.565538 1.249155 
140949427361562 1.173787 -2.092311 0.971121 
140949447236562 0.828642 -2.272873 0.701609 
140949467112292 0.250736 -2.059953 0.369114 
140949486989740 -0.456865 -1.668336 0.066046 
140949506864740 -1.232244 -1.245826 -0.283227 
140949526739740 -2.025066 -0.953944 -0.666189 
140949546614740 -2.614157 -0.839295 -1.073919 
140949566489740 -1.509079 -0.217846 -1.299755 
140949586364740 1.952362 -0.731304 0.572846 
140949606239740 0.722382 -0.297475 1.577389 
140949626114740 -0.119576 -0.379367 1.367399 
140949645989740 -0.357662 -0.395879 0.273240 
140949665864740 -1.880324 -0.274305 -0.462191 
140949685739740 -2.636927 0.303600 -0.601608 
140949705614740 1.152748 0.713460 0.409727 
140949725489740 -0.560728 0.210922 0.493084 
140949745364740 -2.191647 0.446612 -0.163917 
140949765239740 -2.113217 1.440370 -0.891492 
140949785114740 -1.442500 2.052763 -1.695367 
140949804989740 -1.155012 1.318397 -1.810549 
140949824864740 -1.520131 0.142346 -1.247024 
140949844739740 -2.193644 -0.641954 -0.777509 
140949864614740 -2.067011 -0.768321 -0.472578 
140949884489740 -1.549026 -0.419314 -0.279232 
140949904364740 -1.488573 0.060054 -0.243945 
140949924239740 -1.546896 0.646216 -0.283893 
140949944114740 -1.451422 0.871519 -0.352203 
140949963989740 -1.332911 0.955675 -0.451539 
140949983864740 -1.279515 0.844355 -0.541553 
140950003739740 -1.117861 1.033039 -0.602273 
140950023614740 -0.787230 1.314136 -0.592153 
140950043489740 -0.674711 1.352485 -0.534895 
140950063364740 -0.649278 1.383378 -0.458596 
140950083239740 -0.204930 1.415602 -0.330365 
140950103114740 0.062717 1.403884 -0.224238 
140950122989740 -0.082425 1.214001 0.067777 
140950142864740 0.018376 0.496280 0.381764 
140950162739740 0.610529 0.222906 0.558331 
140950182614740 1.403618 0.046339 0.931040 
140950202489740 2.335457 -0.667255 1.402819 
140950222364740 3.248122 -1.025183 1.895370 
140950242239740 3.621763 -1.523061 1.941709 
140950262114740 2.727474 -1.416401 1.289102 
140950281989740 2.178065 0.379633 0.501872 
140950301864740 2.578737 2.002030 0.664591 
140950321739740 2.835732 1.941177 1.054877 
140950341614740 2.316549 1.255014 0.988165 
140950361489740 1.450756 0.208392 1.328251 
140950381364740 1.438239 -0.597213 1.999233 
140950401239740 1.680720 -1.656618 1.847700 
140950421114740 1.607749 -2.160222 1.220526 
140950440989740 1.369796 -2.590854 0.791624 
140950460864740 1.001215 -2.765824 0.623978 
140950480741302 0.451405 -2.662893 0.440487 
140950500618385 -0.210123 -2.159689 0.206262 
140950520495469 -1.019191 -1.330381 -0.104130 
140950540372552 -2.105893 -0.653672 -0.462191 
140950560248906 -3.120424 -0.527039 -0.718121 
140950580123906 -2.642253 -0.580835 -1.269262 
140950599998906 1.174986 -0.839028 -0.010120 
140950619873906 1.624128 -1.447161 1.800296 
140950639748906 -0.390952 -0.466186 1.440103 
140950659623906 -0.797616 -0.162852 0.634764 
140950679498906 -1.033039 0.272308 -0.225436 
140950699373906 -2.466485 0.147938 -0.606268 
140950719248906 -0.899216 1.029844 -0.231562 
140950739123906 0.770052 0.727575 0.363255 
140950758998906 -1.022254 0.321310 -0.290950 
140950778873906 -1.888712 0.607733 -0.701077 
140950798748906 -1.941576 1.640772 -1.399357 
140950818623906 -1.713343 1.892308 -1.842507 
140950838498906 -1.858885 1.127848 -1.562209 
140950858373906 -2.178597 0.335691 -0.944090 
140950878248906 -2.162618 0.377236 -0.632367 
140950898123906 -1.513340 0.410792 -0.421711 
140950917998906 -1.281912 0.606268 -0.175103 
140950937873906 -1.255280 1.010003 -0.121307 
140950957748906 -1.120258 1.192030 -0.067245 
140950977623906 -1.110005 1.260074 -0.176434 
140950997498906 -0.979377 1.657683 -0.294545 
140951017373906 -0.781504 1.728790 -0.365385 
140951037248906 -0.793488 1.186970 -0.446345 
140951057123906 -0.952213 0.835966 -0.572047 
140951076998906 -1.024517 1.154613 -0.731170 
140951096873906 -0.578039 1.061935 -0.693753 
140951116748906 -0.202800 0.682301 -0.395213 
140951136623906 -0.203865 0.842890 -0.156860 
140951156498906 -0.198405 1.235306 0.027697 
140951176373906 0.155129 0.917458 0.207327 
140951196248906 0.730638 0.359526 0.400805 
140951216123906 1.445163 0.091613 0.811331 
140951235998906 2.447843 -0.328368 1.521330 
140951255873906 3.612842 -0.733301 1.946237 
140951275748906 3.847732 -2.300170 1.646365 
140951295623906 2.761163 -1.721599 0.848349 
140951315498906 2.077797 1.369796 0.216115 
140951335373906 2.614823 2.669684 0.597080 
140951355248906 2.581400 1.379916 1.204014 
140951375123906 1.653689 0.378834 1.402819 
140951394998906 1.269661 0.307195 1.751826 
140951414873906 1.324522 -0.232893 1.790575 
140951434748906 1.251285 -1.290167 1.586843 
140951454623906 1.237171 -2.008821 1.211072 
140951474498906 1.208675 -2.241048 0.726909 
140951494373906 0.817190 -2.303100 0.435027 
140951514248906 0.150335 -2.357695 0.207194 
140951534123906 -0.626109 -2.079528 -0.088284 
140951553998906 -1.416401 -1.537708 -0.432497 
140951573873906 -2.085919 -1.057274 -0.759666 
140951593748906 -2.402436 -0.755272 -1.244361 
140951613623906 -0.755938 -0.136886 -1.138101 
140951633498906 2.149302 -0.194277 0.931174 
140951653373906 0.800412 -0.156594 1.547429 
140951673248906 -0.237953 -0.858469 1.031841 
140951693123906 -0.820386 -0.320778 0.177366 
140951712998906 -1.722798 0.229165 -0.309992 
140951732873906 -1.929192 0.860067 0.089748 
140951752748906 0.698946 1.712012 0.968591 
140951772623906 -0.323707 -0.117845 0.380832 
140951792498906 -1.434777 -1.028379 -0.565122 
140951812373906 -1.806421 0.992959 -1.570731 
140951832248906 -2.009753 1.355149 -1.967409 
140951852123906 -1.923999 0.697748 -1.758484 
140951871998906 -1.863812 0.353934 -0.958604 
140951891873906 -1.788977 0.008123 -0.401738 
140951911748906 -1.580185 -1.321593 -0.447810 
140951931623906 -1.427054 -1.782319 -0.329832 
140951951498906 -1.388039 -0.195343 -0.157792 
140951971373906 -1.417067 0.513324 -0.193479 
140951991248906 -1.151550 0.447011 -0.265117 
140952011123906 -0.868190 1.143161 -0.306530 
140952030998906 -0.897751 1.485244 -0.398941 
140952050873906 -1.024517 1.200552 -0.488024 
140952070748906 -1.109073 0.886166 -0.645417 
140952090624062 -1.024251 0.938364 -0.795619 
140952110500104 -0.835966 0.939962 -0.830506 
140952130376146 -0.538091 0.910667 -0.631036 
140952150252187 -0.367782 0.777243 -0.378568 
140952170128229 -0.395080 1.034637 -0.229831 
140952190004271 -0.354733 0.884568 0.019707 
140952209880312 0.042078 0.496946 0.211854 
140952229756354 0.554470 0.684166 0.441552 
140952249632396 1.266465 0.629970 0.927312 
140952269508437 2.146107 0.176035 1.531183 
140952289384479 3.045189 -0.767389 2.054760 
140952309260521 3.613241 -2.251035 2.008421 
140952329136562 3.279148 -1.948101 1.421861 
140952349012604 2.583531 -0.595349 0.828242 
140952368888646 2.461691 0.496812 0.759000 
140952388764010 2.589789 1.124785 0.982439 
140952408639010 2.185522 0.601874 1.156610 
140952428514010 1.679122 -0.294412 1.297358 
140952448389010 1.519998 -0.781238 1.383112 
140952468264323 1.633049 -1.193228 1.378851 
140952488139844 1.447827 -1.846368 1.167396 
140952508014844 1.023585 -2.379266 0.884701 
140952527889844 0.530235 -2.422276 0.661928 
140952547764844 -0.070840 -2.031857 0.394414 
140952567639844 -0.685364 -1.329449 0.103730 
140952587514844 -1.335974 -0.526240 -0.243013 
140952607389844 -2.161021 -0.320245 -0.541420 
140952627264844 -2.808434 -0.292282 -0.890161 
140952647139844 -2.175801 0.170309 -1.113201 
140952667014844 1.052081 0.290151 -0.074169 
140952686889844 1.220526 -0.051133 1.194027 
140952706764844 0.093876 -0.565522 1.208009 
140952726639844 -0.156727 -0.088816 0.681236 
140952746514844 -1.109339 1.221192 0.475507 
140952766389844 -1.826128 1.086569 0.309326 
140952786264844 0.196807 2.124136 0.630370 
140952806139844 -0.359660 -0.559663 0.133291 
140952826014844 -1.544632 -0.934369 -0.549942 
140952845889844 -1.587243 1.226784 -1.426787 
140952865764844 -1.306679 1.533846 -1.748364 
140952885639844 -1.724795 0.117046 -1.374723 
140952905514844 -2.297108 -0.560595 -0.939563 
140952925389844 -2.336256 -0.592287 -0.653672 
140952945264844 -1.984719 -0.767922 -0.367516 
140952965139844 -1.649428 -0.344746 -0.320112 
140952985019167 -1.490171 0.264052 -0.276835 
140953004894167 -1.352086 0.708001 -0.241016 
140953024769167 -1.246225 0.930375 -0.336756 
140953044644167 -1.136903 1.151816 -0.463523 
140953064519167 -1.193495 1.326386 -0.556068 
140953084394167 -1.008938 1.536909 -0.580036 
140953104269167 -0.738627 0.959270 -0.754606 
140953124144167 -0.891359 0.530768 -0.745818 
140953144019167 -0.742888 1.012666 -0.569783 
140953163894167 -0.196142 1.030509 -0.382030 
140953183769167 -0.080028 0.977113 -0.166847 
140953203644167 -0.132359 0.988432 0.085621 
140953223519167 0.113317 0.659398 0.277235 
140953243394167 0.668053 0.751943 0.391085 
140953263269167 1.372725 0.586827 0.720251 
140953283144167 2.412156 0.088550 1.310274 
140953303019167 3.816973 -0.206262 1.720800 
140953322894167 3.889544 -1.013465 1.675793 
140953342769167 3.216031 -0.382297 1.154346 
140953362644167 2.572079 1.266066 0.891359 
140953382519167 2.310557 2.324405 1.084438 
140953402394167 2.674478 2.545314 1.307611 
140953422269167 2.279398 2.263552 1.268995 
140953442144167 1.375389 1.721599 1.220126 
140953462019167 0.862464 0.413722 1.229447 
140953481894167 0.642088 -1.934918 1.470463 
140953501769167 0.701210 -3.383277 1.749163 
140953521644167 0.848616 -4.287287 1.551690 
140953541519167 0.766191 -4.389419 1.211471 
140953561394167 0.431831 -3.765840 0.817989 
140953581269167 -0.053929 -2.669151 0.430633 
140953601144167 -0.814927 -1.292964 -0.003063 
140953621019167 -1.790442 0.021305 -0.458729 
140953640894167 -2.673279 0.313587 -0.826645 
140953660769167 -2.371144 -0.458330 -1.073653 
140953680644167 0.722515 -1.307478 -0.254332 
140953700519167 1.122788 -0.754606 1.136503 
140953720394167 -0.206927 -0.178165 1.265001 
140953740269167 -0.318647 -1.038099 0.587093 
140953760144167 -1.217729 0.014781 0.340085 
140953780019167 -2.885533 1.370994 0.298806 
140953799894167 -1.383112 1.346227 0.083091 
140953819769167 1.835183 -0.456998 1.217729 
140953839644167 -1.116130 -1.850496 0.136087 
140953859519167 -1.572462 -0.515721 -0.815193 
140953879394167 -1.290167 2.143577 -1.795369 
140953899269167 -1.252484 2.002429 -2.317614 
140953919144167 -1.887913 -0.100002 -1.817340 
140953939019167 -2.666621 -1.463273 -0.732236 
140953958894167 -3.357045 1.033173 -0.327169 
140953978776146 -2.136253 2.613624 -0.551008 
140953998652604 -1.281113 0.507465 -0.397343 
140954018527604 -1.140764 0.212254 -0.325172 
140954038402604 -1.051016 0.943158 -0.214651 
140954058277604 -1.304282 1.310407 -0.290817 
140954078152604 -1.236105 1.603488 -0.430766 
140954098027604 -0.701476 1.855956 -0.331164 
140954117902604 -0.453137 1.332245 -0.208925 
140954137777604 -0.687761 0.793755 -0.274439 
140954157652604 -0.772183 1.272058 -0.505334 
140954177527604 -0.114782 1.228515 -0.689092 
140954197402604 0.048203 0.717855 -0.596281 
140954217277604 -0.348608 0.795219 -0.330631 
140954237152604 -0.612393 1.195226 0.094143 
140954257027604 -0.093077 0.908004 0.271243 
140954276902604 0.743421 0.731304 0.309060 
140954296777604 1.545964 0.390819 0.615057 
140954316652604 2.335457 0.196009 1.205213 
140954336527604 3.342664 -0.013049 1.694435 
140954356402604 3.665572 -1.167263 1.770202 
140954376277604 2.938397 -1.540238 1.224387 
140954396152604 2.493649 -0.160322 0.472045 
140954416027604 2.737994 1.582849 0.715458 
140954435902604 2.781936 1.826528 1.244361 
140954455777604 2.261688 0.814527 1.309875 
140954475560521 1.851428 0.655936 1.255813 
140954495292135 1.437706 0.062984 1.333843 
140954515071406 1.149952 -1.217064 1.672730 
140954534909115 1.379117 -1.829857 1.472594 
140954554806094 1.322924 -2.626274 1.020123 
140954574754844 1.025183 -2.729871 0.805073 
140954594739687 0.463789 -2.386057 0.604138 
140954614739531 -0.343414 -1.893906 0.265251 
140954634657187 -1.233975 -1.286039 -0.082425 
140954654532187 -2.153563 -0.763261 -0.449941 
140954674407187 -2.860366 -0.460860 -0.735831 
140954694282187 -2.420812 -0.200403 -1.079245 
140954714157187 0.316516 -0.977779 -0.541287 
140954734032187 1.405482 -0.947685 1.027047 
140954753907187 -0.001198 0.131826 1.092960 
140954773782187 -0.670184 0.215316 0.491486 
140954793657187 -0.966860 0.656469 -0.290284 
140954813532187 -1.781121 0.610529 -0.567786 
140954833407187 -1.710813 0.873649 -0.194411 
140954853282187 0.669651 1.556617 0.709066 
140954873157187 -0.588425 -0.129430 0.123837 
140954893032187 -1.231977 -0.370579 -0.650077 
140954912907187 -1.234907 0.976048 -1.462474 
140954932782187 -1.370062 1.086569 -1.780189 
140954952657187 -1.723064 0.378169 -1.505617 
140954972534219 -2.268745 0.504802 -1.091895 
140954992409844 -2.155162 0.562592 -0.729173 
140955012284844 -1.412140 -0.420113 -0.402670 
140955032159844 -1.327984 -0.481366 -0.267248 
140955052034844 -1.421195 0.575375 -0.328634 
140955071909844 -1.293097 1.190698 -0.339553 
140955091784844 -1.204680 1.251019 -0.326370 
140955111659844 -1.106276 1.381114 -0.454601 
140955131534844 -1.024917 1.315467 -0.526640 
140955151409844 -0.837697 1.115065 -0.522778 
140955171284844 -0.576707 0.695484 -0.485094 
140955191159844 -0.725045 0.598412 -0.585762 
140955211034844 -0.755938 1.066728 -0.636628 
140955230909844 -0.348874 1.002946 -0.492418 
140955250784844 -0.286955 0.834101 -0.352869 
140955270659844 -0.443150 0.720251 -0.173372 
140955290534844 -0.338488 0.395080 0.089349 
140955310409844 0.111986 0.158058 0.227034 
140955330284844 0.686696 0.278300 0.417184 
140955350159844 1.492967 0.169910 0.790692 
140955370034844 2.802576 -0.055527 1.159140 
140955389909844 3.681152 -0.809068 1.457680 
140955409784844 3.178081 -1.842373 1.715474 
140955429659844 2.649178 -1.069658 1.400156 
140955449534844 2.706169 0.835699 1.111470 
140955469409844 2.953577 1.692571 1.434777 
140955489284844 2.494448 1.131443 1.264335 
140955509159844 1.973534 0.763927 1.113866 
140955529034844 1.606151 0.317182 1.223588 
140955548909844 1.408678 -0.755805 1.424391 
140955568784844 1.538507 -1.568601 1.308410 
140955588659844 1.564473 -2.244111 0.964064 
140955608534844 1.357679 -2.600175 0.785099 
140955628409844 0.840759 -2.524275 0.591221 
140955648284844 0.109855 -2.079128 0.322642 
140955668159844 -0.731037 -1.406814 0.012650 
140955688034844 -1.717338 -0.854341 -0.380166 
140955707909844 -2.617752 -0.721050 -0.743953 
140955727784844 -2.677540 -0.703074 -1.352086 
140955747659844 -0.235423 -0.602540 -0.911466 
140955767534844 1.666605 -1.464338 1.369929 
140955787409844 0.281230 -0.685231 1.463406 
140955807284844 -0.406265 0.185755 0.917458 
140955827159844 -1.073786 1.035569 0.048070 
140955847034844 -2.050233 0.531300 -0.529569 
140955866909844 -1.553554 0.546347 -0.249937 
140955886784844 1.017460 1.666472 0.924782 
140955906659844 -0.722382 0.288553 -0.095208 
140955926534844 -1.404284 0.132492 -0.820652 
140955946409844 -1.430250 1.041029 -1.624793 
140955966285781 -1.496962 0.730904 -1.940910 
140955986167344 -1.901895 -0.090947 -1.556883 
140956006042500 -2.551972 0.367116 -1.003345 
140956025917500 -2.237453 0.528104 -0.505867 
140956045792500 -1.483779 -0.161654 -0.190016 
140956065667500 -1.437973 0.158591 -0.198006 
140956085542500 -1.440370 1.078579 -0.381498 
140956105417500 -1.233043 1.320128 -0.413722 
140956125292500 -1.079245 1.251951 -0.543018 
140956145167500 -1.172589 1.090697 -0.633432 
140956165042500 -0.968990 1.119459 -0.654471 
140956184917500 -0.516653 1.104013 -0.584297 
140956204792500 -0.713860 0.598811 -0.623579 
140956224667500 -1.145824 0.848749 -0.766590 
140956244542500 -0.760465 1.279382 -0.777642 
140956264417500 -0.170043 0.814794 -0.545548 
140956284292500 -0.173638 0.647547 -0.318248 
140956304167500 -0.210523 0.824514 -0.019707 
140956324042500 0.033289 0.622647 0.302135 
140956343917500 0.710131 0.053529 0.584164 
140956363792500 1.719602 -0.479369 1.048353 
140956383667500 2.604170 -0.628639 1.698430 
140956403542500 3.290999 -1.296026 1.962083 
140956423417500 3.121622 -1.912548 1.644900 
140956443292500 2.631468 -0.685897 0.935435 
140956463167500 2.385791 1.093493 0.793488 
140956483045625 2.508030 1.691772 1.268063 
140956502920625 2.363953 0.929576 1.236904 
140956522795625 1.831854 0.541154 1.207476 
140956542670625 1.447560 0.058723 1.527189 
140956562545625 1.484844 -0.841691 1.676325 
140956582420625 1.586977 -1.493100 1.407080 
140956602295625 1.474192 -1.961816 1.047021 
140956622170625 1.173255 -2.236521 0.840227 
140956642045625 0.706403 -2.218145 0.640623 
140956661920625 0.121307 -2.064348 0.390552 
140956681795625 -0.543418 -1.802027 0.099203 
140956701670625 -1.298423 -1.442101 -0.254598 
140956721545625 -2.156227 -1.270460 -0.665790 
140956741420625 -2.792722 -1.291765 -0.991361 
140956761295625 -2.145574 -0.706403 -1.431315 
140956781170625 1.634913 -0.973252 0.391351 
140956801045625 0.657401 -0.998551 1.833984 
140956820920625 -0.518783 -0.231429 1.526123 
140956840795625 -0.638093 0.798548 0.572712 
140956860670625 -1.323723 0.528770 -0.149004 
140956880545625 -1.007207 0.069109 -0.459528 
140956900420625 0.925181 0.757935 0.521979 
140956920295625 -0.633166 0.273107 -0.134356 
140956940170625 -1.481382 0.529569 -0.659398 
140956960045625 -1.554885 1.403751 -1.407346 
140956979924219 -1.507881 1.520264 -1.754356 
140956999799219 -1.700028 1.123986 -1.472993 
140957019674219 -1.916942 0.576441 -1.008272 
140957039549219 -1.821734 -0.097738 -0.685897 
140957059424219 -1.623595 -0.701876 -0.282827 
140957079299219 -1.480051 -0.145941 -0.219577 
140957099174219 -1.471662 0.589890 -0.352869 
140957119049219 -1.349955 0.862065 -0.480967 
140957138924219 -1.140365 0.953278 -0.563125 
140957158799219 -1.106010 1.214001 -0.645017 
140957178674219 -1.239434 1.208009 -0.639824 
140957198549219 -1.313870 0.853809 -0.601874 
140957218424219 -0.990429 0.700278 -0.615190 
140957238299219 -0.626641 0.758734 -0.623046 
140957258174219 -0.820386 0.743820 -0.656069 
140957278049219 -0.748614 1.024118 -0.619451 
140957297924219 -0.150602 0.966460 -0.447544 
140957317799219 -0.087884 0.864728 -0.311590 
140957337674219 -0.339020 0.891759 -0.137552 
140957357549219 -0.192147 0.615989 0.137286 
140957377424219 0.374573 -0.115847 0.394680 
140957397299219 0.994157 -0.626109 0.855939 
140957417174219 1.621464 -0.856072 1.532781 
140957437049219 2.790458 -0.662194 1.869804 
140957456924219 3.605784 -1.508280 1.590971 
140957476802448 2.992193 -1.911749 0.760199 
140957496677448 2.441318 -0.431432 -0.113184 
140957516552448 2.830139 0.884968 0.201734 
140957536427448 3.094191 0.928244 1.059671 
140957556302448 2.396044 0.388422 1.169526 
140957576177448 1.935318 0.535561 1.238768 
140957596052448 1.764609 0.100667 1.377386 
140957615927448 1.621198 -1.052614 1.395895 
140957635802448 1.603754 -1.761280 1.366866 
140957655677448 1.579386 -2.527871 1.087235 
140957675552448 1.245426 -2.834001 0.827577 
140957695427448 0.631568 -2.515886 0.563125 
140957715302448 -0.143677 -1.875530 0.282295 
140957735177448 -1.029178 -1.298823 -0.016512 
140957755052448 -1.920404 -1.039032 -0.277768 
140957774927448 -2.516286 -1.190965 -0.448210 
140957794802448 -2.268878 -1.369263 -0.828642 
140957814677448 -0.391351 -1.257411 -0.739027 
140957834552448 1.327585 -1.295627 0.692155 
140957854427448 0.221575 -1.037434 1.198022 
140957874302448 -0.369380 -0.862065 0.988298 
140957894177448 -0.349540 -0.906673 0.435027 
140957914052448 -0.378169 -1.769536 -0.156993 
140957933927448 -0.161787 -0.819587 0.423309 
140957953802448 -0.330232 -0.125568 0.610929 
140957973656719 -1.279648 -0.573511 0.300271 
140957993495990 -1.862747 -0.920255 -0.261389 
140958013346927 -2.107757 -0.727442 -0.825579 
140958033212240 -1.910151 -1.068326 -0.762995 
140958053092135 -1.661412 -1.226784 -0.140482 
140958072985156 -1.770734 -1.474059 0.287089 
140958092887344 -1.921336 -1.095624 0.320778 
140958112793385 -2.058489 -0.515987 0.180695 
140958132682760 -2.112151 0.055793 0.140215 
140958152557969 -1.977129 0.802010 0.095341 
140958172432969 -1.762878 1.190698 -0.004527 
140958192307969 -1.546497 0.889096 -0.077232 
140958212182969 -1.348224 0.271243 -0.182826 
140958232057969 -1.221991 -0.023968 -0.221708 
140958251932969 -1.238369 0.316117 -0.263520 
140958271807969 -1.350355 0.682035 -0.291882 
140958291682969 -1.383245 0.858603 -0.242747 
140958311557969 -1.105344 0.936500 -0.124503 
140958331432969 -0.538757 0.589490 -0.046872 
140958351307969 -0.214118 1.103480 0.011851 
140958371182969 -0.041013 1.119725 0.216781 
140958391057969 0.240350 0.512392 0.426638 
140958410932969 0.804274 0.582033 0.598012 
140958430807969 1.646099 0.791757 0.811864 
140958450682969 2.880872 0.568318 1.250486 
140958470559844 4.125766 -0.530501 1.341433 
140958490436094 4.282094 -2.468349 0.716922 
140958510311094 3.366632 -2.396177 0.056193 
140958530186094 2.895520 -0.177366 -0.233825 
140958550061094 2.778474 1.420396 -0.136753 
140958569936094 2.442516 1.899498 0.136221 
140958589811094 2.319479 1.721866 0.263786 
140958609686094 2.174603 1.354083 0.305065 
140958629561094 1.796567 1.007340 0.310391 
140958649436094 1.280846 0.372975 0.620383 
140958669311094 1.163401 0.285890 0.864062 
140958689186094 1.045689 -0.360459 0.633965 
140958709061094 0.798815 -0.621448 0.391085 
140958728936094 0.433163 -0.641954 0.226768 
140958748811094 -0.121840 -0.671915 0.033556 
140958768686094 -0.872185 -0.769120 -0.172573 
140958788561094 -1.684981 -0.784433 -0.403069 
140958808436094 -2.386057 -0.735032 -0.600676 
140958828311094 -2.519482 -1.016128 -0.887764 
140958848186094 -0.623845 -1.334642 -0.681636 
140958868061094 1.048619 -0.522379 0.666589 
140958887936094 0.263520 0.370312 0.974849 
140958907811094 -0.258060 0.825579 0.643286 
140958927686094 -0.358594 1.817207 -0.012783 
140958947561094 -0.382962 0.554869 -0.440220 
140958967437031 -0.183492 -0.211588 -0.113717 
140958987315677 -0.106127 1.300154 0.452604 
140959007190677 -0.807603 1.381514 -0.304665 
140959027065677 -1.237304 1.422660 -1.053279 
140959046940677 -1.616404 2.178597 -1.707218 
140959066815677 -1.794037 2.293380 -1.697631 
140959086690677 -2.128796 2.091512 -1.163002 
140959106565677 -2.456897 1.489505 -0.556600 
140959126440677 -2.014547 0.920654 -0.341417 
140959146315677 -1.393764 0.181494 -0.404933 
140959166190677 -1.388305 0.139150 -0.509596 
140959186065677 -1.494299 0.855673 -0.490687 
140959205940677 -1.236238 1.419464 -0.488823 
140959225815677 -1.089365 1.653422 -0.401072 
140959245690677 -1.245959 1.330647 -0.374174 
140959265565677 -1.154879 1.034637 -0.409461 
140959285440677 -0.562992 1.523993 -0.356863 
140959305315677 -0.281762 1.695633 -0.297608 
140959325190677 -0.662461 0.773914 -0.398009 
140959345065677 -1.011335 1.183108 -0.523710 
140959364940677 -0.201202 1.127582 -0.504802 
140959384815677 -0.001997 0.502139 -0.382563 
140959404690677 -0.431831 0.727042 -0.222640 
140959424565677 -0.416651 0.665257 0.055660 
140959444440677 0.049668 0.258060 0.070973 
140959464315677 0.590955 0.359393 0.080427 
140959484194844 1.047287 0.293880 0.418515 
140959504070885 1.824530 -0.234225 0.842757 
140959523945885 2.955707 -0.634498 1.302152 
140959543820885 3.830821 -1.367000 1.395629 
140959563695885 3.367698 -1.528520 0.926646 
140959583570885 2.343447 0.367782 0.432763 
140959603445885 2.163950 2.411357 0.627840 
140959623320885 2.313619 2.794320 1.123853 
140959643195885 2.115081 2.143177 1.078313 
140959663070885 1.595632 1.019324 1.164599 
140959682945885 1.140764 -0.266849 1.641971 
140959702820885 1.151683 -0.737429 1.944372 
140959722695885 1.173521 -1.079512 1.622396 
140959742570885 1.160738 -1.831055 1.086835 
140959762445885 0.950615 -2.224404 0.813728 
140959782320885 0.547412 -2.394313 0.670717 
140959802195885 -0.053796 -2.300703 0.427570 
140959822070885 -0.770851 -1.876595 0.088284 
140959841945885 -1.506416 -1.437840 -0.280963 
140959861820885 -2.258625 -1.236372 -0.587759 
140959881695885 -2.625076 -1.075650 -0.916659 
140959901570885 -1.255413 -0.444082 -1.101882 
140959921445885 1.659814 -0.140082 0.381364 
140959941320885 1.120924 0.144743 1.137435 
140959961195885 -0.183891 -0.770052 0.881905 
140959981070885 -0.768854 -0.788828 0.232094 
140960000945885 -1.089498 0.307595 -0.287754 
140960020820885 -2.030925 0.517319 -0.187220 
140960040695885 -0.539955 1.451155 0.700544 
140960060570885 0.321843 0.925448 0.819454 
140960080445885 -1.184706 -0.312921 -0.015313 
140960100320885 -1.527322 0.171108 -1.055809 
140960120195885 -1.306413 1.948234 -1.873133 
140960140070885 -1.318131 1.766207 -1.957289 
140960159945885 -1.782053 1.075517 -1.542102 
140960179820885 -2.141180 0.522246 -1.102415 
140960199695885 -1.756353 0.117712 -0.746350 
140960219570885 -1.392699 -0.308128 -0.423842 
140960239445885 -1.272324 -0.622780 -0.356064 
140960259320885 -1.073120 0.035420 -0.285358 
140960279195885 -0.868856 0.687228 -0.143278 
140960299070885 -0.859801 1.203615 -0.047138 
140960318945885 -0.797350 1.437573 -0.080694 
140960338820885 -0.716922 1.288436 -0.218779 
140960358695885 -0.738228 0.787097 -0.367649 
140960378570885 -0.911999 0.571647 -0.539423 
140960398445885 -0.990695 0.946354 -0.677375 
140960418320885 -0.819055 1.088034 -0.711064 
140960438195885 -0.511193 1.085770 -0.513590 
140960458070885 -0.284026 0.755671 -0.224504 
140960477885208 -0.409993 0.799480 -0.007723 
140960497694583 -0.423575 1.029710 0.160855 
140960517528958 0.251003 0.864595 0.251535 
140960537393021 0.832370 0.801211 0.375239 
140960557286250 1.411874 0.678972 0.677907 
140960577203958 2.337588 0.338354 1.143960 
140960597137812 3.378217 -0.299605 1.572995 
140960617077396 3.691005 -1.756886 1.588974 
140960636958125 3.154645 -1.896036 0.942359 
140960656833125 2.591387 0.238220 0.296942 
140960676708125 2.628671 2.369013 0.692821 
140960696583125 2.464088 2.465420 0.981507 
140960716458125 1.980858 1.857287 0.915061 
140960736333125 1.472327 1.157009 1.041828 
140960756208125 1.208675 0.321443 1.403884 
140960776083125 1.164999 -0.444082 1.506682 
140960795958125 1.177249 -0.868989 1.150751 
140960815833125 1.163934 -1.600026 0.785499 
140960835708125 0.897351 -1.921336 0.585496 
140960855583125 0.389221 -1.886848 0.377503 
140960875458125 -0.292814 -1.718004 0.091746 
140960895333125 -1.026248 -1.538374 -0.241415 
140960915208125 -1.781520 -1.409743 -0.558198 
140960935083125 -2.422543 -1.386307 -0.837963 
140960954958125 -2.050100 -1.115597 -1.265933 
140960974750521 1.010269 -0.848616 -0.000533 
140960994482812 1.632250 -0.582433 1.766473 
140961014261250 0.246209 -0.588159 1.427453 
140961034096771 -0.570981 -0.294945 0.641022 
140961053991042 -0.974317 0.472578 -0.251802 
140961073937083 -1.936117 0.105328 -0.870187 
140961093919479 -1.738111 -0.101866 -1.113334 
140961113918542 1.416401 0.093477 -0.088816 
140961133838542 -0.091080 0.706536 0.034754 
140961153713542 -1.626524 0.567652 -0.278566 
140961173588542 -2.071139 1.058339 -0.959004 
140961193463542 -1.503220 1.288969 -1.679521 
140961213338542 -1.348357 0.577506 -1.690174 
140961233213542 -2.072470 0.135954 -1.106809 
140961253088542 -2.427070 -0.126367 -0.570582 
140961272963542 -1.678456 -0.834767 -0.119975 
140961292838542 -1.353018 -0.801877 -0.073237 
140961312713542 -1.370861 -0.140348 -0.217447 
140961332588542 -1.207343 0.306663 -0.286156 
140961352463542 -0.972319 0.643020 -0.305065 
140961372338542 -0.896553 1.126117 -0.274971 
140961392213542 -0.826245 1.169127 -0.226768 
140961412088542 -0.755405 0.868323 -0.245676 
140961431963542 -0.808402 0.683633 -0.342615 
140961451838542 -0.945155 0.839561 -0.513857 
140961471715104 -0.900015 1.232111 -0.628639 
140961491592604 -0.523178 1.131709 -0.515321 
140961511467969 -0.258726 1.075517 -0.338088 
140961531342969 -0.218779 1.162469 -0.176035 
140961551217969 -0.313454 1.065663 -0.010120 
140961571092969 0.053130 0.862864 0.041412 
140961590967969 0.729839 0.952213 -0.033423 
140961610842969 1.132642 1.424391 0.155928 
140961630717969 1.695367 1.366067 0.484695 
140961650592969 2.749579 0.762862 0.992826 
140961670467969 3.374755 -0.434095 1.469265 
140961690342969 3.241597 -1.829723 1.721067 
140961710217969 2.495513 -1.154346 1.433445 
140961730092969 1.695767 1.799363 1.112934 
140961749967969 1.740108 3.362904 1.262337 
140961769842969 1.717738 1.979260 1.448892 
140961789717969 0.947153 -0.008522 1.627856 
140961809592969 0.308793 -0.445413 1.966477 
140961829467969 0.178698 -0.850746 2.210688 
140961849342969 0.421445 -1.608948 2.341316 
140961869217969 0.921054 -2.230396 1.857287 
140961889092969 1.003612 -2.738393 1.262071 
140961908967969 0.548478 -3.017493 1.014930 
140961928842969 -0.200669 -2.887530 0.801211 
140961948717969 -0.959936 -2.338387 0.409993 
140961968595365 -1.628255 -1.834118 -0.111054 
140961988473177 -2.201634 -1.408145 -0.672048 
140962008348177 -2.278466 -1.118793 -1.159939 
140962028223177 -1.405615 -1.140764 -1.368198 
140962048098177 1.008272 -0.856605 -0.334226 
140962067973177 0.959270 0.740625 0.711463 
140962087848177 -0.125168 0.229032 0.866725 
140962107723177 -0.723447 0.455267 0.371378 
140962127598177 -1.519199 1.324522 -0.285890 
140962147473177 -1.468066 0.845020 -1.096822 
140962167348177 1.481382 -0.179630 -0.276303 
140962187223177 -0.610529 -0.280297 -0.144210 
140962207098177 -1.321060 0.057657 -1.119992 
140962226973177 -1.232643 0.726510 -1.833851 
140962246848177 -0.934902 0.967126 -2.289118 
140962266723177 -1.341833 0.166714 -1.836381 
140962286598177 -2.435992 -0.292282 -0.932239 
140962306473177 -2.597779 0.009987 -0.520514 
140962326348177 -1.476855 -0.432630 -0.307728 
140962346223177 -1.091895 -1.058073 -0.178299 
140962366098177 -1.119725 -0.439554 -0.228233 
140962385973177 -1.031575 0.531433 -0.240483 
140962405848177 -1.037434 0.726909 -0.349273 
140962425723177 -1.035569 0.689226 -0.549010 
140962445598177 -1.021854 0.810666 -0.678040 
140962465473594 -0.915328 0.716523 -0.769653 
140962485354010 -0.927046 0.426505 -0.874448 
140962505229115 -1.021987 0.660863 -0.840892 
140962525104115 -0.676709 0.838762 -0.584430 
140962544979115 -0.272042 0.392949 -0.281762 
140962564854115 -0.188685 0.262854 -0.107592 
140962584729115 -0.212387 0.330898 0.097338 
140962604604115 0.049002 0.258859 0.267381 
140962624479115 0.808136 0.023169 0.538224 
140962644354115 1.608149 -0.573644 1.154879 
140962664229115 2.608564 -0.885900 1.730521 
140962684104115 3.715640 -1.543168 1.720268 
140962703979115 3.375155 -2.029460 1.010935 
140962723854115 2.431864 -0.334626 0.189217 
140962743729115 2.202699 1.545831 0.323840 
140962763604115 2.485393 2.288453 1.025183 
140962783479115 2.310690 1.861814 0.998951 
140962803354115 1.665540 0.794820 1.036502 
140962823229115 1.129446 -0.187753 1.489505 
140962843104115 1.239434 -0.903876 2.077930 
140962862979115 1.566204 -2.019074 1.809750 
140962882854115 1.553953 -2.332661 1.169260 
140962902729115 1.212403 -2.358227 0.835699 
140962922604115 0.733567 -2.295377 0.649145 
140962942479115 0.141813 -2.036385 0.468716 
140962962354115 -0.526906 -1.601757 0.289752 
140962982092240 -1.281645 -1.152615 0.038483 
140963001847240 -2.132924 -1.140631 -0.166847 
140963021651354 -2.444780 -1.312272 -0.596681 
140963041512031 -0.460327 -1.098819 -0.826645 
140963061427187 1.739442 -1.206145 0.735431 
140963081386146 0.327968 -0.060054 1.496829 
140963101372865 -0.523444 -0.407996 1.078846 
140963121353281 -0.980575 -0.308793 0.242747 
140963141236667 -2.083523 0.165116 -0.130228 
140963161111667 -2.446112 0.813728 0.396145 
140963180986667 0.888829 1.289102 1.279515 
140963200861667 -0.058856 -0.597746 0.761797 
140963220736667 -1.534779 -1.512941 -0.319712 
140963240611667 -1.431049 -0.080028 -1.314402 
140963260486667 -1.342499 2.148903 -2.070873 
140963280361667 -1.440902 2.077530 -2.383661 
140963300236667 -1.969539 0.726643 -1.708816 
140963320111667 -2.494981 -0.020906 -0.776311 
140963339986667 -2.462756 0.322375 -0.614258 
140963359861667 -1.354483 -0.078696 -0.573112 
140963379736667 -1.045423 -0.202933 -0.331696 
140963399611667 -1.043293 0.374973 -0.272707 
140963419486667 -1.018525 0.734233 -0.171108 
140963439361667 -1.244228 0.946487 -0.114383 
140963459236667 -1.352618 0.881772 -0.272574 
140963479111667 -0.931973 1.182576 -0.421179 
140963498986667 -0.561527 1.494698 -0.398275 
140963518861667 -0.766058 0.907338 -0.405333 
140963538736667 -1.254881 0.889895 -0.527439 
140963558611667 -0.940361 1.308943 -0.583898 
140963578486667 -0.108524 1.001614 -0.394014 
140963598361667 -0.078830 0.897351 -0.221841 
140963618236667 -0.200403 1.251019 -0.046738 
140963638111667 -0.056592 1.110138 0.135688 
140963657986667 0.525841 0.485760 0.262454 
140963677861667 0.980442 0.486825 0.604537 
140963697736667 1.747432 0.211189 1.093626 
140963717611667 2.800445 -0.425839 1.593235 
140963737486667 3.652123 -1.207743 1.755155 
140963757361667 3.368896 -2.068076 1.339702 
140963777236667 2.498975 -0.760731 0.504003 
140963797111667 2.277267 1.703490 0.392283 
140963816986667 2.601507 2.382595 1.025716 
140963836861667 2.320544 1.720667 1.099086 
140963856736667 1.710148 0.997753 1.109605 
140963876611667 1.206012 0.291483 1.461675 
140963896486667 1.100151 -0.307195 1.951164 
140963916361667 1.219461 -1.093893 1.871801 
140963936236667 1.350088 -1.930125 1.297891 
140963956111667 1.196158 -2.465553 0.848616 
140963975989375 0.752076 -2.407762 0.696682 
140963995868542 0.097205 -2.238119 0.522911 
140964015746510 -0.664059 -1.842240 0.254199 
140964035621667 -1.524392 -1.411341 -0.117978 
140964055496667 -2.320810 -1.107475 -0.580302 
140964075371667 -2.553437 -0.913863 -0.999484 
140964095246667 -1.512275 -0.660597 -1.170059 
140964115121667 1.133840 -0.807470 0.107458 
140964134996667 0.832903 -0.364320 1.034105 
140964154871667 -0.068576 -0.706669 0.930907 
140964174746667 -0.675244 -0.028762 0.429301 
140964194621667 -1.246225 0.829175 0.100534 
140964214496667 -1.432247 0.881373 0.454468 
140964234371667 0.096273 1.586977 1.117861 
140964254246667 -0.658866 -0.383229 0.176434 
140964274121667 -0.968857 -1.301619 -0.816258 
140964293996667 -1.319462 1.199753 -1.603621 
140964313871667 -1.580984 1.905357 -1.915211 
140964333746667 -1.706952 1.260340 -1.672997 
140964353621667 -2.012150 0.310924 -1.225053 
140964373496667 -1.852893 -0.536893 -0.783768 
140964393371667 -1.595499 -0.768055 -0.366983 
140964413246667 -1.601491 -0.338354 -0.306130 
140964433121667 -1.593768 0.099336 -0.338354 
140964452996667 -1.361806 0.554603 -0.309992 
140964472871667 -1.166064 0.872850 -0.332229 
140964492746667 -1.118394 0.908404 -0.451139 
140964512621667 -1.168994 0.818921 -0.564989 
140964532496667 -1.059138 0.842624 -0.607733 
140964552371667 -0.880574 0.584563 -0.612660 
140964572246667 -0.982573 0.549277 -0.673380 
140964592121667 -0.906140 1.125584 -0.701476 
140964611996667 -0.437690 1.229314 -0.541021 
140964631871667 -0.294412 1.053679 -0.342882 
140964651746667 -0.367915 0.890427 -0.130362 
140964671621667 -0.325704 0.833569 0.148072 
140964691496667 0.180695 0.619584 0.312389 
140964711371667 0.837564 0.492152 0.478570 
140964731246667 1.648362 0.133025 0.936899 
140964751121667 2.681402 -0.360192 1.575259 
140964770996667 3.461308 -0.939296 1.909086 
140964790871667 3.207908 -1.881389 1.702558 
140964810746667 2.510027 -1.264335 0.874715 
140964830621667 2.446378 0.907471 0.454601 
140964850496667 2.814560 2.031857 1.012267 
140964870371667 2.482996 1.560478 1.135837 
140964890246667 1.769802 0.919988 1.129446 
140964910121667 1.290167 0.504402 1.368731 
140964929996667 1.185505 -0.263386 1.664874 
140964949871667 1.317598 -1.174853 1.565538 
140964969746667 1.394830 -1.904026 1.154879 
140964989621667 1.212803 -2.181527 0.809600 
140965009496667 0.739293 -2.293113 0.597613 
140965029371667 0.112918 -2.143177 0.362589 
140965049246667 -0.568185 -1.779390 0.081626 
140965069121667 -1.372193 -1.359543 -0.297608 
140965088996667 -2.144775 -1.143294 -0.638226 
140965108871667 -2.419613 -1.103613 -0.983904 
140965128746667 -1.217863 -0.774979 -1.200419 
140965148621667 1.535444 -1.100684 0.531433 
140965168496667 0.613192 -0.052464 1.397626 
140965188371667 -0.181095 0.336490 1.124652 
140965208246667 -0.114516 0.587360 0.498943 
140965228121667 -0.039148 -0.063516 0.780172 
140965247996667 -0.336224 1.556217 1.643569 
140965267871667 -1.076848 0.548744 0.239418 
140965287747031 -1.147023 0.066978 -0.782836 
140965307623073 -1.741307 1.369929 -1.849164 
140965327499115 -1.648362 1.527721 -2.216414 
140965347375156 -1.369796 0.932505 -1.744769 
140965367251198 -1.782719 -0.196009 -1.142495 
140965387127240 -2.159156 -0.529569 -0.815459 
140965407003281 -2.011883 -0.005726 -0.622780 
140965426879323 -1.806820 0.635430 -0.544083 
140965446755365 -1.707351 0.800945 -0.527971 
140965466631406 -1.468466 0.900281 -0.533564 
140965486507448 -1.163401 1.213602 -0.490154 
140965506383490 -0.999617 1.393098 -0.563658 
140965526259531 -1.123720 1.020389 -0.658999 
140965546135573 -1.293097 0.781904 -0.736630 
140965566011615 -1.019857 1.036102 -0.727708 
140965585887292 -0.779640 0.793621 -0.739426 
140965605762292 -1.015596 1.135305 -0.725311 
140965625637292 -0.690024 1.426787 -0.556467 
140965645512292 -0.053529 1.057274 -0.358328 
140965665387292 -0.027031 1.001614 -0.202533 
140965685262292 -0.012117 0.934236 0.091346 
140965705137292 0.485627 0.499742 0.364453 
140965725012292 1.205346 0.326237 0.658466 
140965744887292 2.207892 0.240483 1.005742 
140965764762292 3.406447 -0.265916 1.393631 
140965784637292 3.756519 -1.502954 1.742771 
140965804512292 3.127081 -2.606966 1.775928 
140965824387292 2.451571 -1.129046 1.021854 
140965844262292 2.283659 1.686712 0.975648 
140965864137292 2.286189 2.360624 1.203748 
140965884012292 2.026531 1.467800 1.106143 
140965903887292 1.571530 0.491087 1.269927 
140965923762292 1.074984 -0.190016 1.779123 
140965943637292 1.062068 -1.292697 1.946903 
140965963512292 1.192030 -2.180994 1.565405 
140965983387292 1.231445 -2.536792 1.059405 
140966003262292 0.968458 -2.801910 0.829175 
140966023137292 0.429834 -2.677007 0.673247 
140966043012292 -0.240883 -2.394846 0.506400 
140966062887292 -0.983371 -1.903759 0.226768 
140966082762292 -1.805089 -1.296559 -0.207061 
140966102637292 -2.467017 -0.939696 -0.625177 
140966122512292 -2.433462 -0.689359 -1.119193 
140966142387292 -0.783635 -0.619850 -1.102015 
140966162262292 1.436508 -0.819188 0.432098 
140966182137292 0.402004 0.064582 1.039697 
140966202012292 -0.204131 0.202533 0.770319 
140966221887292 -0.543950 0.757136 0.136620 
140966241762292 -1.605619 1.088566 -0.017843 
140966261637292 -1.697631 1.143960 0.190815 
140966281512292 0.540355 1.210805 0.783768 
140966301387292 -0.909469 -0.703740 0.086420 
140966321262292 -1.364070 -0.435160 -0.620782 
140966341137292 -1.386574 1.157675 -1.459411 
140966361012292 -1.262737 1.554752 -1.906289 
140966380887292 -1.538906 1.003878 -1.718537 
140966400762292 -2.018009 0.260057 -1.329050 
140966420637292 -1.859018 -0.479768 -0.749280 
140966440512292 -1.508413 -0.388688 -0.392150 
140966460387292 -1.454351 -0.105994 -0.345811 
140966480262292 -1.437440 0.431032 -0.337555 
140966500137292 -1.252217 0.790825 -0.376038 
140966520012292 -1.021854 0.897085 -0.474442 
140966539887292 -1.002546 0.917325 -0.609198 
140966559762292 -1.207077 0.818921 -0.695218 
140966579637292 -1.058339 0.952612 -0.728241 
140966599512292 -0.764460 0.838229 -0.685630 
140966619387292 -1.017327 0.851811 -0.657401 
140966639262292 -0.714392 1.150884 -0.583365 
140966659137292 -0.134090 0.952745 -0.405333 
140966679012292 -0.158724 0.874981 -0.251535 
140966698887292 -0.248340 0.713993 -0.022504 
140966718762292 -0.046738 0.540888 0.219311 
140966738637292 0.689758 0.272308 0.250337 
140966758512292 1.293496 0.227567 0.502006 
140966778387292 2.314685 0.024501 0.919189 
140966798262292 3.389669 -0.498677 1.398558 
140966818137292 3.640405 -1.497761 1.771933 
140966838012292 2.906705 -1.978061 1.844105 
140966857887292 2.185788 -0.489089 1.282711 
140966877762292 2.182858 1.830256 1.250087 
140966897637292 2.345577 2.476605 1.349290 
140966917512292 2.001231 1.751160 1.197223 
140966937387292 1.370462 0.422777 1.369130 
140966957262292 0.979110 -0.633699 2.031191 
140966977137292 1.160205 -1.509612 2.091645 
140966997012292 1.231977 -2.456099 1.597762 
140967016887292 1.182576 -2.749978 1.072587 
140967036762656 0.938231 -2.934535 0.798415 
140967056638698 0.505601 -2.694451 0.690024 
140967076514740 -0.137419 -2.310291 0.514256 
140967096390781 -0.899881 -1.759549 0.240084 
140967116266823 -1.773930 -1.207743 -0.147406 
140967136142865 -2.656768 -0.805472 -0.617986 
140967156018906 -2.863029 -0.580436 -1.193362 
140967175894948 -1.354350 -0.657534 -1.362073 
140967195770990 2.134655 -1.872201 0.447144 
140967215647031 0.980708 -0.663393 1.289235 
140967235523073 -0.241149 0.172573 0.981907 
140967255399115 -0.757802 0.607067 0.299073 
140967275275156 -1.629720 1.079245 -0.169377 
140967295151198 -2.259691 0.852477 -0.101333 
140967315027240 0.271243 1.535578 0.787762 
140967334902396 -0.489089 -0.466186 0.495214 
140967354777396 -1.223322 -1.092694 -0.227833 
140967374652396 -1.193495 0.304532 -1.208675 
140967394527396 -1.140365 1.421062 -1.973667 
140967414402396 -1.479119 0.910534 -1.870470 
140967434277396 -2.087118 0.030759 -1.314669 
140967454152396 -2.232260 -0.451539 -0.865527 
140967474027396 -1.756620 -0.737828 -0.453935 
140967493902396 -1.505883 -0.879242 -0.223040 
140967513777396 -1.507215 -0.374840 -0.222241 
140967533652396 -1.387106 0.394148 -0.284825 
140967553527396 -1.201351 0.806804 -0.358195 
140967573402396 -1.041695 0.980309 -0.463789 
140967593277396 -0.952745 1.012533 -0.540888 
140967613152396 -0.912665 1.142762 -0.587227 
140967633027396 -0.922119 0.815859 -0.598012 
140967652902396 -1.097221 0.734100 -0.646615 
140967672777396 -1.068193 1.274721 -0.660863 
140967692652396 -0.427171 1.186571 -0.471379 
140967712527396 -0.029827 0.883636 -0.274039 
140967732402396 -0.117445 0.543418 -0.113584 
140967752277396 -0.269911 0.680171 0.178165 
140967772152396 -0.006924 0.578438 0.472178 
140967792027396 0.807603 0.042344 0.677241 
140967811902396 1.768737 -0.221309 1.064598 
140967831777396 2.830405 -0.522911 1.628255 
140967851652396 3.584080 -1.133307 1.813745 
140967871527396 3.332278 -1.725328 1.356214 
140967891402396 2.466884 -0.789760 0.509196 
140967911277396 2.224404 1.352219 0.269911 
140967931152396 2.515620 2.434394 0.992559 
140967951027396 2.404966 1.890710 1.177516 
140967970902396 1.920138 0.765259 1.121057 
140967990777396 1.428252 -0.141680 1.351154 
140968010652396 1.317065 -0.664858 1.690573 
140968030527396 1.291632 -1.618801 1.549026 
140968050402396 1.215865 -2.045706 1.091496 
140968070277396 1.068326 -2.292181 0.692954 
140968090152396 0.747549 -2.105760 0.441152 
140968110027396 0.249538 -2.011617 0.260990 
140968129902396 -0.366451 -1.661145 0.052731 
140968149777396 -1.082175 -1.085637 -0.281895 
140968169652396 -1.913613 -0.660863 -0.656602 
140968189527396 -2.630535 -0.592819 -0.930907 
140968209402396 -2.372209 -0.713327 -1.353151 
140968229277396 0.814261 -1.210140 -0.239951 
140968249152396 1.429717 -0.757402 1.628655 
140968269027396 -0.122106 0.285091 1.362472 
140968288902396 -0.691756 0.165782 0.504003 
140968308777396 -1.028512 0.784167 -0.358728 
140968328652396 -1.608681 0.192680 -0.434361 
140968348527396 -0.762729 1.090963 1.045290 
140968368402396 -0.283227 1.935717 1.279515 
140968388277396 -0.818522 -0.344213 -0.130095 
140968408152396 -0.855540 -1.040763 -1.283376 
140968428027396 -1.152083 1.295227 -1.860882 
140968447902396 -1.452886 1.705088 -1.922668 
140968467777396 -1.910684 0.725445 -1.502022 
140968487652396 -2.261288 -0.107725 -0.946087 
140968507527396 -1.728657 -0.315718 -0.665923 
140968527402396 -1.370062 -0.674578 -0.403202 
140968547277396 -1.439970 -0.595616 -0.351138 
140968567152396 -1.353684 -0.100667 -0.354600 
140968587027396 -1.103480 0.356730 -0.321576 
140968606902396 -1.051016 0.751410 -0.299472 
140968626777396 -1.077514 0.928377 -0.392417 
140968646652396 -1.081243 0.792423 -0.507731 
140968666527396 -0.844621 0.823981 -0.622647 
140968686402396 -0.706669 0.810532 -0.640223 
140968706277396 -0.996687 0.759932 -0.680570 
140968726152396 -1.017726 1.223588 -0.725178 
140968746027396 -0.386691 1.225320 -0.579370 
140968765902396 -0.213319 0.797350 -0.391085 
140968785777396 -0.378968 0.544350 -0.242614 
140968805652396 -0.460061 0.680837 0.010253 
140968825527396 0.022371 0.545016 0.205596 
140968845402396 0.787496 0.314919 0.279632 
140968865277396 1.501090 0.294146 0.533164 
140968885152396 2.485660 0.012517 1.008139 
140968905027396 3.311638 -0.764726 1.533314 
140968924902396 3.422958 -1.936250 1.925331 
140968944777396 2.756237 -2.018541 1.625060 
140968964652396 2.151833 -0.315851 0.920255 
140968984527396 2.199104 1.782852 1.022120 
140969004402396 2.312554 2.393115 1.431049 
140969024277396 1.883786 1.653422 1.418798 
140969044152396 1.177516 0.347010 1.653822 
140969064027396 0.994557 -0.791225 2.215083 
140969083902396 1.274588 -1.616937 2.227333 
140969103777396 1.423858 -2.318813 1.626791 
140969123653281 1.421195 -2.699644 1.031308 
140969143529323 1.090297 -2.669151 0.734499 
140969163405365 0.534363 -2.428135 0.581767 
140969183281406 -0.164583 -2.097371 0.321044 
140969203157448 -0.948218 -1.707085 -0.015313 
140969223033490 -1.762079 -1.292831 -0.483630 
140969242909531 -2.493116 -0.942359 -0.853010 
140969262785573 -2.606301 -0.883769 -1.153547 
140969282661615 -1.175918 -0.682701 -1.222923 
140969302537656 1.735714 -0.724512 0.394414 
140969322413698 0.440753 -0.085354 1.475257 
140969342289740 -0.408129 -0.391884 1.137435 
140969362165781 -0.945421 0.014381 0.401604 
140969382041823 -2.180861 0.464189 0.066845 
140969401916979 -0.077897 0.801744 -0.223173 
140969421791979 0.621049 -0.598811 0.373242 
140969441666979 -1.250220 -0.413589 -0.083756 
140969461541979 -1.871801 0.782969 -0.644884 
140969481416979 -1.719868 1.415602 -1.405482 
140969501291979 -1.583648 1.246359 -1.715474 
140969521166979 -1.881921 0.973252 -1.268330 
140969541041979 -2.263552 0.955675 -0.858603 
140969560916979 -1.737578 -0.075367 -0.557666 
140969580791979 -1.333976 -0.424241 -0.381231 
140969600666979 -1.356347 0.233559 -0.486825 
140969620541979 -1.389503 0.913464 -0.436092 
140969640416979 -1.325854 1.283243 -0.408928 
140969660291979 -1.270593 1.417333 -0.426771 
140969680166979 -1.117994 1.352885 -0.421179 
140969700041979 -0.873783 1.158474 -0.448609 
140969719916979 -0.709998 0.988565 -0.485094 
140969739791979 -0.755671 0.892158 -0.606801 
140969759666979 -0.909469 1.143960 -0.719186 
140969779541979 -0.682434 1.274189 -0.667255 
140969799416979 -0.381498 1.188701 -0.478969 
140969819291979 -0.237154 0.900281 -0.293880 
140969839166979 -0.179497 0.650210 -0.028363 
140969859041979 -0.154197 0.648879 0.250204 
140969878916979 0.489489 0.506799 0.443949 
140969898791979 1.458879 -0.021172 0.806138 
140969918666979 2.156626 -0.338088 1.531716 
140969938541979 3.087400 -0.749013 1.942908 
140969958416979 3.368497 -1.693769 1.440902 
140969978291979 2.693120 -1.276718 0.548478 
140969998166979 2.382728 0.856206 0.151134 
140970018041979 2.701242 2.117078 0.889096 
140970037916979 2.651574 1.593501 1.190299 
140970057791979 2.236654 0.811465 1.051548 
140970077666979 1.809750 0.049402 1.171124 
140970097541979 1.619866 -0.278433 1.532781 
140970117416979 1.561144 -0.701609 1.520264 
140970137291979 1.435310 -1.300820 1.279648 
140970157166979 1.268196 -1.724396 0.952346 
140970177041979 0.993492 -1.810149 0.690557 
140970196916979 0.524376 -1.753957 0.450074 
140970216791979 -0.139150 -1.618535 0.183225 
140970236666979 -0.885101 -1.349290 -0.117845 
140970256541979 -1.631584 -1.130777 -0.469382 
140970276416979 -2.127331 -1.044092 -0.730771 
140970296291979 -1.984187 -1.002813 -1.083107 
140970316166979 0.063650 -0.440487 -0.707735 
140970336041979 1.714275 -0.408129 0.961933 
140970355916979 0.130894 -0.155662 1.268596 
140970375791979 -0.378568 -0.455001 0.820919 
140970395666979 -0.461126 0.195076 0.196009 
140970415541979 -1.349556 0.304665 -0.021705 
140970435416979 -1.126250 1.150751 0.758734 
140970455291979 0.531034 1.679521 1.092428 
140970475166979 -0.638492 -0.353668 0.071506 
140970495041979 -1.185106 -0.936500 -0.915461 
140970514916979 -1.762878 1.527721 -1.572595 
140970534791979 -1.998035 2.278865 -1.590439 
140970554666979 -1.685780 2.213884 -1.335974 
140970574541979 -1.534113 1.266066 -0.924782 
140970594416979 -1.564206 -0.591488 -0.810799 
140970614291979 -1.578721 -1.115331 -0.596148 
140970634166979 -1.563541 -0.258460 -0.531034 
140970654041979 -1.536243 0.441685 -0.651276 
140970673916979 -1.458479 0.605203 -0.637161 
140970693791979 -1.310541 0.785632 -0.590556 
140970713666979 -1.280314 1.024384 -0.590023 
140970733541979 -1.283509 1.077115 -0.610529 
140970753416979 -1.347425 0.847684 -0.699079 
140970773291979 -1.190565 0.679372 -0.810000 
140970793166979 -0.791491 0.590289 -0.840892 
140970813041979 -0.715191 0.746484 -0.756737 
140970832916979 -0.748215 1.257810 -0.566853 
140970852791979 -0.346743 1.355415 -0.364986 
140970872666979 -0.144343 1.129313 -0.271775 
140970892541979 -0.334493 0.908004 -0.124636 
140970912416979 -0.287222 0.732502 0.113184 
140970932291979 0.338221 0.536627 0.314785 
140970952166979 1.078713 0.224371 0.616388 
140970972041979 2.080194 -0.322109 1.085637 
140970991916979 3.071688 -0.833968 1.610945 
140971011791979 3.624160 -1.495364 1.795768 
140971031666979 3.076881 -2.122804 1.362073 
140971051541979 2.351969 -0.682168 0.500274 
140971071416979 2.378334 1.888579 0.564723 
140971091291979 2.487524 2.590055 1.201351 
140971111166979 2.148637 1.612410 1.228382 
140971131041979 1.634381 0.114649 1.424923 
140971150916979 1.359410 -0.789360 1.980591 
140971170791979 1.486043 -1.357545 1.919073 
140971190666979 1.565005 -1.894172 1.404816 
140971210541979 1.560079 -2.167945 0.904941 
140971230416979 1.296825 -2.152365 0.668986 
140971250291979 0.778841 -2.146373 0.514256 
140971270166979 0.109456 -2.040779 0.343414 
140971290041979 -0.669651 -1.611744 0.083623 
140971309916979 -1.604686 -1.145957 -0.344879 
140971329791979 -2.513489 -0.857670 -0.754207 
140971349666979 -2.913496 -0.713194 -1.211338 
140971369541979 -1.168994 -0.061120 -1.128247 
140971389416979 1.961017 -0.587892 1.207743 
140971409291979 0.339286 -0.462324 1.677524 
140971429166979 -0.469249 -0.561128 1.177782 
140971449041979 -1.115464 0.260856 0.328368 
140971468916979 -2.467417 0.366051 -0.080028 
140971488791979 -1.767272 0.453403 -0.754606 
140971508667344 1.220126 0.741290 0.063117 
140971528543385 -0.464189 0.444348 -0.368315 
140971548419427 -1.466469 0.401072 -0.914662 
140971568295469 -1.528121 1.523726 -1.570731 
140971588171510 -1.376720 1.707484 -1.875263 
140971608047552 -1.924931 0.546747 -1.491103 
140971627923594 -2.611361 0.161254 -0.924249 
140971647799635 -2.524542 1.156211 -0.604537 
140971667675677 -1.353817 0.631701 -0.309592 
140971687551719 -0.978445 -0.255796 -0.127832 
140971707427760 -1.000682 0.340085 -0.129563 
140971727303802 -0.961001 0.904409 -0.115981 
140971747179844 -1.017593 1.225186 -0.276036 
140971767055885 -0.915461 1.386307 -0.445413 
140971786931562 -0.694019 1.371793 -0.507864 
140971806806562 -0.731437 0.936766 -0.563524 
140971826681562 -0.932905 0.732236 -0.688826 
140971846556562 -0.851945 0.848616 -0.797083 
140971866431562 -0.582566 0.909735 -0.750079 
140971886306562 -0.448609 0.796285 -0.548877 
140971906181562 -0.354999 0.551540 -0.337023 
140971926056562 -0.324506 0.603339 -0.111986 
140971945931562 0.066579 0.520914 0.008655 
140971965806562 0.896419 0.488557 0.084822 
140971985681562 1.357812 0.377769 0.415985 
140972005556562 2.018541 0.142346 0.945022 
140972025431562 2.857437 -0.610796 1.530917 
140972045306562 3.342132 -2.000032 1.902561 
140972065181562 2.875013 -2.730271 2.095240 
140972085056562 2.235589 -0.954876 1.644900 
140972104931562 2.164616 1.508680 1.277784 
140972124806562 2.263819 1.948234 1.180845 
140972144681562 1.853825 1.129446 1.149686 
140972164556562 1.256079 0.515588 1.320661 
140972184431562 0.861399 -0.075367 1.891509 
140972204306562 1.013731 -0.979776 2.077664 
140972224181562 1.121057 -1.942775 1.633981 
140972244056562 1.259807 -2.535061 1.031841 
140972263931562 1.123454 -2.768221 0.693087 
140972283806562 0.566054 -2.930407 0.501872 
140972303681562 -0.201601 -2.803375 0.268979 
140972323556562 -0.977246 -2.402303 -0.061519 
140972343431562 -1.716273 -1.779656 -0.481899 
140972363306562 -2.212952 -1.097621 -0.887231 
140972383181562 -2.155028 -0.311323 -1.295094 
140972403056562 0.156594 -0.156594 -0.712928 
140972422931562 1.798698 -0.420912 0.943957 
140972442806562 0.233026 0.063516 1.375255 
140972462681562 -0.343148 -0.246076 0.901613 
140972482556562 -0.998285 0.594950 0.264319 
140972502431562 -2.294445 0.780572 0.156194 
140972522306562 -0.400672 1.619866 0.453137 
140972542181562 0.972719 0.509862 0.961534 
140972562056562 -1.288436 -0.783768 -0.057391 
140972581931562 -1.520398 0.634631 -1.116529 
140972601806562 -1.427586 2.175401 -1.990046 
140972621681562 -1.423858 1.859151 -2.164882 
140972641556562 -1.925065 0.799081 -1.454484 
140972661431562 -2.452903 0.722116 -0.874848 
140972681306562 -2.013082 0.757136 -0.674445 
140972701181562 -1.310407 -0.080561 -0.348208 
140972721056562 -1.158208 0.008655 -0.319046 
140972740931562 -1.291632 0.816791 -0.340485 
140972760806562 -1.278183 1.221991 -0.370579 
140972780681562 -1.128647 1.321859 -0.481366 
140972800556562 -1.123187 1.276852 -0.578305 
140972820431562 -1.144093 1.131976 -0.643819 
140972840306562 -0.740092 1.119858 -0.606801 
140972860181562 -0.560462 1.096156 -0.529436 
140972880056562 -0.931307 1.059538 -0.566587 
140972899931562 -0.738894 1.416534 -0.592952 
140972919806562 0.046073 1.055543 -0.491087 
140972939681562 -0.046605 0.689092 -0.362056 
140972959556562 -0.435959 0.859401 -0.115448 
140972979431562 -0.404800 1.076582 0.263120 
140972999306562 0.254731 0.527305 0.480567 
140973019181562 1.109872 0.165249 0.607866 
140973039056562 1.834917 -0.330099 1.025716 
140973058931562 2.631334 -0.844621 1.752492 
140973078806562 3.507780 -1.301885 1.883919 
140973098681562 3.176883 -2.284724 1.072587 
140973118556562 2.486325 -0.724779 -0.138351 
140973138431562 2.615622 2.196041 -0.143677 
140973158306562 2.711229 2.836131 0.692688 
140973178181562 2.383794 1.851162 0.704006 
140973198056562 1.893107 0.898949 0.919988 
140973217931562 1.646365 0.460460 1.535844 
140973237806562 1.546896 -0.371244 1.809350 
140973257681562 1.433312 -0.728507 1.497361 
140973277556562 1.443565 -0.832104 0.865660 
140973297431562 1.318930 -1.079645 0.470181 
140973317306562 0.926114 -1.522794 0.361524 
140973337181562 0.207194 -1.876728 0.266849 
140973357056562 -0.694951 -1.730121 0.041545 
140973376931562 -1.689375 -1.568068 -0.244079 
140973396806562 -2.670483 -1.709082 -0.374174 
140973416681562 -2.600175 -1.655420 -0.771650 
140973436556562 -0.274439 -0.960602 -0.580036 
140973456431562 0.508530 0.677641 0.891093 
140973476306562 0.099868 -0.159523 1.437706 
140973496181562 0.020906 -1.513074 0.815326 
140973516056562 -0.275371 0.045007 0.085887 
140973535931562 -0.836498 0.699212 0.319979 
140973555806562 -0.372975 1.828658 1.282311 
140973575681562 -0.379234 0.902411 0.738894 
140973595556562 -1.227051 -0.385093 -0.305598 
140973615432448 -1.621864 0.934236 -1.305880 
140973635308490 -1.632650 1.997502 -1.829058 
140973655184531 -1.607483 1.992975 -1.625326 
140973675060573 -1.761280 1.297491 -1.115198 
140973694936615 -1.865942 0.159523 -0.841159 
140973714812656 -1.678989 -0.402803 -0.660863 
140973734688698 -1.427586 -0.220110 -0.649944 
140973754564740 -1.385509 0.120242 -0.693087 
140973774440781 -1.339436 0.507465 -0.661129 
140973794316823 -1.195625 0.889628 -0.574310 
140973814192865 -1.184174 1.183907 -0.483230 
140973834068906 -1.186304 1.319462 -0.408129 
140973853944948 -1.277651 1.135704 -0.452204 
140973873820990 -1.364336 0.940761 -0.625310 
140973893696667 -1.096289 0.954743 -0.710531 
140973913571667 -0.674978 1.002946 -0.666322 
140973933446667 -0.573511 1.076982 -0.537292 
140973953321667 -0.465121 1.130112 -0.321576 
140973973196667 -0.323441 1.225186 -0.184424 
140973993071667 -0.362323 1.290966 -0.110921 
140974012946667 -0.224105 1.049418 0.010253 
140974032821667 0.134356 1.061402 0.093211 
140974052696667 0.634231 1.230513 0.216382 
140974072571667 1.164067 0.941693 0.547945 
140974092446667 1.988980 0.422510 0.931174 
140974112321667 2.957571 0.004261 1.423192 
140974132196667 3.537075 -0.746084 1.853958 
140974152071667 3.116029 -1.494432 1.693636 
140974171946667 2.391117 -0.322509 1.024384 
140974191821667 2.145308 1.713343 0.888030 
140974211696667 2.271542 2.246242 1.130911 
140974231571667 2.100034 1.463939 1.119059 
140974251446667 1.687511 0.640490 1.119858 
140974271321667 1.357812 -0.076965 1.414271 
140974291196667 1.419996 -0.801345 1.552755 
140974311071667 1.440769 -1.485244 1.324522 
140974330946667 1.476189 -2.148504 0.954343 
140974350821667 1.367932 -2.605901 0.683500 
140974370696667 0.951414 -2.612559 0.522112 
140974390571667 0.272308 -2.302567 0.343281 
140974410446667 -0.473110 -1.638109 0.087618 
140974430321667 -1.223056 -1.047554 -0.253266 
140974450196667 -1.915344 -0.854475 -0.569517 
140974470071667 -2.312021 -1.084305 -0.857804 
140974489946667 -1.787113 -1.034504 -1.156211 
140974509821667 0.417184 -0.645417 -0.351803 
140974529696667 1.097221 -0.515188 0.921586 
140974549571667 -0.001731 -0.920920 0.933437 
140974569446667 -0.424907 -0.578438 0.623579 
140974589321667 -0.818256 0.790692 0.140881 
140974609196667 -1.856089 0.858603 -0.097072 
140974629071667 -1.096689 0.890827 0.084688 
140974648946667 1.157675 1.289768 0.713993 
140974668821667 -0.712528 -0.122905 -0.140748 
140974688696667 -1.285507 -0.044741 -0.778575 
140974708571667 -1.443699 1.037167 -1.500690 
140974728446667 -1.619068 0.969390 -1.673130 
140974748321667 -1.952495 0.348075 -1.269927 
140974768196667 -2.178730 0.282029 -0.819854 
140974788071667 -1.788045 -0.124503 -0.509063 
140974807946667 -1.464871 -0.460593 -0.294013 
140974827821667 -1.460610 -0.217447 -0.370579 
140974847696667 -1.393498 0.339952 -0.446345 
140974867571667 -1.198954 0.748215 -0.450607 
140974887446667 -1.112535 1.080044 -0.467384 
140974907321667 -1.126383 0.991361 -0.528770 
140974927196667 -1.240766 0.565256 -0.551540 
140974947071667 -1.087767 0.704805 -0.562459 
140974966946667 -0.765259 1.133574 -0.506932 
140974986821667 -0.874848 1.011867 -0.478836 
140975006696667 -1.002546 1.310674 -0.484295 
140975026571667 -0.186421 1.137835 -0.456332 
140975046446667 0.092811 1.012134 -0.397343 
140975066321667 -0.225836 0.570582 -0.166314 
140975086196667 -0.354866 0.656469 0.170309 
140975106071667 0.410260 0.467251 0.388954 
140975125946667 1.344496 -0.076566 0.635563 
140975145821667 2.306962 -0.337156 1.124785 
140975165696667 3.252783 -0.707069 1.656485 
140975185571667 3.456914 -1.964213 1.806687 
140975205446667 2.867157 -2.755970 1.365801 
140975225321667 2.246907 -0.847550 0.652607 
140975245196667 2.246508 1.793504 0.904542 
140975265071667 2.181527 1.892840 1.422793 
140975284946667 1.910950 0.528770 1.534113 
140975304821667 1.667803 0.445813 1.672464 
140975324696667 1.247690 0.052997 1.586311 
140975344571667 0.886965 -1.157409 1.602290 
140975364446667 1.028379 -1.972202 1.714142 
140975384321667 1.289768 -2.370878 1.203881 
140975404196667 1.025449 -2.604836 0.754606 
140975424071667 0.439554 -2.578071 0.516520 
140975443946667 -0.264851 -2.316549 0.250870 
140975463821667 -1.031708 -1.885383 -0.069775 
140975483696667 -1.813478 -1.515204 -0.479369 
140975503571667 -2.404966 -1.355681 -0.828908 
140975523446667 -2.373541 -0.910800 -1.315201 
140975543321667 -0.385492 -0.725045 -1.003612 
140975563196667 1.616671 -0.735032 0.636895 
140975583071667 0.295211 0.305198 1.252750 
140975602946667 -0.236622 0.215183 0.986834 
140975622821667 -0.809201 0.768188 0.347675 
140975642696667 -1.803758 0.912531 0.274439 
140975662571667 -0.879775 1.679388 1.010136 
140975682446667 -0.134623 0.851811 1.189633 
140975702322552 -1.004411 -1.329050 0.023169 
140975722198594 -0.992693 -0.383229 -1.183907 
140975742074635 -1.288436 1.610945 -1.939579 
140975761950677 -1.521330 1.733850 -1.953694 
140975781826719 -1.754755 0.988831 -1.532115 
140975801702760 -1.836248 0.122239 -1.177915 
140975821578802 -1.721466 -0.532366 -0.770985 
140975841454844 -1.541436 -0.608665 -0.488024 
140975861330885 -1.477920 -0.308793 -0.363388 
140975881206927 -1.425855 0.202533 -0.220909 
140975901082969 -1.285507 0.656868 -0.225836 
140975920959010 -1.131709 1.056475 -0.260856 
140975940835052 -1.030110 1.087767 -0.354600 
140975960711094 -0.888430 1.347159 -0.484429 
140975980586250 -0.790026 1.311206 -0.552606 
140976000461250 -0.820919 1.047820 -0.595749 
140976020336250 -0.904009 1.175119 -0.656202 
140976040211250 -0.698413 1.213202 -0.544882 
140976060086250 -0.334226 1.010935 -0.316916 
140976079961250 -0.287488 0.782436 -0.180163 
140976099836250 -0.347675 0.587892 -0.063916 
140976119711250 -0.331830 0.391751 0.048336 
140976139586250 0.045939 0.311989 0.136221 
140976159461250 0.631169 0.341550 0.321044 
140976179336250 1.411608 0.018243 0.638759 
140976199211250 2.386057 -0.237154 1.121989 
140976219086250 3.278748 -0.668719 1.633315 
140976238961250 3.427885 -1.743437 1.829990 
140976258836250 2.770085 -1.907754 1.366334 
140976278711250 2.145974 0.053130 0.802010 
140976298586250 2.124269 2.070074 1.025183 
140976318461250 2.187519 2.062750 1.255679 
140976338336250 1.970605 1.089898 1.185239 
140976358211250 1.627057 0.051266 1.228915 
140976378086250 1.537841 -0.607067 1.457014 
140976397961250 1.603089 -1.088833 1.377785 
140976417836250 1.475657 -1.607483 1.120258 
140976437711250 1.322525 -2.094974 0.796285 
140976457586250 1.057541 -2.206427 0.469249 
140976477461250 0.649145 -1.938380 0.264718 
140976497336250 0.109855 -1.723730 0.046073 
140976517211250 -0.554070 -1.247291 -0.243945 
140976537086250 -1.364336 -0.902012 -0.570848 
140976556961250 -2.068476 -0.756870 -0.804940 
140976576836250 -2.301502 -0.827444 -1.009337 
140976596711250 -1.278982 -0.788695 -1.106143 
140976616586250 1.029577 -0.687894 0.132758 
140976636461250 0.687761 -0.036618 1.185239 
140976656336250 -0.360459 -0.354866 1.038898 
140976676211250 -0.678706 0.078164 0.496946 
140976696086250 -0.824914 0.662727 0.096406 
140976715961250 -1.318796 0.361923 0.074435 
140976735836250 0.081360 1.383777 1.092827 
140976755711250 -0.447810 1.185372 0.833036 
140976775586250 -1.112268 -0.186687 -0.283760 
140976795461250 -1.013465 0.254199 -1.433712 
140976815336250 -1.262204 2.189649 -2.119475 
140976835211250 -1.586044 2.030126 -2.000032 
140976855086250 -2.158224 1.154746 -1.206944 
140976874961250 -2.264351 1.069658 -0.756870 
140976894836250 -1.460876 0.649411 -0.658067 
140976914711250 -1.284575 0.128098 -0.486825 
140976934586250 -1.478053 0.291083 -0.419847 
140976954461250 -1.267930 0.669252 -0.294545 
140976974336250 -1.024784 0.864195 -0.180828 
140976994211250 -1.057807 1.155944 -0.118111 
140977014086250 -1.013731 1.206278 -0.188152 
140977033961250 -0.732236 1.187902 -0.243146 
140977053836250 -0.468050 1.248090 -0.231162 
140977073711250 -0.604537 0.979909 -0.319180 
140977093586250 -0.919456 1.018525 -0.509596 
140977113461250 -0.828775 1.121989 -0.708001 
140977133336250 -0.434494 0.652607 -0.701476 
140977153211250 -0.342349 0.388954 -0.491220 
140977173086250 -0.511460 0.510528 -0.220110 
140977192961250 -0.696416 0.844887 0.014781 
140977212836250 -0.367116 0.618252 0.011851 
140977232711250 0.064448 0.500008 0.046605 
140977252586250 0.317981 0.397343 0.249937 
140977272461250 0.944756 -0.142346 0.606135 
140977292336250 1.803092 -0.507465 1.214534 
140977312211250 2.841191 -0.598279 1.729189 
140977332086250 3.569299 -1.178581 1.509079 
140977351961250 3.282610 -1.454085 0.702675 
140977371836250 2.513889 -0.367116 -0.010386 
140977391711250 2.278865 0.977646 0.240350 
140977411586250 2.502437 1.199087 1.002413 
140977431461250 2.348507 1.085903 1.239035 
140977451336250 1.897101 0.772716 1.293363 
140977471211250 1.598561 0.286689 1.454484 
140977491086250 1.330647 -0.428635 1.561410 
140977510961250 1.124785 -0.952612 1.610812 
140977530836250 1.033439 -1.621731 1.381114 
140977550716562 0.970588 -2.109755 0.996954 
140977570597500 0.684432 -1.951696 0.692155 
140977590472500 0.196142 -1.638908 0.351138 
140977610347500 -0.396278 -1.317065 0.008788 
140977630222500 -1.049551 -1.068060 -0.358861 
140977650097500 -1.702158 -0.970455 -0.775645 
140977669972500 -2.074601 -0.898017 -1.104945 
140977689847500 -1.590572 -0.715325 -1.326919 
140977709722500 0.141147 -0.764992 -0.908803 
140977729597500 0.865127 -0.260590 0.413988 
140977749472500 0.041412 -0.471379 1.004144 
140977769347500 -0.484562 -0.516387 0.900947 
140977789222500 -0.849281 0.259525 0.507598 
140977809097500 -2.252766 0.706003 0.032224 
140977828972500 -2.700976 0.580169 -0.671116 
140977848847500 0.998818 -0.153265 -0.285491 
140977868722500 0.453270 0.012517 0.305065 
140977888597500 -0.926646 0.891492 -0.217580 
140977908472500 -1.520531 1.000549 -0.817723 
140977928347500 -1.249954 0.976181 -1.498693 
140977948222500 -1.216132 0.662461 -1.718137 
140977968097500 -1.720800 0.023968 -1.202949 
140977987972500 -2.292181 0.309459 -0.555135 
140978007847500 -1.748497 0.677907 -0.419048 
140978027722500 -1.061269 -0.284559 -0.242481 
140978047597500 -1.123853 -0.378435 -0.204397 
140978067472500 -1.123187 0.438622 -0.235423 
140978087347500 -1.047287 0.796684 -0.230230 
140978107222500 -1.074185 1.110804 -0.336224 
140978127097500 -1.078713 1.172056 -0.479235 
140978146972500 -1.000682 0.832370 -0.569650 
140978166847500 -0.811598 0.659265 -0.602407 
140978186722500 -0.817457 0.752742 -0.570182 
140978206597500 -1.040896 0.830772 -0.581101 
140978226472500 -1.014131 0.939696 -0.607600 
140978246347500 -0.456465 0.764726 -0.470580 
140978266222500 -0.234225 0.956207 -0.348741 
140978286097500 -0.177766 1.001747 -0.317049 
140978305972500 -0.156727 0.604670 -0.102798 
140978325847500 -0.103730 0.326636 0.143811 
140978345722500 0.433829 0.175236 0.340485 
140978365597500 1.334908 -0.086686 0.598279 
140978385472500 2.084188 -0.586694 1.109073 
140978405347500 2.822283 -0.574443 1.815076 
140978425222500 3.129745 -1.391634 2.042776 
140978445097500 2.808035 -2.041711 1.328783 
140978464972500 2.444114 -0.548877 0.331164 
140978484847500 2.535194 1.541836 0.126633 
140978504722500 2.410159 1.877527 0.742755 
140978524597500 1.938514 1.037167 1.363138 
140978544380833 1.749030 0.377503 1.802426 
140978564113437 1.537042 -0.132625 1.834783 
140978583893750 1.290167 -0.570848 1.815742 
140978603732396 1.319728 -1.337572 1.708017 
140978623630104 1.465137 -2.313753 1.110670 
140978643578958 1.194294 -2.338653 0.719053 
140978663563854 0.542619 -2.103629 0.431299 
140978683565417 -0.186022 -1.724262 0.063383 
140978703480417 -0.917591 -1.341566 -0.319313 
140978723355417 -1.629454 -1.163667 -0.743953 
140978743230417 -2.152365 -1.103879 -1.055277 
140978763105417 -1.987383 -0.883769 -1.350355 
140978782980417 -0.292015 -0.450207 -1.210938 
140978802855417 1.277517 -0.413722 0.236489 
140978822730417 0.188419 -0.353268 0.911599 
140978842605417 -0.377503 -0.086952 0.826511 
140978862480417 -0.753275 0.889362 0.376438 
140978882355417 -1.615605 0.726510 0.250204 
140978902230417 -0.908803 1.225985 0.892425 
140978922105417 0.369646 1.139166 1.015596 
140978941980417 -0.773914 -0.880307 -0.009188 
140978961855417 -0.873649 -0.712528 -0.921719 
140978981730417 -1.188701 1.012000 -1.709881 
140979001605417 -1.463939 1.195226 -1.895104 
140979021480417 -1.872334 0.482964 -1.431049 
140979041355417 -2.189649 -0.235423 -0.865660 
140979061230417 -1.814011 -0.559796 -0.567120 
140979081105417 -1.423192 -0.749013 -0.342482 
140979100980417 -1.432380 -0.559929 -0.316916 
140979120855417 -1.427320 0.119176 -0.345545 
140979140730417 -1.292964 0.624511 -0.340352 
140979160605417 -1.197756 0.994290 -0.375772 
140979180480417 -1.225320 1.020123 -0.462857 
140979200355417 -1.394963 0.543684 -0.597746 
140979220230417 -1.342365 0.372043 -0.699079 
140979240105417 -0.874182 0.987366 -0.664591 
140979259980417 -0.542619 1.171923 -0.541553 
140979279855417 -0.647547 0.989497 -0.366850 
140979299730417 -0.367516 0.910135 -0.256595 
140979319605417 -0.070840 0.913330 -0.226635 
140979339480417 -0.250470 0.650876 -0.230896 
140979359355417 -0.368182 0.412657 -0.079495 
140979379230417 -0.152732 0.410260 0.160988 
140979399105417 0.256063 0.251802 0.471912 
140979418980417 0.949549 -0.394547 0.884302 
140979438855417 1.783118 -0.684166 1.380049 
140979458730417 2.931339 -0.692155 1.555551 
140979478605417 3.519232 -1.419730 1.023452 
140979498480417 2.909102 -1.129313 0.199870 
140979518355417 2.373674 1.087102 -0.239418 
140979538230417 2.519748 2.535993 0.407064 
140979558105417 2.477537 2.120807 0.864062 
140979577980417 2.035453 1.215732 1.070989 
140979597855417 1.575125 0.842624 1.402686 
140979617730417 1.287238 0.075367 1.730254 
140979637605417 1.262204 -0.750345 1.751826 
140979657480417 1.353551 -1.184041 1.456215 
140979677355417 1.332512 -1.500557 0.995755 
140979697230417 1.018525 -1.694036 0.669918 
140979717105417 0.521047 -1.367932 0.432763 
140979736980417 -0.095474 -1.235040 0.217181 
140979756855417 -0.711996 -1.168994 -0.018642 
140979776730417 -1.384843 -1.079512 -0.299472 
140979796605417 -2.121073 -1.255679 -0.562592 
140979816480417 -2.249704 -1.283110 -0.949683 
140979836355417 -0.141281 -1.065929 -0.885767 
140979856230417 1.465137 -0.160855 0.904276 
140979876105417 0.511060 0.091346 1.700560 
140979895980417 -0.053663 -0.780172 1.139433 
140979915855417 -0.700544 -0.260324 0.288820 
140979935730417 -1.539705 0.442351 -0.229431 
140979955605417 -2.063149 0.404534 -0.123571 
140979975480417 0.356597 0.969390 1.019990 
140979995355417 0.577506 0.490820 1.258476 
140980015230417 -1.123986 -1.170725 0.035819 
140980035105417 -0.971654 -0.625576 -1.240499 
140980054980417 -1.236904 1.596963 -2.013481 
140980074855417 -1.445962 1.776194 -2.135188 
140980094730417 -1.760615 0.950481 -1.443166 
140980114605417 -1.895903 0.251802 -0.731836 
140980134480417 -1.583115 -0.875380 -0.353534 
140980154355417 -1.404550 -1.134373 -0.127432 
140980174230417 -1.433312 -0.468050 -0.267248 
140980194105417 -1.428918 0.129163 -0.516253 
140980213980417 -1.283376 0.361790 -0.601341 
140980233855417 -1.228382 0.767789 -0.609863 
140980253730417 -1.227317 1.124119 -0.602806 
140980273605417 -1.263136 0.812929 -0.562592 
140980293481146 -1.383511 0.362989 -0.603472 
140980313357187 -1.317332 0.313321 -0.658466 
140980333233229 -0.869921 0.721183 -0.658999 
140980353109271 -0.642221 0.911599 -0.548078 
140980372985312 -0.538358 0.931573 -0.383495 
140980392861354 -0.239817 1.064731 -0.293081 
140980412737396 -0.190815 0.937565 -0.203599 
140980432613437 -0.318647 0.610263 -0.014514 
140980452489479 -0.039947 0.684166 0.222241 
140980472365521 0.684965 0.776843 0.389487 
140980492241562 1.374590 0.685231 0.752742 
140980512117604 2.245443 0.271775 1.206012 
140980531993646 3.199786 -0.613991 1.521330 
140980551869687 3.665173 -1.950365 1.347692 
140980571745521 3.104844 -1.924132 0.583631 
140980591620521 2.406164 0.563391 0.115847 
140980611495521 2.350637 2.548910 0.606002 
140980631370521 2.301369 2.341583 0.772449 
140980651245521 1.938780 1.445563 0.754340 
140980671120521 1.486575 0.635297 1.035836 
140980690995521 1.321859 -0.021971 1.543967 
140980710870521 1.370595 -0.723713 1.672730 
140980730745521 1.330381 -1.020789 1.280047 
140980750620521 1.248090 -1.271259 0.855407 
140980770495521 1.034904 -1.608282 0.572979 
140980790370521 0.643020 -1.536110 0.403868 
140980810245521 0.121440 -1.445030 0.212121 
140980830120521 -0.556467 -1.290434 -0.027031 
140980849995521 -1.295760 -1.105078 -0.360725 
140980869870521 -1.994706 -1.124918 -0.603871 
140980889745521 -2.179929 -1.215466 -0.726909 
140980909620521 -0.559263 -1.109472 -0.565522 
140980929495521 1.331446 -0.473909 0.873383 
140980949370521 0.556068 0.212786 1.263536 
140980969245521 -0.221442 0.091480 0.836765 
140980989120521 -0.631036 0.375639 0.151134 
140981008995521 -0.916260 0.625443 -0.326370 
140981028870521 -1.143561 0.119310 -0.289619 
140981048745521 -0.064448 0.898417 0.719053 
140981068620521 0.815592 0.894289 0.470181 
140981088495521 -0.416385 -0.515721 -0.361923 
140981108370521 -1.151950 0.490687 -1.194960 
140981128245521 -1.850629 1.472860 -1.584313 
140981148120521 -1.994040 1.463273 -1.434511 
140981167995521 -1.806288 1.182310 -0.949150 
140981187870521 -1.583248 0.351138 -0.595749 
140981207745521 -1.536909 -0.928777 -0.362056 
140981227620521 -1.536510 -0.967393 -0.341417 
140981247495521 -1.613209 0.000266 -0.568318 
140981267370521 -1.557815 0.587892 -0.743820 
140981287245521 -1.342365 0.909203 -0.659398 
140981307120521 -1.307744 1.109073 -0.533031 
140981326995521 -1.359410 1.264068 -0.458995 
140981346870521 -1.307744 1.088699 -0.456599 
140981366745521 -1.170192 0.619983 -0.556867 
140981386620521 -0.892425 0.348075 -0.643286 
140981406495521 -0.703074 0.517851 -0.711729 
140981426370521 -0.736630 0.783368 -0.727442 
140981446245521 -0.865660 0.977779 -0.635163 
140981466120521 -0.587493 0.816391 -0.446612 
140981485995521 -0.198272 0.538491 -0.284559 
140981505870521 -0.394148 0.562992 -0.120108 
140981525745521 -0.472045 0.796285 0.061918 
140981545620521 -0.082425 0.953012 0.204664 
140981565495521 0.578172 0.468849 0.380965 
140981585370521 1.251019 -0.099203 0.719319 
140981605245521 2.133590 -0.223306 1.247823 
140981625120521 3.279148 -0.417317 1.564206 
140981644995521 3.758916 -1.455949 1.399357 
140981664870521 3.082207 -1.527721 0.695750 
140981684745521 2.456631 0.399873 0.278300 
140981704620521 2.473942 1.740907 0.749546 
140981724495521 2.436125 1.515737 1.144759 
140981744370521 2.090447 1.039830 1.077381 
140981764245521 1.715873 0.490687 1.137835 
140981784120521 1.470996 -0.071506 1.505351 
140981803995521 1.376853 -0.672048 1.587376 
140981823870521 1.243296 -1.179114 1.375522 
140981843745521 1.065929 -1.614940 1.182842 
140981863620521 0.825446 -2.012816 0.998285 
140981883495521 0.479901 -2.030925 0.740358 
140981903370521 -0.115581 -1.850363 0.451672 
140981923245521 -0.809068 -1.655020 0.153132 
140981943120521 -1.480850 -1.392433 -0.198139 
140981962995521 -2.000432 -1.245693 -0.547146 
140981982870521 -2.121206 -1.275786 -0.915328 
140982002745521 -0.649012 -1.316133 -0.806937 
140982022620521 1.491502 -1.518933 0.669651 
140982042495521 0.614790 -0.860600 0.970721 
140982062370521 -0.348474 -0.861532 0.818522 
140982082245521 -0.670450 -0.362323 0.450340 
140982102120521 -1.366866 -0.140082 0.076832 
140982121996250 -2.394180 -0.597879 0.050334 
140982141872292 0.463922 0.436225 0.612926 
140982161748333 0.401738 1.207610 0.743554 
140982181624375 -1.474325 0.279898 0.098137 
140982201500417 -1.417733 0.623446 -1.116130 
140982221376458 -1.095890 1.210140 -1.913347 
140982241252500 -1.288703 0.429967 -1.951430 
140982261128542 -2.106958 -0.249272 -1.245426 
140982281004583 -2.402036 -0.201335 -0.519050 
140982300880625 -1.735581 -0.488290 0.069242 
140982320756667 -1.504951 -0.682834 0.130761 
140982340632708 -1.631851 -0.260590 -0.101866 
140982360508750 -1.577922 0.489888 -0.241415 
140982380384792 -1.285507 1.070989 -0.328767 
140982400260833 -1.018259 1.316533 -0.411458 
140982420136146 -0.995356 1.017194 -0.479235 
140982440011146 -1.062600 0.524243 -0.592686 
140982459886146 -0.856339 0.810000 -0.653273 
140982479761146 -0.861665 0.938630 -0.671649 
140982499636146 -1.123986 1.167130 -0.649411 
140982519511146 -0.702808 1.074052 -0.466452 
140982539386146 -0.139416 0.987499 -0.288820 
140982559261146 -0.252068 1.062068 -0.143411 
140982579136146 -0.354866 1.056608 0.098803 
140982599011146 0.156860 0.966993 0.331696 
140982618886146 0.721982 0.818389 0.494016 
140982638761146 1.432646 0.543151 0.791358 
140982658636146 2.444647 0.096007 1.297358 
140982678511146 3.313103 -0.681369 1.755821 
140982698386146 3.562375 -1.773664 1.713610 
140982718261146 2.878475 -1.437440 0.960735 
140982738136146 2.276069 0.964863 0.371111 
140982758011146 2.307361 2.480200 0.748481 
140982777886146 2.236388 2.116546 0.982839 
140982797761146 1.831721 1.388704 1.057008 
140982817636146 1.355681 0.380699 1.375255 
140982837511146 1.174320 -0.524243 1.813611 
140982857386146 1.248755 -1.357545 1.733983 
140982877261146 1.266332 -1.782186 1.360874 
140982897136146 1.167396 -2.141579 1.033705 
140982917011146 0.848616 -2.297241 0.836631 
140982936886146 0.389354 -2.218145 0.692155 
140982956761146 -0.125568 -1.945837 0.502139 
140982976636146 -0.642487 -1.656485 0.259791 
140982996511146 -1.177516 -1.425190 -0.066712 
140983016386146 -1.711346 -1.305214 -0.370312 
140983036261146 -1.982589 -1.346227 -0.622513 
140983056136146 -0.983638 -1.015862 -0.886965 
140983076011146 1.214667 -0.418382 0.048070 
140983095886146 0.916393 -0.445680 0.963930 
140983115761146 -0.025167 -0.715191 0.822250 
140983135636146 -0.552472 -0.178565 0.360192 
140983155511146 -1.155545 1.039298 -0.258060 
140983175386146 -1.358477 1.012000 -0.743021 
140983195261146 -0.123970 0.442484 0.115182 
140983215136146 0.726377 1.476455 1.451821 
140983235011146 -0.830506 0.261256 0.347942 
140983254886146 -1.245693 0.150735 -0.745951 
140983274761146 -1.719202 2.103896 -1.647830 
140983294636146 -1.884851 2.494981 -1.819071 
140983314511146 -1.662743 1.670200 -1.435576 
140983334386146 -1.765408 0.220243 -0.954077 
140983354261146 -1.841441 -0.774979 -0.579104 
140983374136146 -1.615605 -1.043426 -0.405732 
140983394011146 -1.606284 -0.328101 -0.456865 
140983413886146 -1.708283 0.748747 -0.629970 
140983433761146 -1.469531 1.472860 -0.728640 
140983453636146 -1.231711 1.344496 -0.656868 
140983473511146 -1.125052 1.596564 -0.691223 
140983493386146 -1.091229 1.490703 -0.602673 
140983513261146 -1.050749 1.148754 -0.537426 
140983533136146 -0.957938 1.084039 -0.570049 
140983553011146 -0.729839 1.019724 -0.672581 
140983572886146 -0.579903 1.086303 -0.755405 
140983592761146 -0.738627 1.074984 -0.728108 
140983612636146 -0.615589 0.917325 -0.565788 
140983632511146 -0.388688 0.710265 -0.294545 
140983652386146 -0.449808 0.848083 -0.167779 
140983672261146 -0.274439 1.197090 -0.203465 
140983692136146 0.470713 1.350088 -0.176701 
140983712011146 0.905740 0.969257 0.182826 
140983731886146 1.138101 0.379101 0.678173 
140983751761146 1.878992 0.016378 1.155412 
140983771636875 2.940927 -0.613326 1.691639 
140983791512917 3.131742 -1.508680 2.040646 
140983811388958 2.572345 -0.657667 1.706419 
140983831265000 1.885916 1.085504 1.324655 
140983851141042 1.703490 1.396428 1.478320 
140983871017083 2.009220 0.641022 1.518400 
140983890893125 1.820536 0.328634 1.210406 
140983910769167 1.338104 0.555934 1.367000 
140983930645208 1.080177 0.026498 2.012283 
140983950521250 1.167662 -0.980575 2.106026 
140983970397292 1.243562 -2.022936 1.529186 
140983990273333 1.286572 -2.226534 1.050217 
140984010149375 0.926779 -2.207493 0.840360 
140984030025417 0.348208 -2.225868 0.668986 
140984049901458 -0.106393 -1.988847 0.411059 
140984069776771 -0.598012 -1.522395 0.113184 
140984089651771 -1.297092 -1.121057 -0.317582 
140984109526771 -2.038249 -1.114399 -0.731170 
140984129401771 -2.067677 -1.180046 -1.046622 
140984149276771 -0.357396 -1.229181 -0.907738 
140984169151771 1.336506 -0.626375 0.546747 
140984189026771 0.649411 0.289752 1.187503 
140984208901771 -0.082425 0.293880 1.098154 
140984228776771 -0.697615 0.577506 0.350072 
140984248651771 -1.332245 0.047271 -0.061120 
140984268526771 -0.978844 0.115714 0.243280 
140984288401771 0.032624 0.871386 1.149686 
140984308276771 -1.172056 -0.406798 0.114915 
140984328151771 -1.218795 -0.538757 -0.947685 
140984348026771 -1.382579 0.586428 -1.913080 
140984367901771 -1.491236 0.785099 -2.266881 
140984387776771 -1.853159 0.436758 -1.716672 
140984407651771 -2.353434 -0.168844 -1.170725 
140984427526771 -2.177266 -0.512392 -0.913863 
140984447401771 -1.729322 -0.827710 -0.749013 
140984467276771 -1.598162 -0.506799 -0.733833 
140984487151771 -1.505084 0.424374 -0.758867 
140984507026771 -1.242763 0.935967 -0.713993 
140984526901771 -1.068193 1.214667 -0.677907 
140984546776771 -1.104545 1.059671 -0.700011 
140984566651771 -1.159273 0.750478 -0.689625 
140984586526771 -0.911466 1.003079 -0.643286 
140984606401771 -0.517984 1.191231 -0.569383 
140984626276771 -0.610263 0.716257 -0.542885 
140984646151771 -1.139166 1.407213 -0.521047 
140984666026771 -0.459129 1.387506 -0.438090 
140984685901771 0.052331 0.620782 -0.381231 
140984705776771 -0.254997 0.506133 -0.200270 
140984725651771 -0.200136 0.736230 0.160855 
140984745526771 0.628905 0.573911 0.483097 
140984765401771 1.442500 0.149803 0.852211 
140984785276771 2.360624 -0.238619 1.281512 
140984805151771 3.136269 -0.914928 1.670999 
140984825026771 3.506315 -1.645566 2.001231 
140984844901771 2.922684 -1.776593 1.735581 
140984864776771 2.187918 -0.021705 1.028113 
140984884651771 2.100167 2.123204 0.931174 
140984904526771 2.386856 2.338387 1.343431 
140984924401771 2.216547 1.359543 1.411075 
140984944276771 1.452221 -0.065913 1.731719 
140984964151771 1.261672 -0.875114 2.324938 
140984984026771 1.446628 -1.552222 2.078995 
140985003901771 1.355282 -2.376204 1.591637 
140985023776771 1.317465 -2.783401 1.059937 
140985043651771 1.113999 -2.770751 0.715458 
140985063526771 0.589757 -2.492184 0.572979 
140985083401771 -0.082957 -2.220276 0.391218 
140985103276771 -0.770452 -1.742239 0.105861 
140985123151771 -1.607083 -1.158474 -0.349540 
140985143026771 -2.594450 -0.859268 -0.765259 
140985162901771 -2.993258 -0.719186 -1.061668 
140985182776771 -2.063549 -0.560861 -1.409344 
140985202651771 1.293896 -1.279914 -0.202533 
140985222526771 0.938098 0.065514 1.136503 
140985242401771 -0.184956 0.547412 0.979776 
140985262276979 -0.328767 0.967126 0.501872 
140985282153021 -0.212121 0.814128 0.197740 
140985302029062 -0.182027 1.389237 0.561261 
140985321905104 -0.565788 0.731304 0.300005 
140985341781146 -1.374190 -0.041812 -0.278566 
140985361657187 -1.737445 0.880574 -1.059937 
140985381533229 -1.763943 1.369929 -1.525990 
140985401409271 -1.330914 1.222523 -1.451954 
140985421285312 -1.268729 0.317715 -1.139433 
140985441161354 -1.709881 -0.693753 -0.884036 
140985461037396 -1.834517 -0.710398 -0.707069 
140985480913437 -1.636644 0.065647 -0.680570 
140985500789479 -1.417333 0.338488 -0.719586 
140985520665521 -1.253948 0.496546 -0.564723 
140985540541562 -1.134905 0.773781 -0.387756 
140985560417604 -1.129845 1.074585 -0.301736 
140985580292917 -1.114932 1.321060 -0.333028 
140985600167917 -1.135970 1.070457 -0.459262 
140985620042917 -1.264601 0.765925 -0.601341 
140985639917917 -1.156211 0.713593 -0.653939 
140985659792917 -0.913863 0.862331 -0.655803 
140985679667917 -0.628106 1.182576 -0.531833 
140985699542917 -0.241415 1.273523 -0.381764 
140985719417917 -0.133291 1.409211 -0.309459 
140985739292917 -0.164051 1.059005 -0.172440 
140985759167917 -0.131560 0.524376 0.025300 
140985779042917 0.028363 0.623845 0.359793 
140985798917917 0.754739 0.567120 0.677508 
140985818792917 1.768737 -0.106660 1.043692 
140985838667917 2.925613 -0.354333 1.587376 
140985858542917 3.679554 -1.335574 1.600958 
140985878417917 3.143726 -1.543833 0.811065 
140985898292917 2.196973 0.136354 0.080294 
140985918167917 2.030792 1.841042 0.284559 
140985938042917 2.226002 2.453302 1.061535 
140985957917917 2.086452 2.067144 1.139033 
140985977792917 1.635845 1.325854 1.053146 
140985997667917 1.137835 0.320778 1.069125 
140986017542917 1.061935 -0.462857 1.402819 
140986037417917 1.060204 -1.073519 1.596298 
140986057292917 0.872451 -1.587642 1.310141 
140986077167917 0.726110 -1.762479 0.804674 
140986097042917 0.474974 -1.656618 0.432231 
140986116917917 0.013183 -1.585911 0.208659 
140986136792917 -0.629704 -1.451555 -0.023835 
140986156667917 -1.308144 -1.100684 -0.355265 
140986176542917 -2.083523 -0.801211 -0.704805 
140986196417917 -2.786197 -0.658200 -1.080444 
140986216292917 -2.359692 -0.616788 -1.415070 
140986236167917 0.687495 -1.630785 -0.170575 
140986256042917 1.265533 0.615589 1.736247 
140986275917917 0.373908 1.701359 1.401487 
140986295792917 -0.496812 0.963398 0.466186 
140986315667917 -0.702009 0.612793 -0.200935 
140986335542917 -0.824647 0.062318 0.343681 
140986355417917 -0.433695 1.078979 1.043958 
140986375292917 -0.657667 0.290284 0.061918 
140986395167917 -0.506932 -0.229298 -1.314136 
140986415042917 -1.081775 1.252750 -1.919871 
140986434917917 -1.089632 2.086052 -1.988048 
140986454792917 -1.230513 1.885250 -1.448093 
140986474667917 -1.671399 1.031042 -0.821851 
140986494542917 -1.727192 0.967393 -0.484562 
140986514417917 -1.283110 1.517335 -0.377769 
140986534292917 -0.923051 1.388172 -0.416651 
140986554167917 -0.581767 0.493883 -0.541154 
140986574042917 -0.203066 0.504136 -0.725045 
140986593917917 -0.107325 1.052614 -0.813861 
140986613792917 -0.282694 1.439438 -0.928510 
140986633667917 -0.542752 1.672064 -0.962865 
140986653542917 -0.833436 1.481649 -0.828242 
140986673418125 -1.057008 1.305747 -0.689492 
140986693294167 -1.034371 1.457414 -0.709865 
140986713170208 -0.449009 1.301353 -0.786031 
140986733046250 0.200536 1.159939 -0.786031 
140986752922292 0.261256 1.481382 -0.706936 
140986772798333 0.128764 1.793238 -0.393881 
140986792674375 0.297342 1.647031 0.093077 
140986812550417 0.708400 1.396694 0.607600 
140986832426458 1.490171 1.212004 0.832104 
140986852302500 2.165947 1.137435 1.097887 
140986872178542 2.800578 0.935168 1.435443 
140986892054583 3.317497 0.606934 1.644634 
140986911930625 3.020422 1.157542 1.428918 
140986931806667 1.931856 2.310956 0.909868 
140986951682708 1.214134 3.022020 0.759000 
140986971558750 1.040896 2.864893 0.984703 
140986991434583 0.704406 2.063549 1.274189 
140987011309583 0.355532 0.986967 1.525591 
140987031184583 0.010519 0.050733 1.569932 
140987051059583 -0.322375 -0.772982 1.578987 
140987070934583 -0.360059 -1.320261 1.529053 
140987090809583 -0.328101 -1.507215 1.360475 
140987110684583 -0.394414 -1.800029 1.087102 
140987130559583 -0.627573 -2.314818 0.864328 
140987150434583 -0.979377 -2.452903 0.583099 
140987170309583 -1.299488 -2.226268 0.219844 
140987190184583 -1.638775 -2.083389 -0.168045 
140987210059583 -1.945038 -1.917475 -0.551141 
140987229934583 -1.909885 -1.415070 -0.958870 
140987249809583 -1.316799 -1.054611 -1.082974 
140987269684583 0.130362 -1.188967 -0.250071 
140987289559583 0.468183 -0.893090 0.975515 
140987309434583 -0.257394 -1.514672 1.152216 
140987329309583 -0.758201 -0.449275 0.566188 
140987349184583 -1.621331 -0.696416 -0.069242 
140987369059583 -1.649428 -1.925597 -0.973118 
140987388934583 1.695500 -0.218512 0.442750 
140987408809583 -0.437291 -1.455283 1.123187 
140987428684583 -0.630769 -3.941875 -0.858736 
140987448559583 -0.461392 -1.168594 -1.606418 
140987468434583 -0.376304 1.211072 -2.335857 
140987488309583 -0.717322 1.028512 -2.091645 
140987508184583 -1.792706 -0.572446 -0.994290 
140987528059583 -2.667420 -1.457147 -0.360592 
140987547934583 -1.986051 -1.332778 -0.495081 
140987567809583 -1.215333 -1.373524 -0.685763 
140987587684583 -1.236771 -1.346893 -0.641289 
140987607559583 -1.080577 -0.710531 -0.700544 
140987627434583 -0.949017 -0.177766 -0.684698 
140987647309583 -0.887631 0.158458 -0.718254 
140987667184583 -0.872185 0.463123 -0.781504 
140987687059583 -0.981507 0.477638 -0.763794 
140987706934583 -1.148620 0.289619 -0.652341 
140987726809583 -1.181111 0.331164 -0.597213 
140987746684583 -0.890161 0.490687 -0.561527 
140987766559583 -0.577107 0.508397 -0.469249 
140987786434583 -0.256196 0.474974 -0.299472 
140987806309583 -0.014647 0.397743 -0.109589 
140987826184583 0.202267 0.549676 0.120774 
140987846059583 0.732901 0.704272 0.375372 
140987865934583 1.759816 0.807337 0.705338 
140987885809583 2.978078 0.059522 1.274721 
140987905684583 3.545064 -1.254215 1.736247 
140987925559583 3.262237 -2.403767 1.920537 
140987945434583 2.602705 -2.372875 1.636644 
140987965309583 2.334925 0.153931 1.110271 
140987985184583 2.306828 2.252899 1.178315 
140988005059583 2.007356 1.567402 1.224654 
140988024934583 1.611078 0.653539 1.273256 
140988044809583 1.061535 0.386158 1.573261 
140988064684792 0.800945 -0.209457 1.789776 
140988084560833 0.860467 -1.168195 1.584979 
140988104436875 0.930907 -1.800961 1.185905 
140988124312917 0.873916 -2.114149 0.698680 
140988144188958 0.546613 -2.156094 0.374307 
140988164065000 0.051932 -2.154362 0.169510 
140988183941042 -0.525042 -2.005092 -0.106926 
140988203817083 -1.184973 -1.716939 -0.502804 
140988223693125 -2.061418 -1.479252 -0.963398 
140988243569167 -2.584463 -1.252217 -1.476322 
140988263445208 -1.780988 -1.160871 -1.619068 
140988283321250 1.640240 -1.951164 0.193079 
140988303197292 0.970056 0.820652 1.445430 
140988323073333 -0.129829 1.987915 1.354882 
140988342949375 0.019308 1.065264 0.697082 
140988362825417 0.895754 -0.207327 0.941959 
140988382701458 -0.499342 -0.563658 1.126916 
140988402576771 -1.053413 -0.613059 -0.418249 
140988422451771 -1.113334 1.172988 -1.475790 
140988442326771 -1.912681 1.614540 -2.065679 
140988462201771 -2.236255 1.275254 -1.686312 
140988482076771 -1.986584 0.553804 -0.845154 
140988501951771 -1.787379 -0.549010 -0.460993 
140988521826771 -1.655020 -1.036368 -0.325438 
140988541701771 -1.647963 0.061253 -0.530768 
140988561576771 -1.492568 0.457531 -0.732502 
140988581451771 -1.285640 0.517585 -0.730904 
140988601326771 -1.180712 1.080177 -0.649678 
140988621201771 -1.170458 1.331846 -0.611728 
140988641076771 -1.060603 1.221058 -0.619318 
140988660951771 -1.025183 1.003079 -0.601608 
140988680826771 -1.223722 0.808668 -0.602007 
140988700701771 -1.426921 0.981507 -0.724379 
140988720576771 -1.410542 1.372725 -0.748880 
140988740451771 -1.076848 1.073653 -0.523444 
140988760326771 -0.332762 0.311190 -0.216382 
140988780201771 0.251535 0.008788 0.092811 
140988800076771 0.842757 0.422377 0.366584 
140988819951771 1.827327 0.636229 0.502938 
140988839826771 2.842789 0.663127 0.625576 
140988859701771 3.544132 0.449941 1.184174 
140988879576771 3.309641 -0.892558 2.131726 
140988899451771 2.399506 -1.168062 2.132924 
140988919326771 1.833452 0.668852 1.200552 
140988939201771 1.822666 2.347575 0.934103 
140988959076771 1.992043 2.091645 1.239834 
140988978951771 1.734516 0.767789 1.246625 
140988998826771 1.139699 -0.101733 1.422526 
140989018701771 0.859268 -0.431698 1.794037 
140989038576771 0.835566 -1.518400 1.914012 
140989058451771 0.744220 -2.840792 1.661412 
140989078326771 0.854741 -3.258109 1.237703 
140989098201771 0.999617 -2.950647 0.686163 
140989118076771 0.578039 -2.911499 0.223306 
140989137951771 -0.090814 -2.602173 0.052464 
140989157826771 -0.696949 -1.916010 -0.241149 
140989177701771 -1.469931 -1.289369 -0.719985 
140989197576771 -2.154229 -0.999484 -1.153814 
140989217451771 -1.759949 -1.008139 -1.437706 
140989237326771 1.538507 -1.793105 0.123837 
140989257201771 1.162868 -0.198139 1.489505 
140989277076771 -0.276702 0.560062 1.383511 
140989296951771 -0.535428 0.343681 0.627573 
140989316826771 -1.319063 0.518118 -0.118111 
140989336701771 -1.216265 0.549809 0.126234 
140989356577500 0.564989 1.376986 1.309475 
140989376453542 -1.063799 -0.348208 0.410260 
140989396329583 -1.311739 -0.668719 -0.613192 
140989416205625 -1.259008 1.033972 -1.752359 
140989436081667 -1.322392 1.872600 -2.382063 
140989455957708 -1.575791 0.876845 -1.881655 
140989475833750 -2.212686 -0.710131 -1.021055 
140989495709792 -2.168211 -0.754872 -0.669918 
140989515585833 -1.494032 -0.365519 -0.531966 
140989535461875 -1.336506 -0.254598 -0.363788 
140989555337917 -1.468200 0.182560 -0.334892 
140989575213958 -1.413472 0.639425 -0.285091 
140989595090000 -1.245959 0.946620 -0.291483 
140989614966042 -1.049551 1.025982 -0.340751 
140989634842083 -0.974184 0.985768 -0.427970 
140989654718125 -0.822250 1.059538 -0.478703 
140989674593958 -0.696682 1.035436 -0.536227 
140989694468958 -0.934636 0.895887 -0.679505 
140989714343958 -1.086436 0.955408 -0.732502 
140989734218958 -0.210123 0.762729 -0.588958 
140989754093958 -0.043409 0.594284 -0.350871 
140989773968958 -0.379101 0.944756 -0.142745 
140989793843958 0.070174 0.890427 -0.007723 
140989813718958 0.692288 0.543151 0.057391 
140989833593958 1.019191 0.362589 0.257527 
140989853468958 1.740508 0.085354 0.713327 
140989873343958 2.406031 -0.530768 1.242364 
140989893218958 2.988597 -0.973385 1.624128 
140989913093958 3.203248 -1.443033 1.770868 
140989932968958 2.368480 -1.040230 1.432646 
140989952843958 1.635979 0.661396 1.125451 
140989972718958 1.830922 1.714675 1.319063 
140989992593958 1.843572 1.020656 1.395096 
140990012468958 1.308277 -0.021305 1.471928 
140990032343958 0.933970 -0.032757 1.744769 
140990052218958 0.836498 -0.630902 1.987649 
140990072093958 0.810932 -1.586577 1.983787 
140990091968958 0.922785 -2.453835 1.543168 
140990111843958 0.919456 -2.953444 1.030243 
140990131718958 0.590689 -3.082074 0.790692 
140990151593958 0.028629 -2.961832 0.563125 
140990171468958 -0.621581 -2.457963 0.278167 
140990191343958 -1.311739 -1.877394 -0.067245 
140990211218958 -1.912148 -1.506949 -0.435427 
140990231093958 -2.233192 -1.154746 -0.923450 
140990250968958 -1.539972 -0.524110 -1.311206 
140990270843958 0.927845 -0.786564 -0.466852 
140990290718958 1.147289 -0.530235 0.870720 
140990310593958 0.426372 -0.282827 1.171524 
140990330468958 -0.339286 0.575509 0.699745 
140990350343958 -2.018675 1.567136 0.470314 
140990370218958 -2.602439 1.058206 0.657933 
140990390093958 -0.133158 2.322941 1.330115 
140990409968958 -0.414787 -0.422244 0.427837 
140990429843958 -0.931307 -2.787795 -0.837564 
140990449718958 -1.341566 0.499742 -1.455949 
140990469593958 -1.383644 2.051298 -1.904026 
140990489468958 -1.350887 1.538640 -1.804823 
140990509343958 -2.077131 0.472977 -1.323457 
140990529218958 -2.278998 -0.683100 -0.789360 
140990549093958 -1.608149 -0.575109 -0.303334 
140990568968958 -1.293496 -0.228899 -0.054462 
140990588844167 -1.174187 0.219045 -0.041146 
140990608720208 -0.915195 0.723048 -0.026632 
140990628596250 -0.588026 1.366334 -0.139949 
140990648472292 -0.569117 1.420929 -0.308527 
140990668348333 -0.807070 1.190166 -0.513723 
140990688224375 -1.182709 1.088433 -0.604404 
140990708100417 -1.361274 1.436242 -0.652341 
140990727976458 -1.006674 1.766873 -0.637827 
140990747852500 -0.493350 1.442900 -0.535694 
140990767728542 -0.187753 1.126916 -0.499209 
140990787604583 -0.236622 0.610662 -0.233426 
140990807480625 -0.439821 0.498277 0.228233 
140990827356667 0.111187 0.986035 0.608798 
140990847232708 1.121323 0.945821 0.836365 
140990867108750 2.223205 0.609198 0.969257 
140990886984792 3.237469 0.540488 1.272724 
140990906860833 3.495929 0.277768 1.590705 
140990926736146 3.108706 0.251402 1.414137 
140990946611146 2.612559 1.340501 0.648080 
140990966486146 2.473276 2.596181 0.525708 
140990986361146 2.676075 2.773148 0.814794 
140991006236146 2.439720 2.254231 0.659798 
140991026111146 1.956889 1.417333 0.595882 
140991045986146 1.646232 0.555269 0.899748 
140991065861146 1.596830 0.208925 1.133041 
140991085736146 1.596963 -0.446612 0.790692 
140991105611146 1.533580 -1.158341 0.526107 
140991125486146 1.291765 -1.598428 0.395479 
140991145361146 0.861532 -1.726925 0.302269 
140991165236146 0.367383 -1.550758 0.203332 
140991185111146 -0.356597 -1.225719 -0.006791 
140991204986146 -1.343697 -0.799214 -0.277102 
140991224861146 -2.357695 -0.540488 -0.395879 
140991244736146 -2.670882 -0.332762 -0.493750 
140991264611146 -1.217729 -0.309725 -0.742755 
140991284486146 0.335292 0.965262 -0.037950 
140991304361146 0.318381 0.604937 0.489089 
140991324236146 0.089083 -0.641688 0.244345 
140991344111146 0.023036 -0.756603 -0.113983 
140991363986146 -0.982306 0.558065 -0.128764 
140991383861146 -1.826661 1.429983 -0.217447 
140991403736146 0.590689 2.022004 0.317449 
140991423611146 -0.024901 0.931040 0.275238 
140991443486146 -1.267264 0.348075 -0.305331 
140991463361146 -1.359410 1.481382 -1.167130 
140991483236146 -1.520264 2.523743 -1.643302 
140991503111146 -1.779257 2.220276 -1.568068 
140991522986146 -2.002163 1.498959 -1.232111 
140991542861146 -1.933054 0.847417 -0.895487 
140991562736146 -1.572063 0.189883 -0.581501 
140991582611146 -1.361806 0.293880 -0.457531 
140991602486146 -1.366733 0.916260 -0.542352 
140991622361146 -1.275653 1.655553 -0.561927 
140991642236146 -1.156211 1.712411 -0.523843 
140991662111146 -1.164067 1.644634 -0.506000 
140991681986146 -1.244761 1.580185 -0.526373 
140991701861146 -1.163667 1.299755 -0.596814 
140991721736146 -0.544749 1.264202 -0.560196 
140991741611146 -0.335425 0.918257 -0.568984 
140991761486146 -0.612793 1.145558 -0.671782 
140991781361146 -0.482698 1.617203 -0.627573 
140991801236146 -0.209990 1.429051 -0.453003 
140991821111146 -0.191215 1.172589 -0.295078 
140991840986146 -0.019308 0.863796 0.033955 
140991860861146 0.447943 0.660064 0.274439 
140991880736146 1.045024 0.563391 0.516520 
140991900611354 1.759949 0.314652 0.870454 
140991920487396 2.736263 -0.034488 1.245693 
140991940363437 3.521362 -0.887631 1.617736 
140991960239479 3.362638 -1.726792 1.476056 
140991980115521 2.544515 -0.461792 0.835433 
140991999991562 2.323473 1.778990 0.706270 
140992019867604 2.564489 2.217879 1.121057 
140992039743646 2.305097 1.866741 1.025050 
140992059619687 1.700294 1.083506 1.014797 
140992079495729 1.272591 0.114116 1.569000 
140992099371771 1.270593 -0.408395 1.868472 
140992119247812 1.256079 -0.787363 1.616271 
140992139123854 1.365668 -1.313470 1.080710 
140992158999896 1.328916 -1.650759 0.765525 
140992178875937 0.907338 -2.176733 0.597480 
140992198751979 0.238486 -2.459960 0.386025 
140992218627812 -0.563791 -2.199903 0.116646 
140992238502812 -1.500956 -1.727458 -0.289086 
140992258377812 -2.352502 -1.659814 -0.664725 
140992278252812 -2.273406 -1.477920 -1.217596 
140992298127812 0.208126 -0.529303 -0.701609 
140992318002812 1.385642 0.316783 0.923450 
140992337877812 0.059255 -0.173372 1.175652 
140992357752812 -0.172440 -1.012267 0.836631 
140992377627812 -0.544350 -0.048869 0.174703 
140992397502812 -2.421211 0.016778 -0.004394 
140992417377812 -0.824647 1.211205 -0.093876 
140992437252812 1.434511 0.828908 0.592686 
140992457127812 -1.047021 -0.066046 -0.349806 
140992477002812 -1.326919 0.289219 -1.004544 
140992496877812 -1.484844 1.371127 -1.757552 
140992516752812 -1.644767 1.275121 -1.830789 
140992536627812 -1.998568 0.336357 -1.319462 
140992556502812 -2.289385 0.066446 -0.781504 
140992576377812 -1.858086 -0.444348 -0.411591 
140992596252812 -1.425722 -0.810799 -0.119709 
140992616127812 -1.461941 -0.542885 -0.181894 
140992636002812 -1.512807 0.233026 -0.300537 
140992655877812 -1.175918 1.009337 -0.342216 
140992675752812 -0.856206 1.433179 -0.408795 
140992695627812 -0.915328 1.060869 -0.504402 
140992715502812 -0.954876 0.517186 -0.632234 
140992735377812 -0.785499 1.029178 -0.614657 
140992755252812 -0.890560 1.064065 -0.571913 
140992775127812 -1.199487 1.091762 -0.615057 
140992795002812 -1.044225 1.107075 -0.562992 
140992814877812 -0.338754 0.683100 -0.404401 
140992834752812 -0.012783 0.737828 -0.383362 
140992854627812 -0.072305 0.770718 -0.278566 
140992874502812 -0.157126 0.550608 -0.062851 
140992894377812 0.349540 0.318381 0.049002 
140992914252812 1.069924 0.286023 0.226502 
140992934127812 1.947302 0.215050 0.506133 
140992954002812 2.909368 -0.174570 0.970189 
140992973877812 3.313769 -1.303750 1.447027 
140992993752812 2.787262 -2.964496 1.904159 
140993013627812 2.243711 -2.217346 1.852094 
140993033502812 2.158357 0.815459 1.619866 
140993053377812 2.109755 2.041711 1.414271 
140993073252812 1.857021 1.138634 1.108274 
140993093127812 1.707218 -0.004394 1.126916 
140993113002812 1.472993 -0.196674 1.324256 
140993132877812 1.219327 -0.640889 1.329982 
140993152752812 1.103081 -1.439571 1.209341 
140993172627812 0.965262 -2.154895 1.177249 
140993192502812 0.847684 -2.327734 0.871386 
140993212377812 0.653672 -2.177133 0.515188 
140993232253021 0.246076 -2.059288 0.222507 
140993252129062 -0.326636 -1.930125 -0.080161 
140993272005104 -1.002813 -1.592969 -0.435427 
140993291881146 -1.694302 -1.372060 -0.828908 
140993311757187 -2.266748 -1.390968 -1.286439 
140993331633229 -1.904026 -1.006275 -1.627190 
140993351509271 0.911067 -1.873266 -0.510394 
140993371385312 1.488573 -1.015196 1.208408 
140993391261354 0.047671 0.432897 1.449158 
140993411137396 -0.340219 0.572712 0.868323 
140993431013437 -1.302152 0.481233 0.248872 
140993450889479 -2.591254 -0.228499 0.136620 
140993470765521 0.287754 0.438889 -0.095208 
140993490641562 1.119459 -0.282029 0.246609 
140993510517604 -0.850347 -0.436625 -0.063250 
140993530393646 -1.428252 0.205729 -0.680570 
140993550269479 -1.428652 0.793488 -1.345694 
140993570144479 -1.207077 0.431032 -1.481915 
140993590019479 -1.595365 -0.355532 -0.983638 
140993609894479 -2.027596 -0.521313 -0.359793 
140993629769479 -1.661279 -0.838229 -0.030094 
140993649644479 -1.404816 -1.177782 0.157526 
140993669519479 -1.492301 -0.942492 0.075234 
140993689394479 -1.510411 -0.612127 -0.000932 
140993709269479 -1.375655 -0.194943 -0.118511 
140993729144479 -1.337039 0.415985 -0.284825 
140993749019479 -1.296026 0.806271 -0.417850 
140993768894479 -1.180978 0.685497 -0.496280 
140993788769479 -1.109605 0.270976 -0.611461 
140993808644479 -1.001747 0.206528 -0.706536 
140993828519479 -0.904808 0.855939 -0.684032 
140993848394479 -0.806138 1.065130 -0.515454 
140993868269479 -0.794953 0.862864 -0.300271 
140993888144479 -0.367782 0.900414 -0.220376 
140993908019479 -0.056059 1.051016 -0.315851 
140993927894479 -0.104529 0.949150 -0.307994 
140993947769479 -0.133025 0.386558 -0.114250 
140993967644479 0.137020 -0.184690 0.132892 
140993987519479 0.620383 -0.084023 0.469914 
140994007394479 1.531716 -0.289352 0.858603 
140994027269479 2.620415 -0.522112 1.213735 
140994047144479 3.240399 -1.565272 1.468732 
140994067019479 2.883269 -2.928942 1.404683 
140994086894479 2.085919 -2.036651 1.025849 
140994106769479 1.802426 0.730105 0.810666 
140994126644479 2.340118 2.330397 1.134239 
140994146519479 2.192179 1.352352 1.252750 
140994166394479 1.573794 0.209191 1.182842 
140994186269479 1.385775 0.020906 1.240766 
140994206144479 1.214001 0.086952 1.291499 
140994226019479 0.964330 -0.695750 1.304016 
140994245894479 0.770585 -1.705088 1.390835 
140994265769479 0.743953 -2.352235 1.162336 
140994285644479 0.717189 -2.386324 0.675777 
140994305519479 0.423176 -2.134922 0.282428 
140994325394479 -0.060720 -1.906955 -0.041146 
140994345269479 -0.585496 -1.565538 -0.335159 
140994365144479 -1.195625 -1.357412 -0.677907 
140994385019479 -1.897900 -1.263802 -1.067261 
140994404894479 -1.929326 -1.156876 -1.404417 
140994424769479 0.105594 -1.180312 -0.896286 
140994444644479 2.078596 -1.277251 0.917325 
140994464519479 0.134623 0.101600 1.487374 
140994484394479 -0.751810 0.311856 1.105744 
140994504269479 -0.876312 0.328634 0.241415 
140994524144479 -1.725594 -0.198938 -0.107325 
140994544019479 -1.672597 -0.163118 -0.085621 
140994563894479 1.011468 0.656868 0.514256 
140994583769479 -0.470580 -0.046738 0.239019 
140994603644687 -1.466469 0.219977 -0.130894 
140994623520729 -1.610546 0.804674 -0.968325 
140994643396771 -1.215466 0.944090 -1.568734 
140994663272812 -1.388172 -0.142346 -1.329849 
140994683148854 -2.102964 -0.883769 -0.667787 
140994703024896 -2.069541 -0.528371 -0.287754 
140994722900937 -1.402020 -0.361258 -0.077365 
140994742776979 -1.257943 -0.305198 -0.050467 
140994762653021 -1.281778 0.086686 -0.128631 
140994782529062 -1.191231 0.521180 -0.186554 
140994802405104 -1.134772 0.905607 -0.304266 
140994822281146 -1.068726 0.962466 -0.393349 
140994842157187 -0.886566 0.852877 -0.431831 
140994862033229 -0.753141 0.876845 -0.452870 
140994881909271 -0.914928 0.865260 -0.519449 
140994901785312 -1.170458 0.911866 -0.633166 
140994921661146 -0.974849 0.787896 -0.608798 
140994941536146 -0.435959 0.523444 -0.418515 
140994961411146 -0.294412 0.793355 -0.278167 
140994981286146 -0.338354 0.851012 -0.185489 
140995001161146 -0.396678 0.778042 -0.032224 
140995021036146 -0.071373 0.584697 0.089083 
140995040911146 0.429701 0.388022 0.246209 
140995060786146 0.990296 0.258859 0.639558 
140995080661146 1.812946 -0.098936 1.221058 
140995100536146 2.785531 -0.420113 1.717338 
140995120411146 3.440269 -1.515737 1.710148 
140995140286146 3.169292 -2.204430 1.173921 
140995160161146 2.426804 -0.232227 0.518783 
140995180036146 2.132391 2.113350 0.551141 
140995199911146 2.283792 2.030392 1.015196 
140995219786146 2.075400 0.927312 1.170991 
140995239661146 1.715873 0.526906 1.180445 
140995259536146 1.413472 0.200802 1.253815 
140995279411146 1.198288 -0.401338 1.340235 
140995299286146 1.061269 -1.070324 1.306679 
140995319161146 0.941826 -1.836248 1.148354 
140995339036146 0.866459 -2.150101 0.853143 
140995358911146 0.586161 -2.026398 0.550608 
140995378786146 0.066046 -1.680187 0.186821 
140995398661146 -0.570182 -1.258209 -0.225570 
140995418536146 -1.189899 -1.005209 -0.649411 
140995438411146 -1.675926 -0.964863 -1.014530 
140995458286146 -1.892041 -1.170059 -1.427720 
140995478161146 -1.156344 -0.945288 -1.489372 
140995498036146 1.117728 -0.827577 -0.188419 
140995517911146 0.920787 -0.037684 1.015995 
140995537786146 -0.338887 0.164716 1.032241 
140995557661146 -0.611195 0.725977 0.780172 
140995577536146 -0.565522 0.471113 0.276436 
140995597411146 -0.926646 -0.036086 0.399074 
140995617286146 -0.904941 1.107075 0.285491 
140995637161146 -0.732901 0.727176 -0.444082 
140995657036146 -0.829441 0.055793 -1.075650 
140995676911146 -1.288969 0.711463 -1.350621 
140995696786146 -1.486575 1.133973 -1.313071 
140995716661146 -1.439970 0.771251 -1.036901 
140995736536146 -1.250220 -0.453935 -0.746350 
140995756411146 -1.271925 -0.842624 -0.473377 
140995776286146 -1.506150 -0.515987 -0.324240 
140995796161146 -1.590971 -0.405865 -0.311723 
140995816036146 -1.400422 -0.253000 -0.310924 
140995835911146 -1.147555 0.137818 -0.212520 
140995855786146 -0.973118 0.480833 -0.161787 
140995875661146 -0.915594 0.737562 -0.224371 
140995895536146 -0.977779 0.549410 -0.361391 
140995915411146 -1.030243 0.264984 -0.488823 
140995935286146 -1.040097 0.366850 -0.545814 
140995955161146 -1.073919 0.545016 -0.567919 
140995975036146 -1.166197 0.662194 -0.600542 
140995994911146 -1.063399 0.711064 -0.602806 
140996014786875 -0.680703 0.600409 -0.468050 
140996034662917 -0.316916 0.686829 -0.289086 
140996054538958 -0.211455 0.707468 -0.203332 
140996074415000 -0.182560 0.598545 -0.120508 
140996094291042 0.084688 0.240883 0.000932 
140996114167083 0.437158 0.132492 0.180962 
140996134043125 1.074718 0.041412 0.580302 
140996153919167 1.908686 -0.517186 1.331580 
140996173795208 2.736929 -0.931973 1.897900 
140996193671250 3.168094 -1.901895 1.596431 
140996213547292 2.924016 -1.659414 0.790426 
140996233423333 2.555035 0.449541 0.172706 
140996253299375 2.504035 1.651425 0.415852 
140996273175417 2.236921 1.346626 0.857804 
140996293051458 2.087517 0.691223 0.908004 
140996312927500 1.989513 0.754606 1.025183 
140996332802812 1.769403 0.743021 0.999617 
140996352677812 1.452620 -0.296809 0.954743 
140996372552812 1.268729 -1.051016 1.032640 
140996392427812 1.271792 -1.541969 0.818256 
140996412302812 1.031175 -1.686312 0.501073 
140996432177812 0.540222 -1.596431 0.189617 
140996452052812 -0.094808 -1.403485 -0.127432 
140996471927812 -0.798548 -1.242231 -0.443815 
140996491802812 -1.478453 -1.254082 -0.764460 
140996511677812 -1.912415 -1.379650 -0.982573 
140996531552812 -1.753957 -1.120790 -1.196424 
140996551427812 -0.052864 -0.685231 -0.598545 
140996571302812 1.210140 -0.254065 0.821451 
140996591177812 0.178565 -0.824914 1.206544 
140996611052812 -0.411858 -0.718920 1.104279 
140996630927812 -1.011867 0.376837 0.444481 
140996650802812 -2.357029 0.140215 0.202001 
140996670677812 -1.271259 0.514389 0.507465 
140996690552812 1.428652 1.668869 0.992826 
140996710427812 -0.285224 -0.128098 -0.033423 
140996730302812 -1.136237 -0.678307 -0.441818 
140996750177812 -1.400555 0.755538 -1.245959 
140996770052812 -1.570731 0.461792 -1.448625 
140996789927812 -2.019740 -0.739027 -0.936899 
140996809802812 -2.405898 -0.043409 -0.437424 
140996829677812 -1.831987 0.590289 -0.375905 
140996849552812 -1.303483 -1.059272 -0.200403 
140996869427812 -1.387106 -1.454351 -0.121307 
140996889302812 -1.374323 -0.468317 -0.249804 
140996909177812 -1.289635 0.184956 -0.344746 
140996929052812 -1.187503 0.632101 -0.410393 
140996948927812 -1.169260 0.565655 -0.498011 
140996968802812 -1.167130 0.324373 -0.528770 
140996988677812 -1.010935 0.687894 -0.537958 
140997008552812 -0.884568 1.133440 -0.546214 
140997028427812 -0.931440 1.194826 -0.557000 
140997048302812 -0.764992 1.187103 -0.540488 
140997068177812 -0.231695 1.223056 -0.461392 
140997088052812 -0.088550 1.117994 -0.354600 
140997107927812 -0.314519 0.453669 -0.061253 
140997127802812 -0.593884 0.341018 0.334493 
140997147677812 -0.235690 0.141813 0.515721 
140997167552812 0.587360 -0.257128 0.791624 
140997187427812 1.257677 -0.485760 1.215466 
140997207302812 1.818272 -0.373774 1.723463 
140997227177812 2.532798 0.015713 1.915211 
140997247052812 2.934402 -0.114782 1.580185 
140997266927812 2.579003 0.187087 0.911200 
140997286802812 2.101366 1.220393 0.537292 
140997306677812 2.034520 1.984586 0.898949 
140997326552812 2.076199 1.636511 1.358611 
140997346427812 1.743437 0.955275 1.834118 
140997366302812 1.592835 0.841159 1.898167 
140997386177812 1.548228 0.015846 1.416801 
140997406053542 1.487241 -1.137169 1.135704 
140997425929583 1.653289 -1.834517 0.853676 
140997445805625 1.805222 -2.084321 0.485494 
140997465681667 1.569000 -1.731986 0.134490 
140997485557708 0.941294 -1.519732 -0.184690 
140997505433750 0.270710 -1.268463 -0.447544 
140997525309792 -0.450074 -0.752742 -0.701210 
140997545185833 -1.317731 -0.526773 -0.944489 
140997565061875 -2.137851 -0.711463 -0.978045 
140997584937917 -2.225602 -0.802277 -1.180712 
140997604813958 -0.443283 -0.883503 -1.110670 
140997624690000 0.596015 0.012783 0.184557 
140997644566042 -0.254199 0.163118 0.715857 
140997664442083 -0.519183 -1.104545 0.614524 
140997684318125 -0.511859 -0.498410 0.223306 
140997704193958 -0.838096 0.566321 -0.156594 
140997724068958 -1.226118 0.635030 0.248340 
140997743943958 0.395479 1.498826 1.102148 
140997763818958 -0.250337 0.831039 0.436625 
140997783693958 -1.044358 0.210922 -0.358728 
140997803568958 -1.194693 1.053279 -1.316266 
140997823443958 -1.096156 1.413339 -2.007223 
140997843318958 -1.273922 0.943424 -1.951563 
140997863193958 -1.919738 0.317315 -1.175518 
140997883068958 -2.197905 0.502938 -0.570715 
140997902943958 -1.383644 0.165648 -0.356198 
140997922818958 -1.158474 -0.113317 -0.369913 
140997942693958 -1.233176 0.143145 -0.384427 
140997962568958 -1.164466 0.442218 -0.321177 
140997982443958 -1.046222 0.598545 -0.351670 
140998002318958 -1.098553 0.749546 -0.376438 
140998022193958 -1.116529 0.824248 -0.450607 
140998042068958 -0.967259 0.730505 -0.515987 
140998061943958 -0.868989 0.825579 -0.500008 
140998081818958 -0.948351 0.884036 -0.497878 
140998101693958 -1.066995 0.962865 -0.547545 
140998121568958 -0.737828 1.008405 -0.524243 
140998141443958 -0.258193 0.983371 -0.396944 
140998161318958 -0.174037 1.109472 -0.304799 
140998181193958 -0.147672 1.080177 -0.149270 
140998201068958 -0.040613 0.884968 0.065647 
140998220943958 0.430233 0.593219 0.220243 
140998240818958 0.951414 0.415852 0.519849 
140998260693958 1.704022 -0.038749 0.979776 
140998280568958 2.629736 -0.576707 1.500024 
140998300443958 3.433345 -1.197889 1.684981 
140998320318958 3.370627 -1.793371 1.167795 
140998340193958 2.420812 -0.450607 0.282029 
140998360068958 1.993641 2.024800 0.134223 
140998379943958 2.238119 2.653439 0.789627 
140998399818958 2.160621 1.982189 0.944756 
140998419693958 1.737179 1.240899 0.939429 
140998439568958 1.323191 0.601341 1.109738 
140998459443958 1.014797 -0.578039 1.525857 
140998479318958 0.981774 -0.902278 1.565005 
140998499193958 0.990562 -1.086835 1.161670 
140998519068958 0.937033 -1.609347 0.732236 
140998538943958 0.707735 -1.603089 0.402936 
140998558818958 0.261123 -1.595499 0.161254 
140998578693958 -0.386025 -1.535711 -0.079628 
140998598568958 -1.069391 -1.406015 -0.398409 
140998618443958 -1.737578 -1.491236 -0.693353 
140998638318958 -2.302967 -1.634514 -0.849415 
140998658193958 -2.080593 -1.439438 -1.009470 
140998678068958 0.219977 -0.984170 -0.269512 
140998697943958 1.136769 0.749812 1.399490 
140998717818958 0.053929 0.213186 1.375921 
140998737693958 -0.233426 -1.039564 0.710531 
140998757568958 -0.448077 0.150335 0.235556 
140998777443958 -1.096955 0.732502 0.159656 
140998797318958 0.044741 1.555684 0.655403 
140998817193958 -0.598811 1.002280 -0.045939 
140998837068958 -1.123587 0.259924 -0.709599 
140998856944687 -1.156477 0.995356 -1.659015 
140998876820729 -1.168727 1.124253 -1.986717 
140998896696771 -1.513606 0.500141 -1.477388 
140998916572812 -1.867940 0.279499 -0.902944 
140998936448854 -1.788844 -0.025433 -0.455267 
140998956324896 -1.478719 -0.300937 -0.216382 
140998976200937 -1.272857 -0.463789 -0.295877 
140998996076979 -1.193095 -0.385892 -0.340751 
140999015953021 -1.040629 0.380432 -0.412657 
140999035829062 -0.923184 0.804407 -0.455667 
140999055705104 -0.984170 1.005076 -0.432098 
140999075581146 -1.059272 0.902811 -0.509196 
140999095457187 -1.026381 0.591354 -0.547279 
140999115333229 -0.908537 0.723713 -0.546081 
140999135209271 -0.926913 0.951414 -0.501073 
140999155085104 -0.976580 0.981241 -0.476040 
140999174960104 -0.618652 0.759666 -0.441685 
140999194835104 -0.191082 0.825979 -0.369114 
140999214710104 -0.155928 1.076715 -0.290551 
140999234585104 -0.213852 0.971121 -0.148338 
140999254460104 -0.314386 0.855540 0.085754 
140999274335104 -0.000133 0.366850 0.292282 
140999294210104 0.589224 0.001332 0.493617 
140999314085104 1.312538 0.034488 0.780705 
140999333960104 2.204164 -0.361258 1.289901 
140999353835104 3.185804 -0.643419 1.681252 
140999373710104 3.590471 -1.784982 1.675526 
140999393585104 2.974349 -2.471278 1.052347 
140999413460104 2.132258 -0.241149 0.361391 
140999433335104 1.806021 2.407363 0.580569 
140999453210104 2.032523 2.585395 1.263270 
140999473085104 1.955957 1.339170 1.484844 
140999492960104 1.505084 0.246475 1.477388 
140999512835104 1.148754 -0.441818 1.614008 
140999532710104 1.033705 -1.047154 1.655287 
140999552585104 0.895754 -2.076066 1.491769 
140999572460104 0.859401 -2.564622 1.046888 
140999592335104 0.819321 -2.244910 0.633566 
140999612210104 0.457930 -1.957555 0.284692 
140999632085104 -0.136087 -1.788311 -0.056059 
140999651960104 -0.792956 -1.399091 -0.408395 
140999671835104 -1.398824 -1.090297 -0.876046 
140999691710104 -2.007090 -0.985103 -1.302951 
140999711585104 -2.169942 -1.087634 -1.665939 
140999731460104 -1.095624 -0.950615 -1.501356 
140999751335104 1.416135 -0.910401 0.145275 
140999771210104 0.670184 0.181494 1.015729 
140999791085104 -0.495348 0.266849 0.849548 
140999810960104 -0.994157 0.231429 0.465920 
140999830835104 -1.415869 0.769387 0.172972 
140999850710104 -1.693503 0.431299 0.227966 
140999870585104 0.142878 0.904409 1.166331 
140999890460104 -0.456465 0.965795 0.643552 
140999910335104 -0.888563 0.046073 -0.452338 
140999930210104 -0.918524 -0.302402 -1.504019 
140999950085104 -1.009737 1.464072 -1.863013 
140999969960104 -1.191897 1.541037 -1.707218 
140999989835104 -1.642370 0.683500 -1.143960 
141000009710104 -1.835982 -0.052065 -0.680304 
141000029585104 -1.344895 -0.160189 -0.348741 
141000049460104 -1.033173 -0.399074 -0.161787 
141000069335104 -1.105344 -0.628639 -0.069642 
141000089210104 -0.988698 -0.189750 -0.027297 
141000109085104 -0.844887 0.300804 -0.080561 
141000128960104 -0.832104 0.777376 -0.153531 
141000148835104 -0.860866 0.837697 -0.281629 
141000168710104 -0.930375 0.633033 -0.432231 
141000188585104 -1.047421 0.544083 -0.535029 
141000208460104 -1.127848 0.605869 -0.573245 
141000228335104 -1.152083 0.774180 -0.594550 
141000248210104 -0.922252 0.785499 -0.544217 
141000268085104 -0.399607 0.641954 -0.333428 
141000287960104 -0.063250 0.964330 -0.146873 
141000307835104 -0.124103 1.153148 -0.127432 
141000327710104 -0.365652 1.076316 -0.117712 
141000347585104 -0.396544 0.666988 -0.055926 
141000367460104 -0.103197 0.184956 -0.012517 
141000387335104 0.225969 0.216249 0.158591 
141000407210104 0.865793 0.219045 0.464854 
141000427085104 1.718670 -0.384427 0.938630 
141000446960104 2.536260 -0.708267 1.426787 
141000466835312 3.107774 -1.322791 1.599227 
141000486711354 3.059304 -2.099501 1.175918 
141000506587396 2.455166 -0.727176 0.393482 
141000526463437 2.072071 1.857021 0.181095 
141000546339479 2.212819 2.569815 0.768588 
141000566215521 2.198571 1.327851 1.112801 
141000586091562 1.931722 0.697082 1.157542 
141000605967604 1.633449 0.747149 1.175785 
141000625843646 1.257943 0.204264 1.327585 
141000645719687 1.003345 -0.856871 1.478453 
141000665595729 1.123454 -1.761547 1.309608 
141000685471771 1.238103 -2.049834 0.754606 
141000705347812 0.979776 -1.947169 0.389753 
141000725223854 0.420912 -1.694435 0.086819 
141000745099896 -0.191481 -1.276985 -0.263386 
141000764975208 -0.831438 -0.935168 -0.602407 
141000784850208 -1.431049 -0.753807 -0.938497 
141000804725208 -1.903093 -0.719053 -1.266865 
141000824600208 -1.985385 -0.672980 -1.516536 
141000844475208 -1.210805 -0.252467 -1.294162 
141000864350208 0.772183 -0.182160 0.084289 
141000884225208 0.557000 0.052864 0.828908 
141000904100208 -0.517585 -0.069242 0.732768 
141000923975208 -0.736630 0.717322 0.894156 
141000943850208 -1.416268 1.496829 0.535295 
141000963725208 -2.105893 0.865793 -0.206395 
141000983600208 -0.999883 0.173372 -0.069642 
141001003475208 -0.907605 1.353950 0.068843 
141001023350208 -0.803076 2.191913 -0.308660 
141001043225208 -0.145275 1.425989 -0.880574 
141001063100208 -0.126234 -0.420779 -1.290034 
141001082975208 -0.799347 -1.480051 -1.625992 
141001102850208 -1.183108 -0.270177 -1.418798 
141001122725208 -1.325587 0.678972 -0.641422 
141001142600208 -1.364869 0.615589 0.041678 
141001162475208 -1.406547 0.405066 0.186288 
141001182350208 -1.377120 -0.290684 0.155528 
141001202225208 -1.110804 -1.390036 -0.120508 
141001222100208 -0.972053 -1.097221 -0.259259 
141001241975208 -1.008405 0.260191 -0.305464 
141001261850208 -1.064997 0.660863 -0.308793 
141001281725208 -1.035037 0.405066 -0.386424 
141001301600208 -0.854608 0.257527 -0.529303 
141001321475208 -0.747016 0.449009 -0.663926 
141001341350208 -0.791890 0.743953 -0.705071 
141001361225208 -0.818123 0.962199 -0.630237 
141001381100208 -0.716390 1.078446 -0.440353 
141001400975208 -0.409194 1.051948 -0.188685 
141001420850208 -0.135555 0.905075 -0.121973 
141001440725208 -0.078563 0.686030 -0.114116 
141001460600208 -0.110921 0.401205 0.005060 
141001480475208 0.159124 0.147406 0.177500 
141001500350208 0.644351 0.087085 0.398142 
141001520225208 1.394963 -0.277368 0.805739 
141001540100208 2.161819 -0.564723 1.486442 
141001559975208 2.938130 -0.572180 1.814277 
141001579850208 3.232409 -1.439837 1.571663 
141001599725208 2.882204 -1.259142 0.922252 
141001619600208 2.202566 0.685897 0.462058 
141001639475208 1.889778 2.018541 0.788695 
141001659350208 2.051964 1.664208 1.230779 
141001679225208 2.065679 0.750878 1.526523 
141001699100208 1.793371 0.359127 1.665540 
141001718975208 1.526523 -0.036885 1.529985 
141001738850208 1.186704 -1.012799 1.304682 
141001758725208 0.901613 -1.938913 1.245959 
141001778600208 0.941294 -2.149036 1.017859 
141001798475208 0.939163 -2.050100 0.684831 
141001818350208 0.579903 -1.741972 0.340219 
141001838225208 -0.007324 -1.474059 -0.003595 
141001858100208 -0.609863 -1.104146 -0.358195 
141001877975208 -1.150884 -0.841425 -0.729572 
141001897850208 -1.692837 -0.759533 -1.099618 
141001917725208 -2.109755 -1.005875 -1.423592 
141001937600208 -1.881122 -1.192030 -1.626524 
141001957475208 -0.115847 -1.185372 -0.930907 
141001977350208 1.469132 -0.710398 0.787896 
141001997225208 0.093344 0.121307 0.876046 
141002017100208 -0.939163 0.310125 0.606002 
141002036975208 -1.018126 1.059272 0.379633 
141002056850208 -1.319728 1.682184 -0.045540 
141002076725208 -2.530667 0.520781 -0.387356 
141002096600208 -1.424657 -1.265134 -0.621848 
141002116475208 -0.489089 0.063516 0.187753 
141002136350208 -0.935168 2.357961 0.176301 
141002156225208 -0.757269 2.273672 -0.091480 
141002176100208 -0.268580 1.190965 -0.592020 
141002195975208 -0.408529 -1.288570 -1.403352 
141002215850208 -0.746217 -1.480450 -1.451821 
141002235725417 -1.028778 0.642487 -0.879109 
141002255601458 -1.340501 1.386840 0.037950 
141002275477500 -1.450490 0.946886 0.334493 
141002295353542 -1.339436 0.602140 0.152732 
141002315229583 -1.022254 -0.247008 -0.033556 
141002335105625 -0.864595 -0.422777 -0.177899 
141002354981667 -0.914795 0.376171 -0.218113 
141002374857708 -0.922651 0.699212 -0.293613 
141002394733750 -0.903344 0.443416 -0.410127 
141002414609792 -0.770585 0.424508 -0.515321 
141002434485833 -0.681902 0.595083 -0.617187 
141002454361875 -0.777509 0.721317 -0.656336 
141002474237917 -0.826112 0.819321 -0.597213 
141002494113958 -0.651409 0.841691 -0.391618 
141002513990000 -0.359526 0.892425 -0.158724 
141002533865312 -0.191348 0.882038 -0.128764 
141002553740312 -0.214517 0.699479 -0.204531 
141002573615312 -0.264185 0.483097 -0.177366 
141002593490312 -0.175502 0.260590 -0.080694 
141002613365312 0.058856 0.212920 0.041279 
141002633240312 0.553538 0.091613 0.287754 
141002653115312 1.157942 -0.244877 0.798149 
141002672990312 1.933587 -0.060054 1.299089 
141002692865312 2.835199 -0.737162 1.390036 
141002712740312 3.223754 -1.522528 1.022520 
141002732615341 2.973683 -0.827177 0.546747 
141002752490446 2.286322 0.656202 0.519050 
141002772365446 1.957289 1.554619 0.941294 
141002792240446 2.056758 1.386574 1.272990 
141002812115446 2.014014 0.804807 1.239834 
141002831990446 1.749829 0.527971 1.225186 
141002851865446 1.451821 0.180163 1.267531 
141002871740446 1.092827 -0.592819 1.252351 
141002891615446 0.835433 -1.136370 1.289369 
141002911490446 0.959270 -1.503886 1.019058 
141002931365446 0.921586 -1.750095 0.699079 
141002951240446 0.588159 -1.702691 0.483230 
141002971115446 0.120375 -1.483646 0.206262 
141002990990446 -0.378435 -1.131576 -0.112918 
141003010865446 -0.880840 -0.818522 -0.456732 
141003030740446 -1.341433 -0.687495 -0.827444 
141003050615446 -1.606551 -0.763395 -1.246092 
141003070490446 -1.517069 -0.944623 -1.586977 
141003090365446 -0.847550 -0.900680 -1.482581 
141003110240446 0.383095 -0.648479 -0.401471 
141003130115446 0.390819 0.173771 0.503603 
141003149990446 -0.244345 0.061785 0.639558 
141003169865446 -0.443815 0.439954 0.584830 
141003189740446 -1.065663 1.545698 0.409594 
141003209615446 -2.450639 1.215066 0.079229 
141003229490446 -2.278865 -0.117046 -0.458596 
141003249365446 -0.694951 -0.181228 0.072971 
141003269240446 -0.884302 1.419331 -0.033689 
141003289115446 -0.880707 1.652091 -0.424374 
141003308990446 -0.021705 0.515454 -0.885767 
141003328865446 0.013982 -0.940361 -1.374856 
141003348740446 -0.674046 -1.245426 -1.474858 
141003368615446 -1.331713 0.128231 -1.036901 
141003388490446 -1.710547 0.643819 -0.254731 
141003408365446 -1.699495 0.402803 0.217713 
141003428240446 -1.420263 0.348341 0.361391 
141003448115446 -1.016395 -0.217181 0.139416 
141003467990446 -0.806804 -0.726110 -0.087751 
141003487865446 -0.855140 0.032890 -0.196807 
141003507740446 -0.882704 0.472977 -0.276303 
141003527615446 -0.927179 0.502006 -0.355399 
141003547490446 -0.914129 0.508930 -0.486959 
141003567365446 -0.865793 0.514256 -0.614524 
141003587240446 -0.873916 0.589224 -0.670184 
141003607115446 -0.799081 0.778575 -0.586827 
141003626990446 -0.542086 0.933570 -0.332495 
141003646865446 -0.321576 1.031175 -0.098936 
141003666740446 -0.254997 1.023585 -0.152333 
141003686615446 -0.203465 0.788428 -0.206129 
141003706490446 -0.135422 0.439554 -0.118910 
141003726365446 0.066845 0.151001 0.060587 
141003746240446 0.644884 0.000932 0.309459 
141003766115446 1.445030 -0.425440 0.824647 
141003785990446 2.241714 -0.489755 1.488440 
141003805865446 2.998318 -0.894289 1.661678 
141003825740446 3.308176 -1.550758 1.141696 
141003845615446 2.849713 -0.885634 0.450207 
141003865490446 2.158890 0.888563 0.268047 
141003885365446 2.057157 1.870869 0.812929 
141003905240446 2.253432 1.277118 1.205213 
141003925115446 2.132125 0.607200 1.222124 
141003944990446 1.864344 0.380033 1.188168 
141003964865446 1.631584 0.069775 1.094958 
141003984740446 1.276319 -0.704672 1.075650 
141004004615446 1.048486 -1.254747 1.207343 
141004024490446 1.128514 -1.520531 0.974050 
141004044365446 0.934236 -1.729589 0.635030 
141004064240446 0.440087 -1.643835 0.295211 
141004084115446 -0.130095 -1.369796 -0.023569 
141004103990446 -0.692421 -1.092960 -0.334360 
141004123865655 -1.297891 -0.955408 -0.701742 
141004143741696 -1.848765 -0.984836 -1.062867 
141004163617738 -2.085653 -1.197223 -1.445829 
141004183493780 -1.559679 -1.040097 -1.665140 
141004203369821 0.560196 -0.900015 -0.548877 
141004223245863 0.799747 0.239285 0.795752 
141004243121905 -0.326370 0.589890 0.795619 
141004262997946 -0.810666 0.757935 0.616788 
141004282873988 -0.942093 1.301885 0.229165 
141004302750030 -1.906289 0.606668 -0.094409 
141004322626071 -2.113883 -0.774846 -0.566853 
141004342502113 -0.561527 -0.647148 -0.184956 
141004362378155 -0.770585 1.950498 -0.000932 
141004382254196 -0.905341 1.909086 -0.082558 
141004402130238 -0.550608 0.758068 -0.348341 
141004422005551 -0.604271 -0.667521 -0.892158 
141004441880551 -0.890560 -1.302551 -1.191497 
141004461755551 -1.176184 0.176701 -0.891892 
141004481630551 -1.459012 1.024251 -0.211189 
141004501505551 -1.488573 0.403469 0.168977 
141004521380551 -1.373524 -0.177766 0.304932 
141004541255551 -1.224654 -0.654205 0.051798 
141004561130551 -1.170059 -0.657135 -0.231828 
141004581005551 -1.224654 0.190682 -0.355532 
141004600880551 -1.186304 0.523444 -0.450207 
141004620755551 -1.195758 0.367116 -0.496413 
141004640630551 -1.012134 0.620782 -0.578571 
141004660505551 -0.803076 0.874315 -0.649012 
141004680380551 -0.752476 1.088566 -0.661928 
141004700255551 -0.638093 1.172323 -0.549543 
141004720130551 -0.497079 1.176983 -0.322109 
141004740005551 -0.367915 1.155944 -0.142878 
141004759880551 -0.184823 0.799347 -0.088417 
141004779755551 -0.123970 0.284559 -0.022104 
141004799630551 -0.061386 0.114516 0.126500 
141004819505551 0.467384 0.148205 0.352203 
141004839380551 1.438372 -0.307462 0.788695 
141004859255551 2.411091 -0.551940 1.288303 
141004879130551 3.292730 -0.696816 1.543301 
141004899005551 3.483678 -1.577655 1.284841 
141004918880551 2.920021 -1.352752 0.607999 
141004938755551 2.271808 0.740491 0.205463 
141004958630551 2.378601 2.230129 0.658067 
141004978505551 2.635063 1.729722 1.076848 
141004998380551 2.305896 0.709865 1.059272 
141005018255551 1.958088 0.403735 1.059272 
141005038130551 1.744502 0.169910 1.055809 
141005058005551 1.552089 -0.686296 0.976181 
141005077880551 1.366201 -1.453952 1.027180 
141005097755551 1.339303 -1.653689 0.845953 
141005117630551 1.059272 -1.710947 0.480301 
141005137505551 0.557799 -1.589640 0.118910 
141005157380551 -0.029428 -1.379250 -0.193212 
141005177255551 -0.706270 -1.080710 -0.505068 
141005197130551 -1.418398 -0.908004 -0.838762 
141005217005551 -2.053962 -0.932372 -1.052747 
141005236880551 -2.333859 -1.077115 -1.270726 
141005256755551 -1.193628 -0.613459 -1.064731 
141005276630551 1.467268 -0.683500 0.633699 
141005296505551 0.599743 -0.435160 1.419597 
141005316380551 -0.581767 -0.133957 1.285640 
141005336255551 -0.850347 0.435560 0.692288 
141005356130551 -1.435043 0.901346 -0.129563 
141005376005551 -2.379799 0.203998 -0.551673 
141005395880551 -1.561410 -1.169526 -0.871519 
141005415755551 1.838778 -0.593219 0.160322 
141005435630551 0.092145 2.744785 0.437291 
141005455505551 -1.102814 1.721599 0.050733 
141005475380551 -1.690840 0.503337 -0.558731 
141005495255551 -1.431847 0.075634 -1.197090 
141005515130551 -0.935967 0.111986 -1.355415 
141005535005551 -1.542369 -0.384960 -0.612926 
141005554880551 -2.162618 -0.092012 -0.269911 
141005574755551 -1.370062 -0.208392 0.002663 
141005594630551 -0.957006 -0.097072 0.147672 
141005614505551 -1.130644 0.244345 0.099469 
141005634380551 -1.116263 0.316783 -0.090947 
141005654255551 -0.992027 0.450074 -0.280031 
141005674130551 -0.927445 0.929309 -0.424108 
141005694005551 -0.868856 0.872584 -0.454468 
141005713880551 -0.935435 0.345944 -0.495880 
141005733755551 -0.933171 0.481632 -0.519449 
141005753630551 -0.899748 0.873649 -0.511460 
141005773505551 -0.926913 1.014530 -0.478037 
141005793380551 -0.729972 0.796418 -0.357662 
141005813255551 -0.289352 0.743021 -0.251136 
141005833130551 -0.107592 1.138101 -0.281762 
141005853005551 -0.109056 1.065264 -0.220909 
141005872880551 -0.204264 0.841825 -0.059655 
141005892755551 -0.019841 0.434228 0.204131 
141005912630551 0.516253 0.096007 0.445413 
141005932505551 1.237970 0.047537 0.753141 
141005952380551 2.079128 0.094143 1.113467 
141005972255551 3.030409 -0.303467 1.405216 
141005992130551 3.453318 -1.499092 1.294961 
141006012005551 3.073153 -1.765009 0.815592 
141006031880551 2.374206 0.434361 0.542752 
141006051755551 2.099768 2.252633 0.778308 
141006071630551 2.105760 1.998568 0.939163 
141006091506280 1.885117 1.129978 0.950615 
141006111382321 1.552489 0.549010 1.050883 
141006131258363 1.145158 -0.102665 1.331846 
141006151134405 0.933704 -0.719985 1.487774 
141006171010446 0.816791 -1.324922 1.385908 
141006190886488 0.745818 -1.913613 1.122788 
141006210762530 0.699479 -2.231328 0.822517 
141006230638571 0.439688 -2.233991 0.569250 
141006250514613 -0.019841 -1.949965 0.317848 
141006270390655 -0.537292 -1.409743 0.027564 
141006290266696 -1.080710 -1.021322 -0.291483 
141006310142738 -1.637976 -0.851012 -0.671782 
141006330018780 -2.013215 -0.884835 -1.132642 
141006349894821 -1.738910 -0.914662 -1.448359 
141006369770134 -0.302934 -0.723580 -0.714259 
141006389645134 0.888030 -0.140881 0.624910 
141006409520134 0.176434 0.224371 0.718654 
141006429395134 -0.592420 -0.328101 0.578305 
141006449270134 -0.972719 0.457930 0.320644 
141006469145134 -1.619334 0.913064 -0.018509 
141006489020134 -2.492051 0.180030 -0.482431 
141006508895134 -1.792439 -0.421978 -0.801611 
141006528770134 -0.100801 0.134356 0.143145 
141006548645134 -0.439954 2.133190 0.276436 
141006568520134 -0.607333 1.541436 -0.180296 
141006588395134 -0.383095 0.559929 -0.781238 
141006608270134 -0.533963 -0.464588 -1.400955 
141006628145134 -0.837697 -0.898683 -1.423325 
141006648020134 -1.119059 0.627707 -0.949549 
141006667895134 -1.347825 1.343031 -0.153797 
141006687770134 -1.461542 0.493084 0.211055 
141006707645134 -1.380182 -0.141547 0.331563 
141006727520134 -1.099352 -0.215450 0.094942 
141006747395134 -0.912531 -0.178299 -0.260057 
141006767270134 -0.966594 0.209191 -0.425972 
141006787145134 -1.061802 0.468450 -0.509063 
141006807020134 -1.113334 0.547679 -0.574710 
141006826895134 -1.002280 0.586428 -0.641688 
141006846770134 -0.859801 0.648213 -0.692022 
141006866645134 -0.806138 0.875247 -0.696283 
141006886520134 -0.644618 1.106409 -0.558598 
141006906395134 -0.396678 1.101749 -0.306663 
141006926270134 -0.296010 1.204813 -0.167380 
141006946145134 -0.177366 1.129845 -0.242747 
141006966020134 -0.153132 0.735831 -0.242214 
141006985895134 -0.178565 0.370579 -0.112119 
141007005770134 0.001198 0.383362 0.056326 
141007025645134 0.504402 0.212121 0.319046 
141007045520134 1.131310 -0.168445 0.766191 
141007065395134 1.867540 -0.413455 1.154480 
141007085270134 2.701509 -0.596015 1.397759 
141007105145134 3.230945 -1.011734 1.204014 
141007125020134 3.045988 -0.976181 0.800146 
141007144895134 2.364885 0.394547 0.646881 
141007164770134 1.997369 1.447693 0.798681 
141007184645134 2.135987 1.390435 0.960202 
141007204520134 2.130927 1.080177 1.057008 
141007224395134 1.766740 0.710664 1.085371 
141007244270134 1.316400 0.177500 1.326520 
141007264145134 0.932372 -0.501606 1.624128 
141007284020134 0.727176 -1.080577 1.623062 
141007303895134 0.640490 -1.791907 1.384710 
141007323770134 0.726110 -2.150767 1.131177 
141007343645134 0.595749 -2.180861 0.942492 
141007363520134 0.261655 -1.943307 0.681769 
141007383395134 -0.122505 -1.453952 0.323441 
141007403270134 -0.516653 -1.055809 -0.054595 
141007423145134 -0.964863 -0.871252 -0.408529 
141007443020134 -1.324389 -0.946620 -0.752742 
141007462895134 -1.458879 -1.246492 -1.037434 
141007482770134 -1.240233 -1.369396 -1.207077 
141007502645134 -0.328234 -1.041295 -0.864595 
141007522520134 0.483230 -0.303334 0.078963 
141007542395134 0.068177 0.137952 0.463123 
141007562270134 -0.274439 -0.097072 0.479768 
141007582145134 -0.511593 0.430100 0.323174 
141007602020134 -1.156743 1.111336 0.186687 
141007621895134 -2.291782 0.569517 -0.033955 
141007641770134 -2.216281 -0.112119 -0.418915 
141007661645134 -0.266582 0.113051 0.321976 
141007681520134 -0.787097 1.799363 0.515987 
141007701395134 -1.260473 1.971137 -0.277634 
141007721270134 -0.451405 0.721849 -0.872584 
141007741145134 -0.190815 -0.360459 -1.455150 
141007761020134 -0.593485 -0.211189 -1.687244 
141007780895134 -0.938764 0.969257 -1.365002 
141007800770134 -1.344895 1.219594 -0.604537 
141007820645134 -1.625992 0.684565 -0.090814 
141007840520134 -1.606817 0.387356 0.193612 
141007860395134 -1.090430 0.482431 0.186821 
141007880270134 -0.573644 0.039282 -0.079762 
141007900145134 -0.622780 -0.116646 -0.280164 
141007920020134 -0.809201 0.057924 -0.385492 
141007939895134 -0.987233 0.256462 -0.424774 
141007959770134 -1.049950 0.286556 -0.457531 
141007979645134 -0.985103 0.019574 -0.516520 
141007999520134 -0.984437 -0.115315 -0.621448 
141008019395134 -0.982972 0.062984 -0.671249 
141008039270134 -0.813196 0.408129 -0.598678 
141008059145134 -0.522911 0.650743 -0.431565 
141008079020134 -0.317981 0.789893 -0.278700 
141008098895134 -0.371644 1.029178 -0.292015 
141008118770134 -0.396944 1.065663 -0.309859 
141008138645134 -0.388155 0.720385 -0.176967 
141008158520134 -0.237554 0.530368 -0.040746 
141008178395342 0.037950 0.473377 0.117578 
141008198271384 0.638359 0.076832 0.362056 
141008218147426 1.439571 -0.368448 0.844355 
141008238023467 2.450772 -0.464988 1.319329 
141008257899509 3.163966 -0.759267 1.457281 
141008277775551 3.356646 -0.680038 1.040896 
141008297651592 3.043858 0.344480 0.532099 
141008317527634 2.372608 1.630519 0.553937 
141008337403676 2.047037 1.864211 1.001481 
141008357279717 2.213218 1.290034 1.236372 
141008377155759 2.254897 0.563658 1.401088 
141008397031801 2.022536 0.267781 1.726393 
141008416907842 1.765009 -0.121840 1.792972 
141008436783884 1.544632 -0.894555 1.557016 
141008456659717 1.372459 -1.460476 1.378318 
141008476534717 1.398292 -1.810948 1.162336 
141008496409717 1.187636 -1.901362 0.980708 
141008516284717 0.713327 -1.687511 0.680038 
141008536159717 0.216115 -1.305214 0.290817 
141008556034717 -0.319446 -0.840626 -0.126766 
141008575909717 -0.946487 -0.502804 -0.507731 
141008595784717 -1.569533 -0.370312 -0.859535 
141008615659717 -1.959952 -0.596548 -1.128514 
141008635534717 -1.896835 -0.839827 -1.184839 
141008655409717 -1.120924 -0.666456 -0.994823 
141008675284717 -0.137153 -0.311057 -0.222241 
141008695159717 -0.231162 -0.405599 0.409993 
141008715034717 -0.883370 -0.755006 0.541820 
141008734909717 -1.281645 -0.204664 0.479635 
141008754784717 -1.631584 1.229980 0.098004 
141008774659717 -2.177532 1.660480 -0.330498 
141008794534717 -1.744236 -0.213985 -0.665657 
141008814409717 0.385492 -1.926796 0.096540 
141008834284717 0.100534 1.222790 0.288820 
141008854159717 -0.396944 2.195109 0.063516 
141008874034717 -0.347010 1.106676 -0.275770 
141008893909717 -0.392017 0.098004 -0.963797 
141008913784717 -1.008139 -1.363537 -1.414137 
141008933659717 -1.224121 -0.584297 -1.439970 
141008953534717 -1.246758 0.807603 -0.563924 
141008973409717 -1.324256 0.856339 0.083756 
141008993284717 -1.361007 -0.343548 0.134623 
141009013159717 -1.192829 -1.347026 0.154463 
141009033034717 -0.857937 -1.232910 -0.060187 
141009052909717 -0.810133 -0.524376 -0.261789 
141009072784717 -0.986434 0.213719 -0.299605 
141009092659717 -1.123587 0.336091 -0.325172 
141009112534717 -1.130644 0.238486 -0.421711 
141009132409717 -1.039697 0.313720 -0.487092 
141009152284717 -0.927445 0.286955 -0.530368 
141009172159717 -0.902944 0.361923 -0.567652 
141009192034717 -0.827843 0.728507 -0.525175 
141009211909717 -0.608399 0.931307 -0.341683 
141009231784717 -0.396544 1.031042 -0.129030 
141009251659717 -0.237154 1.141963 -0.056592 
141009271534717 -0.233026 0.939163 -0.131693 
141009291409717 -0.353002 0.519715 -0.150069 
141009311284717 -0.445413 0.303467 -0.068976 
141009331159717 -0.296942 0.372975 0.090148 
141009351034717 0.244079 0.188419 0.349806 
141009370909717 0.872318 -0.290684 0.748481 
141009390784717 1.695500 -0.392150 1.120790 
141009410659717 2.816957 -0.714392 1.304549 
141009430534717 3.544132 -1.320527 0.918390 
141009450409717 3.388870 -1.348890 0.194677 
141009470284717 2.635862 0.188951 -0.082158 
141009490159717 2.200169 1.658482 0.450740 
141009510034717 2.449707 1.891509 1.165265 
141009529909717 2.320277 1.425190 1.363271 
141009549784717 1.825729 0.763395 1.408145 
141009569659717 1.620799 0.236622 1.439837 
141009589534717 1.419996 -0.354333 1.361007 
141009609409717 1.152615 -1.117595 1.323723 
141009629284717 1.190033 -1.454085 1.058739 
141009649159717 1.078846 -1.716140 0.696682 
141009669034717 0.688160 -1.711612 0.360991 
141009688909717 0.233959 -1.527588 0.057924 
141009708784717 -0.236355 -1.260606 -0.236089 
141009728659717 -0.798815 -1.051149 -0.529702 
141009748534717 -1.417333 -0.961667 -0.821318 
141009768409717 -1.892308 -0.935701 -1.085504 
141009788284717 -1.759816 -0.736763 -1.291233 
141009808159717 -0.631701 -0.411192 -0.955408 
141009828034717 0.191481 -0.131693 0.215849 
141009847909717 -0.044208 -0.651276 0.838496 
141009867784717 -0.505068 -0.833835 0.843023 
141009887659717 -0.668053 0.200403 0.511460 
141009907534717 -1.066595 0.632900 0.019841 
141009927409717 -0.826911 -0.522246 -0.425573 
141009947284717 1.585245 -0.515321 0.193212 
141009967159717 -0.216781 1.781387 0.132625 
141009987034717 -1.096023 2.100034 -0.430100 
141010006909717 -1.516935 1.096556 -0.921719 
141010026784717 -1.607749 0.723447 -1.420795 
141010046659717 -1.422260 0.304266 -1.267930 
141010066534717 -1.468732 0.106127 -0.497079 
141010086409717 -1.411608 -0.157792 -0.068843 
141010106284717 -1.252750 -0.431299 0.184024 
141010126159717 -1.387106 -0.277501 0.049002 
141010146034717 -1.400156 -0.011851 -0.136487 
141010165909717 -1.174853 0.419714 -0.248872 
141010185784717 -0.926380 0.735698 -0.314785 
141010205659717 -0.805206 1.059405 -0.347942 
141010225534926 -0.815859 1.065796 -0.404401 
141010245410967 -0.876712 0.670184 -0.425173 
141010265287009 -1.025583 0.126766 -0.410792 
141010285163051 -1.151950 0.144476 -0.404134 
141010305039092 -1.228116 0.473243 -0.437957 
141010324915134 -1.149153 0.564856 -0.481899 
141010344791176 -0.804141 0.314785 -0.511327 
141010364667217 -0.433296 0.503204 -0.457930 
141010384543259 -0.330498 0.904276 -0.281895 
141010404419301 -0.414521 1.091629 -0.177633 
141010424295342 -0.316117 1.098686 -0.138484 
141010444171384 -0.051665 0.569650 -0.071106 
141010464047426 0.134090 0.090947 0.024235 
141010483923467 0.456865 -0.054994 0.295877 
141010503799509 1.176184 -0.403335 0.751677 
141010523675551 2.154096 -0.726110 1.254481 
141010543550863 3.207242 -1.136636 1.495231 
141010563425863 3.480083 -2.173271 1.122921 
141010583300863 3.011101 -1.696033 0.387223 
141010603175863 2.412556 0.549942 -0.052997 
141010623050863 2.359426 1.906689 0.423176 
141010642925863 2.306030 1.512541 1.067660 
141010662800863 1.932921 0.789627 1.221325 
141010682675863 1.707484 0.663526 1.320527 
141010702550863 1.503087 0.489355 1.434910 
141010722425863 1.167396 -0.176701 1.410276 
141010742300863 0.900015 -1.163667 1.462607 
141010762175863 1.021188 -1.559280 1.227849 
141010782050863 1.020523 -1.712411 0.830506 
141010801925863 0.692288 -1.652490 0.520514 
141010821800863 0.247274 -1.496296 0.157260 
141010841675863 -0.273373 -1.212004 -0.204664 
141010861550863 -0.853676 -0.942758 -0.540222 
141010881425863 -1.497095 -0.752209 -0.875247 
141010901300863 -2.025865 -0.859268 -1.139566 
141010921175863 -2.045573 -1.076715 -1.381913 
141010941050863 -0.587360 -0.783235 -1.097488 
141010960925863 1.179380 -0.178165 0.398542 
141010980800863 0.300804 -0.071506 1.117861 
141011000675863 -0.657135 -0.734100 0.939829 
141011020550863 -0.790559 0.293347 0.445280 
141011040425863 -0.943424 0.691090 -0.050733 
141011060300863 -1.651691 -0.369780 -0.213452 
141011080175863 -0.221442 -0.205463 0.554337 
141011100050863 0.164051 1.447960 0.920521 
141011119925863 -0.716390 1.008006 0.280963 
141011139800863 -1.119592 0.205196 -0.483896 
141011159675863 -0.906406 0.171507 -1.312005 
141011179550863 -0.885500 0.849947 -1.740508 
141011199425863 -1.323191 0.428635 -1.280314 
141011219300863 -1.720933 0.212520 -0.723447 
141011239175863 -1.500956 -0.130362 -0.265517 
141011259050863 -1.190033 -0.361524 -0.037151 
141011278925863 -1.223588 -0.402803 -0.023569 
141011298800863 -1.206677 -0.079362 -0.101600 
141011318675863 -1.048619 0.523977 -0.192946 
141011338550863 -0.909602 0.912798 -0.290151 
141011358425863 -0.831172 1.077248 -0.387223 
141011378300863 -0.825446 0.933304 -0.462324 
141011398175863 -0.879641 0.617720 -0.458995 
141011418050863 -0.921320 0.419847 -0.449009 
141011437925863 -0.989097 0.525441 -0.471779 
141011457800863 -1.090564 0.693620 -0.509063 
141011477675863 -1.008272 0.819720 -0.541687 
141011497550863 -0.611461 0.853543 -0.472578 
141011517425863 -0.265783 1.005609 -0.290950 
141011537301071 -0.258726 1.043293 -0.165782 
141011557177113 -0.393748 0.891892 -0.187353 
141011577053155 -0.451272 0.676576 -0.180429 
141011596929196 -0.317582 0.264585 -0.099469 
141011616805238 -0.109855 -0.020373 -0.005726 
141011636681280 0.454734 -0.203332 0.205063 
141011656557321 1.168461 -0.386158 0.508131 
141011676433363 1.973934 -0.495214 0.928910 
141011696309405 2.734132 -0.700278 1.238236 
141011716185446 3.127880 -0.956740 1.009071 
141011736061488 2.893656 -0.681369 0.582966 
141011755937530 2.261821 0.633033 0.340085 
141011775813571 1.990445 1.783518 0.627573 
141011795689613 2.120141 1.731852 0.958205 
141011815565655 2.009487 1.098420 1.020389 
141011835441696 1.640905 0.741024 1.141430 
141011855317738 1.362339 0.374307 1.362872 
141011875193051 1.221991 0.015313 1.270194 
141011895068051 0.887897 -0.812929 1.341167 
141011914943051 0.942891 -1.166863 1.220393 
141011934818051 1.004943 -1.500291 0.859002 
141011954693051 0.788695 -1.650759 0.580169 
141011974568051 0.381231 -1.518667 0.283360 
141011994443051 -0.136753 -1.169659 -0.055527 
141012014318051 -0.644884 -0.926114 -0.385492 
141012034193051 -1.164733 -0.797483 -0.690957 
141012054068051 -1.643968 -0.890694 -0.992693 
141012073943051 -1.774996 -1.040896 -1.290833 
141012093818051 -0.817190 -0.745818 -1.170592 
141012113693051 0.831305 -0.286290 0.218379 
141012133568051 0.435693 -0.062185 1.211338 
141012153443051 -0.423309 -0.710930 1.174586 
141012173318051 -0.914928 0.244079 0.778441 
141012193193051 -1.285507 1.085770 0.180962 
141012213068051 -1.869005 0.519582 -0.355931 
141012232943051 -0.479369 -0.740092 -0.241815 
141012252818051 0.460860 1.020256 0.609730 
141012272693051 -0.435160 1.568467 -0.035154 
141012292568051 -1.017327 0.699878 -0.486692 
141012312443051 -1.198821 0.289485 -1.188834 
141012332318051 -1.066063 0.645683 -1.633449 
141012352193051 -1.353817 0.244744 -1.306146 
141012372068051 -1.905757 0.098670 -0.747416 
141012391943051 -1.680853 0.109323 -0.444748 
141012411818051 -0.954609 -0.053130 -0.215716 
141012431693051 -0.848482 -0.144610 -0.162453 
141012451568051 -1.047287 0.141281 -0.193345 
141012471443051 -1.057940 0.553538 -0.270177 
141012491318051 -0.937965 0.954876 -0.334626 
141012511193051 -0.908537 0.925714 -0.403202 
141012531068051 -0.940628 0.591887 -0.443949 
141012550943051 -0.848616 0.592020 -0.411192 
141012570818051 -0.759134 0.931440 -0.340884 
141012590693051 -0.868190 0.813329 -0.380033 
141012610568051 -0.804274 0.668453 -0.562459 
141012630443051 -0.400939 0.801877 -0.662594 
141012650318051 -0.196142 1.000016 -0.567386 
141012670193051 -0.381098 1.008405 -0.326370 
141012690068051 -0.483097 1.026648 -0.142346 
141012709943051 -0.357396 0.729439 -0.086153 
141012729818259 -0.118511 0.345412 -0.138884 
141012749694301 0.129563 0.304799 -0.111453 
141012769570342 0.568718 -0.031692 0.105594 
141012789446384 1.154480 -0.666189 0.578172 
141012809322426 1.900297 -0.645150 1.036102 
141012829198467 2.826011 -0.774047 1.338770 
141012849074509 3.232942 -1.798964 1.235839 
141012868950551 2.866092 -1.562342 0.717056 
141012888826592 2.190448 0.361657 0.306263 
141012908702634 2.078729 1.707884 0.671382 
141012928578676 2.240649 1.291499 1.083373 
141012948454717 2.049834 0.308527 1.021188 
141012968330759 1.831987 0.135954 1.021588 
141012988206801 1.592170 0.207061 1.184706 
141013008082842 1.351553 -0.156594 1.245693 
141013027958884 1.117195 -0.888297 1.257411 
141013047834926 1.047154 -1.253416 1.148754 
141013067710759 0.996421 -1.681119 0.825979 
141013087585759 0.726643 -1.849963 0.453802 
141013107460759 0.319446 -1.680320 0.110521 
141013127335759 -0.150335 -1.361540 -0.180296 
141013147210759 -0.670450 -1.123720 -0.473510 
141013167085759 -1.237304 -1.113999 -0.763927 
141013186960759 -1.680986 -1.344230 -1.007473 
141013206835759 -1.536510 -1.428785 -1.220393 
141013226710759 0.013982 -1.150618 -0.816391 
141013246585759 1.180578 -0.864994 0.653939 
141013266460759 0.293746 -0.802676 1.129845 
141013286335759 -0.519715 -0.461126 1.065796 
141013306210759 -0.643552 0.664858 0.601341 
141013326085759 -0.811598 0.420380 0.001332 
141013345960759 -1.428652 -0.907471 -0.170309 
141013365835759 0.325838 -0.466452 0.673779 
141013385710759 0.000533 1.355282 1.074585 
141013405585759 -1.031308 0.487758 0.140482 
141013425460759 -1.323057 -0.201202 -0.622114 
141013445335759 -1.589906 0.225436 -1.261672 
141013465210759 -1.481649 0.066712 -1.121323 
141013485085759 -1.331580 -0.258460 -0.552206 
141013504960759 -1.315601 -1.265001 -0.228499 
141013524835759 -1.368464 -1.887514 -0.025566 
141013544710759 -1.612676 -1.049152 -0.105727 
141013564585759 -1.707218 -0.428502 -0.254199 
141013584460759 -1.563541 -0.127698 -0.271509 
141013604335759 -1.325055 0.200003 -0.249139 
141013624210759 -1.112002 0.468849 -0.319046 
141013644085759 -1.010269 0.639558 -0.362589 
141013663960759 -0.958604 0.434761 -0.338488 
141013683835759 -0.963131 0.402936 -0.391351 
141013703710759 -1.078579 0.408129 -0.509729 
141013723585759 -1.234241 0.492551 -0.603605 
141013743460759 -1.304815 0.830240 -0.632900 
141013763335759 -1.227051 1.053546 -0.492152 
141013783210759 -0.818389 0.784167 -0.223040 
141013803085759 -0.329566 0.711197 -0.082824 
141013822960759 -0.028629 1.099752 -0.004661 
141013842835759 0.244877 0.994956 0.179231 
141013862710759 0.613459 0.494149 0.425173 
141013882585759 1.178581 -0.010786 0.824780 
141013902460759 1.998168 -0.306663 1.338637 
141013922336488 3.036933 -0.494948 1.494032 
141013942212530 3.504185 -1.807619 1.380182 
141013962088571 3.065696 -2.219610 0.829574 
141013981964613 2.367682 -0.184956 0.306396 
141014001840655 2.121606 1.437973 0.545548 
141014021716696 2.104029 1.131443 0.914662 
141014041592738 2.065813 0.696816 0.963930 
141014061468780 1.893772 0.593352 0.985369 
141014081344821 1.590705 0.139017 0.984170 
141014101220863 1.353817 -0.596947 0.847550 
141014121096905 1.116796 -1.323057 0.985103 
141014140972946 1.117062 -1.407879 0.909868 
141014160848988 1.056076 -1.557549 0.619850 
141014180725030 0.794953 -1.636245 0.346344 
141014200601071 0.353268 -1.493633 0.130495 
141014220477113 -0.174437 -1.234374 -0.074036 
141014240353155 -0.779374 -0.957672 -0.296010 
141014260228467 -1.392566 -0.913464 -0.527439 
141014280103467 -1.835849 -1.068459 -0.769919 
141014299978467 -1.777925 -1.061935 -0.995755 
141014319853467 -0.653672 -0.824381 -0.757536 
141014339728467 0.479635 -0.205729 0.373908 
141014359603467 0.127698 0.115714 0.941693 
141014379478467 -0.350072 -0.286955 0.879508 
141014399353467 -0.607467 0.027164 0.484562 
141014419228467 -0.997353 0.745685 0.298407 
141014439103467 -1.759949 0.356597 0.217447 
141014458978467 -0.685098 0.289619 0.698413 
141014478853467 0.404001 1.909751 1.360342 
141014498728467 -0.507998 1.188168 0.184291 
141014518603467 -1.005343 -0.124503 -0.689758 
141014538478467 -1.402286 0.152998 -1.356746 
141014558353467 -1.371926 1.070590 -1.769802 
141014578228467 -1.455683 0.599743 -1.268862 
141014598103467 -2.012816 0.437690 -0.631835 
141014617978467 -1.809750 0.263919 -0.328368 
141014637853467 -1.250486 -0.044608 -0.155662 
141014657728467 -1.170458 -0.016112 -0.128497 
141014677603467 -1.198821 0.099602 -0.103730 
141014697478467 -1.049152 0.525175 -0.165515 
141014717353467 -0.974716 0.708134 -0.239019 
141014737228467 -1.034371 0.676842 -0.293880 
141014757103467 -1.038632 0.581900 -0.334892 
141014776978467 -0.925315 0.738095 -0.322908 
141014796853467 -0.817989 0.966860 -0.295344 
141014816728467 -0.896819 0.841558 -0.314120 
141014836603467 -0.950348 0.725578 -0.372310 
141014856478467 -0.619584 0.754207 -0.358062 
141014876353467 -0.466452 1.008538 -0.244212 
141014896228467 -0.458862 1.141963 -0.140615 
141014916103467 -0.337555 1.076183 -0.023036 
141014935978467 -0.334226 0.713593 0.141014 
141014955853467 -0.031026 0.317449 0.111320 
141014975728467 0.357396 0.466053 0.116247 
141014995603467 0.748481 0.697348 0.329433 
141015015478467 1.629054 0.581368 0.580302 
141015035353467 2.752774 0.238086 0.850746 
141015055228467 3.525090 -0.738627 1.179913 
141015075103467 3.293662 -2.022137 1.282178 
141015094978676 2.447576 -1.114133 0.853143 
141015114854717 1.841308 1.570598 0.600276 
141015134730759 2.010552 2.816291 0.943690 
141015154606801 2.284058 1.824930 1.118127 
141015174482842 1.970471 0.500008 0.995622 
141015194358884 1.714409 0.186288 0.935701 
141015214234926 1.464604 0.045407 0.851811 
141015234110967 1.230779 -0.870720 0.905474 
141015253987009 1.307212 -1.221991 0.940628 
141015273863051 1.307877 -1.258742 0.665523 
141015293739092 0.962066 -1.193761 0.350339 
141015313615134 0.488690 -1.058739 -0.016911 
141015333491176 -0.013449 -0.915860 -0.395745 
141015353367217 -0.552472 -0.787762 -0.737562 
141015373243259 -1.130245 -0.666056 -0.998818 
141015393119301 -1.623329 -0.602673 -1.190299 
141015412995342 -1.934918 -0.568052 -1.298689 
141015432871384 -1.319862 -0.153797 -1.259008 
141015452746696 1.014131 0.246209 0.197074 
141015472621696 0.826645 -0.387223 1.413871 
141015492496696 -0.393881 -0.563391 1.462208 
141015512371696 -0.725045 0.749280 0.843556 
141015532246696 -0.983904 1.105610 -0.008123 
141015552121696 -1.655952 -0.200669 -0.575908 
141015571996696 0.100667 -0.567919 0.117978 
141015591871696 0.102398 1.768204 0.792956 
141015611746696 -0.781105 1.291100 0.049402 
141015631621696 -1.131709 0.387356 -0.663127 
141015651496696 -1.040097 0.597080 -1.535178 
141015671371696 -1.213069 0.458729 -1.796034 
141015691246696 -1.651691 0.108391 -1.190033 
141015711121696 -1.873932 0.071373 -0.591221 
141015730996696 -1.532515 -0.448077 -0.161254 
141015750871696 -1.365002 -1.033306 -0.046206 
141015770746696 -1.430915 -0.886166 -0.126101 
141015790621696 -1.408944 -0.336357 -0.236222 
141015810496696 -1.211604 0.270044 -0.405732 
141015830371696 -1.086569 0.584963 -0.411458 
141015850246696 -1.061003 0.550874 -0.362589 
141015870121696 -0.969789 0.466852 -0.341018 
141015889996696 -0.803608 0.616788 -0.304665 
141015909871696 -0.798681 0.724512 -0.330365 
141015929746696 -0.939429 0.713860 -0.441951 
141015949621696 -1.049817 0.768721 -0.572446 
141015969496696 -0.877777 0.687361 -0.553671 
141015989371696 -0.522379 0.747549 -0.341417 
141016009246696 -0.361790 0.867924 -0.172040 
141016029121696 -0.314519 0.946354 -0.079096 
141016048996696 -0.260057 0.793888 0.039548 
141016068871696 0.057791 0.525841 0.044608 
141016088746696 0.464322 0.624910 0.131560 
141016108621696 1.130644 0.502938 0.435027 
141016128496696 1.997902 0.266982 0.858469 
141016148371696 2.960501 0.151933 1.179913 
141016168246696 3.399523 -0.833569 1.269661 
141016188121696 3.053046 -1.629188 0.992693 
141016207996696 2.358893 -0.393482 0.521313 
141016227872426 2.140248 1.663010 0.616655 
141016247748467 2.430266 2.126133 0.976980 
141016267624509 2.270343 1.119592 0.936899 
141016287500551 1.908819 0.572446 0.894156 
141016307376592 1.623994 0.358062 1.036768 
141016327252634 1.388172 0.015979 0.998951 
141016347128676 1.075783 -0.619850 1.016395 
141016367004717 0.940495 -1.074452 1.015196 
141016386880759 0.880041 -1.402952 0.791091 
141016406756801 0.631169 -1.569799 0.563791 
141016426632842 0.206661 -1.451555 0.294412 
141016446508884 -0.322509 -1.118793 0.007324 
141016466384926 -0.888963 -0.913330 -0.300138 
141016486260967 -1.470197 -0.911200 -0.626375 
141016506137009 -1.939579 -1.074052 -0.900814 
141016526013051 -1.894971 -1.083773 -1.145558 
141016545889092 -0.297608 -0.832903 -0.639957 
141016565765134 1.281113 -0.200669 1.019324 
141016585640446 0.346610 0.252467 1.346227 
141016605515446 -0.366983 0.078563 1.058739 
141016625390446 -0.781371 0.557000 0.246209 
141016645265446 -1.117861 0.178032 -0.374573 
141016665140446 -1.141031 -0.656735 -0.777509 
141016685015446 0.907338 -0.606002 0.064182 
141016704890446 -0.148072 1.118394 0.242214 
141016724765446 -1.109206 0.855140 -0.082425 
141016744640446 -1.416002 0.396544 -0.714659 
141016764515446 -0.984969 0.452870 -1.316533 
141016784390446 -1.031708 0.076566 -1.315467 
141016804265446 -1.669002 -0.129030 -0.738494 
141016824140446 -1.685913 -0.215982 -0.269512 
141016844015446 -1.279648 -0.451272 -0.057657 
141016863890446 -1.211205 -0.258593 -0.092278 
141016883765446 -1.329050 -0.014781 -0.183891 
141016903640446 -1.309209 0.380565 -0.297608 
141016923515446 -1.128913 0.818389 -0.442218 
141016943390446 -1.037434 1.147156 -0.526640 
141016963265446 -1.092295 1.025716 -0.596947 
141016983140446 -1.100950 0.460993 -0.650210 
141017003015446 -1.041695 0.110122 -0.651675 
141017022890446 -0.965928 0.419980 -0.574976 
141017042765446 -0.897085 0.875780 -0.436359 
141017062640446 -0.784700 0.822783 -0.258193 
141017082515446 -0.466319 0.578571 -0.181627 
141017102390446 -0.155395 0.888563 -0.272042 
141017122265446 -0.130495 0.959803 -0.363521 
141017142140446 -0.284958 0.868323 -0.297342 
141017162015446 -0.167779 0.647547 -0.148338 
141017181890446 0.191481 0.436092 0.035021 
141017201765446 0.487358 0.230496 0.288287 
141017221640446 1.029577 -0.274705 0.579370 
141017241515446 1.718403 -0.625976 0.979643 
141017261390446 2.570481 -0.909868 1.194560 
141017281265446 3.117095 -1.619068 0.948884 
141017301140446 2.919222 -1.621065 0.532898 
141017321015655 2.306163 0.092545 0.334626 
141017340891696 1.899099 1.617070 0.637693 
141017360767738 1.983521 1.728523 0.910667 
141017380643780 1.985119 1.128247 0.976980 
141017400519821 1.578588 0.733035 0.971520 
141017420395863 1.193495 0.251669 1.132375 
141017440271905 0.911200 -0.416518 1.412273 
141017460147946 0.750478 -1.045423 1.569133 
141017480023988 0.774447 -1.452886 1.373125 
141017499900030 0.813728 -1.762212 0.989630 
141017519776071 0.674711 -2.000698 0.725045 
141017539652113 0.317449 -1.791907 0.513457 
141017559528155 -0.183891 -1.435310 0.221042 
141017579404196 -0.706936 -1.103879 -0.121973 
141017599280238 -1.249687 -0.957406 -0.471379 
141017619156280 -1.727724 -0.976048 -0.849947 
141017639032321 -1.863279 -1.077115 -1.167928 
141017658908363 -1.161936 -0.918923 -1.114665 
141017678784405 0.567120 -0.829840 -0.124236 
141017698659717 0.888696 0.059388 0.877111 
141017718534717 0.046206 0.077365 1.089898 
141017738409717 -0.395879 0.144077 0.763528 
141017758284717 -0.856206 0.847417 0.215450 
141017778159717 -1.795635 0.375106 0.058456 
141017798034717 -1.779922 -0.141281 0.086553 
141017817909717 1.089365 0.920121 0.817590 
141017837784717 0.225436 0.682434 0.228233 
141017857659717 -1.002280 -0.182560 -0.352203 
141017877534717 -1.255280 -0.225969 -1.024118 
141017897409717 -1.043293 0.632101 -1.442633 
141017917284717 -1.127848 0.582433 -1.217863 
141017937159717 -1.583115 0.244345 -0.533031 
141017957034717 -1.445829 0.072438 -0.181095 
141017976909717 -0.998285 -0.219577 0.069508 
141017996784717 -1.009470 -0.378568 0.068310 
141018016659717 -1.038499 -0.263120 -0.086952 
141018036534717 -0.959936 0.141281 -0.238752 
141018056409717 -0.959936 0.723713 -0.431165 
141018076284717 -0.984703 0.966727 -0.562193 
141018096159717 -1.034504 0.751810 -0.595216 
141018116034717 -1.080310 0.487225 -0.596681 
141018135909717 -1.121057 0.278700 -0.606668 
141018155784717 -1.105477 0.233426 -0.614657 
141018175659717 -0.967126 0.443815 -0.548211 
141018195534717 -0.702009 0.631302 -0.370312 
141018215409717 -0.350871 0.863796 -0.168711 
141018235284717 -0.157659 1.223722 -0.131027 
141018255159717 -0.121440 1.112402 -0.094542 
141018275034717 -0.178565 0.405732 -0.009188 
141018294909717 -0.141281 0.310658 0.038216 
141018314784717 0.189484 0.680304 0.118377 
141018334659717 0.817324 0.571381 0.286423 
141018354534717 1.565272 0.551673 0.543284 
141018374409926 2.567685 0.414254 0.907072 
141018394285967 3.330946 -0.670983 1.145691 
141018414162009 3.401786 -1.640639 0.943824 
141018434038051 2.824813 -0.790958 0.568584 
141018453914092 2.218545 1.082974 0.544083 
141018473790134 2.104695 1.564340 0.795885 
141018493666176 1.970871 1.106676 0.825846 
141018513542217 1.724262 0.637693 0.813329 
141018533418259 1.516270 0.258726 0.955142 
141018553294301 1.223056 0.139017 1.061136 
141018573170342 0.885900 -0.111453 1.131709 
141018593046384 0.769786 -0.568984 1.110804 
141018612922426 0.714925 -0.881506 0.890427 
141018632798467 0.442484 -1.020922 0.625177 
141018652674509 0.090547 -1.003878 0.308660 
141018672550551 -0.225570 -0.944489 -0.016778 
141018692426592 -0.624378 -0.903077 -0.311190 
141018712302634 -1.151017 -0.871519 -0.630503 
141018732178676 -1.599760 -0.847417 -0.952479 
141018752054717 -1.677391 -0.923983 -1.154613 
141018771930030 -0.975648 -0.972453 -1.219061 
141018791805030 0.480434 -0.666855 -0.255530 
141018811680030 0.588159 0.234491 0.836232 
141018831555030 -0.043010 -0.037950 1.069525 
141018851430030 -0.506533 0.568984 0.789494 
141018871305030 -0.778175 1.172855 0.358994 
141018891180030 -1.207343 0.116513 0.169111 
141018911055030 -0.350871 0.100667 0.858203 
141018930930030 -0.015313 1.035569 0.823582 
141018950805030 -0.530102 -0.023036 -0.257261 
141018970680030 -0.935035 -0.263919 -1.060204 
141018990555030 -1.381381 0.848616 -1.521596 
141019010430030 -1.528254 0.956207 -1.548627 
141019030305030 -1.341700 0.582699 -1.225186 
141019050180030 -1.227450 -0.583498 -0.742622 
141019070055030 -1.250753 -1.040496 -0.452604 
141019089930030 -1.342232 -0.595616 -0.393482 
141019109805030 -1.298024 -0.287754 -0.383894 
141019129680030 -1.131177 -0.246209 -0.415053 
141019149555030 -1.029178 -0.010519 -0.453403 
141019169430030 -0.962865 0.427437 -0.506932 
141019189305030 -0.885500 0.514123 -0.555668 
141019209180030 -0.985901 0.252867 -0.544483 
141019229055030 -1.210805 0.332362 -0.587093 
141019248930030 -1.233842 0.692155 -0.562859 
141019268805030 -1.148754 1.081109 -0.489755 
141019288680030 -0.839561 1.230646 -0.351004 
141019308555030 -0.119176 1.030243 -0.218379 
141019328430030 0.156461 1.433312 -0.263253 
141019348305030 0.058323 1.472061 -0.248206 
141019368180030 0.058589 1.168328 -0.034754 
141019388055030 0.522112 0.648346 0.268580 
141019407930759 1.027979 -0.048869 0.506799 
141019427806801 1.511476 -0.241682 0.680304 
141019447682842 1.906289 -0.034488 1.010536 
141019467558884 2.768088 -0.469515 1.146756 
141019487434926 2.969556 -1.097088 1.028379 
141019507310967 1.950365 -0.092811 0.895221 
141019527187009 1.356214 0.680570 0.763128 
141019547063051 1.430250 1.031042 0.868722 
141019566939092 1.614407 1.170325 0.977379 
141019586815134 1.629321 0.891226 0.965129 
141019606691176 1.372459 0.527439 0.845287 
141019626567217 1.177249 0.088816 0.826378 
141019646443259 1.007739 -0.376970 0.867524 
141019666319301 0.762862 -0.996421 1.053413 
141019686195342 0.713061 -1.412406 1.008006 
141019706071384 0.665390 -1.627457 0.786964 
141019725947426 0.485893 -1.630253 0.534762 
141019745823467 0.093876 -1.242231 0.227966 
141019765699509 -0.471645 -0.913330 -0.135155 
141019785575551 -1.126783 -0.858869 -0.515055 
141019805450863 -1.567935 -1.047554 -0.802543 
141019825325863 -1.371793 -1.163667 -0.894555 
141019845200863 -0.283227 -0.730371 -0.392017 
141019865075863 0.514655 0.146341 0.824914 
141019884950863 0.217846 -0.179097 1.342099 
141019904825863 -0.302535 -0.387490 1.012533 
141019924700863 -0.648479 0.933570 0.430367 
141019944575863 -0.632234 1.024784 0.439288 
141019964450863 -0.375505 0.702275 1.050217 
141019984325863 -0.703074 0.267248 0.847417 
141020004200863 -0.943158 -0.715458 0.115581 
141020024075863 -0.974317 -0.127832 -0.845953 
141020043950863 -1.249288 0.186954 -1.451022 
141020063825863 -1.199753 -0.163252 -1.323191 
141020083700863 -1.095890 -0.647947 -0.940628 
141020103575863 -1.301885 -0.740891 -0.590156 
141020123450863 -1.397759 -0.329033 -0.378834 
141020143325863 -1.297358 0.097072 -0.476572 
141020163200863 -1.232111 0.251802 -0.734233 
141020183075863 -1.225586 0.509995 -0.953544 
141020202950863 -1.149952 0.630769 -1.043559 
141020222825863 -1.074984 0.633566 -1.043825 
141020242700863 -1.099352 0.601474 -0.924116 
141020262575863 -1.084438 0.490687 -0.788162 
141020282450863 -1.135038 0.142745 -0.568185 
141020302325863 -1.179114 0.142346 -0.407064 
141020322200863 -1.225053 0.308793 -0.385093 
141020342075863 -1.151284 0.408395 -0.416385 
141020361950863 -0.984304 0.912398 -0.355665 
141020381825863 -0.830107 1.389770 -0.177500 
141020401701071 -0.525042 1.350887 -0.048603 
141020421577113 -0.156727 0.968990 -0.031692 
141020441453155 -0.065114 1.034371 -0.031292 
141020461329196 0.045407 0.964729 0.072704 
141020481205238 0.363788 0.782836 0.145542 
141020501081280 0.789627 1.118793 0.232760 
141020520957321 1.635845 1.057940 0.411325 
141020540833363 2.661961 0.408129 0.683367 
141020560709405 2.659963 -0.268313 1.087235 
141020580585446 2.462224 -0.746350 1.654088 
141020600461488 2.712561 -0.459661 1.687244 
141020620337530 2.668219 0.102665 1.266465 
141020640213571 1.994040 1.084305 1.144626 
141020660089613 1.665806 1.852760 1.104945 
141020679965655 1.728790 1.569533 1.018259 
141020699841696 1.586311 0.841558 0.914129 
141020719717738 1.425989 0.336357 0.837430 
141020739593780 1.414936 -0.235024 0.946886 
141020759469821 1.393898 -0.748880 1.141563 
141020779345863 1.265666 -1.889511 1.341167 
141020799221696 1.229980 -2.251701 1.030110 
141020819096696 0.844754 -1.774862 0.578838 
141020838971696 0.168045 -1.570864 0.252068 
141020858846696 -0.533031 -1.206944 -0.064049 
141020878721696 -1.225186 -0.829707 -0.531034 
141020898596696 -1.812679 -0.825313 -0.903610 
141020918471696 -2.001231 -1.078047 -1.186970 
141020938346696 -1.158341 -0.998818 -1.183242 
141020958221696 0.451805 -0.370179 -0.118910 
141020978096696 0.288553 0.235556 0.780439 
141020997971696 -0.163118 -0.451272 0.833436 
141021017846696 -0.445147 -0.190283 0.334759 
141021037721696 -1.129579 0.808801 -0.124636 
141021057596696 -2.341316 0.615589 -0.176168 
141021077471696 -1.009737 0.434761 0.128098 
141021097346696 1.321326 0.169244 0.878709 
141021117221696 -0.607067 -0.625976 0.318114 
141021137096696 -1.111869 -1.065397 -0.552606 
141021156971696 -0.647414 -0.736230 -1.579120 
141021176846696 -0.726243 -0.227301 -1.991777 
141021196721696 -1.277384 -0.503870 -1.559546 
141021216596696 -1.785781 -0.877378 -0.882171 
141021236471696 -1.667670 -1.086303 -0.361391 
141021256346696 -1.351820 -1.104013 -0.110388 
141021276221696 -1.255546 -1.120790 -0.195210 
141021296096696 -1.242896 -1.023718 -0.320378 
141021315971696 -1.148754 -0.622247 -0.381231 
141021335846696 -0.980309 0.235823 -0.421179 
141021355721696 -0.850480 0.852078 -0.433695 
141021375596696 -0.862198 0.672581 -0.414654 
141021395471696 -0.961534 0.205596 -0.435693 
141021415347426 -1.087235 0.077232 -0.456465 
141021435223467 -1.252617 0.284825 -0.466985 
141021455099509 -1.172456 0.631701 -0.494415 
141021474975551 -0.607600 0.321177 -0.396411 
141021494851592 -0.173771 0.250470 -0.288287 
141021514727634 -0.403469 0.452071 -0.212387 
141021534603676 -0.679106 0.559663 -0.141547 
141021554479717 -0.434494 0.394281 0.071772 
141021574355759 0.112785 0.111320 0.415320 
141021594231801 0.612393 -0.429168 0.990029 
141021614107842 1.176983 -0.700278 1.570598 
141021633983884 2.237187 -0.511593 1.603621 
141021653859926 3.375288 -0.794021 1.030376 
141021673735967 3.699128 -0.702275 0.359660 
141021693612009 3.011633 0.982573 0.208392 
141021713488051 2.318546 2.043575 0.249804 
141021733364092 2.244111 1.719868 0.411724 
141021753240134 2.284591 1.376720 0.602939 
141021773116176 2.085653 1.215865 0.712928 
141021792992217 1.782186 0.897618 0.776045 
141021812868051 1.617736 0.222773 0.898949 
141021832743051 1.459012 -0.226768 1.066995 
141021852618051 1.220393 -0.649944 1.074452 
141021872493051 0.936367 -1.041162 0.988432 
141021892368051 0.704006 -1.184706 0.867657 
141021912243051 0.517851 -1.262204 0.640357 
141021932118051 0.278433 -0.967659 0.396145 
141021951993051 -0.066446 -0.647014 0.159124 
141021971868051 -0.603072 -0.568718 -0.098004 
141021991743051 -1.393498 -0.653672 -0.376171 
141022011618051 -1.957022 -0.955408 -0.589224 
141022031493051 -1.454618 -1.010935 -0.711330 
141022051368051 0.085621 -0.524909 -0.107458 
141022071243051 0.583365 -0.064049 0.899083 
141022091118051 0.235024 -0.995089 1.117328 
141022110993051 -0.391751 -1.276452 0.678173 
141022130868051 -0.941826 0.059788 0.314919 
141022150743051 -1.069391 -0.001598 0.163917 
141022170618051 0.136886 -0.607467 0.906939 
141022190493051 0.345545 0.454335 1.813212 
141022210368051 -1.232510 -0.351271 0.697881 
141022230243051 -0.843422 -1.847700 -0.869655 
141022250118051 -1.339170 0.075101 -1.825063 
141022269993051 -1.845436 1.802027 -1.324389 
141022289868051 -1.094958 -0.177899 -0.719186 
141022309743051 -0.929842 -1.920670 -0.352070 
141022329618051 -1.564473 -1.499758 -0.242614 
141022349493051 -1.791507 -0.991361 -0.468716 
141022369368051 -1.761014 -0.442883 -0.690690 
141022389243051 -1.742638 0.101466 -0.876712 
141022409118259 -1.657683 0.139949 -0.862065 
141022428994301 -1.452088 0.368049 -0.647813 
141022448870342 -1.317465 0.573778 -0.440487 
141022468746384 -1.125052 0.522512 -0.293347 
141022488622426 -1.001614 0.140881 -0.146873 
141022508498467 -1.042094 0.239817 -0.089216 
141022528374509 -1.084705 0.528770 -0.122505 
141022548250551 -1.142096 0.395612 -0.225303 
141022568126592 -1.277517 0.178831 -0.369380 
141022588002634 -1.314269 0.389354 -0.479235 
141022607878676 -1.023852 0.670051 -0.453403 
141022627754717 -0.455267 0.716656 -0.254997 
141022647630759 -0.233026 0.947153 -0.082025 
141022667506801 -0.195742 1.004411 0.037950 
141022687382842 0.035154 1.017726 0.072971 
141022707258884 0.429834 1.024118 0.203599 
141022727134926 0.934369 0.722116 0.552606 
141022747010967 1.880057 0.530901 1.098686 
141022766887009 3.092993 -0.087352 1.635845 
141022786763051 3.608314 -1.529186 1.670866 
141022806639092 3.121089 -1.477920 1.051815 
141022826515134 2.584063 0.361657 0.480168 
141022846390446 2.597113 2.070473 0.580968 
141022866265446 2.426804 2.104828 0.715990 
141022886140446 2.161154 1.419064 0.757536 
141022906015446 1.906689 1.059671 0.781770 
141022925890446 1.642770 0.749946 0.923584 
141022945765446 1.488839 0.428103 0.990562 
141022965640446 1.340901 -0.308926 0.882171 
141022985515446 1.239035 -0.663260 0.702941 
141023005390446 1.126250 -1.105477 0.492551 
141023025265446 0.850746 -1.115464 0.318913 
141023045140446 0.418649 -0.847817 0.038483 
141023065015446 -0.139683 -0.565522 -0.270710 
141023084890446 -0.848216 -0.312255 -0.556068 
141023104765446 -1.554086 -0.428902 -0.801478 
141023124640446 -1.949965 -0.749679 -0.966194 
141023144515446 -1.286839 -0.649678 -0.941160 
141023164390446 0.336756 0.044741 -0.035021 
141023184265446 0.459395 0.545149 0.890560 
141023204140446 0.131960 0.028762 1.083240 
141023224015446 -0.257927 -0.455667 0.735964 
141023243890446 -0.992559 -0.064182 0.178698 
141023263765446 -1.885517 0.016112 -0.179097 
141023283640446 -2.532798 -0.270444 -0.166847 
141023303515446 -0.405732 0.467784 0.822916 
141023323390446 0.738095 1.156876 1.080044 
141023343265446 -0.717322 -0.653939 -0.011851 
141023363140446 -0.907338 -0.873117 -1.120391 
141023383015446 -1.129046 0.775645 -2.049700 
141023402890655 -1.839311 1.359676 -2.176334 
141023422766696 -2.121073 1.021588 -1.706819 
141023442642738 -2.189649 0.489755 -0.993492 
141023462518780 -1.787379 -0.142612 -0.506666 
141023482394821 -1.131177 -0.527439 -0.117046 
141023502270863 -1.025316 0.018376 -0.108257 
141023522146905 -1.036635 0.768188 -0.302934 
141023542022946 -0.839295 0.909336 -0.390286 
141023561898988 -0.729839 0.951014 -0.456066 
141023581775030 -0.722515 1.290700 -0.444082 
141023601651071 -0.742356 1.194427 -0.335691 
141023621527113 -0.821585 0.831705 -0.264452 
141023641403155 -0.979110 0.470580 -0.324373 
141023661279196 -1.130245 0.257261 -0.486160 
141023681155238 -1.055676 0.397743 -0.644085 
141023701031280 -0.724646 0.620516 -0.676043 
141023720907321 -0.393881 0.720251 -0.510528 
141023740783363 -0.346344 0.724379 -0.337156 
141023760659405 -0.362056 0.771917 -0.180429 
141023780535446 -0.081892 0.648879 -0.010786 
141023800411488 0.464322 0.602540 0.124503 
141023820287530 0.956340 0.627041 0.370845 
141023840162842 1.507082 0.493483 0.785765 
141023860037842 2.232393 0.318114 1.237703 
141023879912842 3.134671 -0.250870 1.682451 
141023899787842 3.353317 -1.119725 1.589107 
141023919662842 2.628405 -0.089216 1.036368 
141023939537842 2.035053 1.898300 0.750079 
141023959412842 2.009487 2.409493 0.878177 
141023979287842 2.095240 1.999899 0.791225 
141023999162842 1.864211 1.464205 0.765658 
141024019037842 1.493100 0.761530 1.002413 
141024038912842 1.178182 0.302002 1.488440 
141024058787842 1.064065 0.104396 1.462074 
141024078662842 0.898417 -0.310924 1.137702 
141024098537842 0.868190 -1.054345 0.821052 
141024118412842 0.808935 -1.679255 0.525441 
141024138287842 0.547279 -1.720667 0.233825 
141024158162842 -0.009321 -1.415602 -0.199204 
141024178037842 -0.592952 -1.040097 -0.622380 
141024197912842 -1.180978 -0.888963 -0.975116 
141024217787842 -1.770601 -1.085237 -1.086436 
141024237662842 -1.895370 -0.913464 -1.184706 
141024257537842 -0.262188 0.089349 -0.665790 
141024277412842 1.042227 0.927578 1.204147 
141024297287842 0.276036 -0.015313 1.894971 
141024317162842 0.005859 -1.076183 1.391367 
141024337037842 -0.625976 -0.486160 0.713194 
141024356912842 -1.841308 -0.002530 -0.008123 
141024376787842 -2.898316 -0.658866 -0.579903 
141024396662842 -0.590422 0.300537 0.181894 
141024416538051 1.640107 1.958887 1.582716 
141024436414092 -0.856605 -0.072837 0.160189 
141024456290134 -0.877644 -0.797483 -0.838496 
141024476166176 -0.477904 0.990828 -1.603355 
141024496042217 -0.733567 0.953810 -2.081126 
141024515918259 -1.260207 0.504269 -1.797366 
141024535794301 -2.524409 1.294828 -1.131576 
141024555670342 -2.459294 2.564090 -0.822250 
141024575546384 -0.916659 1.447027 -0.582699 
141024595422426 -0.321177 -0.192680 -0.619584 
141024615298467 -0.230630 -0.025034 -0.704272 
141024635174509 -0.510661 0.483763 -0.604404 
141024655050551 -0.749679 0.812397 -0.489622 
141024674926592 -0.830373 0.984037 -0.390819 
141024694802634 -0.812929 0.893490 -0.373508 
141024714678676 -0.721583 0.838895 -0.455400 
141024734554717 -0.568185 0.884968 -0.603206 
141024754430759 -0.554070 0.870320 -0.762462 
141024774306801 -0.511060 0.930108 -0.868722 
141024794182842 -0.297874 1.332245 -0.845287 
141024814058884 -0.006658 1.637044 -0.687095 
141024833934717 0.037151 1.722132 -0.453935 
141024853809717 0.004394 1.869937 -0.265650 
141024873684717 0.019042 1.715740 -0.035287 
141024893559717 0.353534 1.552222 0.237421 
141024913434717 1.002813 1.569799 0.367782 
141024933309717 1.596298 1.562342 0.546880 
141024953184717 2.161154 1.916010 0.874981 
141024973059717 2.765424 2.140248 1.212403 
141024992934717 2.864228 2.216281 1.418265 
141025012809717 2.415352 2.532531 1.247424 
141025032684717 1.867141 2.471278 0.837830 
141025052559717 1.307877 2.538790 0.633965 
141025072434717 0.928644 2.484594 0.776710 
141025092309717 0.608931 1.420795 1.072321 
141025112184717 0.384294 0.746350 1.456482 
141025132059717 0.026365 0.387356 1.617203 
141025151934717 -0.358594 -0.200935 1.695367 
141025171809717 -0.524642 -0.513857 1.756220 
141025191684717 -0.613991 -0.793621 1.643835 
141025211559717 -0.688826 -1.313071 1.561410 
141025231434717 -0.829974 -1.521596 1.333843 
141025251309717 -0.949416 -1.505351 0.847684 
141025271184717 -0.996155 -1.446495 0.318647 
141025291059717 -1.048752 -1.234774 -0.195210 
141025310934717 -1.086436 -1.035836 -0.543551 
141025330809717 -1.076582 -0.684698 -0.688560 
141025350684717 -0.694685 -0.384161 -0.529836 
141025370559717 -0.068310 -0.562326 0.158857 
141025390434717 -0.096939 -1.270194 1.110537 
141025410309717 -0.397210 -1.223855 1.640506 
141025430184926 -1.210140 -0.488290 1.145158 
141025450060967 -2.455832 -0.823848 0.189084 
141025469937009 0.596814 -1.368331 -0.091213 
141025489813051 1.599227 -1.638908 1.067261 
141025509689092 -0.104795 -2.397243 -0.773515 
141025529565134 -0.733833 0.397476 -1.817207 
141025549441176 -0.750345 4.039746 -2.474741 
141025569317217 -0.416119 2.490054 -2.259291 
141025589193259 -0.587360 1.309608 -0.829974 
141025609069301 -0.819587 -0.499609 -0.800679 
141025628945342 -0.785499 -1.042627 -1.492834 
141025648821384 -0.657001 -0.858469 -1.344230 
141025668697426 -0.533830 -0.819055 -1.236638 
141025688573467 -0.510927 -0.806005 -1.291233 
141025708449509 -0.627573 -0.574310 -1.336640 
141025728325551 -0.760731 -0.273640 -1.256079 
141025748201592 -0.760731 -0.031026 -0.918923 
141025768077634 -0.564856 0.140881 -0.674312 
141025787953676 -0.440886 0.096673 -0.510128 
141025807829717 -0.422111 0.052065 -0.435427 
141025827705551 -0.462458 -0.094675 -0.481233 
141025847580551 -0.492152 -0.091480 -0.661129 
141025867455551 -0.358062 0.059921 -0.839827 
141025887330551 -0.311989 0.108124 -0.830772 
141025907205551 -0.527705 -0.128364 -0.737562 
141025927080551 -0.520781 -0.201069 -0.618519 
141025946955551 -0.383229 0.155928 -0.407064 
141025966830551 -0.208392 0.501473 -0.281363 
141025986705551 0.302668 0.603206 -0.195210 
141026006580551 0.674711 0.207726 -0.020906 
141026026455551 0.899748 -0.172040 0.365785 
141026046330551 1.388704 -0.092944 0.772449 
141026066205551 2.133057 -0.145408 1.123986 
141026086080551 2.502704 -0.718920 1.370062 
141026105955551 1.991644 -0.253932 1.305747 
141026125830551 1.257144 0.668053 1.028512 
141026145705551 1.040363 1.156211 1.006807 
141026165580551 1.083373 1.088433 1.069525 
141026185455551 0.989097 0.726909 1.042760 
141026205330551 0.642088 0.329832 1.108407 
141026225205551 0.153265 0.315984 1.407480 
141026245080551 -0.090281 -0.048736 1.865410 
141026264955551 0.089083 -0.582699 1.896968 
141026284830551 0.272308 -1.363404 1.671798 
141026304705551 0.387623 -2.297641 1.542102 
141026324580551 0.325971 -2.577405 1.379250 
141026344455551 0.115048 -2.451838 1.043159 
141026364330551 -0.127565 -1.938247 0.615057 
141026384205551 -0.374840 -1.530118 0.165382 
141026404080551 -0.617453 -1.387240 -0.181494 
141026423955551 -0.817457 -1.563274 -0.484961 
141026443830551 -0.856206 -1.792173 -0.714126 
141026463705759 -0.360059 -1.919339 -0.777110 
141026483581801 0.759134 -1.635579 -0.196408 
141026503457842 0.668453 -0.641156 0.770186 
141026523333884 0.021305 0.078164 1.081642 
141026543209926 -0.238486 1.219993 1.175652 
141026563085967 -0.194810 0.433429 1.096689 
141026582962009 -0.033289 -1.213868 0.704006 
141026602838051 -0.780039 -2.689258 -0.161387 
141026622714092 -1.007606 -2.073669 -0.867258 
141026642590134 -1.740374 -0.214917 -1.472727 
141026662466176 -1.476189 -0.256995 -1.650227 
141026682342217 -0.995888 -1.184440 -0.986301 
141026702218259 -1.321859 -1.395495 -0.578838 
141026722094301 -1.763411 -1.088167 -0.560994 
141026741970342 -1.774197 -0.578039 -0.456199 
141026761846384 -1.426388 -0.221841 -0.441552 
141026781722426 -1.095757 0.179497 -0.538624 
141026801598467 -0.969923 0.602540 -0.600809 
141026821474509 -0.900015 0.994157 -0.607733 
141026841350551 -0.821185 1.124918 -0.533963 
141026861225863 -0.777243 0.862730 -0.399341 
141026881100863 -0.882704 0.663792 -0.294945 
141026900975863 -1.032241 0.725578 -0.323441 
141026920850863 -1.036901 0.867258 -0.343681 
141026940725863 -0.984969 1.056475 -0.332762 
141026960600863 -0.853676 1.299355 -0.314253 
141026980475863 -0.550209 1.323191 -0.273906 
141027000350863 -0.218246 1.167662 -0.271509 
141027020225863 0.019707 1.230113 -0.291083 
141027040100863 0.175635 1.143028 -0.102265 
141027059975863 0.549277 1.096689 0.274971 
141027079850863 1.228648 1.297225 0.689625 
141027099725863 1.660879 0.985768 0.972186 
141027119600863 2.450905 0.993625 0.880041 
141027139475863 3.465169 1.076049 0.600010 
141027159350863 2.953177 1.633449 0.437690 
141027179225863 2.113616 3.232676 0.186554 
141027199100863 1.796034 3.095656 -0.032491 
141027218975863 1.697231 2.340517 -0.039148 
141027238850863 1.527721 1.899498 0.112785 
141027258725863 1.119459 1.101749 0.221309 
141027278600863 0.721183 0.428236 0.276969 
141027298475863 0.442617 -0.022237 0.425573 
141027318350863 0.274838 -0.236222 0.526373 
141027338225863 0.128231 -0.268713 0.509995 
141027358100863 -0.098803 -0.248073 0.368448 
141027377975863 -0.335558 -0.276436 0.277901 
141027397850863 -0.617720 -0.444348 0.194411 
141027417725863 -0.934902 -0.252867 0.098004 
141027437600863 -1.198555 -0.163917 -0.017843 
141027457475863 -1.470996 -0.286423 -0.141014 
141027477350863 -1.521063 -0.751144 -0.169244 
141027497225863 -0.700943 -1.054078 0.026498 
141027517100863 0.211322 0.311057 0.681502 
141027536976592 0.625842 1.197490 1.076848 
141027556852634 0.332495 1.898566 1.111869 
141027576728676 0.080960 1.519599 0.470447 
141027596604717 -0.145542 0.149004 -0.433296 
141027616480759 -1.308543 -0.300537 -0.584697 
141027636356801 -0.513990 0.798282 1.016528 
141027656232842 0.260057 1.184440 0.886566 
141027676108884 0.396811 -1.678456 -0.719985 
141027695984926 -0.280564 -0.768055 -1.602290 
141027715860967 -0.991627 1.791108 -1.994972 
141027735737009 -0.906007 2.024400 -1.635446 
141027755613051 -1.299488 1.232377 -1.066728 
141027775489092 -1.796967 0.091746 -0.784300 
141027795365134 -1.631584 -0.427304 -0.382430 
141027815241176 -1.176317 -0.339819 -0.195343 
141027835117217 -1.040763 -0.329566 -0.302801 
141027854993259 -0.824381 -0.162053 -0.392150 
141027874869301 -0.852877 0.403202 -0.470980 
141027894745342 -0.872584 0.836099 -0.638892 
141027914620655 -0.787496 0.844088 -0.742222 
141027934495655 -0.800945 0.799614 -0.743155 
141027954370655 -0.901879 0.657001 -0.650077 
141027974245655 -0.983904 0.618386 -0.568052 
141027994120655 -0.913197 0.822517 -0.511193 
141028013995655 -0.564190 0.928377 -0.386824 
141028033870655 -0.182826 0.873649 -0.320778 
141028053745655 -0.147406 0.870986 -0.273107 
141028073620655 -0.281096 0.956340 -0.101600 
141028093495655 -0.110787 1.028911 0.097472 
141028113370655 0.364453 1.046888 0.249937 
141028133245655 0.758468 0.980442 0.487491 
141028153120655 1.306945 0.645816 0.897085 
141028172995655 2.239450 0.416252 1.449691 
141028192870655 3.274088 0.371910 1.704289 
141028212745655 3.671032 0.355265 1.395895 
141028232620655 2.934535 0.715990 0.890161 
141028252495655 2.200169 1.983121 0.550608 
141028272370655 2.093776 2.857836 0.441685 
141028292245655 2.234923 2.528536 0.496280 
141028312120655 1.947968 1.889112 0.577240 
141028331995655 1.633715 1.461542 0.763661 
141028351870655 1.376321 0.629171 1.083373 
141028371745655 1.365268 0.187087 1.113866 
141028391620655 1.402153 -0.271775 0.784567 
141028411495655 1.341833 -0.995489 0.604005 
141028431370655 1.102681 -1.370329 0.486426 
141028451245655 0.609331 -1.327718 0.326237 
141028471120655 -0.040480 -1.126916 0.093876 
141028490995655 -0.718654 -0.996421 -0.172706 
141028510870655 -1.537974 -1.029444 -0.399341 
141028530745655 -2.305763 -1.185772 -0.659531 
141028550620655 -2.336123 -1.164466 -0.911067 
141028570495655 -1.123986 -0.443682 -0.755671 
141028590370655 0.167113 1.021987 0.266449 
141028610245655 0.374041 0.706137 0.963664 
141028630120655 0.188552 -1.394830 0.838895 
141028649996384 -0.154197 -0.704539 0.284159 
141028669872426 -1.116396 0.200935 -0.028762 
141028689748467 -1.810549 0.316250 -0.186288 
141028709624509 1.013332 0.688427 0.709199 
141028729500551 0.342615 1.056608 0.510528 
141028749376592 -1.210938 -0.676043 -0.398542 
141028769252634 -1.051415 -0.866459 -1.588974 
141028789128676 -1.127315 0.786298 -2.059554 
141028809004717 -1.316799 1.074984 -1.557415 
141028828880759 -1.686712 0.450873 -0.855274 
141028848756801 -1.891242 0.064848 -0.465254 
141028868632842 -1.477254 0.358728 -0.235157 
141028888508884 -1.249288 0.211055 -0.214784 
141028908384926 -1.233176 0.333561 -0.340751 
141028928260967 -1.132109 0.873516 -0.430899 
141028948137009 -1.055010 1.357013 -0.535961 
141028968013051 -1.055144 1.570731 -0.640223 
141028987889092 -1.117994 1.471129 -0.729306 
141029007764405 -1.268463 1.167662 -0.743421 
141029027639405 -1.394031 0.862597 -0.751277 
141029047514405 -1.294961 0.955142 -0.743820 
141029067389405 -1.011734 1.132775 -0.608399 
141029087264405 -0.651009 0.862730 -0.339553 
141029107139405 -0.332495 0.705604 -0.184157 
141029127014405 -0.313188 0.794021 -0.154064 
141029146889405 -0.368448 0.699479 -0.110921 
141029166764405 -0.084422 0.540089 -0.011851 
141029186639405 0.370179 0.575642 0.264984 
141029206514405 0.859535 0.424774 0.716257 
141029226389405 1.502821 0.023835 1.162336 
141029246264405 2.501772 -0.062052 1.479252 
141029266139405 3.630818 -0.621049 1.175119 
141029286014405 3.771699 -0.869921 0.564723 
141029305889405 2.848515 0.582566 0.363921 
141029325764405 2.074601 2.327335 0.329433 
141029345639405 2.145840 2.702041 0.316117 
141029365514405 2.424407 2.127065 0.326104 
141029385389405 2.172472 1.339702 0.301603 
141029405264405 1.661811 0.675510 0.579370 
141029425139405 1.429850 0.474841 0.927046 
141029445014405 1.331979 0.187087 1.104812 
141029464889405 1.125318 -0.234891 1.067128 
141029484764405 0.878709 -0.576973 1.022254 
141029504639405 0.642620 -0.899083 0.855806 
141029524514405 0.211588 -0.990296 0.626242 
141029544389405 -0.329166 -0.937033 0.368315 
141029564264405 -0.882704 -1.047820 0.097605 
141029584139405 -1.655287 -1.352618 -0.155129 
141029604014405 -2.351836 -1.868206 -0.405333 
141029623889405 -1.596697 -2.074601 -0.715458 
141029643764405 0.878709 -1.340102 0.045540 
141029663639405 0.901346 0.173505 1.195758 
141029683514405 0.229564 -0.931839 1.223855 
141029703389405 -0.009854 -1.303883 0.568052 
141029723264405 -0.497079 0.214517 -0.074302 
141029743139405 -1.371527 -0.478703 0.026765 
141029763015134 0.372043 0.676975 1.106409 
141029782891176 -0.041812 0.349806 0.826778 
141029802767217 -1.419064 -1.139033 -0.097072 
141029822643259 -1.530118 -0.299206 -1.457813 
141029842519301 -1.638908 0.417983 -2.394579 
141029862395342 -2.005758 -0.255264 -2.173537 
141029882271384 -2.294578 -0.843955 -1.221192 
141029902147426 -2.247573 -0.754739 -0.570848 
141029922023467 -2.094441 -0.342749 -0.288686 
141029941899509 -1.966743 -0.039814 -0.240883 
141029961775551 -1.921869 0.407596 -0.355132 
141029981651592 -1.744902 1.034105 -0.441419 
141030001527634 -1.442367 1.663010 -0.439954 
141030021403676 -1.436908 1.364336 -0.402270 
141030041279717 -1.428119 0.563125 -0.343947 
141030061155759 -1.179380 1.028911 -0.323707 
141030081031801 -0.999084 1.843039 -0.242214 
141030100907842 -1.022387 0.922918 -0.273107 
141030120783155 -1.487641 0.223839 -0.461659 
141030140658155 -1.172189 0.703074 -0.414121 
141030160533155 -0.131294 0.609597 -0.232893 
141030180408155 0.031958 0.365519 -0.132758 
141030200283155 0.142213 0.498410 0.130894 
141030220158155 0.815060 0.417317 0.690957 
141030240033155 1.517868 -0.302002 1.701492 
141030259908155 2.274870 -0.456998 2.763161 
141030279783155 3.717371 -0.733035 2.193511 
141030299658155 4.123636 -2.089381 0.519316 
141030319533155 3.432679 -0.447278 -0.815459 
141030339408155 3.169426 1.828392 -0.925980 
141030359283155 3.056907 1.458479 0.184291 
141030379158155 2.749579 1.219594 0.536627 
141030399033155 2.542518 1.837447 0.592020 
141030418908155 2.474741 1.608282 0.803875 
141030438783155 2.171806 0.596947 1.104545 
141030458658155 1.807353 -0.517851 1.405615 
141030478533155 1.813878 -1.499891 1.410276 
141030498408155 1.766207 -2.100300 0.883503 
141030518283155 1.389770 -2.115214 0.406798 
141030538158155 0.709466 -2.150101 0.152333 
141030558033155 -0.215849 -2.157558 -0.052597 
141030577908155 -1.367399 -1.851961 -0.288953 
141030597783155 -2.574076 -1.672597 -0.383362 
141030617658155 -3.309508 -1.484045 -0.590023 
141030637533155 -1.661145 -0.437291 -1.136769 
141030657408155 1.580452 0.354333 0.477504 
141030677283155 0.718254 -0.827310 1.653156 
141030697158155 0.114116 -1.161537 1.152216 
141030717033155 0.089482 0.012916 0.217713 
141030736908155 -1.337705 0.819720 0.027830 
141030756783155 -1.231578 1.169793 0.086153 
141030776658155 0.948484 0.887231 0.708001 
141030796533155 -0.740491 0.682168 -0.002131 
141030816408155 -1.751959 0.753541 -0.686696 
141030836283155 -2.051565 1.651159 -1.344762 
141030856158155 -2.054095 2.068076 -1.704289 
141030876033155 -2.409760 1.801095 -1.436242 
141030895908155 -2.915493 1.226784 -0.759533 
141030915783363 -2.879807 1.059538 -0.298407 
141030935659405 -2.138916 0.416651 -0.341284 
141030955535446 -1.906556 -0.030493 -0.353135 
141030975411488 -1.905091 0.798681 -0.379500 
141030995287530 -1.581916 1.351154 -0.402004 
141031015163571 -1.385242 1.303217 -0.343681 
141031035039613 -1.478053 1.005875 -0.418249 
141031054915655 -1.243562 0.830240 -0.331563 
141031074791696 -0.773115 1.840776 -0.033955 
141031094667738 -0.636096 1.628522 0.089615 
141031114543780 -0.719053 0.022637 -0.191348 
141031134419821 -1.290700 -0.133824 -0.515721 
141031154295863 -1.369263 1.529053 -0.660330 
141031174171905 0.111054 0.494149 -0.613059 
141031194047946 0.206395 0.077365 -0.359393 
141031213923988 -0.303467 1.117595 0.111720 
141031233800030 0.433296 1.130911 0.317582 
141031253676071 1.581517 0.591887 0.292415 
141031273551384 2.104162 0.595616 0.526107 
141031293426384 2.433462 0.039282 1.104545 
141031313301384 2.810165 0.016645 1.835582 
141031333176384 2.916692 0.391351 2.140248 
141031353051384 2.381264 0.697215 1.789510 
141031372926384 2.012416 1.904691 1.435709 
141031392801384 2.122138 2.356763 1.393764 
141031412676384 1.961816 1.308543 1.223588 
141031432551384 1.543301 0.078696 1.335441 
141031452426384 1.329849 -0.558065 1.714542 
141031472301384 1.488573 -1.064198 1.640107 
141031492176384 1.507881 -2.021870 1.185772 
141031512051384 1.528520 -2.617885 0.809467 
141031531926384 1.635979 -2.208558 0.490953 
141031551801384 1.330248 -2.068476 0.053130 
141031571676384 0.753807 -1.951696 -0.219711 
141031591551384 0.010120 -1.843439 -0.390819 
141031611426384 -0.783235 -1.529719 -0.584430 
141031631301384 -1.654754 -1.262337 -0.684831 
141031651176384 -1.849031 -0.926380 -1.195625 
141031671051384 0.750878 -0.527039 -0.644218 
141031690926384 1.062734 0.211588 1.275254 
141031710801384 -0.130628 -0.649145 1.560878 
141031730676384 -0.264585 -1.337305 0.726909 
141031750551384 -0.343947 -0.471912 -0.084023 
141031770426384 -1.004544 0.126900 -0.496413 
141031790301384 0.939030 0.919189 0.267647 
141031810176384 0.046206 0.628639 0.577107 
141031830051384 -1.722798 0.410792 -0.243280 
141031849926384 -1.950897 1.072055 -1.219327 
141031869801384 -2.023868 1.564606 -2.174603 
141031889676384 -2.025998 1.340501 -2.261288 
141031909551384 -2.218145 1.130112 -1.153814 
141031929426384 -2.244510 0.518384 -0.436758 
141031949301384 -1.948234 -0.766058 -0.212653 
141031969176384 -1.794836 -0.879375 -0.102265 
141031989051384 -1.919605 -0.239551 -0.219045 
141032008926384 -1.801627 0.758601 -0.456865 
141032028801384 -1.334908 1.437706 -0.510128 
141032048676384 -1.060869 1.658216 -0.485228 
141032068551384 -1.100817 1.687378 -0.501739 
141032088426592 -1.113733 1.467001 -0.494682 
141032108302634 -1.068992 1.337438 -0.448210 
141032128178676 -1.048885 1.021588 -0.403735 
141032148054717 -1.157542 0.937831 -0.535295 
141032167930759 -1.168461 1.702558 -0.656469 
141032187806801 -0.344213 1.601890 -0.523178 
141032207682842 0.374307 1.214933 -0.439554 
141032227558884 0.159923 1.208408 -0.358328 
141032247434926 -0.167779 1.262471 -0.078164 
141032267310967 0.415053 0.823182 0.187620 
141032287187009 1.264468 0.801211 0.388688 
141032307063051 2.148504 0.640490 0.617587 
141032326939092 2.666621 0.367649 1.049950 
141032346815134 2.641055 -0.104396 1.667670 
141032366691176 2.472743 -0.227700 2.103496 
141032386567217 1.958354 0.659265 2.104828 
141032406443259 1.280314 1.879125 1.746899 
141032426319301 1.133840 2.038781 1.583381 
141032446194613 1.108540 0.834101 1.862480 
141032466069613 0.740225 -0.136354 2.352901 
141032485944613 0.504669 -1.034904 2.439986 
141032505819613 0.788961 -1.498693 2.009886 
141032525694613 0.989896 -2.605901 1.492568 
141032545569613 1.077647 -3.380215 1.104279 
141032565444613 1.060603 -3.408311 0.691622 
141032585319613 0.738095 -3.255179 0.435427 
141032605194613 0.262854 -2.876079 0.227833 
141032625069613 -0.335025 -2.226002 -0.021572 
141032644944613 -1.074851 -1.488173 -0.333294 
141032664819613 -1.655819 -1.057807 -0.727176 
141032684694613 -1.623728 -0.839561 -1.254747 
141032704569613 -0.427837 -1.166730 -1.284841 
141032724444613 1.646631 -1.429184 0.074968 
141032744319613 0.843689 0.277634 0.951946 
141032764194613 -0.067511 -0.189351 0.921320 
141032784069613 -0.647813 0.257794 0.416918 
141032803944613 -1.850097 0.731703 0.161121 
141032823819613 -1.667138 0.505468 0.081226 
141032843694613 1.167795 0.972453 0.836365 
141032863569613 -0.714925 -1.322258 0.255131 
141032883444613 -1.080177 -1.278849 -0.701077 
141032903319613 -1.218528 0.584164 -1.809750 
141032923194613 -1.319862 0.831438 -2.362888 
141032943069613 -1.798565 0.157126 -1.712678 
141032962944613 -2.381530 0.163651 -0.925714 
141032982819613 -1.939046 -0.779507 -0.404001 
141033002694613 -1.667004 -1.283643 -0.063783 
141033022569613 -1.816541 -0.695617 -0.182826 
141033042444613 -1.731320 0.118910 -0.379367 
141033062319613 -1.391900 0.564590 -0.546081 
141033082194613 -1.160072 0.849415 -0.587360 
141033102069613 -0.927711 0.696283 -0.485760 
141033121944613 -1.022919 0.599877 -0.467784 
141033141819613 -1.223855 0.619451 -0.560595 
141033161694613 -1.187503 0.391884 -0.718121 
141033181569613 -1.094958 0.750611 -0.875380 
141033201444613 -0.868589 1.072055 -0.780705 
141033221319613 -0.497212 0.740225 -0.604138 
141033241195342 -0.369114 0.967792 -0.427570 
141033261071384 -0.294679 0.927578 -0.232893 
141033280947426 -0.003462 0.235690 0.095607 
141033300823467 0.454868 0.060587 0.599743 
141033320699509 1.180978 -0.199737 1.171657 
141033340575551 2.076998 -0.315718 1.687777 
141033360451592 3.288069 -0.408795 2.036518 
141033380327634 3.532547 -1.521995 1.827859 
141033400203676 2.753840 -0.648479 1.084705 
141033420079717 2.314552 1.540238 0.609064 
141033439955759 2.484461 1.883386 0.960735 
141033459831801 2.353966 1.598029 0.912798 
141033479707842 1.922934 1.117062 0.973917 
141033499583884 1.750228 0.202666 1.484711 
141033519459926 1.752758 -0.515987 1.625193 
141033539335967 1.719735 -1.068060 1.235173 
141033559212009 1.561943 -1.348224 0.946753 
141033579088051 1.409743 -1.693636 0.829974 
141033598963363 1.061802 -1.947435 0.698547 
141033618838363 0.524509 -2.010019 0.433030 
141033638713363 -0.172573 -1.640639 0.066712 
141033658588363 -1.035303 -1.066329 -0.325704 
141033678463363 -1.921203 -0.905208 -0.619051 
141033698338363 -2.329598 -1.096689 -0.772316 
141033718213363 -1.130911 -1.167662 -0.901479 
141033738088363 1.579386 -1.094159 0.320245 
141033757963363 0.301336 -0.807337 0.858603 
141033777838363 -0.515454 -0.538491 0.835966 
141033797713363 -0.076832 1.158075 0.743953 
141033817588363 -0.056059 0.271243 0.805606 
141033837463363 -0.719985 0.855806 0.965262 
141033857338363 -1.228382 0.196142 -0.199870 
141033877213363 -1.223855 0.725977 -1.020922 
141033897088363 -2.025865 2.368214 -2.035852 
141033916963363 -2.061152 2.313886 -2.219876 
141033936838363 -1.839045 1.285773 -1.762212 
141033956713363 -2.168744 -0.205330 -1.272191 
141033976588363 -2.207892 -0.609331 -0.963797 
141033996463363 -1.773531 -0.608798 -0.695484 
141034016338363 -1.607882 -0.328234 -0.653539 
141034036213363 -1.665806 0.162852 -0.695351 
141034056088363 -1.546630 0.512924 -0.561527 
141034075963363 -1.232244 0.585629 -0.240084 
141034095838363 -1.029710 0.754074 -0.205862 
141034115713363 -1.032374 1.100151 -0.275238 
141034135588363 -0.997619 1.633182 -0.318647 
141034155463363 -0.978045 1.089232 -0.393748 
141034175338363 -1.164067 0.808269 -0.686163 
141034195213363 -0.728241 1.208142 -0.900148 
141034215088363 -0.313720 1.190698 -0.888963 
141034234963363 -0.515454 0.837164 -0.645150 
141034254838363 -0.647148 0.501606 -0.237687 
141034274713363 -0.527705 0.515454 0.022237 
141034294588363 0.246209 0.439421 0.104928 
141034314464092 1.013731 0.237820 0.369247 
141034334340134 1.892707 -0.001465 0.899083 
141034354216176 2.786863 -0.421578 1.547162 
141034374092217 3.387006 -1.275920 2.081525 
141034393968259 3.055309 -1.656884 1.841575 
141034413844301 2.584995 0.303866 1.064997 
141034433720342 2.486725 2.188185 0.995089 
141034453596384 2.429733 2.032923 1.266465 
141034473472426 2.218411 1.391234 1.059671 
141034493348467 1.741573 0.613725 1.241964 
141034513224509 1.469132 -0.179896 1.852627 
141034533100551 1.602023 -0.850347 1.935451 
141034552976592 1.679122 -1.688842 1.546230 
141034572852634 1.606418 -2.198305 1.132508 
141034592728676 1.377253 -2.212686 0.833702 
141034612604717 1.025316 -2.356896 0.658466 
141034632480759 0.412124 -2.509894 0.383628 
141034652356801 -0.371511 -2.320011 0.067644 
141034672232842 -1.256212 -1.776194 -0.306929 
141034692108155 -2.063149 -1.396161 -0.485893 
141034711983155 -2.428135 -1.115331 -0.782569 
141034731858155 -0.007324 -0.267248 -0.649944 
141034751733155 1.742372 -0.679771 1.195093 
141034771608155 -0.113717 -0.815326 1.654221 
141034791483155 -0.331830 -0.789494 0.922252 
141034811358155 -0.643686 0.269112 0.347542 
141034831233155 -2.028928 0.318780 0.265117 
141034851108155 0.389221 1.292831 0.486825 
141034870983155 -0.268979 -0.218246 0.061253 
141034890858155 -1.396694 0.047271 -0.680570 
141034910733155 -1.698430 1.286439 -1.586977 
141034930608155 -1.928260 1.614008 -2.061019 
141034950483155 -2.024001 1.638775 -1.850363 
141034970358155 -2.235589 0.858469 -1.170325 
141034990233155 -2.122138 -0.086420 -0.776045 
141035010108155 -1.782852 -1.123853 -0.417317 
141035029983155 -1.616138 -1.330115 -0.282428 
141035049858155 -1.700028 -0.352203 -0.422377 
141035069733155 -1.577522 0.859135 -0.576840 
141035089608155 -1.397360 1.129579 -0.511060 
141035109483155 -1.402020 1.270460 -0.498410 
141035129358155 -1.534379 1.046089 -0.592952 
141035149233155 -1.598828 0.874581 -0.706137 
141035169108155 -1.170725 1.308676 -0.739959 
141035188983155 -0.472178 1.298157 -0.717588 
141035208858155 -0.458862 1.170325 -0.657933 
141035228733155 -0.698147 1.473393 -0.616388 
141035248608155 -0.187486 1.426122 -0.513324 
141035268483155 0.287355 0.474309 -0.300804 
141035288358155 0.185356 0.233692 -0.204131 
141035308233155 0.823182 0.374573 -0.207593 
141035328108363 1.434244 0.095741 -0.023036 
141035347984405 2.302168 -0.298540 0.411059 
141035367860446 2.858102 -1.630652 1.225852 
141035387736488 2.744918 -2.941193 2.067544 
141035407612530 2.539455 -3.077680 2.423208 
141035427488571 2.356097 -1.916010 1.960085 
141035447364613 2.416018 -0.646082 1.511742 
141035467240655 2.516286 -0.147140 1.613209 
141035487116696 2.220942 -0.545282 1.510411 
141035506992738 1.845436 -0.731170 1.343031 
141035526868780 1.516802 -0.996288 1.330381 
141035546744821 1.518667 -1.702957 1.606817 
141035566620863 1.720534 -2.885666 1.613342 
141035586496905 1.800562 -3.752125 1.491236 
141035606372946 1.770868 -3.597129 1.072188 
141035626248988 1.195492 -3.309242 0.666988 
141035646125030 0.304799 -3.076615 0.324639 
141035666001071 -0.672847 -2.757834 0.002131 
141035685877113 -1.663942 -2.509628 -0.185888 
141035705753155 -2.492584 -2.515487 -0.295211 
141035725628467 -2.323074 -2.274338 -0.623446 
141035745503467 0.389487 -2.004160 -0.487891 
141035765378467 1.496829 -1.327452 0.717455 
141035785253467 0.427837 -0.460460 1.347558 
141035805128467 -0.147406 0.128497 1.128114 
141035825003467 -0.565788 -1.055277 0.155129 
141035844878467 -1.309875 -0.374307 0.233160 
141035864753467 -0.156327 -0.597347 0.865127 
141035884628467 0.723980 -0.606268 1.090164 
141035904503467 -1.094558 0.904409 0.726110 
141035924378467 -2.084321 1.352752 -0.107725 
141035944253467 -2.192179 2.075001 -0.790958 
141035964128467 -2.493782 1.737844 -1.004277 
141035984003467 -2.620948 0.845819 -0.488157 
141036003878467 -2.600042 0.470713 0.268846 
141036023753467 -2.503503 0.189217 0.607600 
141036043628467 -2.306429 0.387623 0.479102 
141036063503467 -2.067410 0.879242 0.226768 
141036083378467 -1.729189 1.501223 0.019441 
141036103253467 -1.376454 1.923733 -0.198672 
141036123128467 -1.137036 1.989913 -0.331963 
141036143003467 -1.140764 2.001897 -0.412657 
141036162878467 -1.214001 2.268878 -0.432364 
141036182753467 -1.386574 2.177133 -0.510794 
141036202628467 -1.566204 1.941043 -0.596415 
141036222503467 -1.625726 1.947968 -0.629837 
141036242378467 -1.286972 1.849431 -0.408928 
141036262253467 -0.405200 1.271925 -0.189484 
141036282128467 -0.078164 1.316400 -0.022637 
141036302003467 0.151667 0.944090 0.256063 
141036321878467 1.051282 0.883503 0.272574 
141036341753467 2.098303 1.551423 0.511193 
141036361629196 3.028678 1.394164 1.099219 
141036381505238 3.561176 0.420646 1.507481 
141036401381280 3.369163 -0.872717 1.719735 
141036421257321 3.063965 -0.502671 1.625726 
141036441133363 3.574625 1.229714 1.461409 
141036461009405 3.224287 1.542369 1.372992 
141036480885446 1.650360 1.535045 1.625193 
141036500761488 1.477388 1.490304 1.808285 
141036520637530 1.514405 0.671915 1.630519 
141036540513571 1.572862 -0.123970 1.534246 
141036560389613 1.489771 -1.375921 1.431315 
141036580265655 1.445962 -2.393647 1.158474 
141036600141696 1.367399 -2.136786 0.471512 
141036620017738 0.840094 -2.179796 -0.193079 
141036639893780 0.312522 -2.028395 -0.461392 
141036659769821 -0.275371 -1.682451 -0.723181 
141036679645863 -1.351820 -1.124519 -1.025449 
141036699521905 -2.821750 -0.761797 -1.077647 
141036719397946 -3.471694 -0.682967 -1.217863 
141036739273988 -0.220110 -1.211072 -0.742755 
141036759149301 1.830256 -0.875514 1.661811 
141036779024301 -0.414521 0.984969 1.934652 
141036798899301 -0.502405 1.522262 0.627307 
141036818774301 -0.137419 1.002147 -0.542752 
141036838649301 -0.207460 -0.591221 -0.349939 
141036858524301 0.357529 0.044075 0.641821 
141036878399301 -1.056342 0.623845 -0.385759 
141036898274301 -1.606551 1.284175 -0.980176 
141036918149301 -1.769270 1.931589 -1.509612 
141036938024301 -1.877660 1.926130 -1.915211 
141036957899301 -2.083789 1.537175 -1.503220 
141036977774301 -2.355830 0.627840 -0.902012 
141036997649301 -2.202299 -0.070441 -0.640889 
141037017524301 -1.814277 -0.531966 -0.438489 
141037037399301 -1.643169 0.009454 -0.374307 
141037057274301 -1.614673 0.825313 -0.485893 
141037077149301 -1.470863 1.398691 -0.609064 
141037097024301 -1.338104 1.616404 -0.646349 
141037116899301 -1.240899 1.714941 -0.697082 
141037136774301 -1.180712 1.243962 -0.689625 
141037156649301 -1.164466 1.054744 -0.626908 
141037176524301 -1.030776 1.051149 -0.617720 
141037196399301 -0.984969 1.237970 -0.777642 
141037216274301 -1.008405 1.384177 -0.809201 
141037236149301 -0.600143 1.111603 -0.693620 
141037256024301 -0.064848 0.709332 -0.553804 
141037275899301 -0.104662 0.516253 -0.306396 
141037295774301 -0.140615 0.380832 0.105328 
141037315649301 0.559530 0.222507 0.411325 
141037335524301 1.413472 0.268580 0.772183 
141037355399301 2.342115 -0.138751 1.123853 
141037375274301 3.127880 -0.830772 1.542635 
141037395150030 3.612176 -1.406281 1.882055 
141037415026071 2.976480 -1.368997 1.601624 
141037434902113 2.163284 0.358861 1.065264 
141037454778155 2.222273 1.784183 0.950082 
141037474654196 2.633198 1.268463 1.168062 
141037494530238 2.425472 0.964330 1.082308 
141037514406280 1.797366 0.515188 1.139433 
141037534282321 1.552355 -0.207593 1.576457 
141037554158363 1.625459 -0.524776 1.796700 
141037574034405 1.545564 -1.720800 1.571930 
141037593910446 1.352752 -2.509095 1.301619 
141037613786488 1.262204 -2.493116 1.060736 
141037633662530 0.925847 -2.603771 0.711862 
141037653538571 0.365785 -2.631601 0.402803 
141037673414613 -0.315052 -2.032923 0.028496 
141037693290655 -1.171790 -1.404017 -0.365519 
141037713166696 -2.034254 -1.217463 -0.473377 
141037733042738 -2.577272 -1.544499 -0.752476 
141037752918780 -1.315734 -0.866193 -0.829840 
141037772794821 0.972985 0.049535 0.266449 
141037792670134 0.027963 -0.584963 1.335175 
141037812545134 -0.358062 -1.745834 1.208009 
141037832420134 -0.405865 -0.846219 0.696283 
141037852295134 -0.938364 -0.089083 0.830506 
141037872170134 -0.229298 0.898017 0.863796 
141037892045134 0.180296 0.309326 0.257394 
141037911920134 -0.912665 -0.354067 -0.385359 
141037931795134 -1.534246 1.040097 -0.956340 
141037951670134 -2.122005 2.441584 -1.234507 
141037971545134 -1.932521 2.516286 -1.189234 
141037991420134 -1.266465 2.400705 -1.011202 
141038011295134 -1.188834 0.923584 -0.890028 
141038031170134 -1.545964 -0.905075 -0.873649 
141038051045134 -1.732385 -1.222523 -0.647014 
141038070920134 -1.665140 -0.268846 -0.685231 
141038090795134 -1.577123 0.607333 -0.748481 
141038110670134 -1.417866 0.636895 -0.583898 
141038130545134 -1.231844 0.839295 -0.451405 
141038150420134 -1.112402 1.257011 -0.418915 
141038170295134 -1.013199 1.181511 -0.374041 
141038190170134 -0.960468 0.835699 -0.418782 
141038210045134 -0.942758 0.782569 -0.486825 
141038229920134 -0.949150 0.799347 -0.479235 
141038249795134 -1.064065 0.800412 -0.482431 
141038269670134 -1.386307 1.018792 -0.560994 
141038289545134 -0.982573 1.131443 -0.608665 
141038309420134 -0.011984 0.855007 -0.553005 
141038329295134 -0.086686 0.917458 -0.484961 
141038349170134 -0.452471 1.164599 -0.234358 
141038369045134 -0.374440 0.701876 0.124236 
141038388920134 0.152333 0.546214 0.214251 
141038408795342 0.655270 0.551008 0.390419 
141038428671384 1.305081 0.268446 0.693487 
141038448547426 2.363820 0.276436 1.045024 
141038468423467 3.307111 -0.131826 1.388704 
141038488299509 3.244660 -1.080177 1.474059 
141038508175551 2.506299 -0.857005 1.148088 
141038528051592 1.989646 1.081775 1.006408 
141038547927634 1.999367 2.459161 1.156077 
141038567803676 2.118942 1.822932 1.236238 
141038587679717 1.897900 0.368049 1.369396 
141038607555759 1.702291 -0.120641 1.366334 
141038627431801 1.527854 -0.443815 1.338770 
141038647307842 1.415602 -0.774314 1.240899 
141038667183884 1.223056 -1.175652 1.050483 
141038687059926 0.948884 -1.578987 0.934902 
141038706935967 0.806138 -1.858486 0.733833 
141038726812009 0.519183 -1.903093 0.487358 
141038746688051 0.023036 -1.687378 0.237687 
141038766564092 -0.567919 -1.331180 -0.057657 
141038786440134 -1.199087 -0.953278 -0.360325 
141038806315967 -1.730654 -0.877378 -0.695351 
141038826190967 -1.927195 -1.024784 -0.994290 
141038846065967 -1.391367 -1.014664 -1.037700 
141038865940967 0.220110 -0.625310 -0.252068 
141038885815967 0.591354 0.219311 0.771251 
141038905690967 -0.100534 -0.598545 1.009737 
141038925565967 -0.446745 -0.763395 0.860467 
141038945440967 -1.033039 -0.101466 0.290151 
141038965315967 -2.180595 -0.197207 0.129296 
141038985190967 -1.306812 0.187353 0.204930 
141039005065967 1.400955 1.292431 0.878709 
141039024940967 -0.055127 -0.053396 0.206129 
141039044815967 -0.951147 -0.676975 -0.373641 
141039064690967 -1.096423 0.709998 -1.228116 
141039084565967 -1.032640 1.431182 -1.795102 
141039104440967 -1.378318 0.975116 -1.461275 
141039124315967 -2.092710 0.714792 -0.864994 
141039144190967 -1.951430 0.655936 -0.608266 
141039164065967 -1.154879 -0.383761 -0.317848 
141039183940967 -1.096289 -0.580569 -0.196142 
141039203815967 -1.256878 -0.418915 -0.247940 
141039223690967 -1.265400 -0.041678 -0.305598 
141039243565967 -1.096822 0.477105 -0.434228 
141039263440967 -0.958737 0.587360 -0.524243 
141039283315967 -0.910534 0.417450 -0.511460 
141039303190967 -0.953012 0.396145 -0.450740 
141039323065967 -0.927845 0.473643 -0.416918 
141039342940967 -0.881639 0.516120 -0.409993 
141039362815967 -0.949416 0.583764 -0.428502 
141039382690967 -0.921586 0.750611 -0.475241 
141039402565967 -0.539955 0.678706 -0.430633 
141039422440967 -0.317582 0.757935 -0.322109 
141039442315967 -0.325571 0.954476 -0.243413 
141039462191696 -0.356597 0.873117 -0.083357 
141039482067738 -0.314120 0.550475 0.066446 
141039501943780 0.049268 0.129696 0.161521 
141039521819821 0.434361 -0.619983 0.525441 
141039541695863 0.765259 -0.374840 1.241565 
141039561571905 1.620399 0.701876 1.788711 
141039581447946 2.937065 0.051665 1.535444 
141039601323988 3.459710 -0.766724 0.803875 
141039621200030 3.118559 -0.079362 0.187353 
141039641076071 2.447576 1.130245 0.183625 
141039660952113 2.194709 1.364470 0.635030 
141039680828155 2.346776 1.105610 0.942625 
141039700704196 2.332794 1.012000 1.047154 
141039720580238 2.109888 0.999617 1.080177 
141039740456280 1.745967 0.440220 1.038499 
141039760332321 1.391634 -0.495614 1.044624 
141039780208363 1.249954 -0.899083 1.102148 
141039800084405 1.278450 -1.151683 0.916526 
141039819960446 1.153015 -1.179646 0.662727 
141039839836280 0.848083 -1.066995 0.391351 
141039859711280 0.469914 -0.862331 0.091080 
141039879586280 0.041146 -0.605469 -0.178964 
141039899461280 -0.363788 -0.372842 -0.422777 
141039919336280 -0.726110 -0.255264 -0.678173 
141039939211280 -1.102947 -0.377503 -0.965262 
141039959086280 -1.441967 -0.505334 -1.120258 
141039978961280 -1.364470 -0.359526 -1.194027 
141039998836280 -0.554203 -0.182560 -0.873516 
141040018711280 0.065381 -0.068044 0.263120 
141040038586280 -0.156993 -0.629970 0.972319 
141040058461280 -0.648080 -0.761530 1.013731 
141040078336280 -1.109206 0.447677 0.588159 
141040098211280 -1.355681 0.232627 0.169510 
141040118086280 -0.624511 -0.598279 0.325571 
141040137961280 0.135288 0.282694 1.114532 
141040157836280 -0.873250 1.336773 0.533298 
141040177711280 -0.975116 0.823981 -0.559130 
141040197586280 -0.948484 -0.094143 -1.340501 
141040217461280 -1.428785 0.488157 -1.620000 
141040237336280 -1.396827 1.072055 -1.476056 
141040257211280 -1.298157 0.717588 -1.006275 
141040277086280 -1.675393 0.725045 -0.797616 
141040296961280 -1.148754 0.016645 -0.445946 
141040316836280 -0.743155 -0.076699 -0.308128 
141040336711280 -0.661529 0.248872 -0.252334 
141040356586280 -0.630237 0.232627 -0.223705 
141040376461280 -0.683766 0.606534 -0.225969 
141040396336280 -0.790559 1.083639 -0.283626 
141040416211280 -0.859801 0.928244 -0.377236 
141040436086280 -0.862730 0.639691 -0.400140 
141040455961280 -0.877644 0.421312 -0.352070 
141040475836280 -0.862730 0.356730 -0.365119 
141040495712009 -0.841425 0.341018 -0.434628 
141040515588051 -0.878177 0.416918 -0.583498 
141040535464092 -0.817723 0.657001 -0.626109 
141040555340134 -0.628239 0.866326 -0.548344 
141040575216176 -0.309592 1.125984 -0.410393 
141040595092217 -0.211588 1.241831 -0.289219 
141040614968259 -0.393748 1.051548 -0.227700 
141040634844301 -0.571780 0.710265 -0.125035 
141040654720342 -0.506533 0.308261 0.025833 
141040674596384 0.016245 -0.335425 0.321576 
141040694472426 0.369380 -0.625842 0.932106 
141040714348467 0.773781 -0.037151 1.338237 
141040734224509 1.907754 0.275104 1.167396 
141040754100551 2.954509 0.190682 0.856072 
141040773976592 3.248522 0.676176 0.547545 
141040793852634 3.038132 1.151150 0.434228 
141040813728676 2.567685 0.524509 0.443949 
141040833604717 2.098702 0.402537 0.724912 
141040853480759 1.746633 1.171657 1.073519 
141040873356801 1.591637 1.449291 1.258076 
141040893232634 1.408944 0.727042 1.385775 
141040913107634 1.226518 -0.105195 1.451022 
141040932982634 1.060337 -0.460061 1.363138 
141040952857634 0.910667 -0.663792 1.217729 
141040972732634 0.771384 -1.068326 1.146623 
141040992607634 0.678839 -1.507881 0.895887 
141041012482634 0.438622 -1.574726 0.710131 
141041032357634 0.076033 -1.253682 0.533697 
141041052232634 -0.269911 -0.852211 0.283760 
141041072107634 -0.599344 -0.595616 -0.063117 
141041091982634 -0.933570 -0.613991 -0.457930 
141041111857634 -1.230779 -0.695750 -0.831039 
141041131732634 -1.406414 -0.755139 -1.112801 
141041151607634 -1.254614 -0.909203 -1.353417 
141041171482634 -0.544350 -0.956607 -1.236904 
141041191357634 0.327169 -0.435959 -0.266849 
141041211232634 0.164583 0.092412 0.490820 
141041231107634 -0.492285 0.589091 0.497878 
141041250982634 -0.911333 1.343297 0.115315 
141041270857634 -0.868722 0.680970 -0.249804 
141041290732634 -0.584563 -0.849148 -0.232893 
141041310607634 -1.134239 -0.017577 -0.468317 
141041330482634 -1.165132 1.159939 -0.752342 
141041350357634 -1.214267 1.027713 -1.186171 
141041370232634 -0.702142 -0.082691 -1.527189 
141041390107634 -0.624644 -0.384693 -1.338637 
141041409982634 -1.164999 -0.330498 -0.807470 
141041429857634 -1.124119 -0.507199 -0.369513 
141041449732634 -0.873117 -0.613725 -0.228233 
141041469607634 -0.862464 -1.000549 -0.211987 
141041489482842 -0.806138 -0.857138 -0.132226 
141041509358884 -0.660863 -0.690823 -0.075501 
141041529234926 -0.682834 -0.603206 -0.025034 
141041549110967 -0.801211 -0.490820 -0.046206 
141041568987009 -0.841691 -0.372576 -0.125701 
141041588863051 -0.882970 -0.323707 -0.241948 
141041608739092 -0.944223 -0.296010 -0.336224 
141041628615134 -1.051815 -0.226635 -0.440753 
141041648491176 -1.195492 -0.066579 -0.541553 
141041668367217 -1.198821 0.329566 -0.595749 
141041688243259 -0.814927 0.668320 -0.514389 
141041708119301 -0.207061 0.774846 -0.349806 
141041727995342 -0.064182 1.159939 -0.272308 
141041747871384 -0.297475 1.400156 -0.309060 
141041767747426 -0.140615 1.071256 -0.232094 
141041787623467 0.080294 0.377236 0.101200 
141041807499509 0.492951 0.068576 0.432497 
141041827375551 1.008139 -0.172040 1.031308 
141041847251592 1.587642 -0.235290 1.605619 
141041867127634 2.455300 -0.231695 1.683383 
141041887003676 3.123752 -0.144343 1.317065 
141041906879509 3.066494 0.183891 0.833702 
141041926754509 2.342381 0.752875 0.524509 
141041946629509 1.925997 1.353551 0.485094 
141041966504509 1.889112 1.539572 0.632101 
141041986379509 1.996038 1.082308 0.942758 
141042006254509 1.816940 0.392150 1.208542 
141042026129509 1.439571 -0.617587 1.233709 
141042046004509 1.226252 -1.231312 1.180046 
141042065879509 1.109339 -1.370462 1.064598 
141042085754509 0.931573 -1.479518 0.825446 
141042105629509 0.784833 -1.551423 0.612926 
141042125504509 0.586428 -1.375655 0.451006 
141042145379509 0.177500 -0.964996 0.253533 
141042165254509 -0.478437 -0.460194 -0.001065 
141042185129509 -1.173388 -0.215050 -0.325571 
141042205004509 -1.797100 -0.196941 -0.647813 
141042224879509 -2.170341 -0.558464 -0.818655 
141042244754509 -1.616005 -0.788295 -0.787896 
141042264629509 0.550741 -0.444082 0.165249 
141042284504509 0.921719 0.823582 1.219860 
141042304379509 -0.011452 -0.023436 0.980708 
141042324254509 -0.502272 -1.171124 0.516919 
141042344129509 -0.963398 -0.151667 -0.018509 
141042364004509 -1.716939 0.101200 -0.223839 
141042383879509 -0.611328 0.673113 0.583898 
141042403754509 0.178964 1.404950 0.927711 
141042423629509 -0.689359 0.560062 0.034488 
141042443504509 -1.112801 -0.557399 -0.706137 
141042463379509 -1.178048 -0.209191 -1.506416 
141042483254717 -1.204280 0.751410 -1.819870 
141042503130759 -1.253283 0.720118 -1.463805 
141042523006801 -1.607882 0.301736 -0.939696 
141042542882842 -1.425456 -0.884568 -0.615456 
141042562758884 -1.082840 -1.109472 -0.393881 
141042582634926 -1.122655 -0.873783 -0.241549 
141042602510967 -1.178581 -0.582832 -0.162985 
141042622387009 -1.031708 -0.223040 -0.199604 
141042642263051 -0.980975 0.169510 -0.252601 
141042662139092 -1.063799 0.464854 -0.330898 
141042682015134 -1.073120 0.405200 -0.443283 
141042701891176 -1.064065 0.274305 -0.541154 
141042721767217 -1.117462 0.342216 -0.590289 
141042741643259 -1.146756 0.466452 -0.595749 
141042761519301 -1.019457 0.696283 -0.604005 
141042781395342 -0.664325 0.831705 -0.485893 
141042801271384 -0.281496 0.988298 -0.322509 
141042821147426 -0.148205 1.088433 -0.261922 
141042841023467 -0.214384 1.070324 -0.210256 
141042860899509 -0.244345 0.813728 -0.041678 
141042880775551 0.003595 0.428369 0.052065 
141042900651592 0.440353 0.405599 0.150602 
141042920526905 1.142229 0.451139 0.359260 
141042940401905 2.082058 0.191881 0.711729 
141042960276905 3.029876 -0.019042 1.034238 
141042980151905 3.424823 -0.888297 1.363537 
141043000026905 3.022952 -1.688177 1.597230 
141043019901905 2.347442 -0.493483 1.356480 
141043039776905 1.887647 1.703756 1.136903 
141043059651905 1.881655 2.179662 1.102814 
141043079526905 1.973401 1.253549 1.075916 
141043099401905 1.883919 0.489888 1.111603 
141043119276905 1.656751 -0.166714 1.178981 
141043139151905 1.350088 -0.625177 1.320128 
141043159026905 1.161004 -1.192962 1.335841 
141043178901905 1.041695 -1.612676 1.180445 
141043198776905 0.919589 -1.822133 0.940761 
141043218651905 0.784700 -1.850230 0.630103 
141043238526905 0.445014 -1.782985 0.321576 
141043258401905 -0.078563 -1.475790 -0.008389 
141043278276905 -0.673513 -1.035170 -0.406798 
141043298151905 -1.313071 -0.818655 -0.791890 
141043318026905 -1.982456 -0.777776 -1.091895 
141043337901905 -2.241182 -0.834501 -1.364470 
141043357776905 -1.126783 -0.534895 -1.271925 
141043377651905 1.330248 -0.185755 0.515721 
141043397526905 0.498011 0.288686 1.554353 
141043417401905 -0.585629 -0.511327 1.335441 
141043437276905 -0.780306 0.181494 0.596148 
141043457151905 -1.315334 0.813861 -0.225436 
141043477026905 -1.833984 -0.124103 -0.677774 
141043496902634 0.352869 0.125568 0.395745 
141043516778676 -0.031159 1.407879 0.398941 
141043536654717 -1.060204 1.028778 -0.043409 
141043556530759 -1.477920 0.374041 -0.676176 
141043576406801 -0.956207 0.786031 -1.433445 
141043596282842 -0.680437 1.147289 -1.764876 
141043616158884 -1.258076 0.603339 -1.388971 
141043636034926 -1.819603 -0.070840 -0.853809 
141043655910967 -1.480716 -0.419847 -0.350205 
141043675787009 -1.158474 -0.589091 -0.231961 
141043695663051 -1.098686 -0.544882 -0.266582 
141043715539092 -1.073386 -0.221575 -0.265117 
141043735415134 -1.032906 0.301869 -0.321177 
141043755291176 -1.035303 0.831705 -0.375106 
141043775167217 -1.029577 0.803608 -0.361124 
141043795043259 -0.971654 0.614258 -0.347809 
141043814919301 -0.886033 0.406398 -0.389221 
141043834795342 -0.857138 0.404268 -0.503603 
141043854671384 -0.948351 0.611062 -0.646615 
141043874547426 -1.045689 0.785499 -0.716123 
141043894423467 -0.859401 0.833569 -0.656868 
141043914298780 -0.451938 0.851412 -0.420912 
141043934173780 -0.243413 0.966327 -0.210256 
141043954048780 -0.272574 0.957672 -0.105861 
141043973923780 -0.360592 0.673646 -0.015047 
141043993798780 -0.094143 0.289352 -0.015446 
141044013673780 0.419048 0.346610 0.060187 
141044033548780 0.924782 0.291216 0.355399 
141044053423780 1.443166 -0.003862 0.741690 
141044073298780 2.309092 0.037551 1.141563 
141044093173780 3.166230 -0.592153 1.438905 
141044113048780 3.280612 -1.332245 1.431581 
141044132923780 2.707101 -0.883237 1.148354 
141044152798780 2.153031 0.872984 0.839161 
141044172673780 2.036651 1.754622 0.975382 
141044192548780 2.093110 1.451954 1.090031 
141044212423780 1.889645 0.894821 1.128913 
141044232298780 1.599094 0.423442 1.215998 
141044252173780 1.419863 -0.154330 1.439571 
141044272048780 1.197090 -0.602806 1.500557 
141044291923780 1.005476 -1.240899 1.392699 
141044311798780 0.914129 -1.696566 1.066595 
141044331673780 0.797483 -1.900563 0.714659 
141044351548780 0.491752 -1.742372 0.439022 
141044371423780 0.067644 -1.463539 0.155395 
141044391298780 -0.452071 -1.139033 -0.148072 
141044411173780 -1.072854 -0.930907 -0.472578 
141044431048780 -1.677125 -0.815592 -0.819987 
141044450923780 -2.071805 -0.890694 -1.166863 
141044470798780 -1.721599 -0.855939 -1.561677 
141044490673988 0.090414 -0.655004 -0.751277 
141044510550030 0.848882 0.037018 0.798548 
141044530426071 -0.137552 0.101333 0.917059 
141044550302113 -0.829308 0.253666 0.682701 
141044570178155 -1.503620 1.213468 0.209857 
141044590054196 -2.308826 1.231578 -0.339020 
141044609930238 -2.446911 -0.037417 -1.248622 
141044629806280 -0.310391 -3.366766 -0.707735 
141044649682321 -0.469648 1.751427 -0.183492 
141044669558363 -0.578971 3.077414 -0.118910 
141044689434405 -0.408795 1.435310 -0.600942 
141044709310446 -0.679239 -0.508530 -1.304149 
141044729186488 -1.081109 -1.409211 -1.493366 
141044749062530 -1.704156 -0.003728 -0.994690 
141044768938571 -1.913080 0.472311 -0.145542 
141044788814613 -1.573528 0.735032 0.174037 
141044808690655 -1.292564 0.408928 0.314386 
141044828566696 -1.019457 -0.616921 0.046738 
141044848442738 -0.816924 -0.333428 -0.128764 
141044868318780 -0.838496 0.707601 -0.221309 
141044888194821 -0.966594 1.037167 -0.305331 
141044908070134 -1.011867 0.643686 -0.463656 
141044927945134 -0.871519 0.443150 -0.628106 
141044947820134 -0.774314 0.782436 -0.709599 
141044967695134 -0.757269 0.964463 -0.683899 
141044987570134 -0.721317 0.921054 -0.515987 
141045007445134 -0.469115 1.008538 -0.281895 
141045027320134 -0.110255 0.963664 -0.218512 
141045047195134 0.023968 0.736497 -0.227966 
141045067070134 0.097738 0.320378 -0.095474 
141045086945134 0.353135 0.134356 0.097871 
141045106820134 0.946087 0.260457 0.383894 
141045126695134 1.983787 0.239152 0.790159 
141045146570134 3.015095 0.153531 1.223455 
141045166445134 3.608447 -0.362456 1.535178 
141045186320134 3.353983 -1.194161 1.683782 
141045206195134 2.544782 -0.458330 1.293630 
141045226070134 1.951962 1.972602 0.976980 
141045245945134 1.988181 2.749579 0.986967 
141045265820134 2.044907 1.467667 1.021455 
141045285695134 1.764210 0.422244 1.266332 
141045305570134 1.509612 -0.189084 1.542635 
141045325445134 1.264068 -0.629171 1.493899 
141045345320134 1.114532 -1.125052 1.291765 
141045365195134 1.044624 -1.462474 1.020256 
141045385070134 0.952745 -1.761280 0.746617 
141045404945134 0.625709 -1.664874 0.498677 
141045424820134 0.097072 -1.331313 0.198139 
141045444695134 -0.554470 -1.120125 -0.120641 
141045464570134 -1.253150 -1.027047 -0.471246 
141045484445134 -2.010685 -1.074718 -0.849814 
141045504320342 -2.614690 -1.263669 -1.198155 
141045524196384 -2.020539 -1.145691 -1.517202 
141045544072426 0.852344 -1.342632 -0.387623 
141045563948467 1.024118 -0.468183 1.343963 
141045583824509 -0.283227 -0.093477 1.216931 
141045603700551 -0.900281 -0.058057 0.729706 
141045623576592 -1.331846 0.659398 0.062717 
141045643452634 -1.774197 0.331963 -0.240350 
141045663328676 -0.584031 -0.424374 -0.059788 
141045683204717 1.127981 0.572579 0.565522 
141045703080759 -0.233559 0.833968 -0.018509 
141045722956801 -1.055410 0.285358 -0.562859 
141045742832842 -1.236638 0.223839 -1.339702 
141045762708884 -1.101882 0.491885 -1.798565 
141045782584926 -1.557016 -0.145675 -1.458745 
141045802460967 -2.287387 -0.292149 -0.654871 
141045822337009 -2.019474 0.135688 -0.289485 
141045842213051 -1.190299 -0.107725 -0.008389 
141045862089092 -1.127049 -0.289352 -0.041412 
141045881965134 -1.212803 0.210656 -0.178831 
141045901840967 -1.069391 0.799614 -0.276835 
141045921715967 -1.041695 1.138634 -0.426771 
141045941590967 -1.064332 1.308277 -0.609331 
141045961465967 -1.053679 0.950481 -0.704272 
141045981340967 -0.982839 0.679905 -0.715458 
141046001215967 -0.863263 0.858070 -0.673646 
141046021090967 -0.829707 1.007473 -0.567652 
141046040965967 -0.760731 1.069391 -0.437957 
141046060840967 -0.394813 0.843156 -0.301869 
141046080715967 -0.093077 0.928644 -0.339819 
141046100590967 0.009854 0.687228 -0.393615 
141046120465967 -0.128098 0.338088 -0.273640 
141046140340967 0.086420 0.341151 0.028895 
141046160215967 0.798016 0.289885 0.358195 
141046180090967 1.583648 0.194544 0.681369 
141046199965967 2.371676 0.074302 1.049018 
141046219840967 3.112700 -0.382297 1.414271 
141046239715967 3.340267 -1.282844 1.437041 
141046259590967 2.896052 -1.327585 1.203881 
141046279465967 2.168744 0.563924 0.897351 
141046299340967 1.800296 2.167545 1.017194 
141046319215967 1.884318 1.760881 1.158341 
141046339090967 1.830656 0.573911 1.268596 
141046358965967 1.607216 -0.047537 1.374323 
141046378840967 1.173521 -0.467651 1.481116 
141046398715967 0.853143 -0.966460 1.642370 
141046418590967 0.825579 -1.722931 1.568734 
141046438465967 0.836365 -2.165947 1.125851 
141046458340967 0.547279 -2.225602 0.760998 
141046478215967 0.088017 -1.985119 0.477638 
141046498090967 -0.404401 -1.612277 0.172573 
141046517965967 -0.961400 -1.306146 -0.164983 
141046537841696 -1.533580 -1.047554 -0.556334 
141046557717738 -1.980192 -0.931174 -0.962732 
141046577593780 -2.038915 -0.821851 -1.446229 
141046597469821 -1.030243 -0.502671 -1.524392 
141046617345863 1.363671 -0.685231 -0.116646 
141046637221905 0.581501 0.503470 0.905607 
141046657097946 -0.287488 0.737562 0.845154 
141046676973988 -0.785499 0.973651 0.254332 
141046696850030 -1.953960 0.477904 -0.069508 
141046716726071 -1.662344 -0.764193 -0.253400 
141046736602113 0.284425 -0.062984 0.677907 
141046756478155 -0.481233 0.756470 0.520514 
141046776354196 -1.027713 -0.443549 -0.217181 
141046796230238 -0.629704 -2.122138 -1.239701 
141046816106280 -0.625043 -0.372310 -1.686845 
141046835982321 -1.578588 -0.050467 -1.100684 
141046855858363 -2.251168 0.571913 -0.383095 
141046875734405 -1.262204 -0.176301 -0.158058 
141046895610446 -0.690291 -0.714392 -0.136487 
141046915486280 -0.913064 -1.166996 -0.202267 
141046935361280 -0.700145 -0.801478 -0.242214 
141046955236280 -0.480034 -0.353135 -0.102398 
141046975111280 -0.678307 -1.050883 -0.148604 
141046994986280 -1.004943 -0.905341 -0.523977 
141047014861280 -1.124519 -0.136487 -0.704272 
141047034736280 -1.520264 -0.065247 -0.898683 
141047054611280 -1.536776 0.062185 -0.919855 
141047074486280 -1.520797 0.596814 -0.871252 
141047094361280 -1.327452 1.061003 -0.651542 
141047114236280 -0.954609 0.822783 -0.406398 
141047134111280 -0.545948 0.809734 -0.132226 
141047153986280 -0.369780 1.004943 0.117046 
141047173861280 -0.264052 1.059671 0.323441 
141047193736280 0.269245 0.726643 0.545814 
141047213611280 0.999350 0.222374 0.787097 
141047233486280 2.013615 -0.004261 1.157542 
141047253361280 3.074883 -0.059388 1.381913 
141047273236280 3.861847 -1.319728 1.341300 
141047293111280 3.399123 -3.593800 1.327718 
141047312986280 2.394713 -3.880090 1.080843 
141047332861280 2.243978 -2.435193 0.521713 
141047352736280 2.763028 0.263520 0.189351 
141047372611280 3.049184 3.117361 0.319579 
141047392486280 2.725078 2.587259 0.486692 
141047412361280 1.759150 -0.529170 0.689625 
141047432236280 1.105477 -1.996304 0.974583 
141047452111280 1.145824 -1.503220 0.862997 
141047471986280 0.909336 -1.240233 0.645683 
141047491861280 0.493350 -1.388172 0.510128 
141047511736280 0.299605 -1.510278 0.375905 
141047531611280 0.008256 -1.356347 0.317449 
141047551487009 -0.541953 -1.229847 0.255796 
141047571363051 -1.174187 -1.229714 0.109456 
141047591239092 -1.714275 -1.251019 -0.123970 
141047611115134 -2.260623 -1.172589 -0.379900 
141047630991176 -2.277534 -0.607999 -0.584164 
141047650867217 0.044208 0.971121 -0.099735 
141047670743259 2.081658 1.167529 0.872451 
141047690619301 0.589091 0.173239 0.980842 
141047710495342 -0.502671 -1.616404 0.906140 
141047730371384 -1.219194 -1.838512 0.571780 
141047750247426 -2.114681 -1.800429 0.365652 
141047770123467 -2.761962 -1.918939 0.054462 
141047789999509 0.373774 3.521762 0.728374 
141047809875551 2.514555 7.678421 1.065530 
141047829751592 -0.502671 2.239450 0.022237 
141047849627634 -2.227599 -3.399256 -0.391218 
141047869503676 -2.571680 -4.192478 -0.998418 
141047889379717 -2.476072 -2.463688 -1.105610 
141047909255759 -1.363937 0.432098 -0.522512 
141047929131801 -1.366600 0.383628 0.285358 
141047949007113 -2.016145 0.665390 0.317049 
141047968882113 -2.044374 0.714526 0.319046 
141047988757113 -1.602822 0.352070 0.282029 
141048008632113 -1.315068 -0.130362 -0.111054 
141048028507113 -1.029844 -0.182426 -0.505867 
141048048382113 -0.830506 0.486959 -0.584697 
141048068257113 -0.788828 1.482048 -0.499209 
141048088132113 -0.904009 1.748763 -0.334226 
141048108007113 -0.982839 1.487641 -0.273373 
141048127882113 -1.062734 0.514256 -0.296410 
141048147757113 -0.635297 0.234092 -0.552739 
141048167632113 -0.304000 1.052081 -0.441285 
141048187507113 -0.222906 1.599227 -0.153265 
141048207382113 -0.190283 0.418116 -0.129163 
141048227257113 -0.262321 -0.635030 -0.092278 
141048247132113 -0.154064 -0.254065 -0.301070 
141048267007113 0.166980 0.573378 -0.706936 
141048286882113 0.645550 1.249288 -0.770985 
141048306757113 1.437174 1.376054 -0.256329 
141048326632113 2.857570 1.435043 0.621182 
141048346507113 3.865442 -0.055527 1.172056 
141048366382113 3.905390 -1.626258 0.433163 
141048386257113 3.109904 -1.696033 -0.896419 
141048406132113 2.255430 0.179497 -1.020256 
141048426007113 2.141047 2.563557 -0.077631 
141048445882113 2.594849 3.870902 0.245676 
141048465757113 3.044523 4.372641 0.585629 
141048485632113 2.562492 4.028561 0.807337 
141048505507113 1.152349 1.087901 0.529569 
141048525382113 1.106942 -1.567269 0.440087 
141048545257113 1.365535 -1.792040 -0.005992 
141048565132113 1.016128 -1.254215 0.068843 
141048585007321 0.456465 -1.022786 0.069908 
141048604883363 -0.094010 -0.794953 -0.110255 
141048624759405 -0.658732 -0.504802 -0.189351 
141048644635446 -1.358611 -0.362722 -0.330099 
141048664511488 -2.086319 -0.248073 -0.566054 
141048684387530 -2.587525 -0.019707 -0.560062 
141048704263571 -2.412290 0.310924 -0.239551 
141048724139613 -0.728773 0.898550 0.540222 
141048744015655 0.841825 1.498160 1.205346 
141048763891696 0.501207 0.595749 0.847151 
141048783767738 -0.557399 -1.359676 0.290684 
141048803643780 -1.424391 -1.562076 -0.272441 
141048823519821 -2.224537 -1.387373 -0.631568 
141048843395863 -1.291233 1.631052 -0.034887 
141048863271905 0.013848 3.632948 0.040347 
141048883147946 -0.871918 2.589523 -0.504136 
141048903023988 -1.084039 0.023968 -1.049684 
141048922900030 -1.205079 -2.021071 -1.046622 
141048942776071 -1.934119 -2.215482 -0.170575 
141048962652113 -2.265549 -1.313337 0.039548 
141048982527426 -2.026131 0.028363 0.296143 
141049002402426 -1.713210 0.370579 0.033023 
141049022277426 -1.184573 -0.096540 -0.183891 
141049042152426 -0.765658 0.020506 0.045141 
141049062027426 -0.619184 0.753008 0.335691 
141049081902426 -0.798149 0.611461 0.031558 
141049101777426 -0.852744 0.941959 0.053263 
141049121652426 -0.994690 0.685897 -0.004261 
141049141527426 -1.136903 0.097605 -0.049535 
141049161402426 -1.224787 -0.392150 -0.073237 
141049181277426 -1.251552 -0.641954 -0.126101 
141049201152426 -0.985768 -0.591887 -0.151401 
141049221027426 -0.684565 -0.303467 -0.036752 
141049240902426 -0.426771 -0.132359 0.071106 
141049260777426 0.040081 -0.000133 0.141414 
141049280652426 0.302135 0.078164 0.180962 
141049300527426 0.541687 0.334892 0.330099 
141049320402426 0.907738 0.056326 0.317449 
141049340277426 1.350621 -0.688560 0.294013 
141049360152426 2.025066 -1.235573 0.075767 
141049380027426 3.053179 -1.069924 -0.428103 
141049399902426 3.904458 -0.876312 -0.502139 
141049419777426 3.591137 -0.534496 -0.119310 
141049439652426 2.522411 0.433562 0.172972 
141049459527426 2.406031 1.457414 0.350072 
141049479402426 2.544515 1.735714 0.321576 
141049499277426 2.223338 1.442766 0.384826 
141049519152426 2.210822 1.577522 0.534496 
141049539027426 1.814011 1.076049 0.703740 
141049558902426 1.153414 0.242747 1.109872 
141049578777426 0.757269 -0.050999 1.374057 
141049598652426 0.503071 -0.377103 0.999883 
141049618527426 0.454734 -0.530901 0.681236 
141049638402426 0.318381 -0.567120 0.603605 
141049658277634 0.104529 -0.981374 0.591621 
141049678153676 -0.116780 -1.241964 0.382563 
141049698029717 -0.631036 -1.088034 0.214784 
141049717905759 -1.376454 -0.744486 0.193878 
141049737781801 -2.075001 -0.352602 0.363788 
141049757657842 -2.438522 -0.069375 0.715458 
141049777533884 -1.753424 -0.499475 0.941294 
141049797409926 -0.074036 -0.853942 0.960202 
141049817285967 1.085504 -0.915860 1.036635 
141049837162009 0.775645 -0.499875 0.964463 
141049857038051 0.046472 0.163917 0.726909 
141049876914092 -0.648879 0.237154 0.509329 
141049896790134 -1.113067 -0.321310 0.536360 
141049916666176 -1.053945 -0.264851 0.723447 
141049936542217 0.855673 1.831321 0.886699 
141049956418259 0.368981 1.049152 0.824914 
141049976294301 -0.559663 0.148471 0.571381 
141049996170342 -0.425440 0.670051 0.138617 
141050016046384 -0.536094 0.281096 0.502938 
141050035922217 -1.218129 0.197207 0.909069 
141050055797217 -0.824381 0.654604 0.942492 
141050075672217 -0.603472 1.073653 0.809867 
141050095547217 -0.810932 1.582449 1.116396 
141050115422217 -1.466602 2.328001 1.572595 
141050135297217 -1.980591 2.319878 2.496312 
141050155172217 -2.034254 1.703756 3.301651 
141050175047217 -1.886981 1.377652 2.393381 
141050194922217 -1.274455 1.120657 1.315068 
141050214797217 -1.122122 0.934369 1.458879 
141050234672217 -0.979110 0.746484 1.741173 
141050254547217 -0.743421 0.664059 1.771001 
141050274422217 -0.532099 0.866725 0.980708 
141050294297217 -0.335824 0.532366 0.090681 
141050314172217 -0.596814 0.127965 -0.159923 
141050334047217 -0.476972 0.060587 -0.192680 
141050353922217 -0.058589 -0.144610 -0.254332 
141050373797217 -0.203199 -0.167646 -0.363122 
141050393672217 -0.348208 -0.360192 -0.563924 
141050413547217 -0.088816 -0.607333 -0.653140 
141050433422217 0.302801 -0.679638 -0.549543 
141050453297217 0.511726 -0.619584 -0.514922 
141050473172217 1.219993 -1.124253 -1.008139 
141050493047217 1.549426 -1.178048 -1.140897 
141050512922217 1.365535 -1.535844 -0.681902 
141050532797217 1.262737 -1.738910 -0.030893 
141050552672217 1.715474 -1.479518 0.285358 
141050572547217 2.308293 -1.605485 0.139816 
141050592422217 2.893789 -2.015346 -0.247940 
141050612297217 3.300320 -2.674078 -0.261655 
141050632172217 3.255579 -3.132674 -0.195476 
141050652047217 3.081675 -2.777808 -0.289752 
141050671922217 2.997386 -2.207892 -0.305198 
141050691797217 3.173553 -2.447443 0.001198 
141050711672217 3.255845 -2.740923 0.057524 
141050731547217 3.045322 -2.754505 0.090414 
141050751422426 2.616421 -1.955691 0.228233 
141050771298467 2.374206 -1.079112 0.312255 
141050791174509 2.269544 -0.767389 0.214651 
141050811050551 2.123869 -1.238502 0.248206 
141050830926592 2.008022 -1.473659 0.552739 
141050850802634 1.734782 -0.698547 0.823715 
141050870678676 1.331979 -0.173372 1.069924 
141050890554717 1.176317 -0.324639 1.081509 
141050910430759 1.363671 -0.882704 0.856206 
141050930306801 1.455683 -1.115065 0.794420 
141050950182842 0.803342 -0.949949 0.907072 
141050970058884 0.061120 -0.726377 0.965928 
141050989934926 0.818788 -0.072971 0.663127 
141051009810967 1.446229 -0.295877 0.286156 
141051029687009 1.247956 -0.839295 0.104529 
141051049563051 0.712395 -0.927845 0.040613 
141051069439092 0.468583 -0.999084 0.097738 
141051089315134 0.494682 -1.266465 0.027697 
141051109191176 0.406798 -1.200419 -0.229165 
141051129066488 0.334093 -0.515454 0.095474 
141051148941488 0.347143 -0.140215 0.119176 
141051168816488 0.354200 -0.101067 0.015313 
141051188691488 0.232094 0.192014 -0.064049 
141051208566488 0.065381 0.423043 -0.223572 
141051228441488 1.106942 -1.811614 -0.587892 
141051248316488 1.810282 -1.678456 -0.749679 
141051268191488 1.622130 -1.212137 -1.644234 
141051288066488 1.267797 -0.976580 -2.488855 
141051307941488 0.486027 -0.860600 -2.882737 
141051327816488 -0.526640 -0.312522 -3.260239 
141051347691488 -1.393764 0.088550 -3.363037 
141051367566488 -1.686445 0.323574 -3.139332 
141051387441488 -0.992293 0.398808 -2.532132 
141051407316488 0.016512 0.125435 -1.588441 
141051427191488 0.342083 0.269778 -0.931440 
141051447066488 0.032890 0.648612 -0.689625 
141051466941488 -0.439288 1.473659 -0.064848 
141051486816488 -0.333960 1.128381 0.584697 
141051506691488 0.139416 0.571913 1.040097 
141051526566488 0.356464 0.335691 0.911732 
141051546441488 0.154463 0.390153 0.400539 
141051566316488 -0.203865 0.769520 -0.205995 
141051586191488 -0.369513 0.565256 -0.664591 
141051606066488 -0.369780 -0.071772 -0.776577 
141051625941488 -0.219178 -0.292548 -0.751677 
141051645816488 0.000133 -0.359660 -0.565921 
141051665691488 0.267647 -0.334226 -0.370179 
141051685566488 0.512525 -0.079628 -0.287089 
141051705441488 0.547812 0.205862 -0.351004 
141051725316488 0.446479 0.099602 -0.449541 
141051745191488 0.352602 -0.213186 -0.518251 
141051765066488 0.355399 -0.317848 -0.576707 
141051784941488 0.453270 -0.019974 -0.635829 
141051804816488 0.575375 0.463257 -0.697481 
141051824691488 0.689492 0.941294 -0.630769 
141051844566696 0.714659 1.067128 -0.484562 
141051864442738 0.713727 0.620649 -0.253133 
141051884318780 0.851678 0.215982 0.113584 
141051904194821 1.088566 0.225436 0.051532 
141051924070863 1.365535 0.509329 0.003063 
141051943946905 1.529852 0.429035 0.202400 
141051963822946 1.512807 0.067777 0.483497 
141051983698988 1.069924 -0.573911 0.502405 
141052003575030 0.330099 -0.892558 0.291083 
141052023451071 -0.156727 -1.068060 0.140482 
141052043327113 -0.221841 -1.422660 0.027431 
141052063203155 0.074568 -1.759949 -0.077897 
141052083079196 0.355399 -2.019740 -0.201867 
141052102955238 0.466053 -1.753957 -0.234225 
141052122831280 0.108524 -0.877245 -0.076033 
141052142707321 -0.499475 -0.123970 0.285890 
141052162583363 -0.919988 0.015313 0.589091 
141052182459405 -1.033572 -0.012783 0.766724 
141052202335446 -1.188435 -0.435293 0.742222 
141052222210759 -1.474192 -1.068193 0.697082 
141052242085759 -1.654221 -1.527189 0.819055 
141052261960759 -1.639441 -1.530384 0.854874 
141052281835759 -1.288170 -1.004144 0.678839 
141052301710759 -0.741024 -0.572579 0.975515 
141052321585759 -0.407197 -1.678323 0.911599 
141052341460759 0.260723 -1.735980 0.588159 
141052361335759 0.467518 -1.478186 0.329965 
141052381210759 0.225570 -0.903210 0.097072 
141052401085759 0.071506 -0.455134 0.084822 
141052420960759 0.221708 -0.433562 0.173505 
141052440835759 0.488823 -0.684565 0.152998 
141052460710759 0.477371 -0.957139 0.025966 
141052480585759 -0.006125 -0.880041 -0.095607 
141052500460759 -0.640090 -0.365785 -0.146607 
141052520335759 -0.938897 0.162719 -0.202800 
141052540210759 -0.961134 0.576574 -0.208126 
141052560085759 -0.820786 0.557666 -0.236089 
141052579960759 -0.636628 0.109323 -0.319845 
141052599835759 -0.616788 -0.153531 -0.448077 
141052619710759 -0.808535 0.088017 -0.604138 
141052639585759 -0.692954 0.726377 -0.567786 
141052659460759 -0.134223 1.289502 -0.378834 
141052679335759 0.328900 1.486975 -0.148338 
141052699210759 0.380432 1.123187 -0.071639 
141052719085759 0.131560 0.513058 -0.252867 
141052738960759 -0.064848 0.142878 -0.433695 
141052758835759 -0.119975 0.038749 -0.451805 
141052778710759 -0.116913 0.024901 -0.342349 
141052798585759 -0.099336 0.190416 -0.302934 
141052818460759 -0.127832 0.451006 -0.433829 
141052838335759 -0.151134 0.609863 -0.543151 
141052858210759 -0.141680 0.625177 -0.536893 
141052878085759 -0.166048 0.477371 -0.508264 
141052897960759 -0.176967 0.302668 -0.533164 
141052917835759 -0.086420 0.192813 -0.517186 
141052937710759 0.076965 0.164450 -0.460727 
141052957586488 0.214251 0.205063 -0.393615 
141052977462530 0.221974 0.281230 -0.289885 
141052997338571 0.106127 0.213585 -0.185755 
141053017214613 0.175902 0.191881 -0.111054 
141053037090655 0.420113 0.258193 -0.003063 
141053056966696 0.507864 0.269512 0.106393 
141053076842738 0.428236 0.553937 0.053929 
141053096718780 0.395612 0.435826 0.102665 
141053116594821 0.095341 0.175768 0.175635 
141053136470863 -0.330631 0.148205 0.004527 
141053156346905 -0.539290 0.010919 -0.143145 
141053176222946 -0.202666 0.137419 -0.070973 
141053196098988 0.283760 0.352469 0.295478 
141053215975030 0.417583 0.625043 0.558065 
141053235851071 0.299339 0.259791 0.683500 
141053255727113 0.108257 -0.162985 0.547679 
141053275603155 0.054728 -0.299339 0.307462 
141053295479196 -0.014248 -0.240750 0.156194 
141053315355030 -0.097738 -0.036618 0.079628 
141053335230030 -0.085887 0.194810 0.103197 
141053355105030 -0.013449 0.311856 0.176967 
141053374980030 0.077098 0.218246 0.239152 
141053394855030 0.204664 0.033689 0.271509 
141053414730030 0.351138 -0.143677 0.272042 
141053434605030 0.418249 -0.231295 0.228366 
141053454480030 0.356996 -0.229032 0.164850 
141053474355030 0.219311 -0.196674 0.107592 
141053494230030 0.081360 -0.214517 0.110122 
141053514105030 0.010786 -0.120242 0.187353 
141053533980030 0.075767 -0.110122 0.145408 
141053553855030 0.243812 -0.219178 0.026765 
141053573730030 0.243280 -0.404268 -0.150069 
141053593605030 0.035553 -0.539955 -0.290417 
141053613480030 -0.122239 -0.550076 -0.315984 
141053633355030 -0.200802 -0.440886 -0.331563 
141053653230030 -0.327968 -0.381764 -0.492019 
141053673105030 -0.613725 -0.551407 -0.775379 
141053692980030 -0.787629 -0.474175 -1.073253 
141053712855030 -0.725445 -0.128231 -1.229181 
141053732730030 -0.491486 0.298940 -1.073253 
141053752605030 -0.166847 0.740491 -0.624111 
141053772480030 0.093477 0.798815 -0.268846 
141053792355030 0.299872 0.211987 -0.125035 
141053812230030 0.439155 -0.443549 -0.199471 
141053832105030 0.711596 -0.563924 -0.423975 
141053851980030 0.905607 -0.621981 -0.609198 
141053871855030 0.848882 -0.970189 -0.669385 
141053891730030 0.542219 -0.964996 -0.754340 
141053911605030 0.283360 -0.583898 -0.707468 
141053931480030 0.097472 -0.254332 -0.443283 
141053951355030 0.102532 -0.200669 -0.210922 
141053971230030 0.300005 -0.412124 -0.201468 
141053991105030 0.511593 -0.657667 -0.256329 
141054010980030 0.519982 -0.896286 -0.368448 
141054030855030 0.316916 -0.929043 -0.442484 
141054050730238 0.071905 -0.610263 -0.428902 
141054070606280 -0.128364 -0.162586 -0.320511 
141054090482321 -0.166447 -0.051399 -0.263386 
141054110358363 0.045141 -0.074968 -0.252334 
141054130234405 0.245410 -0.096806 -0.082691 
141054150110446 0.289485 -0.178698 0.057791 
141054169986488 0.223040 -0.128497 0.240750 
141054189862530 0.028629 0.325305 0.458463 
141054209738571 -0.246209 0.588292 0.685364 
141054229614613 -0.384560 0.513990 0.705071 
141054249490655 -0.360991 0.011052 0.778575 
141054269366696 -0.216382 -0.793755 0.971387 
141054289242738 0.119443 -1.143161 1.427586 
141054309118780 0.518917 -0.989497 1.896569 
141054328994821 0.740491 -0.792822 1.917208 
141054348870863 0.585096 -1.092295 1.746899 
141054368746905 0.209990 -1.619068 1.948234 
141054388622946 -0.006258 -1.662211 2.323207 
141054408498780 0.140748 -1.471529 2.666888 
141054428373780 0.425306 -1.443299 2.923616 
141054448248780 0.657534 -1.837313 3.039330 
141054468123780 0.858603 -2.430532 3.190331 
141054487998780 1.018259 -2.611627 3.361839 
141054507873780 0.916260 -2.600708 3.350254 
141054527748780 0.664059 -2.637060 3.359708 
141054547623780 0.600409 -2.592719 3.282610 
141054567498780 0.845953 -2.287787 3.129212 
141054587373780 1.085371 -2.103763 2.875679 
141054607248780 1.184839 -1.673929 2.475673 
141054627123780 0.975249 -1.232910 2.021471 
141054646998780 0.767922 -0.652873 1.726526 
141054666873780 0.670717 -0.171774 1.428385 
141054686748780 0.621714 0.287089 1.149020 
141054706623780 0.432364 0.721050 0.618386 
141054726498780 0.175502 1.317065 0.151667 
141054746373780 0.038483 1.819071 -0.150602 
141054766248780 -0.049668 1.770335 -0.431032 
141054786123780 0.055127 1.448492 -0.341018 
141054805998780 0.168977 0.944223 -0.245943 
141054825873780 0.284159 0.669784 0.091480 
141054845748780 0.684565 0.513590 0.527838 
141054865623780 1.183508 0.114516 0.773781 
141054885498780 1.707751 -0.365918 0.949549 
141054905373780 2.035852 -0.807337 0.762729 
141054925248780 1.958753 -1.343031 0.541820 
141054945123780 1.563008 -1.624128 0.330365 
141054964998780 0.837164 -1.448625 0.180429 
141054984873780 -0.080960 -1.167662 0.173904 
141055004748780 -0.651009 -1.151017 0.282428 
141055024623780 -0.562193 -1.290301 0.325571 
141055044498780 -0.122905 -1.659947 0.348608 
141055064373780 0.234624 -2.127598 0.259125 
141055084248780 0.270177 -2.405232 0.214517 
141055104123780 0.139150 -2.176733 0.335558 
141055123998780 0.070840 -1.770868 0.594018 
141055143873780 -0.187353 -1.935185 0.630769 
141055163749509 -0.664458 -2.275803 0.400140 
141055183625551 -0.923717 -1.688310 0.208525 
141055203501592 -0.338221 -1.559280 -0.211322 
141055223377634 0.301070 -2.337455 -0.490154 
141055243253676 -0.553404 -1.480317 0.187353 
141055263129717 -1.053146 -0.807470 1.526256 
141055283005759 0.996155 -2.480600 0.563924 
141055302881801 0.035953 -1.339702 0.620916 
141055322757842 -0.049934 -0.816924 0.339153 
141055342633884 -0.170708 -1.226385 0.277368 
141055362509926 -0.383894 -1.347159 0.597480 
141055382385967 -1.050749 -1.114133 0.845287 
141055402262009 -0.718654 -0.755405 0.675244 
141055422138051 0.068976 -0.203465 0.526107 
141055442014092 0.086286 0.286556 0.628772 
141055461890134 -0.075634 0.369247 0.712795 
141055481766176 -0.119842 -0.272841 0.782170 
141055501642217 -0.358461 -0.905208 0.892824 
141055521517530 -0.624111 -0.912265 1.132908 
141055541392530 -0.405466 -0.863929 1.314136 
141055561267530 -0.024767 -0.790958 1.381913 
141055581142530 0.243546 -0.592686 1.519332 
141055601017530 0.146607 -0.600143 1.568601 
141055620892530 -0.046073 -0.430233 1.504152 
141055640767530 -0.197340 0.011185 1.375788 
141055660642530 -0.220909 0.435693 1.426521 
141055680517530 -0.046872 0.723713 1.170725 
141055700392530 0.016112 0.924249 0.673380 
141055720267530 -0.002929 0.924516 0.465387 
141055740142530 -0.060853 0.829707 0.512791 
141055760017530 -0.331430 0.119709 0.694951 
141055779892530 -0.754606 -0.464322 1.061668 
141055799767530 -1.207077 -0.838629 1.509612 
141055819642530 -1.548361 -1.290034 2.004293 
141055839517530 -1.621331 -1.875530 2.811497 
141055859392530 -1.282577 -2.733067 3.173287 
141055879267530 -0.384560 -2.661694 3.107774 
141055899142530 0.660330 -1.651292 2.954376 
141055919017530 1.079778 -0.516919 3.231477 
141055938892530 0.939962 0.624111 3.799130 
141055958767530 0.599211 2.590055 3.949065 
141055978642530 -0.152865 3.075549 3.816307 
141055998517530 0.321310 0.660064 3.303649 
141056018392530 1.361806 -0.837564 2.619483 
141056038267530 1.657550 -2.853575 5.601556 
141056058142530 -0.405200 -4.739225 5.361738 
141056078017530 -2.178331 -0.541953 1.272058 
141056097892530 -0.601208 2.116013 -0.231695 
141056117767530 0.870986 0.531567 0.114782 
141056137642530 0.525574 -0.325305 0.155662 
141056157517530 0.086153 -0.166314 0.165382 
141056177392530 0.066579 0.444348 0.115048 
141056197267530 0.072571 1.069658 0.066712 
141056217142530 0.053130 1.313071 0.029028 
141056237017530 0.104529 1.257277 0.029162 
141056256892738 0.186687 1.039564 0.004128 
141056276768780 0.303600 0.885101 -0.043809 
141056296644821 0.378435 0.856605 -0.106793 
141056316520863 0.429701 0.870720 -0.182027 
141056336396905 0.464322 0.919722 -0.260324 
141056356272946 0.435959 0.988964 -0.385892 
141056376148988 0.319446 0.962599 -0.509729 
141056396025030 0.137952 0.837164 -0.599078 
141056415901071 -0.081360 0.623978 -0.690823 
141056435777113 -0.451006 0.340618 -0.788162 
141056455653155 -0.634631 0.052198 -0.724246 
141056475529196 -0.321177 -0.080028 -0.543950 
141056495405238 -0.227434 0.105328 -0.440620 
141056515281280 -0.366051 0.436891 -0.219311 
141056535157321 -0.300404 0.561128 -0.066978 
141056555033363 -0.096806 0.433296 -0.117445 
141056574909405 0.296543 0.234491 -0.122905 
141056594785446 0.569783 0.229964 -0.111453 
141056614661488 0.688293 0.648879 -0.159923 
141056634536801 0.708400 1.215732 -0.203599 
141056654411801 0.587626 1.126516 -0.256995 
141056674286801 0.237421 0.721982 -0.253133 
141056694161801 -0.239551 0.897884 -0.313853 
141056714036801 -0.241282 0.957273 -0.260590 
141056733911801 -0.033955 0.786564 -0.175103 
141056753786801 0.097871 0.774713 -0.122905 
141056773661801 0.287355 1.051548 -0.085887 
141056793536801 0.498677 1.491369 -0.017976 
141056813411801 0.697881 1.587110 0.139283 
141056833286801 0.687495 1.535311 0.283227 
141056853161801 0.584830 1.641838 0.279232 
141056873036801 0.547279 1.720001 0.329566 
141056892911801 0.273773 1.841575 0.298940 
141056912786801 0.178032 1.632783 0.311323 
141056932661801 0.374573 1.575392 0.364453 
141056952536801 -0.001864 1.719469 0.091746 
141056972411801 -0.510528 1.634514 0.095341 
141056992286801 -0.584297 1.886449 0.195476 
141057012161801 -0.603339 1.556483 0.349273 
141057032036801 -0.519715 0.577506 0.631169 
141057051911801 -0.571114 -0.374041 0.797350 
141057071786801 -0.936500 -1.084838 0.986168 
141057091661801 -1.060071 -0.773515 0.685098 
141057111536801 -1.238768 -0.310258 0.464189 
141057131411801 -1.334775 -0.198006 0.571913 
141057151286801 -0.906939 -0.739160 0.528637 
141057171161801 -0.622114 -0.894555 0.566321 
141057191036801 -0.474974 -0.590156 0.547013 
141057210911801 -0.049934 -0.221175 0.568451 
141057230786801 0.224371 0.406798 0.621714 
141057250661801 0.212920 0.662993 0.508797 
141057270536801 -0.114516 0.945688 -0.026898 
141057290411801 -0.217713 0.993758 -1.114798 
141057310286801 -0.233026 1.257411 -1.935717 
141057330161801 -0.335558 1.245826 -2.091512 
141057350037530 -0.153931 0.843289 -2.373674 
141057369913571 0.269512 0.744220 -2.097504 
141057389789613 0.504269 1.000149 -2.487790 
141057409665655 0.094409 1.201484 -3.549592 
141057429541696 -0.511992 1.128780 -3.707251 
141057449417738 -0.224371 2.406564 -2.988464 
141057469293780 -0.081360 2.163284 -2.056358 
141057489169821 0.105861 1.295361 -1.264867 
141057509045863 0.040214 1.076848 -0.988565 
141057528921905 -0.145808 1.080843 -1.046755 
141057548797946 -0.254598 1.521196 -1.612143 
141057568673988 -0.269112 1.949699 -2.414953 
141057588550030 -0.117712 1.637443 -2.642253 
141057608426071 0.142612 1.249687 -3.383943 
141057628302113 0.349939 0.972852 -4.053728 
141057648178155 -0.189484 0.253533 -4.394079 
141057668054196 -1.817606 -0.357396 -4.368779 
141057687930238 -1.894039 0.768455 -4.096871 
141057707806280 -1.181777 1.511210 -3.185005 
141057727681592 -0.201202 2.052896 -1.830522 
141057747556592 0.476839 2.496046 -1.115198 
141057767431592 0.123171 2.171806 -1.101083 
141057787306592 0.009454 2.280330 -1.347026 
141057807181592 0.183891 2.548244 -1.346626 
141057827056592 0.065381 1.779656 -1.141563 
141057846931592 -1.398824 0.884302 -0.932772 
141057866806592 -2.380198 0.721317 -0.325039 
141057886681592 -2.682334 1.289768 0.248739 
141057906556592 -2.774879 1.683250 0.230763 
141057926431592 -2.474341 1.187636 -0.188152 
141057946306592 -1.979659 0.112785 -0.625310 
141057966181592 -2.055559 -0.181627 -0.902012 
141057986056592 -2.789127 0.401604 -0.735964 
141058005931592 -3.309375 1.372859 -0.469781 
141058025806592 -2.982472 1.791507 -0.185223 
141058045681592 -1.867540 1.666206 -0.208392 
141058065556592 -0.839161 1.233176 -0.503737 
141058085431592 -0.504935 1.111336 -0.614790 
141058105306592 -0.612660 1.983787 -0.345545 
141058125181592 -0.985635 3.509378 -0.014248 
141058145056592 -1.308543 5.222322 0.182027 
141058164931592 -1.549293 7.172553 0.103863 
141058184806592 -1.566204 8.121837 -0.133424 
141058204681592 -1.466735 8.095604 -0.569783 
141058224556592 -1.232377 7.323954 -1.043825 
141058244431592 -0.845287 6.737792 -1.276452 
141058264306592 -0.540222 6.606099 -1.302551 
141058284181592 -0.788961 6.193842 -1.400023 
141058304056592 -1.185638 5.387171 -1.031841 
141058323931592 -1.049551 4.957471 -0.405732 
141058343806592 -0.655004 4.810730 -0.171374 
141058363681592 -0.295478 4.972384 -0.159790 
141058383556592 -0.377769 4.718985 -0.195875 
141058403432321 -0.338221 3.978760 -0.247141 
141058423308363 0.431698 3.945337 -0.625709 
141058443184405 0.939962 4.594482 -1.140365 
141058463060446 1.135172 5.775061 -0.359393 
141058482936488 0.912798 5.304081 0.239684 
141058502812530 0.708933 3.528153 0.392017 
141058522688571 0.418515 2.747182 0.514123 
141058542564613 -0.093610 3.511375 0.657001 
141058562440655 -0.046073 3.569166 0.704805 
141058582316696 0.443283 2.246774 0.057258 
141058602192738 0.179896 1.595632 -0.307994 
141058622068780 -0.603605 1.810416 -0.355132 
141058641944821 -1.094558 2.231860 -0.264319 
141058661820863 -1.114532 2.395645 -0.113051 
141058681696905 -0.809867 2.605235 -0.208259 
141058701572946 -0.351670 2.489255 -0.439155 
141058721448988 0.020639 1.369530 -0.285224 
141058741325030 0.201202 0.533431 -0.450607 
141058761201071 0.046206 0.468982 -0.611461 
141058781076905 -0.518917 0.827044 -0.283493 
141058800951905 -0.739559 1.318930 -0.136487 
141058820826905 -0.662061 1.759949 0.113584 
141058840701905 -0.470980 2.061552 -0.077631 
141058860576905 -0.328900 0.926380 -0.337156 
141058880451905 -0.670450 0.344613 -0.361657 
141058900326905 -0.735565 -0.070707 -0.403335 
141058920201905 -0.707202 -0.389354 -0.572047 
141058940076905 -0.825579 -0.469382 -0.723048 
141058959951905 -0.916393 -0.379101 -0.228899 
141058979826905 -1.049950 0.175103 0.204264 
141058999701905 -0.638492 -0.327702 -0.342882 
141059019576905 -0.438889 -0.977246 -1.325987 
141059039451905 -0.466852 -1.225985 -1.688842 
141059059326905 -0.270843 -1.162602 -0.748747 
141059079201905 -0.253133 -0.810666 0.017177 
141059099076905 -0.163917 -0.615057 0.181095 
141059118951905 -0.369913 -0.684032 -0.391618 
141059138826905 -0.593884 -1.187103 -0.831971 
141059158701905 -0.854741 -1.411608 -1.021322 
141059178576905 -1.041428 -1.235839 -1.055676 
141059198451905 -0.879242 -0.726909 -0.921320 
141059218326905 -0.834767 -0.077764 -0.632900 
141059238201905 -0.720251 0.447411 -0.438489 
141059258076905 -0.407064 0.118111 -0.477638 
141059277951905 0.026765 -0.991894 -0.927445 
141059297826905 0.316250 -2.116146 -1.727325 
141059317701905 0.702941 -0.859268 -1.602023 
141059337576905 0.956340 0.113717 -1.532648 
141059357451905 0.969656 0.423442 -1.116263 
141059377326905 0.553271 0.338354 -0.469249 
141059397201905 0.003728 -0.163917 -0.041945 
141059417077113 -0.333561 -0.576973 -0.070174 
141059436953155 -0.518517 -1.025982 -0.199204 
141059456829196 -0.608266 -1.163934 -0.317049 
141059476705238 -0.874848 -1.456615 -0.999617 
141059496581280 -1.132775 -1.094292 -1.841175 
141059516457321 -1.025183 -0.556733 -2.073669 
141059536333363 -0.746350 -0.698413 -2.063549 
141059556209405 -0.635829 -0.850214 -2.265150 
141059576085446 -0.532366 -0.635962 -2.705237 
141059595961488 -0.266582 -0.042744 -3.221890 
141059615837530 0.024235 0.621714 -3.146656 
141059635713571 -0.297741 -0.219844 -2.858236 
141059655589613 -0.874715 -1.437573 -2.580202 
141059675465655 -1.193095 -1.520264 -1.354216 
141059695341696 -0.780971 -0.978578 0.377370 
141059715217738 -0.081226 -0.209058 0.507598 
141059735093780 -0.005060 -0.595349 0.055261 
141059754969821 0.117046 -0.415186 0.267647 
141059774845863 0.263653 0.175635 0.317049 
141059794721905 0.500807 0.769387 0.230496 
141059814597738 0.599877 0.741423 0.139150 
141059834472738 0.383761 0.267781 0.129296 
141059854347738 0.137419 0.121973 0.205330 
141059874222738 0.136221 0.112119 0.198006 
141059894097738 0.243679 0.351138 0.146341 
141059913972738 0.292814 0.421978 0.110654 
141059933847738 0.133291 0.031026 0.069109 
141059953722738 -0.243679 -0.498410 0.025300 
141059973597738 -0.350072 -0.378035 0.004661 
141059993472738 -0.202267 -0.153398 -0.023702 
141060013347738 -0.125568 -0.164716 -0.018775 
141060033222738 -0.104928 -0.180828 -0.008389 
141060053097738 -0.112119 -0.208392 0.023036 
141060072972738 -0.074302 -0.125302 0.063117 
141060092847738 0.007723 -0.061519 0.102265 
141060112722738 0.036752 -0.107325 0.115714 
141060132597738 -0.004527 -0.174703 0.085088 
141060152472738 0.001465 -0.120108 0.113317 
141060172347738 0.056725 -0.001997 0.168578 
141060192222738 0.058057 -0.007590 0.166980 
141060212097738 -0.035819 -0.327169 0.044075 
141060231972738 -0.066712 -0.236355 0.022237 
141060251847738 0.028496 0.014914 0.047804 
141060271722738 0.138617 0.118111 0.065114 
141060291597738 0.141281 0.004927 0.053796 
141060311472738 0.073770 -0.140615 0.057524 
141060331347738 0.053796 -0.138751 0.066180 
141060351222738 0.001997 -0.300005 0.047804 
141060371097738 -0.051798 -0.287222 0.043010 
141060390972738 -0.011052 -0.210656 0.039548 
141060410847738 0.030893 -0.179497 0.029561 
141060430722946 0.070574 -0.123038 -0.014248 
141060450598988 0.214251 0.213186 -0.066046 
141060470475030 0.650210 1.063399 -0.134223 
141060490351071 0.878709 1.386307 -0.453669 
141060510227113 0.595216 0.835300 -0.437957 
141060530103155 0.423309 0.441552 -0.116513 
141060549979196 0.382030 0.264984 0.074702 
141060569855238 0.349273 0.190682 0.082425 
141060589731280 0.424108 0.270710 0.076832 
141060609607321 0.568851 0.386824 0.072038 
141060629483363 0.710131 0.501606 0.056326 
141060649359405 0.898683 0.692821 -0.001598 
141060669235446 1.026381 0.658200 -0.069508 
141060689111488 1.044624 0.469115 -0.045141 
141060708987530 0.876845 0.285624 0.046605 
141060728863571 0.538757 0.062052 0.081360 
141060748739613 0.177766 -0.122905 0.057791 
141060768615655 -0.097338 -0.263520 0.011585 
141060788491696 -0.300537 -0.535961 -0.023036 
141060808367738 -0.497478 -0.802010 -0.025966 
141060828243780 -0.659798 -0.798415 -0.014514 
141060848119092 -0.726243 -0.518384 -0.015047 
141060867994092 -0.780971 -0.276170 0.022371 
141060887869092 -0.724246 -0.333827 0.154197 
141060907744092 -0.397743 -0.351271 0.395745 
141060927619092 -0.377503 -0.307462 0.580968 
141060947494092 -0.636229 -0.204664 0.522645 
141060967369092 -0.356198 -0.256329 0.375106 
141060987244092 -0.169910 -0.770319 0.191881 
141061007119092 -0.560994 -0.481632 -0.115581 
141061026994092 -0.814527 0.177366 -0.290551 
141061046869092 -0.670184 0.407463 -0.059388 
141061066744092 -0.402137 0.810532 0.268713 
141061086619092 -0.281363 1.517069 0.371244 
141061106494092 -0.213985 1.566870 0.232893 
141061126369092 -0.080561 0.565522 0.197740 
141061146244092 -0.157526 0.393881 0.161521 
141061166119092 -0.340618 0.368714 0.109988 
141061185994092 -0.376171 0.484295 0.122638 
141061205869092 -0.337156 0.465254 0.186022 
141061225744092 -0.302668 0.495481 0.209058 
141061245619092 -0.271243 0.577772 0.171108 
141061265494092 -0.218912 0.577240 0.111054 
141061285369092 -0.244345 0.480967 0.037151 
141061305244092 -0.260990 0.419581 -0.008256 
141061325119092 -0.282162 0.426372 -0.017177 
141061344994092 -0.269911 0.442351 0.007457 
141061364869092 -0.240750 0.407330 0.001997 
141061384744092 -0.177100 0.383761 -0.074435 
141061404619092 -0.156594 0.497345 -0.205596 
141061424494301 -0.122905 0.579903 -0.237154 
141061444370342 -0.027031 0.562193 -0.229831 
141061464246384 -0.055261 0.502405 -0.203465 
141061484005499 -0.158458 0.558997 -0.153398 
141061503743259 -0.173771 0.587626 -0.125568 
141061523532321 -0.139683 0.527971 -0.095075 
141061543382321 -0.070973 0.585895 -0.057258 
141061563292217 0.061652 0.633033 -0.054994 
141061583251592 0.161521 0.653406 -0.086553 
141061603242999 0.182160 0.731570 -0.121706 
141061623237790 0.267514 0.965528 -0.133557 
141061643136488 0.427837 1.455683 -0.117712 
141061663011488 0.506400 1.252484 0.027564 
141061682886488 0.614790 1.007207 0.112252 
141061702761488 0.831705 0.996687 0.045007 
141061722636488 1.039564 1.141563 0.007590 
141061742511488 1.268330 1.388837 -0.042344 
141061762386488 1.527455 1.160738 -0.046339 
141061782261488 1.886182 0.394148 -0.050733 
141061802136488 2.112285 -0.177899 -0.073770 
141061822011488 1.634514 -0.295877 -0.108657 
141061841886488 0.752875 -0.260191 -0.195742 
141061861761488 0.230230 0.141414 -0.349673 
141061881636488 0.063383 0.622513 -0.413988 
141061901511488 -0.282694 0.223572 -0.468183 
141061921386488 -0.688693 -0.736097 -0.615856 
141061941261488 -0.793621 -1.505750 -0.789627 
141061961136488 -0.389221 -1.490570 -0.724379 
141061981011488 -0.207993 -2.002030 -0.648879 
141062000886488 -0.704672 -2.086985 -0.327435 
141062020761488 -0.785499 -1.677657 0.041678 
141062040636488 -0.473243 -1.935584 0.233426 
141062060511488 -0.062451 -1.424391 0.430233 
141062080386488 0.357795 -0.473643 0.956207 
141062100261488 -0.130495 0.329033 0.296010 
141062120136488 -0.331563 0.819055 -0.130095 
141062140011488 -0.027697 0.738894 -0.025034 
141062159886488 -0.089349 -0.063783 0.341417 
141062179761488 -0.372443 -1.011601 0.069642 
141062199636488 -0.496147 -1.978328 0.020107 
141062219511488 -0.460194 -1.034371 0.176701 
141062239387269 -0.215050 0.356198 0.034088 
141062259263311 -0.130362 0.390552 0.098803 
141062279139353 -0.101333 0.215583 0.098670 
141062299015394 -0.130362 -0.108923 -0.000399 
141062318891436 -0.176434 -0.077897 -0.027963 
141062338767478 -0.216249 -0.131560 -0.038349 
141062358643519 -0.211987 -0.117578 0.025566 
141062378519561 -0.402270 -0.560329 0.129962 
141062398395603 -0.547945 -0.841691 0.109855 
141062418271644 -0.607999 -0.995489 0.087751 
141062438147686 -0.452071 -0.605070 0.096540 
141062458023728 -0.136753 0.013715 0.156594 
141062477899769 0.135821 0.551141 0.015047 
141062497775811 0.265117 0.589757 0.060321 
141062517651853 0.345811 0.596415 0.104263 
141062537527894 0.469515 0.752342 0.099735 
141062557403936 0.615856 1.042760 0.037684 
141062577279978 0.459395 0.799747 0.003862 
141062597156019 -0.040746 -0.141946 0.001598 
141062617032061 -0.286689 -0.800546 0.004794 
141062636907842 -0.459262 -1.311073 0.050467 
141062656782842 -0.428502 -1.097887 -0.019974 
141062676657842 -0.315052 -0.581634 -0.097072 
141062696532842 -0.137952 -0.072704 -0.056858 
141062716407923 -0.094276 -0.198272 0.008655 
141062736282923 -0.212387 -0.425306 -0.008922 
141062756157923 -0.139017 -0.229964 0.022637 
141062776032923 0.060187 0.059255 0.010120 
141062795907923 0.139550 0.148338 0.003995 
141062815782923 0.188419 0.268047 0.003595 
141062835657923 0.261256 0.427171 0.089882 
141062855532923 0.338354 0.607999 0.188419 
141062875407923 -0.004394 0.126101 0.120375 
141062895282923 -0.473510 -0.975648 -0.054328 
141062915157923 -0.817723 -1.670067 -0.122772 
141062935032923 -0.706669 -1.326386 -0.035154 
141062954907923 -0.494415 -1.164333 0.096806 
141062974782923 -0.553671 -0.902944 0.072172 
141062994657923 -0.775911 -0.673247 -0.158458 
141063014532923 -0.629837 -0.094675 -0.385093 
141063034407923 -0.388155 -0.455001 -0.484162 
141063054282923 -1.004677 -2.431065 -0.643952 
141063074157923 -0.827843 -1.635845 -0.554736 
141063094032923 -0.287355 -0.401205 -0.373508 
141063113907923 -0.061120 -0.297209 -0.111853 
141063133782923 -0.071373 0.109456 -0.087485 
141063153657923 -0.116380 0.154330 -0.116247 
141063173532923 -0.139949 -0.225170 -0.068310 
141063193407923 -0.070174 -0.043409 -0.239285 
141063213282923 0.050334 0.254332 -0.444348 
141063233158184 0.078164 0.345811 -0.575509 
141063253034225 0.071373 0.529170 -0.460460 
141063272910267 0.110787 0.775379 -0.323973 
141063292786309 0.207061 0.939962 -0.184291 
141063312662350 0.231029 0.977246 0.024767 
141063332538392 0.056858 0.648080 -0.096540 
141063352414434 0.101200 0.474442 -0.164184 
141063372290475 0.266316 0.361923 -0.056858 
141063392166517 0.177100 0.499342 0.108524 
141063412042559 0.047271 0.809867 0.207061 
141063431918600 0.061519 0.726110 0.171641 
141063451794642 0.139416 0.551673 0.118644 
141063471670684 0.339952 1.138634 0.534097 
141063491546725 0.540754 1.447027 0.708267 
141063511422767 0.284559 0.585496 0.650876 
141063531298809 -0.054195 -0.382297 0.561394 
141063551174850 -0.826245 -1.447693 -0.370845 
141063571050892 -1.023718 -0.994557 -0.137552 
141063590926934 0.063783 -0.188419 0.072837 
141063610802975 0.419714 0.313587 0.276170 
141063630679017 0.089083 0.487092 -0.135422 
141063650554277 -0.084023 0.347542 -0.202533 
141063670429277 -0.077897 0.383229 -0.063383 
141063690304277 0.106393 0.416651 -0.003462 
141063710179277 0.330365 0.461392 -0.027697 
141063730054277 0.474175 0.287754 0.119043 
141063749929277 0.569650 -0.379234 0.602939 
141063769804277 0.429168 -0.447278 0.619850 
141063789679277 0.426372 -0.190016 0.586028 
141063809554277 0.451539 -0.310924 0.718787 
141063829429277 0.310524 -0.019707 1.053679 
141063849304277 0.651542 0.948085 1.451022 
141063869179277 1.187236 1.096423 1.710414 
141063889054277 1.299355 0.396678 1.978594 
141063908929277 1.363937 0.040214 2.343580 
141063928804277 1.579653 -0.309060 2.628405 
141063948679277 1.882720 -1.352752 2.238119 
141063968554277 2.037317 -1.708150 1.620532 
141063988429277 1.920138 -1.302019 1.445296 
141064008304277 1.758617 -0.930375 1.047687 
141064028179277 1.702025 -1.171124 1.770601 
141064048054277 1.213202 -0.992027 1.192696 
141064067929277 1.349556 -1.029577 1.075783 
141064087804277 0.880174 -0.112652 0.806804 
141064107679277 1.083639 -1.085104 1.106676 
141064127554277 1.239567 -1.050350 1.864211 
141064147429277 1.094159 -1.708283 1.787779 
141064167304277 1.038898 -2.239051 1.755421 
141064187179277 0.803875 -1.303084 1.926529 
141064207054277 0.396544 -0.156993 1.885916 
141064226929277 0.237953 -0.112785 2.182060 
141064246804277 0.333827 -1.306546 2.345311 
141064266680059 0.378568 -2.312954 1.651159 
141064286556100 -0.181627 -2.489388 0.703740 
141064306432142 -0.547812 -2.837729 -0.154996 
141064326308184 0.176035 -4.279563 -1.219860 
141064346184225 0.243280 -4.248405 -1.823598 
141064366060267 0.192546 -2.663159 -1.900430 
141064385936309 0.081892 -1.324655 -1.878859 
141064405812350 1.445962 -0.464055 -1.997369 
141064425688392 1.957555 -0.971654 -2.513090 
141064445564434 2.339186 -0.576707 -2.823748 
141064465440475 2.440652 -0.184690 -2.596713 
141064485316517 2.466751 -0.286556 -2.131726 
141064505192559 2.177266 -0.281895 -2.136120 
141064525068600 2.056625 -0.102798 -1.993907 
141064544944642 2.021471 0.062717 -1.955291 
141064564820684 1.829590 -0.137552 -1.955158 
141064584696725 1.605752 -0.368182 -1.906023 
141064604572767 1.573128 -0.334360 -1.990578 
141064624448809 1.626924 -0.271509 -2.163018 
141064644324850 1.355681 -0.417983 -1.859950 
141064664200111 0.976980 0.012384 -1.469531 
141064684075111 0.749147 0.419048 -0.929842 
141064703950111 0.527172 0.729040 -0.594950 
141064723825111 0.271909 0.932372 -0.611728 
141064743700111 0.105994 0.449941 -0.892425 
141064763575111 0.276303 0.026099 -1.203082 
141064783450111 0.547279 -0.029961 -1.276319 
141064803325111 0.726510 0.540754 -1.121723 
141064823200111 0.475108 0.478303 -0.967925 
141064843075111 -0.017044 -0.517186 -1.058872 
141064862950111 -0.375372 -0.988964 -1.082707 
141064882825111 -0.090281 0.432098 -1.169659 
141064902700111 0.284692 0.856738 -1.016927 
141064922575111 0.147273 0.795885 -0.715990 
141064942450111 -0.240616 1.180312 -0.481233 
141064962325111 -0.526373 1.639840 -0.022637 
141064982200111 -0.441685 1.604420 0.234225 
141065002075111 -0.084822 0.958071 0.269112 
141065021950111 0.239817 0.468183 0.256462 
141065041825111 0.235823 -0.102398 0.401072 
141065061700111 -0.144476 -0.545548 0.332762 
141065081575111 -0.558065 -0.398941 0.181761 
141065101450111 -0.713061 0.184157 0.106660 
141065121325111 -0.525308 0.232094 0.113850 
141065141200111 -0.139283 -0.245810 0.202800 
141065161075111 0.265517 -0.670450 0.241549 
141065180950111 0.520914 -0.955142 0.283760 
141065200825111 0.740758 -1.159140 0.289086 
141065220700111 0.830373 -0.850480 0.285757 
141065240575111 0.612527 -0.425440 0.321843 
141065260450111 0.304133 -0.325438 0.339553 
141065280325892 0.149270 -0.036485 0.297075 
141065300201934 0.067511 0.414254 0.323973 
141065320077975 -0.094675 0.769387 0.382563 
141065339954017 -0.187486 0.888696 0.410127 
141065359830059 -0.095075 0.674978 0.392816 
141065379706100 0.027830 0.457797 0.391484 
141065399582142 0.020107 0.470048 0.404667 
141065419458184 -0.105195 0.647547 0.438889 
141065439334225 -0.222241 0.787363 0.488157 
141065459210267 -0.216382 0.710265 0.520115 
141065479086309 -0.128098 0.586294 0.510528 
141065498962350 -0.076965 0.439288 0.482165 
141065518838392 -0.085088 0.360725 0.440753 
141065538714434 -0.144210 0.444082 0.423309 
141065558590475 -0.159523 0.484162 0.425573 
141065578466517 -0.095741 0.544616 0.442218 
141065598342559 0.004927 0.513324 0.444348 
141065618218600 0.331563 0.276436 0.341018 
141065638094642 0.532366 -0.372443 0.235956 
141065657970684 0.480034 -0.491752 0.221042 
141065677845944 0.191348 -0.091080 0.254199 
141065697720944 -0.172706 0.460993 0.309592 
