# Created at Thu Dec 04 22:30:13 GMT+08:00 2025 in Burnaby Canada 
140669271087406 -70.875000 62.831253 -25.406252 
140669291087406 -70.762505 63.018753 -25.368752 
140669311087406 -70.875000 62.831253 -25.256250 
140669331087406 -70.743752 62.737503 -25.556252 
140669351087406 -70.781250 62.381252 -25.706251 
140669371087406 -70.856255 62.043751 -25.781252 
140669391087406 -71.062500 61.931252 -26.006250 
140669411087406 -71.025002 61.893753 -26.006250 
140669431087406 -71.025002 61.556252 -26.156252 
140669451087406 -70.856255 61.425003 -26.325001 
140669471087406 -70.650002 61.312504 -26.606251 
140669491087406 -70.687500 61.312504 -26.568750 
140669511087406 -70.425003 61.406254 -26.437502 
140669531087406 -70.312500 61.500004 -26.381250 
140669551087406 -70.125000 61.350002 -26.175001 
140669571087406 -70.218750 60.937504 -26.343752 
140669591087406 -70.031250 60.675003 -26.475000 
140669611087406 -70.087502 60.037502 -26.493752 
140669631087406 -70.256256 59.568752 -26.850000 
140669651087406 -70.368752 58.800003 -27.206251 
140669671087406 -70.875000 58.275002 -27.731251 
140669691087406 -71.362503 57.825001 -28.218752 
140669711087406 -71.775002 57.393753 -28.500002 
140669731087406 -72.018753 57.318752 -28.668751 
140669751087406 -72.450005 57.468754 -28.837502 
140669771087406 -72.787506 57.412502 -28.968752 
140669791087406 -73.106255 57.075001 -28.781252 
140669811087406 -73.462502 57.337502 -28.725000 
140669831087406 -73.743752 57.412502 -28.593752 
140669851087406 -74.025002 57.300003 -28.368752 
140669871087406 -74.568756 57.393753 -28.256250 
140669891087406 -75.112503 57.187504 -28.237501 
140669911087406 -75.881256 57.056252 -28.218752 
140669931087406 -76.856255 57.112503 -28.012501 
140669951087406 -78.112503 57.468754 -27.862501 
140669971087406 -79.443756 57.787502 -27.618752 
140669991087406 -80.550003 57.937504 -27.431252 
140670011087406 -81.637505 58.462502 -26.925001 
140670031087406 -82.293755 59.100002 -26.531252 
140670051087406 -83.025002 59.868752 -25.875002 
140670071087406 -83.831253 60.656254 -25.181252 
140670091087406 -84.768753 61.181252 -24.487501 
140670111087406 -85.893753 61.687504 -23.812500 
140670131087406 -87.000000 62.043751 -22.987501 
140670151087406 -88.387505 62.306252 -21.750000 
140670171087406 -89.718750 62.381252 -21.150002 
140670191087406 -91.668755 62.325001 -20.418751 
140670211087406 -93.750000 62.268753 -19.462502 
140670231087406 -96.037506 61.781254 -18.600000 
140670251087406 -98.043755 61.200001 -17.606251 
140670271087406 -100.162506 60.281254 -16.387501 
140670291087406 -102.262505 59.400002 -15.075001 
140670311087406 -104.287506 58.743752 -14.100000 
140670331087406 -106.612503 58.068752 -12.506250 
140670351087406 -108.712502 57.431252 -10.725000 
140670371087406 -110.606255 56.962502 -8.887501 
140670391087406 -112.237503 56.981251 -6.356250 
140670411087406 -113.418755 57.506252 -3.881250 
140670431087406 -114.018753 58.818752 -1.387500 
140670451087406 -114.093758 60.318752 1.237500 
140670471087406 -114.131256 62.268753 3.806250 
140670491087406 -113.475006 64.612503 6.450000 
140670511087406 -112.162506 67.256256 9.337501 
140670531087406 -110.606255 69.862503 12.225000 
140670551087406 -108.656258 72.412506 14.400001 
140670571087406 -106.331253 75.000000 16.781250 
140670591087406 -103.668755 77.456253 19.256250 
140670611087406 -100.781258 79.650002 21.618752 
140670631087406 -97.462502 81.450005 24.318750 
140670651087406 -93.975006 82.893753 26.362501 
140670671087406 -90.637505 83.981255 28.368752 
140670691087406 -87.281250 85.031250 30.187502 
140670711087406 -83.737503 85.481255 32.212502 
140670731087406 -80.606255 85.762505 33.825001 
140670751087406 -77.587502 85.481255 35.287502 
140670771087406 -74.606255 85.275002 36.693752 
140670791087406 -71.531250 84.956253 37.837502 
140670811087406 -69.075005 84.637505 39.243752 
140670831087406 -66.450005 83.925003 40.350002 
140670851087406 -64.012505 83.137505 41.587502 
140670871087406 -61.443752 82.312500 42.731251 
140670891087406 -59.006252 81.337502 43.781250 
140670911087406 -56.643753 80.381256 44.756252 
140670931087406 -54.787502 79.387505 45.543751 
140670951087406 -53.231251 78.187500 46.350002 
140670971087406 -51.693752 77.006256 47.193752 
140670991087406 -50.625004 76.012505 47.943752 
140671011087406 -49.687504 75.225006 48.243752 
140671031087406 -49.181252 74.868752 48.337502 
140671051087406 -49.050003 74.793755 48.543751 
140671071087406 -49.256252 74.925003 48.618752 
140671091087406 -49.593754 75.281250 48.412502 
140671111087406 -50.137501 76.068756 47.718750 
140671131087406 -50.812504 77.025002 46.818752 
140671151087406 -51.956253 78.206253 45.656250 
140671171087406 -53.287502 79.537506 44.700001 
140671191087406 -55.443752 80.906250 43.537502 
140671211087406 -58.012501 82.012505 42.112503 
140671231087406 -60.937504 83.231255 40.650002 
140671251087406 -64.650002 84.093750 39.262501 
140671271087406 -68.793755 84.693756 38.025002 
140671291087406 -73.293755 85.012505 36.600002 
140671311087406 -77.868752 85.125000 34.950001 
140671331087406 -82.650002 84.787506 33.300003 
140671351087406 -87.318756 84.018753 31.537500 
140671371087406 -91.650002 83.193756 29.925001 
140671391087406 -96.037506 81.750000 28.387501 
140671411087406 -99.843758 79.987503 26.700001 
140671431087406 -103.275002 78.225006 25.481251 
140671451087406 -106.575005 76.106255 24.393751 
140671471087406 -109.256256 73.950005 23.343750 
140671491087406 -111.806252 71.737503 22.725000 
140671511087406 -113.662506 69.918755 22.575001 
140671531087406 -115.106255 68.175003 22.293751 
140671551087406 -116.043755 67.162506 22.331251 
140671571087406 -116.175003 66.825005 22.687500 
140671591087406 -116.287506 66.918755 22.631250 
140671611087406 -115.725006 67.575005 22.800001 
140671631087406 -114.562508 68.775002 23.625000 
140671651087406 -112.650002 70.443756 24.150002 
140671671087406 -110.531258 72.393753 24.656252 
140671691087406 -107.737503 74.887505 25.275002 
140671711087406 -104.381256 77.325005 25.950001 
140671731087406 -100.893753 79.575005 26.793751 
140671751087406 -96.843758 81.600006 27.900002 
140671771087406 -92.456253 83.493752 29.118752 
140671791087406 -87.525002 84.806252 30.450001 
140671811087406 -82.706253 85.650002 31.856251 
140671831087406 -77.512505 86.156250 33.450001 
140671851087406 -72.656250 85.875000 35.231251 
140671871087406 -67.593750 85.368752 36.731251 
140671891087406 -62.887501 84.600006 37.875000 
140671911087406 -58.612503 83.512505 39.075001 
140671931087406 -54.656254 82.181252 40.125000 
140671951087406 -51.693752 80.981255 40.837502 
140671971087406 -48.975002 79.856255 41.512501 
140671991087406 -46.818752 78.806252 41.756252 
140672011087406 -45.243752 78.000000 42.037502 
140672031087406 -44.400002 77.362503 42.525002 
140672051087406 -44.062500 76.875000 42.712502 
140672071087406 -43.893753 76.650002 42.675003 
140672091087406 -44.006252 76.968750 42.675003 
140672111087406 -44.793751 77.418755 42.431252 
140672131087406 -45.487503 78.243752 41.868752 
140672151087406 -46.837502 79.200005 41.156250 
140672171087406 -48.412502 80.437500 40.256252 
140672191087406 -50.493752 81.750000 39.000000 
140672211087406 -52.931252 83.362503 37.931252 
140672231087406 -55.687504 84.787506 36.506252 
140672251087406 -59.043751 86.193756 35.043751 
140672271087406 -62.868752 87.337502 33.393753 
140672291087406 -67.181252 88.162506 31.781252 
140672311087406 -71.718750 88.818756 30.281252 
140672331087406 -76.575005 89.062500 29.043751 
140672351087406 -81.187500 88.762505 27.693750 
140672371087406 -85.856255 87.918755 26.737501 
140672391087406 -90.487503 86.718750 26.025002 
140672411087406 -94.800003 85.031250 25.425001 
140672431087406 -98.718758 83.137505 25.425001 
140672451087406 -102.543755 81.187500 25.631250 
140672471087406 -105.581253 78.712502 26.175001 
140672491087406 -107.887505 76.350006 26.643751 
140672511087406 -110.137505 74.475006 27.337502 
140672531087406 -111.675003 72.825005 27.618752 
140672551087406 -112.556252 71.625000 27.806252 
140672571087406 -113.137505 71.156250 27.975000 
140672591087406 -112.931252 71.193756 27.787500 
140672611087406 -111.993752 71.962502 27.618752 
140672631087406 -110.456253 73.612503 26.981251 
140672651087406 -108.318756 75.712502 26.081251 
140672671087406 -105.450005 77.887505 25.237501 
140672691087406 -100.950005 80.306252 24.543751 
140672711087406 -96.112503 82.875000 24.037500 
140672731087406 -90.562500 84.900002 23.943750 
140672751087406 -84.787506 86.718750 24.243752 
140672771087406 -79.031250 87.712502 24.750002 
140672791087406 -73.331253 88.256256 25.706251 
140672811087406 -67.856255 88.012505 27.112501 
140672831087406 -62.400002 87.375000 28.912500 
140672851087406 -58.256252 86.268753 30.881250 
140672871087406 -54.337502 84.712502 33.018753 
140672891087406 -50.906254 83.081253 34.912502 
140672911087406 -48.112503 81.281250 36.356251 
140672931087406 -45.712502 79.818756 37.650002 
140672951087406 -43.800003 78.543755 38.925003 
140672971087406 -42.637501 77.362503 39.787502 
140672991087406 -42.262501 77.081253 40.256252 
140673011087406 -42.412502 77.250000 40.481251 
140673031087406 -43.650002 77.681252 40.368752 
140673051087406 -45.506252 78.300003 39.918751 
140673071087406 -47.475002 79.462502 39.712502 
140673091087406 -50.081253 80.793755 39.056252 
140673111087406 -53.400002 82.087502 37.987503 
140673131087406 -57.000004 83.868752 36.862503 
140673151087406 -60.993752 85.012505 35.568752 
140673171087406 -65.531250 85.893753 34.350002 
140673191087406 -70.125000 86.662506 33.337502 
140673211087406 -75.168755 86.981255 32.362503 
140673231087406 -80.456253 86.812500 31.256250 
140673251087406 -85.650002 86.100006 30.675001 
140673271087406 -90.712502 85.312500 30.412500 
140673291087406 -95.175003 83.943756 30.131250 
140673311087406 -99.018753 82.612503 30.037500 
140673331087406 -102.187508 81.000000 29.700001 
140673351087406 -104.550003 79.537506 29.343752 
140673371087406 -106.068756 78.881256 28.931252 
140673391087406 -106.575005 78.543755 28.425001 
140673411087406 -105.993752 78.956253 27.431252 
140673431087406 -104.437508 79.725006 26.475000 
140673451087406 -102.131256 81.018753 25.668751 
140673471087406 -98.887505 82.312500 24.581251 
140673491087406 -94.687500 83.906250 24.000000 
140673511087406 -89.850006 85.612503 23.343750 
140673531087406 -84.075005 86.737503 22.725000 
140673551087406 -78.093750 87.731255 22.650002 
140673571087406 -72.150002 87.750000 22.931252 
140673591087406 -66.131256 87.337502 23.156250 
140673611087406 -60.656254 86.456253 23.550001 
140673631087406 -55.631252 85.706253 24.468752 
140673651087406 -51.468754 84.900002 24.975000 
140673671087406 -47.906250 83.812500 25.481251 
140673691087406 -45.506252 82.837502 26.475000 
140673711087406 -43.425003 81.993752 26.850000 
140673731087406 -42.337502 81.675003 27.375002 
140673751087406 -42.075001 81.787506 27.787500 
140673771087406 -42.281250 82.218750 27.862501 
140673791087406 -43.162502 82.725006 27.693750 
140673811087406 -44.568752 83.212502 27.450001 
140673831087406 -46.612503 84.056252 27.618752 
140673851087406 -48.787502 85.256256 26.981251 
140673871087406 -52.125004 86.400002 26.625002 
140673891087406 -55.575001 87.600006 25.818750 
140673911087406 -59.343754 88.556252 25.350000 
140673931087406 -63.412502 89.325005 24.675001 
140673951087406 -68.025002 89.568756 24.056252 
140673971087406 -72.956253 89.887505 23.925001 
140673991087406 -77.700005 89.962502 23.756250 
140674011087406 -82.687500 89.362503 23.775002 
140674031087406 -87.506256 88.068756 23.868752 
140674051087406 -92.231255 86.437500 24.300001 
140674071087406 -96.356255 84.412506 24.693750 
140674091087406 -99.937508 82.481255 25.462502 
140674111087406 -102.787506 80.850006 26.006250 
140674131087406 -104.831253 79.237503 26.231251 
140674151087406 -106.781258 77.625000 26.118752 
140674171087406 -107.887505 76.593750 26.343752 
140674191087406 -108.018753 76.387505 26.362501 
140674211087406 -107.493752 76.687500 26.475000 
140674231087406 -106.350006 77.625000 26.231251 
140674251087406 -104.643753 79.068756 25.856251 
140674271087406 -101.962502 80.625000 25.650002 
140674291087406 -98.306252 82.368752 25.800001 
140674311087406 -93.562500 84.056252 25.687502 
140674331087406 -88.387505 85.762505 25.350000 
140674351087406 -82.800003 87.131256 25.350000 
140674371087406 -77.381256 88.181252 25.425001 
140674391087406 -72.206253 88.781250 25.612501 
140674411087406 -67.162506 88.556252 26.118752 
140674431087406 -62.962502 88.218750 26.868752 
140674451087406 -59.437504 87.675003 27.618752 
140674471087406 -56.512501 87.037506 28.518751 
140674491087406 -54.562504 86.287506 29.868752 
140674511087406 -53.381252 85.743752 30.806252 
140674531087406 -53.100002 85.387505 31.556252 
140674551087406 -53.662502 85.293755 32.325001 
140674571087406 -54.787502 85.837502 32.700001 
140674591087406 -56.550003 86.325005 32.662502 
140674611087406 -59.193752 86.700005 32.250000 
140674631087406 -62.943752 87.356255 32.156250 
140674651087406 -66.787506 87.750000 31.462502 
140674671087406 -71.493752 88.068756 30.937502 
140674691087406 -75.881256 87.918755 30.712502 
140674711087406 -80.475006 87.356255 30.375002 
140674731087406 -85.181252 86.156250 30.187502 
140674751087406 -90.112503 84.675003 30.056252 
140674771087406 -94.800003 83.081253 29.962502 
140674791087406 -98.925003 80.887505 29.812502 
140674811087406 -102.787506 78.712502 29.587502 
140674831087406 -105.993752 76.406250 29.343752 
140674851087406 -108.712502 74.418755 28.537500 
140674871087406 -110.981255 72.431252 27.900002 
140674891087406 -112.650002 71.287506 27.281252 
140674911087406 -113.268753 70.518753 26.643751 
140674931087406 -113.418755 70.200005 25.762501 
140674951087406 -113.156258 70.575005 24.712502 
140674971087406 -112.481255 71.625000 24.075001 
140674991087406 -110.831253 73.068756 23.268751 
140675011087406 -108.281258 75.112503 22.893751 
140675031087406 -104.868752 77.925003 22.668751 
140675051087406 -100.818756 80.193756 22.293751 
140675071087406 -96.112503 82.256256 22.143751 
140675091087406 -90.825005 84.431252 22.500000 
140675111087406 -85.331253 86.156250 23.250000 
140675131087406 -79.856255 87.393753 24.150002 
140675151087406 -74.775002 88.125000 25.275002 
140675171087406 -70.368752 88.368752 26.587502 
140675191087406 -66.487503 87.750000 28.012501 
140675211087406 -63.225002 87.300003 29.643751 
140675231087406 -60.656254 87.187500 30.993752 
140675251087406 -59.006252 86.700005 32.400002 
140675271087406 -58.012501 86.437500 33.637501 
140675291087406 -57.562504 86.137505 34.500000 
140675311087406 -57.806252 86.062500 35.081253 
140675331087406 -58.650002 86.156250 35.212502 
140675351087406 -60.093754 86.512505 35.062500 
140675371087406 -62.231251 86.962502 34.556252 
140675391087406 -64.987503 87.037506 34.237503 
140675411087406 -67.968750 87.262505 33.487503 
140675431087406 -71.831253 87.225006 32.193752 
140675451087406 -75.900002 87.037506 30.862501 
140675471087406 -80.287506 86.568756 29.625002 
140675491087406 -84.900002 85.575005 28.668751 
140675511087406 -89.456253 84.300003 27.600000 
140675531087406 -93.975006 82.350006 26.868752 
140675551087406 -98.456253 80.325005 25.837502 
140675571087406 -102.618752 77.756256 24.993752 
140675591087406 -105.787506 75.487503 24.712502 
140675611087406 -108.262505 73.518753 24.356251 
140675631087406 -110.306252 71.437500 24.056252 
140675651087406 -111.731255 70.012505 23.568750 
140675671087406 -112.668755 69.187500 23.118752 
140675691087406 -112.743752 69.243752 22.537500 
140675711087406 -112.368752 69.825005 22.518751 
140675731087406 -111.056252 71.400002 22.387501 
140675751087406 -108.637505 73.200005 22.125000 
140675771087406 -105.881256 75.225006 22.125000 
140675791087406 -102.093758 78.037506 22.087502 
140675811087406 -97.162506 80.493752 22.050001 
140675831087406 -91.387505 82.668755 22.181252 
140675851087406 -85.031250 84.281250 22.481251 
140675871087406 -78.262505 85.425003 22.931252 
140675891087406 -71.831253 85.931252 23.475000 
140675911087406 -66.150002 85.987503 24.487501 
140675931087406 -60.750004 85.631256 25.818750 
140675951087406 -55.987503 84.525002 27.562502 
140675971087406 -52.181252 83.175003 29.250002 
140675991087406 -49.162502 81.956253 30.918751 
140676011087406 -47.268753 80.925003 32.362503 
140676031087406 -45.993752 80.118752 33.562500 
140676051087406 -45.600002 79.762505 34.912502 
140676071087406 -45.693752 79.500000 35.662502 
140676091087406 -46.462502 79.893753 36.000000 
140676111087406 -47.775002 80.343750 35.793751 
140676131087406 -49.875004 81.618752 35.306252 
140676151087406 -52.893753 82.575005 34.650002 
140676171087406 -56.381252 83.756256 33.750000 
140676191087406 -60.243752 85.068756 32.306252 
140676211087406 -64.650002 86.025002 31.031252 
140676231087406 -69.918755 86.681252 29.718752 
140676251087406 -75.600006 86.212502 28.218752 
140676271087406 -81.525002 85.481255 27.093752 
140676291087406 -87.656250 83.850006 26.437502 
140676311087406 -93.412506 81.862503 25.950001 
140676331087406 -98.887505 78.881256 25.912500 
140676351087406 -104.100006 75.562500 26.531252 
140676371087406 -108.375008 72.281250 26.475000 
140676391087406 -111.300003 69.543755 26.700001 
140676411087406 -113.362503 67.537506 26.925001 
140676431087406 -114.693756 66.393753 26.718752 
140676451087406 -114.693756 66.375000 26.400002 
140676471087406 -113.662506 67.331253 25.631250 
140676491087406 -111.468758 69.525002 24.806252 
140676511087406 -108.187508 72.487503 23.662500 
140676531087406 -103.893753 75.600006 22.612501 
140676551087406 -98.737503 78.693756 21.487501 
140676571087406 -92.231255 81.356255 20.306252 
140676591087406 -85.031250 83.606255 19.481251 
140676611087406 -77.850006 84.787506 19.050001 
140676631087406 -70.650002 85.368752 19.237501 
140676651087406 -63.750004 85.181252 19.293751 
140676671087406 -57.300003 84.243752 19.950001 
140676691087406 -51.562504 82.931252 20.831251 
140676711087406 -46.593750 81.206253 21.731251 
140676731087406 -42.937500 79.575005 23.081251 
140676751087406 -40.087502 77.850006 24.468752 
140676771087406 -37.950001 76.725006 25.818750 
140676791087406 -36.656250 75.693756 26.925001 
140676811087406 -36.262501 75.318756 27.956251 
140676831087406 -36.356251 75.318756 28.500002 
140676851087406 -37.200001 75.918755 29.006250 
140676871087406 -38.775002 76.856255 29.306252 
140676891087406 -40.856251 78.356255 29.250002 
140676911087406 -43.743752 79.912506 28.987501 
140676931087406 -46.800003 81.431252 28.050001 
140676951087406 -50.400002 83.268753 27.018751 
140676971087406 -54.393753 84.956253 25.856251 
140676991087406 -59.175003 86.268753 24.787500 
140677011087406 -64.500000 87.056252 23.625000 
140677031087406 -70.256256 87.675003 22.575001 
140677051087406 -76.162506 87.431252 21.825001 
140677071087406 -81.843750 86.850006 21.281250 
140677091087406 -87.787506 85.893753 21.037500 
140677111087406 -93.262505 84.375000 20.887501 
140677131087406 -98.362503 82.556252 21.056252 
140677151087406 -102.450005 80.568756 21.168751 
140677171087406 -105.506256 78.731255 21.562500 
140677191087406 -107.418755 77.100006 21.693750 
140677211087406 -108.600006 76.050003 21.656250 
140677231087406 -109.050003 75.881256 21.412500 
140677251087406 -108.281258 76.143753 21.356251 
140677271087406 -106.068756 77.268753 21.131250 
140677291087406 -101.550003 78.937500 20.812500 
140677311087406 -96.075005 80.775002 20.231251 
140677331087406 -89.906250 82.500000 19.481251 
140677351087406 -83.193756 84.000000 19.125000 
140677371087406 -76.012505 85.143753 18.825001 
140677391087406 -68.456253 85.593750 18.975000 
140677411087406 -61.275002 85.556252 19.406250 
140677431087406 -54.881252 84.900002 20.212502 
140677451087406 -50.175003 83.531250 21.168751 
140677471087406 -46.331253 82.237503 22.500000 
140677491087406 -43.162502 80.681252 24.112501 
140677511087406 -40.725002 79.406250 25.631250 
140677531087406 -39.243752 78.675003 27.206251 
140677551087406 -38.268753 78.037506 28.350000 
140677571087406 -37.875000 77.793755 29.175001 
140677591087406 -37.950001 77.812500 29.456251 
140677611087406 -38.887501 78.337502 29.850000 
140677631087406 -40.237503 79.143753 29.812502 
140677651087406 -42.243752 80.718750 29.718752 
140677671087406 -44.793751 82.143753 29.400002 
140677691087406 -47.868752 83.437500 28.837502 
140677711087406 -51.787502 85.218750 28.218752 
140677731087406 -56.343754 86.606255 27.506250 
140677751087406 -61.668751 87.750000 27.131250 
140677771087406 -66.956253 88.443756 26.550001 
140677791087406 -72.300003 88.875000 26.343752 
140677811087406 -77.493752 88.781250 26.137501 
140677831087406 -82.950005 88.481255 25.931252 
140677851087406 -87.618752 87.675003 25.762501 
140677871087406 -91.668755 86.568756 25.743752 
140677891087406 -94.968750 85.612503 25.762501 
140677911087406 -97.350006 84.731255 25.800001 
140677931087406 -98.868752 84.000000 25.575001 
140677951087406 -99.900002 83.718750 25.181252 
140677971087406 -100.331253 83.756256 24.693750 
140677991087406 -99.656258 83.981255 24.225000 
140678011087406 -98.175003 84.825005 24.131250 
140678031087406 -95.625000 85.781250 24.356251 
140678051087406 -91.893753 86.831253 24.262501 
140678071087406 -87.281250 87.787506 23.812500 
140678091087406 -82.218750 88.593750 23.531250 
140678111087406 -76.725006 88.875000 23.306252 
140678131087406 -70.912506 89.043755 23.081251 
140678151087406 -64.818756 88.668755 23.081251 
140678171087406 -59.081253 88.012505 23.100000 
140678191087406 -53.625004 86.662506 23.156250 
140678211087406 -49.162502 85.462502 23.550001 
140678231087406 -45.506252 84.243752 24.262501 
140678251087406 -42.843750 83.212502 25.237501 
140678271087406 -41.156250 82.593750 26.381250 
140678291087406 -40.125000 82.050003 27.375002 
140678311087406 -40.087502 82.143753 28.218752 
140678331087406 -40.931252 82.537506 28.762501 
140678351087406 -42.918751 83.568756 28.950001 
140678371087406 -45.618752 84.412506 29.006250 
140678391087406 -49.125004 85.743752 28.931252 
140678411087406 -52.987503 86.943756 28.762501 
140678431087406 -57.150002 87.862503 28.387501 
140678451087406 -62.006252 88.725006 28.237501 
140678471087406 -67.106255 89.006256 28.237501 
140678491087406 -72.337502 88.668755 28.312502 
140678511087406 -77.400002 88.106255 28.706251 
140678531087406 -82.293755 87.206253 29.100000 
140678551087406 -86.868752 85.687500 29.231251 
140678571087406 -90.843750 84.168755 29.362501 
140678591087406 -94.462502 82.668755 29.418751 
140678611087406 -97.293755 81.168755 29.400002 
140678631087406 -99.262505 80.043755 29.475000 
140678651087406 -100.518753 79.556252 29.025002 
140678671087406 -100.893753 79.368752 28.200001 
140678691087406 -100.350006 79.537506 27.356251 
140678711087406 -98.756256 80.268753 26.737501 
140678731087406 -96.243752 81.393753 25.950001 
140678751087406 -92.943756 82.462502 25.368752 
140678771087406 -88.800003 83.568756 25.218752 
140678791087406 -84.225006 84.525002 24.843752 
140678811087406 -79.331253 85.106255 24.993752 
140678831087406 -74.418755 85.350006 25.293751 
140678851087406 -69.600006 85.443756 26.081251 
140678871087406 -65.531250 85.162506 26.906252 
140678891087406 -62.268753 84.487503 28.387501 
140678911087406 -59.343754 83.868752 29.625002 
140678931087406 -57.112503 83.081253 30.337502 
140678951087406 -55.387501 82.706253 31.050001 
140678971087406 -54.018753 82.256256 31.837502 
140678991087406 -53.306252 82.125000 32.493752 
140679011087406 -53.156254 82.162506 32.550003 
140679031087406 -52.987503 82.106255 32.681252 
140679051087406 -53.156254 82.443756 32.062500 
140679071087406 -54.037502 82.987503 31.350000 
140679091087406 -55.575001 83.418755 30.768751 
140679111087406 -57.431252 83.962502 30.093752 
140679131087406 -60.787502 84.581253 28.968752 
140679151087406 -64.537506 84.900002 27.806252 
140679171087406 -68.718750 85.031250 26.962502 
140679191087406 -73.237503 85.275002 25.800001 
140679211087406 -77.962502 84.918755 24.900002 
140679231087406 -82.406250 84.225006 24.075001 
140679251087406 -86.493752 83.475006 23.062500 
140679271087406 -90.806252 82.556252 22.068750 
140679291087406 -93.768753 81.637505 21.356251 
140679311087406 -96.018753 81.000000 20.643751 
140679331087406 -97.518753 80.193756 19.968750 
140679351087406 -98.681252 79.818756 19.481251 
140679371087406 -98.943756 79.893753 19.106251 
140679391087406 -98.456253 80.362503 18.731251 
140679411087406 -97.293755 81.262505 18.600000 
140679431087406 -95.118752 82.106255 18.600000 
140679451087406 -92.268753 83.137505 18.862501 
140679471087406 -88.556252 83.868752 19.181252 
140679491087406 -83.962502 84.787506 19.443750 
140679511087406 -78.918755 85.050003 19.706251 
140679531087406 -73.837502 85.293755 20.137501 
140679551087406 -68.737503 85.312500 20.606251 
140679571087406 -63.806252 85.050003 21.468750 
140679591087406 -59.512501 84.562500 22.406250 
140679611087406 -56.025002 83.925003 23.306252 
140679631087406 -53.475002 83.287506 24.618752 
140679651087406 -51.825001 82.893753 25.912500 
140679671087406 -50.531254 82.968750 27.318750 
140679691087406 -49.781254 83.006256 28.481251 
140679711087406 -49.593754 83.062500 29.587502 
140679731087406 -49.987503 83.193756 30.243752 
140679751087406 -50.775002 83.418755 30.881250 
140679771087406 -51.693752 84.056252 30.900002 
140679791087406 -52.968754 85.012505 30.562502 
140679811087406 -55.012501 85.762505 30.243752 
140679831087406 -57.412502 86.718750 29.643751 
140679851087406 -60.318752 87.468750 28.875002 
140679871087406 -63.693752 88.106255 28.087502 
140679891087406 -67.537506 88.912506 27.206251 
140679911087406 -71.906250 89.475006 26.268751 
140679931087406 -76.462502 89.287506 26.118752 
140679951087406 -81.262505 88.650002 25.931252 
140679971087406 -85.950005 87.731255 25.593752 
140679991087406 -90.600006 86.212502 25.481251 
140680011087406 -95.100006 84.562500 25.537500 
140680031087406 -99.375008 82.931252 25.593752 
140680051087406 -102.675003 80.793755 25.743752 
140680071087406 -104.943756 79.200005 25.612501 
140680091087406 -106.425003 78.262505 25.181252 
140680111087406 -106.912506 78.037506 24.543751 
140680131087406 -106.425003 78.543755 24.262501 
140680151087406 -104.906258 79.481255 23.793751 
140680171087406 -102.600006 80.775002 23.325001 
140680191087406 -99.018753 82.556252 22.837502 
140680211087406 -94.875000 84.787506 22.706251 
140680231087406 -89.718750 86.475006 23.025002 
140680251087406 -84.543755 87.750000 23.100000 
140680271087406 -79.237503 88.518753 23.775002 
140680291087406 -74.175003 88.893753 24.412500 
140680311087406 -69.300003 89.043755 25.331251 
140680331087406 -64.856255 88.968750 26.456251 
140680351087406 -61.125004 88.462502 27.843752 
140680371087406 -57.843754 87.768753 28.781252 
140680391087406 -55.687504 86.981255 29.718752 
140680411087406 -54.018753 86.625000 30.712502 
140680431087406 -52.912502 86.568756 31.275002 
140680451087406 -52.350002 86.643753 31.481251 
140680471087406 -52.893753 86.681252 31.350000 
140680491087406 -53.868752 87.112503 31.050001 
140680511087406 -55.218754 87.412506 30.356251 
140680531087406 -57.281254 87.956253 29.925001 
140680551087406 -59.943752 88.837502 29.062502 
140680571087406 -63.225002 89.306252 28.162500 
140680591087406 -66.843750 89.625000 27.562502 
140680611087406 -70.556252 89.643753 27.075001 
140680631087406 -74.381256 89.681252 26.793751 
140680651087406 -78.375000 88.931252 26.550001 
140680671087406 -82.893753 88.106255 26.718752 
140680691087406 -87.393753 86.868752 26.793751 
140680711087406 -91.518753 85.706253 27.018751 
140680731087406 -94.950005 84.487503 27.281252 
140680751087406 -98.250008 82.950005 26.850000 
140680771087406 -101.043755 81.806252 26.531252 
140680791087406 -103.125008 80.756256 26.006250 
140680811087406 -104.493752 80.175003 25.650002 
140680831087406 -104.962502 79.987503 24.843752 
140680851087406 -104.831253 80.325005 23.943750 
140680871087406 -104.043755 80.831253 23.325001 
140680891087406 -102.562508 81.356255 22.650002 
140680911087406 -99.900002 82.518753 22.800001 
140680931087406 -97.312508 83.418755 22.893751 
140680951087406 -93.206253 84.656250 23.475000 
140680971087406 -88.275002 86.043755 23.568750 
140680991087406 -83.212502 87.131256 24.168751 
140681011087406 -78.318756 87.862503 25.012501 
140681031087406 -73.537506 88.218750 26.137501 
140681051087406 -69.262505 88.443756 27.431252 
140681071087406 -65.662506 88.556252 28.668751 
140681091087406 -62.212502 88.350006 30.112501 
140681111087406 -60.300003 87.825005 31.200001 
140681131087406 -59.362503 87.168755 32.662502 
140681151087406 -58.931252 86.756256 33.693752 
140681171087406 -58.668751 86.512505 34.687500 
140681191087406 -58.912502 86.531250 35.193752 
140681211087406 -59.625004 86.906250 35.512501 
140681231087406 -61.031254 87.075005 35.418751 
140681251087406 -62.643753 87.450005 35.006252 
140681271087406 -64.537506 87.843750 34.706253 
140681291087406 -66.693756 88.237503 34.237503 
140681311087406 -69.018753 88.612503 33.900002 
140681331087406 -71.306252 88.931252 33.375000 
140681351087406 -73.837502 89.212502 32.493752 
140681371087406 -76.481255 89.268753 31.593752 
140681391087406 -79.518753 89.043755 30.656252 
140681411087406 -82.481255 88.612503 29.812502 
140681431087406 -85.668755 87.975006 28.443750 
140681451087406 -89.062500 87.150002 27.206251 
140681471087406 -92.643753 85.725006 25.556252 
140681491087406 -96.206253 84.431252 23.568750 
140681511087406 -99.037506 83.043755 21.637501 
140681531087406 -101.437508 81.768753 19.725000 
140681551087406 -102.843758 81.056252 17.606251 
140681571087406 -103.462502 80.531250 15.487500 
140681591087406 -103.462502 80.475006 13.818750 
140681611087406 -102.431252 80.775002 12.281251 
140681631087406 -100.743752 81.750000 11.231251 
140681651087406 -98.531258 82.912506 11.118751 
140681671087406 -96.037506 84.375000 11.812500 
140681691087406 -92.587502 85.668755 13.368751 
140681711087406 -88.912506 86.793755 15.768750 
140681731087406 -84.881256 87.975006 18.468750 
140681751087406 -80.531250 88.518753 21.356251 
140681771087406 -76.500000 89.043755 24.150002 
140681791087406 -72.206253 89.268753 27.318750 
140681811087406 -68.006256 88.931252 30.187502 
140681831087406 -64.481255 88.293755 32.493752 
140681851087406 -61.462502 87.581253 34.462502 
140681871087406 -58.743752 86.606255 36.093750 
140681891087406 -56.868752 85.706253 37.650002 
140681911087406 -55.293751 85.068756 39.037502 
140681931087406 -53.962502 84.506256 40.125000 
140681951087406 -53.156254 84.168755 40.968750 
140681971087406 -53.175003 83.887505 41.062500 
140681991087406 -53.456253 83.981255 41.287502 
140682011087406 -54.431252 84.243752 41.362503 
140682031087406 -55.706253 84.806252 40.893753 
140682051087406 -57.375004 85.537506 39.993752 
140682071087406 -59.775002 86.268753 38.812500 
140682091087406 -62.531254 87.018753 37.650002 
140682111087406 -66.131256 87.450005 36.356251 
140682131087406 -70.143753 87.937500 35.306252 
140682151087406 -74.231255 87.881256 33.993752 
140682171087406 -78.243752 87.918755 32.456253 
140682191087406 -82.350006 87.581253 30.843752 
140682211087406 -86.662506 86.868752 29.531252 
140682231087406 -90.562500 86.118752 28.237501 
140682251087406 -94.031250 85.162506 26.887501 
140682271087406 -96.487503 84.393753 25.706251 
140682291087406 -98.062508 83.925003 24.656252 
140682311087406 -98.587502 83.643753 23.718750 
140682331087406 -98.437508 83.512505 23.025002 
140682351087406 -97.743752 83.887505 22.800001 
140682371087406 -95.981255 84.675003 22.537500 
140682391087406 -93.356255 85.537506 22.781250 
140682411087406 -89.906250 86.306252 22.912500 
140682431087406 -85.556252 87.018753 22.706251 
140682451087406 -80.362503 87.412506 22.350000 
140682471087406 -75.112503 87.600006 22.256250 
140682491087406 -70.106255 87.618752 22.218750 
140682511087406 -65.043755 87.150002 22.143751 
140682531087406 -60.056252 86.212502 22.443750 
140682551087406 -55.650002 85.462502 22.500000 
140682571087406 -51.956253 84.712502 23.118752 
140682591087406 -49.143753 83.943756 23.887501 
140682611087406 -47.250000 83.193756 24.975000 
140682631087406 -45.825001 82.725006 25.950001 
140682651087406 -44.831253 82.350006 26.737501 
140682671087406 -44.362503 82.162506 27.562502 
140682691087406 -44.887501 82.425003 27.975000 
140682711087406 -45.581253 82.650002 27.956251 
140682731087406 -46.612503 83.156250 28.031252 
140682751087406 -48.375004 83.868752 28.031252 
140682771087406 -50.550003 84.750000 27.937502 
140682791087406 -54.037502 85.856255 27.581251 
140682811087406 -57.918751 86.925003 27.243752 
140682831087406 -62.643753 87.900002 26.831251 
140682851087406 -67.537506 88.425003 26.737501 
140682871087406 -72.862503 88.725006 26.981251 
140682891087406 -78.431252 88.462502 27.037500 
140682911087406 -83.943756 87.618752 27.225000 
140682931087406 -89.493752 86.475006 27.300001 
140682951087406 -94.350006 84.825005 27.525002 
140682971087406 -98.418755 82.912506 27.487501 
140682991087406 -101.381256 81.131256 27.506250 
140683011087406 -103.650002 79.650002 26.793751 
140683031087406 -105.431252 78.525002 25.968752 
140683051087406 -106.181252 78.206253 24.918751 
140683071087406 -106.106255 78.431252 23.362501 
140683091087406 -105.300003 79.106255 22.218750 
140683111087406 -103.425003 80.418755 21.206251 
140683131087406 -100.856255 81.956253 20.643751 
140683151087406 -98.043755 83.512505 20.212502 
140683171087406 -94.312500 85.218750 20.193750 
140683191087406 -89.868752 86.775002 20.456251 
140683211087406 -85.443756 87.768753 20.962502 
140683231087406 -80.625000 88.687500 21.975000 
140683251087406 -75.581253 89.025002 22.687500 
140683271087406 -70.931252 89.043755 23.568750 
140683291087406 -66.600006 88.800003 24.300001 
140683311087406 -62.137501 88.575005 25.200001 
140683331087406 -58.443752 88.012505 26.325001 
140683351087406 -55.631252 87.262505 27.637501 
140683371087406 -53.381252 86.812500 28.537500 
140683391087406 -52.012501 86.493752 29.193750 
140683411087406 -51.168751 86.568756 29.906252 
140683431087406 -51.168751 86.568756 30.337502 
140683451087406 -52.350002 86.793755 30.937502 
140683471087406 -54.506252 87.243752 31.425001 
140683491087406 -57.056252 87.768753 31.593752 
140683511087406 -60.056252 88.500000 31.237501 
140683531087406 -63.731251 88.968750 31.275002 
140683551087406 -67.612503 89.343750 31.331251 
140683571087406 -71.718750 89.475006 31.481251 
140683591087406 -76.012505 89.362503 31.575001 
140683611087406 -80.287506 89.193756 31.856251 
140683631087406 -84.450005 88.368752 31.631250 
140683651087406 -88.575005 87.206253 31.518751 
140683671087406 -92.868752 85.650002 31.293751 
140683691087406 -97.256256 83.400002 31.031252 
140683711087406 -101.268753 80.737503 30.750002 
140683731087406 -104.718758 78.525002 30.262501 
140683751087406 -107.193756 76.818756 29.925001 
140683771087406 -108.750008 75.543755 29.193750 
140683791087406 -109.575005 75.018753 28.537500 
140683811087406 -109.368752 75.300003 28.012501 
140683831087406 -107.981255 76.012505 27.693750 
140683851087406 -105.093758 77.981255 27.431252 
140683871087406 -101.306252 80.437500 27.393751 
140683891087406 -97.181252 82.912506 27.375002 
140683911087406 -92.587502 85.087502 27.356251 
140683931087406 -87.468750 86.887505 27.225000 
140683951087406 -82.050003 88.256256 27.506250 
140683971087406 -77.268753 89.212502 27.825001 
140683991087406 -72.356255 89.737503 28.443750 
140684011087406 -68.062500 89.981255 29.193750 
140684031087406 -64.593750 89.793755 30.225000 
140684051087406 -61.462502 89.287506 31.162500 
140684071087406 -58.912502 88.762505 32.006252 
140684091087406 -57.150002 88.256256 32.943752 
140684111087406 -56.175003 88.068756 33.337502 
140684131087406 -55.443752 87.937500 33.750000 
140684151087406 -55.556252 88.125000 33.750000 
140684171087406 -56.062504 88.312500 33.225002 
140684191087406 -57.337502 88.837502 32.325001 
140684211087406 -59.343754 89.381256 31.500002 
140684231087406 -62.193752 90.075005 30.862501 
140684251087406 -65.306252 90.543755 30.112501 
140684271087406 -69.206253 90.768753 29.812502 
140684291087406 -73.537506 90.637505 29.381250 
140684311087406 -78.525002 89.981255 29.156252 
140684331087406 -83.587502 88.668755 29.306252 
140684351087406 -88.537506 86.868752 29.268751 
140684371087406 -93.168755 84.843750 29.475000 
140684391087406 -97.537506 82.312500 29.362501 
140684411087406 -101.756256 79.950005 29.118752 
140684431087406 -105.131256 77.493752 28.631250 
140684451087406 -107.925003 75.337502 28.181252 
140684471087406 -109.687508 73.800003 27.787500 
140684491087406 -110.681252 72.937500 27.093752 
140684511087406 -110.812508 72.768753 26.587502 
140684531087406 -110.325005 73.012505 25.893751 
140684551087406 -108.937508 74.081253 25.387501 
140684571087406 -107.156258 75.581253 25.106251 
140684591087406 -103.950005 77.550003 25.050001 
140684611087406 -99.956253 79.875000 24.431252 
140684631087406 -95.231255 81.825005 23.850000 
140684651087406 -90.543755 83.775002 23.456251 
140684671087406 -85.612503 85.406250 23.062500 
140684691087406 -80.625000 86.793755 22.762501 
140684711087406 -75.618752 87.750000 22.481251 
140684731087406 -70.500000 88.031250 22.387501 
140684751087406 -66.768753 87.975006 22.462502 
140684771087406 -63.468754 87.581253 23.175001 
140684791087406 -61.256252 87.187500 23.756250 
140684811087406 -59.156254 86.906250 24.468752 
140684831087406 -57.993752 86.606255 24.956251 
140684851087406 -57.675003 86.775002 25.350000 
140684871087406 -58.368752 86.775002 25.725000 
140684891087406 -59.793751 87.281250 26.100000 
140684911087406 -61.593754 87.675003 26.550001 
140684931087406 -64.068756 88.068756 26.981251 
140684951087406 -66.825005 88.368752 27.637501 
140684971087406 -70.125000 88.518753 28.200001 
140684991087406 -73.575005 88.725006 29.193750 
140685011087406 -76.912506 88.331253 30.112501 
140685031087406 -79.893753 88.031250 31.181252 
140685051087406 -82.968750 87.450005 31.687502 
140685071087406 -86.193756 86.531250 31.968752 
140685091087406 -89.493752 85.425003 32.006252 
140685111087406 -93.075005 84.075005 31.425001 
140685131087406 -96.356255 82.481255 30.806252 
140685151087406 -99.187508 80.906250 29.737501 
140685171087406 -101.831253 79.425003 28.743752 
140685191087406 -104.250008 78.131256 27.450001 
140685211087406 -105.918755 77.100006 26.475000 
140685231087406 -106.837502 76.875000 25.575001 
140685251087406 -106.781258 77.062500 24.900002 
140685271087406 -105.543755 78.000000 24.562502 
140685291087406 -103.575005 79.462502 24.243752 
140685311087406 -100.837502 81.018753 24.600000 
140685331087406 -97.293755 82.743752 24.881250 
140685351087406 -92.756256 84.356255 25.312502 
140685371087406 -87.656250 85.856255 25.631250 
140685391087406 -82.312500 86.943756 25.537500 
140685411087406 -76.518753 87.712502 25.781252 
140685431087406 -70.743752 87.675003 26.156252 
140685451087406 -65.381256 87.450005 26.925001 
140685471087406 -60.581253 86.756256 27.506250 
140685491087406 -56.306252 86.043755 28.162500 
140685511087406 -52.987503 85.200005 29.156252 
140685531087406 -50.587502 84.262505 30.168751 
140685551087406 -48.693752 83.475006 31.368752 
140685571087406 -47.981251 83.006256 32.043751 
140685591087406 -47.943752 83.100006 32.606251 
140685611087406 -48.600002 83.325005 32.812500 
140685631087406 -49.950001 83.887505 32.887501 
140685651087406 -51.862503 84.600006 32.868752 
140685671087406 -54.150002 85.500000 32.400002 
140685691087406 -56.587502 86.287506 31.950001 
140685711087406 -59.550003 87.187500 31.518751 
140685731087406 -62.418751 87.900002 31.050001 
140685751087406 -66.000000 88.706253 30.543751 
140685771087406 -69.693756 89.025002 30.131250 
140685791087406 -73.068756 89.156250 29.512501 
140685811087406 -76.650002 89.025002 28.725000 
140685831087406 -80.306252 88.556252 27.862501 
140685851087406 -84.262505 88.181252 27.131250 
140685871087406 -87.993752 87.281250 26.306252 
140685891087406 -91.350006 86.306252 25.687502 
140685911087406 -93.675003 85.181252 24.806252 
140685931087406 -95.306252 84.375000 23.718750 
140685951087406 -96.581253 83.793755 22.800001 
140685971087406 -96.862503 83.625000 22.143751 
140685991087406 -96.506256 83.812500 21.731251 
140686011087406 -94.968750 84.431252 21.543751 
140686031087406 -92.493752 85.275002 21.600000 
140686051087406 -89.456253 86.325005 21.506250 
140686071087406 -85.875000 87.337502 21.506250 
140686091087406 -82.012505 88.237503 21.600000 
140686111087406 -77.793755 88.818756 21.487501 
140686131087406 -73.443756 89.006256 21.281250 
140686151087406 -69.337502 89.100006 21.168751 
140686171087406 -65.681252 88.725006 20.943750 
140686191087406 -62.643753 88.575005 21.037500 
140686211087406 -60.056252 88.237503 21.525002 
140686231087406 -58.106251 87.825005 22.275002 
140686251087406 -56.043751 87.262505 23.343750 
140686271087406 -54.712502 86.906250 24.450001 
140686291087406 -53.943752 86.868752 25.781252 
140686311087406 -53.400002 86.775002 26.793751 
140686331087406 -53.437504 86.906250 27.731251 
140686351087406 -53.943752 86.962502 28.031252 
140686371087406 -54.787502 87.112503 28.256250 
140686391087406 -55.837502 87.318756 28.162500 
140686411087406 -58.050003 87.768753 27.956251 
140686431087406 -60.506252 88.237503 27.750002 
140686451087406 -63.637501 88.443756 27.787500 
140686471087406 -67.068756 88.818756 27.768751 
140686491087406 -70.650002 88.950005 27.806252 
140686511087406 -74.475006 88.725006 28.125002 
140686531087406 -78.562500 88.387505 28.237501 
140686551087406 -83.025002 87.750000 28.668751 
140686571087406 -86.831253 86.625000 28.912500 
140686591087406 -90.150002 85.650002 29.325001 
140686611087406 -92.756256 84.956253 29.737501 
140686631087406 -94.668755 84.225006 30.243752 
140686651087406 -95.812500 83.756256 30.506250 
140686671087406 -95.868752 83.625000 30.525002 
140686691087406 -95.306252 83.793755 30.562502 
140686711087406 -93.656250 84.431252 30.018751 
140686731087406 -91.143753 85.462502 29.325001 
140686751087406 -87.675003 86.531250 27.975000 
140686771087406 -83.587502 87.206253 26.250002 
140686791087406 -78.900002 87.825005 24.543751 
140686811087406 -74.081253 88.031250 22.968750 
140686831087406 -69.131256 88.031250 21.600000 
140686851087406 -64.012505 87.581253 20.643751 
140686871087406 -59.287502 87.056252 20.156250 
140686891087406 -55.518753 86.512505 20.118752 
140686911087406 -52.331253 85.425003 20.531250 
140686931087406 -49.668751 84.506256 21.225000 
140686951087406 -47.531250 83.606255 21.787500 
140686971087406 -45.843750 82.912506 22.237501 
140686991087406 -44.906250 82.593750 22.425001 
140687011087406 -44.868752 82.612503 22.125000 
140687031087406 -45.262501 82.800003 21.675001 
140687051087406 -46.068752 83.137505 21.243752 
140687071087406 -47.681252 84.075005 21.018751 
140687091087406 -50.137501 85.087502 20.625000 
140687111087406 -53.362503 86.081253 20.456251 
140687131087406 -56.887501 87.412506 20.756250 
140687151087406 -60.637501 88.050003 21.037500 
140687171087406 -64.462502 88.612503 21.337502 
140687191087406 -68.568756 89.006256 22.087502 
140687211087406 -72.862503 89.175003 22.800001 
140687231087406 -76.931252 88.950005 23.643751 
140687251087406 -80.793755 88.462502 24.412500 
140687271087406 -84.300003 87.750000 25.387501 
140687291087406 -87.787506 86.681252 26.156252 
140687311087406 -91.275002 85.631256 27.112501 
140687331087406 -94.087502 84.693756 28.050001 
140687351087406 -96.337502 83.700005 28.650002 
140687371087406 -97.537506 82.912506 29.006250 
140687391087406 -98.081253 82.593750 29.212502 
140687411087406 -97.650002 82.425003 29.493752 
140687431087406 -96.618752 82.800003 29.381250 
140687451087406 -94.687500 83.118752 29.343752 
140687471087406 -91.537506 84.168755 29.175001 
140687491087406 -87.900002 85.087502 29.118752 
140687511087406 -83.493752 86.100006 28.725000 
140687531087406 -78.937500 86.831253 28.106251 
140687551087406 -74.025002 87.262505 27.412500 
140687571087406 -69.450005 87.281250 26.906252 
140687591087406 -64.687500 86.943756 26.681252 
140687611087406 -60.150002 86.606255 26.175001 
140687631087406 -56.175003 85.837502 26.062502 
140687651087406 -52.856251 84.937500 26.268751 
140687671087406 -50.212502 83.962502 26.775002 
140687691087406 -48.112503 82.987503 27.768751 
140687711087406 -46.725002 82.143753 28.762501 
140687731087406 -45.543751 81.956253 29.550001 
140687751087406 -45.300003 81.600006 30.468752 
140687771087406 -45.356251 81.337502 31.387501 
140687791087406 -45.975002 81.768753 32.062500 
140687811087406 -46.743752 82.218750 32.456253 
140687831087406 -48.093754 82.706253 32.662502 
140687851087406 -49.650002 83.568756 32.793751 
140687871087406 -51.806252 84.281250 32.887501 
140687891087406 -54.206253 85.050003 33.000000 
140687911087406 -56.625004 86.118752 32.850002 
140687931087406 -59.287502 87.262505 32.775002 
140687951087406 -62.137501 87.675003 32.568752 
140687971087406 -65.268753 88.087502 32.193752 
140687991087406 -68.737503 88.593750 32.343750 
140688011087406 -72.806252 88.425003 32.268753 
140688031087406 -76.950005 88.031250 32.587502 
140688051087406 -81.168755 87.000000 32.868752 
140688071087406 -85.556252 85.743752 33.075001 
140688091087406 -90.206253 84.225006 33.075001 
140688111087406 -94.556252 82.518753 33.206253 
140688131087406 -98.512505 80.775002 33.281250 
140688151087406 -101.568756 78.825005 33.037502 
140688171087406 -103.837502 77.550003 32.718750 
140688191087406 -104.512505 77.193756 32.043751 
140688211087406 -104.831253 77.250000 31.350000 
140688231087406 -103.818756 77.812500 30.525002 
140688251087406 -101.737503 79.068756 29.868752 
140688271087406 -98.418755 80.606255 29.025002 
140688291087406 -94.050003 82.462502 28.125002 
140688311087406 -88.575005 84.168755 27.037500 
140688331087406 -82.350006 85.856255 25.800001 
140688351087406 -76.237503 86.437500 24.318750 
140688371087406 -69.881256 86.943756 22.987501 
140688391087406 -64.331253 86.981255 22.050001 
140688411087406 -59.025002 86.456253 21.300001 
140688431087406 -54.637501 85.931252 20.925001 
140688451087406 -51.112503 85.200005 20.868752 
140688471087406 -48.693752 84.600006 21.487501 
140688491087406 -47.025002 83.812500 22.537500 
140688511087406 -46.237503 83.625000 23.718750 
140688531087406 -45.618752 83.456253 24.806252 
140688551087406 -45.525002 83.493752 25.875002 
140688571087406 -46.012501 84.000000 26.643751 
140688591087406 -46.818752 84.431252 27.150002 
140688611087406 -48.431252 85.050003 27.581251 
140688631087406 -50.475002 85.875000 27.468752 
140688651087406 -53.156254 86.587502 27.037500 
140688671087406 -56.118752 87.450005 26.568750 
140688691087406 -59.587502 88.312500 25.743752 
140688711087406 -63.318752 89.025002 24.618752 
140688731087406 -67.593750 89.193756 23.906250 
140688751087406 -72.637505 89.193756 23.193750 
140688771087406 -77.625000 88.781250 22.631250 
140688791087406 -82.725006 87.768753 22.087502 
140688811087406 -87.618752 86.812500 22.143751 
140688831087406 -92.512505 85.068756 22.050001 
140688851087406 -97.256256 83.062500 22.181252 
140688871087406 -101.287506 80.812500 22.650002 
140688891087406 -104.831253 78.825005 22.706251 
140688911087406 -107.287506 77.175003 22.856251 
140688931087406 -108.937508 75.768753 22.950001 
140688951087406 -109.575005 75.281250 23.250000 
140688971087406 -109.350006 75.243752 22.968750 
140688991087406 -108.225006 76.087502 22.650002 
140689011087406 -106.031258 77.625000 22.275002 
140689031087406 -102.937508 79.556252 21.543751 
140689051087406 -98.606255 81.618752 20.418751 
140689071087406 -93.225006 83.456253 19.068750 
140689091087406 -87.487503 85.350006 17.418751 
140689111087406 -81.712502 86.606255 15.525001 
140689131087406 -75.975006 87.675003 14.118751 
140689151087406 -70.462502 87.993752 13.500001 
140689171087406 -65.812500 88.031250 13.275001 
140689191087406 -61.781254 87.881256 13.518750 
140689211087406 -58.350002 87.543755 14.531251 
140689231087406 -55.875004 87.187500 15.712501 
140689251087406 -54.075001 86.793755 17.025002 
140689271087406 -53.043751 86.850006 18.675001 
140689291087406 -52.537502 86.606255 19.818750 
140689311087406 -52.593754 86.831253 20.587502 
140689331087406 -52.950001 87.000000 21.112501 
140689351087406 -53.737503 87.300003 21.262501 
140689371087406 -55.425003 87.637505 21.300001 
140689391087406 -57.731251 88.125000 21.225000 
140689411087406 -60.281254 88.631256 21.281250 
140689431087406 -63.000004 88.856255 21.150002 
140689451087406 -65.868752 88.968750 21.206251 
140689471087406 -69.337502 88.968750 21.168751 
140689491087406 -72.825005 89.062500 21.150002 
140689511087406 -76.537506 88.893753 21.300001 
140689531087406 -80.400002 88.575005 21.356251 
140689551087406 -84.000000 87.862503 21.431252 
140689571087406 -87.918755 87.056252 21.281250 
140689591087406 -91.518753 85.743752 20.831251 
140689611087406 -95.156250 84.562500 20.006250 
140689631087406 -98.025002 83.193756 19.125000 
140689651087406 -100.312508 81.787506 18.337502 
140689671087406 -102.187508 80.700005 17.343750 
140689691087406 -103.143753 79.950005 16.406250 
140689711087406 -103.518753 79.837502 15.618751 
140689731087406 -102.825005 79.875000 15.056251 
140689751087406 -101.606255 80.568756 14.775001 
140689771087406 -99.450005 81.712502 14.981251 
140689791087406 -96.300003 83.175003 15.562501 
140689811087406 -92.643753 84.750000 15.862500 
140689831087406 -88.368752 86.193756 16.443750 
140689851087406 -83.268753 87.206253 16.856251 
140689871087406 -77.981255 87.900002 17.456251 
140689891087406 -72.487503 88.406250 18.206251 
140689911087406 -66.956253 88.481255 19.275002 
140689931087406 -61.875004 88.181252 20.475000 
140689951087406 -57.768753 87.731255 21.562500 
140689971087406 -54.150002 86.981255 23.100000 
140689991087406 -51.018753 86.043755 24.543751 
140690011087406 -49.050003 85.368752 26.006250 
140690031087406 -47.868752 84.900002 27.262501 
140690051087406 -47.681252 84.731255 27.956251 
140690071087406 -48.750004 85.068756 28.275002 
140690091087406 -50.550003 85.706253 28.350000 
140690111087406 -52.856251 86.250000 28.181252 
140690131087406 -56.043751 86.943756 27.450001 
140690151087406 -59.700001 87.825005 26.475000 
140690171087406 -63.712502 88.518753 25.668751 
140690191087406 -68.643753 89.081253 25.012501 
140690211087406 -73.406250 89.400002 24.525002 
140690231087406 -77.981255 89.306252 24.056252 
140690251087406 -82.256256 88.593750 23.531250 
140690271087406 -86.531250 87.693756 22.931252 
140690291087406 -90.637505 86.587502 22.631250 
140690311087406 -94.237503 85.462502 22.518751 
140690331087406 -97.350006 84.187500 21.843750 
140690351087406 -99.300003 83.062500 21.206251 
140690371087406 -100.650002 82.387505 20.250000 
140690391087406 -100.987503 82.143753 19.537500 
140690411087406 -100.612503 82.387505 18.825001 
140690431087406 -98.981255 82.931252 17.981251 
140690451087406 -96.187508 83.662506 17.437500 
140690471087406 -92.643753 84.675003 16.950001 
140690491087406 -88.293755 86.043755 16.912500 
140690511087406 -82.912506 87.187500 16.968750 
140690531087406 -77.587502 87.487503 17.531250 
140690551087406 -72.056252 87.318756 18.056252 
140690571087406 -66.543755 87.262505 19.143751 
140690591087406 -61.781254 87.075005 20.793751 
140690611087406 -57.225002 86.700005 22.237501 
140690631087406 -53.812504 85.931252 23.643751 
140690651087406 -51.093754 84.975006 25.143751 
140690671087406 -49.218754 84.225006 26.531252 
140690691087406 -47.681252 83.962502 27.806252 
140690711087406 -47.306252 84.018753 28.725000 
140690731087406 -47.343750 84.075005 29.212502 
140690751087406 -47.662502 84.281250 29.343752 
140690771087406 -48.543751 84.543755 29.362501 
140690791087406 -49.800003 85.181252 29.081251 
140690811087406 -51.393753 85.856255 28.743752 
140690831087406 -53.512501 86.737503 28.106251 
140690851087406 -56.287502 87.506256 27.450001 
140690871087406 -59.137501 88.312500 26.925001 
140690891087406 -62.643753 88.893753 26.306252 
140690911087406 -66.450005 89.362503 25.706251 
140690931087406 -70.987503 89.493752 25.218752 
140690951087406 -75.318756 89.381256 24.843752 
140690971087406 -80.625000 88.856255 24.618752 
140690991087406 -85.950005 87.712502 24.468752 
140691011087406 -90.993752 86.268753 24.393751 
140691031087406 -95.568756 84.487503 24.412500 
140691051087406 -99.543755 82.687500 24.262501 
140691071087406 -102.768753 81.093750 24.187502 
140691091087406 -105.018753 79.987503 24.112501 
140691111087406 -106.593758 79.125000 24.243752 
140691131087406 -106.725006 78.900002 24.037500 
140691151087406 -105.806252 79.406250 24.243752 
140691171087406 -103.856255 80.418755 24.206251 
140691191087406 -100.575005 81.975006 24.187502 
140691211087406 -96.206253 83.550003 24.168751 
140691231087406 -91.462502 85.012505 24.056252 
140691251087406 -86.250000 86.343750 24.112501 
140691271087406 -80.587502 87.281250 24.356251 
140691291087406 -74.793755 87.881256 25.200001 
140691311087406 -69.618752 88.050003 26.025002 
140691331087406 -64.912506 88.106255 27.281252 
140691351087406 -61.200001 87.637505 28.781252 
140691371087406 -58.162502 87.093750 30.468752 
140691391087406 -55.706253 86.456253 32.306252 
140691411087406 -53.850002 85.668755 33.937500 
140691431087406 -52.950001 85.143753 35.100002 
140691451087406 -52.612503 84.843750 35.906250 
140691471087406 -52.725002 84.768753 36.243752 
140691491087406 -53.250004 84.843750 36.187500 
140691511087406 -54.131252 85.181252 35.400002 
140691531087406 -55.800003 85.762505 34.668751 
140691551087406 -57.618752 86.325005 33.487503 
140691571087406 -59.606251 87.075005 32.175003 
140691591087406 -61.800003 87.900002 30.750002 
140691611087406 -64.425003 88.781250 28.875002 
140691631087406 -67.331253 89.531250 27.187502 
140691651087406 -70.125000 89.906250 25.668751 
140691671087406 -73.331253 90.131256 24.562502 
140691691087406 -76.275002 90.093750 23.437500 
140691711087406 -79.650002 89.868752 22.406250 
140691731087406 -83.062500 89.418755 21.525002 
140691751087406 -86.006256 88.931252 20.887501 
140691771087406 -88.668755 88.406250 20.662500 
140691791087406 -90.206253 87.806252 20.400002 
140691811087406 -91.518753 87.356255 19.950001 
140691831087406 -92.231255 86.925003 19.593750 
140691851087406 -92.531250 86.925003 19.218750 
140691871087406 -91.968750 87.018753 19.143751 
140691891087406 -90.581253 87.487503 19.181252 
140691911087406 -88.575005 88.087502 19.781250 
140691931087406 -85.350006 88.500000 20.100000 
140691951087406 -81.937500 88.781250 20.456251 
140691971087406 -78.056252 88.950005 20.906250 
140691991087406 -73.856255 89.175003 21.243752 
140692011087406 -69.243752 88.818756 22.143751 
140692031087406 -64.425003 88.368752 23.118752 
140692051087406 -59.981251 87.825005 24.150002 
140692071087406 -56.081253 86.887505 25.143751 
140692091087406 -52.950001 85.725006 26.793751 
140692111087406 -50.418751 84.543755 28.912500 
140692131087406 -48.581253 83.343750 31.593752 
140692151087406 -47.156250 82.031250 34.331253 
140692171087406 -46.743752 81.412506 37.012501 
140692191087406 -46.743752 80.962502 39.037502 
140692211087406 -47.137501 80.700005 40.856251 
140692231087406 -47.831253 80.662506 42.056252 
140692251087406 -49.050003 80.737503 42.618752 
140692271087406 -50.550003 81.450005 42.600002 
140692291087406 -52.181252 82.106255 42.000000 
140692311087406 -54.206253 83.268753 41.306252 
140692331087406 -55.987503 84.056252 40.012501 
140692351087406 -58.406254 84.918755 39.150002 
140692371087406 -61.256252 85.518753 38.437500 
140692391087406 -64.275002 86.100006 37.556252 
140692411087406 -67.256256 86.812500 36.543751 
140692431087406 -70.387505 87.075005 35.550003 
140692451087406 -74.156250 87.487503 34.481251 
140692471087406 -77.925003 87.281250 33.243752 
140692491087406 -81.956253 86.906250 32.175003 
140692511087406 -85.837502 86.268753 31.237501 
140692531087406 -89.531250 85.312500 30.187502 
140692551087406 -93.262505 84.075005 29.250002 
140692571087406 -97.012505 82.537506 28.931252 
140692591087406 -100.781258 80.775002 28.762501 
140692611087406 -103.856255 78.581253 28.800001 
140692631087406 -106.331253 76.668755 29.250002 
140692651087406 -108.637505 74.606255 29.681252 
140692671087406 -110.531258 72.956253 30.056252 
140692691087406 -112.012505 71.437500 30.356251 
140692711087406 -112.818756 70.331253 31.125002 
140692731087406 -113.212502 69.750000 31.537500 
140692751087406 -113.081253 69.581253 31.743752 
140692771087406 -112.031258 70.668755 31.837502 
140692791087406 -111.168755 71.756256 31.668751 
140692811087406 -109.312508 73.575005 31.331251 
140692831087406 -107.081253 75.525002 30.937502 
140692851087406 -104.175003 77.775002 30.693750 
140692871087406 -100.781258 80.137505 30.187502 
140692891087406 -96.993752 82.406250 29.662500 
140692911087406 -92.812500 84.618752 29.606251 
140692931087406 -88.950005 86.043755 29.718752 
140692951087406 -84.525002 87.393753 29.775002 
140692971087406 -80.512505 88.087502 30.206251 
140692991087406 -76.218750 88.406250 30.693750 
140693011087406 -72.150002 88.537506 31.387501 
140693031087406 -68.625000 88.293755 32.231251 
140693051087406 -65.137505 87.750000 33.281250 
140693071087406 -61.875004 86.943756 34.050003 
140693091087406 -58.462502 85.781250 34.931252 
140693111087406 -55.500004 84.750000 35.962502 
140693131087406 -52.668751 83.718750 36.918751 
140693151087406 -50.081253 82.443756 38.062500 
140693171087406 -47.943752 81.375000 38.737503 
140693191087406 -46.162502 80.306252 39.356251 
140693211087406 -44.812500 79.406250 39.675003 
140693231087406 -43.725002 78.768753 39.975002 
140693251087406 -43.368752 78.750000 39.881252 
140693271087406 -43.181252 78.693756 39.356251 
140693291087406 -43.406250 79.106255 38.700001 
140693311087406 -44.231251 79.912506 37.500000 
140693331087406 -45.600002 80.700005 36.506252 
140693351087406 -47.137501 81.900002 35.306252 
140693371087406 -48.975002 83.156250 34.218750 
140693391087406 -51.525002 84.431252 32.943752 
140693411087406 -54.675003 85.668755 31.856251 
140693431087406 -58.275002 86.737503 31.031252 
140693451087406 -62.268753 87.450005 30.300001 
140693471087406 -66.506256 87.975006 29.475000 
140693491087406 -70.968750 88.406250 28.818750 
140693511087406 -75.562500 88.200005 27.918751 
140693531087406 -80.362503 87.693756 27.093752 
140693551087406 -85.331253 86.700005 26.775002 
140693571087406 -89.681252 85.387505 26.662500 
140693591087406 -93.693756 83.868752 26.643751 
140693611087406 -97.481255 82.312500 26.737501 
140693631087406 -100.818756 80.531250 27.243752 
140693651087406 -103.518753 78.656250 27.675001 
140693671087406 -105.712502 77.062500 28.575001 
140693691087406 -107.456253 75.637505 29.606251 
140693711087406 -108.393753 74.643753 30.375002 
140693731087406 -109.031258 73.912506 30.900002 
140693751087406 -109.125008 73.725006 31.387501 
140693771087406 -108.637505 73.987503 31.762501 
140693791087406 -107.718758 74.925003 32.100002 
140693811087406 -106.275002 75.956253 32.156250 
140693831087406 -104.568756 77.287506 32.043751 
140693851087406 -102.356255 78.862503 31.725000 
140693871087406 -99.337502 80.718750 31.350000 
140693891087406 -96.093758 82.443756 30.881250 
140693911087406 -92.400002 84.018753 30.562502 
140693931087406 -88.143753 85.293755 30.168751 
140693951087406 -83.831253 86.250000 29.568750 
140693971087406 -79.331253 87.187500 29.231251 
140693991087406 -74.568756 87.506256 29.025002 
140694011087406 -69.712502 87.487503 29.156252 
140694031087406 -65.137505 87.075005 29.268751 
140694051087406 -60.600002 86.362503 29.850000 
140694071087406 -56.456253 85.443756 30.393751 
140694091087406 -52.762501 83.962502 31.237501 
140694111087406 -49.425003 82.181252 32.381252 
140694131087406 -46.256252 80.137505 33.412502 
140694151087406 -43.368752 78.393753 34.368752 
140694171087406 -41.043751 76.856255 35.100002 
140694191087406 -39.300003 75.243752 35.793751 
140694211087406 -37.931252 74.081253 36.168751 
140694231087406 -37.143753 73.256256 36.637501 
140694251087406 -36.750000 73.125000 36.993752 
140694271087406 -36.600002 73.143753 36.993752 
140694291087406 -37.406250 73.950005 36.881252 
140694311087406 -38.568752 74.793755 36.693752 
140694331087406 -39.993752 75.956253 36.225002 
140694351087406 -41.868752 77.512505 35.681252 
140694371087406 -43.950001 78.993752 35.137501 
140694391087406 -46.556252 80.475006 34.481251 
140694411087406 -49.593754 82.012505 33.618752 
140694431087406 -53.325001 83.587502 33.187500 
140694451087406 -56.906254 84.918755 32.475002 
140694471087406 -60.862503 86.118752 31.987501 
140694491087406 -65.418755 86.981255 31.668751 
140694511087406 -70.218750 87.581253 31.181252 
140694531087406 -75.225006 87.675003 30.731251 
140694551087406 -80.006256 87.581253 30.318750 
140694571087406 -84.581253 86.868752 30.000002 
140694591087406 -88.837502 85.593750 29.512501 
140694611087406 -93.018753 83.831253 29.493752 
140694631087406 -96.993752 82.368752 29.418751 
140694651087406 -100.425003 80.775002 29.362501 
140694671087406 -102.900002 78.975006 29.625002 
140694691087406 -105.168755 77.437500 29.831251 
140694711087406 -106.893753 75.900002 29.962502 
140694731087406 -108.131256 75.093750 30.056252 
140694751087406 -108.656258 75.000000 30.187502 
140694771087406 -108.693756 75.262505 30.168751 
140694791087406 -108.056252 75.562500 29.718752 
140694811087406 -106.706253 76.406250 29.662500 
140694831087406 -105.093758 77.700005 29.325001 
140694851087406 -102.993752 79.087502 28.800001 
140694871087406 -100.687508 80.887505 28.331251 
140694891087406 -98.118752 82.237503 28.106251 
140694911087406 -95.118752 83.775002 27.900002 
140694931087406 -91.931252 85.012505 27.862501 
140694951087406 -88.818756 86.250000 28.200001 
140694971087406 -85.668755 87.243752 28.406252 
140694991087406 -82.387505 87.806252 28.856251 
140695011087406 -78.675003 88.237503 29.906252 
140695031087406 -74.812500 88.106255 31.200001 
140695051087406 -70.837502 87.956253 32.081253 
140695071087406 -67.200005 87.393753 33.300003 
140695091087406 -63.468754 86.775002 34.631252 
140695111087406 -59.831253 85.537506 36.056252 
140695131087406 -56.306252 84.000000 37.425003 
140695151087406 -52.875004 82.293755 39.000000 
140695171087406 -49.631252 80.662506 40.181252 
140695191087406 -46.893753 78.956253 40.968750 
140695211087406 -44.625000 77.137505 41.906250 
140695231087406 -42.375000 75.375000 42.618752 
140695251087406 -40.687500 73.856255 43.275002 
140695271087406 -39.206253 72.825005 43.650002 
140695291087406 -38.118752 71.906250 43.931252 
140695311087406 -37.518753 71.250000 43.800003 
140695331087406 -37.500000 71.100006 43.687500 
140695351087406 -37.950001 71.512505 43.650002 
140695371087406 -38.756252 72.600006 43.350002 
140695391087406 -39.937500 73.781250 42.581253 
140695411087406 -41.381252 75.393753 41.662502 
140695431087406 -43.181252 77.118752 40.556252 
140695451087406 -45.693752 78.956253 39.243752 
140695471087406 -48.600002 81.206253 37.987503 
140695491087406 -52.012501 83.081253 36.862503 
140695511087406 -55.462502 84.993752 35.587502 
140695531087406 -59.756252 86.118752 34.406250 
140695551087406 -64.500000 87.112503 33.337502 
140695571087406 -69.450005 87.487503 32.268753 
140695591087406 -74.512505 87.675003 31.593752 
140695611087406 -78.993752 87.656250 31.125002 
140695631087406 -83.625000 87.000000 31.106251 
140695651087406 -87.562500 86.062500 31.162500 
140695671087406 -91.518753 84.562500 31.631250 
140695691087406 -94.462502 83.212502 32.287502 
140695711087406 -96.918755 81.787506 33.206253 
140695731087406 -99.131256 80.456253 34.218750 
140695751087406 -100.856255 79.181252 35.081253 
140695771087406 -102.318756 78.037506 35.925003 
140695791087406 -103.368752 77.156250 36.187500 
140695811087406 -104.175003 76.725006 36.243752 
140695831087406 -104.362503 76.893753 35.718750 
140695851087406 -104.343758 77.193756 35.043751 
140695871087406 -103.837502 77.981255 34.106251 
140695891087406 -102.543755 79.106255 32.981251 
140695911087406 -101.062508 80.287506 31.800001 
140695931087406 -99.337502 81.656250 30.468752 
140695951087406 -96.900002 83.193756 29.231251 
140695971087406 -94.162506 84.581253 28.087502 
140695991087406 -91.181252 85.818756 27.225000 
140696011087406 -87.656250 86.962502 26.306252 
140696031087406 -83.850006 87.881256 25.856251 
140696051087406 -80.175003 88.593750 25.518751 
140696071087406 -76.162506 88.968750 25.181252 
140696091087406 -71.793755 89.006256 25.443750 
140696111087406 -67.762505 88.612503 25.912500 
140696131087406 -63.843754 88.218750 26.531252 
140696151087406 -59.662502 87.281250 27.393751 
140696171087406 -55.968754 86.250000 28.462502 
140696191087406 -52.556252 85.012505 29.193750 
140696211087406 -49.050003 83.437500 30.206251 
140696231087406 -46.406250 82.125000 31.387501 
140696251087406 -44.475002 81.018753 32.306252 
140696271087406 -42.900002 80.418755 33.112503 
140696291087406 -41.850002 79.593750 33.918751 
140696311087406 -41.512501 79.125000 34.518753 
140696331087406 -41.493752 78.862503 35.137501 
140696351087406 -41.756252 78.881256 35.625000 
140696371087406 -42.618752 79.350006 35.531250 
140696391087406 -43.443752 80.043755 35.418751 
140696411087406 -44.437500 80.756256 34.725002 
140696431087406 -45.975002 81.300003 33.918751 
140696451087406 -47.662502 82.181252 32.943752 
140696471087406 -49.743752 83.325005 31.931252 
140696491087406 -52.312504 84.656250 30.731251 
140696511087406 -55.331253 85.743752 29.831251 
140696531087406 -58.650002 86.700005 29.193750 
140696551087406 -62.775002 87.600006 28.462502 
140696571087406 -66.731255 88.331253 28.068750 
140696591087406 -70.481255 88.800003 27.993752 
140696611087406 -74.550003 89.062500 28.050001 
140696631087406 -78.581253 88.856255 28.275002 
140696651087406 -82.162506 88.031250 28.500002 
140696671087406 -85.612503 87.393753 28.818750 
140696691087406 -88.856255 86.850006 29.343752 
140696711087406 -91.275002 85.631256 29.925001 
140696731087406 -93.656250 84.656250 30.543751 
140696751087406 -95.775002 83.625000 31.068750 
140696771087406 -97.500008 82.612503 31.500002 
140696791087406 -98.943756 81.843750 31.762501 
140696811087406 -100.050003 81.318756 32.006252 
140696831087406 -100.725006 80.906250 31.931252 
140696851087406 -100.950005 80.437500 31.743752 
140696871087406 -100.893753 80.643753 31.443750 
140696891087406 -100.425003 80.887505 31.068750 
140696911087406 -99.300003 81.525002 30.656252 
140696931087406 -97.631256 82.237503 30.131250 
140696951087406 -95.587502 83.212502 29.606251 
140696971087406 -93.262505 84.431252 29.287500 
140696991087406 -90.543755 85.612503 28.875002 
140697011087406 -87.600006 86.718750 28.556252 
140697031087406 -84.412506 87.318756 28.425001 
140697051087406 -81.131256 87.918755 28.200001 
140697071087406 -77.662506 88.275002 27.918751 
140697091087406 -74.362503 88.556252 27.750002 
140697111087406 -70.743752 88.425003 27.862501 
140697131087406 -66.937500 87.937500 27.900002 
140697151087406 -63.375004 87.168755 28.500002 
140697171087406 -60.037502 86.287506 29.212502 
140697191087406 -56.531254 85.481255 29.681252 
140697211087406 -53.306252 84.543755 30.487501 
140697231087406 -50.625004 83.268753 31.537500 
140697251087406 -48.206253 81.956253 32.793751 
140697271087406 -45.750000 80.943756 33.918751 
140697291087406 -44.156250 80.006256 35.100002 
140697311087406 -42.881252 79.031250 35.887501 
140697331087406 -41.943752 78.150002 36.600002 
140697351087406 -41.662502 77.643753 37.331253 
140697371087406 -41.681252 77.437500 38.043751 
140697391087406 -42.037502 77.400002 38.325001 
140697411087406 -42.675003 77.793755 38.175003 
140697431087406 -43.950001 78.300003 37.687500 
140697451087406 -45.206253 79.106255 37.143753 
140697471087406 -46.856251 80.081253 36.468750 
140697491087406 -48.581253 81.206253 35.887501 
140697511087406 -50.400002 82.425003 35.100002 
140697531087406 -52.968754 83.700005 34.181252 
140697551087406 -55.725002 85.068756 33.637501 
140697571087406 -58.650002 86.100006 33.000000 
140697591087406 -61.950001 86.925003 32.662502 
140697611087406 -65.493752 87.543755 32.287502 
140697631087406 -69.168755 88.031250 32.193752 
140697651087406 -73.218750 88.275002 31.837502 
140697671087406 -77.418755 88.181252 31.537500 
140697691087406 -80.850006 87.881256 31.631250 
140697711087406 -84.150002 87.393753 31.350000 
140697731087406 -87.375000 86.700005 31.518751 
140697751087406 -90.206253 85.931252 32.006252 
140697771087406 -92.812500 85.106255 32.287502 
140697791087406 -94.668755 84.281250 32.587502 
140697811087406 -96.225006 83.643753 32.850002 
140697831087406 -97.256256 83.006256 33.206253 
140697851087406 -98.362503 82.350006 33.112503 
140697871087406 -98.831253 81.937500 33.412502 
140697891087406 -98.925003 81.825005 33.375000 
140697911087406 -98.737503 81.881256 32.925003 
140697931087406 -98.118752 82.162506 32.793751 
140697951087406 -97.275002 82.687500 32.550003 
140697971087406 -96.037506 83.381256 32.156250 
140697991087406 -94.762505 84.112503 31.875002 
140698011087406 -92.868752 84.900002 31.706251 
140698031087406 -90.806252 85.856255 31.537500 
140698051087406 -88.387505 86.737503 31.537500 
140698071087406 -85.762505 87.506256 31.668751 
140698091087406 -82.931252 88.200005 31.650002 
140698111087406 -80.025002 88.687500 31.837502 
140698131087406 -77.137505 88.837502 32.156250 
140698151087406 -73.856255 88.687500 32.550003 
140698171087406 -70.612503 88.631256 33.243752 
140698191087406 -67.687500 88.143753 33.937500 
140698211087406 -64.668755 87.581253 34.575001 
140698231087406 -61.181252 86.643753 35.062500 
140698251087406 -58.068752 85.612503 35.831253 
140698271087406 -54.993752 84.375000 36.150002 
140698291087406 -51.956253 83.118752 36.768753 
140698311087406 -49.425003 82.256256 37.631252 
140698331087406 -47.081253 81.281250 38.156250 
140698351087406 -45.206253 80.250000 38.718750 
140698371087406 -43.687500 79.575005 39.506252 
140698391087406 -43.387501 79.050003 40.218750 
140698411087406 -43.031250 78.600006 40.706253 
140698431087406 -43.500000 78.618752 41.475002 
140698451087406 -43.893753 78.900002 41.568752 
140698471087406 -44.550003 79.181252 41.250000 
140698491087406 -45.543751 79.556252 40.800003 
140698511087406 -46.350002 80.400002 40.031250 
140698531087406 -47.756252 81.168755 38.925003 
140698551087406 -49.256252 82.143753 37.875000 
140698571087406 -51.206253 83.287506 36.656250 
140698591087406 -53.418751 84.393753 35.287502 
140698611087406 -56.437504 85.462502 34.275002 
140698631087406 -59.906254 86.418755 33.281250 
140698651087406 -63.768753 87.318756 32.306252 
140698671087406 -68.287506 87.975006 31.443750 
140698691087406 -72.581253 88.312500 30.768751 
140698711087406 -76.893753 88.293755 30.262501 
140698731087406 -81.318756 87.787506 29.812502 
140698751087406 -85.556252 87.131256 29.475000 
140698771087406 -89.437500 86.062500 29.512501 
140698791087406 -92.531250 84.731255 29.437502 
140698811087406 -95.662506 83.493752 29.831251 
140698831087406 -98.137505 81.918755 30.112501 
140698851087406 -100.743752 80.475006 30.393751 
140698871087406 -102.712502 78.993752 30.637501 
140698891087406 -104.100006 77.831253 31.031252 
140698911087406 -105.093758 76.781250 31.500002 
140698931087406 -105.768753 76.106255 31.650002 
140698951087406 -106.425003 76.087502 31.856251 
140698971087406 -106.162506 75.843750 31.743752 
140698991087406 -105.825005 76.031250 31.668751 
140699011087406 -104.531258 76.631256 31.350000 
140699031087406 -103.237503 77.737503 31.143751 
140699051087406 -101.906258 78.918755 30.900002 
140699071087406 -100.275002 80.175003 30.262501 
140699091087406 -98.062508 81.618752 29.625002 
140699111087406 -95.475006 82.631256 29.287500 
140699131087406 -92.343750 83.925003 28.743752 
140699151087406 -88.687500 85.237503 28.012501 
140699171087406 -84.956253 86.006256 27.787500 
140699191087406 -81.112503 86.531250 27.487501 
140699211087406 -76.800003 87.168755 27.300001 
140699231087406 -72.487503 87.150002 27.412500 
140699251087406 -68.100006 86.868752 27.543751 
140699271087406 -63.956253 86.512505 27.712502 
140699291087406 -60.356251 85.743752 28.125002 
140699311087406 -57.075001 84.881256 28.987501 
140699331087406 -54.225002 84.000000 29.643751 
140699351087406 -51.318752 83.006256 30.262501 
140699371087406 -48.937504 81.693756 30.862501 
140699391087406 -46.725002 80.737503 31.368752 
140699411087406 -45.131252 80.081253 31.818750 
140699431087406 -43.837502 79.237503 32.325001 
140699451087406 -43.031250 78.843750 32.606251 
140699471087406 -42.600002 78.506256 32.700001 
140699491087406 -42.525002 78.112503 32.793751 
140699511087406 -42.731251 78.243752 32.887501 
140699531087406 -43.050003 78.525002 32.793751 
140699551087406 -43.950001 79.218750 32.587502 
140699571087406 -45.093750 79.631256 32.550003 
140699591087406 -46.425003 80.550003 32.343750 
140699611087406 -48.075001 81.393753 32.156250 
140699631087406 -49.987503 82.368752 31.743752 
140699651087406 -52.031254 83.606255 31.256250 
140699671087406 -54.768753 84.618752 30.675001 
140699691087406 -57.956253 85.762505 30.206251 
140699711087406 -60.993752 86.493752 30.093752 
140699731087406 -64.537506 87.318756 30.093752 
140699751087406 -68.231255 87.618752 29.662500 
140699771087406 -72.131256 87.918755 29.568750 
140699791087406 -75.693756 87.731255 29.643751 
140699811087406 -79.293755 87.618752 29.868752 
140699831087406 -82.593750 87.206253 30.000002 
140699851087406 -85.537506 86.681252 30.300001 
140699871087406 -88.593750 86.062500 30.450001 
140699891087406 -91.293755 85.275002 30.487501 
140699911087406 -93.562500 84.487503 31.125002 
140699931087406 -95.025002 83.531250 31.293751 
140699951087406 -96.750008 82.931252 31.500002 
140699971087406 -98.156258 82.200005 31.931252 
140699991087406 -99.337502 81.412506 32.250000 
140700011087406 -100.125008 80.718750 32.381252 
140700031087406 -100.556252 80.212502 32.418751 
140700051087406 -100.293755 80.175003 32.381252 
140700071087406 -99.862503 80.475006 31.875002 
140700091087406 -99.562508 81.150002 31.331251 
140700111087406 -98.568756 81.825005 30.600000 
140700131087406 -96.862503 82.425003 29.362501 
140700151087406 -94.537506 83.512505 28.425001 
140700171087406 -92.043755 84.787506 27.487501 
140700191087406 -89.175003 86.043755 26.456251 
140700211087406 -86.081253 86.887505 25.368752 
140700231087406 -82.856255 87.712502 24.768751 
140700251087406 -79.368752 88.256256 24.450001 
140700271087406 -75.618752 88.481255 24.225000 
140700291087406 -72.037506 88.818756 24.487501 
140700311087406 -68.531250 88.650002 24.656252 
140700331087406 -65.081253 88.143753 24.937502 
140700351087406 -61.462502 87.412506 25.387501 
140700371087406 -58.275002 86.681252 26.137501 
140700391087406 -55.162502 85.968750 26.475000 
140700411087406 -52.350002 84.956253 26.981251 
140700431087406 -49.762501 83.868752 27.750002 
140700451087406 -47.362503 82.781250 28.293751 
140700471087406 -45.487503 82.162506 28.781252 
140700491087406 -44.118752 81.337502 29.156252 
140700511087406 -43.500000 80.962502 29.437502 
140700531087406 -43.068752 80.793755 29.325001 
140700551087406 -43.443752 80.643753 29.400002 
140700571087406 -44.118752 81.037506 29.231251 
140700591087406 -45.187500 81.712502 28.987501 
140700611087406 -47.325001 82.518753 28.368752 
140700631087406 -49.837502 83.287506 27.900002 
140700651087406 -52.781254 84.600006 27.675001 
140700671087406 -55.818752 85.912506 27.431252 
140700691087406 -59.287502 86.962502 27.506250 
140700711087406 -62.681252 87.675003 27.356251 
140700731087406 -66.243752 88.256256 27.300001 
140700751087406 -70.293755 88.800003 27.337502 
140700771087406 -74.006256 88.931252 27.543751 
140700791087406 -77.831253 88.725006 27.787500 
140700811087406 -81.187500 88.312500 28.031252 
140700831087406 -84.543755 87.468750 28.218752 
140700851087406 -87.787506 86.550003 28.181252 
140700871087406 -90.712502 85.706253 28.443750 
140700891087406 -93.393753 84.750000 28.818750 
140700911087406 -95.550003 83.737503 29.118752 
140700931087406 -97.631256 82.856255 29.362501 
140700951087406 -99.018753 82.143753 29.700001 
140700971087406 -100.125008 81.525002 29.775002 
140700991087406 -100.668755 81.150002 29.981251 
140701011087406 -100.275002 81.187500 29.925001 
140701031087406 -99.656258 81.693756 30.150002 
140701051087406 -98.531258 82.331253 30.018751 
140701071087406 -96.956253 83.362503 29.737501 
140701091087406 -94.650002 84.581253 29.568750 
140701111087406 -92.100006 85.762505 28.950001 
140701131087406 -89.325005 86.850006 28.462502 
140701151087406 -86.325005 87.975006 27.806252 
140701171087406 -83.456253 88.912506 27.525002 
140701191087406 -80.081253 89.231255 26.906252 
140701211087406 -76.725006 89.606255 26.718752 
140701231087406 -73.425003 89.568756 26.456251 
140701251087406 -70.125000 89.362503 26.418751 
140701271087406 -66.693756 89.006256 26.587502 
140701291087406 -63.300003 88.237503 27.000002 
140701311087406 -60.281254 87.562500 27.693750 
140701331087406 -57.356251 86.493752 28.275002 
140701351087406 -54.768753 85.725006 28.931252 
140701371087406 -52.237503 84.712502 29.268751 
140701391087406 -49.950001 83.718750 29.831251 
140701411087406 -47.831253 82.893753 30.487501 
140701431087406 -46.293751 82.087502 31.031252 
140701451087406 -45.187500 81.600006 31.500002 
140701471087406 -44.156250 80.812500 31.875002 
140701491087406 -43.387501 80.475006 32.381252 
140701511087406 -42.843750 80.250000 32.643753 
140701531087406 -42.900002 80.250000 33.131252 
140701551087406 -43.218750 80.512505 33.131252 
140701571087406 -44.287502 80.925003 32.662502 
140701591087406 -45.525002 81.656250 32.231251 
140701611087406 -47.118752 82.275002 31.443750 
140701631087406 -49.012501 83.362503 30.468752 
140701651087406 -51.150002 84.412506 29.362501 
140701671087406 -53.906254 85.387505 28.481251 
140701691087406 -56.756252 86.493752 27.693750 
140701711087406 -59.962502 87.506256 27.150002 
140701731087406 -63.300003 88.218750 26.775002 
140701751087406 -66.825005 88.725006 26.287500 
140701771087406 -70.237503 89.343750 26.043751 
140701791087406 -73.668755 89.456253 25.818750 
140701811087406 -77.325005 89.418755 25.668751 
140701831087406 -81.037506 89.193756 25.500002 
140701851087406 -84.581253 88.556252 25.068750 
140701871087406 -87.918755 87.900002 24.862501 
140701891087406 -90.600006 86.962502 24.918751 
140701911087406 -92.793755 86.100006 25.031252 
140701931087406 -94.781250 85.331253 25.218752 
140701951087406 -96.787506 84.918755 25.593752 
140701971087406 -98.081253 84.525002 25.968752 
140701991087406 -98.362503 84.262505 26.287500 
140702011087406 -98.400002 84.337502 26.475000 
140702031087406 -98.137505 84.300003 26.737501 
140702051087406 -97.612503 84.693756 26.718752 
140702071087406 -96.806252 85.200005 26.643751 
140702091087406 -95.606255 85.668755 26.362501 
140702111087406 -93.881256 86.231255 26.062502 
140702131087406 -92.137505 86.700005 25.725000 
140702151087406 -90.375000 87.393753 25.331251 
140702171087406 -88.068756 87.881256 25.218752 
140702191087406 -85.293755 88.481255 24.843752 
140702211087406 -82.518753 88.875000 24.637501 
140702231087406 -79.668755 89.193756 24.450001 
140702251087406 -76.837502 89.381256 24.468752 
140702271087406 -73.800003 89.268753 24.525002 
140702291087406 -70.818756 89.456253 24.581251 
140702311087406 -67.743752 89.268753 25.106251 
140702331087406 -65.118752 88.818756 25.650002 
140702351087406 -62.625004 88.368752 26.156252 
140702371087406 -59.981251 87.956253 26.550001 
140702391087406 -57.712502 87.356255 27.168751 
140702411087406 -55.425003 86.756256 28.012501 
140702431087406 -53.325001 86.137505 28.800001 
140702451087406 -51.262501 85.256256 29.587502 
140702471087406 -49.725002 84.375000 30.018751 
140702491087406 -48.150002 83.850006 30.431252 
140702511087406 -47.062500 83.062500 31.050001 
140702531087406 -46.350002 82.650002 32.043751 
140702551087406 -45.862503 82.368752 32.643753 
140702571087406 -45.656250 82.237503 32.887501 
140702591087406 -45.825001 82.481255 32.925003 
140702611087406 -46.575001 82.856255 32.962502 
140702631087406 -47.437500 83.456253 32.831253 
140702651087406 -48.675003 84.112503 32.606251 
140702671087406 -49.968754 85.181252 32.250000 
140702691087406 -51.731251 85.800003 31.537500 
140702711087406 -53.587502 86.512505 31.031252 
140702731087406 -55.893753 87.281250 30.375002 
140702751087406 -58.443752 87.918755 29.756250 
140702771087406 -61.350002 88.612503 28.931252 
140702791087406 -64.143753 89.231255 28.256250 
140702811087406 -66.956253 89.568756 27.356251 
140702831087018 -70.106255 89.756256 26.700001 
140702851087018 -73.275002 90.075005 26.118752 
140702871087018 -76.406250 90.243752 25.593752 
140702891087018 -79.181252 90.412506 25.368752 
140702911087018 -81.768753 90.243752 25.256250 
140702931087018 -83.850006 89.925003 25.331251 
140702951087018 -86.081253 89.512505 25.481251 
140702971087018 -87.768753 89.475006 25.856251 
140702991087018 -88.987503 89.043755 25.931252 
140703011087018 -89.850006 88.612503 26.100000 
140703031087018 -90.412506 88.331253 26.175001 
140703051087018 -90.618752 88.068756 26.306252 
140703071087018 -90.787506 88.143753 26.362501 
140703091087018 -90.412506 88.218750 26.456251 
140703111087018 -89.737503 88.537506 26.437502 
140703131087018 -89.118752 88.368752 26.418751 
140703151087018 -88.256256 88.706253 26.531252 
140703171087018 -86.850006 89.268753 26.606251 
140703191087018 -85.556252 89.943756 26.381250 
140703211087018 -84.243752 90.262505 26.156252 
140703231087018 -82.575005 90.375000 25.987501 
140703251087018 -80.887505 90.450005 26.137501 
140703271087018 -78.975006 90.656250 26.193750 
140703291087018 -77.062500 90.956253 26.268751 
140703311087018 -75.000000 91.143753 26.512501 
140703331087018 -73.218750 90.993752 26.381250 
140703351087018 -71.193756 90.506256 27.093752 
140703371087018 -69.243752 90.168755 27.693750 
140703391087018 -67.162506 90.018753 28.443750 
140703411087018 -65.400002 90.056252 28.968752 
140703431087018 -63.806252 89.456253 29.606251 
140703451087018 -62.175003 89.043755 30.281252 
140703471087018 -60.750004 88.762505 30.618752 
140703491087018 -59.287502 88.237503 31.275002 
140703511087018 -57.918751 87.806252 31.800001 
140703531087018 -56.587502 87.618752 32.025002 
140703551087018 -55.518753 87.337502 32.250000 
140703571087018 -54.525002 87.000000 32.512501 
140703591087018 -53.737503 87.000000 32.718750 
140703611087018 -53.343754 86.868752 33.018753 
140703631087018 -53.437504 86.700005 33.318752 
140703651087018 -54.168751 87.187500 33.675003 
140703671087018 -55.256252 87.712502 33.637501 
140703691087018 -56.812504 88.087502 33.600002 
140703711087018 -58.912502 88.687500 33.581253 
140703731087018 -61.275002 89.006256 33.281250 
140703751087018 -64.125000 89.606255 33.281250 
140703771087018 -67.050003 90.206253 33.018753 
140703791087018 -70.237503 90.750000 32.850002 
140703811087018 -73.200005 90.937500 32.362503 
140703831087018 -76.275002 91.125000 31.743752 
140703851087018 -79.462502 90.975006 31.462502 
140703871087018 -82.781250 90.675003 31.162500 
140703891087018 -85.912506 90.262505 30.862501 
140703911087018 -88.706253 89.381256 30.525002 
140703931087018 -91.462502 88.631256 30.206251 
140703951087018 -93.881256 87.562500 30.093752 
140703971087018 -96.168755 86.606255 30.206251 
140703991087018 -98.325005 85.593750 30.656252 
140704011087018 -100.031258 84.768753 31.087502 
140704031087018 -101.231255 83.737503 31.387501 
140704051087018 -102.206253 83.100006 31.650002 
140704071087018 -102.937508 82.800003 31.800001 
140704091087018 -103.106255 82.706253 32.156250 
140704111087018 -102.881256 82.875000 32.343750 
140704131087018 -102.393753 83.193756 32.625000 
140704151087018 -101.456253 83.625000 32.737503 
140704171087018 -100.181252 84.262505 32.906250 
140704191087018 -98.700005 85.237503 32.962502 
140704211087018 -96.937508 86.118752 32.943752 
140704231087018 -94.687500 86.850006 32.962502 
140704251087018 -92.400002 87.637505 32.737503 
140704271087018 -89.681252 88.481255 32.868752 
140704291087018 -86.850006 89.306252 32.475002 
140704311087018 -83.906250 90.131256 32.550003 
140704331087018 -80.831253 90.393753 32.493752 
140704351087018 -77.775002 90.712502 32.606251 
140704371087018 -74.550003 90.900002 32.943752 
140704391087018 -71.812500 91.106255 33.112503 
140704411087018 -69.168755 90.825005 33.656250 
140704431087018 -66.618752 90.618752 33.937500 
140704451087018 -64.237503 89.962502 34.575001 
140704471087018 -62.081253 89.231255 34.987503 
140704491087018 -59.981251 88.875000 35.287502 
140704511087018 -58.143753 88.162506 35.775002 
140704531087018 -56.700001 87.693756 36.187500 
140704551087018 -55.387501 87.356255 36.712502 
140704571087018 -54.093754 87.037506 37.162502 
140704591087018 -53.475002 86.456253 37.537502 
140704611087018 -53.287502 86.231255 37.931252 
140704631087018 -53.043751 86.137505 38.006252 
140704651087018 -53.325001 86.137505 38.175003 
140704671087018 -53.943752 86.493752 38.043751 
140704691087018 -54.806252 86.718750 37.893753 
140704711087018 -55.856251 86.756256 37.331253 
140704731087018 -57.468754 87.056252 36.693752 
140704751087018 -59.418751 87.693756 35.943752 
140704771087018 -61.181252 88.237503 35.137501 
140704791087018 -63.318752 88.931252 34.593750 
140704811087018 -65.737503 89.381256 33.900002 
140704831087018 -68.043755 89.643753 32.962502 
140704851087018 -70.931252 89.831253 32.081253 
140704871087018 -73.856255 90.000000 31.706251 
140704891087018 -76.725006 89.962502 31.162500 
140704911087018 -79.593750 89.737503 30.637501 
140704931087018 -82.818756 89.643753 29.981251 
140704951087018 -85.650002 88.837502 29.531252 
140704971087018 -88.668755 88.068756 29.400002 
140704991087018 -91.443756 87.225006 29.287500 
140705011087018 -93.731255 86.512505 29.400002 
140705031087018 -95.887505 85.650002 29.475000 
140705051087018 -97.556252 84.693756 29.568750 
140705071087018 -99.037506 83.512505 29.662500 
140705091087018 -100.031258 82.725006 30.037500 
140705111087018 -101.137505 82.387505 29.943750 
140705131087018 -101.512505 82.087502 29.868752 
140705151087018 -101.606255 81.975006 30.075001 
140705171087018 -101.156258 82.068756 30.168751 
140705191087018 -100.256256 82.612503 30.112501 
140705211087018 -99.375008 83.362503 30.000002 
140705231087018 -97.950005 84.506256 30.281252 
140705251087018 -96.168755 85.143753 30.450001 
140705271087018 -93.881256 85.818756 30.656252 
140705291087018 -91.575005 86.681252 30.637501 
140705311087018 -88.912506 87.562500 30.525002 
140705331087018 -85.987503 88.218750 30.206251 
140705351087018 -83.325005 88.837502 30.243752 
140705371087018 -80.287506 89.250000 30.206251 
140705391087018 -77.025002 89.475006 30.018751 
140705411087018 -73.687500 89.718750 29.868752 
140705431087018 -70.687500 89.793755 29.831251 
140705451087018 -67.687500 89.418755 30.262501 
140705471087018 -64.537506 88.856255 31.106251 
140705491087018 -61.687504 88.275002 31.893751 
140705511087018 -58.837502 87.581253 32.718750 
140705531087018 -56.362503 86.681252 33.581253 
140705551087018 -54.243752 85.781250 34.593750 
140705571087018 -52.368752 84.825005 35.493752 
140705591087018 -50.812504 83.906250 36.318752 
140705611087018 -49.331253 83.493752 36.768753 
140705631087018 -48.375004 82.875000 37.237503 
140705651087018 -47.643753 82.387505 37.668751 
140705671087018 -47.325001 81.750000 37.893753 
140705691087018 -47.137501 81.637505 38.137501 
140705711087018 -47.381252 81.843750 37.743752 
140705731087018 -48.112503 82.256256 37.387501 
140705751087018 -48.581253 82.818756 37.012501 
140705771087018 -49.612503 83.362503 36.562500 
140705791087018 -51.206253 84.075005 35.756252 
140705811087018 -53.400002 84.862503 35.081253 
140705831087018 -55.650002 85.800003 34.387501 
140705851087018 -58.275002 86.568756 33.581253 
140705871087018 -61.106251 87.243752 33.262501 
140705891087018 -64.068756 87.825005 32.868752 
140705911087018 -67.931252 88.312500 32.456253 
140705931087018 -71.643753 88.537506 32.043751 
140705951087018 -75.543755 88.668755 31.556252 
140705971087018 -79.218750 88.387505 31.087502 
140705991087018 -82.931252 87.993752 30.337502 
140706011087018 -86.493752 87.468750 29.925001 
140706031087018 -89.700005 86.550003 29.606251 
140706051087018 -92.775002 85.593750 29.325001 
140706071087018 -95.231255 84.600006 29.250002 
140706091087018 -97.275002 83.550003 29.456251 
140706111087018 -99.000008 82.593750 29.531252 
140706131087018 -100.462502 81.862503 29.718752 
140706151087018 -101.418755 81.187500 30.206251 
140706171087018 -101.943756 80.887505 30.768751 
140706191087018 -102.243752 80.625000 31.012501 
140706211087018 -102.075005 80.550003 30.937502 
140706231087018 -101.775002 80.756256 31.031252 
140706251087018 -101.175003 81.131256 31.050001 
140706271087018 -99.937508 81.618752 31.256250 
140706291087018 -98.568756 82.575005 31.218752 
140706311087018 -96.806252 83.493752 31.181252 
140706331087018 -94.781250 84.262505 30.843752 
140706351087018 -92.437500 85.218750 30.468752 
140706371087018 -89.456253 86.081253 30.412500 
140706391087018 -86.381256 86.793755 30.337502 
140706411087018 -83.437500 87.412506 29.925001 
140706431087018 -79.987503 88.031250 29.718752 
140706451087018 -76.575005 88.106255 29.793751 
140706471087018 -73.237503 88.162506 29.868752 
140706491087018 -70.200005 88.125000 29.981251 
140706511087018 -67.237503 87.843750 30.600000 
140706531087018 -64.818756 87.543755 31.406252 
140706551087018 -62.493752 87.018753 31.931252 
140706571087018 -60.318752 86.568756 32.587502 
140706591087018 -58.837502 86.193756 33.206253 
140706611087018 -57.393753 85.687500 33.900002 
140706631087018 -56.118752 85.406250 34.575001 
140706651087018 -55.012501 84.918755 35.212502 
140706671087018 -54.281254 84.581253 35.606251 
140706691087018 -53.718754 84.262505 36.206253 
140706711087018 -53.343754 84.000000 36.768753 
140706731087018 -52.987503 83.887505 37.425003 
140706751087018 -52.743752 83.625000 37.537502 
140706771087018 -52.668751 83.643753 37.462502 
140706791087018 -53.006252 83.587502 37.350002 
140706811087018 -53.643753 83.831253 36.993752 
140706831087018 -54.187504 84.243752 36.487503 
140706851087018 -55.125004 84.712502 35.362503 
140706871087018 -56.400002 85.143753 34.443752 
140706891087018 -58.143753 85.537506 33.562500 
140706911087018 -60.412502 86.325005 32.868752 
140706931087018 -62.981251 86.850006 32.006252 
140706951087018 -65.700005 87.375000 31.106251 
140706971087018 -68.868752 87.843750 30.562502 
140706991087018 -72.393753 87.787506 30.000002 
140707011087018 -76.031250 87.731255 29.606251 
140707031087018 -79.443756 87.731255 29.287500 
140707051087018 -82.931252 87.318756 28.968752 
140707071087018 -86.212502 86.718750 28.837502 
140707091087018 -89.343750 86.025002 28.762501 
140707111087018 -92.193756 85.087502 28.800001 
140707131087018 -94.593750 84.000000 28.950001 
140707151087018 -96.768753 83.156250 29.325001 
140707171087018 -98.550003 82.237503 29.756250 
140707191087018 -100.293755 81.356255 29.981251 
140707211087018 -101.512505 80.718750 30.037500 
140707231087018 -102.337502 80.156250 30.206251 
140707251087018 -102.487503 80.175003 30.543751 
140707271087018 -102.075005 80.606255 30.618752 
140707291087018 -101.175003 81.112503 30.300001 
140707311087018 -100.200005 81.937500 29.906252 
140707331087018 -98.681252 82.875000 29.550001 
140707351087018 -96.243752 84.018753 29.325001 
140707371087018 -93.787506 85.275002 29.081251 
140707391087018 -90.843750 86.306252 28.706251 
140707411087018 -87.862503 87.037506 28.218752 
140707431087018 -84.731255 87.787506 28.087502 
140707451087018 -81.562500 88.275002 28.181252 
140707471087018 -77.906250 88.725006 28.200001 
140707491087018 -74.418755 88.950005 28.443750 
140707511087018 -71.250000 88.912506 28.837502 
140707531087018 -67.743752 88.387505 29.231251 
140707551087018 -64.462502 87.900002 29.812502 
140707571087018 -61.387501 87.300003 30.506250 
140707591087018 -58.593754 86.456253 31.125002 
140707611087018 -55.968754 85.612503 31.968752 
140707631087018 -53.456253 84.543755 32.700001 
140707651087018 -51.393753 83.568756 33.281250 
140707671087018 -49.443752 82.537506 33.731251 
140707691087018 -47.981251 82.106255 34.293751 
140707711087018 -46.725002 81.318756 34.575001 
140707731087018 -45.656250 80.812500 34.987503 
140707751087018 -44.943752 80.343750 35.437500 
140707771087018 -44.512501 80.231255 35.887501 
140707791087018 -44.193752 80.175003 36.075001 
140707811087018 -44.175003 80.325005 36.037502 
140707831087018 -44.362503 80.681252 35.868752 
140707851087018 -44.906250 81.093750 35.700001 
140707871087018 -46.012501 82.050003 35.456253 
140707891087018 -47.625000 83.137505 35.062500 
140707911087018 -49.668751 84.206253 34.443752 
140707931087018 -51.843754 85.143753 33.431252 
140707951087018 -54.918751 86.475006 32.793751 
140707971087018 -58.068752 87.600006 32.175003 
140707991087018 -61.650002 88.687500 31.406252 
140708011087018 -65.531250 89.493752 30.862501 
140708031087018 -69.450005 90.037506 30.262501 
140708051087018 -73.406250 90.206253 29.812502 
140708071087018 -77.306252 90.225006 29.643751 
140708091087018 -81.000000 90.018753 29.456251 
140708111087018 -84.450005 89.418755 29.418751 
140708131087018 -87.862503 88.762505 29.587502 
140708151087018 -90.900002 87.806252 30.131250 
140708171087018 -93.525002 86.850006 30.375002 
140708191087018 -96.131256 85.706253 31.031252 
140708211087018 -98.250008 84.450005 31.331251 
140708231087018 -99.862503 83.325005 31.725000 
140708251087018 -101.512505 82.650002 32.212502 
140708271087018 -102.525002 81.993752 32.325001 
140708291087018 -102.881256 81.600006 32.531250 
140708311087018 -103.218758 81.618752 32.362503 
140708331087018 -102.750008 81.862503 32.025002 
140708351087018 -101.400002 82.312500 31.650002 
140708371087018 -100.012505 83.287506 31.406252 
140708391087018 -98.362503 84.168755 30.656252 
140708411087018 -96.206253 84.993752 30.131250 
140708431087018 -93.806252 86.193756 29.775002 
140708451087018 -90.956253 87.356255 29.118752 
140708471087018 -87.825005 88.237503 28.837502 
140708491087018 -84.600006 89.025002 28.856251 
140708511087018 -81.675003 89.756256 28.406252 
140708531087018 -78.393753 90.112503 28.275002 
140708551087018 -74.812500 90.543755 28.387501 
140708571087018 -71.156250 90.656250 28.575001 
140708591087018 -67.650002 90.562500 28.781252 
140708611087018 -64.443756 90.037506 29.418751 
140708631087018 -61.050003 89.381256 29.718752 
140708651087018 -58.068752 88.593750 30.131250 
140708671087018 -54.975002 87.843750 31.050001 
140708691087018 -52.106251 87.093750 31.725000 
140708711087018 -49.706253 86.118752 32.437500 
140708731087018 -47.700001 85.387505 33.075001 
140708751087018 -45.881252 84.225006 33.750000 
140708771087018 -44.550003 83.531250 34.200001 
140708791087018 -43.837502 82.875000 35.062500 
140708811087018 -43.575001 82.631256 35.587502 
140708831087018 -43.575001 82.181252 35.793751 
140708851087018 -44.043751 82.125000 35.962502 
140708871087018 -44.925003 82.181252 35.718750 
140708891087018 -46.200001 82.706253 35.362503 
140708911087018 -47.887501 83.568756 34.950001 
140708931087018 -49.800003 84.375000 34.256252 
140708951087018 -52.050003 85.425003 33.412502 
140708971087018 -54.487503 86.250000 32.456253 
140708991087018 -57.600002 87.431252 31.781252 
140709011087018 -61.012501 88.237503 31.106251 
140709031087018 -64.725006 89.006256 30.468752 
140709051087018 -68.643753 89.231255 29.887501 
140709071087018 -73.125000 89.250000 29.306252 
140709091087018 -77.793755 89.043755 29.118752 
140709111087018 -82.312500 88.593750 28.781252 
140709131087018 -86.400002 87.787506 28.743752 
140709151087018 -90.225006 86.718750 28.743752 
140709171087018 -93.656250 85.518753 28.818750 
140709191087018 -96.825005 84.337502 29.343752 
140709211087018 -99.487503 83.156250 29.643751 
140709231087018 -101.381256 81.975006 30.131250 
140709251087018 -102.881256 80.812500 30.431252 
140709271087018 -103.706253 80.043755 30.675001 
140709291087018 -104.606255 79.556252 30.881250 
140709311087018 -104.550003 79.443756 31.275002 
140709331087018 -104.268753 79.837502 31.350000 
140709351087018 -103.331253 80.456253 31.218752 
140709371087018 -102.000008 81.356255 31.256250 
140709391087018 -100.275002 82.462502 30.956251 
140709411087018 -98.081253 83.943756 30.750002 
140709431087018 -95.850006 85.443756 30.581251 
140709451087018 -92.943756 86.850006 30.562502 
140709471087018 -90.112503 87.993752 30.168751 
140709491087018 -86.831253 88.687500 30.018751 
140709511087018 -83.400002 89.400002 29.850000 
140709531087018 -80.062500 89.812500 29.906252 
140709551087018 -76.125000 89.925003 30.375002 
140709571087018 -72.243752 89.737503 30.975000 
140709591087018 -68.400002 89.250000 31.706251 
140709611087018 -64.575005 88.331253 32.475002 
140709631087018 -60.731251 87.337502 33.412502 
140709651087018 -57.150002 86.287506 34.368752 
140709671087018 -53.962502 84.862503 35.568752 
140709691087018 -50.512501 83.362503 36.825001 
140709711087018 -47.887501 81.787506 38.062500 
140709731087018 -45.356251 80.193756 38.943752 
140709751087018 -43.162502 78.393753 39.656250 
140709771087018 -41.587502 77.362503 40.350002 
140709791087018 -40.275002 76.181252 40.987503 
140709811087018 -39.393753 75.337502 41.737503 
140709831087018 -38.531250 74.887505 41.925003 
140709851087018 -38.325001 74.643753 41.775002 
140709871087018 -38.493752 74.756256 41.156250 
140709891087018 -38.962502 75.281250 40.706253 
140709911087018 -39.618752 76.406250 40.068752 
140709931087018 -40.612503 77.568756 39.206253 
140709951087018 -42.506252 79.125000 38.306252 
140709971087018 -44.568752 80.737503 37.143753 
140709991087018 -48.056252 82.518753 36.112503 
140710011087018 -52.218754 84.525002 35.081253 
140710031087018 -56.456253 86.381256 34.200001 
140710051087018 -61.575001 87.825005 33.337502 
140710071087018 -66.956253 88.912506 32.606251 
140710091087018 -72.487503 89.531250 31.837502 
140710111087018 -77.793755 89.718750 31.050001 
140710131087018 -83.137505 89.681252 30.618752 
140710151087018 -87.543755 88.987503 30.656252 
140710171087018 -91.368752 87.900002 30.656252 
140710191087018 -95.081253 86.625000 30.937502 
140710211087018 -97.912506 85.237503 31.331251 
140710231087018 -100.593758 83.943756 31.968752 
140710251087018 -102.881256 82.481255 32.512501 
140710271087018 -104.268753 81.262505 33.206253 
140710291087018 -105.468758 80.268753 33.787502 
140710311087018 -106.200005 79.631256 34.087502 
140710331087018 -106.181252 79.500000 34.462502 
140710351087018 -105.675003 79.668755 34.443752 
140710371087018 -104.831253 80.250000 34.293751 
140710391087018 -103.575005 81.037506 34.012501 
140710411087018 -101.812508 82.425003 33.750000 
140710431087018 -99.918755 83.793755 33.131252 
140710451087018 -97.668755 85.068756 32.418751 
140710471087018 -94.762505 86.493752 31.725000 
140710491087018 -91.800003 87.468750 30.993752 
140710511087018 -88.931252 88.593750 30.656252 
140710531087018 -85.406250 89.531250 30.450001 
140710551087018 -81.393753 89.981255 30.375002 
140710571087018 -77.287506 90.112503 30.468752 
140710591087018 -73.387505 90.356255 30.806252 
140710611087018 -69.281250 90.225006 31.256250 
140710631087018 -65.550003 89.775002 32.043751 
140710651087018 -61.875004 89.175003 32.850002 
140710671087018 -57.787502 88.106255 33.618752 
140710691087018 -54.300003 86.718750 34.462502 
140710711087018 -51.131252 85.425003 35.156250 
140710731087018 -48.281254 84.037506 36.112503 
140710751087018 -45.618752 82.481255 37.012501 
140710771087018 -43.087502 81.037506 37.987503 
140710791087018 -41.118752 79.556252 38.643753 
140710811087018 -39.525002 78.356255 39.712502 
140710831087018 -38.587502 77.362503 40.312500 
140710851087018 -37.743752 76.762505 40.875000 
140710871087018 -37.181252 76.443756 41.343750 
140710891087018 -37.275002 76.575005 41.306252 
140710911087018 -37.762501 77.043755 41.081253 
140710931087018 -38.962502 78.075005 40.293751 
140710951087018 -40.350002 79.275002 39.431252 
140710971087018 -42.468750 80.587502 38.175003 
140710991087018 -45.018753 82.368752 37.125000 
140711011087018 -48.243752 84.318756 36.037502 
140711031087018 -52.518753 86.287506 34.743752 
140711051087018 -56.850002 87.693756 33.862503 
140711071087018 -61.687504 89.006256 33.056252 
140711091087018 -66.675003 89.700005 32.418751 
140711111087018 -72.131256 90.412506 31.800001 
140711131087018 -77.306252 90.637505 31.481251 
140711151087018 -82.593750 90.225006 31.125002 
140711171087018 -87.487503 89.343750 30.993752 
140711191087018 -91.743752 87.937500 31.031252 
140711211087018 -95.437500 86.493752 31.125002 
140711231087018 -98.718758 84.581253 31.443750 
140711251087018 -101.531258 83.006256 31.968752 
140711271087018 -103.762505 81.225006 32.587502 
140711291087018 -105.543755 79.668755 33.075001 
140711311087018 -106.706253 78.225006 33.525002 
140711331087018 -107.718758 77.043755 33.618752 
140711351087018 -108.318756 76.368752 34.068752 
140711371087018 -108.675003 75.956253 33.956253 
140711391087018 -108.600006 76.350006 33.900002 
140711411087018 -108.037506 76.725006 33.656250 
140711431087018 -107.006256 77.531250 33.337502 
140711451087018 -105.637505 78.543755 32.868752 
140711471087018 -103.837502 80.025002 32.456253 
140711491087018 -101.775002 81.581253 31.968752 
140711511087018 -99.243752 83.006256 31.312502 
140711531087018 -96.300003 84.862503 30.731251 
140711551087018 -93.243752 86.118752 30.037500 
140711571087018 -89.943756 87.431252 29.418751 
140711591087018 -86.287506 88.575005 28.818750 
140711611087018 -82.537506 89.418755 28.518751 
140711631087018 -78.506256 90.093750 28.200001 
140711651087018 -74.250000 90.281250 28.162500 
140711671087018 -70.143753 90.131256 28.181252 
140711691087018 -66.300003 89.681252 28.593752 
140711711087018 -62.250004 89.156250 29.268751 
140711731087018 -58.293751 88.125000 30.168751 
140711751087018 -54.581253 86.925003 31.143751 
140711771087018 -50.812504 85.518753 31.800001 
140711791087018 -47.831253 83.793755 32.587502 
140711811087018 -45.056252 82.293755 33.356251 
140711831087018 -42.881252 81.206253 34.162502 
140711851087018 -41.062500 79.968750 34.837502 
140711871087018 -39.918751 78.937500 35.400002 
140711891087018 -39.112503 78.375000 35.793751 
140711911087018 -38.943752 78.150002 35.943752 
140711931087018 -39.506252 78.356255 36.056252 
140711951087018 -40.200001 78.956253 36.075001 
140711971087018 -41.606251 79.725006 35.906250 
140711991087018 -43.181252 80.437500 35.400002 
140712011087018 -45.356251 81.487503 34.912502 
140712031087018 -47.568752 82.593750 34.387501 
140712051087018 -50.550003 83.606255 34.068752 
140712071087018 -53.737503 84.618752 33.562500 
140712091087018 -57.431252 85.631256 33.431252 
140712111087018 -61.575001 86.493752 32.925003 
140712131087018 -65.700005 87.281250 32.775002 
140712151087018 -70.200005 87.937500 32.718750 
140712171087018 -74.212502 88.106255 32.643753 
140712191087018 -78.393753 88.031250 32.287502 
140712211087018 -82.368752 87.750000 32.062500 
140712231087018 -86.193756 87.093750 32.118752 
140712251087018 -89.456253 86.493752 32.118752 
140712271087018 -92.156250 85.462502 32.400002 
140712291087018 -94.875000 84.093750 32.662502 
140712311087018 -97.012505 83.025002 33.131252 
140712331087018 -98.925003 81.787506 33.243752 
140712351087018 -100.593758 80.737503 33.712502 
140712371087018 -102.037506 79.743752 33.843750 
140712391087018 -102.993752 79.068756 34.125000 
140712411087018 -104.118752 78.375000 34.050003 
140712431087018 -104.737503 78.131256 33.787502 
140712451087018 -104.850006 78.393753 33.393753 
140712471087018 -104.662506 78.787506 32.662502 
140712491087018 -104.137505 79.500000 32.287502 
140712511087018 -103.312508 80.531250 31.612501 
140712531087018 -101.681252 81.543755 31.031252 
140712551087018 -99.806252 82.668755 30.187502 
140712571087018 -97.350006 83.925003 29.568750 
140712591087018 -94.818756 85.200005 29.268751 
140712611087018 -91.856255 86.268753 28.743752 
140712631087018 -88.387505 87.075005 28.537500 
140712651087018 -84.918755 88.087502 28.518751 
140712671087018 -81.112503 88.781250 28.781252 
140712691087018 -76.950005 89.325005 29.250002 
140712711087018 -72.450005 89.381256 30.037500 
140712731087018 -68.175003 88.987503 30.937502 
140712751087018 -63.993752 88.181252 31.706251 
140712771087018 -59.887501 87.431252 32.531250 
140712791087018 -56.268753 86.531250 33.318752 
140712811087018 -52.687504 85.293755 33.993752 
140712831087018 -49.443752 84.093750 34.237503 
140712851087018 -47.100002 83.025002 34.500000 
140712871087018 -45.618752 81.862503 34.631252 
140712891087018 -43.968750 81.000000 34.781250 
140712911087018 -42.562500 80.643753 34.781250 
140712931087018 -41.943752 80.193756 34.818752 
140712951087018 -41.550003 79.987503 34.706253 
140712971087018 -41.793751 80.193756 34.200001 
140712991087018 -42.318752 80.475006 33.937500 
140713011087018 -43.556252 81.168755 33.468750 
140713031087018 -45.093750 82.312500 32.943752 
140713051087018 -47.212502 83.606255 32.118752 
140713071087018 -49.837502 84.693756 31.443750 
140713091087018 -53.006252 86.025002 30.731251 
140713111087018 -56.587502 87.262505 30.112501 
140713131087018 -60.431252 88.256256 29.568750 
140713151087018 -64.781250 88.987503 29.118752 
140713171087018 -68.681252 89.456253 28.537500 
140713191087018 -72.543755 89.493752 28.143751 
140713211087018 -76.706253 89.400002 28.012501 
140713231087018 -80.868752 89.268753 28.031252 
140713251087018 -84.375000 88.612503 28.143751 
140713271087018 -87.487503 87.731255 28.481251 
140713291087018 -90.412506 86.887505 29.231251 
140713311087018 -92.793755 85.931252 29.868752 
140713331087018 -95.381256 84.937500 30.656252 
140713351087018 -97.312508 84.037506 31.443750 
140713371087018 -98.981255 82.950005 32.100002 
140713391087018 -100.181252 81.843750 32.662502 
140713411087018 -101.325005 81.093750 33.112503 
140713431087018 -102.206253 80.643753 33.168751 
140713451087018 -102.731255 80.493752 33.093750 
140713471087018 -102.731255 80.550003 32.943752 
140713491087018 -102.225006 80.775002 32.662502 
140713511087018 -101.625008 81.356255 32.212502 
140713531087018 -100.443756 82.368752 31.668751 
140713551087018 -98.925003 83.231255 30.843752 
140713571087018 -96.487503 84.431252 30.093752 
140713591087018 -93.787506 85.781250 29.306252 
140713611087018 -90.468750 86.812500 28.350000 
140713631087018 -87.168755 87.843750 27.487501 
140713651087018 -83.756256 88.537506 26.606251 
140713671087018 -80.100006 89.231255 25.668751 
140713691087018 -76.143753 89.606255 25.050001 
140713711087018 -72.393753 90.018753 24.693750 
140713731087018 -69.150002 90.056252 24.393751 
140713751087018 -65.812500 89.887505 24.337502 
140713771087018 -63.000004 89.512505 24.206251 
140713791087018 -60.093754 88.987503 24.262501 
140713811087018 -57.337502 88.706253 24.150002 
140713831087018 -54.731251 87.937500 24.225000 
140713851087018 -52.575001 87.300003 24.337502 
140713871087018 -50.531254 86.718750 24.393751 
140713891087018 -48.731251 86.250000 24.543751 
140713911087018 -47.456253 85.556252 24.581251 
140713931087018 -46.462502 85.031250 24.825001 
140713951087018 -45.768753 84.843750 24.993752 
140713971087018 -45.412502 84.637505 25.162500 
140713991087018 -45.562500 84.900002 25.350000 
140714011087018 -45.975002 85.125000 25.256250 
140714031087018 -46.875000 85.518753 25.443750 
140714051087018 -48.187504 85.912506 25.106251 
140714071087018 -49.800003 86.550003 24.881250 
140714091087018 -51.806252 87.337502 24.412500 
140714111087018 -54.375004 88.181252 24.468752 
140714131087018 -57.262501 88.968750 24.450001 
140714151087018 -60.337502 89.568756 24.318750 
140714171087018 -63.918751 90.262505 24.281252 
140714191087018 -67.818756 90.468750 24.150002 
140714211087018 -71.831253 90.843750 24.262501 
140714231087018 -75.843750 90.712502 24.206251 
140714251087018 -80.025002 90.618752 24.600000 
140714271087018 -83.943756 89.812500 24.487501 
140714291087018 -87.637505 88.950005 24.450001 
140714311087018 -91.237503 87.768753 24.731251 
140714331087018 -94.537506 86.137505 25.012501 
140714351087018 -97.350006 84.900002 25.331251 
140714371087018 -99.993752 83.250000 25.837502 
140714391087018 -102.150002 81.900002 26.437502 
140714411087018 -103.931252 80.418755 26.868752 
140714431087018 -105.262505 79.200005 27.412500 
140714451087018 -106.387505 78.412506 28.125002 
140714471087018 -106.968758 78.093750 28.593752 
140714491087018 -106.650002 78.150002 28.893751 
140714511087018 -105.975006 78.600006 29.062502 
140714531087018 -104.587502 79.293755 29.400002 
140714551087018 -102.956253 80.325005 29.625002 
140714571087018 -100.500008 81.750000 30.243752 
140714591087018 -97.931252 83.362503 30.562502 
140714611087018 -94.987503 84.637505 30.581251 
140714631087018 -91.687500 85.875000 30.806252 
140714651087018 -88.687500 86.887505 30.975000 
140714671087018 -85.200005 87.731255 31.312502 
140714691087018 -81.562500 88.368752 31.500002 
140714711087018 -77.793755 88.650002 31.875002 
140714731087018 -74.062500 88.425003 31.800001 
140714751087018 -70.256256 88.331253 32.287502 
140714771087018 -66.412506 87.993752 32.850002 
140714791087018 -62.962502 87.318756 33.393753 
140714811087018 -59.531254 86.493752 34.518753 
140714831087018 -56.587502 85.387505 35.400002 
140714851087018 -53.850002 84.281250 36.262501 
140714871087018 -51.187504 83.043755 37.143753 
140714891087018 -48.993752 81.918755 37.950001 
140714911087018 -47.268753 80.662506 38.475002 
140714931087018 -45.712502 79.575005 39.206253 
140714951087018 -44.306252 78.693756 39.675003 
140714971087018 -43.143753 77.981255 40.068752 
140714991087018 -42.187500 77.362503 40.481251 
140715011087018 -41.625000 76.837502 40.893753 
140715031087018 -41.550003 76.650002 40.987503 
140715051087018 -41.437500 76.612503 40.875000 
140715071087018 -41.625000 76.875000 40.556252 
140715091087018 -42.337502 77.493752 39.900002 
140715111087018 -43.218750 78.487503 39.262501 
140715131087018 -44.756252 79.912506 38.531250 
140715151087018 -46.650002 81.262505 37.481251 
140715171087018 -49.050003 82.725006 36.375000 
140715191087018 -51.900002 84.281250 35.550003 
140715211087018 -55.500004 85.818756 34.575001 
140715231087018 -59.493752 87.281250 33.618752 
140715251087018 -63.450001 88.275002 33.168751 
140715271087018 -67.893753 88.950005 32.737503 
140715291087018 -72.075005 89.062500 31.837502 
140715311087018 -76.518753 89.081253 31.350000 
140715331087018 -81.187500 88.725006 31.162500 
140715351087018 -85.593750 87.918755 30.693750 
140715371087018 -89.587502 86.793755 30.806252 
140715391087018 -93.056252 85.368752 31.125002 
140715411087018 -96.693756 84.018753 31.387501 
140715431087018 -99.431252 82.425003 31.743752 
140715451087018 -101.887505 81.000000 32.418751 
140715471087018 -103.893753 79.781250 32.681252 
140715491087018 -104.868752 78.937500 32.887501 
140715511087018 -105.300003 78.393753 33.225002 
140715531087018 -105.450005 78.225006 33.243752 
140715551087018 -105.075005 78.318756 33.075001 
140715571087018 -103.968758 78.806252 32.681252 
140715591087018 -102.787506 79.931252 32.231251 
140715611087018 -101.081253 80.943756 31.912500 
140715631087018 -99.168755 82.125000 31.687502 
140715651087018 -97.087502 82.968750 31.387501 
140715671087018 -94.556252 84.300003 31.575001 
140715691087018 -91.912506 85.500000 31.593752 
140715711087018 -88.912506 86.437500 31.875002 
140715731087018 -85.631256 87.150002 31.931252 
140715751087018 -82.518753 87.487503 32.362503 
140715771087018 -79.443756 87.787506 32.643753 
140715791087018 -75.806252 88.087502 33.056252 
140715811087018 -72.225006 88.612503 33.637501 
140715831087018 -69.000000 88.237503 33.937500 
140715851087018 -65.812500 87.675003 34.631252 
140715871087018 -62.793751 86.962502 35.156250 
140715891087018 -60.056252 86.156250 36.000000 
140715911087018 -57.468754 85.350006 36.600002 
140715931087018 -54.900002 84.600006 36.900002 
140715951087018 -52.781254 83.718750 37.293751 
140715971087018 -50.943752 82.668755 37.331253 
140715991087018 -49.312504 82.125000 37.312500 
140716011087018 -47.793751 81.412506 37.087502 
140716031087018 -46.856251 81.000000 37.068752 
140716051087018 -46.087502 80.887505 36.825001 
140716071087018 -45.581253 80.662506 36.618752 
140716091087018 -45.768753 80.793755 36.450001 
140716111087018 -46.181252 80.981255 36.206253 
140716131087018 -46.818752 81.487503 35.756252 
140716151087018 -47.925003 81.993752 34.837502 
140716171087018 -49.443752 82.950005 34.143753 
140716191087018 -51.337502 84.093750 33.018753 
140716211087018 -53.775002 84.975006 31.968752 
140716231087018 -56.418751 86.137505 30.581251 
140716251087018 -59.962502 86.775002 29.325001 
140716271087018 -63.693752 87.243752 28.031252 
140716291087018 -67.725006 87.637505 27.037500 
140716311087018 -71.812500 87.675003 26.325001 
140716331087018 -76.087502 87.487503 25.593752 
140716351087018 -80.362503 86.925003 25.125002 
140716371087018 -84.393753 86.268753 24.787500 
140716391087018 -88.256256 85.087502 24.825001 
140716411087018 -91.387505 84.300003 25.050001 
140716431087018 -94.237503 83.212502 25.462502 
140716451087018 -97.068756 81.993752 25.818750 
140716471087018 -99.600006 80.737503 26.550001 
140716491087018 -101.418755 79.556252 27.412500 
140716511087018 -102.975006 78.431252 28.200001 
140716531087018 -104.343758 77.268753 28.893751 
140716551087018 -105.450005 76.556252 29.531252 
140716571087018 -105.956253 75.956253 29.737501 
140716591087018 -106.143753 75.937500 30.056252 
140716611087018 -105.562508 76.218750 30.000002 
140716631087018 -104.475006 76.950005 29.681252 
140716651087018 -103.350006 77.850006 29.137501 
140716671087018 -101.831253 79.087502 28.387501 
140716691087018 -99.937508 80.625000 27.750002 
140716711087018 -97.425003 82.218750 26.887501 
140716731087018 -94.575005 83.568756 26.156252 
140716751087018 -91.481255 84.750000 25.218752 
140716771087018 -88.575005 85.912506 25.068750 
140716791087018 -85.518753 86.793755 24.900002 
140716811087018 -82.143753 87.468750 24.806252 
140716831087018 -78.637505 87.900002 24.956251 
140716851087018 -74.981255 88.068756 25.106251 
140716871087018 -71.793755 87.881256 25.443750 
140716891087018 -68.512505 87.450005 26.118752 
140716911087018 -65.418755 86.756256 26.925001 
140716931087018 -62.025002 85.950005 27.487501 
140716951087018 -58.668751 84.975006 28.293751 
140716971087018 -55.593754 84.075005 28.875002 
140716991087018 -52.762501 82.987503 29.587502 
140717011087018 -50.137501 81.993752 30.337502 
140717031087018 -47.475002 80.868752 31.012501 
140717051087018 -45.412502 80.006256 31.762501 
140717071087018 -43.650002 79.012505 32.231251 
140717091087018 -42.075001 78.168755 32.681252 
140717111087018 -41.156250 77.625000 32.812500 
140717131087018 -40.743752 77.306252 32.962502 
140717151087018 -40.481251 77.306252 32.625000 
140717171087018 -40.668751 77.437500 32.268753 
140717191087018 -41.493752 77.943756 31.612501 
140717211087018 -42.712502 78.900002 30.543751 
140717231087018 -44.306252 80.156250 29.775002 
140717251087018 -46.612503 81.618752 28.612501 
140717271087018 -49.481251 83.062500 27.768751 
140717291087018 -52.631252 84.412506 26.868752 
140717311087018 -56.175003 85.650002 26.325001 
140717331087018 -60.243752 86.850006 25.706251 
140717351087018 -64.425003 88.068756 25.462502 
140717371087018 -68.962502 88.593750 25.237501 
140717391087018 -73.462502 88.968750 24.937502 
140717411087018 -78.000000 88.781250 25.012501 
140717431087018 -82.275002 88.331253 24.975000 
140717451087018 -86.418755 87.468750 25.275002 
140717471087018 -90.393753 86.493752 25.462502 
140717491087018 -93.787506 85.218750 25.987501 
140717511087018 -96.712502 83.475006 26.493752 
140717531087018 -99.037506 82.012505 27.337502 
140717551087018 -101.212502 80.756256 28.143751 
140717571087018 -102.825005 79.462502 29.006250 
140717591087018 -104.118752 78.393753 29.925001 
140717611087018 -104.812508 77.531250 30.637501 
140717631087018 -105.112503 77.268753 31.312502 
140717651087018 -105.150002 77.231255 31.556252 
140717671087018 -104.981255 77.418755 31.650002 
140717691087018 -104.193756 78.000000 31.387501 
140717711087018 -103.218758 78.712502 31.031252 
140717731087018 -102.018753 79.668755 30.562502 
140717751087018 -100.443756 80.812500 29.812502 
140717771087018 -98.662506 82.350006 28.875002 
140717791087018 -96.693756 83.418755 28.125002 
140717811087018 -94.181252 84.468750 27.281252 
140717831087018 -91.575005 85.818756 26.418751 
140717851087018 -88.875000 86.737503 25.837502 
140717871087018 -85.631256 87.525002 25.200001 
140717891087018 -82.387505 88.275002 24.618752 
140717911087018 -78.881256 88.762505 24.393751 
140717931087018 -75.375000 88.893753 24.356251 
140717951087018 -71.812500 89.081253 24.281252 
140717971087018 -68.550003 88.968750 24.468752 
140717991087018 -65.212502 88.668755 24.806252 
140718011087018 -62.156254 88.256256 25.275002 
140718031087018 -59.362503 87.787506 25.818750 
140718051087018 -56.250004 86.887505 26.381250 
140718071087018 -53.737503 86.006256 27.018751 
140718091087018 -51.525002 85.087502 27.693750 
140718111087018 -49.593754 84.112503 28.500002 
140718131087018 -47.981251 83.250000 29.418751 
140718151087018 -46.612503 82.631256 30.356251 
140718171087018 -45.600002 82.050003 31.125002 
140718191087018 -45.187500 81.562500 31.931252 
140718211087018 -45.562500 81.450005 32.400002 
140718231087018 -46.350002 81.675003 32.662502 
140718251087018 -47.362503 82.200005 32.775002 
140718271087018 -48.825001 82.950005 32.831253 
140718291087018 -50.643753 83.812500 32.325001 
140718311087018 -53.043751 84.600006 31.875002 
140718331087018 -55.818752 85.668755 31.387501 
140718351087018 -58.800003 86.756256 30.506250 
140718371087018 -62.006252 87.693756 30.187502 
140718391087018 -65.343750 88.387505 29.625002 
140718411087018 -69.150002 88.668755 29.006250 
140718431087018 -72.956253 88.781250 28.293751 
140718451087018 -76.743752 88.931252 28.106251 
140718471087018 -80.400002 88.875000 27.768751 
140718491087018 -83.962502 88.237503 27.562502 
140718511087018 -87.375000 87.431252 27.750002 
140718531087018 -90.468750 86.700005 27.543751 
140718551087018 -93.112503 85.762505 27.600000 
140718571087018 -95.287506 84.956253 27.862501 
140718591087018 -97.368752 83.962502 28.312502 
140718611087018 -98.850006 83.100006 28.593752 
140718631087018 -100.031258 82.162506 28.931252 
140718651087018 -100.687508 81.806252 29.100000 
140718671087018 -100.893753 81.543755 29.343752 
140718691087018 -100.537506 81.506256 29.643751 
140718711087018 -99.975006 81.787506 29.925001 
140718731087018 -99.093758 82.218750 30.262501 
140718751087018 -97.612503 82.893753 30.618752 
140718771087018 -96.018753 83.587502 30.956251 
140718791087018 -93.787506 84.675003 31.237501 
140718811087018 -91.650002 85.575005 31.387501 
140718831087018 -89.306252 86.456253 31.237501 
140718851087018 -86.925003 87.262505 31.012501 
140718871087018 -84.112503 87.768753 30.918751 
140718891087018 -80.868752 88.256256 30.975000 
140718911087018 -77.456253 88.537506 30.956251 
140718931087018 -73.950005 88.518753 30.993752 
140718951087018 -70.743752 88.068756 31.050001 
140718971087018 -67.312500 87.693756 31.612501 
140718991087018 -63.843754 87.037506 32.418751 
140719011087018 -60.618752 86.212502 33.262501 
140719031087018 -57.468754 85.350006 34.068752 
140719051087018 -54.937504 84.468750 34.706253 
140719071087018 -52.950001 83.587502 35.306252 
140719091087018 -51.393753 83.043755 35.925003 
140719111087018 -50.137501 82.481255 36.318752 
140719131087018 -49.218754 81.750000 36.750000 
140719151087018 -49.031254 81.431252 37.050003 
140719171087018 -48.937504 81.112503 37.368752 
140719191087018 -49.256252 81.412506 37.462502 
140719211087018 -49.687504 81.637505 37.387501 
140719231087018 -50.062504 81.956253 37.218750 
140719251087018 -51.112503 82.406250 36.487503 
140719271087018 -52.425003 83.250000 36.093750 
140719291087018 -54.037502 84.262505 35.137501 
140719311087018 -55.893753 85.125000 34.106251 
140719331087018 -58.106251 86.081253 33.131252 
140719351087018 -60.881252 86.700005 32.212502 
140719371087018 -64.312500 87.112503 31.368752 
140719391087018 -67.987503 87.656250 30.693750 
140719411087018 -71.681252 87.975006 30.356251 
140719431087018 -75.618752 87.843750 29.756250 
140719451087018 -79.706253 87.431252 29.662500 
140719471087018 -83.493752 86.943756 29.700001 
140719491087018 -87.356255 86.456253 29.868752 
140719511087018 -91.106255 85.518753 29.981251 
140719531087018 -94.237503 84.656250 30.187502 
140719551087018 -97.012505 83.306252 30.581251 
140719571087018 -99.600006 81.900002 31.125002 
140719591087018 -101.625008 80.606255 31.893751 
140719611087018 -103.181252 79.218750 32.475002 
140719631087018 -104.756256 77.906250 33.412502 
140719651087018 -105.806252 76.706253 34.237503 
140719671087018 -105.975006 75.937500 35.175003 
140719691087018 -106.218758 75.450005 36.093750 
140719711087018 -106.143753 75.581253 36.412502 
140719731087018 -105.075005 76.012505 36.900002 
140719751087018 -103.668755 76.818756 36.900002 
140719771087018 -101.606255 78.375000 36.618752 
140719791087018 -99.112503 80.118752 35.606251 
140719811087018 -95.962502 81.768753 34.481251 
140719831087018 -92.981255 83.400002 33.375000 
140719851087018 -89.193756 85.106255 31.968752 
140719871087018 -85.218750 86.456253 30.993752 
140719891087018 -81.225006 87.506256 29.925001 
140719911087018 -76.800003 88.087502 29.231251 
140719931087018 -72.562500 88.143753 28.725000 
140719951087018 -68.193756 87.900002 28.668751 
140719971087018 -64.162506 87.431252 28.575001 
140719991087018 -60.000004 86.718750 28.743752 
140720011087018 -56.006252 85.556252 29.212502 
140720031087018 -52.331253 84.393753 29.756250 
140720051087018 -49.050003 83.062500 30.281252 
140720071087018 -46.162502 81.543755 31.125002 
140720091087018 -43.856251 80.137505 31.931252 
140720111087018 -41.550003 78.731255 33.075001 
140720131087018 -39.937500 77.718750 34.237503 
140720151087018 -38.568752 76.575005 35.137501 
140720171087018 -37.931252 75.675003 36.093750 
140720191087018 -37.500000 74.962502 36.712502 
140720211087018 -37.425003 74.718750 37.331253 
140720231087018 -37.912502 75.112503 37.462502 
140720251087018 -38.250000 75.525002 37.500000 
140720271087018 -39.300003 76.312500 36.881252 
140720291087018 -40.218750 77.100006 36.206253 
140720311087018 -41.681252 78.487503 35.493752 
140720331087018 -43.743752 80.062500 34.668751 
140720351087018 -46.312500 81.768753 34.068752 
140720371087018 -49.387501 83.437500 33.131252 
140720391087018 -52.856251 84.843750 32.437500 
140720411087018 -57.037502 86.175003 31.987501 
140720431087018 -61.556252 87.112503 31.781252 
140720451087018 -66.581253 87.806252 31.687502 
140720471087018 -71.512505 88.275002 31.687502 
140720491087018 -76.443756 88.068756 31.612501 
140720511087018 -81.187500 87.225006 31.781252 
140720531087018 -85.781250 86.156250 32.175003 
140720551087018 -90.075005 85.068756 32.793751 
140720571087018 -93.881256 83.625000 33.412502 
140720591087018 -97.012505 82.293755 34.237503 
140720611087018 -99.843758 80.493752 35.156250 
140720631087018 -102.243752 78.487503 36.018753 
140720651087018 -103.837502 76.800003 37.256252 
140720671087018 -105.056252 75.562500 38.156250 
140720691087018 -105.806252 74.475006 38.981251 
140720711087018 -106.162506 73.500000 39.487503 
140720731087018 -106.031258 73.068756 39.768753 
140720751087018 -105.843758 73.050003 39.731251 
140720771087018 -105.075005 73.706253 39.618752 
140720791087018 -104.025002 74.737503 39.262501 
140720811087018 -102.675003 76.012505 38.662502 
140720831087018 -100.912506 77.493752 37.931252 
140720851087018 -98.868752 79.068756 37.293751 
140720871087018 -96.375008 80.718750 36.693752 
140720891087018 -93.525002 82.368752 36.262501 
140720911087018 -90.243752 83.568756 35.906250 
140720931087018 -86.568756 84.656250 35.437500 
140720951087018 -82.931252 85.556252 35.212502 
140720971087018 -79.106255 86.250000 34.950001 
140720991087018 -75.262505 86.793755 34.706253 
140721011087018 -71.100006 86.868752 34.687500 
140721031087018 -67.087502 86.643753 34.631252 
140721051087018 -62.906254 85.893753 34.631252 
140721071087018 -58.893753 85.125000 34.593750 
140721091087018 -55.068752 83.943756 34.593750 
140721111087018 -51.225002 82.612503 34.443752 
140721131087018 -47.737503 81.150002 34.368752 
140721151087018 -44.475002 79.481255 34.406250 
140721171087018 -41.456253 77.925003 34.556252 
140721191087018 -39.056252 76.425003 34.556252 
140721211087018 -37.312500 75.243752 34.537502 
140721231087018 -36.000000 74.325005 34.706253 
140721251087018 -35.512501 73.725006 35.081253 
140721271087018 -35.156250 73.481255 35.343750 
140721291087018 -35.043751 73.706253 35.137501 
140721311087018 -35.550003 74.156250 34.687500 
140721331087018 -36.487503 75.037506 33.825001 
140721351087018 -37.706253 76.181252 33.112503 
140721371087018 -39.412502 77.662506 32.456253 
140721391087018 -41.550003 79.331253 31.781252 
140721411087018 -44.175003 81.112503 30.750002 
140721431087018 -47.700001 82.818756 30.037500 
140721451087018 -52.012501 84.431252 29.925001 
140721471087018 -56.531254 85.743752 29.887501 
140721491087018 -61.650002 86.718750 30.131250 
140721511087018 -66.806252 87.600006 30.393751 
140721531087018 -72.187500 87.956253 30.618752 
140721551087018 -77.250000 87.825005 30.937502 
140721571087018 -82.050003 87.506256 31.425001 
140721591087018 -86.662506 86.325005 31.875002 
140721611087018 -90.956253 84.881256 32.381252 
140721631087018 -94.650002 83.456253 33.018753 
140721651087018 -97.837502 81.768753 33.731251 
140721671087018 -100.612503 79.893753 34.312500 
140721691087018 -102.806252 78.075005 34.856251 
140721711087018 -104.587502 76.725006 35.343750 
140721731087018 -105.937508 75.393753 35.550003 
140721751087018 -106.518753 74.850006 35.775002 
140721771087018 -106.443756 74.625000 35.531250 
140721791087018 -106.087502 74.906250 35.156250 
140721811087018 -105.056252 75.712502 34.725002 
140721831087018 -103.650002 76.743752 34.256252 
140721851087018 -101.812508 78.281250 33.618752 
140721871087018 -99.618752 79.687500 32.831253 
140721891087018 -96.918755 81.562500 32.287502 
140721911087018 -93.937500 83.325005 31.443750 
140721931087018 -90.318756 85.012505 30.993752 
140721951087018 -86.606255 86.437500 30.675001 
140721971087018 -82.425003 87.281250 30.150002 
140721991087018 -78.093750 88.106255 30.018751 
140722011087018 -73.875000 88.443756 30.037500 
140722031087018 -69.562500 88.575005 30.318750 
140722051087018 -65.306252 87.937500 30.806252 
140722071087018 -61.293751 87.187500 31.650002 
140722091087018 -57.581253 86.175003 32.268753 
140722111087018 -54.000004 85.031250 32.943752 
140722131087018 -51.168751 83.943756 33.600002 
140722151087018 -48.506252 82.743752 34.256252 
140722171087018 -45.993752 81.093750 35.175003 
140722191087018 -43.818752 79.575005 35.812500 
140722211087018 -42.112503 78.543755 36.281250 
140722231087018 -40.481251 77.793755 36.656250 
140722251087018 -39.543751 77.062500 37.050003 
140722271087018 -38.981251 76.518753 37.237503 
140722291087018 -38.981251 76.518753 37.293751 
140722311087018 -39.525002 76.856255 37.087502 
140722331087018 -40.856251 77.906250 36.600002 
140722351087018 -42.750000 79.106255 36.018753 
140722371087018 -45.187500 80.343750 35.362503 
140722391087018 -48.150002 81.562500 34.537502 
140722411087018 -51.525002 83.006256 33.900002 
140722431087018 -55.387501 84.337502 33.243752 
140722451087018 -59.287502 85.331253 32.850002 
140722471087018 -63.600002 85.987503 32.400002 
140722491087018 -67.912506 86.325005 31.893751 
140722511087018 -72.356255 86.512505 31.500002 
140722531087018 -76.875000 86.381256 31.293751 
140722551087018 -81.206253 85.950005 31.200001 
140722571087018 -85.218750 84.993752 30.956251 
140722591087018 -88.743752 84.131256 30.881250 
140722611087018 -92.043755 83.212502 30.750002 
140722631087018 -94.968750 82.237503 31.106251 
140722651087018 -97.443756 81.318756 31.406252 
140722671087018 -99.468758 80.062500 31.668751 
140722691087018 -101.043755 78.993752 31.762501 
140722711087018 -102.468758 78.112503 31.762501 
140722731087018 -103.500008 77.756256 31.743752 
140722751087018 -104.306252 77.493752 31.912500 
140722771087018 -104.212502 77.400002 32.118752 
140722791087018 -103.612503 77.662506 31.818750 
140722811087018 -102.412506 78.450005 31.556252 
140722831087018 -100.781258 79.425003 31.556252 
140722851087018 -98.587502 80.718750 31.256250 
140722871087018 -95.906250 81.937500 30.768751 
140722891087018 -92.981255 83.231255 30.487501 
140722911087018 -89.512505 84.168755 29.793751 
140722931087018 -86.231255 85.556252 29.193750 
140722951087018 -82.762505 86.606255 28.856251 
140722971087018 -79.218750 87.075005 28.312502 
140722991087018 -75.543755 87.600006 27.656252 
140723011087018 -72.037506 87.712502 27.525002 
140723031087018 -68.568756 87.712502 27.525002 
140723051087018 -64.968750 87.356255 27.693750 
140723071087018 -61.706253 87.056252 28.256250 
140723091087018 -58.500004 86.043755 28.500002 
140723111087018 -55.331253 84.975006 28.781252 
140723131087018 -52.518753 83.925003 29.568750 
140723151087018 -49.950001 82.668755 30.412500 
140723171087018 -47.437500 81.637505 30.993752 
140723191087018 -45.337502 80.437500 31.612501 
140723211087018 -43.518753 79.368752 32.081253 
140723231087018 -42.093750 78.562500 32.418751 
140723251087018 -41.100002 77.625000 32.868752 
140723271087018 -40.612503 77.287506 33.356251 
140723291087018 -40.425003 76.968750 33.431252 
140723311087018 -40.668751 77.156250 33.356251 
140723331087018 -41.531250 77.306252 33.318752 
140723351087018 -43.012501 78.356255 33.300003 
140723371087018 -45.168751 79.481255 33.075001 
140723391087018 -47.737503 80.775002 32.700001 
140723411087018 -51.056252 82.500000 32.475002 
140723431087018 -54.862503 83.812500 31.762501 
140723451087018 -59.193752 85.200005 31.312502 
140723471087018 -63.881252 86.231255 30.862501 
140723491087018 -68.512505 87.225006 30.300001 
140723511087018 -73.031250 87.525002 30.225000 
140723531087018 -77.531250 87.525002 30.000002 
140723551087018 -81.956253 86.887505 29.718752 
140723571087018 -85.987503 86.175003 29.325001 
140723591087018 -89.756256 85.181252 29.550001 
140723611087018 -93.393753 83.850006 29.475000 
140723631087018 -96.450005 82.575005 29.906252 
140723651087018 -99.225006 81.150002 30.075001 
140723671087018 -101.550003 79.518753 30.093752 
140723691087018 -103.631256 78.131256 30.356251 
140723711087018 -105.300003 77.268753 30.637501 
140723731087018 -106.443756 76.331253 30.881250 
140723751087018 -107.006256 75.825005 30.712502 
140723771087018 -106.743752 75.881256 30.825001 
140723791087018 -106.350006 76.293755 30.225000 
140723811087018 -105.375008 76.968750 30.225000 
140723831087018 -103.987503 78.187500 29.962502 
140723851087018 -101.850006 79.481255 29.662500 
140723871087018 -99.543755 80.737503 29.343752 
140723891087018 -97.087502 82.143753 29.137501 
140723911087018 -94.312500 83.718750 28.893751 
140723931087018 -91.462502 84.937500 28.687502 
140723951087018 -88.256256 85.800003 28.725000 
140723971087018 -84.900002 86.512505 28.462502 
140723991087018 -81.468750 87.093750 28.556252 
140724011087018 -78.018753 87.693756 28.425001 
140724031087018 -74.606255 88.012505 28.687502 
140724051087018 -70.893753 87.975006 28.931252 
140724071087018 -67.425003 87.450005 29.512501 
140724091087018 -63.937504 87.131256 29.831251 
140724111087018 -60.562504 86.587502 30.225000 
140724131087018 -57.562504 85.893753 30.937502 
140724151087018 -54.637501 84.900002 31.331251 
140724171087018 -51.993752 83.868752 32.175003 
140724191087018 -49.443752 82.481255 32.643753 
140724211087018 -47.400002 81.543755 33.168751 
140724231087018 -45.768753 80.643753 33.600002 
140724251087018 -44.400002 79.556252 34.331253 
140724271087018 -43.443752 78.731255 34.968750 
140724291087018 -42.937500 78.075005 35.400002 
140724311087018 -42.843750 77.887505 35.831253 
140724331087018 -43.012501 78.018753 35.981251 
140724351087018 -43.593750 78.543755 35.925003 
140724371087018 -44.606251 79.031250 35.493752 
140724391087018 -45.843750 79.912506 34.987503 
140724411087018 -47.587502 81.056252 34.518753 
140724431087018 -49.781254 82.331253 33.712502 
140724451087018 -52.237503 83.906250 32.868752 
140724471087018 -55.425003 85.181252 31.950001 
140724491087018 -59.156254 86.025002 31.125002 
140724511087018 -63.000004 87.131256 30.637501 
140724531087018 -67.237503 87.787506 30.450001 
140724551087018 -71.400002 88.012505 30.225000 
140724571087018 -75.881256 88.143753 29.700001 
140724591087018 -80.250000 88.012505 29.568750 
140724611087018 -84.356255 87.337502 29.531252 
140724631087018 -88.143753 86.212502 29.625002 
140724651087018 -91.706253 85.237503 29.718752 
140724671087018 -94.968750 83.718750 29.793751 
140724691087018 -97.631256 82.518753 29.943750 
140724711087018 -100.331253 81.300003 30.243752 
140724731087018 -102.206253 79.968750 30.675001 
140724751087018 -103.706253 78.731255 31.181252 
140724771087018 -104.868752 77.831253 31.518751 
140724791087018 -105.675003 77.381256 31.950001 
140724811087018 -105.862503 76.950005 32.175003 
140724831087018 -105.750008 76.912506 32.306252 
140724851087018 -105.431252 77.137505 32.718750 
140724871087018 -104.231255 77.962502 32.943752 
140724891087018 -102.693756 78.787506 33.000000 
140724911087018 -101.025002 79.950005 33.056252 
140724931087018 -99.075005 81.093750 32.981251 
140724951087018 -96.806252 82.368752 32.493752 
140724971087018 -94.181252 83.625000 32.418751 
140724991087018 -91.237503 85.106255 32.306252 
140725011087018 -87.656250 86.137505 31.968752 
140725031087018 -84.375000 86.531250 31.593752 
140725051087018 -81.150002 87.131256 31.500002 
140725071087018 -77.400002 87.543755 31.200001 
140725091087018 -73.462502 87.712502 31.237501 
140725111087018 -69.206253 87.412506 31.781252 
140725131087018 -65.006256 86.718750 32.475002 
140725151087018 -61.068752 85.650002 33.337502 
140725171087018 -57.675003 84.562500 34.350002 
140725191087018 -53.906254 83.568756 35.231251 
140725211087018 -50.662502 82.125000 36.056252 
140725231087018 -47.906250 80.625000 37.256252 
140725251087018 -45.581253 79.125000 38.587502 
140725271087018 -44.118752 77.775002 39.562500 
140725291087018 -43.031250 76.800003 40.368752 
140725311087018 -42.281250 76.012505 40.856251 
140725331087018 -41.737503 75.581253 41.156250 
140725351087018 -41.962502 75.375000 41.587502 
140725371087018 -42.168751 75.600006 41.681252 
140725391087018 -42.787502 75.956253 41.400002 
140725411087018 -43.987503 76.781250 40.762501 
140725431087018 -45.525002 77.962502 40.068752 
140725451087018 -47.662502 79.481255 39.037502 
140725471087018 -49.987503 80.925003 38.156250 
140725491087018 -53.006252 82.368752 37.275002 
140725511087018 -56.587502 83.756256 36.506252 
140725531087018 -60.543751 85.012505 35.700001 
140725551087018 -65.081253 86.193756 35.081253 
140725571087018 -69.731255 86.775002 34.612503 
140725591087018 -74.362503 87.112503 34.275002 
140725611087018 -79.106255 86.868752 33.975002 
140725631087018 -83.943756 86.250000 33.787502 
140725651087018 -88.368752 85.256256 33.637501 
140725671087018 -92.437500 84.075005 33.468750 
140725691087018 -96.187508 82.425003 33.693752 
140725711087018 -99.450005 80.493752 33.825001 
140725731087018 -102.187508 78.693756 34.125000 
140725751087018 -104.475006 76.968750 34.162502 
140725771087018 -106.218758 75.168755 34.762501 
140725791087018 -107.643753 73.762505 35.118752 
140725811087018 -108.600006 72.806252 35.475002 
140725831087018 -109.181252 71.887505 35.606251 
140725851087018 -109.350006 71.756256 35.737503 
140725871087018 -108.918755 72.075005 35.737503 
140725891087018 -108.356255 72.750000 35.643753 
140725911087018 -107.212502 73.818756 35.812500 
140725931087018 -105.618752 75.337502 35.418751 
140725951087018 -103.593758 76.912506 35.212502 
140725971087018 -101.137505 78.581253 34.725002 
140725991087018 -98.118752 80.737503 34.425003 
140726011087018 -94.650002 82.518753 33.937500 
140726031087018 -90.525002 84.037506 33.431252 
140726051087018 -85.987503 85.275002 32.887501 
140726071087018 -81.187500 86.381256 32.268753 
140726091087018 -76.462502 87.225006 31.518751 
140726111087018 -71.718750 87.787506 30.750002 
140726131087018 -67.068756 87.881256 30.393751 
140726151087018 -62.531254 87.393753 30.075001 
140726171087018 -58.481251 86.512505 30.018751 
140726191087018 -55.068752 85.762505 30.318750 
140726211087018 -52.143753 84.768753 30.506250 
140726231087018 -49.518753 83.456253 30.937502 
140726251087018 -47.025002 81.918755 31.800001 
140726271087018 -44.775002 80.662506 32.737503 
140726291087018 -42.806252 79.331253 33.431252 
140726311087018 -41.287502 78.112503 34.031250 
140726331087018 -39.937500 77.362503 34.481251 
140726351087018 -39.075001 76.500000 34.912502 
140726371087018 -38.343750 75.768753 35.343750 
140726391087018 -38.081253 75.487503 35.718750 
140726411087018 -38.100002 75.712502 35.831253 
140726431087018 -38.568752 76.012505 35.681252 
140726451087018 -39.525002 76.725006 35.681252 
140726471087018 -41.043751 77.850006 35.493752 
140726491087018 -43.106251 78.956253 35.250000 
140726511087018 -45.787502 80.587502 34.556252 
140726531087018 -48.937504 82.368752 33.993752 
140726551087018 -52.706253 84.093750 33.300003 
140726571087018 -56.793751 85.481255 32.531250 
140726591087018 -61.668751 86.700005 31.968752 
140726611087018 -66.506256 87.600006 31.218752 
140726631087018 -71.437500 88.087502 30.750002 
140726651087018 -76.406250 88.331253 30.168751 
140726671087018 -81.000000 87.900002 30.000002 
140726691087018 -85.425003 87.318756 29.643751 
140726711087018 -89.512505 86.156250 29.343752 
140726731087018 -93.581253 84.806252 29.287500 
140726751087018 -96.618752 83.418755 29.362501 
140726771087018 -99.525002 81.900002 29.531252 
140726791087018 -102.131256 80.231255 29.662500 
140726811087018 -104.043755 78.806252 29.981251 
140726831087018 -105.618752 77.493752 30.131250 
140726851087018 -106.743752 76.443756 30.337502 
140726871087018 -107.137505 75.993752 30.618752 
140726891087018 -107.043755 75.993752 30.768751 
140726911087018 -106.293755 76.406250 30.731251 
140726931087018 -105.056252 77.437500 30.581251 
140726951087018 -103.087502 78.693756 30.637501 
140726971087018 -101.025002 80.287506 30.656252 
140726991087018 -98.437508 81.918755 30.525002 
140727011087018 -95.156250 83.531250 30.431252 
140727031087018 -91.781250 85.031250 30.281252 
140727051087018 -87.731255 86.287506 30.356251 
140727071087018 -83.775002 87.262505 30.356251 
140727091087018 -79.800003 87.675003 30.506250 
140727111087018 -75.825005 87.956253 30.375002 
140727131087018 -71.437500 87.975006 30.637501 
140727151087018 -67.087502 87.693756 31.050001 
140727171087018 -63.168751 87.131256 31.706251 
140727191087018 -59.325001 86.156250 32.381252 
140727211087018 -55.818752 85.218750 32.981251 
140727231087018 -52.800003 83.943756 34.031250 
140727251087018 -49.968754 82.668755 34.875000 
140727271087018 -47.118752 81.393753 35.756252 
140727291087018 -44.962502 79.987503 36.618752 
140727311087018 -43.125000 78.600006 37.593750 
140727331087018 -41.587502 77.137505 38.400002 
140727351087018 -40.668751 76.162506 39.281250 
140727371087018 -40.125000 75.337502 40.068752 
140727391087018 -39.731251 74.793755 40.406250 
140727411087018 -39.450001 74.587502 40.875000 
140727431087018 -39.693752 74.512505 41.043751 
140727451087018 -39.750000 74.700005 40.406250 
140727471087018 -40.331253 75.450005 39.525002 
140727491087018 -41.043751 76.481255 38.606251 
140727511087018 -42.131252 77.718750 37.181252 
140727531087018 -43.762501 79.331253 35.606251 
140727551087018 -45.581253 81.206253 33.900002 
140727571087018 -48.450001 82.912506 32.043751 
140727591087018 -51.731251 84.900002 30.412500 
140727611087018 -55.743752 86.662506 29.118752 
140727631087018 -60.187504 88.181252 27.618752 
140727651087018 -65.175003 89.493752 26.043751 
140727671087018 -70.181252 90.243752 24.487501 
140727691087018 -75.375000 90.506256 22.987501 
140727711087018 -80.775002 90.168755 21.787500 
140727731087018 -86.025002 89.531250 20.831251 
140727751087018 -91.162506 88.031250 19.931252 
140727771087018 -95.831253 86.231255 19.012501 
140727791087018 -100.368752 83.475006 18.768751 
140727811087018 -104.568756 80.606255 18.693750 
140727831087018 -107.962502 77.606255 19.312500 
140727851087018 -111.056252 74.437500 20.137501 
140727871087018 -113.531258 71.550003 20.943750 
140727891087018 -115.125008 68.868752 21.600000 
140727911087018 -116.137505 66.806252 22.293751 
140727931087018 -117.075005 65.193756 23.343750 
140727951087018 -117.131256 64.837502 23.718750 
140727971087018 -116.662506 65.081253 23.925001 
140727991087018 -116.025002 65.850006 23.831251 
140728011087018 -114.956253 67.012505 23.662500 
140728031087018 -113.700005 68.587502 23.306252 
140728051087018 -112.256256 70.462502 22.931252 
140728071087018 -110.606255 72.581253 22.481251 
140728091087018 -108.506256 74.812500 21.993752 
140728111087018 -106.162506 76.912506 21.712502 
140728131087018 -103.481255 78.787506 21.506250 
140728151087018 -100.987503 80.700005 21.337502 
140728171087018 -97.931252 82.500000 21.150002 
140728191087018 -95.062500 83.906250 21.131250 
140728211087018 -91.931252 85.087502 21.375000 
140728231087018 -88.687500 86.156250 21.506250 
140728251087018 -85.443756 87.018753 21.843750 
140728271087018 -82.237503 87.506256 22.425001 
140728291087018 -79.481255 87.862503 23.043751 
140728311087018 -76.593750 88.031250 23.756250 
140728331087018 -74.250000 88.012505 24.506250 
140728351087018 -71.943756 88.106255 25.368752 
140728371087018 -70.125000 88.012505 25.968752 
140728391087018 -68.775002 87.712502 26.756250 
140728411087018 -67.856255 87.393753 27.150002 
140728431087018 -67.331253 87.281250 27.693750 
140728451087018 -66.937500 87.131256 28.275002 
140728471087018 -66.918755 86.981255 28.743752 
140728491087018 -67.256256 86.737503 29.100000 
140728511087018 -67.781250 86.737503 29.175001 
140728531087018 -68.981255 86.943756 29.418751 
140728551087018 -70.425003 87.375000 29.662500 
140728571087018 -72.300003 87.450005 29.925001 
140728591087018 -74.475006 87.525002 29.887501 
140728611087018 -77.006256 87.618752 29.812502 
140728631087018 -79.668755 87.506256 29.587502 
140728651087018 -82.931252 87.281250 29.700001 
140728671087018 -86.156250 86.700005 29.962502 
140728691087018 -89.362503 85.818756 29.962502 
140728711087018 -92.568756 84.618752 30.131250 
140728731087018 -95.550003 83.475006 30.075001 
140728751087018 -98.306252 82.087502 30.168751 
140728771087018 -100.856255 80.475006 30.243752 
140728791087018 -103.350006 78.956253 30.468752 
140728811087018 -105.037506 77.587502 30.581251 
140728831087018 -106.818756 76.237503 30.806252 
140728851087018 -107.793755 75.318756 31.406252 
140728871087018 -108.281258 74.400002 31.837502 
140728891087018 -108.675003 73.743752 32.568752 
140728911087018 -108.825005 73.518753 33.187500 
140728931087018 -108.487503 73.800003 33.731251 
140728951087018 -107.887505 74.156250 34.406250 
140728971087018 -106.612503 75.206253 34.950001 
140728991087018 -104.906258 76.500000 35.118752 
140729011087018 -103.162506 77.812500 35.418751 
140729031087018 -101.381256 79.312500 35.456253 
140729051087018 -98.625008 81.187500 35.400002 
140729071087018 -95.925003 82.931252 35.118752 
140729091087018 -92.906250 84.450005 35.025002 
140729111087018 -89.625000 86.100006 34.500000 
140729131087018 -86.418755 86.850006 33.900002 
140729151087018 -83.137505 87.525002 33.318752 
140729171087018 -79.706253 87.900002 32.681252 
140729191087018 -76.275002 88.331253 32.400002 
140729211087018 -73.031250 88.275002 32.306252 
140729231087018 -69.525002 87.993752 32.531250 
140729251087018 -66.243752 87.581253 32.512501 
140729271087018 -63.243752 86.981255 33.093750 
140729291087018 -60.581253 86.681252 33.956253 
140729311087018 -57.862503 86.006256 34.912502 
140729331087018 -55.387501 85.518753 35.643753 
140729351087018 -53.193752 84.618752 36.000000 
140729371087018 -51.581253 83.850006 36.225002 
140729391087018 -50.362503 83.250000 36.337502 
140729411087018 -49.612503 82.987503 36.487503 
140729431087018 -48.975002 82.856255 36.168751 
140729451087018 -48.881252 82.781250 35.568752 
140729471087018 -49.218754 82.743752 35.025002 
140729491087018 -49.781254 82.950005 34.406250 
140729511087018 -50.906254 83.643753 33.712502 
140729531087018 -52.406254 84.543755 33.318752 
140729551087018 -54.956253 85.593750 32.493752 
140729571087018 -57.525002 86.456253 31.725000 
140729591087018 -61.068752 87.150002 30.975000 
140729611087018 -64.706253 87.750000 29.943750 
140729631087018 -68.775002 88.668755 29.137501 
140729651087018 -73.350006 89.062500 28.237501 
140729671087018 -77.606255 88.987503 27.562502 
140729691087018 -81.806252 88.462502 26.812502 
140729711087018 -85.481255 87.881256 26.568750 
140729731087018 -89.231255 86.775002 26.381250 
140729751087018 -92.212502 85.518753 26.287500 
140729771087018 -95.062500 84.506256 26.831251 
140729791087018 -97.462502 83.081253 27.318750 
140729811087018 -99.431252 81.806252 28.350000 
140729831087018 -101.250008 80.625000 29.362501 
140729851087018 -102.750008 79.781250 30.300001 
140729871087018 -103.762505 78.637505 31.293751 
140729891087018 -104.306252 78.187500 32.268753 
140729911087018 -104.287506 77.925003 33.018753 
140729931087018 -103.631256 77.962502 33.168751 
140729951087018 -102.393753 78.600006 32.981251 
140729971087018 -100.987503 79.556252 32.362503 
140729991087018 -98.962502 80.512505 31.406252 
140730011087018 -96.675003 81.712502 30.618752 
140730031087018 -93.956253 83.325005 29.568750 
140730051087018 -90.937500 84.768753 28.368752 
140730071087018 -87.881256 86.137505 27.243752 
140730091087018 -84.693756 87.225006 26.418751 
140730111087018 -81.600006 87.843750 26.025002 
140730131087018 -77.887505 88.275002 25.875002 
140730151087018 -74.475006 88.818756 25.968752 
140730171087018 -70.800003 89.043755 26.025002 
140730191087018 -67.256256 88.968750 26.231251 
140730211087018 -63.881252 88.518753 26.493752 
140730231087018 -60.881252 88.237503 27.037500 
140730251087018 -57.993752 87.543755 27.600000 
140730271087018 -55.275002 87.000000 27.900002 
140730291087018 -53.212502 86.250000 28.387501 
140730311087018 -51.450001 85.612503 29.343752 
140730331087018 -50.362503 84.731255 30.112501 
140730351087018 -49.275002 84.056252 30.881250 
140730371087018 -49.012501 83.625000 31.743752 
140730391087018 -49.012501 83.268753 32.531250 
140730411087018 -49.200001 83.381256 32.831253 
140730431087018 -49.912502 83.512505 33.300003 
140730451087018 -51.675003 84.187500 33.450001 
140730471087018 -53.718754 84.618752 33.206253 
140730491087018 -56.343754 85.706253 32.850002 
140730511087018 -59.737503 86.531250 32.250000 
140730531087018 -63.300003 87.412506 31.762501 
140730551087018 -67.218750 87.900002 31.068750 
140730571087018 -71.606255 88.106255 30.637501 
140730591087018 -76.406250 88.218750 30.187502 
140730611087018 -80.550003 87.731255 29.550001 
140730631087018 -84.712502 87.000000 28.968752 
140730651087018 -88.443756 86.081253 28.575001 
140730671087018 -91.856255 84.993752 28.425001 
140730691087018 -94.762505 83.456253 28.106251 
140730711087018 -97.518753 82.275002 28.312502 
140730731087018 -99.656258 81.168755 28.668751 
140730751087018 -101.531258 79.987503 29.193750 
140730771087018 -102.825005 79.050003 29.737501 
140730791087018 -103.593758 78.712502 30.243752 
140730811087018 -103.631256 78.318756 30.900002 
140730831087018 -103.443756 78.337502 31.762501 
140730851087018 -102.637505 78.918755 32.831253 
140730871087018 -101.193756 79.500000 33.450001 
140730891087018 -99.506256 80.212502 34.612503 
140730911087018 -96.975006 81.150002 35.493752 
140730931087018 -94.331253 82.106255 36.581253 
140730951087018 -91.350006 82.725006 37.781250 
140730971087018 -88.387505 83.343750 38.906250 
140730991087018 -84.937500 83.831253 39.825001 
140731011087018 -81.918755 84.075005 40.743752 
140731031087018 -78.693756 84.206253 41.868752 
140731051087018 -75.600006 84.112503 42.693752 
140731071087018 -72.956253 83.737503 43.612503 
140731091087018 -70.518753 83.212502 44.643753 
140731111087018 -68.362503 82.518753 45.843750 
140731131087018 -66.450005 81.693756 47.100002 
140731151087018 -64.856255 80.681252 48.656254 
140731171087018 -63.300003 79.556252 50.137501 
140731191087018 -62.212502 78.318756 51.281254 
140731211087018 -61.275002 77.118752 52.031254 
140731231087018 -60.225002 76.031250 53.100002 
140731251087018 -59.250004 75.056252 54.018753 
140731271087018 -58.481251 74.381256 54.562504 
140731291087018 -57.618752 73.725006 54.750004 
140731311087018 -56.793751 73.462502 54.881252 
140731331087018 -56.156254 73.500000 54.562504 
140731351087018 -55.612503 73.743752 54.356251 
140731371087018 -55.368752 74.156250 54.018753 
140731391087018 -55.275002 74.943756 53.006252 
140731411087018 -55.218754 76.068756 51.731251 
140731431087018 -55.462502 77.343750 50.343754 
140731451087018 -56.193752 78.731255 48.993752 
140731471087018 -57.131252 80.118752 46.743752 
140731491087018 -58.575001 81.262505 44.925003 
140731511087018 -60.300003 82.743752 42.956253 
140731531087018 -62.268753 84.056252 41.231251 
140731551087018 -64.650002 85.218750 39.562500 
140731571087018 -67.387505 86.043755 37.912502 
140731591087018 -70.162506 86.606255 36.506252 
140731611087018 -73.143753 87.075005 35.043751 
140731631087018 -76.218750 87.243752 34.106251 
140731651087018 -79.087502 87.618752 33.318752 
140731671087018 -81.862503 87.375000 32.718750 
140731691087018 -84.600006 87.150002 31.987501 
140731711087018 -87.243752 86.550003 31.443750 
140731731087018 -89.643753 85.893753 31.218752 
140731751087018 -91.856255 84.937500 30.862501 
140731771087018 -93.618752 84.243752 30.693750 
140731791087018 -95.306252 83.737503 30.618752 
140731811087018 -96.525002 83.081253 30.225000 
140731831087018 -97.443756 82.856255 29.775002 
140731851087018 -97.856255 82.631256 29.681252 
140731871087018 -97.706253 82.668755 29.625002 
140731891087018 -97.256256 82.987503 29.306252 
140731911087018 -96.506256 83.756256 29.118752 
140731931087018 -95.156250 84.243752 28.893751 
140731951087018 -93.562500 84.862503 28.800001 
140731971087018 -91.950005 85.556252 28.631250 
140731991087018 -89.643753 86.156250 28.481251 
140732011087018 -87.281250 86.793755 28.275002 
140732031087018 -84.656250 87.412506 27.956251 
140732051087018 -81.918755 87.975006 28.125002 
140732071087018 -78.693756 88.218750 28.293751 
140732091087018 -76.106255 88.425003 28.500002 
140732111087018 -73.162506 88.612503 28.462502 
140732131087018 -70.087502 88.687500 28.725000 
140732151087018 -67.331253 88.425003 29.062502 
140732171087018 -64.856255 88.181252 29.568750 
140732191087018 -62.381252 87.768753 30.093752 
140732211087018 -60.131252 87.225006 30.618752 
140732231087018 -58.218754 86.662506 31.068750 
140732251087018 -56.606251 86.212502 31.575001 
140732271087018 -55.162502 85.762505 32.250000 
140732291087018 -54.037502 85.218750 32.831253 
140732311087018 -53.400002 84.937500 33.337502 
140732331087018 -52.912502 84.768753 33.356251 
140732351087018 -52.912502 84.768753 33.356251 
140732371087018 -53.212502 85.031250 33.112503 
140732391087018 -54.037502 85.425003 32.700001 
140732411087018 -54.956253 85.931252 32.268753 
140732431087018 -56.662502 86.325005 31.743752 
140732451087018 -58.575001 86.981255 31.012501 
140732471087018 -60.975002 87.600006 30.506250 
140732491087018 -63.618752 88.331253 30.056252 
140732511087018 -66.843750 88.743752 29.587502 
140732531087018 -70.256256 88.856255 29.156252 
140732551087018 -74.025002 88.837502 28.687502 
140732571087018 -77.850006 88.668755 27.993752 
140732591087018 -81.487503 88.331253 27.431252 
140732611087018 -85.218750 87.637505 27.000002 
140732631087018 -88.893753 86.812500 26.343752 
140732651087018 -92.250000 85.387505 26.043751 
140732671087018 -95.662506 84.112503 25.837502 
140732691087018 -98.868752 82.837502 25.500002 
140732711087018 -101.568756 81.431252 25.518751 
140732731087018 -103.818756 79.893753 25.893751 
140732751087018 -105.862503 78.393753 26.081251 
140732771087018 -107.587502 77.343750 26.193750 
140732791087018 -108.506256 76.500000 26.568750 
140732811087018 -109.031258 76.312500 26.512501 
140732831087018 -108.562508 76.387505 26.381250 
140732851087018 -107.681252 76.875000 26.475000 
140732871087018 -106.293755 77.812500 26.737501 
140732891087018 -104.287506 79.275002 26.662500 
140732911087018 -101.793755 80.775002 26.662500 
140732931087018 -98.943756 82.275002 26.793751 
140732951087018 -95.812500 83.906250 26.831251 
140732971087018 -92.343750 85.368752 27.168751 
140732991087018 -88.781250 86.550003 27.731251 
140733011087018 -84.937500 87.468750 28.106251 
140733031087018 -81.018753 88.237503 28.331251 
140733051087018 -77.418755 88.612503 28.706251 
140733071087018 -73.950005 88.818756 29.137501 
140733091087018 -70.462502 88.631256 30.112501 
140733111087018 -66.862503 87.993752 31.087502 
140733131087018 -63.562504 87.150002 32.212502 
140733151087018 -60.675003 86.400002 33.468750 
140733171087018 -58.012501 85.481255 34.500000 
140733191087018 -55.800003 84.318756 36.037502 
140733211087018 -53.868752 83.118752 37.331253 
140733231087018 -52.031254 82.162506 38.812500 
140733251087018 -50.737503 81.281250 39.581253 
140733271087018 -50.118752 80.643753 40.443752 
140733291087018 -49.593754 80.118752 41.100002 
140733311087018 -49.481251 79.987503 41.343750 
140733331087018 -49.556252 79.987503 41.756252 
140733351087018 -50.025002 80.418755 41.381252 
140733371087018 -50.550003 80.943756 40.893753 
140733391087018 -51.600002 81.468750 39.918751 
140733411087018 -52.968754 82.631256 39.187500 
140733431087018 -54.637501 83.737503 37.893753 
140733451087018 -56.812504 84.618752 36.393753 
140733471087018 -59.231251 85.387505 35.118752 
140733491087018 -62.268753 86.231255 33.543751 
140733511087018 -65.587502 87.112503 32.306252 
140733531087018 -69.300003 87.806252 31.125002 
140733551087018 -73.125000 88.350006 30.300001 
140733571087018 -76.687500 88.293755 29.156252 
140733591087018 -80.643753 88.031250 28.425001 
140733611087018 -84.656250 87.675003 28.162500 
140733631087018 -88.481255 86.906250 27.750002 
140733651087018 -92.025002 85.912506 27.675001 
140733671087018 -95.212502 84.506256 27.543751 
140733691087018 -98.231255 82.800003 27.600000 
140733711087018 -100.893753 81.318756 27.787500 
140733731087018 -103.106255 79.893753 28.162500 
140733751087018 -104.775002 78.712502 28.631250 
140733771087018 -105.937508 77.943756 28.706251 
140733791087018 -106.743752 77.306252 28.818750 
140733811087018 -106.931252 77.231255 28.800001 
140733831087018 -106.425003 77.456253 28.743752 
140733851087018 -105.375008 78.356255 28.856251 
140733871087018 -103.912506 79.593750 28.462502 
140733891087018 -102.506256 80.831253 28.275002 
140733911087018 -100.312508 82.125000 27.975000 
140733931087018 -97.743752 83.362503 27.731251 
140733951087018 -94.818756 84.787506 27.506250 
140733971087018 -91.706253 86.062500 27.618752 
140733991087018 -88.068756 87.093750 27.881250 
140734011087018 -84.375000 87.918755 28.106251 
140734031087018 -80.400002 88.068756 28.781252 
140734051087018 -76.162506 87.900002 29.475000 
140734071087018 -72.187500 87.862503 30.337502 
140734091087018 -68.231255 87.487503 31.106251 
140734111087018 -64.443756 87.112503 32.062500 
140734131087018 -60.750004 86.212502 32.812500 
140734151087018 -57.993752 85.406250 33.543751 
140734171087018 -55.237503 84.562500 34.275002 
140734191087018 -53.025002 83.643753 34.893753 
140734211087018 -51.112503 83.118752 35.400002 
140734231087018 -49.631252 82.500000 35.718750 
140734251087018 -48.637501 82.181252 36.075001 
140734271087018 -48.018753 81.768753 36.393753 
140734291087018 -47.756252 81.787506 36.600002 
140734311087018 -47.756252 81.750000 36.487503 
140734331087018 -48.393753 82.031250 36.281250 
140734351087018 -49.256252 82.743752 35.662502 
140734371087018 -50.493752 83.550003 34.818752 
140734391087018 -52.181252 84.393753 33.918751 
140734411087018 -54.150002 85.162506 33.112503 
140734431087018 -56.400002 86.043755 32.100002 
140734451087018 -59.550003 86.831253 30.956251 
140734471087018 -63.037502 87.712502 29.981251 
140734491087018 -66.543755 88.181252 29.100000 
140734511087018 -70.518753 88.593750 28.443750 
140734531087018 -74.643753 88.668755 27.975000 
140734551087018 -78.750000 88.331253 27.618752 
140734571087018 -82.912506 88.162506 27.225000 
140734591087018 -86.925003 87.506256 27.131250 
140734611087018 -90.468750 86.531250 27.112501 
140734631087018 -93.637505 85.256256 27.150002 
140734651087018 -96.768753 84.112503 27.093752 
140734671087018 -99.056252 82.781250 27.300001 
140734691087018 -101.062508 81.562500 27.375002 
140734711087018 -102.506256 80.456253 27.337502 
140734731087018 -103.650002 79.650002 27.506250 
140734751087018 -104.325005 79.106255 27.675001 
140734771087018 -104.287506 78.843750 27.787500 
140734791087018 -104.006256 79.181252 27.843752 
140734811087018 -102.956253 79.481255 27.956251 
140734831087018 -101.681252 80.118752 27.656252 
140734851087018 -99.693756 81.225006 27.506250 
140734871087018 -97.275002 82.762505 27.562502 
140734891087018 -94.368752 83.831253 27.300001 
140734911087018 -91.256256 85.087502 26.887501 
140734931087018 -88.256256 86.493752 26.812502 
140734951087018 -84.487503 87.468750 26.850000 
140734971087018 -80.812500 88.256256 26.962502 
140734991087018 -77.137505 88.706253 27.281252 
140735011087018 -73.631256 88.818756 27.806252 
140735031087018 -70.387505 88.443756 28.331251 
140735051087018 -67.387505 88.031250 29.306252 
140735071087018 -64.293755 87.318756 30.262501 
140735091087018 -61.181252 86.493752 31.181252 
140735111087018 -58.481251 85.462502 32.100002 
140735131087018 -55.631252 84.581253 32.718750 
140735151087018 -53.418751 83.700005 33.543751 
140735171087018 -51.525002 82.912506 34.237503 
140735191087018 -49.612503 82.331253 34.931252 
140735211087018 -48.037502 81.900002 35.325001 
140735231087018 -47.006252 81.618752 35.493752 
140735251087018 -46.125000 81.412506 35.625000 
140735271087018 -45.675003 81.393753 35.250000 
140735291087018 -46.050003 81.468750 34.987503 
140735311087018 -46.575001 81.900002 34.556252 
140735331087018 -47.550003 82.237503 33.918751 
140735351087018 -49.106251 82.968750 33.018753 
140735371087018 -51.225002 83.681252 32.100002 
140735391087018 -53.831253 84.731255 31.106251 
140735411087018 -57.018753 85.593750 29.981251 
140735431087018 -60.750004 86.568756 29.268751 
140735451087018 -64.668755 87.618752 28.537500 
140735471087018 -68.812500 88.162506 27.918751 
140735491087018 -73.181252 88.575005 27.243752 
140735511087018 -77.718750 88.462502 26.643751 
140735531087018 -81.993752 88.106255 26.231251 
140735551087018 -86.212502 87.356255 26.043751 
140735571087018 -90.056252 86.175003 25.856251 
140735591087018 -93.637505 85.162506 25.912500 
140735611087018 -96.881256 83.550003 25.950001 
140735631087018 -99.656258 82.200005 26.175001 
140735651087018 -101.906258 80.812500 26.587502 
140735671087018 -103.668755 79.631256 26.925001 
140735691087018 -105.018753 78.675003 27.206251 
140735711087018 -105.843758 77.775002 27.375002 
140735731087018 -106.331253 77.606255 27.750002 
140735751087018 -106.218758 77.362503 27.750002 
140735771087018 -105.487503 77.981255 27.693750 
140735791087018 -104.550003 78.862503 27.300001 
140735811087018 -102.768753 80.062500 26.775002 
140735831087018 -100.500008 81.412506 26.250002 
140735851087018 -98.062508 82.781250 25.800001 
140735871087018 -95.081253 84.300003 25.425001 
140735891087018 -91.781250 85.743752 25.162500 
140735911087018 -88.125000 86.831253 24.937502 
140735931087018 -84.543755 87.618752 25.050001 
140735951087018 -80.325005 88.275002 25.387501 
140735971087018 -76.537506 88.556252 25.912500 
140735991087018 -72.806252 88.593750 26.606251 
140736011087018 -68.681252 88.443756 27.450001 
140736031087018 -64.781250 87.881256 28.331251 
140736051087018 -60.693752 86.868752 29.193750 
140736071087018 -57.375004 86.193756 30.468752 
140736091087018 -54.056252 84.881256 31.500002 
140736111087018 -51.206253 83.550003 32.831253 
140736131087018 -48.431252 82.087502 33.825001 
140736151087018 -45.918751 80.643753 34.800003 
140736171087018 -44.062500 79.387505 35.568752 
140736191087018 -42.506252 78.131256 36.356251 
140736211087018 -41.625000 77.250000 37.068752 
140736231087018 -40.837502 76.481255 37.293751 
140736251087018 -40.650002 76.312500 37.462502 
140736271087018 -41.081253 76.387505 37.162502 
140736291087018 -42.075001 77.025002 37.050003 
140736311087018 -43.387501 77.718750 36.562500 
140736331087018 -44.981251 78.881256 36.187500 
140736351087018 -47.193752 80.212502 35.812500 
140736371087018 -49.968754 81.656250 34.931252 
140736391087018 -53.175003 83.175003 34.425003 
140736411087018 -56.962502 84.693756 33.843750 
140736431087018 -60.862503 85.818756 33.225002 
140736451087018 -64.837502 86.737503 32.587502 
140736471087018 -69.206253 87.506256 32.268753 
140736491087018 -73.856255 87.768753 31.687502 
140736511087018 -78.431252 87.881256 31.050001 
140736531087018 -82.668755 87.525002 30.675001 
140736551087018 -86.737503 86.831253 30.112501 
140736571087018 -90.431252 85.818756 29.775002 
140736591087018 -93.768753 84.656250 29.381250 
140736611087018 -96.900002 83.362503 29.137501 
140736631087018 -99.693756 81.993752 29.100000 
140736651087018 -102.018753 80.512505 29.437502 
140736671087018 -103.725006 79.275002 29.268751 
140736691087018 -105.112503 78.431252 29.343752 
140736711087018 -105.806252 77.868752 29.550001 
140736731087018 -105.881256 77.700005 29.662500 
140736751087018 -105.431252 78.131256 29.775002 
140736771087018 -104.400002 78.712502 29.868752 
140736791087018 -102.768753 79.706253 29.587502 
140736811087018 -100.650002 81.112503 29.250002 
140736831087018 -98.306252 82.425003 29.381250 
140736851087018 -95.381256 83.775002 29.100000 
140736871087018 -92.306252 85.087502 28.781252 
140736891087018 -88.912506 86.212502 28.443750 
140736911087018 -85.425003 87.225006 28.331251 
140736931087018 -81.918755 87.937500 28.050001 
140736951087018 -78.262505 88.350006 28.368752 
140736971087018 -74.287506 88.293755 28.743752 
140736991087018 -70.143753 88.368752 29.100000 
140737011087018 -66.337502 88.031250 30.131250 
140737031087018 -62.662502 87.112503 30.993752 
140737051087018 -58.912502 86.081253 32.043751 
140737071087018 -55.312504 84.656250 33.262501 
140737091087018 -52.012501 83.212502 34.706253 
140737111087018 -49.031254 81.712502 35.925003 
140737131087018 -46.406250 80.418755 37.012501 
140737151087018 -44.512501 78.975006 38.268753 
140737171087018 -43.068752 77.531250 39.206253 
140737191087018 -41.868752 76.443756 40.481251 
140737211087018 -41.362503 75.618752 41.625000 
140737231087018 -41.343750 75.037506 42.375000 
140737251087018 -41.343750 74.737503 42.637501 
140737271087018 -41.700001 74.718750 42.675003 
140737291087018 -42.506252 74.962502 42.412502 
140737311087018 -43.143753 75.768753 41.850002 
140737331087018 -44.175003 77.006256 41.062500 
140737351087018 -45.618752 78.450005 40.050003 
140737371087018 -47.362503 79.837502 38.850002 
140737391087018 -49.537502 81.337502 37.950001 
140737411087018 -52.406254 83.118752 37.237503 
140737431087018 -55.518753 84.600006 36.506252 
140737451087018 -59.156254 85.800003 35.850002 
140737471087018 -63.525002 86.587502 35.212502 
140737491087018 -67.950005 87.150002 34.650002 
140737511087018 -72.431252 87.318756 34.087502 
140737531087018 -77.325005 87.131256 33.693752 
140737551087018 -82.181252 86.606255 33.281250 
140737571087018 -86.456253 85.593750 33.000000 
140737591087018 -90.600006 84.206253 33.150002 
140737611087018 -94.631256 82.931252 33.281250 
140737631087018 -97.950005 81.431252 33.750000 
140737651087018 -100.668755 79.668755 34.125000 
140737671087018 -103.087502 78.337502 34.593750 
140737691087018 -104.700005 77.287506 34.781250 
140737711087018 -105.412506 76.518753 34.875000 
140737731087018 -105.993752 76.218750 34.762501 
140737751087018 -106.237503 76.781250 34.293751 
140737771087018 -105.543755 77.381256 33.450001 
140737791087018 -104.550003 78.431252 32.343750 
140737811087018 -103.312508 79.987503 31.425001 
140737831087018 -101.606255 81.393753 30.318750 
140737851087018 -99.131256 83.025002 29.475000 
140737871087018 -96.637505 84.487503 28.762501 
140737891087018 -93.581253 85.818756 28.068750 
140737911087018 -90.000000 86.850006 27.731251 
140737931087018 -86.175003 87.750000 27.693750 
140737951087018 -82.331253 88.593750 27.975000 
140737971087018 -78.093750 88.968750 28.256250 
140737991087018 -73.725006 89.212502 28.631250 
140738011087018 -69.768753 88.818756 29.137501 
140738031087018 -65.793755 88.668755 29.512501 
140738051087018 -62.118752 88.031250 29.962502 
140738071087018 -58.762501 87.318756 30.243752 
140738091087018 -55.593754 86.343750 30.712502 
140738111087018 -52.575001 84.956253 31.087502 
140738131087018 -50.137501 83.737503 31.162500 
140738151087018 -48.168751 82.593750 31.368752 
140738171087018 -46.368752 81.862503 31.725000 
140738191087018 -44.850002 81.000000 32.043751 
140738211087018 -43.612503 80.437500 32.437500 
140738231087018 -43.031250 80.118752 32.662502 
140738251087018 -43.087502 80.156250 32.662502 
140738271087018 -43.443752 80.643753 32.512501 
140738291087018 -44.550003 81.356255 32.250000 
140738311087018 -45.787502 82.312500 31.818750 
140738331087018 -48.300003 83.606255 30.937502 
140738351087018 -51.318752 84.787506 29.925001 
140738371087018 -55.200001 86.212502 29.081251 
140738391087018 -58.725002 87.431252 28.237501 
140738411087018 -63.000004 88.425003 27.375002 
140738431087018 -67.706253 89.156250 26.550001 
140738451087018 -72.431252 89.793755 25.987501 
140738471087018 -77.475006 90.018753 25.593752 
140738491087018 -81.900002 89.437500 25.237501 
140738511087018 -86.437500 88.781250 25.350000 
140738531087018 -90.468750 87.600006 25.293751 
140738551087018 -94.875000 86.231255 25.350000 
140738571087018 -98.456253 84.768753 25.575001 
140738591087018 -101.962502 83.062500 26.006250 
140738611087018 -104.831253 81.056252 26.381250 
140738631087018 -107.100006 79.031250 26.625002 
140738651087018 -109.068756 77.625000 27.243752 
140738671087018 -110.231255 76.256256 27.337502 
140738691087018 -110.943756 75.431252 27.393751 
140738711087018 -111.206253 74.925003 27.093752 
140738731087018 -110.793755 74.943756 27.187502 
140738751087018 -109.875008 75.600006 27.112501 
140738771087018 -108.431252 76.575005 26.906252 
140738791087018 -106.931252 78.000000 26.831251 
140738811087018 -104.831253 79.425003 26.475000 
140738831087018 -102.712502 81.243752 26.381250 
140738851087018 -99.975006 82.893753 26.400002 
140738871087018 -97.218758 84.600006 26.793751 
140738891087018 -94.368752 86.175003 26.981251 
140738911087018 -90.918755 87.262505 27.150002 
140738931087018 -87.656250 88.481255 27.712502 
140738951087018 -84.468750 89.606255 28.256250 
140738971087018 -81.225006 90.375000 29.025002 
140738991087018 -77.793755 90.712502 29.831251 
140739011087018 -74.887505 90.975006 30.825001 
140739031087018 -71.700005 90.862503 31.762501 
140739051087018 -68.906250 90.393753 32.812500 
140739071087018 -66.450005 90.075005 34.125000 
140739091087018 -64.293755 89.418755 35.268753 
140739111087018 -62.006252 88.650002 36.562500 
140739131087018 -59.943752 87.806252 37.518753 
140739151087018 -58.368752 87.037506 38.493752 
140739171087018 -56.943752 86.268753 39.262501 
140739191087018 -55.837502 85.912506 39.918751 
140739211087018 -55.237503 85.837502 40.537502 
140739231087018 -54.937504 85.743752 40.631252 
140739251087018 -55.050003 85.818756 40.462502 
140739271087018 -55.950001 86.193756 39.862503 
140739291087018 -57.225002 86.700005 39.206253 
140739311087018 -59.137501 87.225006 38.793751 
140739331087018 -61.331253 87.900002 37.950001 
140739351087018 -63.937504 88.143753 37.106251 
140739371087018 -67.068756 88.218750 35.906250 
140739391087018 -70.331253 88.350006 35.212502 
140739411087018 -73.743752 88.143753 34.406250 
140739431087018 -77.062500 87.637505 33.956253 
140739451087018 -80.381256 87.131256 33.600002 
140739471087018 -83.437500 86.512505 32.887501 
140739491087018 -86.512505 85.575005 32.512501 
140739511087018 -89.868752 84.693756 32.062500 
140739531087018 -92.493752 83.625000 32.025002 
140739551087018 -95.081253 82.631256 31.893751 
140739571087018 -97.425003 81.656250 31.987501 
140739591087018 -99.037506 80.700005 31.950001 
140739611087018 -100.575005 79.893753 32.062500 
140739631087018 -101.625008 79.481255 32.193752 
140739651087018 -102.506256 79.068756 32.137501 
140739671087018 -102.375008 78.900002 32.381252 
140739691087018 -101.887505 79.331253 32.362503 
140739711087018 -101.137505 79.743752 32.418751 
140739731087018 -99.937508 80.643753 32.325001 
140739751087018 -98.793755 81.525002 32.306252 
140739771087018 -96.825005 82.425003 32.268753 
140739791087018 -94.687500 83.362503 32.193752 
140739811087018 -92.118752 84.393753 32.362503 
140739831087018 -89.381256 85.275002 32.400002 
140739851087018 -86.662506 85.781250 32.512501 
140739871087018 -83.512505 86.418755 32.587502 
140739891087018 -80.100006 86.418755 33.356251 
140739911087018 -76.537506 86.493752 33.900002 
140739931087018 -73.087502 86.362503 34.406250 
140739951087018 -69.900002 85.706253 35.362503 
140739971087018 -66.675003 85.162506 36.318752 
140739991087018 -63.956253 84.525002 37.856251 
140740011087018 -61.443752 83.625000 39.281250 
140740031087018 -59.118752 82.518753 40.631252 
140740051087018 -57.131252 81.562500 41.700001 
140740071087018 -55.256252 80.512505 42.993752 
140740091087018 -54.037502 79.743752 44.400002 
140740111087018 -52.762501 78.975006 45.431252 
140740131087018 -51.900002 78.112503 46.500000 
140740151087018 -51.037502 77.437500 46.950001 
140740171087018 -50.118752 77.175003 47.550003 
140740191087018 -49.743752 76.950005 47.625000 
140740211087018 -49.537502 77.306252 47.568752 
140740231087018 -49.818752 77.662506 47.118752 
140740251087018 -50.362503 78.018753 46.387501 
140740271087018 -51.525002 79.012505 45.506252 
140740291087018 -52.743752 80.062500 44.287502 
140740311087018 -54.806252 81.206253 43.162502 
140740331087018 -57.356251 82.218750 42.018753 
140740351087018 -60.112503 83.381256 41.343750 
140740371087018 -63.637501 84.206253 40.425003 
140740391087018 -67.312500 85.106255 39.900002 
140740411087018 -71.175003 85.687500 39.487503 
140740431087018 -74.962502 85.668755 39.206253 
140740451087018 -79.256256 85.462502 39.000000 
140740471087018 -83.193756 85.106255 38.568752 
140740491087018 -87.075005 84.243752 38.343750 
140740511087018 -90.806252 83.156250 38.118752 
140740531087018 -93.900002 81.881256 38.006252 
140740551087018 -96.862503 80.306252 37.912502 
140740571087018 -99.393753 79.087502 38.043751 
140740591087018 -101.475006 77.943756 38.193752 
140740611087018 -102.900002 76.818756 38.193752 
140740631087018 -103.856255 75.975006 38.456253 
140740651087018 -104.156258 75.825005 38.493752 
140740671087018 -103.987503 75.900002 38.568752 
140740691087018 -103.387505 76.350006 38.625000 
140740711087018 -102.018753 77.381256 38.587502 
140740731087018 -100.368752 78.450005 38.325001 
140740751087018 -98.287506 80.006256 38.212502 
140740771087018 -95.756256 81.562500 38.062500 
140740791087018 -92.868752 82.912506 37.800003 
140740811087018 -89.737503 84.150002 37.593750 
140740831087018 -86.025002 85.368752 37.556252 
140740851087018 -82.481255 86.175003 37.631252 
140740871087018 -78.806252 86.568756 37.687500 
140740891087018 -75.131256 86.568756 38.062500 
140740911087018 -71.418755 86.212502 38.081253 
140740931087018 -67.837502 85.800003 38.681252 
140740951087018 -64.275002 85.106255 39.693752 
140740971087018 -60.750004 83.962502 40.593750 
140740991087018 -57.787502 82.631256 41.325001 
140741011087018 -54.656254 81.318756 42.337502 
140741031087018 -51.937504 79.706253 43.275002 
140741051087018 -49.218754 77.962502 44.231251 
140741071087018 -46.893753 76.162506 45.337502 
140741091087018 -44.981251 74.587502 46.162502 
140741111087018 -43.518753 73.331253 46.612503 
140741131087018 -42.600002 72.375000 47.287502 
140741151087018 -42.056252 71.681252 48.037502 
140741171087018 -41.531250 71.062500 48.262501 
140741191087018 -41.437500 71.268753 48.206253 
140741211087018 -41.962502 72.112503 47.718750 
140741231087018 -42.693752 73.050003 47.062500 
140741251087018 -43.875000 74.268753 46.181252 
140741271087018 -45.281250 75.525002 45.243752 
140741291087018 -47.156250 77.175003 44.156250 
140741311087018 -49.481251 78.712502 42.768753 
140741331087018 -52.762501 80.643753 41.418751 
140741351087018 -56.268753 82.181252 40.368752 
140741371087018 -60.206253 83.325005 39.506252 
140741391087018 -64.387505 84.600006 38.850002 
140741411087018 -68.625000 85.406250 38.437500 
140741431087018 -72.712502 86.043755 38.137501 
140741451087018 -76.875000 86.118752 37.743752 
140741471087018 -80.643753 85.856255 37.781250 
140741491087018 -84.187500 85.218750 38.118752 
140741511087018 -87.468750 84.243752 38.325001 
140741531087018 -90.131256 83.362503 38.718750 
140741551087018 -92.400002 82.256256 39.187500 
140741571087018 -94.500000 81.093750 39.843750 
140741591087018 -96.600006 79.800003 40.256252 
140741611087018 -98.081253 78.843750 40.631252 
140741631087018 -99.281258 78.206253 40.856251 
140741651087018 -99.900002 77.700005 40.743752 
140741671087018 -100.312508 77.625000 40.762501 
140741691087018 -100.312508 77.643753 40.237503 
140741711087018 -99.918755 78.000000 39.412502 
140741731087018 -99.168755 78.618752 38.400002 
140741751087018 -97.818756 79.537506 37.781250 
140741771087018 -96.112503 80.718750 36.825001 
140741791087018 -94.031250 81.843750 35.681252 
140741811087018 -91.593750 83.006256 34.631252 
140741831087018 -88.650002 84.093750 33.581253 
140741851087018 -85.331253 85.200005 32.868752 
140741871087018 -82.012505 86.100006 32.456253 
140741891087018 -77.868752 86.625000 32.156250 
140741911087018 -74.081253 87.075005 31.668751 
140741931087018 -69.562500 86.850006 31.462502 
140741951087018 -65.306252 86.362503 31.706251 
140741971087018 -61.012501 85.706253 32.175003 
140741991087018 -56.981251 84.768753 32.775002 
140742011087018 -53.493752 83.268753 33.412502 
140742031087018 -49.987503 81.712502 34.125000 
140742051087018 -46.968750 80.175003 34.818752 
140742071087018 -43.912502 78.562500 35.400002 
140742091087018 -41.850002 76.818756 35.812500 
140742111087018 -39.881252 75.581253 36.112503 
140742131087018 -38.268753 74.175003 36.356251 
140742151087018 -37.087502 73.125000 36.450001 
140742171087018 -36.225002 72.656250 36.543751 
140742191087018 -36.037502 72.637505 36.543751 
140742211087018 -36.637501 72.975006 36.093750 
140742231087018 -37.668751 73.856255 35.568752 
140742251087018 -39.450001 75.187500 35.418751 
140742271087018 -41.625000 76.668755 35.175003 
140742291087018 -44.475002 78.543755 34.593750 
140742311087018 -47.887501 80.456253 34.350002 
140742331087018 -51.712502 82.143753 34.068752 
140742351087018 -55.987503 83.512505 33.806252 
140742371087018 -60.187504 84.787506 33.731251 
140742391087018 -64.762505 85.743752 33.806252 
140742411087018 -69.281250 86.418755 33.750000 
140742431087018 -73.875000 86.850006 33.693752 
140742451087018 -78.487503 86.737503 33.825001 
140742471087018 -82.687500 86.193756 33.750000 
140742491087018 -86.606255 85.706253 33.675003 
140742511087018 -90.225006 84.712502 33.487503 
140742531087018 -93.525002 83.512505 33.750000 
140742551087018 -96.375008 81.918755 34.162502 
140742571087018 -98.981255 80.493752 34.781250 
140742591087018 -101.175003 79.012505 35.306252 
140742611087018 -102.731255 77.625000 35.681252 
140742631087018 -103.931252 76.537506 36.131252 
140742651087018 -104.793755 75.637505 36.450001 
140742671087018 -105.187508 75.525002 36.543751 
140742691087018 -105.356255 75.412506 36.243752 
140742711087018 -104.737503 76.012505 35.906250 
140742731087018 -103.575005 76.893753 35.550003 
140742751087018 -101.943756 78.037506 34.743752 
140742771087018 -100.087502 79.650002 34.143753 
140742791087018 -97.293755 81.543755 33.243752 
140742811087018 -94.012505 83.268753 32.475002 
140742831087018 -90.168755 84.768753 31.743752 
140742851087018 -85.968750 86.250000 31.012501 
140742871087018 -81.543755 87.150002 30.262501 
140742891087018 -77.325005 87.543755 29.156252 
140742911087018 -72.918755 87.768753 28.912500 
140742931087018 -68.231255 87.581253 28.818750 
140742951087018 -64.181252 86.925003 28.912500 
140742971087018 -59.812504 85.968750 29.306252 
140742991087018 -55.912502 84.543755 29.906252 
140743011087018 -52.256252 83.043755 30.993752 
140743031087018 -48.975002 81.431252 32.175003 
140743051087018 -45.806252 79.781250 33.900002 
140743071087018 -43.125000 77.775002 35.400002 
140743091087018 -40.931252 75.975006 36.862503 
140743111087018 -39.112503 74.325005 38.343750 
140743131087018 -37.912502 72.862503 39.600002 
140743151087018 -37.275002 71.775002 40.593750 
140743171087018 -36.843750 71.156250 41.343750 
140743191087018 -36.806252 70.950005 41.831253 
140743211087018 -37.293751 71.287506 41.812500 
140743231087018 -37.968750 72.150002 41.587502 
140743251087018 -39.243752 73.256256 41.250000 
140743271087018 -41.006252 74.756256 40.762501 
140743291087018 -43.518753 76.537506 40.200001 
140743311087018 -46.200001 78.281250 39.862503 
140743331087018 -49.800003 80.250000 39.337502 
140743351087018 -53.831253 82.050003 38.943752 
140743371087018 -58.162502 83.568756 38.437500 
140743391087018 -62.737503 84.993752 37.837502 
140743411087018 -67.631256 85.875000 37.106251 
140743431087018 -72.562500 86.381256 36.618752 
140743451087018 -77.550003 86.381256 36.112503 
140743471087018 -82.200005 86.268753 35.437500 
140743491087018 -86.175003 85.481255 34.968750 
140743511087018 -90.112503 84.562500 34.537502 
140743531087018 -93.393753 83.475006 34.200001 
140743551087018 -96.543755 82.256256 34.443752 
140743571087018 -99.056252 81.000000 34.631252 
140743591087018 -101.212502 79.818756 34.931252 
140743611087018 -102.862503 78.637505 34.912502 
140743631087018 -104.250008 77.606255 34.968750 
140743651087018 -105.581253 77.006256 34.950001 
140743671087018 -105.993752 76.687500 34.837502 
140743691087018 -105.881256 76.875000 34.593750 
140743711087018 -105.168755 77.212502 33.712502 
140743731087018 -103.893753 78.262505 32.962502 
140743751087018 -102.300003 79.368752 31.968752 
140743771087018 -100.050003 80.775002 31.143751 
140743791087018 -97.256256 82.425003 30.543751 
140743811087018 -94.031250 84.037506 29.812502 
140743831087018 -90.693756 85.556252 29.062502 
140743851087018 -87.281250 86.981255 28.556252 
140743871087018 -83.700005 88.012505 28.425001 
140743891087018 -79.800003 88.650002 28.556252 
140743911087018 -75.431252 89.006256 28.668751 
140743931087018 -70.931252 89.043755 29.100000 
140743951087018 -66.581253 88.818756 29.306252 
140743971087018 -62.493752 88.218750 29.793751 
140743991087018 -58.500004 87.393753 30.450001 
140744011087018 -54.750004 86.043755 31.068750 
140744031087018 -51.318752 84.843750 31.650002 
140744051087018 -48.525002 83.625000 32.043751 
140744071087018 -46.350002 82.331253 32.662502 
140744091087018 -44.756252 81.281250 33.093750 
140744111087018 -43.687500 80.325005 33.375000 
140744131087018 -42.656250 79.762505 33.356251 
140744151087018 -42.337502 79.537506 33.262501 
140744171087018 -42.787502 80.081253 33.075001 
140744191087018 -44.006252 80.756256 32.718750 
140744211087018 -45.525002 81.618752 32.531250 
140744231087018 -47.775002 82.837502 32.062500 
140744251087018 -50.812504 84.393753 31.612501 
140744271087018 -54.000004 85.837502 31.012501 
140744291087018 -57.675003 87.168755 30.281252 
140744311087018 -61.875004 88.331253 29.418751 
140744331087018 -65.943756 88.931252 28.743752 
140744351087018 -70.031250 89.681252 27.918751 
140744371087018 -74.550003 89.906250 26.868752 
140744391087018 -78.675003 89.737503 26.306252 
140744411087018 -82.481255 89.175003 25.650002 
140744431087018 -86.456253 88.368752 25.518751 
140744451087018 -90.243752 87.187500 25.968752 
140744471087018 -93.656250 85.818756 26.512501 
140744491087018 -96.806252 84.318756 27.262501 
140744511087018 -99.656258 82.368752 28.256250 
140744531087018 -102.093758 80.962502 29.512501 
140744551087018 -104.118752 79.406250 30.468752 
140744571087018 -105.637505 78.300003 31.125002 
140744591087018 -106.631256 77.343750 31.518751 
140744611087018 -107.250008 77.062500 31.556252 
140744631087018 -107.268753 77.081253 31.443750 
140744651087018 -106.875008 77.550003 31.162500 
140744671087018 -105.731255 78.543755 30.637501 
140744691087018 -104.175003 79.537506 29.906252 
140744711087018 -102.168755 81.150002 28.987501 
140744731087018 -99.993752 82.612503 28.425001 
140744751087018 -97.312508 84.225006 27.843752 
140744771087018 -94.218750 85.725006 27.468752 
140744791087018 -90.900002 87.056252 26.981251 
140744811087018 -87.187500 88.162506 26.775002 
140744831087018 -83.268753 89.118752 26.606251 
140744851087018 -79.237503 89.700005 26.493752 
140744871087018 -75.468750 89.887505 26.718752 
140744891087018 -71.250000 89.850006 26.925001 
140744911087018 -67.537506 89.700005 27.468752 
140744931087018 -63.693752 88.987503 27.975000 
140744951087018 -60.075001 88.350006 28.743752 
140744971087018 -56.887501 87.712502 29.250002 
140744991087018 -54.225002 86.681252 29.643751 
140745011087018 -51.918751 85.875000 30.243752 
140745031087018 -49.781254 85.125000 30.675001 
140745051087018 -48.375004 84.506256 31.350000 
140745071087018 -47.212502 83.962502 31.725000 
140745091087018 -47.062500 83.868752 31.912500 
140745111087018 -46.950001 83.962502 32.006252 
140745131087018 -47.775002 84.187500 31.762501 
140745151087018 -49.218754 84.787506 31.387501 
140745171087018 -51.131252 85.537506 30.956251 
140745191087018 -53.831253 86.643753 30.318750 
140745211087018 -56.887501 87.637505 29.493752 
140745231087018 -60.300003 88.537506 28.537500 
140745251087018 -64.143753 89.287506 27.843752 
140745271087018 -68.475006 89.625000 26.943750 
140745291087018 -72.750000 89.756256 26.362501 
140745311087018 -77.231255 89.700005 26.212502 
140745331087018 -81.562500 89.381256 26.062502 
140745351087018 -85.443756 88.668755 26.287500 
140745371087018 -89.231255 87.600006 26.587502 
140745391087018 -92.775002 86.193756 27.318750 
140745411087018 -95.981255 84.731255 28.031252 
140745431087018 -98.850006 83.268753 28.931252 
140745451087018 -101.193756 81.862503 29.831251 
140745471087018 -102.731255 80.550003 30.656252 
140745491087018 -103.706253 79.612503 31.331251 
140745511087018 -104.231255 78.900002 31.875002 
140745531087018 -104.137505 78.768753 32.212502 
140745551087018 -103.500008 79.106255 31.987501 
140745571087018 -102.187508 79.725006 31.800001 
140745591087018 -100.743752 81.000000 31.500002 
140745611087018 -98.737503 82.275002 31.312502 
140745631087018 -96.581253 83.606255 30.768751 
140745651087018 -94.125000 84.731255 30.187502 
140745671087018 -91.500000 85.800003 29.437502 
140745691087018 -88.743752 86.831253 28.856251 
140745711087018 -85.706253 87.900002 28.275002 
140745731087018 -82.612503 88.781250 27.825001 
140745751087018 -79.087502 89.100006 27.262501 
140745771087018 -75.506256 89.231255 26.662500 
140745791087018 -71.981255 89.118752 26.456251 
140745811087018 -68.381256 88.987503 26.475000 
140745831087018 -64.856255 88.781250 26.268751 
140745851087018 -61.481251 88.331253 26.306252 
140745871087018 -58.406254 87.712502 26.512501 
140745891087018 -55.312504 87.150002 26.362501 
140745911087018 -52.856251 86.606255 26.568750 
140745931087018 -50.681252 86.137505 26.493752 
140745951087018 -48.918751 85.818756 26.362501 
140745971087018 -47.456253 85.387505 25.575001 
140745991087018 -46.725002 85.125000 25.012501 
140746011087018 -46.406250 85.012505 24.393751 
140746031087018 -46.800003 85.087502 23.925001 
140746051087018 -47.775002 85.443756 23.418751 
140746071087018 -49.256252 85.837502 22.987501 
140746091087018 -51.693752 86.400002 22.575001 
140746111087018 -54.243752 87.112503 22.350000 
140746131087018 -57.487503 88.125000 22.331251 
140746151087018 -60.750004 88.912506 22.368752 
140746171087018 -64.406250 89.531250 22.500000 
140746191087018 -68.062500 89.906250 22.706251 
140746211087018 -72.206253 90.093750 22.856251 
140746231087018 -76.200005 90.075005 23.325001 
140746251087018 -79.687500 89.737503 24.150002 
140746271087018 -83.568756 89.043755 24.862501 
140746291087018 -87.825005 87.562500 26.137501 
140746311087018 -91.818756 85.912506 27.637501 
140746331087018 -95.606255 83.943756 28.837502 
140746351087018 -99.150002 82.181252 30.093752 
140746371087018 -101.906258 80.081253 31.443750 
140746391087018 -104.512505 77.943756 32.100002 
140746411087018 -106.950005 76.031250 32.756252 
140746431087018 -108.431252 74.325005 33.168751 
140746451087018 -109.275002 73.181252 33.393753 
140746471087018 -109.893753 72.675003 33.506252 
140746491087018 -109.837502 72.562500 33.281250 
140746511087018 -109.312508 72.787506 32.868752 
140746531087018 -108.806252 73.518753 32.568752 
140746551087018 -107.625008 74.756256 32.362503 
140746571087018 -106.143753 76.256256 31.912500 
140746591087018 -104.268753 77.868752 31.218752 
140746611087018 -101.681252 79.931252 30.487501 
140746631087018 -98.775002 81.562500 29.643751 
140746651087018 -95.493752 83.512505 29.175001 
140746671087018 -91.968750 85.050003 28.706251 
140746691087018 -88.087502 86.268753 28.406252 
140746711087018 -83.981255 87.093750 28.237501 
140746731087018 -79.556252 87.693756 27.956251 
140746751087018 -75.206253 88.237503 28.331251 
140746771087018 -71.025002 88.087502 28.931252 
140746791087018 -66.543755 87.843750 29.568750 
140746811087018 -62.493752 86.887505 30.356251 
140746831087018 -58.593754 85.687500 31.256250 
140746851087018 -54.675003 84.375000 32.193752 
140746871087018 -51.318752 83.137505 33.318752 
140746891087018 -48.131252 81.731255 34.668751 
140746911087018 -45.525002 79.987503 35.793751 
140746931087018 -42.993752 78.337502 36.881252 
140746951087018 -41.325001 76.968750 37.968750 
140746971087018 -39.862503 75.768753 38.681252 
140746991087018 -38.662502 74.737503 39.356251 
140747011087018 -38.025002 74.175003 39.693752 
140747031087018 -37.387501 73.762505 39.656250 
140747051087018 -37.612503 73.912506 39.300003 
140747071087018 -38.306252 74.568756 39.187500 
140747091087018 -39.468750 75.712502 38.400002 
140747111087018 -41.343750 77.100006 37.631252 
140747131087018 -43.856251 78.806252 36.843750 
140747151087018 -47.175003 80.756256 36.168751 
140747171087018 -50.868752 82.500000 35.512501 
140747191087018 -55.143753 84.281250 34.987503 
140747211087018 -60.018753 85.650002 34.500000 
140747231087018 -65.231255 86.831253 33.843750 
140747251087018 -70.462502 87.543755 33.637501 
140747271087018 -75.300003 87.768753 33.506252 
140747291087018 -80.025002 87.656250 33.468750 
140747311087018 -84.393753 87.337502 33.450001 
140747331087018 -88.575005 86.568756 33.525002 
140747351087018 -92.343750 85.293755 33.918751 
140747371087018 -95.250000 84.018753 34.481251 
140747391087018 -97.312508 82.593750 34.968750 
140747411087018 -99.412506 81.300003 35.475002 
140747431087018 -100.931252 80.250000 35.756252 
140747451087018 -101.831253 79.612503 36.187500 
140747471087018 -102.243752 79.200005 36.356251 
140747491087018 -102.206253 79.387505 36.356251 
140747511087018 -101.512505 79.875000 36.000000 
140747531087018 -100.256256 80.606255 35.643753 
140747551087018 -98.756256 81.618752 35.118752 
140747571087018 -96.637505 82.987503 34.537502 
140747591087018 -93.768753 84.168755 34.162502 
140747611087018 -90.787506 85.200005 33.543751 
140747631087018 -87.318756 86.212502 33.262501 
140747651087018 -83.550003 86.850006 32.962502 
140747671087018 -79.612503 87.468750 33.075001 
140747691087018 -75.450005 87.618752 33.206253 
140747711087018 -71.156250 87.600006 33.825001 
140747731087018 -66.656250 87.037506 34.462502 
140747751087018 -62.550003 86.250000 35.193752 
140747771087018 -58.481251 84.975006 36.131252 
140747791087018 -54.525002 83.456253 36.956253 
140747811087018 -50.662502 81.825005 38.212502 
140747831087018 -47.475002 79.912506 39.243752 
140747851087018 -44.625000 78.093750 40.462502 
140747871087018 -42.243752 76.275002 41.175003 
140747891087018 -40.425003 74.287506 41.943752 
140747911087018 -38.925003 72.731255 42.618752 
140747931087018 -37.818752 71.756256 43.012501 
140747951087018 -37.162502 71.062500 43.237503 
140747971087018 -36.675003 70.631256 42.993752 
140747991087018 -36.487503 70.800003 42.600002 
140748011087018 -37.218750 71.550003 41.793751 
140748031087018 -38.250000 72.787506 41.268753 
140748051087018 -40.350002 75.112503 40.312500 
140748071087018 -43.143753 77.418755 39.131252 
140748091087018 -46.387501 79.762505 38.006252 
140748111087018 -50.400002 82.031250 36.993752 
140748131087018 -55.162502 84.412506 36.243752 
140748151087018 -60.487503 86.456253 35.625000 
140748171087018 -65.550003 87.881256 35.231251 
140748191087018 -70.931252 88.743752 34.500000 
140748211087018 -75.731255 88.837502 34.331253 
140748231087018 -80.212502 88.481255 34.368752 
140748251087018 -84.600006 87.787506 34.725002 
140748271087018 -88.706253 86.831253 35.025002 
140748291087018 -92.512505 85.312500 35.437500 
140748311087018 -95.568756 83.737503 35.831253 
140748331087018 -98.400002 82.050003 36.375000 
140748351087018 -100.706253 80.550003 37.143753 
140748371087018 -102.600006 78.975006 37.743752 
140748391087018 -104.343758 77.606255 38.250000 
140748411087018 -105.750008 76.500000 38.625000 
140748431087018 -106.350006 75.750000 38.775002 
140748451087018 -106.406258 75.562500 38.681252 
140748471087018 -106.237503 76.012505 38.418751 
140748491087018 -105.656258 76.781250 37.912502 
140748511087018 -104.700005 77.625000 37.406250 
140748531087018 -103.162506 78.787506 36.506252 
140748551087018 -101.137505 80.550003 35.381252 
140748571087018 -98.437508 82.293755 34.462502 
140748591087018 -95.475006 83.906250 33.806252 
140748611087018 -92.287506 85.556252 33.037502 
140748631087018 -88.687500 86.756256 32.456253 
140748651087018 -84.825005 87.881256 32.118752 
140748671087018 -80.831253 88.818756 31.762501 
140748691087018 -76.743752 89.587502 31.631250 
140748711087018 -72.356255 89.550003 31.893751 
140748731087018 -68.137505 89.268753 31.968752 
140748751087018 -64.087502 88.781250 32.043751 
140748771087018 -60.000004 87.806252 32.475002 
140748791087018 -56.306252 86.700005 32.868752 
140748811087018 -52.762501 85.387505 33.150002 
140748831087018 -49.593754 84.112503 33.675003 
140748851087018 -46.706253 82.650002 34.350002 
140748871087018 -44.268753 81.300003 34.968750 
140748891087018 -42.356251 79.968750 35.625000 
140748911087018 -40.893753 79.050003 36.431252 
140748931087018 -39.750000 78.412506 36.918751 
140748951087018 -38.962502 77.906250 37.125000 
140748971087018 -39.056252 77.887505 37.087502 
140748991087018 -39.487503 78.318756 37.125000 
140749011087018 -40.575001 79.106255 36.806252 
140749031087018 -42.506252 80.381256 36.356251 
140749051087018 -44.850002 81.900002 35.643753 
140749071087018 -48.093754 83.550003 34.537502 
140749091087018 -52.181252 85.181252 33.618752 
140749111087018 -56.812504 86.887505 33.018753 
140749131087018 -61.668751 88.331253 32.775002 
140749151087018 -66.993752 89.212502 31.987501 
140749171087018 -72.393753 89.550003 31.518751 
140749191087018 -77.850006 89.287506 30.787500 
140749211087018 -83.193756 88.837502 30.787500 
140749231087018 -88.012505 87.956253 30.750002 
140749251087018 -92.343750 86.606255 30.637501 
140749271087018 -96.450005 85.068756 30.450001 
140749291087018 -99.993752 83.175003 30.093752 
140749311087018 -102.862503 81.206253 30.131250 
140749331087018 -105.450005 79.706253 30.112501 
140749351087018 -107.531258 78.375000 30.356251 
140749371087018 -109.031258 77.100006 30.093752 
140749391087018 -110.062508 76.050003 30.037500 
140749411087018 -110.756256 75.900002 30.093752 
140749431087018 -110.568756 75.975006 29.906252 
140749451087018 -109.837502 76.650002 29.906252 
140749471087018 -108.693756 77.775002 29.925001 
140749491087018 -106.893753 79.031250 29.887501 
140749511087018 -104.587502 80.625000 29.568750 
140749531087018 -102.075005 82.350006 29.118752 
140749551087018 -99.093758 84.206253 29.062502 
140749571087018 -95.625000 85.668755 28.875002 
140749591087018 -91.875000 87.225006 28.743752 
140749611087018 -87.918755 88.237503 28.781252 
140749631087018 -83.587502 89.212502 28.593752 
140749651087018 -79.068756 89.643753 28.687502 
140749671087018 -74.400002 89.793755 29.100000 
140749691087018 -69.581253 89.681252 30.056252 
140749711087018 -64.818756 89.025002 30.637501 
140749731087018 -60.243752 88.068756 31.631250 
140749751087018 -56.043751 86.850006 32.962502 
140749771087018 -52.218754 85.200005 34.181252 
140749791087018 -48.731251 83.493752 35.568752 
140749811087018 -45.618752 81.393753 37.106251 
140749831087018 -42.975002 79.237503 38.587502 
140749851087018 -40.725002 77.137505 39.806252 
140749871087018 -39.018753 75.243752 41.100002 
140749891087018 -37.537502 73.762505 42.037502 
140749911087018 -36.262501 72.243752 42.750000 
140749931087018 -35.381252 71.493752 42.750000 
140749951087018 -34.856251 71.156250 42.937500 
140749971087018 -34.968750 71.587502 42.318752 
140749991087018 -35.400002 72.562500 41.306252 
140750011087018 -36.150002 74.137505 40.237503 
140750031087018 -37.518753 76.012505 38.812500 
140750051087018 -39.881252 77.981255 37.481251 
140750071087018 -43.125000 80.343750 36.131252 
140750091087018 -46.725002 82.968750 35.025002 
140750111087018 -51.525002 84.731255 34.106251 
140750131087018 -56.531254 86.568756 33.506252 
140750151087018 -61.706253 87.862503 33.431252 
140750171087018 -67.406250 88.481255 33.412502 
140750191087018 -72.975006 88.556252 33.450001 
140750211087018 -78.187500 88.200005 33.431252 
140750231087018 -83.231255 87.243752 33.581253 
140750251087018 -88.012505 85.818756 34.068752 
140750271087018 -92.081253 84.375000 34.181252 
140750291087018 -95.850006 82.537506 34.537502 
140750311087018 -99.206253 80.400002 34.556252 
140750331087018 -102.300003 78.206253 34.387501 
140750351087018 -104.775002 76.218750 34.593750 
140750371087018 -107.118752 74.362503 34.875000 
140750391087018 -108.581253 72.993752 34.968750 
140750411087018 -109.612503 71.793755 34.781250 
140750431087018 -109.837502 71.306252 34.781250 
140750451087018 -109.537506 71.625000 34.556252 
140750471087018 -108.675003 72.525002 34.631252 
140750491087018 -107.081253 73.968750 34.743752 
140750511087018 -105.131256 75.656250 34.181252 
140750531087018 -102.431252 77.737503 33.525002 
140750551087018 -99.525002 79.781250 32.962502 
140750571087018 -96.318756 81.993752 32.531250 
140750591087018 -92.793755 84.075005 31.762501 
140750611087018 -88.800003 85.462502 31.312502 
140750631087018 -84.506256 86.587502 30.356251 
140750651087018 -80.156250 87.318756 29.643751 
140750671087018 -75.693756 87.900002 29.568750 
140750691087018 -71.156250 87.937500 29.681252 
140750711087018 -66.356255 87.393753 30.112501 
140750731087018 -61.631252 86.343750 30.562502 
140750751087018 -57.000004 84.975006 31.275002 
140750771087018 -52.987503 83.437500 31.987501 
140750791087018 -49.593754 81.675003 33.093750 
140750811087018 -46.312500 80.100006 34.218750 
140750831087018 -43.706253 78.393753 35.268753 
140750851087018 -41.812500 76.687500 36.450001 
140750871087018 -40.462502 75.712502 37.200001 
140750891087018 -39.600002 74.943756 37.875000 
140750911087018 -39.562500 74.418755 38.662502 
140750931087018 -39.637501 74.400002 39.318752 
140750951087018 -40.031250 75.000000 39.543751 
140750971087018 -40.781250 75.431252 39.375000 
140750991087018 -41.831253 76.312500 39.206253 
140751011087018 -43.106251 77.662506 38.625000 
140751031087018 -45.187500 78.918755 38.212502 
140751051087018 -47.568752 80.587502 37.800003 
140751071087018 -50.381252 82.162506 37.012501 
140751091087018 -53.868752 83.662506 36.318752 
140751111087018 -57.975002 84.768753 35.887501 
140751131087018 -62.325001 86.043755 35.568752 
140751151087018 -66.993752 86.793755 35.175003 
140751171087018 -71.775002 87.187500 34.950001 
140751191087018 -76.406250 87.300003 34.706253 
140751211087018 -81.056252 86.681252 34.387501 
140751231087018 -85.481255 85.893753 34.237503 
140751251087018 -89.568756 84.862503 34.125000 
140751271087018 -93.000000 83.400002 34.162502 
140751291087018 -96.487503 81.881256 34.143753 
140751311087018 -99.243752 80.362503 34.537502 
140751331087018 -101.812508 78.637505 34.575001 
140751351087018 -103.912506 76.818756 34.725002 
140751371087018 -105.637505 75.525002 35.006252 
140751391087018 -106.725006 74.625000 35.062500 
140751411087018 -107.437508 73.893753 34.856251 
140751431087018 -107.681252 73.950005 34.462502 
140751451087018 -107.193756 74.137505 34.012501 
140751471087018 -106.612503 75.000000 33.187500 
140751491087018 -105.018753 76.406250 32.775002 
140751511087018 -102.937508 78.168755 31.725000 
140751531087018 -100.162506 80.043755 30.750002 
140751551087018 -97.031258 81.825005 30.075001 
140751571087018 -93.712502 83.662506 29.456251 
140751591087018 -89.531250 85.331253 28.800001 
140751611087018 -85.237503 86.625000 28.500002 
140751631087018 -80.268753 87.618752 28.181252 
140751651087018 -75.881256 88.256256 27.806252 
140751671087018 -71.400002 88.575005 27.975000 
140751691087018 -67.068756 88.350006 28.143751 
140751711087018 -62.906254 87.843750 28.256250 
140751731087018 -58.725002 86.906250 28.725000 
140751751087018 -55.312504 85.743752 29.475000 
140751771087018 -52.200001 84.618752 30.225000 
140751791087018 -49.725002 83.418755 31.012501 
140751811087018 -47.081253 82.106255 31.800001 
140751831087018 -44.925003 80.943756 32.418751 
140751851087018 -43.631252 80.212502 32.812500 
140751871087018 -42.693752 79.650002 33.206253 
140751891087018 -42.075001 79.537506 33.356251 
140751911087018 -42.262501 79.575005 33.337502 
140751931087018 -42.581253 80.025002 32.943752 
140751951087018 -43.068752 80.625000 32.212502 
140751971087018 -44.456253 81.300003 31.162500 
140751991087018 -46.275002 82.312500 30.112501 
140752011087018 -48.150002 83.325005 29.100000 
140752031087018 -50.587502 84.431252 27.881250 
140752051087018 -53.718754 85.500000 26.531252 
140752071087018 -56.793751 86.568756 25.218752 
140752091087018 -60.581253 87.506256 24.018751 
140752111087018 -65.062500 88.050003 23.287500 
140752131087018 -69.581253 88.593750 22.687500 
140752151087018 -74.268753 88.593750 22.256250 
140752171087018 -78.993752 88.218750 22.256250 
140752191087018 -83.681252 87.506256 22.275002 
140752211087018 -88.087502 86.381256 22.631250 
140752231087018 -92.437500 84.768753 23.175001 
140752251087018 -96.412506 82.893753 23.756250 
140752271087018 -99.787506 81.206253 24.543751 
140752291087018 -102.675003 79.162506 25.368752 
140752311087018 -104.962502 77.550003 26.306252 
140752331087018 -106.575005 76.050003 26.887501 
140752351087018 -107.793755 74.812500 27.543751 
140752371087018 -108.487503 74.156250 27.825001 
140752391087018 -108.600006 74.156250 27.787500 
140752411087018 -108.037506 74.550003 27.900002 
140752431087018 -106.818756 75.150002 27.712502 
140752451087018 -104.850006 76.556252 27.468752 
140752471087018 -102.450005 78.243752 27.037500 
140752491087018 -99.712502 79.893753 26.775002 
140752511087018 -96.412506 81.806252 26.625002 
140752531087018 -92.662506 83.550003 26.606251 
140752551087018 -88.650002 84.881256 26.925001 
140752571087018 -84.318756 85.968750 27.131250 
140752591087018 -80.362503 86.906250 27.431252 
140752611087018 -76.537506 87.562500 27.900002 
140752631087018 -72.506256 87.112503 28.518751 
140752651087018 -68.887505 87.075005 29.475000 
140752671087018 -65.250000 86.343750 30.543751 
140752691087018 -61.706253 85.331253 31.912500 
140752711087018 -58.912502 84.150002 33.468750 
140752731087018 -56.418751 83.081253 35.250000 
140752751087018 -54.075001 81.825005 37.256252 
140752771087018 -52.181252 80.268753 39.056252 
140752791087018 -51.112503 79.537506 40.631252 
140752811087018 -49.875004 78.487503 41.756252 
140752831087018 -49.050003 77.793755 42.581253 
140752851087018 -48.787502 77.381256 43.031250 
140752871087018 -48.375004 77.550003 42.506252 
140752891087018 -48.825001 78.131256 41.812500 
140752911087018 -49.968754 79.012505 40.575001 
140752931087018 -52.012501 80.493752 39.225002 
140752951087018 -54.506252 81.731255 38.062500 
140752971087018 -58.237503 83.156250 36.787502 
140752991087018 -62.775002 84.600006 35.493752 
140753011087018 -67.706253 85.800003 34.237503 
140753031087018 -73.200005 86.568756 33.262501 
140753051087018 -78.487503 86.718750 32.437500 
140753071087018 -83.643753 86.287506 31.762501 
140753091087018 -88.331253 85.368752 31.275002 
140753111087018 -92.756256 84.243752 30.825001 
140753131087018 -96.487503 82.800003 30.581251 
140753151087018 -99.712502 81.337502 30.281252 
140753171087018 -102.375008 79.556252 30.150002 
140753191087018 -104.550003 78.168755 30.431252 
140753211087018 -106.406258 76.912506 30.543751 
140753231087018 -107.681252 75.843750 30.787500 
140753251087018 -108.506256 75.206253 31.143751 
140753271087018 -108.843758 74.906250 31.218752 
140753291087018 -108.600006 75.375000 31.218752 
140753311087018 -107.568756 76.143753 31.500002 
140753331087018 -105.450005 77.812500 31.368752 
140753351087018 -102.862503 79.162506 31.143751 
140753371087018 -99.993752 80.906250 30.918751 
140753391087018 -96.656258 83.006256 30.506250 
140753411087018 -92.831253 84.712502 30.018751 
140753431087018 -88.406250 86.456253 29.812502 
140753451087018 -83.700005 87.637505 29.362501 
140753471087018 -79.143753 88.462502 28.950001 
140753491087018 -74.850006 88.687500 28.837502 
140753511087018 -70.687500 88.781250 28.781252 
140753531087018 -66.281250 88.350006 28.987501 
140753551087018 -62.137501 87.656250 29.343752 
140753571087018 -58.087502 86.718750 29.943750 
140753591087018 -54.562504 85.368752 30.300001 
140753611087018 -51.318752 84.093750 31.068750 
140753631087018 -48.206253 82.725006 31.987501 
140753651087018 -46.050003 81.450005 33.112503 
140753671087018 -44.137501 80.587502 33.900002 
140753691087018 -42.656250 79.743752 34.443752 
140753711087018 -41.587502 79.143753 34.931252 
140753731087018 -40.856251 78.750000 34.931252 
140753751087018 -40.425003 78.712502 35.025002 
140753771087018 -40.050003 78.731255 34.762501 
140753791087018 -40.237503 79.050003 34.256252 
140753811087018 -40.612503 79.575005 33.168751 
140753831087018 -41.193752 79.987503 32.006252 
140753851087018 -42.112503 80.793755 30.825001 
140753871087018 -43.162502 81.806252 29.418751 
140753891087018 -44.756252 82.912506 28.125002 
140753911087018 -46.950001 84.168755 26.831251 
140753931087018 -49.631252 85.293755 25.875002 
140753951087018 -52.893753 86.550003 24.993752 
140753971087018 -56.700001 87.806252 24.337502 
140753991087018 -60.806252 88.743752 24.000000 
140754011087018 -65.287506 89.362503 23.906250 
140754031087018 -70.331253 89.737503 23.962502 
140754051087018 -75.356255 89.550003 24.262501 
140754071087018 -80.306252 89.137505 24.656252 
140754091087018 -85.612503 88.462502 25.237501 
140754111087018 -90.318756 87.075005 25.800001 
140754131087018 -94.650002 85.368752 26.643751 
140754151087018 -98.643753 83.700005 27.618752 
140754171087018 -101.850006 81.881256 28.500002 
140754191087018 -104.587502 79.856255 29.381250 
140754211087018 -106.743752 78.225006 30.206251 
140754231087018 -108.506256 76.575005 30.956251 
140754251087018 -109.837502 75.318756 31.256250 
140754271087018 -110.512505 74.718750 31.481251 
140754291087018 -110.475006 74.681252 31.500002 
140754311087018 -110.006256 75.075005 31.425001 
140754331087018 -108.918755 76.068756 30.993752 
140754351087018 -107.287506 77.475006 30.637501 
140754371087018 -105.243752 79.331253 30.225000 
140754391087018 -102.487503 81.281250 29.531252 
140754411087018 -98.831253 83.400002 28.893751 
140754431087018 -95.006256 85.331253 28.275002 
140754451087018 -90.937500 87.056252 27.675001 
140754471087018 -86.531250 88.256256 27.168751 
140754491087018 -82.293755 89.100006 27.037500 
140754511087018 -77.475006 89.550003 27.187502 
140754531087018 -72.618752 89.456253 27.656252 
140754551087018 -67.781250 89.118752 28.443750 
140754571087018 -63.056252 88.181252 29.325001 
140754591087018 -58.275002 86.925003 30.262501 
140754611087018 -53.400002 85.218750 31.087502 
140754631087018 -48.862503 83.662506 31.725000 
140754651087018 -44.606251 81.768753 32.456253 
140754671087018 -41.287502 79.875000 32.887501 
140754691087018 -38.418751 78.168755 33.450001 
140754711087018 -36.131252 76.631256 34.087502 
140754731087018 -34.481251 75.487503 34.500000 
140754751087018 -33.768753 74.868752 34.762501 
140754771087018 -33.731251 74.868752 35.043751 
140754791087018 -34.387501 75.262505 35.137501 
140754811087018 -35.737503 76.293755 35.062500 
140754831087018 -37.425003 77.493752 34.537502 
140754851087018 -39.881252 79.462502 33.825001 
140754871087018 -43.050003 81.356255 32.700001 
140754891087018 -46.650002 83.437500 32.006252 
140754911087018 -50.512501 85.406250 31.162500 
140754931087018 -55.143753 86.906250 30.525002 
140754951087018 -59.981251 88.068756 30.075001 
140754971087018 -65.043755 89.025002 29.625002 
140754991087018 -70.275002 90.018753 29.418751 
140755011087018 -75.468750 89.868752 28.968752 
140755031087018 -80.700005 89.400002 28.612501 
140755051087018 -85.856255 88.818756 28.031252 
140755071087018 -90.356255 87.768753 27.712502 
140755091087018 -94.425003 86.437500 27.168751 
140755111087018 -98.231255 85.068756 26.831251 
140755131087018 -101.493752 83.456253 26.568750 
140755151087018 -104.175003 81.543755 26.550001 
140755171087018 -106.368752 79.950005 26.812502 
140755191087018 -107.512505 78.600006 27.450001 
140755211087018 -108.450005 77.250000 27.825001 
140755231087018 -109.406258 76.125000 28.331251 
140755251087018 -109.856255 75.731255 29.118752 
140755271087018 -109.875008 75.750000 29.643751 
140755291087018 -109.575005 76.162506 29.943750 
140755311087018 -108.600006 76.968750 29.906252 
140755331087018 -107.062508 78.225006 29.493752 
140755351087018 -105.375008 79.968750 28.800001 
140755371087018 -102.843758 81.862503 28.368752 
140755391087018 -100.031258 83.718750 27.750002 
140755411087018 -96.825005 85.350006 27.018751 
140755431087018 -93.093750 86.943756 26.231251 
140755451087018 -89.231255 88.237503 25.893751 
140755471087018 -85.518753 89.268753 26.062502 
140755491087018 -81.862503 90.187500 26.437502 
140755511087018 -78.075005 90.393753 27.150002 
140755531087018 -74.418755 90.281250 27.975000 
140755551087018 -70.725006 90.187500 28.706251 
140755571087018 -66.843750 89.906250 29.456251 
140755591087018 -63.131252 89.325005 30.318750 
140755611087018 -59.287502 88.425003 30.731251 
140755631087018 -55.612503 87.300003 30.806252 
140755651087018 -52.368752 86.118752 31.387501 
140755671087018 -49.593754 84.956253 31.781252 
140755691087018 -47.137501 83.906250 32.268753 
140755711087018 -44.812500 82.875000 33.018753 
140755731087018 -43.218750 81.862503 33.468750 
140755751087018 -42.131252 81.093750 33.712502 
140755771087018 -41.306252 80.681252 33.975002 
140755791087018 -40.781250 80.662506 34.012501 
140755811087018 -40.575001 80.606255 33.600002 
140755831087018 -40.481251 81.056252 32.718750 
140755851087018 -40.950001 81.618752 31.575001 
140755871087018 -41.850002 82.237503 30.187502 
140755891087018 -42.937500 83.193756 28.912500 
140755911087018 -45.018753 84.281250 27.956251 
140755931087018 -47.756252 85.462502 27.000002 
140755951087018 -51.000004 86.606255 26.400002 
140755971087018 -54.806252 87.918755 25.687502 
140755991087018 -58.987503 88.668755 25.181252 
140756011087018 -63.262501 89.475006 24.806252 
140756031087018 -67.931252 90.187500 24.581251 
140756051087018 -73.050003 90.375000 24.562502 
140756071087018 -77.587502 90.262505 24.543751 
140756091087018 -82.125000 89.831253 24.825001 
140756111087018 -86.250000 89.250000 25.368752 
140756131087018 -89.793755 88.387505 26.043751 
140756151087018 -92.925003 87.562500 26.962502 
140756171087018 -95.793755 86.400002 28.125002 
140756191087018 -98.268753 85.312500 29.287500 
140756211087018 -99.993752 84.300003 30.243752 
140756231087018 -101.381256 83.137505 31.162500 
140756251087018 -102.150002 82.387505 31.762501 
140756271087018 -102.656258 81.881256 31.781252 
140756291087018 -102.468758 81.656250 31.856251 
140756311087018 -102.112503 81.918755 31.912500 
140756331087018 -101.156258 82.575005 31.462502 
140756351087018 -99.450005 83.362503 31.012501 
140756371087018 -97.068756 84.412506 30.600000 
140756391087018 -93.881256 85.762505 30.131250 
140756411087018 -90.168755 87.150002 29.850000 
140756431087018 -85.856255 88.443756 29.700001 
140756451087018 -81.131256 89.212502 29.193750 
140756471087018 -75.881256 89.550003 28.275002 
140756491087018 -69.975006 89.400002 27.506250 
140756511087018 -64.031250 88.650002 26.568750 
140756531087018 -58.125004 87.525002 25.537500 
140756551087018 -52.218754 85.500000 24.300001 
140756571087018 -46.612503 82.818756 23.418751 
140756591087018 -41.381252 79.837502 22.687500 
140756611087018 -36.975002 77.118752 22.050001 
140756631087018 -33.281250 74.400002 22.125000 
140756651087018 -30.768751 72.262505 22.462502 
140756671087018 -28.725000 70.537506 23.325001 
140756691087018 -27.693750 69.375000 24.450001 
140756711087018 -27.412500 69.150002 26.193750 
140756731087018 -27.881250 69.450005 27.506250 
140756751087018 -28.725000 69.937500 29.118752 
140756771087018 -29.662500 70.837502 30.825001 
140756791087018 -30.637501 71.943756 32.081253 
140756811087018 -31.593752 73.087502 32.662502 
140756831087018 -32.943752 74.493752 32.418751 
140756851087018 -34.593750 75.956253 31.893751 
140756871087018 -36.675003 77.625000 31.106251 
140756891087018 -38.887501 79.425003 30.225000 
140756911087018 -41.643753 81.525002 28.856251 
140756931087018 -45.018753 83.343750 27.543751 
140756951087018 -49.275002 85.481255 26.306252 
140756971087018 -54.206253 87.337502 25.481251 
140756991087018 -59.475002 88.725006 25.087502 
140757011087018 -64.762505 89.718750 24.993752 
140757031087018 -70.106255 90.187500 24.525002 
140757051087018 -75.506256 90.281250 24.431252 
140757071087018 -80.868752 89.887505 24.412500 
140757091087018 -85.687500 89.175003 24.337502 
140757111087018 -89.831253 88.125000 24.693750 
140757131087018 -93.393753 86.700005 24.862501 
140757151087018 -96.656258 85.631256 24.806252 
140757171087018 -99.093758 84.356255 24.468752 
140757191087018 -101.025002 83.512505 24.318750 
140757211087018 -102.375008 82.743752 23.868752 
140757231087018 -102.956253 82.293755 23.437500 
140757251087018 -103.462502 82.331253 23.175001 
140757271087018 -103.218758 82.518753 22.725000 
140757291087018 -102.506256 83.306252 22.631250 
140757311087018 -100.893753 83.981255 22.800001 
140757331087018 -98.850006 85.256256 23.137501 
140757351087018 -96.300003 86.212502 23.850000 
140757371087018 -93.037506 87.300003 24.618752 
140757391087018 -89.475006 88.218750 25.406252 
140757411087018 -85.350006 88.987503 26.381250 
140757431087018 -80.793755 89.531250 27.468752 
140757451087018 -76.068756 89.643753 28.425001 
140757471087018 -71.381256 89.493752 29.381250 
140757491087018 -66.956253 88.800003 30.675001 
140757511087018 -62.268753 87.731255 31.856251 
140757531087018 -58.012501 86.362503 33.056252 
140757551087018 -53.681252 84.712502 34.650002 
140757571087018 -49.893753 82.762505 36.131252 
140757591087018 -46.687500 80.662506 37.368752 
140757611087018 -43.987503 78.600006 38.943752 
140757631087018 -41.775002 76.725006 40.518753 
140757651087018 -39.712502 74.812500 41.850002 
140757671087018 -38.550003 73.556252 42.900002 
140757691087018 -37.706253 72.562500 43.893753 
140757711087018 -37.481251 72.056252 44.531250 
140757731087018 -37.500000 72.075005 44.700001 
140757751087018 -38.043751 72.637505 44.550003 
140757771087018 -38.793751 73.518753 44.043751 
140757791087018 -39.956253 74.775002 43.106251 
140757811087018 -41.681252 76.762505 41.943752 
140757831087018 -43.781250 78.731255 40.575001 
140757851087018 -46.293751 80.681252 39.056252 
140757871087018 -49.537502 83.043755 37.275002 
140757891087018 -53.381252 85.106255 35.681252 
140757911087018 -57.787502 86.906250 34.162502 
140757931087018 -62.831253 88.293755 32.606251 
140757951087018 -68.250000 89.212502 31.462502 
140757971087018 -73.781250 89.512505 30.318750 
140757991087018 -79.500000 89.250000 29.475000 
140758011087018 -85.068756 88.706253 29.100000 
140758031087018 -90.450005 87.187500 28.893751 
140758051087018 -95.325005 85.293755 28.706251 
140758071087018 -99.543755 83.343750 29.006250 
140758091087018 -103.162506 81.375000 29.381250 
140758111087018 -105.881256 79.218750 29.643751 
140758131087018 -108.468758 77.456253 30.168751 
140758151087018 -110.193756 75.806252 30.806252 
140758171087018 -111.487503 74.662506 31.068750 
140758191087018 -112.068756 74.287506 31.537500 
140758211087018 -112.106255 74.268753 32.006252 
140758231087018 -111.600006 74.606255 31.968752 
140758251087018 -110.400002 75.618752 31.950001 
140758271087018 -108.806252 77.231255 32.100002 
140758291087018 -106.331253 78.881256 31.762501 
140758311087018 -103.743752 80.775002 31.162500 
140758331087018 -100.518753 82.837502 30.525002 
140758351087018 -96.956253 84.693756 29.681252 
140758371087018 -92.981255 86.531250 28.950001 
140758391087018 -88.650002 88.200005 28.275002 
140758411087018 -84.018753 89.006256 27.506250 
140758431087018 -79.237503 89.437500 27.150002 
140758451087018 -74.362503 89.643753 27.375002 
140758471087018 -69.225006 89.475006 27.993752 
140758491087018 -64.368752 88.856255 28.856251 
140758511087018 -59.700001 87.806252 30.225000 
140758531087018 -55.312504 86.400002 31.837502 
140758551087018 -51.562504 84.731255 33.843750 
140758571087018 -48.487503 82.987503 36.543751 
140758591087018 -46.462502 81.337502 39.150002 
140758611087018 -45.112503 79.687500 41.681252 
140758631087018 -44.681252 78.450005 44.212502 
140758651087018 -45.056252 77.362503 46.575001 
140758671087018 -46.481251 76.950005 48.431252 
140758691087018 -48.900002 77.193756 49.875004 
140758711087018 -52.087502 77.756256 50.906254 
140758731087018 -56.175003 79.050003 51.131252 
140758751087018 -60.525002 80.437500 50.625004 
140758771087018 -65.568756 81.975006 49.518753 
140758791087018 -71.062500 83.287506 47.493752 
140758811087018 -76.762505 84.450005 44.737503 
140758831087018 -82.256256 85.050003 41.493752 
140758851087018 -87.300003 85.012505 37.406250 
140758871087018 -92.118752 84.506256 32.793751 
140758891087018 -96.393753 83.418755 27.487501 
140758911087018 -100.087502 81.787506 21.975000 
140758931087018 -103.068756 79.743752 16.350000 
140758951087018 -105.225006 77.512505 11.081250 
140758971087018 -106.725006 74.981255 5.962500 
140758991087018 -107.456253 72.375000 0.956250 
140759011087018 -107.831253 69.693756 -3.487500 
140759031087018 -107.681252 67.218750 -7.350000 
140759051087018 -107.081253 64.893753 -10.593750 
140759071087018 -106.312508 62.925003 -13.462501 
140759091087018 -105.375008 61.050003 -15.843751 
140759111087018 -104.212502 59.212502 -17.962502 
140759131087018 -103.181252 57.937504 -19.650002 
140759151087018 -102.356255 56.943752 -20.718750 
140759171087018 -101.775002 56.456253 -21.487501 
140759191087018 -101.287506 56.100002 -22.200001 
140759211087018 -100.950005 56.062504 -22.556252 
140759231087018 -100.518753 56.381252 -22.725000 
140759251087018 -100.237503 56.925003 -22.743752 
140759271087018 -100.012505 57.356251 -22.631250 
140759291087018 -99.881256 57.937504 -22.443750 
140759311087018 -99.731255 58.612503 -22.293751 
140759331087018 -99.562508 59.250004 -22.106251 
140759351087018 -99.225006 59.943752 -21.900002 
140759371087018 -98.850006 60.581253 -21.843750 
140759391087018 -98.400002 60.937504 -21.900002 
140759411087018 -97.893753 61.125004 -22.068750 
140759431087018 -97.556252 61.537502 -22.256250 
140759451087018 -96.937508 61.687504 -22.406250 
140759471087018 -96.450005 61.312504 -22.762501 
140759491087018 -95.568756 61.143753 -23.250000 
140759511087018 -95.175003 61.012501 -23.625000 
140759531087018 -94.406250 60.356251 -24.075001 
140759551087018 -94.143753 59.906254 -24.356251 
140759571087018 -93.768753 59.475002 -24.806252 
140759591087018 -93.300003 59.212502 -25.068750 
140759611087018 -92.812500 59.025002 -25.350000 
140759631087018 -92.156250 59.137501 -25.800001 
140759651087018 -91.818756 59.137501 -25.818750 
140759671087018 -90.787506 58.968754 -26.043751 
140759691087018 -90.187500 59.137501 -26.137501 
140759711087018 -89.362503 59.118752 -26.418751 
140759731087018 -88.706253 59.456253 -26.550001 
140759751087018 -87.750000 59.625004 -26.925001 
140759771087018 -86.981255 59.512501 -27.318750 
140759791087018 -86.400002 59.662502 -27.318750 
140759811087018 -85.837502 59.493752 -27.525002 
140759831087018 -85.481255 59.268753 -27.750002 
140759851087018 -85.068756 59.212502 -28.087502 
140759871087018 -84.637505 58.968754 -28.406252 
140759891087018 -83.831253 58.443752 -28.593752 
140759911087018 -83.193756 57.862503 -29.006250 
140759931087018 -82.743752 57.337502 -29.325001 
140759951087018 -82.125000 56.512501 -29.793751 
140759971087018 -81.412506 55.800003 -30.393751 
140759991087018 -81.168755 54.900002 -30.825001 
140760011087018 -81.018753 53.962502 -31.406252 
140760031087018 -80.643753 53.175003 -31.462502 
140760051087018 -80.437500 52.387501 -31.743752 
140760071087018 -80.343750 51.843754 -31.856251 
140760091087018 -80.437500 51.393753 -32.100002 
140760111087018 -80.550003 51.075001 -32.212502 
140760131087018 -80.625000 50.812504 -32.175003 
140760151087018 -80.418755 50.737503 -32.400002 
140760171087018 -80.137505 50.568752 -32.268753 
140760191087018 -80.100006 50.662502 -32.306252 
140760211087018 -80.250000 51.075001 -32.231251 
140760231087018 -80.400002 51.375004 -32.006252 
140760251087018 -80.025002 51.525002 -31.837502 
140760271087018 -79.687500 51.937504 -31.781252 
140760291087018 -79.593750 52.350002 -31.650002 
140760311087018 -79.425003 52.875004 -31.256250 
140760331087018 -79.200005 53.456253 -30.993752 
140760351087018 -79.125000 54.000004 -30.900002 
140760371087018 -79.125000 54.093754 -30.881250 
140760391087018 -79.237503 54.375004 -30.881250 
140760411087018 -79.593750 54.806252 -30.768751 
140760431087018 -79.800003 54.993752 -30.525002 
140760451087018 -80.081253 54.975002 -30.412500 
140760471087018 -80.268753 55.181252 -30.431252 
140760491087018 -80.587502 55.068752 -30.506250 
140760511087018 -80.531250 54.768753 -30.525002 
140760531087018 -80.587502 54.768753 -30.431252 
140760551087018 -80.568756 54.487503 -30.525002 
140760571087018 -80.475006 54.225002 -30.637501 
140760591087018 -80.343750 53.925003 -31.012501 
140760611087018 -80.025002 53.812504 -31.312502 
140760631087018 -79.856255 53.493752 -31.518751 
140760651087018 -79.462502 53.512501 -31.537500 
140760671087018 -79.162506 53.681252 -31.743752 
140760691087018 -78.975006 53.737503 -31.800001 
140760711087018 -78.618752 53.812504 -31.612501 
140760731087018 -78.262505 54.000004 -31.593752 
140760751087018 -78.056252 54.093754 -31.500002 
140760771087018 -77.718750 54.375004 -31.218752 
140760791087018 -77.343750 54.693752 -30.956251 
140760811087018 -77.062500 54.956253 -30.731251 
140760831087018 -77.081253 55.068752 -30.337502 
140760851087018 -76.875000 55.500004 -30.356251 
140760871087018 -76.687500 55.575001 -30.375002 
140760891087018 -76.387505 55.500004 -30.206251 
140760911087018 -76.068756 55.912502 -29.943750 
140760931087018 -76.106255 56.118752 -29.681252 
140760951087018 -76.143753 56.250004 -29.568750 
140760971087018 -76.125000 56.193752 -29.662500 
140760991087018 -76.125000 56.287502 -29.812502 
140761011087018 -76.106255 55.968754 -29.643751 
140761031087018 -76.031250 55.725002 -29.550001 
140761051087018 -75.975006 55.650002 -29.568750 
140761071087018 -76.237503 55.068752 -29.643751 
140761091087018 -76.218750 54.562504 -29.981251 
140761111087018 -76.406250 54.187504 -29.981251 
140761131087018 -76.575005 53.925003 -30.093752 
140761151087018 -76.500000 53.587502 -30.150002 
140761171087018 -76.556252 53.512501 -30.093752 
140761191087018 -76.931252 54.000004 -30.075001 
140761211087018 -77.343750 54.300003 -30.131250 
140761231087018 -77.325005 54.937504 -30.093752 
140761251087018 -77.531250 55.331253 -30.131250 
140761271087018 -77.681252 55.650002 -30.337502 
140761291087018 -77.868752 56.025002 -30.318750 
140761311087018 -78.318756 56.306252 -30.187502 
140761331087018 -78.825005 56.587502 -30.225000 
140761351087018 -79.368752 56.775002 -29.925001 
140761371087018 -80.587502 57.187504 -29.231251 
140761391087018 -82.968750 57.525002 -28.425001 
140761411087018 -85.968750 58.256252 -27.018751 
140761431087018 -89.362503 58.912502 -24.862501 
140761451087018 -92.981255 59.475002 -22.275002 
140761471087018 -96.768753 60.356251 -19.443750 
140761491087018 -100.518753 61.462502 -16.031250 
140761511087018 -104.193756 62.625004 -12.281251 
140761531087018 -107.306252 64.181252 -8.193750 
140761551087018 -109.181252 66.112503 -3.487500 
140761571087018 -110.100006 68.100006 1.237500 
140761591087018 -109.706253 70.518753 5.643750 
140761611087018 -108.412506 73.331253 10.125000 
140761631087018 -105.975006 76.162506 14.606251 
140761651087018 -102.750008 78.675003 18.900002 
140761671087018 -98.756256 81.206253 22.818750 
140761691087018 -94.125000 83.268753 26.306252 
140761711087018 -88.931252 84.937500 29.193750 
140761731087018 -83.437500 86.081253 31.668751 
140761751087018 -78.131256 86.531250 33.768753 
140761771087018 -72.862503 86.568756 35.175003 
140761791087018 -67.931252 86.325005 36.187500 
140761811087018 -63.131252 85.818756 36.975002 
140761831087018 -58.987503 84.881256 37.518753 
140761851087018 -55.425003 83.981255 38.118752 
140761871087018 -52.518753 82.931252 38.418751 
140761891087018 -50.081253 82.143753 38.606251 
140761911087018 -48.206253 81.581253 38.456253 
140761931087018 -47.362503 81.431252 38.343750 
140761951087018 -47.212502 81.450005 38.006252 
140761971087018 -48.018753 81.900002 37.387501 
140761991087018 -49.500004 82.762505 36.768753 
140762011087018 -51.300003 83.681252 35.625000 
140762031087018 -54.731251 85.012505 34.481251 
140762051087018 -58.931252 86.250000 33.243752 
140762071087018 -63.412502 87.412506 32.175003 
140762091087018 -68.231255 88.218750 31.237501 
140762111087018 -73.050003 88.612503 30.318750 
140762131087018 -77.925003 88.706253 29.568750 
140762151087018 -82.425003 88.481255 28.687502 
140762171087018 -87.018753 88.181252 28.181252 
140762191087018 -90.337502 87.375000 27.843752 
140762211087018 -93.037506 86.625000 27.468752 
140762231087018 -95.512505 85.931252 27.262501 
140762251087018 -97.518753 85.050003 27.000002 
140762271087018 -99.056252 84.600006 26.756250 
140762291087018 -99.937508 84.243752 26.325001 
140762311087018 -100.350006 84.168755 26.175001 
140762331087018 -99.881256 84.168755 25.931252 
140762351087018 -98.906258 84.487503 25.856251 
140762371087018 -97.650002 84.937500 26.025002 
140762391087018 -95.662506 85.650002 26.400002 
140762411087018 -93.168755 86.587502 27.131250 
140762431087018 -90.112503 87.431252 27.937502 
140762451087018 -86.737503 88.293755 29.137501 
140762471087018 -83.231255 88.800003 30.187502 
140762491087018 -79.500000 89.156250 31.406252 
140762511087018 -75.581253 89.381256 32.550003 
140762531087018 -71.287506 89.193756 33.656250 
140762551087018 -67.331253 88.631256 34.743752 
140762571087018 -63.243752 87.900002 35.493752 
140762591087018 -59.662502 86.887505 36.300003 
140762611087018 -56.456253 85.706253 37.125000 
140762631087018 -53.437504 84.562500 38.025002 
140762651087018 -50.850002 83.250000 38.962502 
140762671087018 -48.806252 81.956253 39.768753 
140762691087018 -47.137501 80.925003 40.368752 
140762711087018 -45.975002 80.381256 40.612503 
140762731087018 -45.562500 80.100006 40.762501 
140762751087018 -45.356251 80.212502 40.800003 
140762771087018 -45.750000 80.568756 40.387501 
140762791087018 -46.518753 81.206253 39.862503 
140762811087465 -48.000000 82.275002 39.056252 
140762831087465 -49.837502 83.550003 38.250000 
140762851087465 -52.481251 84.806252 37.312500 
140762871087465 -56.212502 86.006256 36.300003 
140762891087465 -60.206253 87.262505 35.193752 
140762911087465 -64.706253 87.956253 34.181252 
140762931087465 -69.225006 88.556252 33.093750 
140762951087465 -74.043755 89.081253 31.912500 
140762971087465 -78.956253 89.006256 30.618752 
140762991087465 -83.850006 88.537506 29.362501 
140763011087465 -88.556252 87.881256 28.293751 
140763031087465 -92.156250 86.925003 27.375002 
140763051087465 -95.437500 85.818756 26.906252 
140763071087465 -98.362503 84.750000 26.475000 
140763091087465 -100.893753 83.550003 26.268751 
140763111087465 -103.106255 82.143753 25.950001 
140763131087465 -104.681252 81.318756 25.875002 
140763151087465 -105.675003 80.700005 25.931252 
140763171087465 -106.143753 80.662506 25.706251 
140763191087465 -105.937508 80.906250 25.556252 
140763211087465 -105.168755 81.150002 24.956251 
140763231087465 -103.818756 82.218750 24.712502 
140763251087465 -102.037506 83.287506 24.712502 
140763271087465 -99.506256 84.806252 24.843752 
140763291087465 -96.581253 86.100006 24.993752 
140763311087465 -93.262505 87.412506 25.312502 
140763331087465 -89.512505 88.293755 25.875002 
140763351087465 -85.762505 88.912506 26.643751 
140763371087465 -82.050003 89.587502 27.900002 
140763391087465 -78.093750 89.625000 28.818750 
140763411087465 -74.325005 89.643753 29.737501 
140763431087465 -70.387505 89.456253 30.918751 
140763451087465 -66.862503 89.025002 32.100002 
140763471087465 -63.375004 88.181252 33.093750 
140763491087465 -60.375004 87.487503 34.406250 
140763511087465 -57.731251 86.681252 35.812500 
140763531087465 -55.181252 85.612503 37.012501 
140763551087465 -53.081253 84.487503 38.437500 
140763571087465 -51.300003 83.456253 39.675003 
140763591087465 -50.062504 82.143753 41.025002 
140763611087465 -49.068752 80.981255 42.112503 
140763631087465 -48.262501 80.418755 43.162502 
140763651087465 -47.793751 79.800003 43.912502 
140763671087465 -47.643753 79.481255 44.306252 
140763691087465 -47.700001 79.425003 44.493752 
140763711087465 -48.018753 79.650002 44.437500 
140763731087465 -48.487503 80.062500 44.381252 
140763751087465 -49.293751 80.943756 43.575001 
140763771087465 -50.793751 82.012505 42.881252 
140763791087465 -52.856251 83.287506 41.793751 
140763811087465 -54.993752 84.450005 40.650002 
140763831087465 -57.581253 85.706253 39.281250 
140763851087465 -60.600002 87.018753 37.987503 
140763871087465 -64.106255 88.200005 36.525002 
140763891087465 -68.025002 88.912506 34.856251 
140763911087465 -72.225006 89.568756 33.600002 
140763931087465 -75.956253 89.925003 32.325001 
140763951087465 -79.725006 89.606255 31.312502 
140763971087465 -83.718750 89.287506 30.525002 
140763991087465 -87.562500 88.500000 29.943750 
140764011087465 -91.125000 87.431252 29.381250 
140764031087465 -94.331253 86.193756 29.156252 
140764051087465 -97.068756 85.293755 29.025002 
140764071087465 -99.450005 84.056252 28.950001 
140764091087465 -101.475006 82.987503 28.856251 
140764111087465 -103.256256 82.368752 28.931252 
140764131087465 -104.062508 81.918755 28.950001 
140764151087465 -104.175003 81.675003 29.062502 
140764171087465 -104.025002 81.900002 29.062502 
140764191087465 -103.500008 82.518753 28.968752 
140764211087465 -102.243752 83.306252 28.987501 
140764231087465 -100.518753 84.412506 28.893751 
140764251087465 -98.531258 85.293755 28.762501 
140764271087465 -96.093758 86.212502 28.668751 
140764291087465 -93.637505 87.112503 28.650002 
140764311087465 -90.993752 88.181252 28.687502 
140764331087465 -87.843750 89.118752 28.650002 
140764351087465 -84.450005 89.737503 28.837502 
140764371087465 -81.056252 89.868752 29.175001 
140764391087465 -77.475006 89.737503 29.681252 
140764411087465 -73.743752 89.812500 30.581251 
140764431087465 -70.068756 89.400002 31.518751 
140764451087465 -66.600006 89.006256 32.418751 
140764471087465 -63.225002 88.162506 33.525002 
140764491087465 -60.393753 87.018753 35.137501 
140764511087465 -57.656254 85.950005 36.768753 
140764531087465 -55.218754 84.806252 38.381252 
140764551087465 -53.287502 83.475006 40.200001 
140764571087465 -51.600002 82.125000 41.868752 
140764591087465 -50.362503 81.000000 43.350002 
140764611087465 -49.068752 79.931252 44.493752 
140764631087465 -48.037502 79.143753 45.318752 
140764651087465 -47.362503 78.637505 45.768753 
140764671087465 -47.025002 78.075005 45.843750 
140764691087465 -46.931252 78.131256 45.712502 
140764711087465 -47.231251 78.993752 44.981251 
140764731087465 -47.943752 79.856255 43.931252 
140764751087465 -49.031254 81.000000 42.600002 
140764771087465 -50.756252 82.368752 41.456253 
140764791087465 -52.875004 83.793755 40.143753 
140764811087465 -55.256252 85.106255 38.568752 
140764831087465 -58.200001 86.718750 36.975002 
140764851087465 -61.556252 88.106255 35.306252 
140764871087465 -65.268753 89.100006 33.806252 
140764891087465 -69.056252 89.925003 32.381252 
140764911087465 -72.975006 90.356255 31.237501 
140764931087465 -76.856255 90.450005 30.206251 
140764951087465 -80.793755 90.450005 29.250002 
140764971087465 -84.356255 90.000000 28.518751 
140764991087465 -87.768753 89.193756 28.125002 
140765011087465 -91.181252 88.275002 27.618752 
140765031087465 -94.106255 86.981255 27.562502 
140765051087465 -96.881256 85.781250 27.600000 
140765071087465 -99.131256 84.768753 27.750002 
140765091087465 -101.025002 83.756256 27.918751 
140765111087465 -102.487503 82.650002 28.087502 
140765131087465 -103.781258 82.106255 28.537500 
140765151087465 -104.587502 81.656250 28.537500 
140765171087465 -104.737503 81.581253 28.706251 
140765191087465 -104.362503 81.825005 28.481251 
140765211087465 -103.668755 82.331253 28.593752 
140765231087465 -102.431252 83.137505 28.368752 
140765251087465 -100.612503 84.018753 27.918751 
140765271087465 -98.493752 85.143753 27.693750 
140765291087465 -95.437500 86.306252 27.468752 
140765311087465 -92.156250 87.581253 27.281252 
140765331087465 -88.425003 88.743752 27.206251 
140765351087465 -84.450005 89.887505 27.300001 
140765371087465 -80.343750 90.412506 27.356251 
140765391087465 -76.087502 90.506256 27.881250 
140765411087465 -72.225006 90.656250 28.912500 
140765431087465 -68.400002 90.468750 29.943750 
140765451087465 -65.343750 89.943756 31.050001 
140765471087465 -62.625004 89.325005 32.737503 
140765491087465 -60.393753 88.481255 34.425003 
140765511087465 -58.275002 87.300003 35.943752 
140765531087465 -56.531254 86.718750 37.387501 
140765551087465 -55.518753 86.325005 38.737503 
140765571087465 -54.731251 85.725006 39.656250 
140765591087465 -54.412502 85.481255 40.518753 
140765611087465 -54.337502 85.312500 41.325001 
140765631087465 -54.750004 85.181252 41.512501 
140765651087465 -55.818752 85.443756 41.493752 
140765671087465 -57.431252 86.100006 41.493752 
140765691087465 -59.456253 86.662506 41.362503 
140765711087465 -61.781254 87.412506 40.687500 
140765731087465 -64.443756 88.143753 39.637501 
140765751087465 -67.368752 88.762505 38.400002 
140765771087465 -70.837502 89.437500 36.806252 
140765791087465 -74.287506 89.868752 35.456253 
140765811087465 -77.625000 90.112503 33.956253 
140765831087465 -81.168755 89.981255 32.456253 
140765851087465 -84.975006 89.400002 30.881250 
140765871087465 -88.256256 88.518753 29.775002 
140765891087465 -91.800003 87.543755 28.875002 
140765911087465 -95.062500 86.681252 27.937502 
140765931087465 -97.668755 85.462502 27.206251 
140765951087465 -100.237503 84.243752 26.362501 
140765971087465 -102.693756 82.837502 25.725000 
140765991087465 -104.756256 81.618752 24.993752 
140766011087465 -106.275002 80.681252 24.262501 
140766031087465 -107.718758 79.687500 23.456251 
140766051087465 -108.375008 78.806252 22.668751 
140766071087465 -109.181252 77.812500 22.106251 
140766091087465 -109.950005 77.512505 21.225000 
140766111087465 -110.287506 77.456253 20.643751 
140766131087465 -109.950005 77.550003 19.987501 
140766151087465 -109.575005 78.037506 19.537500 
140766171087465 -108.431252 78.543755 18.900002 
140766191087465 -107.475006 79.350006 18.262501 
140766211087465 -106.293755 80.400002 17.531250 
140766231087465 -104.812508 81.412506 16.481251 
140766251087465 -103.087502 82.106255 15.506250 
140766271087465 -101.325005 82.875000 14.381250 
140766291087465 -99.768753 83.512505 12.956250 
140766311087465 -98.175003 83.775002 11.268750 
140766331087465 -97.087502 84.093750 9.618751 
140766351087465 -95.962502 84.168755 7.968750 
140766371087465 -95.493752 83.550003 6.543750 
140766391087465 -95.062500 83.062500 5.118750 
140766411087465 -95.156250 82.406250 3.656250 
140766431087465 -95.456253 81.187500 1.950000 
140766451087465 -96.112503 80.025002 0.506250 
140766471087465 -97.012505 78.675003 -0.637500 
140766491087465 -97.912506 77.137505 -1.631250 
140766511087465 -99.206253 75.637505 -2.700000 
140766531087465 -100.275002 74.756256 -3.693750 
140766551087465 -101.325005 73.387505 -4.406250 
140766571087465 -102.337502 72.168755 -4.856250 
140766591087465 -103.406258 71.231255 -4.875000 
140766611087465 -104.718758 70.218750 -4.350000 
140766631087465 -105.843758 69.525002 -3.562500 
140766651087465 -107.137505 69.037506 -2.793750 
140766671087465 -108.206253 68.343750 -1.818750 
140766691087465 -109.275002 67.518753 -0.843750 
140766711087465 -110.418755 67.275002 0.300000 
140766731087465 -111.281258 66.843750 1.706250 
140766751087465 -111.937508 66.637505 2.606250 
140766771087465 -112.218758 66.600006 3.150000 
140766791087465 -112.443756 66.356255 3.300000 
140766811087465 -112.443756 66.225006 3.562500 
140766831087465 -112.200005 66.300003 3.618750 
140766851087465 -111.937508 66.393753 3.581250 
140766871087465 -111.450005 66.225006 3.150000 
140766891087465 -111.056252 66.375000 2.456250 
140766911087465 -110.681252 66.281250 2.118750 
140766931087465 -110.193756 66.187500 1.800000 
140766951087465 -109.837502 65.981255 1.331250 
140766971087465 -109.462502 65.812500 0.675000 
140766991087465 -109.331253 65.437500 -0.093750 
140767011087465 -109.387505 64.743752 -0.806250 
140767031087465 -109.425003 64.200005 -1.518750 
140767051087465 -109.537506 63.562504 -2.025000 
140767071087465 -109.706253 63.056252 -2.475000 
140767091087465 -110.062508 62.475002 -2.718750 
140767111087465 -110.531258 62.456253 -2.887500 
140767131087465 -110.981255 62.550003 -2.812500 
140767151087465 -110.812508 63.000004 -2.718750 
140767171087465 -110.568756 64.406250 -2.212500 
140767191087465 -109.987503 65.793755 -1.893750 
140767211087465 -109.293755 67.443756 -1.481250 
140767231087465 -108.131256 69.731255 -0.581250 
140767251087465 -106.818756 72.281250 0.337500 
140767271087465 -105.281258 74.418755 1.668750 
140767291087465 -103.818756 76.631256 3.018750 
140767311087465 -102.843758 78.543755 4.312500 
140767331087465 -101.700005 79.950005 5.531250 
140767351087465 -100.968758 81.112503 7.012500 
140767371087465 -100.125008 82.031250 8.137501 
140767391087465 -99.618752 82.518753 8.400001 
140767411087465 -98.906258 82.725006 7.987500 
140767431087465 -98.250008 83.006256 7.275000 
140767451087465 -97.575005 83.043755 6.656250 
140767471087465 -96.975006 83.062500 6.412500 
140767491087465 -96.675003 83.156250 5.850000 
140767511087465 -96.168755 83.606255 5.681250 
140767531087465 -95.737503 83.943756 5.550000 
140767551087465 -95.268753 84.037506 5.718750 
140767571087465 -95.100006 84.243752 6.243750 
140767591087465 -94.631256 84.431252 6.356250 
140767611087465 -94.012505 84.393753 5.793750 
140767631087465 -92.531250 84.581253 4.631250 
140767651087465 -90.337502 84.618752 3.450000 
140767671087465 -87.506256 84.375000 1.687500 
140767691087465 -83.643753 83.868752 -0.018750 
140767711087465 -79.368752 83.531250 -1.725000 
140767731087465 -74.737503 83.006256 -3.543750 
140767751087465 -70.218750 82.012505 -5.268750 
140767771087465 -66.225006 81.112503 -6.618750 
140767791087465 -63.018753 80.193756 -7.668750 
140767811087465 -60.206253 79.312500 -8.756250 
140767831087465 -58.050003 78.356255 -9.281250 
140767851087465 -56.812504 77.925003 -9.900001 
140767871087465 -56.156254 77.325005 -10.706250 
140767891087465 -55.631252 76.706253 -11.287500 
140767911087465 -55.387501 76.575005 -11.306251 
140767931087465 -54.975002 76.556252 -11.287500 
140767951087465 -54.731251 76.500000 -11.250000 
140767971087465 -54.656254 76.481255 -11.137501 
140767991087465 -55.031254 76.593750 -11.193750 
140768011087465 -55.631252 76.593750 -11.156250 
140768031087465 -56.062504 76.818756 -10.781250 
140768051087465 -56.906254 77.362503 -10.368751 
140768071087465 -57.468754 77.943756 -9.993751 
140768091087465 -57.993752 78.543755 -9.637501 
140768111087465 -58.237503 78.975006 -9.018750 
140768131087465 -58.481251 79.593750 -8.362500 
140768151087465 -58.462502 80.025002 -7.893750 
140768171087465 -58.443752 80.531250 -7.387500 
140768191087465 -58.931252 81.056252 -7.050000 
140768211087465 -59.362503 81.468750 -6.712500 
140768231087465 -60.037502 81.881256 -6.337500 
140768251087465 -60.750004 82.387505 -5.906250 
140768271087465 -61.368752 83.043755 -5.325000 
140768291087465 -62.062504 83.250000 -4.725000 
140768311087465 -62.625004 83.775002 -4.162500 
140768331087465 -63.112503 84.225006 -3.543750 
140768351087465 -63.150002 84.318756 -3.018750 
140768371087465 -63.056252 84.581253 -2.587500 
140768391087465 -63.243752 84.900002 -2.568750 
140768411087465 -63.393753 84.637505 -2.568750 
140768431087465 -63.656254 84.468750 -2.737500 
140768451087465 -63.937504 84.581253 -3.037500 
140768471087465 -64.575005 84.712502 -3.000000 
140768491087465 -65.325005 84.862503 -3.150000 
140768511087465 -66.300003 85.125000 -3.281250 
140768531087465 -66.956253 85.143753 -3.112500 
140768551087465 -67.218750 85.181252 -3.000000 
140768571087465 -67.087502 85.462502 -2.700000 
140768591087465 -66.806252 85.575005 -2.531250 
140768611087465 -66.243752 85.462502 -2.643750 
140768631087465 -65.718750 85.200005 -2.831250 
140768651087465 -65.025002 84.993752 -3.318750 
140768671087465 -64.087502 84.337502 -4.387500 
140768691087465 -63.675003 83.718750 -5.643750 
140768711087465 -63.468754 82.818756 -6.750000 
140768731087465 -63.618752 82.068756 -8.212501 
140768751087465 -64.237503 81.543755 -9.487500 
140768771087465 -64.687500 80.962502 -10.425000 
140768791087465 -64.800003 80.512505 -11.568750 
140768811087465 -64.668755 79.800003 -12.468751 
140768831087465 -64.631256 79.481255 -12.581250 
140768851087465 -64.237503 79.443756 -12.806251 
140768871087465 -63.506252 79.387505 -12.693750 
140768891087465 -62.737503 79.481255 -12.600000 
140768911087465 -61.743752 79.200005 -12.637501 
140768931087465 -60.956253 79.050003 -12.431251 
140768951087465 -60.243752 79.031250 -12.262501 
140768971087465 -59.868752 79.218750 -11.981251 
140768991087465 -59.437504 79.368752 -11.643750 
140769011087465 -58.950001 79.387505 -11.231251 
140769031087465 -58.368752 79.593750 -10.912500 
140769051087465 -57.918751 79.725006 -9.881250 
140769071087465 -57.412502 80.418755 -9.018750 
140769091087465 -57.056252 80.906250 -8.475000 
140769111087465 -56.568752 81.225006 -7.987500 
140769131087465 -55.743752 81.393753 -7.368750 
140769151087465 -55.368752 81.693756 -6.862500 
140769171087465 -55.293751 82.125000 -6.075000 
140769191087465 -55.331253 82.856255 -4.968750 
140769211087465 -55.350002 83.343750 -4.125000 
140769231087465 -55.387501 83.606255 -3.168750 
140769251087465 -55.387501 84.300003 -1.950000 
140769271087465 -55.462502 84.881256 -0.693750 
140769291087465 -56.193752 85.500000 0.450000 
140769311087465 -56.568752 85.987503 1.350000 
140769331087465 -56.962502 86.268753 1.462500 
140769351087465 -57.675003 86.437500 1.125000 
140769371087465 -58.331253 86.737503 0.562500 
140769391087465 -58.931252 86.793755 -0.187500 
140769411087465 -59.606251 86.681252 -0.825000 
140769431087465 -60.562504 86.681252 -1.031250 
140769451087465 -61.106251 86.943756 -1.087500 
140769471087465 -61.537502 87.393753 -1.012500 
140769491087465 -61.687504 87.750000 -0.225000 
140769511087465 -61.012501 87.900002 0.562500 
140769531087465 -60.525002 88.181252 1.368750 
140769551087465 -59.812504 88.331253 2.287500 
140769571087465 -59.100002 88.537506 2.887500 
140769591087465 -58.200001 88.425003 2.981250 
140769611087465 -57.450001 88.350006 2.887500 
140769631087465 -56.662502 87.956253 2.737500 
140769651087465 -56.100002 87.562500 2.268750 
140769671087465 -56.231251 87.131256 1.275000 
140769691087465 -56.306252 86.418755 0.281250 
140769711087465 -56.325001 86.062500 -0.750000 
140769731087465 -56.306252 85.556252 -1.668750 
140769751087465 -56.212502 85.293755 -2.287500 
140769771087465 -55.950001 84.731255 -3.187500 
140769791087465 -55.743752 84.562500 -3.993750 
140769811087465 -55.706253 84.131256 -4.781250 
140769831087465 -55.612503 83.812500 -5.006250 
140769851087465 -55.050003 83.868752 -5.193750 
140769871087465 -55.143753 83.812500 -5.100000 
140769891087465 -55.200001 83.812500 -5.212500 
140769911087465 -55.256252 83.831253 -5.250000 
140769931087465 -55.293751 84.093750 -4.968750 
140769951087465 -55.631252 84.206253 -4.593750 
140769971087465 -55.612503 84.562500 -4.181250 
140769991087465 -55.856251 84.937500 -3.712500 
140770011087465 -56.381252 84.956253 -3.450000 
140770031087465 -56.475002 85.050003 -3.487500 
140770051087465 -56.531254 85.237503 -3.300000 
140770071087465 -56.475002 85.387505 -3.393750 
140770091087465 -56.681252 85.293755 -3.487500 
140770111087465 -56.643753 85.443756 -3.618750 
140770131087465 -56.681252 85.368752 -3.881250 
140770151087465 -56.718754 85.425003 -4.218750 
140770171087465 -56.793751 85.612503 -4.293750 
140770191087465 -57.243752 85.837502 -4.200000 
140770211087465 -57.750004 86.268753 -4.162500 
140770231087465 -58.443752 86.568756 -3.918750 
140770251087465 -58.950001 86.962502 -3.693750 
140770271087465 -59.418751 87.225006 -3.300000 
140770291087465 -59.981251 87.581253 -3.037500 
140770311087465 -60.300003 87.843750 -2.718750 
140770331087465 -60.562504 87.993752 -2.343750 
140770351087465 -60.787502 88.200005 -2.100000 
140770371087465 -60.843754 87.993752 -1.687500 
140770391087465 -61.125004 88.106255 -1.406250 
140770411087465 -61.293751 88.237503 -0.862500 
140770431087465 -61.593754 88.443756 -0.562500 
140770451087465 -61.837502 88.725006 -0.018750 
140770471087465 -61.500004 88.725006 0.150000 
140770491087465 -61.350002 88.875000 0.150000 
140770511087465 -60.600002 88.687500 0.131250 
140770531087465 -59.868752 88.725006 -0.056250 
140770551087465 -59.137501 88.368752 -0.262500 
140770571087465 -58.875004 87.768753 -1.162500 
140770591087465 -58.818752 86.962502 -2.212500 
140770611087465 -58.537502 86.418755 -3.393750 
140770631087465 -58.893753 86.062500 -4.237500 
140770651087465 -59.250004 85.668755 -5.043750 
140770671087465 -59.493752 85.350006 -5.737500 
140770691087465 -59.850002 84.993752 -6.506250 
140770711087465 -59.662502 84.843750 -7.068750 
140770731087465 -59.250004 85.087502 -7.087500 
140770751087465 -58.462502 85.125000 -6.993750 
140770771087465 -57.750004 85.050003 -6.768750 
140770791087465 -56.775002 85.050003 -6.412500 
140770811087465 -55.800003 84.825005 -6.337500 
140770831087465 -54.975002 84.637505 -6.206250 
140770851087465 -54.393753 84.543755 -6.056250 
140770871087465 -54.056252 84.525002 -5.756250 
140770891087465 -53.662502 84.543755 -5.700000 
140770911087465 -53.437504 84.525002 -5.550000 
140770931087465 -53.568752 84.806252 -5.118750 
140770951087465 -53.700001 85.031250 -4.800000 
140770971087465 -53.981251 85.687500 -4.237500 
140770991087465 -54.506252 86.325005 -3.750000 
140771011087465 -54.693752 86.737503 -3.056250 
140771031087465 -54.806252 87.112503 -2.793750 
140771051087465 -54.993752 87.225006 -2.400000 
140771071087465 -55.087502 87.675003 -2.212500 
140771091087465 -54.956253 87.581253 -2.400000 
140771111087465 -55.087502 87.543755 -2.625000 
140771131087465 -55.200001 87.600006 -2.831250 
140771151087465 -55.312504 87.600006 -2.568750 
140771171087465 -55.443752 87.787506 -2.531250 
140771191087465 -55.893753 88.068756 -2.118750 
140771211087465 -56.193752 88.556252 -1.950000 
140771231087465 -56.475002 88.931252 -1.406250 
140771251087465 -56.756252 89.475006 -0.843750 
140771271087465 -57.150002 89.700005 -0.393750 
140771291087465 -57.300003 89.775002 -0.093750 
140771311087465 -57.525002 90.037506 -0.412500 
140771331087465 -57.975002 90.075005 -0.731250 
140771351087465 -58.237503 90.168755 -1.312500 
140771371087465 -58.800003 90.131256 -1.518750 
140771391087465 -59.325001 89.943756 -1.987500 
140771411087465 -59.943752 89.943756 -2.100000 
140771431087465 -60.412502 90.206253 -2.250000 
140771451087465 -60.918751 90.468750 -2.343750 
140771471087465 -61.143753 90.468750 -2.250000 
140771491087465 -61.031254 90.375000 -2.456250 
140771511087465 -60.937504 90.281250 -2.400000 
140771531087465 -60.337502 90.131256 -2.925000 
140771551087465 -59.812504 90.056252 -3.525000 
140771571087465 -59.568752 89.793755 -4.743750 
140771591087465 -59.625004 89.325005 -6.018750 
140771611087465 -59.737503 88.706253 -7.106250 
140771631087465 -60.187504 88.425003 -7.950000 
140771651087465 -60.693752 88.387505 -8.756250 
140771671087465 -61.106251 88.068756 -9.937500 
140771691087465 -61.312504 87.618752 -10.650001 
140771711087465 -61.350002 87.225006 -11.418751 
140771731087465 -60.956253 86.925003 -11.606251 
140771751087465 -59.981251 86.793755 -11.531250 
140771771087465 -58.950001 86.568756 -11.475000 
140771791087465 -57.937504 86.343750 -11.531250 
140771811087465 -56.981251 86.118752 -11.137501 
140771831087465 -56.025002 85.987503 -10.950001 
140771851087465 -55.537502 86.043755 -10.500000 
140771871087465 -55.275002 86.156250 -9.937500 
140771891087465 -54.881252 86.512505 -9.468750 
140771911087465 -54.975002 86.606255 -9.187500 
140771931087465 -54.900002 87.168755 -8.850000 
140771951087465 -55.012501 87.506256 -8.175000 
140771971087465 -55.293751 87.975006 -7.743750 
140771991087465 -55.612503 88.556252 -7.087500 
140772011087465 -56.118752 88.837502 -6.862500 
140772031087465 -56.606251 89.118752 -6.637500 
140772051087465 -57.431252 89.156250 -6.675000 
140772071087465 -58.143753 89.493752 -6.637500 
140772091087465 -58.856251 89.343750 -6.712500 
140772111087465 -59.643753 89.437500 -7.050000 
140772131087465 -60.168751 89.606255 -6.900000 
140772151087465 -60.712502 90.000000 -6.150000 
140772171087465 -61.218754 90.618752 -5.118750 
140772191087465 -61.462502 91.256256 -3.956250 
140772211087465 -61.556252 91.950005 -2.512500 
140772231087465 -61.593754 92.418755 -0.975000 
140772251087465 -61.687504 93.056252 0.656250 
140772271087465 -61.387501 93.562500 2.118750 
140772291087465 -61.518753 94.087502 2.925000 
140772311087465 -61.762501 94.181252 3.506250 
140772331087465 -62.025002 94.275002 3.600000 
140772351087465 -62.400002 94.143753 3.862500 
140772371087465 -62.887501 94.087502 3.975000 
140772391087465 -63.337502 94.368752 4.068750 
140772411087465 -63.900002 94.575005 4.143750 
140772431087465 -64.443756 94.800003 4.462500 
140772451087465 -64.368752 94.368752 4.837500 
140772471087465 -64.181252 94.237503 4.818750 
140772491087465 -63.618752 93.937500 4.968750 
140772511087465 -63.262501 93.825005 4.800000 
140772531087465 -62.850002 93.487503 4.312500 
140772551087465 -62.643753 92.831253 3.525000 
140772571087465 -62.493752 92.193756 2.231250 
140772591087465 -62.493752 91.237503 0.600000 
140772611087465 -63.131252 90.750000 -0.881250 
140772631087465 -63.825001 90.056252 -2.212500 
140772651087465 -64.706253 89.606255 -3.450000 
140772671087465 -65.381256 89.137505 -4.631250 
140772691087465 -65.643753 88.800003 -5.437500 
140772711087465 -65.531250 88.406250 -5.868750 
140772731087465 -64.912506 88.050003 -5.812500 
140772751087465 -64.387505 88.068756 -5.456250 
140772771087465 -63.450001 87.975006 -5.025000 
140772791087465 -62.381252 87.993752 -4.837500 
140772811087465 -61.387501 88.012505 -4.462500 
140772831087465 -60.487503 88.050003 -3.993750 
140772851087465 -59.943752 87.768753 -3.600000 
140772871087465 -59.587502 87.731255 -3.318750 
140772891087465 -59.493752 87.787506 -3.168750 
140772911087465 -59.287502 87.675003 -2.943750 
140772931087465 -59.025002 87.731255 -2.906250 
140772951087465 -58.987503 87.543755 -2.043750 
140772971087465 -58.875004 87.806252 -1.275000 
140772991087465 -58.931252 87.918755 -0.656250 
140773011087465 -59.006252 88.237503 -0.056250 
140773031087465 -59.287502 88.462502 0.318750 
140773051087465 -59.475002 88.331253 0.468750 
140773071087465 -59.718754 88.350006 0.468750 
140773091087465 -59.775002 88.256256 0.525000 
140773111087465 -59.906254 88.406250 0.431250 
140773131087465 -60.168751 88.106255 0.281250 
140773151087465 -60.243752 88.068756 0.356250 
140773171087465 -60.431252 88.237503 0.675000 
140773191087465 -60.168751 88.312500 1.350000 
140773211087465 -60.468754 88.687500 2.587500 
140773231087465 -60.637501 88.912506 3.731250 
140773251087465 -61.331253 89.137505 4.518750 
140773271087465 -61.837502 89.343750 4.968750 
140773291087465 -62.512501 89.475006 5.156250 
140773311087465 -63.206253 89.287506 5.081250 
140773331087465 -64.068756 89.175003 5.081250 
140773351087465 -65.175003 89.118752 5.137500 
140773371087465 -65.962502 89.006256 4.893750 
140773391087465 -66.693756 89.025002 4.743750 
140773411087465 -67.350006 88.912506 5.025000 
140773431087465 -68.006256 88.631256 5.006250 
140773451087465 -68.025002 88.256256 4.781250 
140773471087465 -67.875000 88.125000 4.725000 
140773491087465 -67.200005 87.543755 4.312500 
140773511087465 -66.262505 86.850006 3.543750 
140773531087465 -65.287506 86.156250 2.512500 
140773551087465 -64.706253 85.481255 1.237500 
140773571087465 -64.162506 84.768753 -0.131250 
140773591087465 -63.768753 84.262505 -1.031250 
140773611087465 -63.993752 83.850006 -1.762500 
140773631087465 -64.143753 83.437500 -2.643750 
140773651087465 -64.293755 82.968750 -3.543750 
140773671087465 -64.406250 82.856255 -3.918750 
140773691087465 -64.350006 82.425003 -4.200000 
140773711087465 -63.731251 81.862503 -4.350000 
140773731087465 -62.868752 81.412506 -4.218750 
140773751087465 -61.856251 81.000000 -4.237500 
140773771087465 -60.693752 80.625000 -4.237500 
140773791087465 -59.718754 79.912506 -4.125000 
140773811087465 -58.856251 79.631256 -3.768750 
140773831087465 -58.125004 79.293755 -3.637500 
140773851087465 -57.637501 79.237503 -3.375000 
140773871087465 -57.375004 79.387505 -2.850000 
140773891087465 -57.262501 79.575005 -2.662500 
140773911087465 -57.131252 79.650002 -2.437500 
140773931087465 -57.000004 79.931252 -1.987500 
140773951087465 -57.131252 80.268753 -1.706250 
140773971087465 -57.225002 80.587502 -1.518750 
140773991087465 -57.468754 80.662506 -1.537500 
140774011087465 -57.468754 80.850006 -1.687500 
140774031087465 -57.206253 80.943756 -1.856250 
140774051087465 -57.262501 81.187500 -1.912500 
140774071087465 -57.243752 81.356255 -2.137500 
140774091087465 -57.131252 81.562500 -2.100000 
140774111087465 -57.187504 82.012505 -1.687500 
140774131087465 -57.525002 82.387505 -1.143750 
140774151087465 -58.125004 83.062500 -0.450000 
140774171087465 -58.818752 83.868752 0.262500 
140774191087465 -59.793751 84.506256 0.768750 
140774211087465 -60.562504 84.806252 1.031250 
140774231087465 -61.631252 85.200005 1.387500 
140774251087465 -62.737503 85.537506 1.575000 
140774271087465 -63.750004 85.800003 1.556250 
140774291087465 -64.556252 86.156250 1.575000 
140774311087465 -65.137505 86.362503 1.500000 
140774331087465 -65.512505 86.475006 1.612500 
140774351087465 -65.887505 86.643753 1.650000 
140774371087465 -65.587502 86.812500 2.006250 
140774391087465 -64.987503 86.981255 2.418750 
140774411087465 -64.237503 86.943756 2.737500 
140774431087465 -63.243752 87.093750 2.812500 
140774451087465 -62.287502 86.606255 2.587500 
140774471087465 -61.256252 86.062500 1.875000 
140774491087465 -60.712502 85.350006 0.787500 
140774511087465 -60.581253 84.450005 -0.337500 
140774531087465 -60.937504 84.056252 -1.575000 
140774551087465 -61.331253 83.625000 -2.681250 
140774571087465 -61.743752 82.987503 -3.825000 
140774591087465 -61.875004 82.293755 -4.818750 
140774611087465 -61.762501 81.918755 -5.681250 
140774631087465 -61.800003 81.825005 -6.112500 
140774651087465 -61.200001 81.468750 -5.793750 
140774671087465 -60.393753 81.581253 -5.381250 
140774691087465 -59.268753 81.187500 -5.118750 
140774711087465 -58.406254 80.925003 -5.043750 
140774731087465 -57.506252 80.756256 -4.875000 
140774751087465 -56.606251 80.475006 -4.668750 
140774771087465 -55.800003 80.456253 -4.481250 
140774791087465 -55.125004 80.062500 -4.162500 
140774811087465 -54.656254 80.193756 -4.256250 
140774831087465 -54.000004 79.893753 -4.368750 
140774851087465 -53.550003 79.762505 -4.275000 
140774871087465 -53.081253 79.518753 -4.275000 
140774891087465 -52.781254 79.275002 -4.387500 
140774911087465 -52.800003 78.881256 -4.687500 
140774931087465 -53.137501 78.750000 -4.950000 
140774951087465 -53.343754 78.600006 -5.475000 
140774971087465 -53.812504 78.112503 -6.000000 
140774991087465 -54.318752 77.868752 -6.675000 
140775011087465 -55.181252 77.568756 -7.237500 
140775031087465 -55.462502 77.475006 -7.443750 
140775051087465 -55.593754 77.925003 -7.087500 
140775071087465 -55.837502 78.656250 -6.243750 
140775091087465 -55.875004 78.918755 -5.212500 
140775111087465 -55.743752 79.481255 -3.506250 
140775131087465 -55.406254 80.343750 -1.893750 
140775151087465 -55.068752 81.037506 0.093750 
140775171087465 -54.412502 81.918755 1.668750 
140775191087465 -54.431252 82.462502 2.831250 
140775211087465 -54.525002 82.687500 3.243750 
140775231087465 -54.543751 82.368752 3.300000 
140775251087465 -54.693752 82.518753 2.887500 
140775271087465 -55.331253 82.593750 1.950000 
140775291087465 -56.193752 82.481255 0.993750 
140775311087465 -57.037502 82.668755 0.356250 
140775331087465 -57.825001 82.631256 -0.131250 
140775351087465 -57.993752 82.668755 -0.131250 
140775371087465 -57.825001 82.781250 -0.018750 
140775391087465 -57.750004 83.306252 0.168750 
140775411087465 -57.562504 83.175003 0.431250 
140775431087465 -57.075001 82.743752 0.393750 
140775451087465 -56.568752 82.237503 0.093750 
140775471087465 -55.931252 81.468750 -1.050000 
140775491087465 -55.443752 80.437500 -2.400000 
140775511087465 -55.350002 79.275002 -4.500000 
140775531087465 -55.668751 78.150002 -6.225000 
140775551087465 -55.762501 77.006256 -7.893750 
140775571087465 -55.875004 76.200005 -9.318750 
140775591087465 -55.781254 75.768753 -10.331250 
140775611087465 -55.387501 75.431252 -10.725000 
140775631087465 -54.900002 75.468750 -10.162500 
140775651087465 -54.375004 75.750000 -9.431251 
140775671087465 -53.831253 76.350006 -8.175000 
140775691087465 -52.912502 76.800003 -7.068750 
140775711087465 -52.368752 77.325005 -6.056250 
140775731087465 -51.731251 77.868752 -5.043750 
140775751087465 -51.168751 78.262505 -4.143750 
140775771087465 -50.962502 78.543755 -4.125000 
140775791087465 -51.412502 78.393753 -4.875000 
140775811087465 -51.956253 78.393753 -5.587500 
140775831087465 -52.443752 78.431252 -6.131250 
140775851087465 -53.381252 78.731255 -6.412500 
140775871087465 -54.000004 78.993752 -6.150000 
140775891087465 -54.525002 79.256256 -5.737500 
140775911087465 -54.937504 79.575005 -5.325000 
140775931087465 -55.218754 79.968750 -4.312500 
140775951087465 -55.143753 80.568756 -3.468750 
140775971087465 -55.125004 81.150002 -2.381250 
140775991087465 -55.443752 81.600006 -1.743750 
140776011087465 -55.481251 81.618752 -1.443750 
140776031087465 -55.537502 81.712502 -1.837500 
140776051087465 -55.781254 81.768753 -2.325000 
140776071087465 -56.193752 82.162506 -2.325000 
140776091087465 -56.493752 82.518753 -2.306250 
140776111087465 -56.775002 82.743752 -1.912500 
140776131087465 -56.887501 82.856255 -1.818750 
140776151087465 -56.700001 82.856255 -2.043750 
140776171087465 -56.906254 82.837502 -2.493750 
140776191087465 -57.018753 82.218750 -3.262500 
140776211087465 -57.431252 81.712502 -4.368750 
140776231087465 -57.900002 80.606255 -5.887500 
140776251087465 -58.350002 79.425003 -7.500000 
140776271087465 -58.781254 78.356255 -9.056251 
140776291087465 -58.931252 77.587502 -10.218750 
140776311087465 -58.987503 77.043755 -11.006250 
140776331087465 -58.837502 76.762505 -11.400001 
140776351087465 -58.481251 77.043755 -11.193750 
140776371087465 -57.731251 77.400002 -10.668751 
140776391087465 -57.112503 77.962502 -9.937500 
140776411087465 -56.456253 78.562500 -9.131250 
140776431087465 -56.193752 79.237503 -8.268750 
140776451087465 -56.456253 79.425003 -8.025001 
140776471087465 -57.300003 79.668755 -7.912500 
140776491087465 -58.612503 79.443756 -8.156250 
140776511087465 -60.093754 79.368752 -8.681251 
140776531087465 -61.368752 79.462502 -8.756250 
140776551087465 -62.025002 79.575005 -8.737500 
140776571087465 -62.475002 79.950005 -8.268750 
140776591087465 -62.343754 80.362503 -7.312500 
140776611087465 -61.762501 81.131256 -5.643750 
140776631087465 -61.031254 81.731255 -3.468750 
140776651087465 -59.587502 82.875000 -1.218750 
140776671087465 -58.425003 83.925003 1.031250 
140776691087465 -57.581253 84.393753 2.550000 
140776711087465 -57.412502 84.956253 3.543750 
140776731087465 -57.937504 85.387505 4.181250 
140776751087465 -58.631252 85.668755 4.087500 
140776771087465 -59.662502 85.762505 3.600000 
140776791087465 -61.050003 86.081253 2.775000 
140776811087465 -62.400002 86.081253 2.175000 
140776831087465 -63.150002 85.818756 1.350000 
140776851087465 -63.543751 85.725006 0.656250 
140776871087465 -63.375004 85.350006 0.075000 
140776891087465 -62.925003 84.900002 -0.693750 
140776911087465 -62.643753 84.356255 -1.631250 
140776931087465 -62.456253 83.568756 -2.718750 
140776951087465 -61.875004 82.368752 -4.331250 
140776971087465 -61.743752 80.943756 -6.431250 
140776991087465 -62.025002 79.650002 -8.287500 
140777011087465 -62.756252 78.656250 -9.918751 
140777031087465 -63.768753 77.925003 -11.137501 
140777051087465 -64.275002 77.325005 -12.150001 
140777071087465 -64.537506 76.875000 -12.993751 
140777091087465 -64.293755 76.668755 -13.368751 
140777111087465 -63.993752 76.931252 -13.050000 
140777131087465 -63.318752 77.325005 -12.375001 
140777151087465 -62.606251 78.093750 -11.306251 
140777171087465 -61.668751 78.675003 -10.575001 
140777191087465 -60.787502 79.087502 -9.862500 
140777211087465 -60.712502 79.462502 -9.225000 
140777231087465 -61.068752 79.781250 -8.700001 
140777251087465 -62.156254 80.156250 -8.437500 
140777271087465 -63.150002 80.268753 -8.681251 
140777291087465 -63.543751 80.587502 -8.531250 
140777311087465 -63.637501 80.718750 -8.043751 
140777331087465 -63.768753 81.150002 -7.218750 
140777351087465 -63.731251 81.543755 -6.487500 
140777371087465 -63.150002 82.162506 -5.418750 
140777391087465 -62.212502 82.875000 -4.106250 
140777411087465 -60.750004 83.550003 -2.700000 
140777431087465 -59.587502 84.168755 -1.143750 
140777451087465 -59.137501 84.843750 -0.056250 
140777471087465 -58.987503 85.275002 0.150000 
140777491087465 -59.006252 85.200005 0.131250 
140777511087465 -59.362503 85.143753 -0.168750 
140777531087465 -59.868752 84.975006 -0.618750 
140777551087465 -60.431252 85.031250 -0.618750 
140777571087465 -60.525002 85.050003 -0.562500 
140777591087465 -60.075001 85.125000 -0.581250 
140777611087465 -59.925003 84.975006 -0.806250 
140777631087465 -60.018753 84.506256 -1.312500 
140777651087465 -60.356251 83.981255 -2.118750 
140777671087465 -61.068752 83.550003 -3.262500 
140777691087465 -62.006252 83.137505 -4.481250 
140777711087465 -62.737503 82.481255 -6.000000 
140777731087465 -63.825001 82.031250 -7.631250 
140777751087465 -64.931252 81.618752 -8.756250 
140777771087465 -65.643753 81.243752 -9.562500 
140777791087465 -66.112503 81.187500 -9.768750 
140777811087465 -66.037506 81.506256 -9.693750 
140777831087465 -65.531250 81.843750 -9.037500 
140777851087465 -64.762505 81.993752 -8.287500 
140777871087465 -64.087502 81.975006 -7.631250 
140777891087465 -63.562504 82.031250 -6.862500 
140777911087465 -63.337502 82.106255 -6.187500 
140777931087465 -63.731251 82.518753 -5.887500 
140777951087465 -64.875000 82.781250 -5.681250 
140777971087465 -66.187500 82.781250 -5.493750 
140777991087465 -66.750000 82.800003 -5.325000 
140778011087465 -66.712502 82.912506 -5.268750 
140778031087465 -66.262505 83.268753 -4.781250 
140778051087465 -65.568756 83.531250 -4.087500 
140778071087465 -64.687500 83.775002 -2.906250 
140778091087465 -63.356251 83.812500 -1.668750 
140778111087465 -61.181252 84.093750 -0.431250 
140778131087465 -59.287502 84.356255 0.712500 
140778151087465 -58.387501 84.881256 1.743750 
140778171087465 -58.181252 85.068756 2.512500 
140778191087465 -58.856251 85.275002 2.568750 
140778211087465 -59.606251 85.106255 2.250000 
140778231087465 -60.487503 85.012505 1.443750 
140778251087465 -61.481251 85.181252 1.256250 
140778271087465 -62.287502 85.256256 1.443750 
140778291087465 -62.475002 85.481255 1.425000 
140778311087465 -62.250004 85.312500 1.293750 
140778331087465 -62.118752 85.068756 0.937500 
140778351087465 -61.968754 84.693756 0.600000 
140778371087465 -62.100002 84.262505 -0.337500 
140778391087465 -62.568752 83.550003 -1.781250 
140778411087465 -63.356251 82.762505 -3.600000 
140778431087465 -64.350006 82.106255 -5.550000 
140778451087465 -65.568756 81.300003 -7.125000 
140778471087465 -66.731255 80.643753 -8.362500 
140778491087465 -67.350006 80.212502 -9.562500 
140778511087465 -67.556252 79.781250 -10.275001 
140778531087465 -67.612503 79.631256 -10.425000 
140778551087465 -67.125000 79.725006 -10.275001 
140778571087465 -65.925003 79.837502 -9.468750 
140778591087465 -64.743752 80.006256 -8.662500 
140778611087465 -63.712502 80.231255 -7.837500 
140778631087465 -63.356251 80.456253 -7.387500 
140778651087465 -64.031250 80.906250 -6.487500 
140778671087465 -64.687500 81.243752 -5.925000 
140778691087465 -64.987503 81.656250 -5.362500 
140778711087465 -64.856255 82.237503 -4.125000 
140778731087465 -64.781250 82.706253 -3.262500 
140778751087465 -64.331253 82.968750 -2.043750 
140778771087465 -63.843754 83.437500 -0.618750 
140778791087465 -62.962502 83.943756 0.956250 
140778811087465 -61.481251 84.075005 2.250000 
140778831087465 -59.943752 84.412506 3.393750 
140778851087465 -58.931252 84.637505 4.331250 
140778871087465 -58.556252 84.712502 4.856250 
140778891087465 -58.312504 84.618752 5.043750 
140778911087465 -58.387501 84.525002 4.462500 
140778931087465 -58.350002 84.206253 3.300000 
140778951087465 -58.706253 83.981255 2.231250 
140778971087465 -59.100002 83.906250 1.518750 
140778991087465 -59.137501 83.737503 1.181250 
140779011087465 -58.856251 83.512505 0.806250 
140779031087465 -58.668751 83.193756 0.393750 
140779051087465 -58.818752 83.025002 -0.487500 
140779071087465 -59.231251 82.387505 -1.612500 
140779091087465 -60.112503 82.031250 -2.287500 
140779111087465 -60.656254 81.712502 -3.112500 
140779131087465 -60.900002 81.468750 -4.218750 
140779151087465 -61.668751 80.962502 -5.418750 
140779171087465 -62.137501 80.418755 -6.393750 
140779191087465 -62.437504 80.137505 -7.650000 
140779211087465 -62.437504 79.781250 -8.268750 
140779231087465 -62.456253 79.931252 -8.231251 
140779251087465 -61.912502 79.818756 -8.100000 
140779271087465 -60.956253 79.631256 -8.025001 
140779291087465 -60.506252 79.350006 -7.668750 
140779311087465 -60.093754 79.537506 -7.406250 
140779331087465 -60.112503 79.837502 -6.975000 
140779351087465 -60.225002 79.968750 -6.450000 
140779371087465 -60.581253 80.231255 -6.093750 
140779391087465 -61.200001 80.456253 -5.831250 
140779411087465 -62.025002 80.775002 -5.775000 
140779431087465 -62.212502 81.075005 -5.137500 
140779451087465 -61.706253 81.656250 -4.256250 
140779471087465 -61.143753 81.900002 -3.318750 
140779491087465 -60.131252 82.350006 -2.287500 
140779511087465 -59.156254 82.687500 -1.068750 
140779531087465 -57.956253 82.893753 0.056250 
140779551087465 -56.475002 83.137505 0.975000 
140779571087465 -55.350002 83.287506 1.631250 
140779591087465 -55.181252 83.531250 1.912500 
140779611087465 -55.368752 83.381256 1.650000 
140779631087465 -55.631252 83.381256 1.406250 
140779651087465 -56.550003 83.343750 0.825000 
140779671087465 -57.150002 83.531250 0.750000 
140779691087465 -57.412502 83.568756 1.087500 
140779711087465 -57.281254 83.418755 1.518750 
140779731087465 -56.718754 83.437500 1.968750 
140779751087465 -56.381252 83.006256 1.631250 
140779771087465 -55.893753 82.612503 0.937500 
140779791087465 -55.481251 81.993752 -0.037500 
140779811087465 -55.087502 81.281250 -1.031250 
140779831087465 -55.237503 80.287506 -2.756250 
140779851087465 -56.025002 79.593750 -4.743750 
140779871087465 -57.206253 79.368752 -6.393750 
140779891087465 -58.331253 78.956253 -7.762500 
140779911087465 -59.193752 78.825005 -8.643750 
140779931087465 -60.356251 78.675003 -9.262501 
140779951087465 -61.293751 78.806252 -9.543751 
140779971087465 -61.612503 78.881256 -9.618751 
140779991087465 -61.425003 79.031250 -9.281250 
140780011087465 -61.012501 79.125000 -9.037500 
140780031087465 -60.750004 79.125000 -8.868751 
140780051087465 -60.600002 79.181252 -8.775001 
140780071087465 -60.956253 79.125000 -8.737500 
140780091087465 -61.743752 79.462502 -8.681251 
140780111087465 -62.400002 79.987503 -8.362500 
140780131087465 -63.000004 80.362503 -8.081250 
140780151087465 -63.093754 80.887505 -7.687500 
140780171087465 -62.700001 81.356255 -6.918750 
140780191087465 -61.875004 81.693756 -6.018750 
140780211087465 -60.900002 82.012505 -4.931250 
140780231087465 -59.456253 82.537506 -3.562500 
140780251087465 -57.768753 82.631256 -2.025000 
140780271087465 -56.362503 82.762505 -0.787500 
140780291087465 -55.425003 83.043755 0.150000 
140780311087465 -55.200001 83.175003 0.806250 
140780331087465 -55.518753 83.362503 0.881250 
140780351087465 -56.006252 83.643753 0.862500 
140780371087465 -56.756252 84.168755 0.900000 
140780391087465 -57.168751 84.337502 1.087500 
140780411087465 -57.056252 84.506256 1.068750 
140780431087465 -56.625004 84.150002 0.843750 
140780451087465 -55.950001 83.662506 0.412500 
140780471087465 -55.743752 83.081253 -0.337500 
140780491087465 -55.743752 82.368752 -1.031250 
140780511087465 -55.893753 81.618752 -2.193750 
140780531087465 -56.025002 80.625000 -3.525000 
140780551087465 -56.643753 80.062500 -4.893750 
140780571087465 -57.150002 79.818756 -6.018750 
140780591087465 -58.031254 79.500000 -6.918750 
140780611087465 -58.968754 79.518753 -7.237500 
140780631087465 -59.568752 79.912506 -7.331250 
140780651087465 -59.643753 80.381256 -7.293750 
140780671087465 -59.531254 80.493752 -6.637500 
140780691087465 -59.006252 80.831253 -6.000000 
140780711087465 -58.350002 81.037506 -5.531250 
140780731087465 -58.275002 81.225006 -5.156250 
140780751087465 -58.143753 81.562500 -4.762500 
140780771087465 -58.218754 81.918755 -4.500000 
140780791087465 -58.443752 82.162506 -4.068750 
140780811087465 -59.325001 82.031250 -3.543750 
140780831087465 -60.131252 82.481255 -3.450000 
140780851087465 -60.600002 82.725006 -3.206250 
140780871087465 -60.450001 82.818756 -2.625000 
140780891087465 -59.756252 82.762505 -1.631250 
140780911087465 -58.837502 82.800003 -0.562500 
140780931087465 -57.750004 82.612503 0.487500 
140780951087465 -56.700001 82.575005 1.350000 
140780971087465 -55.256252 82.875000 2.043750 
140780991087465 -54.150002 82.875000 2.925000 
140781011087465 -53.512501 82.950005 3.525000 
140781031087465 -53.531254 82.950005 3.712500 
140781051087465 -53.775002 83.193756 3.431250 
140781071087465 -54.281254 83.325005 2.925000 
140781091087465 -55.068752 83.456253 2.625000 
140781111087465 -55.593754 83.493752 2.700000 
140781131087465 -55.875004 83.493752 2.531250 
140781151087465 -55.668751 83.175003 2.231250 
140781171087465 -55.668751 82.631256 1.443750 
140781191087465 -55.800003 82.237503 0.506250 
140781211087465 -56.362503 81.581253 -0.693750 
140781231087465 -56.981251 81.037506 -1.837500 
140781251087465 -57.487503 80.587502 -3.112500 
140781271087465 -58.012501 80.025002 -4.837500 
140781291087465 -58.612503 79.518753 -6.150000 
140781311087465 -59.400002 79.293755 -7.312500 
140781331087465 -60.093754 79.256256 -7.987500 
140781351087465 -60.543751 79.275002 -8.287500 
140781371087465 -60.581253 79.331253 -8.287500 
140781391087465 -60.412502 79.387505 -7.987500 
140781411087465 -60.018753 79.275002 -7.481250 
140781431087465 -59.793751 79.481255 -7.106250 
140781451087465 -59.850002 79.481255 -6.656250 
140781471087465 -60.300003 79.500000 -6.356250 
140781491087465 -61.237503 79.668755 -6.131250 
140781511087465 -62.718754 79.706253 -6.468750 
140781531087465 -63.806252 79.931252 -6.468750 
140781551087465 -64.368752 80.175003 -6.731250 
140781571087465 -64.687500 80.400002 -6.712500 
140781591087465 -64.500000 80.550003 -6.131250 
140781611087465 -63.731251 81.093750 -5.212500 
140781631087465 -62.793751 81.618752 -3.993750 
140781651087465 -61.162502 81.937500 -2.512500 
140781671087465 -59.137501 82.462502 -0.637500 
140781691087465 -57.843754 82.781250 0.562500 
140781711087465 -57.056252 83.137505 2.025000 
140781731087465 -56.718754 83.643753 2.831250 
140781751087465 -56.625004 83.681252 3.018750 
140781771087465 -57.093754 83.550003 2.681250 
140781791087465 -57.300003 83.625000 2.100000 
140781811087465 -58.275002 83.700005 1.650000 
140781831087465 -58.481251 83.718750 1.462500 
140781851087465 -58.031254 83.475006 1.143750 
140781871087465 -57.618752 83.137505 0.393750 
140781891087465 -57.187504 82.387505 -0.600000 
140781911087465 -56.981251 81.768753 -1.612500 
140781931087465 -56.887501 81.037506 -3.037500 
140781951087465 -57.450001 80.006256 -4.837500 
140781971087465 -57.581253 78.993752 -6.487500 
140781991087465 -58.275002 78.150002 -8.400001 
140782011087465 -59.606251 77.568756 -9.843750 
140782031087465 -60.806252 77.156250 -11.006250 
140782051087465 -61.781254 76.968750 -11.737500 
140782071087465 -62.250004 77.025002 -11.887501 
140782091087465 -62.718754 77.362503 -11.625000 
140782111087465 -62.718754 77.887505 -10.762501 
140782131087465 -62.287502 78.468750 -10.106251 
140782151087465 -62.212502 78.956253 -9.281250 
140782171087465 -62.156254 79.706253 -8.550000 
140782191087465 -62.587502 80.175003 -7.743750 
140782211087465 -63.581253 81.206253 -7.012500 
140782231087465 -64.987503 81.900002 -6.562500 
140782251087465 -65.437500 82.406250 -5.756250 
140782271087465 -65.175003 82.612503 -4.856250 
140782291087465 -64.612503 82.950005 -3.731250 
140782311087465 -63.318752 83.343750 -2.418750 
140782331087465 -61.818752 83.325005 -0.750000 
140782351087465 -59.793751 83.531250 0.881250 
140782371087465 -57.656254 83.493752 2.212500 
140782391087465 -55.425003 83.512505 3.618750 
140782411087465 -54.075001 83.493752 4.425000 
140782431087465 -53.568752 83.793755 4.856250 
140782451087465 -53.587502 83.775002 4.743750 
140782471087465 -53.831253 83.587502 4.237500 
140782491087465 -54.318752 83.587502 3.243750 
140782511087465 -55.031254 83.531250 2.175000 
140782531087465 -55.425003 83.475006 1.893750 
140782551087465 -55.425003 83.343750 1.668750 
140782571087465 -55.218754 83.250000 1.387500 
140782591087465 -54.525002 82.743752 0.806250 
140782611087465 -54.300003 82.293755 0.131250 
140782631087465 -54.712502 81.787506 -1.087500 
140782651087465 -55.275002 81.056252 -2.362500 
140782671087465 -56.062504 80.362503 -3.675000 
140782691087465 -56.906254 79.650002 -5.343750 
140782711087465 -58.162502 79.181252 -6.918750 
140782731087465 -59.193752 78.675003 -8.287500 
140782751087465 -60.393753 78.543755 -9.225000 
140782771087465 -61.237503 78.562500 -9.806251 
140782791087465 -61.743752 78.618752 -9.768750 
140782811087465 -61.331253 79.050003 -9.225000 
140782831087465 -60.581253 79.556252 -8.587501 
140782851087465 -60.075001 79.650002 -7.987500 
140782871087465 -59.418751 79.781250 -7.462500 
140782891087465 -59.081253 80.231255 -6.843750 
140782911087465 -59.456253 80.775002 -6.075000 
140782931087465 -60.206253 81.225006 -5.531250 
140782951087465 -60.750004 81.768753 -4.743750 
140782971087465 -61.293751 82.143753 -4.350000 
140782991087465 -61.387501 82.518753 -3.450000 
140783011087465 -61.031254 83.043755 -2.362500 
140783031087465 -60.806252 83.550003 -1.275000 
140783051087465 -60.037502 83.812500 0.093750 
140783071087465 -58.856251 83.906250 1.256250 
140783091087465 -57.337502 84.037506 2.343750 
140783111087465 -55.968754 83.943756 3.262500 
140783131087465 -55.181252 84.112503 4.068750 
140783151087465 -54.825001 84.131256 4.200000 
140783171087465 -54.693752 84.056252 3.975000 
140783191087465 -54.543751 83.887505 3.412500 
140783211087465 -55.031254 83.812500 2.718750 
140783231087465 -55.181252 83.887505 2.606250 
140783251087465 -54.731251 83.793755 2.437500 
140783271087465 -54.300003 83.793755 2.268750 
140783291087465 -53.887501 83.437500 2.175000 
140783311087465 -53.606251 83.025002 1.837500 
140783331087465 -53.793751 82.593750 0.975000 
140783351087465 -54.300003 81.843750 -0.056250 
140783371087465 -54.956253 81.000000 -1.668750 
140783391087465 -55.687504 80.025002 -3.806250 
140783411087465 -56.868752 79.218750 -5.606250 
140783431087465 -57.675003 78.600006 -7.275000 
140783451087465 -58.387501 78.075005 -8.831250 
140783471087465 -58.818752 77.681252 -9.806251 
140783491087465 -58.556252 77.362503 -10.462501 
140783511087465 -58.181252 77.493752 -10.443750 
140783531087465 -57.281254 77.512505 -9.825001 
140783551087465 -56.418751 77.756256 -8.925000 
140783571087465 -55.706253 78.056252 -8.250000 
140783591087465 -55.425003 78.262505 -7.743750 
140783611087465 -55.275002 78.525002 -7.143750 
140783631087465 -55.631252 78.975006 -6.900000 
140783651087465 -57.056252 79.350006 -6.693750 
140783671087465 -58.443752 79.706253 -6.637500 
140783691087465 -59.212502 80.156250 -6.281250 
140783711087465 -59.718754 80.531250 -5.812500 
140783731087465 -59.775002 80.756256 -4.931250 
140783751087465 -59.456253 81.281250 -3.600000 
140783771087465 -59.081253 81.750000 -2.025000 
140783791087465 -58.125004 82.200005 -0.187500 
140783811087465 -56.512501 82.781250 1.800000 
140783831087465 -54.862503 83.175003 3.712500 
140783851087465 -54.000004 83.756256 4.987500 
140783871087465 -53.587502 84.075005 5.568750 
140783891087465 -53.681252 84.300003 5.587500 
140783911087465 -54.093754 84.093750 4.968750 
140783931087465 -54.543751 83.962502 4.143750 
140783951087465 -54.806252 83.606255 3.693750 
140783971087465 -54.862503 83.287506 2.962500 
140783991087465 -54.693752 82.987503 1.856250 
140784011087465 -54.712502 82.256256 0.712500 
140784031087465 -54.731251 81.543755 -0.693750 
140784051087465 -55.143753 80.793755 -2.062500 
140784071087465 -55.781254 80.100006 -3.731250 
140784091087465 -56.418751 79.481255 -5.231250 
140784111087465 -57.243752 78.862503 -6.900000 
140784131087465 -58.031254 78.581253 -8.081250 
140784151087465 -58.762501 78.131256 -9.131250 
140784171087465 -59.306252 78.000000 -9.768750 
140784191087465 -59.868752 77.868752 -9.768750 
140784211087465 -59.475002 78.037506 -9.525001 
140784231087465 -58.687504 78.525002 -8.550000 
140784251087465 -58.087502 78.806252 -7.668750 
140784271087465 -57.731251 79.350006 -7.012500 
140784291087465 -57.600002 79.462502 -6.393750 
140784311087465 -57.525002 79.912506 -5.625000 
140784331087465 -57.768753 80.493752 -5.137500 
140784351087465 -58.500004 81.168755 -4.537500 
140784371087465 -59.493752 81.787506 -3.956250 
140784391087465 -60.206253 81.993752 -3.337500 
140784411087465 -60.037502 82.462502 -2.606250 
140784431087465 -59.531254 82.481255 -1.518750 
140784451087465 -58.518753 82.687500 -0.281250 
140784471087465 -57.375004 82.818756 1.143750 
140784491087465 -56.100002 82.781250 2.643750 
140784511087465 -54.431252 82.781250 3.731250 
140784531087465 -52.875004 82.856255 4.781250 
140784551087465 -51.975002 83.006256 5.381250 
140784571087465 -51.487503 82.818756 5.606250 
140784591087465 -51.375004 82.968750 5.493750 
140784611087465 -51.581253 83.006256 5.062500 
140784631087465 -52.181252 82.931252 4.537500 
140784651087465 -52.275002 82.931252 4.293750 
140784671087465 -51.918751 82.893753 4.350000 
140784691087465 -51.525002 82.425003 3.975000 
140784711087465 -51.131252 82.106255 3.618750 
140784731087465 -51.506252 81.956253 3.037500 
140784751087465 -52.181252 81.600006 1.856250 
140784771087465 -53.475002 81.356255 0.431250 
140784791087465 -55.031254 81.243752 -0.993750 
140784811087465 -56.850002 81.225006 -2.362500 
140784831087465 -58.743752 81.131256 -4.125000 
140784851087465 -61.068752 81.375000 -5.418750 
140784871087465 -63.000004 81.525002 -6.412500 
140784891087465 -64.200005 81.618752 -7.125000 
140784911087465 -65.043755 81.750000 -7.387500 
140784931087465 -65.175003 81.918755 -7.293750 
140784951087465 -65.156250 81.993752 -6.881250 
140784971087465 -64.950005 81.956253 -6.637500 
140784991087465 -65.006256 82.106255 -5.962500 
140785011087465 -64.800003 82.368752 -5.343750 
140785031087465 -64.950005 82.725006 -5.100000 
140785051087465 -65.681252 82.818756 -4.912500 
140785071087465 -66.825005 83.062500 -4.631250 
140785091087465 -67.575005 83.100006 -4.350000 
140785111087465 -67.443756 83.212502 -4.275000 
140785131087465 -67.068756 83.456253 -4.068750 
140785151087465 -66.431252 83.437500 -3.825000 
140785171087465 -65.231255 83.268753 -3.506250 
140785191087465 -63.750004 83.006256 -2.812500 
140785211087465 -61.912502 83.175003 -2.175000 
140785231087465 -59.700001 83.231255 -1.612500 
140785251087465 -58.143753 83.250000 -1.162500 
140785271087465 -57.187504 83.362503 -0.693750 
140785291087465 -56.887501 83.362503 -0.637500 
140785311087465 -56.850002 83.606255 -0.900000 
140785331087465 -57.187504 83.587502 -1.125000 
140785351087465 -57.768753 83.906250 -0.975000 
140785371087465 -57.975002 84.150002 -0.412500 
140785391087465 -57.956253 84.281250 -0.037500 
140785411087465 -57.731251 84.300003 0.131250 
140785431087465 -57.843754 84.131256 -0.225000 
140785451087465 -58.087502 84.037506 -0.825000 
140785471087465 -58.743752 83.812500 -1.256250 
140785491087465 -59.456253 83.887505 -1.818750 
140785511087465 -60.000004 83.643753 -2.756250 
140785531087465 -60.487503 83.437500 -3.693750 
140785551087465 -61.181252 83.081253 -4.631250 
140785571087465 -61.912502 83.137505 -5.456250 
140785591087465 -62.175003 83.175003 -5.831250 
140785611087465 -62.212502 83.231255 -5.531250 
140785631087465 -61.593754 83.287506 -5.268750 
140785651087465 -60.693752 83.250000 -4.743750 
140785671087465 -59.775002 83.156250 -4.481250 
140785691087465 -59.137501 83.212502 -4.181250 
140785711087465 -58.800003 83.475006 -3.618750 
140785731087465 -58.856251 83.643753 -3.337500 
140785751087465 -59.362503 83.718750 -3.337500 
140785771087465 -59.793751 83.718750 -3.412500 
140785791087465 -60.300003 84.093750 -3.131250 
140785811087465 -60.693752 84.618752 -2.625000 
140785831087465 -60.768753 85.181252 -1.462500 
140785851087465 -60.693752 85.425003 -0.562500 
140785871087465 -60.356251 85.856255 0.243750 
140785891087465 -59.456253 85.987503 1.481250 
140785911087465 -58.312504 86.456253 2.962500 
140785931087465 -57.393753 86.737503 4.256250 
140785951087465 -56.887501 86.568756 5.043750 
140785971087465 -56.812504 86.493752 5.175000 
140785991087465 -57.168751 86.268753 5.175000 
140786011087465 -57.375004 86.381256 5.250000 
140786031087465 -57.937504 86.381256 5.381250 
140786051087465 -58.650002 86.343750 5.681250 
140786071087465 -59.212502 86.118752 5.850000 
140786091087465 -59.325001 85.987503 5.906250 
140786111087465 -59.400002 85.968750 5.531250 
140786131087465 -59.475002 85.650002 5.381250 
140786151087465 -59.775002 85.162506 4.500000 
140786171087465 -60.581253 84.637505 3.375000 
140786191087465 -60.993752 84.000000 2.325000 
140786211087465 -61.462502 83.850006 1.275000 
140786231087465 -61.743752 83.362503 0.018750 
140786251087465 -62.137501 83.043755 -1.143750 
140786271087465 -62.250004 82.387505 -1.781250 
140786291087465 -62.231251 81.806252 -2.362500 
140786311087465 -61.837502 81.675003 -2.550000 
140786331087465 -60.956253 81.243752 -2.850000 
140786351087465 -60.056252 80.962502 -3.168750 
140786371087465 -59.268753 80.381256 -3.618750 
140786391087465 -58.743752 79.912506 -3.900000 
140786411087465 -58.387501 79.556252 -4.200000 
140786431087465 -57.993752 79.500000 -4.218750 
140786451087465 -57.637501 79.650002 -4.331250 
140786471087465 -57.675003 79.593750 -4.275000 
140786491087465 -58.031254 79.743752 -4.087500 
140786511087465 -58.350002 79.893753 -4.050000 
140786531087465 -58.612503 80.081253 -3.975000 
140786551087465 -59.118752 80.362503 -3.806250 
140786571087465 -59.118752 80.418755 -3.750000 
140786591087465 -59.175003 80.606255 -3.618750 
140786611087465 -59.193752 80.493752 -3.750000 
140786631087465 -59.100002 80.606255 -4.031250 
140786651087465 -59.006252 80.512505 -3.843750 
140786671087465 -59.306252 80.568756 -3.637500 
140786691087465 -59.512501 81.037506 -2.981250 
140786711087465 -59.193752 81.375000 -2.231250 
140786731087465 -59.531254 81.900002 -1.200000 
140786751087465 -59.831253 82.425003 -0.150000 
140786771087465 -60.187504 83.062500 1.256250 
140786791087465 -60.375004 83.568756 2.175000 
140786811087465 -60.600002 84.037506 2.850000 
140786831087465 -60.450001 84.431252 3.450000 
140786851087465 -60.356251 84.318756 3.543750 
140786871087465 -60.731251 84.506256 3.318750 
140786891087465 -60.900002 84.431252 3.000000 
140786911087465 -61.125004 84.393753 2.325000 
140786931087465 -61.312504 84.356255 1.650000 
140786951087465 -61.556252 84.412506 1.706250 
140786971087465 -61.575001 84.618752 1.481250 
140786991087465 -61.631252 84.487503 1.481250 
140787011087465 -61.612503 84.431252 1.312500 
140787031087465 -61.293751 84.337502 1.687500 
140787051087465 -60.900002 84.356255 1.706250 
140787071087465 -60.525002 84.056252 1.537500 
140787091087465 -60.093754 83.700005 1.143750 
140787111087465 -60.075001 83.118752 0.262500 
140787131087465 -60.393753 82.406250 -0.843750 
140787151087465 -60.900002 81.993752 -2.306250 
140787171087465 -61.856251 81.487503 -3.581250 
140787191087465 -62.625004 80.793755 -5.212500 
140787211087465 -63.618752 79.893753 -6.525000 
140787231087465 -64.237503 79.443756 -7.687500 
140787251087465 -65.212502 78.975006 -8.587501 
140787271087465 -64.968750 78.543755 -9.206250 
140787291087465 -64.368752 78.225006 -9.318750 
140787311087465 -63.581253 77.831253 -9.393750 
140787331087465 -62.625004 77.625000 -9.225000 
140787351087465 -61.800003 77.400002 -9.225000 
140787371087465 -60.806252 77.587502 -9.206250 
140787391087465 -60.093754 77.418755 -9.000000 
140787411087465 -59.118752 77.306252 -8.868751 
140787431087465 -58.818752 77.325005 -8.868751 
140787451087465 -58.800003 77.325005 -8.925000 
140787471087465 -58.706253 77.493752 -8.606251 
140787491087465 -58.631252 77.700005 -8.268750 
140787511087465 -58.668751 78.206253 -7.800000 
140787531087465 -58.818752 78.618752 -7.387500 
140787551087465 -58.987503 79.162506 -7.068750 
140787571087465 -59.212502 79.331253 -6.787500 
140787591087465 -59.812504 79.575005 -6.450000 
140787611087465 -60.168751 79.893753 -6.093750 
140787631087465 -60.637501 79.931252 -6.000000 
140787651087465 -61.181252 80.212502 -6.037500 
140787671087465 -61.706253 80.568756 -5.718750 
140787691087465 -61.987503 80.681252 -5.250000 
140787711087465 -62.156254 80.887505 -4.425000 
140787731087465 -62.493752 81.562500 -3.412500 
140787751087465 -62.381252 82.331253 -2.231250 
140787771087465 -62.400002 82.987503 -0.900000 
140787791087465 -62.475002 83.681252 0.562500 
140787811087465 -62.343754 84.262505 1.725000 
140787831087465 -62.212502 84.412506 2.531250 
140787851087465 -62.231251 84.712502 3.000000 
140787871087465 -62.606251 85.106255 3.206250 
140787891087465 -62.775002 85.106255 3.131250 
140787911087465 -63.131252 84.993752 2.925000 
140787931087465 -63.487503 85.031250 2.587500 
140787951087465 -63.900002 85.087502 2.343750 
140787971087465 -63.975002 85.068756 2.325000 
140787991087465 -64.218750 85.312500 2.475000 
140788011087465 -64.218750 85.162506 2.718750 
140788031087465 -63.806252 84.843750 2.868750 
140788051087465 -63.431252 84.750000 3.131250 
140788071087465 -63.112503 84.562500 3.112500 
140788091087465 -62.662502 84.093750 2.737500 
140788111087465 -62.137501 83.606255 2.175000 
140788131087465 -62.006252 82.743752 0.900000 
140788151087465 -62.006252 81.693756 -0.637500 
140788171087465 -62.587502 80.831253 -2.456250 
140788191087465 -63.487503 80.175003 -4.143750 
140788211087465 -64.125000 79.500000 -5.943750 
140788231087465 -64.387505 78.712502 -7.331250 
140788251087465 -64.725006 78.225006 -8.493751 
140788271087465 -64.875000 77.700005 -9.768750 
140788291087465 -64.762505 77.550003 -10.200001 
140788311087465 -63.993752 77.381256 -10.350000 
140788331087465 -63.262501 77.456253 -10.293751 
140788351087465 -62.287502 77.193756 -10.181251 
140788371087465 -61.500004 77.212502 -9.956250 
140788391087465 -60.862503 77.325005 -9.843750 
140788411087465 -60.262501 77.212502 -9.600000 
140788431087465 -59.868752 77.118752 -9.356251 
140788451087465 -59.268753 76.987503 -9.150001 
140788471087465 -59.156254 76.912506 -9.037500 
140788491087465 -58.781254 77.025002 -8.456250 
140788511087465 -58.481251 77.156250 -7.968750 
140788531087465 -58.331253 77.306252 -7.312500 
140788551087465 -58.256252 77.643753 -6.862500 
140788571087465 -58.518753 77.962502 -6.262500 
140788591087465 -58.837502 78.412506 -5.775000 
140788611087465 -59.512501 78.862503 -5.700000 
140788631087465 -60.243752 79.181252 -5.493750 
140788651087465 -60.862503 79.125000 -5.643750 
140788671087465 -61.743752 79.368752 -5.587500 
140788691087465 -62.456253 79.668755 -5.325000 
140788711087465 -63.018753 79.893753 -4.668750 
140788731087465 -63.243752 80.343750 -3.900000 
140788751087465 -63.243752 80.962502 -2.418750 
140788771087465 -63.056252 81.431252 -0.693750 
140788791087465 -63.000004 82.256256 1.087500 
140788811087465 -62.718754 83.081253 2.737500 
140788831087465 -62.475002 83.568756 4.312500 
140788851087465 -62.306252 83.812500 5.512500 
140788871087465 -62.456253 83.850006 6.262500 
140788891087465 -62.681252 83.718750 6.525000 
140788911087465 -63.206253 83.287506 6.262500 
140788931087465 -63.843754 83.062500 5.962500 
140788951087465 -64.237503 82.725006 5.475000 
140788971087465 -64.912506 82.312500 5.400000 
140788991087465 -65.250000 82.218750 5.212500 
140789011087465 -65.512505 81.918755 4.912500 
140789031087465 -65.512505 81.825005 4.612500 
140789051087465 -65.268753 81.656250 4.425000 
140789071087465 -64.800003 81.262505 4.368750 
140789091087465 -64.125000 80.850006 4.293750 
140789111087465 -63.562504 80.137505 3.675000 
140789131087465 -63.075001 79.406250 2.512500 
140789151087465 -62.925003 78.543755 1.200000 
140789171087465 -63.037502 77.756256 -0.487500 
140789191087465 -63.375004 76.818756 -1.931250 
140789211087465 -63.825001 76.162506 -3.450000 
140789231087465 -64.387505 75.525002 -5.025000 
140789251087465 -64.950005 75.000000 -6.525000 
140789271087465 -65.381256 74.400002 -7.350000 
140789291087465 -65.268753 74.006256 -7.837500 
140789311087465 -64.725006 73.612503 -8.193750 
140789331087465 -63.843754 73.256256 -8.100000 
140789351087465 -62.775002 72.881256 -8.062500 
140789371087465 -61.893753 72.393753 -8.081250 
140789391087465 -60.937504 72.375000 -8.025001 
140789411087465 -60.075001 71.868752 -7.837500 
140789431087465 -59.268753 71.793755 -7.912500 
140789451087465 -58.650002 71.643753 -7.856250 
140789471087465 -58.143753 71.531250 -7.725000 
140789491087465 -57.937504 71.568756 -7.725000 
140789511087465 -57.825001 71.700005 -7.706250 
140789531087465 -57.787502 71.831253 -7.443750 
140789551087465 -57.600002 71.756256 -7.312500 
140789571087465 -57.393753 72.037506 -7.162500 
140789591087465 -57.506252 72.337502 -7.162500 
140789611087465 -57.637501 72.543755 -7.293750 
140789631087465 -57.881252 72.731255 -7.462500 
140789651087465 -58.087502 72.900002 -7.631250 
140789671087465 -58.668751 73.125000 -7.725000 
140789691087465 -59.212502 73.443756 -7.893750 
140789711087465 -59.681252 74.062500 -7.237500 
140789731087465 -60.337502 74.775002 -6.468750 
140789751087465 -60.656254 75.675003 -5.587500 
140789771087465 -61.237503 76.687500 -4.481250 
140789791087465 -61.575001 77.943756 -3.206250 
140789811087465 -61.818752 78.918755 -1.725000 
140789831087465 -61.893753 79.912506 -0.450000 
140789851087465 -61.893753 80.718750 0.525000 
140789871087465 -62.081253 81.262505 0.712500 
140789891087465 -62.250004 81.787506 0.450000 
140789911087465 -62.737503 82.012505 0.281250 
140789931087465 -62.906254 82.293755 0.187500 
140789951087465 -63.356251 82.181252 -0.075000 
140789971087465 -63.825001 82.293755 -0.243750 
140789991087465 -64.256256 82.537506 -0.356250 
140790011087465 -64.406250 82.631256 -0.318750 
140790031087465 -64.256256 82.518753 -0.656250 
140790051087465 -63.881252 82.481255 -0.487500 
140790071087465 -63.356251 82.106255 -0.543750 
140790091087465 -62.812504 81.768753 -0.918750 
140790111087465 -62.381252 81.262505 -1.556250 
140790131087465 -62.193752 80.550003 -2.756250 
140790151087465 -62.100002 79.650002 -4.012500 
140790171087465 -62.512501 79.087502 -5.512500 
140790191087465 -63.318752 78.693756 -6.487500 
140790211087465 -64.256256 77.962502 -7.706250 
140790231087465 -65.137505 77.812500 -8.793751 
140790251087465 -66.150002 77.400002 -9.993751 
140790271087465 -66.637505 77.118752 -11.043751 
140790291087465 -66.468750 77.081253 -11.400001 
140790311087465 -66.131256 77.081253 -11.531250 
140790331087465 -65.418755 76.818756 -11.606251 
140790351087465 -64.612503 76.631256 -11.550000 
140790371087465 -63.487503 76.556252 -11.456250 
140790391087465 -62.325001 76.181252 -11.418751 
140790411087465 -61.462502 76.293755 -11.306251 
140790431087465 -60.675003 76.293755 -11.062500 
140790451087465 -60.281254 76.312500 -10.856251 
140790471087465 -59.981251 76.368752 -10.706250 
140790491087465 -59.456253 76.462502 -10.087501 
140790511087465 -58.800003 76.818756 -9.843750 
140790531087465 -58.518753 77.118752 -9.318750 
140790551087465 -58.481251 77.718750 -8.400001 
140790571087465 -58.500004 78.187500 -7.668750 
140790591087465 -58.856251 78.787506 -6.975000 
140790611087465 -59.343754 79.275002 -6.600000 
140790631087465 -59.568752 79.650002 -6.243750 
140790651087465 -60.075001 80.081253 -6.225000 
140790671087465 -60.581253 80.193756 -5.962500 
140790691087465 -61.087502 80.400002 -6.018750 
140790711087465 -61.387501 80.662506 -6.300000 
140790731087465 -61.593754 80.718750 -6.131250 
140790751087465 -61.950001 81.131256 -5.475000 
140790771087465 -62.137501 81.656250 -4.743750 
140790791087465 -62.475002 82.275002 -3.712500 
140790811087465 -62.868752 82.875000 -2.718750 
140790831087465 -63.393753 83.925003 -1.725000 
140790851087465 -63.843754 84.581253 -0.750000 
140790871087465 -64.350006 85.050003 0.093750 
140790891087465 -64.781250 85.331253 0.637500 
140790911087465 -65.062500 85.612503 0.656250 
140790931087465 -65.400002 85.631256 0.787500 
140790951087465 -65.737503 85.631256 0.487500 
140790971087465 -66.150002 85.875000 0.712500 
140790991087465 -66.281250 85.612503 0.768750 
140791011087465 -66.600006 85.725006 0.993750 
140791031087465 -66.750000 85.631256 1.087500 
140791051087465 -66.487503 85.687500 1.087500 
140791071087465 -66.075005 85.537506 1.068750 
140791091087465 -65.643753 85.462502 0.918750 
140791111087465 -65.137505 85.293755 0.693750 
140791131087465 -64.556252 84.487503 -0.300000 
140791151087465 -64.181252 83.868752 -1.612500 
140791171087465 -64.050003 82.950005 -2.981250 
140791191087465 -64.237503 82.425003 -4.350000 
140791211087465 -64.725006 81.731255 -5.587500 
140791231087465 -65.231255 80.831253 -6.956250 
140791251087465 -65.400002 80.118752 -8.062500 
140791271087465 -65.625000 79.462502 -9.037500 
140791291087465 -65.718750 79.331253 -9.450001 
140791311087465 -65.868752 79.068756 -9.618751 
140791331087465 -65.343750 79.068756 -9.806251 
140791351087465 -64.462502 78.750000 -9.675000 
140791371087465 -63.600002 78.618752 -9.637501 
140791391087465 -62.775002 78.675003 -9.468750 
140791411087465 -62.268753 78.675003 -9.506250 
140791431087465 -61.912502 78.562500 -9.412500 
140791451087465 -61.575001 78.393753 -9.450001 
140791471087465 -61.031254 78.112503 -9.300000 
140791491087465 -60.787502 78.018753 -9.206250 
140791511087465 -60.712502 78.150002 -9.131250 
140791531087465 -60.600002 78.112503 -8.662500 
140791551087465 -60.450001 78.356255 -8.137501 
140791571087465 -60.281254 78.393753 -7.631250 
140791591087465 -60.206253 78.806252 -7.387500 
140791611087465 -60.412502 79.106255 -7.181250 
140791631087465 -60.675003 79.443756 -7.087500 
140791651087465 -60.881252 79.837502 -6.937500 
140791671087465 -61.443752 80.137505 -6.675000 
140791691087465 -61.893753 80.606255 -6.168750 
140791711087465 -62.175003 80.943756 -5.475000 
140791731087465 -62.587502 81.750000 -4.687500 
140791751087465 -62.793751 82.312500 -3.656250 
140791771087465 -62.887501 83.100006 -2.362500 
140791791087465 -62.962502 83.962502 -1.068750 
140791811087465 -63.150002 84.506256 0.318750 
140791831087465 -63.150002 85.181252 1.575000 
140791851087465 -63.187504 85.443756 2.306250 
140791871087465 -63.562504 85.800003 2.568750 
140791891087465 -63.862503 85.837502 2.643750 
140791911087465 -64.275002 85.781250 2.343750 
140791931087465 -64.800003 85.687500 2.137500 
140791951087465 -65.418755 85.650002 1.912500 
140791971087465 -66.056252 85.612503 1.931250 
140791991087465 -66.506256 85.575005 1.950000 
140792011087465 -66.993752 85.968750 1.987500 
140792031087465 -67.237503 85.931252 2.062500 
140792051087465 -67.106255 85.837502 1.931250 
140792071087465 -66.750000 85.631256 1.968750 
140792091087465 -66.056252 85.368752 1.743750 
140792111087465 -65.456253 84.918755 1.518750 
140792131087465 -64.893753 84.468750 0.487500 
140792151087465 -64.331253 83.850006 -0.937500 
140792171087465 -64.106255 82.987503 -2.212500 
140792191087465 -64.275002 82.500000 -3.600000 
140792211087465 -64.837502 81.768753 -4.781250 
140792231087465 -65.493752 81.337502 -5.812500 
140792251087465 -66.243752 80.662506 -6.862500 
140792271087465 -66.750000 80.287506 -8.043751 
140792291087465 -67.031250 79.875000 -8.756250 
140792311087465 -66.956253 79.668755 -9.037500 
140792331087465 -66.450005 79.406250 -9.487500 
140792351087465 -65.550003 79.218750 -9.543751 
140792371087465 -64.481255 79.143753 -9.525001 
140792391087465 -63.356251 79.068756 -9.450001 
140792411087465 -62.306252 79.012505 -9.581250 
140792431087465 -61.462502 78.937500 -9.468750 
140792451087465 -60.918751 78.862503 -9.431251 
140792471087465 -60.862503 78.768753 -9.543751 
140792491087465 -60.693752 78.937500 -9.412500 
140792511087465 -60.543751 78.975006 -9.187500 
140792531087465 -60.581253 79.068756 -8.606251 
140792551087465 -60.731251 79.518753 -8.100000 
140792571087465 -60.918751 80.062500 -7.406250 
140792591087465 -61.218754 80.475006 -7.050000 
140792611087465 -61.312504 80.775002 -6.787500 
140792631087465 -61.256252 80.887505 -6.487500 
140792651087465 -61.293751 81.037506 -6.225000 
140792671087465 -61.443752 81.112503 -6.187500 
140792691087465 -61.593754 81.562500 -6.112500 
140792711087465 -61.687504 81.787506 -5.831250 
140792731087465 -61.818752 82.106255 -5.343750 
140792751087465 -62.100002 82.406250 -4.518750 
140792771087465 -62.250004 83.175003 -3.375000 
140792791087465 -62.568752 83.718750 -2.062500 
140792811087465 -62.718754 84.450005 -0.712500 
140792831087465 -63.131252 85.012505 0.843750 
140792851087465 -63.281254 85.462502 1.668750 
140792871087465 -63.543751 85.631256 2.250000 
140792891087465 -63.656254 85.725006 2.606250 
140792911087465 -63.618752 85.687500 2.718750 
140792931087465 -63.900002 85.537506 2.531250 
140792951087465 -64.068756 85.781250 2.268750 
140792971087465 -64.631256 85.856255 1.950000 
140792991087465 -64.743752 86.043755 1.612500 
140793011087465 -64.968750 85.950005 1.893750 
140793031087465 -65.287506 86.156250 1.931250 
140793051087465 -65.362503 86.362503 1.893750 
140793071087465 -65.212502 86.493752 1.762500 
140793091087465 -64.800003 86.306252 1.781250 
140793111087465 -64.200005 86.025002 1.537500 
140793131087465 -63.412502 85.668755 1.181250 
140793151087465 -62.943752 85.162506 0.506250 
140793171087465 -62.287502 84.562500 -0.750000 
140793191087465 -61.818752 83.662506 -1.687500 
140793211087465 -61.893753 82.837502 -2.718750 
140793231087465 -62.118752 82.275002 -3.600000 
140793251087465 -62.531254 81.956253 -4.612500 
140793271087465 -63.112503 81.618752 -5.606250 
140793291087465 -63.600002 81.281250 -6.337500 
140793311087465 -63.768753 80.943756 -7.031250 
140793331087465 -63.843754 80.981255 -7.350000 
140793351087465 -63.337502 80.793755 -7.687500 
140793371087465 -62.531254 80.531250 -7.556250 
140793391087465 -61.687504 80.587502 -7.443750 
140793411087465 -60.468754 80.175003 -7.312500 
140793431087465 -59.606251 79.912506 -6.825000 
140793451087465 -58.631252 79.781250 -6.675000 
140793471087465 -57.900002 79.893753 -6.562500 
140793491087465 -57.487503 79.631256 -6.168750 
140793511087465 -57.300003 79.912506 -5.962500 
140793531087465 -57.037502 80.212502 -5.793750 
140793551087465 -56.775002 80.268753 -5.250000 
140793571087465 -56.850002 80.700005 -4.481250 
140793591087465 -56.756252 81.075005 -4.181250 
140793611087465 -56.925003 81.131256 -3.843750 
140793631087465 -57.150002 80.906250 -3.431250 
140793651087465 -57.412502 81.131256 -3.225000 
140793671087465 -57.487503 81.206253 -3.075000 
140793691087465 -57.787502 81.318756 -2.925000 
140793711087465 -57.918751 81.206253 -3.093750 
140793731087465 -58.125004 81.487503 -3.187500 
140793751087465 -58.293751 81.637505 -2.700000 
140793771087465 -58.518753 82.087502 -2.043750 
140793791087465 -58.743752 82.800003 -1.237500 
140793811087465 -58.856251 83.362503 -0.487500 
140793831087465 -59.268753 83.831253 0.581250 
140793851087465 -59.531254 84.393753 1.706250 
140793871087465 -60.075001 85.218750 2.662500 
140793891087465 -60.318752 85.406250 3.393750 
140793911087465 -60.525002 85.650002 3.637500 
140793931087465 -60.787502 85.706253 3.506250 
140793951087465 -60.956253 85.518753 3.206250 
140793971087465 -61.387501 85.631256 3.206250 
140793991087465 -61.631252 85.687500 3.075000 
140794011087465 -62.062504 85.537506 3.056250 
140794031087465 -62.287502 85.518753 3.037500 
140794051087465 -62.362503 85.500000 2.925000 
140794071087465 -62.531254 85.725006 2.831250 
140794091087465 -62.456253 85.593750 2.981250 
140794111087465 -62.100002 85.743752 3.112500 
140794131087465 -61.312504 85.425003 2.775000 
140794151087465 -60.581253 84.975006 1.950000 
140794171087465 -60.093754 84.393753 0.750000 
140794191087465 -59.793751 83.512505 -0.337500 
140794211087465 -59.925003 82.856255 -1.612500 
140794231087465 -60.150002 82.143753 -2.568750 
140794251087465 -60.318752 81.862503 -3.712500 
140794271087465 -60.468754 81.300003 -4.743750 
140794291087465 -60.731251 80.793755 -5.606250 
140794311087465 -60.993752 80.662506 -5.962500 
140794331087465 -60.675003 80.456253 -6.262500 
140794351087465 -60.056252 80.231255 -6.431250 
140794371087465 -59.137501 80.212502 -6.300000 
140794391087465 -58.218754 79.912506 -6.337500 
140794411087465 -57.618752 79.706253 -6.262500 
140794431087465 -57.168751 79.500000 -5.906250 
140794451087465 -56.625004 79.293755 -5.531250 
140794471087465 -56.100002 79.012505 -5.137500 
140794491087465 -55.762501 79.200005 -4.950000 
140794511087465 -55.575001 79.350006 -4.631250 
140794531087465 -55.518753 79.443756 -4.481250 
140794551087465 -55.293751 79.500000 -4.012500 
140794571087465 -55.012501 79.556252 -3.412500 
140794591087465 -54.956253 79.950005 -3.112500 
140794611087465 -54.956253 80.343750 -2.887500 
140794631087465 -55.031254 80.718750 -2.793750 
140794651087465 -54.937504 80.756256 -2.606250 
140794671087465 -54.712502 80.812500 -2.456250 
140794691087465 -54.356251 80.812500 -1.912500 
140794711087465 -54.000004 81.037506 -1.537500 
140794731087465 -53.718754 80.943756 -1.218750 
140794751087465 -53.325001 80.943756 -1.125000 
140794771087465 -53.062504 80.906250 -0.712500 
140794791087465 -52.912502 80.962502 -0.000000 
140794811087465 -52.950001 81.337502 1.012500 
140794831087465 -53.062504 81.825005 2.100000 
140794851087465 -53.118752 82.200005 3.112500 
140794871087465 -53.081253 82.612503 3.900000 
140794891087465 -52.875004 83.062500 4.725000 
140794911087465 -52.500004 83.118752 5.793750 
140794931087465 -52.275002 83.325005 6.300000 
140794951087465 -51.768753 83.400002 6.712500 
140794971087465 -51.150002 83.156250 6.900000 
140794991087465 -51.056252 82.987503 7.068750 
140795011087465 -50.981251 83.175003 7.162500 
140795031087465 -51.112503 83.100006 7.406250 
140795051087465 -51.206253 83.062500 7.500000 
140795071087465 -51.281254 83.306252 7.125000 
140795091087465 -51.187504 83.287506 6.993750 
140795111087465 -51.187504 83.268753 6.693750 
140795131087465 -51.506252 83.400002 6.187500 
140795151087465 -51.731251 83.175003 5.193750 
140795171087465 -52.293751 82.668755 4.087500 
140795191087465 -53.062504 82.481255 2.737500 
140795211087465 -53.868752 82.256256 1.500000 
140795231087465 -55.012501 82.143753 0.450000 
140795251087465 -56.118752 81.975006 -0.375000 
140795271087465 -56.868752 81.806252 -1.256250 
140795291087465 -57.356251 81.525002 -1.781250 
140795311087465 -57.356251 81.562500 -2.250000 
140795331087465 -57.281254 81.506256 -2.550000 
140795351087465 -56.775002 81.093750 -2.700000 
140795371087465 -56.250004 80.737503 -3.037500 
140795391087465 -55.781254 80.287506 -3.093750 
140795411087465 -55.125004 79.912506 -3.431250 
140795431087465 -55.050003 79.537506 -3.731250 
140795451087465 -55.125004 79.575005 -4.087500 
140795471087465 -55.293751 79.556252 -4.050000 
140795491087465 -55.293751 79.350006 -4.181250 
140795511087465 -55.687504 79.312500 -4.312500 
140795531087465 -55.931252 79.556252 -4.293750 
140795551087465 -55.706253 79.612503 -3.918750 
140795571087465 -55.650002 79.875000 -3.468750 
140795591087465 -55.556252 80.231255 -2.756250 
140795611087465 -55.443752 80.362503 -2.362500 
140795631087465 -55.275002 80.268753 -2.306250 
140795651087465 -55.275002 80.362503 -2.343750 
140795671087465 -54.900002 80.625000 -2.418750 
140795691087465 -54.787502 80.662506 -2.418750 
140795711087465 -54.787502 80.718750 -2.606250 
140795731087465 -54.862503 80.737503 -2.531250 
140795751087465 -54.787502 80.943756 -2.400000 
140795771087465 -54.675003 81.075005 -1.968750 
140795791087465 -54.543751 81.450005 -0.881250 
140795811087465 -54.318752 82.012505 0.075000 
140795831087465 -54.000004 82.537506 1.500000 
140795851087465 -53.718754 83.043755 2.868750 
140795871087465 -53.625004 83.493752 3.937500 
140795891087465 -53.343754 83.906250 4.631250 
140795911087465 -53.343754 83.981255 5.062500 
140795931087465 -53.287502 84.018753 5.325000 
140795951087465 -53.775002 84.056252 4.837500 
140795971087465 -54.337502 83.925003 4.518750 
140795991087465 -55.087502 84.018753 4.012500 
140796011087465 -55.650002 84.093750 3.768750 
140796031087465 -56.100002 84.206253 3.712500 
140796051087465 -56.606251 84.243752 3.731250 
140796071087465 -56.718754 84.262505 3.618750 
140796091087465 -56.625004 84.225006 3.468750 
140796111087465 -56.268753 84.112503 3.600000 
140796131087465 -55.762501 83.925003 3.412500 
140796151087465 -55.237503 83.418755 2.831250 
140796171087465 -55.087502 83.062500 1.875000 
140796191087465 -55.406254 82.556252 0.318750 
140796211087465 -56.137501 81.993752 -1.218750 
140796231087465 -57.168751 81.543755 -2.550000 
140796251087465 -58.181252 81.468750 -3.918750 
140796271087465 -59.156254 81.112503 -5.250000 
140796291087465 -60.000004 80.943756 -6.018750 
140796311087465 -60.506252 80.775002 -6.806250 
140796331087465 -60.656254 80.418755 -7.350000 
140796351087465 -60.337502 80.193756 -7.500000 
140796371087465 -59.681252 80.156250 -7.331250 
140796391087465 -58.706253 80.062500 -7.443750 
140796411087465 -57.956253 79.575005 -7.087500 
140796431087465 -57.093754 79.293755 -6.918750 
140796451087465 -56.475002 78.993752 -7.031250 
140796471087465 -56.100002 78.731255 -6.675000 
140796491087465 -55.912502 78.843750 -6.487500 
140796511087465 -55.837502 78.993752 -6.150000 
140796531087465 -55.537502 79.031250 -6.150000 
140796551087465 -55.275002 79.106255 -5.700000 
140796571087465 -55.275002 79.462502 -5.512500 
140796591087465 -55.387501 80.175003 -5.268750 
140796611087465 -55.443752 80.381256 -4.893750 
140796631087465 -55.593754 80.925003 -4.818750 
140796651087465 -55.500004 80.943756 -4.743750 
140796671087465 -55.443752 80.868752 -4.875000 
140796691087465 -55.650002 81.075005 -4.762500 
140796711087465 -56.081253 81.243752 -5.081250 
140796731087465 -56.250004 81.337502 -5.231250 
140796751087465 -56.587502 81.075005 -5.175000 
140796771087465 -56.906254 81.450005 -5.175000 
140796791087465 -57.318752 81.712502 -5.062500 
140796811087465 -57.881252 82.143753 -4.256250 
140796831087465 -58.537502 82.931252 -3.375000 
140796851087465 -59.025002 83.531250 -2.118750 
140796871087465 -59.343754 84.412506 -0.881250 
140796891087465 -59.962502 85.162506 0.300000 
140796911087465 -60.168751 85.875000 0.975000 
140796931087465 -60.356251 86.212502 1.612500 
140796951087465 -60.806252 86.175003 2.081250 
140796971087465 -61.425003 86.287506 1.743750 
140796991087465 -61.968754 86.306252 1.631250 
140797011087465 -62.718754 86.400002 1.143750 
140797031087465 -63.318752 86.268753 1.050000 
140797051087465 -63.731251 86.343750 0.900000 
140797071087465 -63.993752 86.193756 0.918750 
140797091087465 -64.462502 86.381256 0.731250 
140797111087465 -64.462502 86.568756 0.731250 
140797131087465 -64.068756 86.700005 0.937500 
140797151087465 -63.450001 86.531250 0.956250 
140797171087465 -62.681252 86.250000 0.450000 
140797191087465 -62.212502 85.650002 -0.506250 
140797211087465 -61.837502 84.843750 -1.968750 
140797231087465 -61.931252 84.150002 -3.225000 
140797251087465 -62.250004 83.362503 -4.350000 
140797271087465 -62.512501 82.912506 -5.456250 
140797291087465 -62.906254 82.425003 -6.637500 
140797311087465 -63.281254 81.993752 -7.800000 
140797331087465 -63.581253 81.675003 -8.531250 
140797351087465 -63.581253 81.487503 -9.037500 
140797371087465 -63.150002 81.412506 -8.868751 
140797391087465 -62.193752 81.431252 -8.662500 
140797411087465 -60.918751 81.431252 -8.025001 
140797431087465 -59.868752 81.243752 -7.687500 
140797451087465 -58.800003 81.056252 -7.406250 
140797471087465 -57.750004 81.168755 -7.125000 
140797491087465 -57.037502 81.112503 -6.806250 
140797511087465 -56.418751 81.206253 -6.600000 
140797531087465 -56.043751 81.168755 -6.393750 
140797551087465 -55.893753 81.206253 -6.262500 
140797571087465 -55.668751 81.243752 -6.412500 
140797591087465 -55.200001 81.300003 -6.281250 
140797611087465 -54.787502 81.412506 -5.925000 
140797631087465 -54.562504 81.393753 -5.175000 
140797651087465 -53.981251 81.487503 -4.331250 
140797671087465 -53.625004 81.693756 -3.431250 
140797691087465 -53.568752 81.993752 -2.962500 
140797711087465 -53.437504 82.162506 -2.793750 
140797731087465 -53.512501 82.181252 -2.568750 
140797751087465 -53.775002 82.518753 -2.456250 
140797771087465 -54.150002 82.762505 -2.306250 
140797791087465 -54.656254 83.137505 -2.418750 
140797811087465 -55.406254 83.512505 -2.456250 
140797831087465 -55.856251 83.793755 -2.043750 
140797851087465 -56.062504 84.300003 -1.387500 
140797871087465 -56.400002 85.012505 -0.393750 
140797891087465 -56.493752 85.781250 0.806250 
140797911087465 -56.568752 86.062500 1.893750 
140797931087465 -56.756252 86.418755 2.906250 
140797951087465 -56.793751 86.812500 3.693750 
140797971087465 -56.662502 86.887505 3.937500 
140797991087465 -56.925003 87.037506 3.562500 
140798011087465 -57.487503 87.018753 3.337500 
140798031087465 -57.862503 87.018753 3.037500 
140798051087465 -58.425003 86.962502 2.587500 
140798071087465 -59.043751 87.262505 2.437500 
140798091087465 -59.418751 87.600006 2.343750 
140798111087465 -59.962502 87.750000 2.362500 
140798131087465 -60.393753 87.918755 2.343750 
140798151087465 -60.656254 87.787506 2.418750 
140798171087465 -60.468754 87.562500 2.193750 
140798191087465 -60.131252 87.337502 2.006250 
140798211087465 -59.456253 87.056252 1.837500 
140798231087465 -58.893753 86.568756 0.900000 
140798251087465 -58.556252 85.837502 -0.318750 
140798271087465 -58.387501 84.806252 -1.781250 
140798291087465 -58.837502 84.206253 -3.056250 
140798311087465 -59.250004 83.775002 -4.106250 
140798331087465 -59.925003 83.456253 -4.912500 
140798351087465 -60.656254 83.343750 -5.906250 
140798371087465 -61.481251 83.006256 -7.012500 
140798391087465 -61.893753 82.612503 -7.631250 
140798411087465 -61.912502 82.406250 -8.006250 
140798431087465 -61.331253 82.275002 -7.837500 
140798451087465 -60.300003 82.218750 -7.425000 
140798471087465 -58.912502 82.200005 -7.106250 
140798491087465 -57.450001 82.312500 -6.900000 
140798511087465 -56.287502 82.012505 -6.393750 
140798531087465 -55.293751 82.031250 -6.018750 
140798551087465 -54.787502 82.031250 -5.437500 
140798571087465 -54.243752 82.312500 -5.193750 
140798591087465 -53.887501 82.593750 -4.968750 
140798611087465 -53.700001 82.875000 -4.668750 
140798631087465 -53.550003 82.968750 -4.331250 
140798651087465 -53.812504 83.137505 -3.806250 
140798671087465 -54.018753 83.606255 -3.187500 
140798691087465 -53.981251 84.168755 -2.456250 
140798711087465 -53.737503 84.581253 -2.175000 
140798731087465 -54.093754 84.900002 -1.462500 
140798751087465 -54.562504 85.275002 -1.350000 
140798771087465 -54.600002 85.443756 -1.462500 
140798791087465 -55.218754 85.893753 -1.500000 
140798811087465 -55.593754 86.193756 -1.631250 
140798831087465 -56.137501 86.250000 -1.950000 
140798851087465 -56.775002 86.437500 -1.912500 
140798871087465 -57.356251 86.737503 -1.443750 
140798891087465 -57.487503 87.150002 -0.600000 
140798911087465 -57.543751 87.581253 0.731250 
140798931087465 -58.012501 87.975006 2.231250 
140798951087465 -58.050003 88.350006 3.675000 
140798971087465 -58.181252 88.706253 4.875000 
140798991087465 -57.975002 89.100006 6.150000 
140799011087465 -58.031254 89.231255 6.731250 
140799031087465 -58.481251 89.475006 6.937500 
140799051087465 -58.968754 89.343750 6.693750 
140799071087465 -59.793751 89.231255 6.187500 
140799091087465 -60.506252 89.231255 5.418750 
140799111087465 -61.387501 89.193756 5.025000 
140799131087465 -61.968754 89.043755 4.612500 
140799151087465 -62.625004 88.818756 4.331250 
140799171087465 -63.018753 88.650002 4.237500 
140799191087465 -62.981251 88.387505 4.256250 
140799211087465 -62.775002 88.200005 4.406250 
140799231087465 -62.268753 87.825005 4.275000 
140799251087465 -61.800003 87.281250 4.031250 
140799271087465 -61.443752 86.718750 3.206250 
140799291087465 -61.406254 85.968750 2.118750 
140799311087465 -61.912502 85.518753 0.562500 
140799331087465 -62.550003 84.900002 -0.787500 
140799351087465 -63.393753 84.431252 -2.137500 
140799371087465 -64.162506 83.962502 -3.506250 
140799391087465 -64.912506 83.418755 -4.762500 
140799411087465 -65.231255 82.931252 -5.643750 
140799431087465 -65.325005 82.500000 -6.337500 
140799451087465 -64.556252 82.087502 -6.450000 
140799471087465 -63.300003 81.450005 -6.281250 
140799491087465 -61.931252 81.056252 -6.206250 
140799511087465 -60.693752 80.737503 -6.281250 
140799531087465 -59.868752 80.456253 -6.150000 
140799551087465 -59.212502 80.493752 -5.906250 
140799571087465 -58.612503 80.625000 -5.812500 
140799591087465 -58.106251 80.606255 -5.756250 
140799611087465 -58.087502 80.737503 -5.681250 
140799631087465 -58.200001 80.981255 -5.587500 
140799651087465 -58.443752 81.225006 -5.475000 
140799671087465 -58.350002 81.318756 -4.950000 
140799691087465 -58.106251 81.618752 -4.687500 
140799711087465 -57.712502 81.581253 -4.481250 
140799731087465 -57.806252 81.581253 -4.162500 
140799751087465 -57.825001 81.637505 -3.900000 
140799771087465 -58.125004 81.675003 -3.993750 
140799791087465 -58.200001 81.787506 -4.106250 
140799811087465 -58.200001 81.825005 -3.956250 
140799831087465 -58.537502 82.012505 -3.731250 
140799851087465 -58.537502 82.106255 -3.337500 
140799871087465 -58.668751 82.481255 -2.643750 
140799891087465 -58.631252 83.043755 -2.025000 
140799911087465 -58.800003 83.531250 -1.106250 
140799931087465 -58.725002 84.318756 0.206250 
140799951087465 -58.856251 84.806252 1.556250 
140799971087465 -58.968754 85.425003 2.831250 
140799991087465 -58.781254 85.837502 3.656250 
140800011087465 -58.968754 86.062500 4.256250 
140800031087465 -59.137501 86.175003 4.875000 
140800051087465 -59.456253 86.250000 5.268750 
140800071087465 -59.512501 86.362503 5.062500 
140800091087465 -59.850002 86.118752 4.593750 
140800111087465 -60.037502 86.118752 4.387500 
140800131087465 -60.618752 85.931252 3.993750 
140800151087465 -61.256252 85.912506 3.825000 
140800171087465 -61.856251 85.931252 3.806250 
140800191087465 -62.043751 86.118752 3.581250 
140800211087465 -61.856251 86.287506 3.431250 
140800231087465 -61.612503 86.043755 3.600000 
140800251087465 -61.087502 85.800003 3.768750 
140800271087465 -60.543751 85.556252 3.412500 
140800291087465 -59.718754 85.143753 2.981250 
140800311087465 -59.100002 84.618752 1.706250 
140800331087465 -59.006252 84.037506 0.243750 
140800351087465 -59.587502 83.325005 -1.200000 
140800371087465 -60.168751 82.331253 -2.475000 
140800391087465 -60.900002 81.975006 -3.806250 
140800411087465 -61.481251 81.431252 -4.987500 
140800431087465 -62.025002 80.981255 -6.131250 
140800451087465 -62.400002 80.643753 -6.862500 
140800471087465 -62.268753 80.268753 -6.881250 
140800491087465 -61.631252 80.212502 -6.825000 
140800511087465 -60.656254 79.950005 -6.787500 
140800531087465 -59.831253 80.043755 -6.975000 
140800551087465 -59.137501 79.762505 -6.900000 
140800571087465 -58.462502 79.987503 -6.900000 
140800591087465 -57.787502 79.818756 -6.712500 
140800611087465 -57.131252 79.912506 -6.712500 
140800631087465 -56.756252 79.931252 -6.862500 
140800651087465 -56.418751 79.893753 -6.618750 
140800671087465 -55.968754 80.062500 -6.262500 
140800691087465 -55.650002 80.137505 -5.475000 
140800711087465 -55.443752 80.343750 -4.725000 
140800731087465 -55.312504 80.400002 -4.218750 
140800751087465 -55.481251 80.587502 -3.750000 
140800771087465 -55.668751 80.662506 -3.318750 
140800791087465 -55.818752 80.850006 -2.812500 
140800811087465 -55.912502 80.850006 -2.700000 
140800831087465 -55.931252 81.056252 -2.587500 
140800851087465 -55.968754 81.187500 -2.775000 
140800871087465 -55.893753 81.356255 -2.793750 
140800891087465 -56.006252 81.393753 -2.756250 
140800911087465 -56.118752 81.693756 -2.456250 
140800931087465 -56.418751 82.012505 -2.118750 
140800951087465 -56.868752 82.312500 -1.406250 
140800971087465 -57.412502 82.950005 -0.600000 
140800991087465 -58.068752 83.362503 0.243750 
140801011087465 -58.612503 83.906250 1.256250 
140801031087465 -59.081253 84.412506 2.006250 
140801051087465 -59.512501 84.956253 2.737500 
140801071087465 -59.531254 85.143753 3.112500 
140801091087465 -59.812504 85.368752 3.187500 
140801111087465 -59.943752 85.687500 3.093750 
140801131087465 -60.150002 85.650002 3.037500 
140801151087465 -60.393753 85.781250 3.018750 
140801171087465 -60.487503 85.875000 2.925000 
140801191087465 -60.412502 85.800003 3.037500 
140801211087465 -60.318752 85.762505 3.318750 
140801231087465 -60.281254 85.762505 3.412500 
140801251087465 -59.606251 85.462502 3.656250 
140801271087465 -58.968754 84.862503 3.712500 
140801291087465 -58.106251 84.450005 3.412500 
140801311087465 -57.356251 83.812500 2.437500 
140801331087465 -57.206253 82.987503 1.050000 
140801351087465 -57.487503 82.406250 -0.618750 
140801371087465 -58.031254 81.918755 -2.325000 
140801391087465 -58.912502 81.600006 -3.712500 
140801411087465 -60.112503 81.506256 -5.043750 
140801431087465 -61.537502 81.450005 -6.450000 
140801451087465 -62.587502 81.281250 -7.481250 
140801471087465 -63.637501 81.056252 -8.137501 
140801491087465 -63.993752 80.887505 -8.250000 
140801511087465 -63.918751 80.756256 -8.250000 
140801531087465 -63.281254 80.475006 -8.287500 
140801551087465 -62.287502 80.100006 -8.156250 
140801571087465 -61.593754 79.781250 -8.043751 
140801591087465 -60.318752 79.743752 -7.706250 
140801611087465 -59.550003 79.706253 -7.575000 
140801631087465 -58.762501 79.518753 -7.181250 
140801651087465 -58.143753 79.537506 -7.275000 
140801671087465 -57.600002 79.387505 -7.331250 
140801691087465 -57.506252 79.537506 -7.331250 
140801711087465 -57.600002 79.650002 -7.275000 
140801731087465 -57.281254 79.818756 -7.087500 
140801751087465 -57.262501 79.912506 -6.881250 
140801771087465 -57.131252 80.006256 -6.693750 
140801791087465 -57.093754 80.343750 -6.600000 
140801811087465 -57.112503 80.493752 -6.281250 
140801831087465 -57.300003 80.718750 -6.206250 
140801851087465 -57.337502 80.756256 -5.925000 
140801871087465 -57.637501 80.775002 -5.925000 
140801891087465 -58.050003 80.981255 -5.868750 
140801911087465 -58.650002 81.187500 -5.756250 
140801931087465 -59.418751 81.675003 -5.325000 
140801951087465 -59.943752 82.312500 -4.631250 
140801971087465 -60.562504 82.950005 -3.581250 
140801991087465 -60.787502 83.531250 -2.493750 
140802011087465 -61.162502 84.281250 -1.218750 
140802031087465 -61.275002 85.125000 0.281250 
140802051087465 -61.387501 85.631256 1.556250 
140802071087465 -61.481251 86.137505 2.362500 
140802091087465 -61.462502 86.381256 2.850000 
140802111087465 -61.631252 86.493752 3.018750 
140802131087465 -61.856251 86.568756 2.775000 
140802151087465 -62.456253 86.625000 2.793750 
140802171087465 -62.662502 86.512505 2.493750 
140802191087465 -63.112503 86.700005 2.118750 
140802211087465 -63.506252 86.906250 1.931250 
140802231087465 -63.768753 86.943756 1.912500 
140802251087465 -63.787502 87.018753 1.893750 
140802271087465 -63.487503 87.000000 1.818750 
140802291087465 -62.962502 86.981255 1.987500 
140802311087465 -62.193752 86.887505 1.687500 
140802331087465 -61.706253 86.812500 1.181250 
140802351087465 -61.218754 86.175003 0.225000 
140802371087465 -61.031254 85.631256 -1.312500 
140802391087465 -61.293751 85.068756 -2.381250 
140802411087465 -62.043751 84.318756 -3.356250 
140802431087465 -62.887501 83.868752 -4.312500 
140802451087465 -63.956253 83.212502 -5.493750 
140802471087465 -65.043755 82.781250 -6.356250 
140802491087465 -65.812500 82.331253 -7.200000 
140802511087465 -66.093750 82.237503 -7.762500 
140802531087465 -65.906250 81.787506 -7.893750 
140802551087465 -65.287506 81.675003 -8.043751 
140802571087465 -64.162506 81.637505 -8.306251 
140802591087465 -63.187504 81.375000 -8.493751 
140802611087465 -62.100002 81.543755 -8.381250 
140802631087465 -61.312504 81.637505 -8.343750 
140802651087465 -60.731251 81.731255 -8.287500 
140802671087465 -60.318752 81.487503 -7.856250 
140802691087465 -60.018753 81.768753 -7.518750 
140802711087465 -59.718754 81.562500 -7.462500 
140802731087465 -59.625004 81.693756 -7.425000 
140802751087465 -59.400002 81.937500 -7.125000 
140802771087465 -59.193752 82.068756 -6.768750 
140802791087465 -58.912502 82.312500 -6.281250 
140802811087465 -58.837502 82.650002 -5.550000 
140802831087465 -58.800003 83.081253 -5.250000 
140802851087465 -58.743752 83.306252 -4.837500 
140802871087465 -58.950001 83.718750 -4.650000 
140802891087465 -59.062504 83.906250 -4.387500 
140802911087465 -59.381252 84.018753 -4.331250 
140802931087465 -59.850002 84.112503 -4.312500 
140802951087465 -60.168751 84.206253 -3.956250 
140802971087465 -60.206253 84.375000 -3.412500 
140802991087465 -60.506252 84.618752 -2.606250 
140803011087465 -60.787502 85.125000 -1.575000 
140803031087465 -60.881252 85.650002 -0.337500 
140803051087465 -60.806252 86.231255 0.768750 
140803071087465 -60.825001 86.756256 1.612500 
140803091087465 -60.881252 87.318756 2.287500 
140803111087465 -61.143753 87.712502 2.475000 
140803131087465 -61.537502 87.975006 2.137500 
140803151087465 -61.950001 88.368752 1.931250 
140803171087465 -62.362503 88.518753 1.706250 
140803191087465 -62.662502 88.650002 1.518750 
140803211087465 -63.300003 88.781250 1.518750 
140803231087465 -63.675003 88.912506 1.875000 
140803251087465 -63.843754 88.893753 2.193750 
140803271087465 -63.562504 88.893753 2.381250 
140803291087465 -63.468754 88.762505 2.887500 
140803311087465 -62.718754 88.575005 3.037500 
140803331087465 -62.043751 88.256256 2.925000 
140803351087465 -61.706253 87.843750 2.475000 
140803371087465 -61.631252 87.281250 1.912500 
140803391087465 -61.762501 86.700005 0.731250 
140803411087465 -61.968754 86.081253 -0.675000 
140803431087465 -62.381252 85.687500 -1.875000 
140803451087465 -62.587502 84.900002 -3.037500 
140803471087465 -63.131252 84.281250 -4.087500 
140803491087465 -63.468754 83.887505 -5.062500 
140803511087465 -63.300003 83.381256 -5.531250 
140803531087465 -62.756252 82.950005 -6.000000 
140803551087465 -61.875004 82.725006 -6.168750 
140803571087465 -60.825001 82.687500 -5.831250 
140803591087465 -60.000004 82.387505 -5.568750 
140803611087465 -59.268753 82.368752 -5.287500 
140803631087465 -58.331253 82.181252 -4.968750 
140803651087465 -57.600002 81.918755 -4.893750 
140803671087465 -57.243752 81.712502 -4.762500 
140803691087465 -56.887501 81.618752 -4.481250 
140803711087465 -56.512501 81.300003 -4.031250 
140803731087465 -56.081253 81.018753 -3.618750 
140803751087465 -55.556252 80.775002 -3.056250 
140803771087465 -54.825001 80.531250 -2.793750 
140803791087465 -54.468754 80.493752 -1.687500 
140803811087465 -54.093754 80.400002 -0.412500 
140803831087465 -54.112503 80.775002 0.300000 
140803851087465 -54.075001 80.887505 0.862500 
140803871087465 -54.318752 80.812500 1.143750 
140803891087465 -54.843754 80.606255 0.881250 
140803911087465 -55.387501 80.531250 0.693750 
140803931087465 -56.175003 80.775002 0.600000 
140803951087465 -56.793751 80.831253 -0.131250 
140803971087465 -57.375004 81.056252 -0.562500 
140803991087465 -57.356251 81.037506 -0.525000 
140804011087465 -57.581253 81.356255 -0.150000 
140804031087465 -57.412502 81.881256 0.693750 
140804051087465 -57.375004 82.425003 1.743750 
140804071087465 -57.281254 82.912506 2.775000 
140804091087465 -57.150002 83.287506 3.675000 
140804111087465 -57.056252 83.850006 4.368750 
140804131087465 -57.318752 84.056252 4.743750 
140804151087465 -57.581253 84.206253 4.875000 
140804171087465 -57.787502 84.150002 4.668750 
140804191087465 -58.425003 84.206253 4.087500 
140804211087465 -58.950001 84.187500 3.656250 
140804231087465 -59.587502 84.206253 3.131250 
140804251087465 -60.112503 84.337502 2.625000 
140804271087465 -60.712502 84.337502 2.475000 
140804291087465 -61.031254 84.487503 2.287500 
140804311087465 -61.293751 84.712502 2.287500 
140804331087465 -61.087502 84.525002 2.231250 
140804351087465 -60.843754 84.487503 2.250000 
140804371087465 -60.112503 84.375000 2.156250 
140804391087465 -59.175003 84.093750 2.025000 
140804411087465 -58.275002 83.606255 1.762500 
140804431087465 -57.412502 83.043755 0.956250 
140804451087465 -56.587502 82.350006 -0.075000 
140804471087465 -56.193752 81.712502 -1.237500 
140804491087465 -56.381252 81.487503 -2.400000 
140804511087465 -56.793751 81.112503 -3.337500 
140804531087465 -57.375004 80.737503 -4.387500 
140804551087465 -58.106251 80.475006 -5.531250 
140804571087465 -58.856251 80.306252 -6.150000 
140804591087465 -59.400002 80.137505 -6.693750 
140804611087465 -59.606251 80.118752 -6.806250 
140804631087465 -59.306252 79.856255 -6.768750 
140804651087465 -58.987503 79.743752 -6.600000 
140804671087465 -58.050003 79.537506 -6.731250 
140804691087465 -57.450001 79.350006 -6.525000 
140804711087465 -56.756252 79.293755 -6.150000 
140804731087465 -55.893753 79.106255 -5.868750 
140804751087465 -55.350002 78.937500 -5.587500 
140804771087465 -54.881252 78.937500 -5.475000 
140804791087465 -54.712502 79.068756 -5.306250 
140804811087465 -54.300003 79.162506 -4.931250 
140804831087465 -54.393753 79.368752 -4.425000 
140804851087465 -54.412502 79.743752 -3.937500 
140804871087465 -54.318752 79.931252 -3.562500 
140804891087465 -54.243752 80.118752 -3.356250 
140804911087465 -54.056252 80.362503 -3.000000 
140804931087465 -54.112503 80.550003 -2.550000 
140804951087465 -54.018753 80.737503 -2.268750 
140804971087465 -53.868752 80.981255 -2.025000 
140804991087465 -53.625004 81.037506 -1.481250 
140805011087465 -53.531254 81.318756 -1.087500 
140805031087465 -53.737503 81.525002 -0.656250 
140805051087465 -53.981251 81.956253 -0.225000 
140805071087465 -54.300003 82.312500 0.375000 
140805091087465 -54.581253 82.912506 1.125000 
140805111087465 -54.881252 83.362503 1.612500 
140805131087465 -55.387501 83.718750 2.287500 
140805151087465 -55.837502 84.093750 2.737500 
140805171087465 -55.856251 84.337502 3.243750 
140805191087465 -55.668751 84.637505 3.656250 
140805211087465 -55.612503 84.731255 4.012500 
140805231087465 -55.556252 84.956253 4.087500 
140805251087465 -55.631252 84.712502 3.806250 
140805271087465 -55.893753 84.806252 3.956250 
140805291087465 -55.950001 84.993752 4.031250 
140805311087465 -56.325001 85.331253 4.012500 
140805331087465 -56.737503 85.593750 4.050000 
140805351087465 -56.943752 85.893753 4.050000 
140805371087465 -57.075001 86.006256 3.937500 
140805391087465 -56.568752 85.781250 4.012500 
140805411087465 -55.856251 85.668755 4.012500 
140805431087465 -55.031254 85.237503 3.506250 
140805451087465 -54.525002 84.562500 2.700000 
140805471087465 -53.831253 83.812500 1.631250 
140805491087465 -53.700001 83.062500 0.262500 
140805511087465 -54.093754 82.537506 -1.031250 
140805531087465 -54.600002 81.918755 -2.381250 
140805551087465 -55.706253 81.543755 -3.862500 
140805571087465 -56.868752 81.225006 -5.025000 
140805591087465 -57.900002 81.018753 -5.943750 
140805611087465 -58.537502 80.850006 -6.768750 
140805631087465 -59.137501 80.775002 -7.200000 
140805651087465 -59.118752 80.625000 -7.387500 
140805671087465 -58.837502 80.212502 -7.575000 
140805691087465 -58.462502 80.118752 -7.706250 
140805711087465 -57.956253 80.156250 -7.537500 
140805731087465 -57.468754 79.968750 -7.537500 
140805751087465 -56.887501 79.687500 -7.518750 
140805771087465 -56.643753 79.837502 -7.237500 
140805791087465 -56.156254 79.875000 -7.143750 
140805811087465 -55.818752 79.781250 -7.218750 
140805831087465 -55.650002 79.931252 -7.143750 
140805851087465 -55.556252 79.931252 -7.087500 
140805871087465 -55.800003 79.912506 -7.087500 
140805891087465 -55.706253 80.062500 -6.993750 
140805911087465 -55.856251 80.156250 -6.806250 
140805931087465 -55.875004 80.043755 -6.768750 
140805951087465 -56.025002 80.231255 -6.618750 
140805971087465 -56.175003 80.156250 -6.487500 
140805991087465 -56.175003 80.100006 -6.393750 
140806011087465 -56.362503 80.381256 -6.037500 
140806031087465 -56.493752 80.737503 -5.662500 
140806051087465 -56.756252 81.243752 -5.137500 
140806071087465 -57.206253 81.975006 -4.200000 
140806091087465 -57.656254 82.743752 -3.318750 
140806111087465 -57.881252 83.362503 -2.043750 
140806131087465 -58.012501 84.300003 -0.712500 
140806151087465 -58.181252 85.237503 0.675000 
140806171087465 -58.068752 85.706253 1.837500 
140806191087465 -57.843754 86.193756 2.831250 
140806211087465 -57.975002 86.418755 3.656250 
140806231087465 -57.825001 86.512505 3.862500 
140806251087465 -57.712502 86.606255 3.975000 
140806271087465 -57.993752 86.700005 3.525000 
140806291087465 -58.725002 86.831253 3.337500 
140806311087465 -59.212502 86.718750 3.075000 
140806331087465 -59.850002 87.037506 3.000000 
140806351087465 -60.431252 86.981255 2.943750 
140806371087465 -60.693752 87.243752 2.943750 
140806391087465 -60.675003 87.318756 2.906250 
140806411087465 -60.375004 87.112503 2.756250 
140806431087465 -59.981251 86.868752 2.981250 
140806451087465 -58.912502 86.381256 2.625000 
140806471087465 -58.312504 85.875000 1.706250 
140806491087465 -57.712502 85.087502 0.543750 
140806511087465 -57.581253 84.281250 -1.050000 
140806531087465 -57.731251 83.456253 -2.625000 
140806551087465 -58.425003 82.875000 -3.900000 
140806571087465 -59.043751 82.612503 -5.006250 
140806591087465 -59.643753 82.068756 -6.562500 
140806611087465 -60.450001 81.637505 -7.743750 
140806631087465 -61.031254 81.487503 -8.006250 
140806651087465 -61.200001 81.393753 -8.381250 
140806671087465 -60.881252 81.487503 -8.231251 
140806691087465 -60.225002 81.468750 -8.100000 
140806711087465 -59.418751 81.487503 -8.100000 
140806731087465 -58.893753 81.337502 -8.137501 
140806751087465 -58.200001 81.187500 -7.912500 
140806771087465 -57.600002 81.300003 -7.593750 
140806791087465 -57.056252 81.112503 -7.687500 
140806811087465 -56.587502 81.187500 -7.518750 
140806831087465 -56.212502 81.056252 -7.256250 
140806851087465 -56.043751 80.962502 -6.918750 
140806871087465 -55.687504 81.037506 -6.450000 
140806891087465 -55.725002 81.168755 -5.850000 
140806911087465 -55.837502 81.506256 -5.287500 
140806931087465 -55.968754 81.843750 -4.631250 
140806951087465 -55.987503 82.181252 -4.181250 
140806971087465 -56.400002 82.481255 -3.675000 
140806991087465 -56.662502 83.025002 -3.206250 
140807011087465 -56.943752 83.606255 -3.093750 
140807031087465 -57.206253 83.868752 -2.812500 
140807051087465 -57.187504 84.225006 -2.643750 
140807071087465 -57.431252 84.356255 -2.418750 
140807091087465 -57.637501 84.600006 -2.193750 
140807111087465 -58.106251 85.068756 -1.668750 
140807131087465 -58.631252 85.518753 -1.050000 
140807151087465 -59.100002 86.043755 -0.337500 
140807171087465 -59.475002 86.493752 0.806250 
140807191087465 -59.962502 86.925003 1.743750 
140807211087465 -60.375004 87.093750 2.493750 
140807231087465 -60.600002 87.675003 3.187500 
140807251087465 -60.787502 87.900002 3.675000 
140807271087465 -61.068752 88.031250 3.787500 
140807291087465 -61.368752 88.293755 3.675000 
140807311087465 -62.025002 88.406250 3.731250 
140807331087465 -62.568752 88.443756 3.468750 
140807351087465 -63.150002 88.762505 3.450000 
140807371087465 -63.506252 89.062500 3.412500 
140807391087465 -63.393753 89.175003 3.581250 
140807411087465 -63.225002 89.081253 3.600000 
140807431087465 -62.418751 88.837502 3.750000 
140807451087465 -61.218754 88.443756 3.806250 
140807471087465 -59.868752 87.787506 3.018750 
140807491087465 -58.743752 86.962502 2.062500 
140807511087465 -57.918751 86.137505 0.787500 
140807531087465 -57.262501 85.312500 -0.318750 
140807551087465 -57.131252 84.731255 -1.706250 
140807571087465 -57.581253 84.487503 -2.906250 
140807591087465 -58.350002 84.206253 -3.843750 
140807611087465 -59.212502 83.906250 -4.818750 
140807631087465 -59.981251 83.737503 -5.493750 
140807651087465 -60.543751 83.868752 -5.812500 
140807671087465 -60.787502 83.812500 -6.037500 
140807691087465 -60.918751 83.812500 -6.131250 
140807711087465 -60.862503 83.587502 -6.300000 
140807731087465 -60.187504 83.250000 -6.318750 
140807751087465 -59.475002 83.081253 -6.206250 
140807771087465 -58.743752 83.081253 -5.906250 
140807791087465 -57.937504 82.912506 -5.493750 
140807811087465 -57.150002 82.593750 -5.137500 
140807831087465 -56.550003 82.387505 -4.668750 
140807851087465 -56.212502 82.462502 -4.500000 
140807871087465 -55.893753 82.350006 -4.050000 
140807891087465 -55.781254 82.537506 -3.225000 
140807911087465 -55.743752 82.818756 -2.793750 
140807931087465 -55.706253 83.062500 -2.100000 
140807951087465 -55.912502 83.212502 -1.593750 
140807971087465 -56.100002 83.493752 -1.256250 
140807991087465 -56.062504 83.681252 -0.806250 
140808011087465 -55.950001 83.793755 -0.225000 
140808031087465 -56.006252 84.075005 0.487500 
140808051087465 -55.818752 84.093750 0.506250 
140808071087465 -55.743752 84.075005 0.581250 
140808091087465 -55.687504 83.943756 0.581250 
140808111087465 -55.875004 84.056252 0.806250 
140808131087465 -56.193752 84.337502 1.387500 
140808151087465 -56.775002 84.750000 2.006250 
140808171087465 -57.281254 84.937500 2.700000 
140808191087465 -57.693752 85.218750 3.037500 
140808211087465 -58.200001 85.387505 3.712500 
140808231087465 -58.425003 85.593750 4.275000 
140808251087465 -58.443752 85.725006 4.481250 
140808271087465 -58.275002 85.800003 4.837500 
140808291087465 -57.993752 85.856255 4.762500 
140808311087465 -58.050003 85.668755 4.950000 
140808331087465 -58.143753 85.931252 4.893750 
140808351087465 -58.275002 86.006256 5.175000 
140808371087465 -58.425003 85.931252 5.287500 
140808391087465 -58.312504 85.931252 5.400000 
140808411087465 -58.462502 85.950005 5.775000 
140808431087465 -58.406254 85.800003 5.868750 
140808451087465 -58.031254 85.668755 6.037500 
140808471087465 -57.225002 85.312500 5.643750 
140808491087465 -56.775002 84.731255 4.931250 
140808511087465 -56.362503 84.112503 3.693750 
140808531087465 -56.437504 83.643753 2.418750 
140808551087465 -56.681252 83.118752 1.256250 
140808571087465 -57.262501 82.706253 -0.018750 
140808591087465 -57.918751 82.481255 -1.350000 
140808611087465 -58.837502 82.068756 -2.587500 
140808631087465 -59.643753 81.881256 -3.712500 
140808651087465 -59.887501 81.750000 -4.293750 
140808671087465 -59.962502 81.675003 -4.406250 
140808691087465 -59.531254 81.506256 -4.518750 
140808711087465 -59.287502 81.412506 -4.368750 
140808731087465 -58.593754 81.168755 -4.368750 
140808751087465 -57.881252 81.056252 -4.181250 
140808771087465 -57.093754 81.075005 -3.768750 
140808791087465 -56.381252 81.225006 -3.168750 
140808811087465 -56.025002 81.018753 -2.943750 
140808831087465 -55.687504 80.850006 -3.037500 
140808851087465 -55.631252 81.112503 -2.812500 
140808871087465 -55.612503 81.262505 -2.662500 
140808891087465 -55.556252 81.262505 -2.268750 
140808911087465 -55.387501 81.243752 -1.837500 
140808931087465 -55.218754 81.187500 -1.406250 
140808951087465 -54.900002 80.850006 -1.218750 
140808971087465 -54.581253 80.981255 -0.675000 
140808991087465 -54.056252 81.225006 -0.150000 
140809011087465 -53.418751 81.150002 0.375000 
140809031087465 -52.631252 81.075005 0.956250 
140809051087465 -52.068752 81.187500 1.481250 
140809071087465 -51.656254 81.168755 1.837500 
140809091087465 -51.562504 81.300003 2.475000 
140809111087465 -51.487503 81.918755 3.337500 
140809131087465 -51.337502 82.237503 4.218750 
140809151087465 -51.712502 82.312500 5.231250 
140809171087465 -51.975002 82.518753 5.962500 
140809191087465 -52.312504 82.800003 6.525000 
140809211087465 -52.725002 83.025002 7.012500 
140809231087465 -53.025002 83.212502 7.443750 
140809251087465 -53.306252 83.287506 7.181250 
140809271087465 -53.606251 83.231255 6.843750 
140809291087465 -54.037502 83.175003 6.450000 
140809311087465 -54.393753 83.268753 6.168750 
140809331087465 -54.675003 83.512505 6.281250 
140809351087465 -55.275002 83.587502 6.131250 
140809371087465 -55.575001 83.550003 5.887500 
140809391087465 -55.818752 83.718750 5.625000 
140809411087465 -56.006252 83.756256 5.606250 
140809431087465 -56.250004 83.587502 5.456250 
140809451087465 -55.950001 83.362503 5.212500 
140809471087465 -55.650002 83.025002 4.706250 
140809491087465 -55.725002 82.293755 3.468750 
140809511087465 -55.856251 81.806252 2.343750 
140809531087465 -56.550003 81.468750 1.106250 
140809551087465 -57.243752 81.037506 -0.018750 
140809571087465 -57.956253 80.568756 -1.068750 
140809591087465 -58.931252 80.250000 -2.175000 
140809611087465 -60.056252 79.987503 -3.187500 
140809631087465 -60.750004 79.762505 -4.031250 
140809651087465 -61.106251 79.725006 -4.425000 
140809671087465 -60.825001 79.331253 -4.631250 
140809691087465 -59.925003 78.937500 -4.425000 
140809711087465 -59.100002 78.562500 -4.106250 
140809731087465 -58.368752 78.375000 -3.750000 
140809751087465 -57.375004 78.281250 -3.600000 
140809771087465 -56.643753 78.131256 -3.525000 
140809791087465 -56.418751 78.093750 -3.431250 
140809811087465 -56.493752 78.206253 -3.393750 
140809831087465 -56.831253 78.450005 -3.056250 
140809851087465 -57.487503 78.787506 -3.037500 
140809871087465 -58.218754 79.162506 -3.056250 
140809891087465 -58.593754 79.331253 -3.131250 
140809911087465 -59.006252 79.537506 -2.925000 
140809931087465 -59.025002 79.612503 -2.812500 
140809951087465 -58.912502 79.687500 -2.643750 
140809971087465 -58.612503 79.743752 -2.531250 
140809991087465 -58.162502 79.837502 -2.400000 
140810011087465 -57.693752 79.931252 -2.043750 
140810031087465 -57.412502 80.081253 -1.500000 
140810051087465 -57.000004 80.325005 -1.275000 
140810071087465 -56.981251 80.212502 -0.843750 
140810091087465 -57.393753 80.587502 -0.037500 
140810111087465 -57.787502 81.187500 1.068750 
140810131087465 -58.406254 81.750000 2.062500 
140810151087465 -59.137501 82.350006 2.850000 
140810171087465 -59.737503 82.781250 3.393750 
140810191087465 -60.300003 83.081253 3.675000 
140810211087465 -61.125004 83.381256 4.275000 
140810231087465 -61.668751 83.606255 4.237500 
140810251087465 -62.137501 83.625000 3.956250 
140810271087465 -62.775002 83.437500 3.356250 
140810291087465 -63.412502 83.437500 2.925000 
140810311087465 -63.918751 83.418755 2.643750 
140810331087465 -64.556252 83.456253 2.587500 
140810351087465 -65.062500 83.475006 2.681250 
140810371087465 -65.006256 83.325005 2.362500 
140810391087465 -65.231255 83.475006 2.250000 
140810411087465 -64.987503 83.287506 2.531250 
140810431087465 -64.312500 83.250000 2.418750 
140810451087465 -63.450001 82.706253 1.912500 
140810471087465 -62.700001 82.237503 1.087500 
140810491087465 -62.231251 81.618752 0.225000 
140810511087465 -61.875004 81.150002 -0.750000 
140810531087465 -62.193752 80.775002 -1.275000 
140810551087465 -62.212502 80.606255 -1.537500 
140810571087465 -62.662502 80.456253 -2.212500 
140810591087465 -63.093754 80.250000 -2.868750 
140810611087465 -63.318752 80.231255 -3.018750 
140810631087465 -63.318752 80.137505 -3.112500 
140810651087465 -62.962502 80.006256 -3.281250 
140810671087465 -62.437504 79.837502 -3.281250 
140810691087465 -61.537502 79.650002 -3.318750 
140810711087465 -60.637501 79.275002 -3.693750 
140810731087465 -59.756252 79.125000 -3.731250 
140810751087465 -59.043751 78.956253 -3.393750 
140810771087465 -58.443752 78.768753 -3.375000 
140810791087465 -58.125004 78.600006 -3.243750 
140810811087465 -57.768753 78.768753 -2.887500 
140810831087465 -57.600002 78.843750 -2.437500 
140810851087465 -57.600002 79.106255 -2.025000 
140810871087465 -57.637501 79.593750 -1.125000 
140810891087465 -57.637501 79.856255 -0.543750 
140810911087465 -57.806252 80.043755 -0.206250 
140810931087465 -57.900002 80.250000 0.300000 
140810951087465 -58.012501 80.625000 0.525000 
140810971087465 -58.331253 80.681252 0.656250 
140810991087465 -58.556252 80.868752 0.693750 
140811011087465 -58.743752 80.887505 0.506250 
140811031087465 -59.081253 80.775002 0.393750 
140811051087465 -59.437504 81.018753 0.412500 
140811071087465 -59.493752 81.450005 0.862500 
140811091087465 -59.700001 81.900002 1.575000 
140811111087465 -59.981251 82.162506 2.512500 
140811131087465 -60.093754 82.687500 3.093750 
140811151087465 -60.037502 83.043755 3.731250 
140811171087465 -60.243752 83.550003 4.462500 
140811191087465 -60.318752 83.812500 4.706250 
140811211087465 -60.431252 83.737503 4.612500 
140811231087465 -60.918751 83.437500 4.218750 
140811251087465 -61.406254 83.475006 3.693750 
140811271087465 -62.006252 83.493752 3.262500 
140811291087465 -62.437504 83.400002 3.131250 
140811311087465 -62.868752 83.587502 2.962500 
140811331087465 -62.831253 83.325005 2.700000 
140811351087465 -62.906254 83.156250 2.531250 
140811371087465 -62.737503 83.175003 2.625000 
140811391087465 -62.137501 83.231255 2.568750 
140811411087465 -61.462502 82.762505 2.137500 
140811431087465 -61.106251 82.237503 1.387500 
140811451087465 -60.937504 81.918755 0.468750 
140811471087465 -61.106251 81.243752 -0.918750 
140811491087465 -61.518753 81.037506 -2.118750 
140811511087465 -61.781254 80.625000 -3.093750 
140811531087465 -62.137501 80.193756 -4.012500 
140811551087465 -62.400002 79.837502 -4.781250 
140811571087465 -62.625004 79.612503 -5.025000 
140811591087465 -62.193752 79.593750 -5.250000 
140811611087465 -61.612503 79.368752 -5.175000 
140811631087465 -60.825001 79.200005 -4.631250 
140811651087465 -59.925003 78.918755 -3.993750 
140811671087465 -58.912502 78.843750 -3.825000 
140811691087465 -57.918751 78.825005 -3.318750 
140811711087465 -57.281254 78.693756 -3.337500 
140811731087465 -56.868752 78.600006 -3.206250 
140811751087465 -56.493752 78.562500 -3.112500 
140811771087465 -56.212502 78.543755 -3.037500 
140811791087465 -56.100002 78.581253 -3.018750 
140811811087465 -55.818752 78.600006 -2.718750 
140811831087465 -56.212502 78.918755 -2.043750 
140811851087465 -56.568752 79.331253 -1.593750 
140811871087465 -56.943752 79.443756 -0.900000 
140811891087465 -57.243752 79.706253 -0.881250 
140811911087465 -57.525002 79.650002 -0.768750 
140811931087465 -57.787502 79.781250 -0.468750 
140811951087465 -58.012501 80.043755 -0.393750 
140811971087465 -58.612503 80.250000 -0.562500 
140811991087465 -58.837502 80.306252 -0.637500 
140812011087465 -59.212502 80.512505 -0.600000 
140812031087465 -59.662502 81.075005 -0.243750 
140812051087465 -60.300003 81.562500 0.787500 
140812071087465 -61.125004 82.462502 1.818750 
140812091087465 -61.818752 82.837502 2.456250 
140812111087465 -62.437504 83.268753 3.206250 
140812131087465 -63.000004 83.737503 3.618750 
140812151087465 -63.450001 84.112503 3.975000 
140812171087465 -64.050003 84.187500 3.693750 
140812191087465 -64.331253 84.281250 3.468750 
140812211087465 -64.481255 84.337502 3.168750 
140812231087465 -64.650002 84.112503 2.793750 
140812251087465 -64.818756 84.262505 2.831250 
140812271087465 -64.537506 84.075005 2.887500 
140812291087465 -63.956253 83.868752 3.187500 
140812311087465 -62.943752 83.418755 3.187500 
140812331087465 -61.893753 82.987503 3.093750 
140812351087465 -61.068752 82.275002 2.568750 
140812371087465 -60.000004 81.731255 1.725000 
140812391087465 -59.550003 81.187500 0.750000 
140812411087465 -59.568752 80.512505 -0.543750 
140812431087465 -59.775002 79.950005 -1.968750 
140812451087465 -60.393753 79.481255 -3.318750 
140812471087465 -61.293751 79.462502 -4.481250 
140812491087465 -61.912502 79.237503 -5.268750 
140812511087465 -62.212502 79.331253 -5.718750 
140812531087465 -62.381252 79.125000 -5.793750 
140812551087465 -61.706253 78.975006 -5.568750 
140812571087465 -60.450001 78.937500 -5.100000 
140812591087465 -59.493752 78.862503 -4.575000 
140812611087465 -58.143753 78.750000 -4.087500 
140812631087465 -57.150002 78.506256 -3.656250 
140812651087465 -56.418751 78.562500 -3.150000 
140812671087465 -56.100002 78.543755 -2.812500 
140812691087465 -56.175003 78.562500 -2.775000 
140812711087465 -56.437504 78.787506 -2.737500 
140812731087465 -56.625004 78.900002 -2.512500 
140812751087465 -56.643753 79.162506 -2.062500 
140812771087465 -57.000004 79.668755 -1.481250 
140812791087465 -57.093754 79.931252 -0.881250 
140812811087465 -56.925003 80.006256 -0.487500 
140812831087465 -56.568752 80.081253 -0.018750 
140812851087465 -56.081253 80.343750 0.543750 
140812871087465 -55.593754 80.400002 1.162500 
140812891087465 -55.612503 80.512505 1.256250 
140812911087465 -55.687504 80.531250 1.181250 
140812931087465 -55.950001 80.493752 0.843750 
140812951087465 -56.343754 80.643753 0.581250 
140812971087465 -56.925003 81.037506 0.768750 
140812991087465 -57.843754 81.712502 1.368750 
140813011087465 -58.706253 82.125000 1.837500 
140813031087465 -59.756252 82.518753 2.025000 
140813051087465 -60.356251 82.912506 2.400000 
140813071087465 -60.975002 83.400002 2.793750 
140813091087465 -61.537502 83.906250 2.981250 
140813111087465 -62.081253 83.887505 3.056250 
140813131087465 -62.662502 83.793755 2.718750 
140813151087465 -62.925003 83.625000 2.418750 
140813171087465 -63.581253 83.662506 2.306250 
140813191087465 -63.693752 83.868752 2.437500 
140813211087465 -64.256256 84.150002 2.625000 
140813231087465 -64.312500 84.187500 2.512500 
140813251087465 -63.993752 83.831253 2.643750 
140813271087465 -63.318752 83.887505 2.775000 
140813291087465 -62.700001 83.868752 3.075000 
140813311087465 -61.968754 83.418755 2.700000 
140813331087465 -61.106251 82.800003 1.781250 
140813351087465 -60.750004 82.106255 0.356250 
140813371087465 -60.731251 81.262505 -1.162500 
140813391087465 -61.368752 80.531250 -2.325000 
140813411087465 -62.043751 79.987503 -3.487500 
140813431087465 -63.018753 79.537506 -4.537500 
140813451087465 -63.337502 79.012505 -5.737500 
140813471087465 -63.693752 78.712502 -6.281250 
140813491087465 -63.787502 78.318756 -6.393750 
140813511087465 -63.243752 78.037506 -6.431250 
140813531087465 -62.081253 77.737503 -6.243750 
140813551087465 -60.993752 77.831253 -6.225000 
140813571087465 -59.962502 77.643753 -6.187500 
140813591087465 -58.931252 77.718750 -5.887500 
140813611087465 -58.725002 77.868752 -5.587500 
140813631087465 -58.387501 78.056252 -5.400000 
140813651087465 -58.556252 78.468750 -5.362500 
140813671087465 -58.856251 78.693756 -4.931250 
140813691087465 -59.587502 79.125000 -4.518750 
140813711087465 -59.943752 79.350006 -3.825000 
140813731087465 -60.431252 79.893753 -3.318750 
140813751087465 -61.031254 79.968750 -3.168750 
140813771087465 -61.087502 80.043755 -2.943750 
140813791087465 -61.218754 80.212502 -2.718750 
140813811087465 -60.918751 80.156250 -2.625000 
140813831087465 -60.993752 80.268753 -2.437500 
140813851087465 -60.637501 80.250000 -2.400000 
140813871087465 -60.787502 80.306252 -2.400000 
140813891087465 -60.862503 80.306252 -2.062500 
140813911087465 -60.993752 80.700005 -1.462500 
140813931087465 -61.500004 81.206253 -0.600000 
140813951087465 -62.175003 81.581253 0.450000 
140813971087465 -62.775002 82.293755 1.575000 
140813991087465 -63.506252 82.781250 2.643750 
140814011087465 -64.256256 83.212502 3.731250 
140814031087465 -64.762505 83.493752 4.368750 
140814051087465 -65.025002 83.756256 4.687500 
140814071087465 -65.343750 83.887505 4.762500 
140814091087465 -65.587502 83.793755 4.537500 
140814111087465 -65.850006 83.943756 4.031250 
140814131087465 -66.206253 83.850006 3.787500 
140814151087465 -66.243752 83.812500 3.637500 
140814171087465 -66.412506 83.981255 3.431250 
140814191087465 -66.393753 83.906250 3.637500 
140814211087465 -66.262505 83.775002 3.656250 
140814231087465 -65.587502 83.718750 3.843750 
140814251087465 -64.725006 83.531250 3.900000 
140814271087465 -64.031250 82.931252 3.581250 
140814291087465 -63.281254 82.406250 2.775000 
140814311087465 -63.093754 81.618752 1.181250 
140814331087465 -63.112503 80.306252 -0.543750 
140814351087465 -63.337502 79.275002 -2.493750 
140814371087465 -63.881252 78.375000 -4.275000 
140814391087465 -64.537506 77.343750 -6.150000 
140814411087465 -65.268753 76.650002 -7.687500 
140814431087465 -65.456253 76.143753 -8.925000 
140814451087465 -65.550003 75.581253 -9.656250 
140814471087465 -65.043755 75.075005 -9.806251 
140814491087465 -63.956253 75.018753 -9.806251 
140814511087465 -63.037502 74.981255 -9.731251 
140814531087465 -61.968754 74.925003 -9.318750 
140814551087465 -61.050003 74.756256 -8.943750 
140814571087465 -60.206253 74.606255 -8.812500 
140814591087465 -59.718754 74.418755 -8.193750 
140814611087465 -59.287502 74.456253 -7.837500 
140814631087465 -59.025002 74.756256 -7.443750 
140814651087465 -59.212502 75.112503 -6.675000 
140814671087465 -59.212502 75.468750 -5.831250 
140814691087465 -59.493752 75.600006 -5.231250 
140814711087465 -59.643753 76.050003 -4.856250 
140814731087465 -59.962502 76.125000 -4.593750 
140814751087465 -60.225002 76.275002 -4.650000 
140814771087465 -60.506252 76.293755 -4.518750 
140814791087465 -60.806252 76.256256 -4.350000 
140814811087465 -61.106251 76.331253 -4.462500 
140814831087465 -61.312504 76.200005 -4.462500 
140814851087465 -61.518753 76.575005 -4.312500 
140814871087465 -61.875004 76.762505 -3.562500 
140814891087465 -62.437504 77.325005 -2.643750 
140814911087465 -62.831253 77.793755 -1.593750 
140814931087465 -63.356251 78.431252 -0.393750 
140814951087465 -63.693752 79.106255 0.918750 
140814971087465 -63.975002 79.650002 1.818750 
140814991087465 -64.518753 80.043755 2.737500 
140815011087465 -65.043755 80.400002 3.168750 
140815031087465 -65.587502 80.531250 3.431250 
140815051087465 -65.756256 80.568756 3.618750 
140815071087465 -66.112503 80.625000 3.618750 
140815091087465 -66.412506 80.550003 3.375000 
140815111087465 -67.125000 80.662506 3.393750 
140815131087465 -67.556252 80.718750 3.412500 
140815151087465 -67.481255 80.643753 3.206250 
140815171087465 -66.843750 79.931252 2.868750 
140815191087465 -65.868752 79.481255 2.250000 
140815211087465 -64.781250 78.562500 1.350000 
140815231087465 -64.050003 77.550003 0.037500 
140815251087465 -63.600002 76.425003 -1.350000 
140815271087465 -62.943752 75.450005 -3.206250 
140815291087465 -62.437504 74.250000 -4.612500 
140815311087465 -62.250004 73.350006 -6.168750 
140815331087465 -62.250004 72.806252 -7.218750 
140815351087465 -62.587502 72.375000 -8.043751 
140815371087465 -62.925003 72.206253 -8.550000 
140815391087465 -62.775002 72.337502 -8.437500 
140815411087465 -62.100002 72.468750 -8.493751 
140815431087465 -61.293751 72.318756 -8.325001 
140815451087465 -60.393753 72.225006 -8.268750 
140815471087465 -59.400002 72.037506 -8.081250 
140815491087465 -58.706253 72.168755 -7.781250 
140815511087465 -57.993752 72.075005 -7.275000 
140815531087465 -57.093754 72.300003 -6.562500 
140815551087465 -56.381252 72.168755 -6.075000 
140815571087465 -56.006252 72.393753 -5.400000 
140815591087465 -55.762501 72.506256 -4.968750 
140815611087465 -55.650002 72.975006 -4.500000 
140815631087465 -55.950001 73.650002 -3.956250 
140815651087465 -56.062504 73.875000 -3.675000 
140815671087465 -56.343754 74.118752 -3.825000 
140815691087465 -56.550003 74.381256 -4.087500 
140815711087465 -56.831253 74.643753 -4.293750 
140815731087465 -57.187504 74.700005 -4.537500 
140815751087465 -57.731251 75.056252 -4.443750 
140815771087465 -58.181252 75.375000 -4.125000 
140815791087465 -58.462502 75.731255 -3.581250 
140815811087465 -58.706253 76.312500 -2.718750 
140815831087465 -59.025002 77.062500 -1.537500 
140815851087465 -59.775002 77.793755 -0.037500 
140815871087465 -60.093754 78.675003 1.387500 
140815891087465 -60.318752 79.537506 2.850000 
140815911087465 -60.600002 80.118752 4.031250 
140815931087465 -61.031254 80.531250 4.893750 
140815951087465 -61.406254 80.831253 5.512500 
140815971087465 -61.931252 81.000000 5.868750 
140815991087465 -62.400002 81.093750 6.112500 
140816011087465 -62.306252 81.018753 5.775000 
140816031087465 -62.812504 80.887505 5.850000 
140816051087465 -62.625004 80.906250 5.925000 
140816071087465 -62.287502 80.756256 5.831250 
140816091087465 -61.875004 80.756256 5.625000 
140816111087465 -61.256252 80.531250 5.118750 
140816131087465 -60.487503 79.931252 4.237500 
140816151087465 -59.531254 79.200005 3.075000 
140816171087465 -59.118752 78.431252 1.631250 
140816191087465 -58.706253 77.606255 -0.150000 
140816211087465 -59.100002 76.556252 -1.950000 
140816231087465 -59.587502 75.656250 -3.618750 
140816251087465 -59.887501 74.793755 -5.250000 
140816271087465 -60.243752 73.931252 -6.693750 
140816291087465 -60.337502 73.443756 -7.762500 
140816311087465 -60.600002 73.031250 -8.493751 
140816331087465 -60.431252 72.806252 -8.737500 
140816351087465 -60.018753 72.525002 -8.887501 
140816371087465 -59.212502 72.356255 -9.075001 
140816391087465 -58.068752 72.093750 -9.056251 
140816411087465 -57.131252 71.906250 -9.131250 
140816431087465 -56.568752 71.943756 -8.887501 
140816451087465 -55.837502 72.037506 -8.550000 
140816471087465 -55.237503 72.112503 -8.212501 
140816491087465 -55.087502 72.300003 -8.006250 
140816511087465 -55.012501 72.637505 -7.725000 
140816531087465 -54.693752 73.218750 -7.125000 
140816551087465 -54.956253 73.912506 -6.618750 
140816571087465 -54.993752 74.681252 -5.400000 
140816591087465 -54.731251 75.393753 -4.331250 
140816611087465 -55.143753 76.106255 -3.675000 
140816631087465 -55.387501 76.781250 -3.337500 
140816651087465 -55.443752 77.175003 -3.150000 
140816671087465 -55.462502 77.643753 -3.112500 
140816691087465 -55.912502 77.887505 -3.075000 
140816711087465 -56.231251 78.000000 -3.243750 
140816731087465 -56.700001 78.300003 -3.843750 
140816751087465 -57.356251 78.562500 -4.237500 
140816771087465 -58.125004 79.106255 -3.937500 
140816791087465 -58.931252 79.781250 -3.093750 
140816811087465 -59.887501 80.737503 -1.743750 
140816831087465 -60.750004 81.750000 -0.187500 
140816851087465 -61.706253 82.687500 1.181250 
140816871087465 -62.437504 83.681252 2.587500 
140816891087465 -63.187504 84.375000 3.862500 
140816911087465 -63.881252 85.125000 4.612500 
140816931087465 -64.687500 85.406250 5.100000 
140816951087465 -65.175003 85.668755 5.100000 
140816971087465 -65.625000 85.781250 5.081250 
140816991087465 -66.093750 85.687500 4.725000 
140817011087465 -66.075005 85.612503 4.518750 
140817031087465 -65.925003 85.406250 4.500000 
140817051087465 -65.587502 85.350006 4.518750 
140817071087465 -64.837502 85.218750 4.612500 
140817091087465 -63.768753 84.975006 4.331250 
140817111087465 -62.812504 84.656250 3.562500 
140817131087465 -61.931252 84.075005 2.512500 
140817151087465 -61.237503 83.231255 1.143750 
140817171087465 -61.162502 82.143753 -0.881250 
140817191087465 -61.275002 81.206253 -3.281250 
140817211087465 -61.612503 79.968750 -5.643750 
140817231087465 -62.212502 78.881256 -7.856250 
140817251087465 -62.718754 77.981255 -9.731251 
140817271087465 -63.187504 77.137505 -11.287500 
140817291087465 -63.450001 76.406250 -12.656251 
140817311087465 -63.431252 75.918755 -13.237500 
140817331087465 -63.093754 75.656250 -13.518750 
140817351087465 -62.456253 75.468750 -13.500001 
140817371087465 -61.668751 75.056252 -13.368751 
140817391087465 -60.825001 74.850006 -13.387501 
140817411087465 -60.056252 74.681252 -13.275001 
140817431087465 -59.343754 74.568756 -12.806251 
140817451087465 -58.518753 74.587502 -12.187501 
140817471087465 -57.975002 74.587502 -12.187501 
140817491087465 -57.618752 74.887505 -11.812500 
140817511087465 -57.337502 75.168755 -11.718750 
140817531087465 -57.375004 75.656250 -11.512501 
140817551087465 -57.243752 75.843750 -11.118751 
140817571087465 -57.543751 76.350006 -10.781250 
140817591087465 -58.012501 76.687500 -10.537500 
140817611087465 -58.725002 76.800003 -10.575001 
140817631087465 -59.006252 77.231255 -10.387501 
140817651087465 -59.118752 77.437500 -10.125000 
140817671087465 -59.681252 77.775002 -9.637501 
140817691087465 -59.793751 78.431252 -8.981251 
140817711087465 -60.300003 79.256256 -7.762500 
140817731087465 -60.300003 79.800003 -6.525000 
140817751087465 -60.262501 80.568756 -5.118750 
140817771087465 -60.356251 81.712502 -3.450000 
140817791087465 -60.693752 82.818756 -1.368750 
140817811087465 -60.731251 83.737503 0.712500 
140817831087465 -60.731251 84.487503 2.737500 
140817851087465 -61.031254 84.937500 4.181250 
140817871087465 -60.900002 85.331253 5.043750 
140817891087465 -60.937504 85.650002 5.925000 
140817911087465 -61.218754 86.062500 6.843750 
140817931087465 -61.481251 86.081253 7.368750 
140817951087465 -61.556252 86.006256 7.556250 
140817971087465 -62.006252 86.250000 7.537500 
140817991087465 -62.081253 86.418755 7.818750 
140818011087465 -61.893753 86.456253 8.193750 
140818031087465 -62.137501 86.418755 8.493751 
140818051087465 -61.875004 86.625000 8.568750 
140818071087465 -61.687504 86.306252 8.193750 
140818091087465 -60.956253 86.043755 7.725000 
140818111087465 -60.450001 85.612503 7.106250 
140818131087465 -59.831253 84.787506 5.700000 
140818151087465 -59.531254 83.943756 3.581250 
140818171087465 -59.512501 83.118752 1.518750 
140818191087465 -59.737503 82.031250 -0.937500 
140818211087465 -60.337502 80.887505 -3.112500 
140818231087465 -60.768753 80.025002 -4.725000 
140818251087465 -61.406254 79.256256 -6.431250 
140818271087465 -61.931252 78.468750 -7.931250 
140818291087465 -62.475002 77.906250 -8.850000 
140818311087465 -62.437504 77.362503 -9.281250 
140818331087465 -62.043751 76.950005 -9.618751 
140818351087465 -61.050003 76.800003 -9.468750 
140818371087465 -59.943752 76.593750 -9.262501 
140818391087465 -58.875004 76.612503 -9.525001 
140818411087465 -57.881252 76.631256 -9.243751 
140818431087465 -56.906254 76.500000 -8.868751 
140818451087465 -56.512501 76.856255 -8.512501 
140818471087465 -56.493752 77.381256 -8.175000 
140818491087465 -56.512501 77.943756 -7.706250 
140818511087465 -56.625004 78.468750 -7.256250 
140818531087465 -56.906254 79.012505 -6.468750 
140818551087465 -57.000004 79.650002 -5.493750 
140818571087465 -57.356251 80.081253 -4.743750 
140818591087465 -57.731251 80.887505 -4.631250 
140818611087465 -57.937504 81.093750 -4.443750 
140818631087465 -58.050003 81.150002 -4.368750 
140818651087465 -58.518753 81.131256 -4.537500 
140818671087465 -59.175003 81.187500 -4.725000 
140818691087465 -59.700001 81.412506 -4.968750 
140818711087465 -60.281254 81.618752 -4.818750 
140818731087465 -60.900002 82.012505 -4.593750 
140818751087465 -61.443752 82.518753 -3.731250 
140818771087465 -61.706253 82.987503 -2.812500 
140818791087465 -62.043751 83.606255 -1.481250 
140818811087465 -62.006252 84.543755 0.018750 
140818831087465 -62.062504 85.181252 1.293750 
140818851087465 -62.437504 85.725006 2.100000 
140818871087465 -62.831253 85.987503 2.287500 
140818891087465 -62.906254 86.156250 2.212500 
140818911087465 -63.318752 86.175003 1.931250 
140818931087465 -63.862503 86.362503 1.762500 
140818951087465 -64.425003 86.456253 1.500000 
140818971087465 -65.456253 86.400002 1.275000 
140818991087465 -65.925003 86.493752 1.293750 
140819011087465 -65.587502 86.400002 0.993750 
140819031087465 -65.250000 86.287506 0.825000 
140819051087465 -64.912506 86.512505 1.143750 
140819071087465 -64.275002 86.568756 1.068750 
140819091087465 -63.562504 86.231255 0.787500 
140819111087465 -62.850002 85.781250 -0.262500 
140819131087465 -61.987503 85.162506 -1.556250 
140819151087465 -61.650002 84.581253 -2.850000 
140819171087465 -61.875004 84.187500 -3.768750 
140819191087465 -62.250004 83.981255 -4.612500 
140819211087465 -62.662502 83.531250 -5.587500 
140819231087465 -62.981251 83.025002 -6.262500 
140819251087465 -63.131252 82.893753 -6.750000 
140819271087465 -62.981251 82.706253 -6.618750 
140819291087465 -62.625004 82.781250 -6.431250 
140819311087465 -61.818752 82.800003 -6.056250 
140819331087465 -60.937504 82.762505 -5.606250 
140819351087465 -59.868752 82.443756 -5.381250 
140819371087465 -58.912502 82.200005 -5.175000 
140819391087465 -58.068752 81.993752 -5.025000 
140819411087465 -57.506252 81.750000 -4.650000 
140819431087465 -57.150002 81.900002 -4.425000 
140819451087465 -56.831253 81.825005 -4.106250 
140819471087465 -56.775002 81.993752 -3.975000 
140819491087465 -56.962502 82.125000 -3.825000 
140819511087465 -57.075001 82.218750 -3.393750 
140819531087465 -57.337502 82.575005 -2.943750 
140819551087465 -57.487503 82.743752 -2.456250 
140819571087465 -57.431252 83.100006 -2.175000 
140819591087465 -57.543751 83.193756 -1.893750 
140819611087465 -57.787502 83.362503 -1.781250 
140819631087465 -57.956253 83.156250 -1.518750 
140819651087465 -58.068752 83.137505 -1.481250 
140819671087465 -58.800003 83.475006 -1.500000 
140819691087465 -59.306252 83.456253 -1.462500 
140819711087465 -59.812504 83.868752 -1.293750 
140819731087465 -60.525002 84.056252 -0.918750 
140819751087465 -60.900002 84.431252 -0.093750 
140819771087465 -61.143753 84.806252 0.862500 
140819791087465 -61.762501 85.331253 1.725000 
140819811087465 -61.987503 85.537506 2.531250 
140819831087465 -62.100002 85.912506 3.468750 
140819851087465 -62.212502 86.100006 3.843750 
140819871087465 -62.456253 85.987503 4.406250 
140819891087465 -62.775002 86.175003 4.593750 
140819911087465 -62.943752 86.268753 4.687500 
140819931087465 -63.300003 86.193756 4.968750 
140819951087465 -63.243752 86.231255 5.062500 
140819971087465 -63.375004 86.137505 4.912500 
140819991087465 -63.150002 85.725006 4.481250 
140820011087465 -62.681252 85.481255 4.518750 
140820031087465 -61.968754 85.275002 4.406250 
140820051087465 -61.068752 84.787506 4.237500 
140820071087465 -60.618752 84.281250 3.431250 
140820091087465 -60.318752 83.868752 2.212500 
140820111087465 -60.431252 83.212502 0.993750 
140820131087465 -60.637501 82.912506 0.075000 
140820151087465 -60.956253 82.631256 -0.618750 
140820171087465 -61.668751 82.631256 -1.518750 
140820191087465 -62.831253 82.500000 -2.343750 
140820211087465 -63.618752 82.312500 -3.300000 
140820231087465 -64.181252 81.937500 -3.843750 
140820251087465 -64.368752 81.712502 -3.900000 
140820271087465 -63.918751 81.468750 -4.068750 
140820291087465 -63.431252 81.225006 -4.106250 
140820311087465 -62.868752 81.112503 -3.975000 
140820331087465 -62.100002 80.662506 -3.787500 
140820351087465 -61.200001 80.287506 -3.843750 
140820371087465 -60.656254 80.175003 -3.712500 
140820391087465 -60.131252 80.231255 -3.450000 
140820411087465 -59.887501 80.100006 -3.375000 
140820431087465 -59.793751 80.250000 -3.037500 
140820451087465 -59.756252 80.381256 -2.587500 
140820471087465 -59.850002 80.475006 -2.175000 
140820491087465 -59.887501 80.681252 -2.006250 
140820511087465 -60.000004 80.887505 -1.556250 
140820531087465 -59.981251 80.925003 -1.162500 
140820551087465 -60.262501 80.981255 -1.031250 
140820571087465 -60.187504 81.243752 -0.862500 
140820591087465 -60.056252 81.375000 -0.581250 
140820611087465 -60.225002 81.318756 -0.281250 
140820631087465 -60.262501 81.018753 -0.112500 
140820651087465 -60.431252 81.187500 0.525000 
140820671087465 -60.525002 81.543755 1.237500 
140820691087465 -60.731251 81.862503 2.118750 
140820711087465 -61.162502 82.406250 3.187500 
140820731087465 -61.668751 82.837502 4.200000 
140820751087465 -62.287502 83.025002 5.006250 
140820771087465 -62.700001 83.512505 5.400000 
140820791087465 -63.168751 84.206253 5.681250 
140820811087465 -63.562504 84.375000 5.737500 
140820831087465 -64.443756 84.225006 5.287500 
140820851087465 -65.137505 84.206253 4.593750 
140820871087465 -65.231255 83.887505 4.012500 
140820891087465 -65.662506 83.643753 3.656250 
140820911087465 -66.018753 83.700005 3.206250 
140820931087465 -66.225006 83.681252 2.925000 
140820951087465 -65.962502 83.381256 2.925000 
140820971087465 -65.625000 83.250000 2.850000 
140820991087465 -64.706253 83.193756 3.037500 
140821011087465 -64.031250 82.875000 3.168750 
140821031087465 -63.393753 82.331253 2.625000 
140821051087465 -62.868752 81.956253 1.706250 
140821071087465 -62.831253 81.337502 0.693750 
140821091087465 -62.793751 80.662506 -0.262500 
140821111087465 -63.187504 80.381256 -1.368750 
140821131087465 -63.637501 79.950005 -2.400000 
140821151087465 -64.068756 79.800003 -3.337500 
140821171087465 -64.350006 79.631256 -4.275000 
140821191087465 -64.706253 79.593750 -4.425000 
140821211087465 -64.556252 79.218750 -4.387500 
140821231087465 -63.825001 79.087502 -4.500000 
140821251087465 -62.793751 78.956253 -4.443750 
140821271087465 -61.762501 78.487503 -4.200000 
140821291087465 -60.768753 78.262505 -4.050000 
140821311087465 -60.075001 77.850006 -4.106250 
140821331087465 -59.512501 77.718750 -4.031250 
140821351087465 -58.931252 77.681252 -4.012500 
140821371087465 -58.631252 77.925003 -4.181250 
140821391087465 -58.556252 78.000000 -3.712500 
140821411087465 -58.668751 78.037506 -3.375000 
140821431087465 -58.706253 78.581253 -2.943750 
140821451087465 -58.762501 78.825005 -2.437500 
140821471087465 -58.631252 79.331253 -1.706250 
140821491087465 -58.650002 79.781250 -0.956250 
140821511087465 -58.706253 79.968750 -0.862500 
140821531087465 -58.800003 79.950005 -0.656250 
140821551087465 -58.875004 80.006256 -0.862500 
140821571087465 -58.968754 80.250000 -1.200000 
140821591087465 -59.643753 80.062500 -1.518750 
140821611087465 -60.187504 80.231255 -1.837500 
140821631087465 -60.712502 80.212502 -1.950000 
140821651087465 -61.218754 80.306252 -1.631250 
140821671087465 -61.875004 80.850006 -0.825000 
140821691087465 -62.493752 81.637505 0.093750 
140821711087465 -63.037502 82.331253 1.200000 
140821731087465 -63.750004 83.062500 2.156250 
140821751087465 -63.862503 83.531250 2.643750 
140821771087465 -64.200005 83.793755 3.225000 
140821791087465 -64.593750 84.037506 3.037500 
140821811087465 -64.875000 84.206253 2.587500 
140821831087465 -65.193756 84.168755 1.968750 
140821851087465 -65.456253 83.906250 1.368750 
140821871087465 -65.812500 83.831253 1.087500 
140821891087465 -66.000000 83.793755 1.218750 
140821911087465 -65.981255 83.775002 1.331250 
140821931087465 -65.756256 83.793755 1.218750 
140821951087465 -65.212502 83.606255 1.687500 
140821971087465 -64.500000 83.343750 1.950000 
140821991087465 -63.375004 83.043755 2.343750 
140822011087465 -62.381252 82.743752 2.062500 
140822031087465 -61.481251 82.218750 1.181250 
140822051087465 -61.068752 81.243752 -0.018750 
140822071087465 -61.275002 80.681252 -1.068750 
140822091087465 -61.593754 80.250000 -2.025000 
140822111087465 -62.100002 80.100006 -3.300000 
140822131087465 -62.700001 79.950005 -4.331250 
140822151087465 -63.750004 79.781250 -5.475000 
140822171087465 -64.087502 79.612503 -6.131250 
140822191087465 -64.218750 79.500000 -6.768750 
140822211087465 -63.675003 79.556252 -6.843750 
140822231087465 -62.606251 79.387505 -6.956250 
140822251087465 -61.293751 79.256256 -7.031250 
140822271087465 -60.093754 79.087502 -6.825000 
140822291087465 -59.118752 78.731255 -6.881250 
140822311087465 -57.881252 78.656250 -6.881250 
140822331087465 -57.281254 78.431252 -6.675000 
140822351087465 -56.793751 78.412506 -6.337500 
140822371087465 -56.568752 78.356255 -6.243750 
140822391087465 -56.493752 78.468750 -5.962500 
140822411087465 -56.718754 78.581253 -5.606250 
140822431087465 -56.943752 78.562500 -5.175000 
140822451087465 -57.000004 78.975006 -4.593750 
140822471087465 -57.056252 79.256256 -4.331250 
140822491087465 -57.000004 79.500000 -4.125000 
140822511087465 -57.093754 79.762505 -3.993750 
140822531087465 -57.168751 80.137505 -3.937500 
140822551087465 -57.150002 80.306252 -3.712500 
140822571087465 -57.093754 80.343750 -3.768750 
140822591087465 -57.300003 80.568756 -3.825000 
140822611087465 -57.900002 80.756256 -3.581250 
140822631087465 -58.575001 81.187500 -2.906250 
140822651087465 -59.306252 81.731255 -2.231250 
140822671087465 -60.000004 82.350006 -1.256250 
140822691087465 -60.675003 82.950005 -0.243750 
140822711087465 -61.518753 83.700005 0.618750 
140822731087465 -62.381252 84.487503 1.687500 
140822751087465 -62.981251 85.068756 2.512500 
140822771087465 -63.037502 85.406250 2.831250 
140822791087233 -62.981251 85.312500 3.056250 
140822811087233 -62.981251 85.537506 3.150000 
140822831087233 -63.000004 85.293755 3.112500 
140822851087233 -63.056252 85.125000 3.037500 
140822871087233 -63.243752 85.162506 3.056250 
140822891087233 -63.037502 85.012505 3.206250 
140822911087233 -62.737503 85.050003 3.262500 
140822931087233 -62.250004 84.918755 3.225000 
140822951087233 -61.875004 84.693756 3.393750 
140822971087233 -61.050003 84.300003 3.375000 
140822991087233 -60.337502 84.225006 3.225000 
140823011087233 -59.737503 83.756256 2.775000 
140823031087233 -59.156254 83.100006 1.631250 
140823051087233 -58.875004 82.462502 0.450000 
140823071087233 -58.725002 81.787506 -0.787500 
140823091087233 -59.100002 81.318756 -1.968750 
140823111087233 -59.568752 81.150002 -3.206250 
140823131087233 -60.300003 80.756256 -4.425000 
140823151087233 -60.750004 80.362503 -5.512500 
140823171087233 -60.956253 80.231255 -6.206250 
140823191087233 -61.068752 80.062500 -6.431250 
140823211087233 -60.918751 80.006256 -6.487500 
140823231087233 -60.412502 79.687500 -6.450000 
140823251087233 -59.606251 79.575005 -6.187500 
140823271087233 -58.800003 79.218750 -5.868750 
140823291087233 -57.750004 78.975006 -5.456250 
140823311087233 -56.868752 78.862503 -5.006250 
140823331087233 -56.193752 78.693756 -4.743750 
140823351087233 -55.800003 78.693756 -4.350000 
140823371087233 -55.837502 78.768753 -4.275000 
140823391087233 -56.100002 79.143753 -3.881250 
140823411087233 -56.475002 79.406250 -3.150000 
140823431087233 -56.606251 79.856255 -2.662500 
140823451087233 -56.775002 80.437500 -2.118750 
140823471087233 -56.606251 80.550003 -1.800000 
140823491087233 -56.418751 80.850006 -1.087500 
140823511087233 -55.781254 80.868752 -0.243750 
140823531087233 -54.693752 81.206253 1.087500 
140823551087233 -53.475002 81.281250 2.175000 
140823571087233 -52.181252 81.393753 2.962500 
140823591087233 -51.206253 81.431252 3.862500 
140823611087233 -50.662502 81.618752 5.006250 
140823631087233 -50.625004 81.918755 6.262500 
140823651087233 -50.531254 82.275002 7.331250 
140823671087233 -50.531254 82.856255 8.156250 
140823691087233 -50.925003 83.006256 8.662500 
140823711087233 -51.487503 83.287506 9.168751 
140823731087233 -51.787502 83.493752 9.393750 
140823751087233 -52.031254 83.531250 9.450001 
140823771087233 -52.218754 83.362503 9.056251 
140823791087233 -52.237503 83.456253 8.531250 
140823811087233 -52.368752 83.325005 8.062500 
140823831087233 -52.706253 83.362503 7.856250 
140823851087233 -52.987503 83.475006 7.650000 
140823871087233 -53.475002 83.456253 7.200000 
140823891087233 -53.812504 83.306252 6.656250 
140823911087233 -54.093754 83.325005 6.375000 
140823931087233 -54.337502 83.493752 6.412500 
140823951087233 -54.168751 83.475006 6.243750 
140823971087233 -54.281254 83.156250 5.550000 
140823991087233 -54.675003 82.800003 4.575000 
140824011087233 -55.331253 82.462502 3.131250 
140824031087233 -55.687504 82.406250 2.062500 
140824051087233 -56.793751 82.162506 1.387500 
140824071087233 -57.900002 82.237503 0.375000 
140824091087233 -58.762501 81.937500 -0.937500 
140824111087233 -59.943752 81.487503 -2.100000 
140824131087233 -60.843754 81.506256 -2.962500 
140824151087233 -60.956253 81.056252 -3.768750 
140824171087233 -60.825001 80.681252 -4.312500 
140824191087233 -60.693752 80.156250 -4.612500 
140824211087233 -60.300003 80.062500 -5.081250 
140824231087233 -59.850002 79.687500 -5.550000 
140824251087233 -59.625004 79.518753 -5.737500 
140824271087233 -59.681252 79.518753 -5.437500 
140824291087233 -59.550003 79.518753 -5.456250 
140824311087233 -59.493752 79.725006 -5.550000 
140824331087233 -59.456253 79.725006 -5.156250 
140824351087233 -59.568752 79.837502 -4.968750 
140824371087233 -59.643753 79.762505 -4.706250 
140824391087233 -59.643753 79.856255 -4.162500 
140824411087233 -59.550003 80.156250 -3.712500 
140824431087233 -59.287502 80.325005 -3.506250 
140824451087233 -58.987503 80.343750 -3.243750 
140824471087233 -58.818752 80.268753 -2.793750 
140824491087233 -58.668751 80.268753 -2.493750 
140824511087233 -58.237503 80.362503 -2.493750 
140824531087233 -58.050003 80.606255 -2.325000 
140824551087233 -57.825001 80.662506 -2.268750 
140824571087233 -57.693752 80.662506 -1.968750 
140824591087233 -57.768753 80.850006 -1.481250 
140824611087233 -58.143753 81.243752 -0.656250 
140824631087233 -58.481251 81.675003 0.018750 
140824651087233 -58.706253 82.368752 0.656250 
140824671087233 -59.231251 82.743752 1.518750 
140824691087233 -59.550003 83.006256 2.325000 
140824711087233 -59.925003 83.381256 2.756250 
140824731087233 -60.300003 83.681252 3.000000 
140824751087233 -60.712502 83.925003 2.962500 
140824771087233 -60.956253 84.018753 2.850000 
140824791087233 -61.443752 84.281250 2.775000 
140824811087233 -61.931252 84.318756 2.775000 
140824831087233 -62.231251 84.337502 2.887500 
140824851087233 -62.268753 84.506256 2.812500 
140824871087233 -62.137501 84.525002 2.981250 
140824891087233 -61.781254 84.356255 3.206250 
140824911087233 -61.068752 84.243752 3.525000 
140824931087233 -60.468754 83.906250 3.206250 
140824951087233 -59.925003 83.231255 2.550000 
140824971087233 -59.906254 82.725006 1.237500 
140824991087233 -60.187504 82.350006 -0.262500 
140825011087233 -60.900002 81.750000 -1.593750 
140825031087233 -61.931252 81.206253 -2.700000 
140825051087233 -63.318752 81.037506 -3.618750 
140825071087233 -64.368752 80.812500 -4.987500 
140825091087233 -65.362503 80.587502 -5.643750 
140825111087233 -65.906250 80.531250 -6.075000 
140825131087233 -65.756256 80.381256 -5.775000 
140825151087233 -65.137505 80.156250 -5.643750 
140825171087233 -64.162506 80.156250 -5.381250 
140825191087233 -63.018753 80.081253 -5.325000 
140825211087233 -61.631252 79.875000 -5.306250 
140825231087233 -60.637501 79.500000 -5.006250 
140825251087233 -59.850002 79.425003 -4.818750 
140825271087233 -59.456253 79.331253 -4.556250 
140825291087233 -59.475002 79.312500 -4.537500 
140825311087233 -59.643753 79.481255 -4.143750 
140825331087233 -59.925003 79.425003 -3.956250 
140825351087233 -60.168751 79.781250 -3.412500 
140825371087233 -60.600002 80.231255 -2.906250 
140825391087233 -60.881252 80.606255 -2.268750 
140825411087233 -60.975002 81.131256 -1.687500 
140825431087233 -60.937504 81.412506 -1.293750 
140825451087233 -60.581253 81.637505 -0.993750 
140825471087233 -60.431252 81.712502 -0.843750 
140825491087233 -60.318752 81.937500 -0.506250 
140825511087233 -60.281254 82.068756 -0.487500 
140825531087233 -60.375004 82.181252 -0.468750 
140825551087233 -60.750004 82.481255 -0.093750 
140825571087233 -61.050003 82.612503 0.281250 
140825591087233 -61.500004 83.043755 1.087500 
140825611087233 -62.025002 83.531250 2.043750 
140825631087233 -62.400002 83.906250 2.643750 
140825651087233 -62.887501 84.393753 3.018750 
140825671087233 -63.318752 84.468750 3.318750 
140825691087233 -63.693752 84.618752 3.262500 
140825711087233 -63.787502 84.656250 2.943750 
140825731087233 -63.918751 84.562500 2.643750 
140825751087233 -63.937504 84.618752 2.212500 
140825771087233 -64.237503 84.581253 2.212500 
140825791087233 -64.425003 84.618752 2.381250 
140825811087233 -64.331253 84.506256 2.587500 
140825831087233 -64.162506 84.487503 2.850000 
140825851087233 -63.806252 84.187500 3.206250 
140825871087233 -63.375004 84.150002 3.450000 
140825891087233 -62.625004 84.056252 3.600000 
140825911087233 -61.931252 83.700005 3.487500 
140825931087233 -61.050003 83.287506 2.475000 
140825951087233 -60.656254 82.687500 1.331250 
140825971087233 -61.031254 82.125000 0.112500 
140825991087233 -61.331253 81.581253 -1.050000 
140826011087233 -61.893753 81.243752 -1.968750 
140826031087233 -62.212502 80.756256 -3.225000 
140826051087233 -62.737503 80.343750 -4.125000 
140826071087233 -63.037502 80.006256 -4.743750 
140826091087233 -63.206253 79.781250 -5.212500 
140826111087233 -62.887501 79.781250 -5.212500 
140826131087233 -61.743752 79.725006 -5.025000 
140826151087233 -60.618752 79.893753 -4.668750 
140826171087233 -58.968754 79.706253 -4.350000 
140826191087233 -58.331253 79.781250 -3.675000 
140826211087233 -57.693752 79.856255 -3.431250 
140826231087233 -57.243752 79.912506 -3.056250 
140826251087233 -56.718754 79.931252 -2.606250 
140826271087233 -56.306252 79.987503 -2.156250 
140826291087233 -56.081253 80.250000 -1.950000 
140826311087233 -56.193752 80.118752 -1.556250 
140826331087233 -56.550003 80.268753 -1.218750 
140826351087233 -56.400002 80.418755 -0.750000 
140826371087233 -56.400002 80.587502 -0.075000 
140826391087233 -56.456253 80.925003 0.075000 
140826411087233 -56.793751 81.018753 0.356250 
140826431087233 -56.943752 81.206253 0.056250 
140826451087233 -57.262501 81.056252 0.281250 
140826471087233 -57.525002 81.093750 0.187500 
140826491087233 -57.618752 81.150002 0.000000 
140826511087233 -57.600002 81.131256 -0.243750 
140826531087233 -57.712502 81.281250 0.037500 
140826551087233 -57.712502 81.543755 0.825000 
140826571087233 -57.581253 81.956253 1.762500 
140826591087233 -57.768753 82.256256 2.887500 
140826611087233 -57.675003 82.706253 3.618750 
140826631087233 -57.506252 83.156250 4.256250 
140826651087233 -57.637501 83.400002 4.631250 
140826671087233 -57.750004 83.531250 4.950000 
140826691087233 -57.862503 83.512505 4.650000 
140826711087233 -57.975002 83.475006 4.087500 
140826731087233 -58.575001 83.456253 3.525000 
140826751087233 -58.818752 83.493752 3.168750 
140826771087233 -59.418751 83.568756 2.981250 
140826791087233 -59.868752 83.493752 3.037500 
140826811087233 -60.206253 83.718750 3.112500 
140826831087233 -60.037502 83.793755 2.925000 
140826851087233 -59.681252 83.868752 2.756250 
140826871087233 -59.362503 83.475006 2.812500 
140826891087233 -58.331253 83.100006 2.700000 
140826911087233 -57.637501 82.556252 1.968750 
140826931087233 -57.000004 82.200005 1.087500 
140826951087233 -56.831253 81.750000 -0.206250 
140826971087233 -56.868752 81.168755 -1.162500 
140826991087233 -57.693752 80.775002 -2.268750 
140827011087233 -58.518753 80.400002 -2.906250 
140827031087233 -59.137501 80.081253 -3.731250 
140827051087233 -59.981251 80.118752 -4.387500 
140827071087233 -60.225002 80.118752 -4.687500 
140827091087233 -60.318752 79.781250 -4.631250 
140827111087233 -59.831253 79.650002 -4.443750 
140827131087233 -59.118752 79.650002 -4.181250 
140827151087233 -57.712502 79.575005 -3.468750 
140827171087233 -56.587502 79.481255 -2.925000 
140827191087233 -55.406254 79.593750 -2.681250 
140827211087233 -54.675003 79.462502 -2.362500 
140827231087233 -54.412502 79.368752 -1.950000 
140827251087233 -53.793751 79.443756 -1.575000 
140827271087233 -53.718754 79.687500 -1.031250 
140827291087233 -53.662502 79.818756 -0.843750 
140827311087233 -53.775002 80.025002 -0.431250 
140827331087233 -54.000004 80.287506 -0.206250 
140827351087233 -54.393753 80.306252 0.412500 
140827371087233 -54.525002 80.512505 0.337500 
140827391087233 -54.881252 80.662506 0.093750 
140827411087233 -55.331253 80.681252 -0.375000 
140827431087233 -55.781254 80.681252 -1.106250 
140827451087233 -56.325001 80.831253 -1.068750 
140827471087233 -56.812504 80.887505 -1.125000 
140827491087233 -57.056252 81.131256 -0.768750 
140827511087233 -57.131252 81.600006 -0.150000 
140827531087233 -56.906254 81.881256 1.218750 
140827551087233 -56.456253 82.331253 3.281250 
140827571087233 -56.081253 82.968750 5.193750 
140827591087233 -55.668751 83.643753 7.275000 
140827611087233 -55.312504 83.906250 8.831250 
140827631087233 -55.181252 84.281250 9.918751 
140827651087233 -55.087502 84.487503 10.350000 
140827671087233 -55.443752 84.675003 10.462501 
140827691087233 -55.837502 84.806252 10.181251 
140827711087233 -56.400002 84.956253 9.506250 
140827731087233 -56.887501 84.787506 8.756250 
140827751087233 -57.506252 84.881256 8.268750 
140827771087233 -57.675003 84.750000 7.875000 
140827791087233 -57.862503 84.431252 7.743750 
140827811087233 -57.806252 84.281250 7.968750 
140827831087233 -57.393753 83.831253 7.837500 
140827851087233 -56.981251 83.625000 7.837500 
140827871087233 -56.643753 83.231255 7.406250 
140827891087233 -56.400002 82.987503 6.768750 
140827911087233 -56.006252 82.181252 5.700000 
140827931087233 -56.100002 81.637505 4.256250 
140827951087233 -56.268753 81.300003 2.287500 
140827971087233 -56.587502 80.512505 0.243750 
140827991087233 -57.018753 80.156250 -1.425000 
140828011087233 -57.375004 79.443756 -2.906250 
140828031087233 -57.600002 78.900002 -4.050000 
140828051087233 -57.712502 78.656250 -4.668750 
140828071087233 -57.487503 78.581253 -4.706250 
140828091087233 -57.112503 78.600006 -4.593750 
140828111087233 -56.568752 78.412506 -4.031250 
140828131087233 -55.800003 78.618752 -3.468750 
140828151087233 -55.162502 78.675003 -3.018750 
140828171087233 -54.731251 78.806252 -2.493750 
140828191087233 -54.000004 78.918755 -1.912500 
140828211087233 -53.437504 78.787506 -1.425000 
140828231087233 -53.193752 78.750000 -1.237500 
140828251087233 -52.818752 78.862503 -0.637500 
140828271087233 -52.743752 79.162506 0.037500 
140828291087233 -52.818752 79.350006 0.693750 
140828311087233 -53.043751 79.500000 1.275000 
140828331087233 -53.212502 79.743752 1.368750 
140828351087233 -53.737503 79.968750 1.518750 
140828371087233 -54.318752 80.250000 1.425000 
140828391087233 -54.750004 80.287506 1.256250 
140828411087233 -55.331253 80.418755 0.825000 
140828431087233 -55.725002 80.512505 0.225000 
140828451087233 -56.700001 80.700005 -0.262500 
140828471087233 -57.243752 81.000000 -0.318750 
140828491087233 -57.900002 81.506256 0.093750 
140828511087233 -58.575001 81.843750 0.506250 
140828531087233 -59.343754 82.462502 1.293750 
140828551087233 -60.262501 82.875000 1.875000 
140828571087233 -60.712502 83.493752 2.493750 
140828591087233 -61.368752 83.887505 3.206250 
140828611087233 -61.612503 84.187500 3.843750 
140828631087233 -62.025002 84.487503 3.937500 
140828651087233 -62.456253 84.393753 3.768750 
140828671087233 -62.925003 84.450005 3.487500 
140828691087233 -63.150002 84.206253 3.037500 
140828711087233 -63.225002 84.431252 2.793750 
140828731087233 -63.806252 84.150002 2.812500 
140828751087233 -64.237503 84.131256 2.681250 
140828771087233 -64.631256 84.281250 2.587500 
140828791087233 -64.706253 84.112503 2.737500 
140828811087233 -64.425003 84.187500 2.718750 
140828831087233 -63.656254 83.962502 2.756250 
140828851087233 -63.037502 83.700005 2.662500 
140828871087233 -62.493752 83.343750 2.512500 
140828891087233 -61.706253 82.968750 1.706250 
140828911087233 -60.975002 82.425003 0.975000 
140828931087233 -60.318752 81.637505 0.187500 
140828951087233 -60.150002 81.075005 -0.731250 
140828971087233 -60.375004 80.662506 -1.593750 
140828991087233 -60.825001 80.625000 -2.250000 
140829011087233 -61.181252 80.587502 -2.625000 
140829031087233 -61.256252 80.568756 -2.887500 
140829051087233 -61.275002 80.475006 -2.775000 
140829071087233 -61.125004 80.700005 -2.531250 
140829091087233 -60.712502 80.793755 -2.250000 
140829111087233 -59.868752 80.943756 -1.912500 
140829131087233 -58.987503 80.793755 -1.143750 
140829151087233 -58.031254 80.625000 -0.693750 
140829171087233 -57.112503 80.268753 -0.468750 
140829191087233 -56.287502 79.893753 -0.300000 
140829211087233 -55.856251 79.818756 -0.075000 
140829231087233 -55.518753 79.537506 0.037500 
140829251087233 -55.106251 79.593750 0.356250 
140829271087233 -54.975002 79.481255 0.731250 
140829291087233 -54.843754 79.800003 1.181250 
140829311087233 -54.693752 79.968750 1.800000 
140829331087233 -54.900002 80.512505 2.306250 
140829351087233 -55.350002 81.018753 2.250000 
140829371087233 -55.668751 81.356255 1.912500 
140829391087233 -55.875004 81.525002 1.687500 
140829411087233 -56.362503 81.431252 1.181250 
140829431087233 -56.887501 81.600006 0.787500 
140829451087233 -57.375004 81.581253 0.393750 
140829471087233 -57.918751 81.956253 0.225000 
140829491087233 -58.275002 81.937500 0.412500 
140829511087233 -58.293751 82.162506 1.425000 
140829531087233 -58.481251 82.462502 2.793750 
140829551087233 -58.818752 82.950005 3.937500 
140829571087233 -59.137501 83.662506 5.306250 
140829591087233 -59.362503 84.150002 6.225000 
140829611087233 -59.512501 84.450005 6.768750 
140829631087233 -59.737503 84.506256 6.993750 
140829651087233 -60.037502 84.600006 6.712500 
140829671087233 -60.712502 84.656250 6.225000 
140829691087233 -61.256252 84.337502 5.343750 
140829711087233 -61.893753 84.168755 4.650000 
140829731087233 -62.587502 83.981255 3.750000 
140829751087233 -63.431252 84.000000 3.431250 
140829771087233 -64.181252 84.018753 3.056250 
140829791087233 -64.893753 84.075005 2.718750 
140829811087233 -64.987503 83.981255 2.756250 
140829831087233 -64.687500 83.831253 2.531250 
140829851087233 -64.162506 83.868752 2.418750 
140829871087233 -63.375004 83.868752 2.381250 
140829891087233 -62.325001 83.437500 2.156250 
140829911087233 -61.162502 82.725006 1.331250 
140829931087233 -60.018753 82.050003 0.393750 
140829951087233 -59.193752 81.375000 -0.862500 
140829971087233 -58.875004 80.925003 -2.043750 
140829991087233 -58.650002 80.287506 -2.868750 
140830011087233 -58.593754 79.818756 -3.731250 
140830031087233 -58.706253 79.368752 -4.387500 
140830051087233 -58.687504 79.275002 -4.837500 
140830071087233 -58.781254 79.350006 -4.800000 
140830091087233 -58.743752 79.350006 -4.331250 
140830111087233 -58.331253 79.106255 -3.656250 
140830131087233 -57.656254 79.200005 -3.093750 
140830151087233 -57.168751 79.331253 -2.681250 
140830171087233 -56.512501 79.406250 -1.931250 
140830191087233 -55.706253 79.256256 -1.650000 
140830211087233 -55.368752 79.218750 -1.481250 
140830231087233 -54.693752 79.031250 -1.443750 
140830251087233 -54.168751 78.937500 -1.443750 
140830271087233 -53.850002 79.125000 -1.368750 
140830291087233 -53.775002 79.106255 -0.975000 
140830311087233 -53.643753 79.218750 -0.168750 
140830331087233 -53.587502 79.387505 0.337500 
140830351087233 -53.831253 79.856255 0.975000 
140830371087233 -53.962502 80.081253 1.443750 
140830391087233 -54.393753 80.493752 1.537500 
140830411087233 -54.993752 80.793755 1.575000 
140830431087233 -55.425003 80.943756 1.406250 
140830451087233 -55.968754 81.056252 0.900000 
140830471087233 -56.718754 81.281250 0.018750 
140830491087233 -57.787502 81.506256 -0.675000 
140830511087233 -58.893753 81.693756 -1.012500 
140830531087233 -59.643753 81.993752 -0.843750 
140830551087233 -60.431252 82.293755 -0.225000 
140830571087233 -61.181252 82.987503 0.468750 
140830591087233 -61.912502 83.662506 1.593750 
140830611087233 -62.475002 84.281250 2.493750 
140830631087233 -62.756252 84.693756 3.393750 
140830651087233 -62.925003 85.143753 3.881250 
140830671087233 -63.018753 85.331253 3.937500 
140830691087233 -63.206253 85.500000 3.693750 
140830711087233 -63.543751 85.368752 3.431250 
140830731087233 -63.787502 85.087502 2.756250 
140830751087233 -64.368752 84.731255 1.875000 
140830771087233 -65.025002 84.637505 1.462500 
140830791087233 -65.456253 84.506256 1.050000 
140830811087233 -65.887505 84.300003 0.956250 
140830831087233 -65.718750 84.150002 0.900000 
140830851087233 -65.381256 83.887505 0.975000 
140830871087233 -64.593750 83.587502 0.806250 
140830891087233 -63.975002 83.268753 0.600000 
140830911087233 -63.300003 82.837502 0.056250 
140830931087233 -62.625004 82.256256 -0.712500 
140830951087233 -62.306252 81.787506 -1.556250 
140830971087233 -62.006252 81.225006 -2.475000 
140830991087233 -62.006252 80.943756 -3.262500 
140831011087233 -62.343754 80.568756 -4.143750 
140831031087233 -62.700001 80.643753 -4.837500 
140831051087233 -62.906254 80.437500 -5.100000 
140831071087233 -62.550003 80.437500 -5.156250 
140831091087233 -62.006252 80.156250 -5.437500 
140831111087233 -61.200001 79.875000 -5.287500 
140831131087233 -60.168751 79.818756 -5.156250 
140831151087233 -59.193752 79.406250 -5.062500 
140831171087233 -58.237503 79.331253 -4.856250 
140831191087233 -57.468754 79.050003 -4.687500 
140831211087233 -56.718754 78.768753 -4.612500 
140831231087233 -56.475002 78.487503 -4.762500 
140831251087233 -56.268753 78.881256 -4.425000 
140831271087233 -56.268753 78.881256 -4.293750 
140831291087233 -56.718754 78.843750 -4.181250 
140831311087233 -57.431252 78.956253 -3.900000 
140831331087233 -58.106251 79.068756 -3.600000 
140831351087233 -58.781254 79.481255 -3.187500 
140831371087233 -59.062504 79.612503 -3.131250 
140831391087233 -59.175003 79.800003 -2.850000 
140831411087233 -59.381252 79.593750 -3.075000 
140831431087233 -59.568752 80.006256 -3.375000 
140831451087233 -59.381252 80.137505 -3.337500 
140831471087233 -59.325001 80.212502 -3.356250 
140831491087233 -59.362503 80.550003 -3.318750 
140831511087233 -59.737503 80.700005 -3.168750 
140831531087233 -60.731251 81.393753 -2.587500 
140831551087233 -61.593754 82.200005 -1.593750 
140831571087233 -62.643753 83.212502 -0.112500 
140831591087233 -63.525002 83.550003 1.218750 
140831611087233 -64.725006 84.300003 2.137500 
140831631087233 -65.550003 84.975006 2.625000 
140831651087233 -66.187500 85.275002 2.925000 
140831671087233 -66.675003 85.462502 2.925000 
140831691087233 -67.050003 85.462502 2.493750 
140831711087233 -67.500000 85.368752 1.950000 
140831731087233 -67.968750 85.031250 1.256250 
140831751087233 -68.250000 85.031250 0.712500 
140831771087233 -68.025002 84.862503 0.225000 
140831791087233 -67.668755 84.450005 -0.093750 
140831811087233 -67.143753 84.093750 -0.281250 
140831831087233 -66.431252 83.718750 -0.562500 
140831851087233 -65.606255 83.362503 -0.900000 
140831871087233 -64.781250 82.800003 -1.706250 
140831891087233 -63.656254 82.050003 -3.000000 
140831911087233 -63.093754 81.393753 -4.106250 
140831931087233 -62.906254 80.756256 -5.118750 
140831951087233 -62.531254 80.343750 -5.925000 
140831971087233 -62.362503 79.912506 -6.843750 
140831991087233 -61.893753 79.443756 -7.556250 
140832011087233 -61.218754 79.218750 -7.912500 
140832031087233 -60.375004 79.012505 -7.837500 
140832051087233 -59.550003 79.106255 -7.331250 
140832071087233 -58.237503 79.162506 -6.900000 
140832091087233 -56.925003 79.162506 -6.506250 
140832111087233 -56.100002 79.125000 -6.093750 
140832131087233 -55.256252 79.125000 -5.587500 
140832151087233 -54.600002 79.143753 -5.062500 
140832171087233 -54.300003 78.993752 -4.668750 
140832191087233 -54.281254 78.975006 -4.406250 
140832211087233 -54.431252 79.050003 -3.937500 
140832231087233 -54.581253 79.012505 -3.712500 
140832251087233 -54.956253 79.162506 -3.300000 
140832271087233 -54.900002 79.500000 -2.793750 
140832291087233 -54.975002 79.593750 -2.587500 
140832311087233 -55.012501 79.706253 -2.700000 
140832331087233 -55.050003 79.518753 -3.037500 
140832351087233 -54.843754 79.500000 -3.468750 
140832371087233 -55.031254 79.406250 -3.881250 
140832391087233 -55.350002 79.818756 -3.656250 
140832411087233 -55.368752 80.043755 -3.356250 
140832431087233 -55.462502 80.418755 -2.737500 
140832451087233 -55.350002 81.018753 -1.518750 
140832471087233 -55.331253 81.693756 0.281250 
140832491087233 -55.181252 82.706253 2.400000 
140832511087233 -55.425003 83.737503 4.368750 
140832531087233 -55.293751 84.525002 5.943750 
140832551087233 -55.368752 84.806252 6.543750 
140832571087233 -55.762501 85.087502 6.618750 
140832591087233 -56.437504 85.125000 6.150000 
140832611087233 -57.056252 84.975006 5.306250 
140832631087233 -57.937504 84.862503 4.087500 
140832651087233 -58.818752 84.787506 2.850000 
140832671087233 -59.550003 84.525002 1.950000 
140832691087233 -59.906254 84.412506 0.993750 
140832711087233 -60.000004 84.206253 0.543750 
140832731087233 -59.681252 83.981255 0.431250 
140832751087233 -59.062504 83.568756 0.225000 
140832771087233 -58.575001 83.325005 -0.187500 
140832791087233 -57.806252 82.818756 -0.675000 
140832811087233 -57.206253 82.312500 -1.706250 
140832831087233 -56.868752 81.581253 -3.187500 
140832851087233 -57.056252 80.756256 -4.368750 
140832871087233 -57.281254 80.231255 -5.625000 
140832891087233 -57.787502 79.837502 -6.862500 
140832911087233 -58.350002 79.500000 -8.006250 
140832931087233 -58.575001 79.200005 -8.775001 
140832951087233 -58.931252 79.050003 -9.450001 
140832971087233 -58.556252 78.618752 -9.168751 
140832991087233 -57.712502 78.675003 -8.625000 
140833011087233 -56.512501 78.468750 -8.081250 
140833031087233 -55.387501 78.543755 -7.593750 
140833051087233 -54.075001 78.543755 -7.031250 
140833071087233 -52.912502 78.375000 -6.356250 
140833091087233 -52.181252 78.243752 -5.981250 
140833111087233 -51.337502 78.056252 -5.400000 
140833131087233 -50.831253 78.243752 -5.212500 
140833151087233 -50.475002 78.225006 -5.081250 
140833171087233 -50.606251 78.712502 -4.781250 
140833191087233 -50.718754 78.750000 -4.350000 
140833211087233 -50.831253 78.900002 -4.200000 
140833231087233 -51.056252 79.125000 -4.237500 
140833251087233 -51.150002 79.331253 -4.256250 
140833271087233 -51.581253 79.687500 -4.612500 
140833291087233 -52.312504 79.668755 -4.968750 
140833311087233 -53.081253 79.631256 -5.362500 
140833331087233 -53.756252 79.518753 -6.093750 
140833351087233 -54.956253 79.331253 -7.031250 
140833371087233 -56.381252 79.312500 -7.575000 
140833391087233 -57.768753 79.781250 -7.781250 
140833411087233 -59.156254 80.456253 -7.406250 
140833431087233 -60.431252 81.056252 -6.731250 
140833451087233 -61.762501 82.031250 -5.925000 
140833471087233 -63.131252 83.062500 -5.175000 
140833491087233 -64.181252 83.850006 -4.612500 
140833511087233 -64.987503 84.693756 -3.768750 
140833531087233 -65.662506 85.256256 -3.450000 
140833551087233 -66.543755 85.368752 -3.431250 
140833571087233 -67.481255 85.368752 -3.787500 
140833591087233 -68.306252 85.256256 -4.462500 
140833611087233 -69.093750 85.143753 -5.043750 
140833631087233 -69.787506 85.293755 -5.100000 
140833651087233 -70.331253 85.387505 -4.781250 
140833671087233 -70.181252 85.631256 -4.725000 
140833691087233 -69.768753 85.912506 -4.425000 
140833711087233 -69.037506 86.062500 -4.275000 
140833731087233 -67.968750 86.118752 -4.575000 
140833751087233 -67.106255 86.062500 -4.912500 
140833771087233 -66.450005 85.443756 -6.018750 
140833791087233 -66.487503 84.581253 -7.612500 
140833811087233 -67.050003 83.962502 -9.337501 
140833831087233 -68.118752 83.362503 -10.687500 
140833851087233 -69.281250 82.556252 -12.037500 
140833871087233 -70.200005 82.050003 -13.256250 
140833891087233 -71.156250 81.412506 -14.325001 
140833911087233 -71.512505 80.981255 -15.000001 
140833931087233 -71.175003 80.981255 -15.075001 
140833951087233 -70.068756 80.887505 -15.168751 
140833971087233 -68.362503 80.831253 -15.112500 
140833991087233 -66.637505 80.456253 -15.150001 
140834011087233 -65.025002 80.475006 -15.375001 
140834031087233 -63.731251 80.493752 -15.712501 
140834051087233 -62.437504 80.606255 -15.712501 
140834071087233 -61.875004 80.662506 -15.506250 
140834091087233 -61.650002 80.868752 -15.487500 
140834111087233 -61.781254 81.000000 -15.281251 
140834131087233 -62.231251 81.393753 -15.037500 
140834151087233 -62.831253 82.031250 -14.793751 
140834171087233 -63.375004 82.500000 -14.475000 
140834191087233 -63.956253 82.762505 -14.212501 
140834211087233 -64.800003 83.062500 -13.931251 
140834231087233 -65.287506 83.362503 -14.006250 
140834251087233 -65.831253 83.643753 -13.875001 
140834271087233 -66.168755 84.075005 -13.725000 
140834291087233 -66.937500 84.468750 -13.425000 
140834311087233 -67.875000 85.087502 -12.506250 
140834331087233 -69.168755 85.875000 -11.231251 
140834351087233 -70.293755 86.793755 -9.375000 
140834371087233 -71.756256 87.862503 -7.200000 
140834391087233 -73.106255 88.968750 -5.137500 
140834411087233 -74.381256 89.925003 -3.168750 
140834431087233 -75.787506 90.712502 -1.350000 
140834451087233 -76.612503 91.350006 0.131250 
140834471087233 -77.156250 91.593750 0.768750 
140834491087233 -77.568756 91.537506 1.218750 
140834511087233 -77.850006 91.725006 1.556250 
140834531087233 -77.568756 91.706253 1.575000 
140834551087233 -77.362503 91.743752 1.893750 
140834571087233 -77.137505 91.800003 2.006250 
140834591087233 -76.556252 91.800003 2.081250 
140834611087233 -75.750000 91.706253 1.950000 
140834631087233 -74.850006 91.575005 1.650000 
140834651087233 -73.575005 91.106255 0.675000 
140834671087233 -72.787506 90.543755 -0.450000 
140834691087233 -72.225006 89.700005 -2.100000 
140834711087233 -71.981255 88.593750 -4.012500 
140834731087233 -71.793755 87.675003 -5.531250 
140834751087233 -71.737503 86.775002 -7.181250 
140834771087233 -71.681252 85.612503 -8.718750 
140834791087233 -71.418755 84.618752 -9.843750 
140834811087233 -71.118752 83.943756 -10.387501 
140834831087233 -70.481255 83.250000 -11.081250 
140834851087233 -69.375000 82.800003 -11.231251 
140834871087233 -68.081253 82.500000 -11.362500 
140834891087233 -66.618752 81.843750 -11.643750 
140834911087233 -65.418755 81.450005 -11.587501 
140834931087233 -64.462502 81.337502 -11.418751 
140834951087233 -63.975002 81.056252 -11.362500 
140834971087233 -63.581253 81.037506 -11.362500 
140834991087233 -63.562504 80.793755 -11.250000 
140835011087233 -63.843754 80.756256 -11.118751 
140835031087233 -64.125000 80.718750 -10.912500 
140835051087233 -64.593750 80.981255 -10.706250 
140835071087233 -64.631256 81.168755 -10.612500 
140835091087233 -64.593750 81.000000 -10.537500 
140835111087233 -63.937504 81.168755 -10.293751 
140835131087233 -62.962502 81.037506 -10.050000 
140835151087233 -61.462502 81.337502 -9.243751 
140835171087233 -60.056252 81.487503 -8.606251 
140835191087233 -58.781254 81.675003 -7.743750 
140835211087233 -57.731251 81.937500 -7.031250 
140835231087233 -57.431252 82.275002 -6.093750 
140835251087233 -57.300003 83.156250 -4.743750 
140835271087233 -57.712502 84.037506 -3.431250 
140835291087233 -58.443752 84.937500 -1.987500 
140835311087233 -59.568752 85.762505 -1.125000 
140835331087233 -60.937504 86.418755 -0.262500 
140835351087233 -61.743752 87.056252 0.037500 
140835371087233 -62.325001 87.393753 0.468750 
140835391087233 -62.756252 87.750000 0.543750 
140835411087233 -63.093754 87.750000 0.693750 
140835431087233 -63.468754 87.787506 0.900000 
140835451087233 -63.937504 87.918755 1.218750 
140835471087233 -64.331253 88.012505 1.181250 
140835491087233 -64.162506 87.862503 0.993750 
140835511087233 -64.106255 87.750000 0.900000 
140835531087233 -64.237503 87.731255 0.918750 
140835551087233 -63.806252 87.450005 1.312500 
140835571087233 -63.243752 86.981255 0.712500 
140835591087233 -62.625004 86.212502 -0.450000 
140835611087233 -62.287502 85.293755 -2.212500 
140835631087233 -62.118752 84.281250 -3.825000 
140835651087233 -62.643753 83.568756 -5.343750 
140835671087233 -63.693752 82.950005 -6.543750 
140835691087233 -64.631256 82.275002 -7.875000 
140835711087233 -65.981255 81.825005 -9.543751 
140835731087233 -67.162506 81.637505 -10.818750 
140835751087233 -67.893753 81.318756 -11.643750 
140835771087233 -68.006256 81.056252 -12.000000 
140835791087233 -67.631256 81.000000 -11.868751 
140835811087233 -66.618752 80.756256 -11.812500 
140835831087233 -65.400002 80.662506 -11.700001 
140835851087233 -64.050003 80.456253 -11.400001 
140835871087233 -62.587502 80.137505 -11.137501 
140835891087233 -61.762501 79.837502 -10.725000 
140835911087233 -61.237503 79.687500 -10.631250 
140835931087233 -61.218754 79.537506 -10.518750 
140835951087233 -61.406254 79.293755 -10.518750 
140835971087233 -61.837502 79.743752 -10.312500 
140835991087233 -62.025002 79.762505 -9.787500 
140836011087233 -62.212502 79.950005 -9.431251 
140836031087233 -62.606251 80.006256 -9.412500 
140836051087233 -62.718754 80.062500 -9.468750 
140836071087233 -63.000004 80.081253 -9.093750 
140836091087233 -63.187504 80.212502 -8.625000 
140836111087233 -63.806252 80.681252 -8.250000 
140836131087233 -64.443756 80.850006 -7.725000 
140836151087233 -65.100006 81.431252 -7.068750 
140836171087233 -65.756256 82.200005 -6.056250 
140836191087233 -66.112503 83.175003 -4.312500 
140836211087233 -66.637505 84.168755 -2.250000 
140836231087233 -67.050003 85.181252 -0.243750 
140836251087233 -67.556252 86.118752 1.650000 
140836271087233 -67.856255 86.662506 3.337500 
140836291087233 -68.025002 87.037506 4.500000 
140836311087233 -68.568756 87.187500 5.006250 
140836331087233 -69.281250 87.206253 5.362500 
140836351087233 -70.012505 87.168755 5.550000 
140836371087233 -70.668755 87.093750 5.343750 
140836391087233 -71.287506 87.112503 5.250000 
140836411087233 -71.606255 87.150002 5.175000 
140836431087233 -71.531250 87.337502 5.231250 
140836451087233 -71.400002 87.450005 5.606250 
140836471087233 -71.043755 87.581253 5.925000 
140836491087233 -70.781250 87.693756 5.850000 
140836511087233 -70.387505 87.450005 5.400000 
140836531087233 -70.181252 86.925003 4.331250 
140836551087233 -70.050003 86.175003 2.437500 
140836571087233 -70.200005 85.125000 0.018750 
140836591087233 -70.856255 83.981255 -2.587500 
140836611087233 -71.625000 82.931252 -5.062500 
140836631087233 -72.412506 81.750000 -7.368750 
140836651087233 -72.543755 80.587502 -9.637501 
140836671087233 -72.468750 79.762505 -11.568750 
140836691087233 -72.187500 79.275002 -12.637501 
140836711087233 -71.700005 79.181252 -13.106251 
140836731087233 -70.556252 79.518753 -12.937501 
140836751087233 -69.393753 79.650002 -12.487500 
140836771087233 -68.175003 79.725006 -12.243751 
140836791087233 -66.956253 79.875000 -12.225000 
140836811087233 -66.262505 80.043755 -11.981251 
140836831087233 -66.000000 80.325005 -11.456250 
140836851087233 -65.962502 80.756256 -11.231251 
140836871087233 -65.831253 80.737503 -10.781250 
140836891087233 -66.206253 80.737503 -10.500000 
140836911087233 -66.656250 81.393753 -9.618751 
140836931087233 -67.443756 81.937500 -8.943750 
140836951087233 -68.250000 82.462502 -8.287500 
140836971087233 -69.150002 82.800003 -7.818750 
140836991087233 -69.637505 83.081253 -7.443750 
140837011087233 -69.881256 83.250000 -6.825000 
140837031087233 -70.218750 83.643753 -6.431250 
140837051087233 -70.893753 84.112503 -5.831250 
140837071087233 -71.306252 84.300003 -5.418750 
140837091087233 -71.325005 84.787506 -4.537500 
140837111087233 -71.512505 85.462502 -3.000000 
140837131087233 -71.625000 86.268753 -1.031250 
140837151087233 -71.850006 87.131256 1.106250 
140837171087233 -72.243752 87.825005 3.168750 
140837191087233 -72.656250 88.518753 5.156250 
140837211087233 -72.693756 89.062500 6.881250 
140837231087233 -72.806252 89.306252 7.837500 
140837251087233 -73.181252 89.118752 8.531250 
140837271087233 -73.612503 89.137505 8.943750 
140837291087233 -73.837502 88.818756 9.337501 
140837311087233 -74.081253 88.537506 9.393750 
140837331087233 -74.100006 88.331253 9.656250 
140837351087233 -74.231255 88.237503 9.956250 
140837371087233 -74.306252 87.806252 9.881250 
140837391087233 -74.400002 87.543755 9.806251 
140837411087233 -73.968750 87.412506 9.543751 
140837431087233 -73.200005 86.906250 8.718750 
140837451087233 -72.450005 86.512505 7.256250 
140837471087233 -71.887505 85.556252 5.831250 
140837491087233 -71.606255 84.656250 4.050000 
140837511087233 -71.493752 83.793755 2.043750 
140837531087233 -71.475006 83.081253 0.431250 
140837551087233 -71.156250 82.256256 -0.825000 
140837571087233 -71.568756 81.487503 -1.893750 
140837591087233 -71.812500 80.812500 -2.775000 
140837611087233 -72.112503 80.043755 -3.637500 
140837631087233 -72.412506 79.668755 -4.275000 
140837651087233 -72.168755 79.537506 -4.931250 
140837671087233 -71.643753 79.200005 -5.137500 
140837691087233 -71.193756 79.012505 -5.193750 
140837711087233 -70.650002 78.731255 -5.268750 
140837731087233 -69.900002 78.450005 -5.343750 
140837751087233 -69.150002 78.168755 -5.287500 
140837771087233 -68.456253 78.075005 -4.931250 
140837791087233 -67.837502 78.037506 -4.575000 
140837811087233 -67.200005 77.850006 -3.881250 
140837831087233 -66.900002 78.168755 -3.150000 
140837851087233 -66.506256 78.337502 -2.381250 
140837871087233 -66.562500 78.525002 -1.668750 
140837891087233 -66.506256 78.787506 -1.200000 
140837911087233 -66.843750 78.993752 -0.787500 
140837931087233 -67.106255 79.331253 -0.356250 
140837951087233 -66.975006 79.668755 -0.187500 
140837971087233 -66.975006 79.762505 -0.300000 
140837991087233 -66.881256 79.575005 -0.356250 
140838011087233 -66.712502 79.518753 -0.356250 
140838031087233 -66.468750 79.800003 0.018750 
140838051087233 -66.131256 80.118752 0.993750 
140838071087233 -66.000000 80.550003 2.137500 
140838091087233 -65.662506 80.868752 3.337500 
140838111087233 -65.756256 81.225006 4.781250 
140838131087233 -65.887505 81.712502 6.281250 
140838151087233 -65.887505 82.143753 7.387500 
140838171087233 -65.812500 82.293755 8.250000 
140838191087233 -65.831253 82.350006 8.606251 
140838211087233 -65.831253 82.293755 8.606251 
140838231087233 -65.718750 82.200005 8.325001 
140838251087233 -65.850006 82.106255 8.137501 
140838271087233 -66.150002 81.956253 7.575000 
140838291087233 -66.300003 81.862503 7.200000 
140838311087233 -66.431252 81.675003 6.843750 
140838331087233 -66.806252 81.675003 6.750000 
140838351087233 -66.693756 81.562500 6.862500 
140838371087233 -66.525002 81.356255 6.806250 
140838391087233 -66.075005 81.393753 7.181250 
140838411087233 -65.550003 81.243752 7.087500 
140838431087233 -64.912506 81.262505 6.918750 
140838451087233 -64.593750 80.943756 6.450000 
140838471087233 -64.350006 80.400002 5.812500 
140838491087233 -64.087502 79.875000 4.443750 
140838511087233 -64.350006 79.312500 2.775000 
140838531087233 -64.912506 78.693756 1.106250 
140838551087233 -65.625000 77.906250 -0.618750 
140838571087233 -66.262505 77.400002 -2.025000 
140838591087233 -66.656250 76.612503 -3.412500 
140838611087233 -66.731255 75.993752 -4.725000 
140838631087233 -66.543755 75.581253 -5.718750 
140838651087233 -66.431252 75.431252 -6.000000 
140838671087233 -65.718750 75.356255 -6.168750 
140838691087233 -64.912506 75.412506 -6.075000 
140838711087233 -63.843754 75.281250 -6.150000 
140838731087233 -63.037502 75.075005 -6.168750 
140838751087233 -62.193752 74.981255 -6.000000 
140838771087233 -61.593754 74.925003 -5.643750 
140838791087233 -61.106251 74.981255 -5.287500 
140838811087233 -60.318752 74.906250 -4.987500 
140838831087233 -59.981251 74.981255 -4.518750 
140838851087233 -59.493752 75.150002 -3.900000 
140838871087233 -59.400002 75.637505 -3.506250 
140838891087233 -59.268753 75.900002 -3.000000 
140838911087233 -59.268753 76.106255 -2.681250 
140838931087233 -59.118752 76.556252 -2.437500 
140838951087233 -59.193752 76.893753 -2.475000 
140838971087233 -59.231251 77.118752 -2.662500 
140838991087233 -59.531254 77.268753 -3.168750 
140839011087233 -59.775002 77.437500 -3.543750 
140839031087233 -59.981251 77.437500 -3.881250 
140839051087233 -60.056252 77.550003 -4.012500 
140839071087233 -60.243752 78.018753 -3.937500 
140839091087233 -60.843754 78.206253 -3.881250 
140839111087233 -61.200001 78.937500 -3.375000 
140839131087233 -61.800003 79.631256 -2.625000 
140839151087233 -62.100002 80.081253 -1.518750 
140839171087233 -62.418751 80.756256 -0.937500 
140839191087233 -62.625004 81.243752 0.037500 
140839211087233 -63.131252 81.918755 0.618750 
140839231087233 -63.506252 82.312500 1.143750 
140839251087233 -63.487503 82.725006 1.462500 
140839271087233 -63.862503 82.668755 1.462500 
140839291087233 -64.181252 82.668755 1.143750 
140839311087233 -64.762505 82.837502 0.712500 
140839331087233 -65.568756 82.837502 0.787500 
140839351087233 -66.318756 83.006256 0.431250 
140839371087233 -66.843750 83.118752 0.150000 
140839391087233 -67.106255 83.193756 0.150000 
140839411087233 -67.387505 83.306252 0.037500 
140839431087233 -67.106255 83.175003 -0.056250 
140839451087233 -66.750000 83.100006 -0.168750 
140839471087233 -66.056252 82.818756 -0.206250 
140839491087233 -65.006256 82.462502 -0.637500 
140839511087233 -64.181252 82.012505 -1.387500 
140839531087233 -63.600002 81.731255 -2.156250 
140839551087233 -63.431252 81.112503 -3.281250 
140839571087233 -63.543751 80.662506 -4.087500 
140839591087233 -63.956253 80.400002 -4.893750 
140839611087233 -64.462502 80.287506 -5.493750 
140839631087233 -65.062500 80.137505 -6.450000 
140839651087233 -65.587502 79.931252 -7.237500 
140839671087233 -65.737503 79.856255 -7.556250 
140839691087233 -65.625000 79.556252 -7.706250 
140839711087233 -64.950005 79.800003 -7.575000 
140839731087233 -64.143753 80.025002 -7.293750 
140839751087233 -63.000004 80.062500 -7.050000 
140839771087233 -62.100002 79.818756 -6.862500 
140839791087233 -61.031254 79.593750 -6.356250 
140839811087233 -60.318752 79.518753 -6.056250 
140839831087233 -59.718754 79.500000 -5.662500 
140839851087233 -59.043751 79.481255 -5.381250 
140839871087233 -58.781254 79.368752 -5.475000 
140839891087233 -58.462502 79.181252 -5.737500 
140839911087233 -58.312504 79.331253 -5.381250 
140839931087233 -58.068752 79.612503 -5.156250 
140839951087233 -57.956253 79.950005 -4.912500 
140839971087233 -57.918751 80.287506 -4.237500 
140839991087233 -58.087502 80.625000 -3.600000 
140840011087233 -58.462502 80.831253 -3.187500 
140840031087233 -58.631252 81.168755 -2.700000 
140840051087233 -58.968754 81.468750 -2.250000 
140840071087233 -59.418751 81.525002 -2.343750 
140840091087233 -59.756252 81.487503 -2.606250 
140840111087233 -60.243752 81.693756 -2.793750 
140840131087233 -60.712502 81.768753 -3.300000 
140840151087233 -60.975002 81.806252 -3.900000 
140840171087233 -61.500004 82.031250 -4.106250 
140840191087233 -62.118752 82.087502 -3.975000 
140840211087233 -62.625004 82.481255 -3.675000 
140840231087233 -63.150002 82.950005 -3.112500 
140840251087233 -63.750004 83.437500 -2.231250 
140840271087233 -64.031250 83.887505 -1.518750 
140840291087233 -64.125000 84.206253 -0.581250 
140840311087233 -64.200005 84.712502 0.131250 
140840331087233 -64.087502 84.975006 0.768750 
140840351087233 -63.956253 85.200005 0.993750 
140840371087233 -64.050003 84.993752 0.993750 
140840391087233 -64.481255 84.787506 0.375000 
140840411087233 -64.875000 84.825005 0.243750 
140840431087233 -65.550003 84.787506 -0.056250 
140840451087233 -66.337502 84.637505 -0.393750 
140840471087233 -67.218750 84.543755 -0.093750 
140840491087233 -67.668755 84.525002 -0.018750 
140840511087233 -68.118752 84.543755 -0.112500 
140840531087233 -67.912506 84.525002 -0.018750 
140840551087233 -67.312500 84.525002 0.506250 
140840571087233 -66.506256 84.412506 0.468750 
140840591087233 -65.418755 84.206253 0.525000 
140840611087233 -64.331253 83.906250 0.243750 
140840631087233 -63.581253 83.625000 -0.637500 
140840651087233 -63.487503 83.268753 -1.368750 
140840671087233 -63.637501 82.912506 -1.875000 
140840691087233 -64.143753 82.837502 -2.512500 
140840711087233 -64.725006 82.875000 -3.225000 
140840731087233 -65.137505 82.706253 -4.162500 
140840751087233 -65.775002 82.631256 -4.931250 
140840771087233 -66.131256 82.612503 -5.343750 
140840791087233 -66.000000 82.575005 -5.475000 
140840811087233 -65.081253 82.650002 -5.400000 
140840831087233 -64.106255 82.481255 -5.268750 
140840851087233 -63.093754 82.387505 -5.175000 
140840871087233 -62.156254 82.106255 -5.118750 
140840891087233 -61.256252 81.862503 -4.631250 
140840911087233 -60.618752 81.543755 -4.425000 
140840931087233 -60.000004 81.487503 -4.275000 
140840951087233 -59.550003 81.318756 -3.937500 
140840971087233 -59.400002 81.150002 -4.012500 
140840991087233 -59.268753 81.375000 -3.900000 
140841011087233 -59.006252 81.431252 -3.731250 
140841031087233 -58.818752 81.412506 -3.656250 
140841051087233 -58.893753 81.450005 -3.300000 
140841071087233 -58.856251 81.881256 -2.775000 
140841091087233 -58.987503 82.443756 -2.325000 
140841111087233 -59.156254 82.612503 -2.250000 
140841131087233 -59.400002 82.875000 -1.912500 
140841151087233 -59.493752 83.231255 -1.725000 
140841171087233 -59.718754 83.193756 -1.856250 
140841191087233 -60.093754 83.325005 -1.837500 
140841211087233 -60.206253 83.418755 -2.081250 
140841231087233 -60.262501 83.193756 -2.325000 
140841251087233 -60.412502 82.968750 -2.512500 
140841271087233 -60.862503 83.343750 -2.362500 
140841291087233 -61.275002 83.793755 -1.893750 
140841311087233 -61.893753 83.812500 -1.500000 
140841331087233 -62.325001 84.318756 -0.768750 
140841351087233 -62.775002 84.956253 0.206250 
140841371087233 -63.225002 85.650002 0.975000 
140841391087233 -63.337502 86.287506 1.706250 
140841411087233 -63.506252 86.493752 2.625000 
140841431087233 -63.656254 86.418755 3.037500 
140841451087233 -63.712502 86.175003 2.868750 
140841471087233 -63.900002 86.343750 2.568750 
140841491087233 -64.312500 86.193756 2.175000 
140841511087233 -64.593750 86.175003 1.762500 
140841531087233 -65.437500 86.025002 1.518750 
140841551087233 -66.225006 85.875000 1.350000 
140841571087233 -66.768753 85.987503 1.012500 
140841591087233 -67.012505 86.156250 0.937500 
140841611087233 -67.031250 86.306252 1.162500 
140841631087233 -66.637505 86.137505 1.425000 
140841651087233 -66.131256 86.250000 1.687500 
140841671087233 -65.212502 85.800003 1.612500 
140841691087233 -63.918751 85.425003 1.312500 
140841711087233 -63.037502 85.181252 0.656250 
140841731087233 -62.456253 84.693756 -0.393750 
140841751087233 -61.931252 84.131256 -1.443750 
140841771087233 -62.025002 83.681252 -2.512500 
140841791087233 -62.325001 83.212502 -3.375000 
140841811087233 -62.737503 82.781250 -4.275000 
140841831087233 -63.318752 82.650002 -5.193750 
140841851087233 -63.693752 82.500000 -5.756250 
140841871087233 -63.731251 82.406250 -6.206250 
140841891087233 -63.693752 82.631256 -6.112500 
140841911087233 -63.525002 82.668755 -6.018750 
140841931087233 -63.262501 82.743752 -5.868750 
140841951087233 -62.775002 82.762505 -5.793750 
140841971087233 -61.987503 82.668755 -5.531250 
140841991087233 -61.481251 82.650002 -5.250000 
140842011087233 -61.256252 82.631256 -5.118750 
140842031087233 -60.825001 82.500000 -4.950000 
140842051087233 -60.562504 82.012505 -4.593750 
140842071087233 -60.075001 81.937500 -4.406250 
140842091087233 -59.437504 81.956253 -4.293750 
140842111087233 -58.800003 82.050003 -3.975000 
140842131087233 -58.425003 82.012505 -3.562500 
140842151087233 -57.937504 82.068756 -3.168750 
140842171087233 -57.581253 82.275002 -2.568750 
140842191087233 -57.506252 82.387505 -2.006250 
140842211087233 -57.356251 82.818756 -1.743750 
140842231087233 -57.300003 83.006256 -1.256250 
140842251087233 -57.431252 83.006256 -0.862500 
140842271087233 -57.525002 83.100006 -0.731250 
140842291087233 -57.618752 83.325005 -0.693750 
140842311087233 -57.581253 83.156250 -0.618750 
140842331087233 -57.712502 83.137505 -0.787500 
140842351087233 -57.975002 83.287506 -0.918750 
140842371087233 -58.218754 83.493752 -1.162500 
140842391087233 -58.668751 83.756256 -1.425000 
140842411087233 -59.043751 84.206253 -1.237500 
140842431087233 -59.475002 84.300003 -0.787500 
140842451087233 -60.018753 84.431252 -0.468750 
140842471087233 -60.412502 84.918755 -0.187500 
140842491087233 -60.525002 85.331253 0.206250 
140842511087233 -60.450001 85.312500 0.656250 
140842531087233 -60.056252 85.125000 1.200000 
140842551087233 -59.681252 84.918755 1.593750 
140842571087233 -59.456253 84.675003 1.556250 
140842591087233 -59.475002 84.806252 1.256250 
140842611087233 -59.568752 84.768753 0.918750 
140842631087233 -60.112503 84.675003 0.656250 
140842651087233 -60.656254 84.543755 0.450000 
140842671087233 -61.406254 84.862503 0.506250 
140842691087233 -62.306252 85.200005 0.506250 
140842711087233 -63.056252 85.518753 0.675000 
140842731087233 -63.618752 85.612503 0.881250 
140842751087233 -63.881252 85.537506 1.068750 
140842771087233 -63.918751 85.556252 1.237500 
140842791087233 -63.543751 85.537506 1.237500 
140842811087233 -63.206253 85.368752 1.162500 
140842831087233 -62.662502 84.881256 0.600000 
140842851087233 -62.400002 84.487503 -0.056250 
140842871087233 -62.362503 84.056252 -0.956250 
140842891087233 -62.250004 83.943756 -1.818750 
140842911087233 -62.343754 83.700005 -2.325000 
140842931087233 -62.531254 83.512505 -2.737500 
140842951087233 -62.850002 83.231255 -2.925000 
140842971087233 -63.150002 83.156250 -3.281250 
140842991087233 -63.318752 83.175003 -3.393750 
140843011087233 -63.300003 83.100006 -3.337500 
140843031087233 -63.168751 83.137505 -3.000000 
140843051087233 -63.000004 82.968750 -2.831250 
140843071087233 -62.718754 82.818756 -2.868750 
140843091087233 -62.193752 82.931252 -3.206250 
140843111087233 -61.837502 82.912506 -3.375000 
140843131087233 -61.331253 82.687500 -3.300000 
140843151087233 -60.881252 82.575005 -3.206250 
140843171087233 -60.543751 82.462502 -3.281250 
140843191087233 -60.000004 82.125000 -3.318750 
140843211087233 -59.456253 82.143753 -3.018750 
140843231087233 -59.137501 82.237503 -2.981250 
140843251087233 -58.931252 82.125000 -2.306250 
140843271087233 -58.762501 81.993752 -1.706250 
140843291087233 -58.650002 82.312500 -1.387500 
140843311087233 -58.762501 82.575005 -0.956250 
140843331087233 -58.687504 82.706253 -0.543750 
140843351087233 -58.968754 83.250000 -0.037500 
140843371087233 -59.268753 83.343750 0.075000 
140843391087233 -59.493752 83.325005 0.337500 
140843411087233 -59.793751 83.381256 0.281250 
140843431087233 -59.868752 83.400002 -0.075000 
140843451087233 -60.093754 83.250000 -0.337500 
140843471087233 -60.168751 83.025002 -0.750000 
140843491087233 -60.281254 83.081253 -1.106250 
140843511087233 -60.393753 82.818756 -1.537500 
140843531087233 -60.900002 82.875000 -1.800000 
140843551087233 -61.312504 83.062500 -1.837500 
140843571087233 -61.968754 83.231255 -1.631250 
140843591087233 -62.456253 83.418755 -1.218750 
140843611087233 -62.681252 83.643753 -0.581250 
140843631087233 -62.962502 84.150002 -0.018750 
140843651087233 -63.243752 84.356255 0.431250 
140843671087233 -63.000004 84.600006 1.012500 
140843691087233 -62.681252 84.506256 1.481250 
140843711087233 -62.550003 84.543755 1.593750 
140843731087233 -62.250004 84.262505 1.425000 
140843751087233 -62.512501 84.318756 1.125000 
140843771087233 -63.075001 84.037506 0.862500 
140843791087233 -63.525002 83.812500 0.787500 
140843811087233 -63.862503 83.625000 1.031250 
140843831087233 -64.500000 83.568756 0.825000 
140843851087233 -64.650002 83.625000 0.768750 
140843871087233 -64.931252 83.587502 0.618750 
140843891087233 -64.912506 83.756256 0.487500 
140843911087233 -64.293755 83.643753 0.525000 
140843931087233 -63.525002 83.662506 0.337500 
140843951087233 -62.943752 83.362503 -0.112500 
140843971087233 -62.568752 83.062500 -0.843750 
140843991087233 -62.475002 82.800003 -1.293750 
140844011087233 -62.400002 82.612503 -1.818750 
140844031087233 -62.362503 82.518753 -1.968750 
140844051087233 -62.456253 82.462502 -2.100000 
140844071087233 -63.000004 82.462502 -2.362500 
140844091087233 -63.318752 82.387505 -2.662500 
140844111087233 -63.581253 82.387505 -2.850000 
140844131087233 -63.675003 82.406250 -2.850000 
140844151087233 -63.506252 82.368752 -2.887500 
140844171087233 -63.318752 82.256256 -3.056250 
140844191087233 -62.906254 81.975006 -3.168750 
140844211087233 -62.456253 81.768753 -3.375000 
140844231087233 -61.668751 81.562500 -3.487500 
140844251087233 -61.181252 81.468750 -3.525000 
140844271087233 -60.693752 81.431252 -3.356250 
140844291087233 -60.187504 81.468750 -3.337500 
140844311087233 -59.831253 81.356255 -3.300000 
140844331087233 -59.568752 81.375000 -2.943750 
140844351087233 -59.100002 81.431252 -2.793750 
140844371087233 -58.875004 81.543755 -2.587500 
140844391087233 -58.706253 81.618752 -2.287500 
140844411087233 -58.612503 81.750000 -2.025000 
140844431087233 -58.706253 81.768753 -1.837500 
140844451087233 -58.800003 81.937500 -1.312500 
140844471087233 -58.800003 82.162506 -1.068750 
140844491087233 -59.043751 82.537506 -0.918750 
140844511087233 -59.231251 82.706253 -0.787500 
140844531087233 -59.400002 82.650002 -0.468750 
140844551087233 -59.606251 82.706253 -0.468750 
140844571087233 -59.812504 82.856255 -0.318750 
140844591087233 -59.812504 82.968750 -0.262500 
140844611087233 -59.868752 82.950005 -0.637500 
140844631087233 -60.000004 83.043755 -0.843750 
140844651087233 -60.243752 82.856255 -0.843750 
140844671087233 -60.768753 83.043755 -0.768750 
140844691087233 -61.368752 83.325005 -0.900000 
140844711087233 -61.987503 83.475006 -0.806250 
140844731087233 -62.362503 83.643753 -0.243750 
140844751087233 -62.568752 83.868752 0.131250 
140844771087233 -62.850002 84.206253 0.693750 
140844791087233 -62.962502 84.300003 1.218750 
140844811087233 -62.775002 84.225006 1.518750 
140844831087233 -62.475002 84.356255 1.518750 
140844851087233 -62.006252 84.262505 1.593750 
140844871087233 -61.837502 84.168755 1.481250 
140844891087233 -62.175003 84.037506 0.937500 
140844911087233 -62.756252 84.093750 0.750000 
140844931087233 -63.450001 84.150002 0.637500 
140844951087233 -64.181252 84.206253 0.806250 
140844971087233 -64.987503 84.487503 0.675000 
140844991087233 -65.362503 84.281250 0.825000 
140845011087233 -65.831253 84.356255 0.731250 
140845031087233 -65.887505 84.318756 0.618750 
140845051087233 -65.362503 84.206253 0.543750 
140845071087233 -64.556252 83.868752 -0.075000 
140845091087233 -63.712502 83.400002 -0.693750 
140845111087233 -63.056252 83.118752 -1.481250 
140845131087233 -62.381252 82.968750 -1.762500 
140845151087233 -62.156254 82.781250 -2.081250 
140845171087233 -62.137501 82.725006 -2.306250 
140845191087233 -62.306252 82.818756 -2.231250 
140845211087233 -62.606251 82.743752 -2.418750 
140845231087233 -63.000004 82.762505 -2.156250 
140845251087233 -63.468754 82.818756 -2.212500 
140845271087233 -63.468754 82.856255 -2.268750 
140845291087233 -63.450001 82.668755 -2.456250 
140845311087233 -63.225002 82.762505 -2.793750 
140845331087233 -62.681252 82.481255 -2.775000 
140845351087233 -62.137501 82.200005 -3.093750 
140845371087233 -61.462502 82.181252 -3.131250 
140845391087233 -60.975002 81.900002 -3.450000 
140845411087233 -60.450001 81.787506 -3.450000 
140845431087233 -59.962502 81.600006 -3.450000 
140845451087233 -59.512501 81.318756 -3.281250 
140845471087233 -59.081253 81.243752 -2.925000 
140845491087233 -58.537502 81.281250 -2.887500 
140845511087233 -58.068752 81.168755 -2.606250 
140845531087233 -57.562504 81.018753 -2.493750 
140845551087233 -57.318752 81.056252 -2.062500 
140845571087233 -56.756252 81.112503 -1.631250 
140845591087233 -56.362503 81.150002 -1.200000 
140845611087233 -56.137501 81.562500 -0.825000 
140845631087233 -55.987503 81.656250 -0.562500 
140845651087233 -56.193752 81.918755 -0.225000 
140845671087233 -56.156254 82.050003 -0.018750 
140845691087233 -56.700001 82.106255 0.112500 
140845711087233 -56.681252 82.293755 0.000000 
140845731087233 -57.018753 82.481255 -0.018750 
140845751087233 -57.243752 82.556252 -0.075000 
140845771087233 -57.637501 82.481255 -0.375000 
140845791087233 -58.256252 82.387505 -0.618750 
140845811087233 -58.875004 82.425003 -0.937500 
140845831087233 -59.512501 82.706253 -0.862500 
140845851087233 -60.018753 83.250000 -0.731250 
140845871087233 -60.637501 83.531250 -0.262500 
140845891087233 -60.956253 83.718750 -0.150000 
140845911087233 -61.593754 84.056252 0.187500 
140845931087233 -61.912502 84.168755 0.375000 
140845951087233 -62.118752 84.450005 0.618750 
140845971087233 -62.156254 84.618752 0.843750 
140845991087233 -62.343754 84.600006 0.656250 
140846011087233 -62.212502 84.412506 0.468750 
140846031087233 -62.475002 84.600006 0.112500 
140846051087233 -63.131252 84.675003 0.037500 
140846071087233 -63.712502 84.581253 -0.056250 
140846091087233 -64.106255 84.881256 0.150000 
140846111087233 -64.500000 85.068756 0.187500 
140846131087233 -64.762505 85.106255 0.225000 
140846151087233 -64.931252 85.218750 0.375000 
140846171087233 -64.875000 85.162506 0.693750 
140846191087233 -64.537506 84.862503 0.750000 
140846211087233 -63.918751 84.618752 0.675000 
140846231087233 -63.150002 84.412506 0.262500 
140846251087233 -62.643753 84.093750 -0.675000 
140846271087233 -62.418751 83.700005 -1.500000 
140846291087233 -62.606251 83.268753 -2.325000 
140846311087233 -62.925003 83.118752 -3.131250 
140846331087233 -63.412502 82.743752 -4.181250 
140846351087233 -64.106255 82.575005 -4.987500 
140846371087233 -64.725006 82.425003 -5.775000 
140846391087233 -65.400002 82.181252 -6.600000 
140846411087233 -65.831253 81.956253 -6.806250 
140846431087233 -65.718750 81.787506 -6.900000 
140846451087233 -65.287506 81.656250 -6.843750 
140846471087233 -64.575005 81.450005 -6.993750 
140846491087233 -63.975002 81.431252 -7.162500 
140846511087233 -63.112503 81.318756 -6.993750 
140846531087233 -62.325001 81.075005 -6.881250 
140846551087233 -61.518753 81.075005 -6.450000 
140846571087233 -60.712502 80.906250 -6.375000 
140846591087233 -60.225002 80.906250 -6.318750 
140846611087233 -59.643753 80.906250 -6.450000 
140846631087233 -59.287502 80.906250 -6.131250 
140846651087233 -59.118752 81.037506 -5.475000 
140846671087233 -59.137501 81.356255 -5.343750 
140846691087233 -59.231251 81.675003 -4.931250 
140846711087233 -59.325001 81.843750 -4.518750 
140846731087233 -59.812504 82.125000 -3.956250 
140846751087233 -60.168751 82.406250 -3.525000 
140846771087233 -60.675003 82.743752 -3.018750 
140846791087233 -61.162502 82.837502 -2.756250 
140846811087233 -61.668751 82.931252 -3.075000 
140846831087233 -62.081253 82.762505 -3.300000 
140846851087233 -62.250004 82.743752 -3.562500 
140846871087233 -62.550003 82.743752 -3.675000 
140846891087233 -63.000004 82.968750 -3.768750 
140846911087233 -63.450001 82.987503 -3.637500 
140846931087233 -63.806252 83.212502 -3.356250 
140846951087233 -64.275002 83.662506 -2.812500 
140846971087233 -64.575005 84.037506 -1.800000 
140846991087233 -64.800003 84.525002 -0.918750 
140847011087233 -65.231255 84.993752 0.018750 
140847031087233 -65.568756 85.481255 0.750000 
140847051087233 -65.606255 85.837502 1.050000 
140847071087233 -65.437500 86.081253 1.312500 
140847091087233 -65.587502 86.062500 1.331250 
140847111087233 -65.643753 85.987503 0.768750 
140847131087233 -65.737503 85.875000 0.056250 
140847151087233 -66.300003 85.837502 -0.225000 
140847171087233 -66.937500 85.856255 -0.637500 
140847191087233 -67.425003 86.043755 -0.825000 
140847211087233 -67.987503 85.968750 -0.618750 
140847231087233 -68.550003 86.043755 -0.618750 
140847251087233 -68.662506 86.137505 -0.862500 
140847271087233 -68.550003 85.968750 -0.881250 
140847291087233 -68.268753 85.875000 -1.050000 
140847311087233 -67.500000 85.556252 -1.500000 
140847331087233 -66.862503 85.012505 -2.268750 
140847351087233 -66.637505 84.356255 -3.431250 
140847371087233 -66.281250 83.718750 -4.556250 
140847391087233 -66.337502 83.212502 -5.643750 
140847411087233 -66.618752 82.931252 -6.131250 
140847431087233 -66.956253 82.687500 -6.750000 
140847451087233 -67.275002 82.443756 -7.312500 
140847471087233 -67.856255 82.218750 -7.781250 
140847491087233 -68.062500 82.031250 -8.025001 
140847511087233 -67.875000 82.087502 -8.062500 
140847531087233 -67.500000 82.181252 -8.100000 
140847551087233 -66.843750 82.068756 -7.893750 
140847571087233 -66.243752 81.656250 -7.987500 
140847591087233 -65.700005 81.637505 -7.950000 
140847611087233 -65.287506 81.562500 -7.706250 
140847631087233 -64.650002 81.562500 -7.537500 
140847651087233 -64.106255 81.656250 -7.143750 
140847671087233 -63.918751 81.543755 -6.825000 
140847691087233 -63.600002 81.487503 -6.731250 
140847711087233 -63.356251 81.412506 -6.581250 
140847731087233 -63.056252 81.693756 -6.225000 
140847751087233 -62.962502 81.881256 -5.775000 
140847771087233 -62.868752 82.218750 -5.250000 
140847791087233 -63.150002 82.425003 -4.612500 
140847811087233 -63.356251 82.725006 -4.237500 
140847831087233 -63.300003 83.043755 -3.900000 
140847851087233 -63.693752 83.268753 -3.731250 
140847871087233 -64.218750 83.681252 -3.712500 
140847891087233 -64.875000 83.793755 -3.900000 
140847911087233 -65.287506 83.718750 -4.125000 
140847931087233 -65.587502 83.531250 -4.425000 
140847951087233 -66.037506 83.606255 -4.518750 
140847971087233 -66.806252 83.681252 -4.350000 
140847991087233 -67.631256 84.000000 -3.993750 
140848011087233 -68.175003 84.431252 -3.243750 
140848031087233 -68.681252 84.900002 -2.193750 
140848051087233 -69.206253 85.443756 -1.106250 
140848071087233 -69.843750 85.950005 -0.056250 
140848091087233 -70.462502 86.456253 0.731250 
140848111087233 -70.668755 86.868752 1.050000 
140848131087233 -70.781250 87.037506 1.237500 
140848151087233 -70.837502 87.037506 1.350000 
140848171087233 -71.343750 86.943756 1.162500 
140848191087233 -71.925003 86.700005 0.712500 
140848211087233 -72.468750 86.512505 0.375000 
140848231087233 -73.087502 86.475006 0.075000 
140848251087233 -73.425003 86.493752 -0.037500 
140848271087233 -73.687500 86.437500 0.018750 
140848291087233 -73.875000 86.606255 -0.150000 
140848311087233 -73.856255 86.381256 -0.225000 
140848331087233 -73.500000 86.362503 -0.281250 
140848351087233 -72.787506 86.156250 -0.487500 
140848371087233 -72.018753 85.968750 -1.125000 
140848391087233 -71.456253 85.406250 -2.100000 
140848411087233 -71.306252 84.712502 -3.187500 
140848431087233 -71.325005 84.187500 -4.087500 
140848451087233 -71.250000 83.550003 -4.818750 
140848471087233 -71.568756 83.287506 -5.812500 
140848491087233 -71.568756 82.575005 -6.675000 
140848511087233 -71.737503 82.312500 -7.481250 
140848531087233 -71.906250 81.975006 -7.875000 
140848551087233 -71.456253 81.862503 -7.781250 
140848571087233 -70.893753 81.937500 -7.650000 
140848591087233 -69.956253 81.993752 -7.387500 
140848611087233 -69.150002 82.068756 -7.350000 
140848631087233 -67.950005 81.993752 -7.237500 
140848651087233 -66.956253 82.256256 -6.918750 
140848671087233 -65.906250 82.350006 -6.618750 
140848691087233 -64.893753 82.368752 -6.281250 
140848711087233 -64.050003 82.593750 -6.168750 
140848731087233 -63.412502 82.631256 -5.887500 
140848751087233 -62.812504 82.631256 -6.000000 
140848771087233 -62.212502 82.612503 -5.812500 
140848791087233 -62.062504 82.668755 -5.437500 
140848811087233 -61.762501 82.668755 -5.362500 
140848831087233 -61.762501 82.762505 -4.912500 
140848851087233 -61.668751 82.987503 -4.425000 
140848871087233 -61.706253 83.156250 -3.825000 
140848891087233 -61.743752 83.512505 -3.243750 
140848911087233 -61.800003 83.625000 -2.662500 
140848931087233 -62.081253 83.850006 -2.287500 
140848951087233 -62.006252 83.925003 -2.456250 
140848971087233 -62.043751 84.000000 -2.193750 
140848991087233 -62.062504 84.037506 -2.193750 
140849011087233 -62.118752 83.887505 -2.268750 
140849031087233 -62.606251 84.037506 -2.456250 
140849051087233 -63.018753 83.887505 -2.400000 
140849071087233 -63.412502 84.262505 -1.893750 
140849091087233 -63.825001 84.525002 -1.275000 
140849111087233 -64.181252 84.900002 -0.393750 
140849131087233 -64.481255 85.143753 0.318750 
140849151087233 -64.725006 85.462502 0.787500 
140849171087233 -64.800003 85.762505 1.275000 
140849191087233 -64.462502 85.781250 1.687500 
140849211087233 -64.218750 85.912506 1.406250 
140849231087233 -64.331253 85.575005 0.862500 
140849251087233 -64.181252 85.406250 0.337500 
140849271087233 -64.331253 85.350006 0.206250 
140849291087233 -64.387505 85.481255 -0.037500 
140849311087233 -64.612503 85.293755 0.075000 
140849331087233 -64.968750 85.237503 -0.056250 
140849351087233 -65.212502 85.293755 -0.150000 
140849371087233 -65.400002 85.087502 -0.112500 
140849391087233 -65.081253 85.218750 -0.037500 
140849411087233 -64.743752 85.087502 -0.243750 
140849431087233 -64.218750 84.675003 -0.712500 
140849451087233 -63.862503 84.393753 -1.275000 
140849471087233 -63.562504 84.000000 -2.268750 
140849491087233 -63.506252 83.550003 -3.168750 
140849511087233 -63.581253 82.950005 -4.031250 
140849531087233 -63.825001 82.687500 -4.612500 
140849551087233 -64.312500 82.350006 -5.306250 
140849571087233 -64.837502 82.237503 -5.625000 
140849591087233 -65.250000 82.143753 -6.093750 
140849611087233 -65.512505 81.881256 -6.450000 
140849631087233 -65.325005 81.918755 -6.375000 
140849651087233 -64.875000 82.068756 -6.168750 
140849671087233 -64.068756 82.143753 -5.643750 
140849691087233 -63.243752 82.106255 -5.193750 
140849711087233 -62.156254 82.106255 -4.968750 
140849731087233 -61.350002 81.975006 -4.912500 
140849751087233 -60.750004 81.937500 -4.537500 
140849771087233 -60.243752 81.787506 -4.350000 
140849791087233 -60.037502 81.731255 -4.050000 
140849811087233 -59.681252 81.656250 -3.918750 
140849831087233 -59.512501 81.562500 -3.918750 
140849851087233 -59.212502 81.450005 -3.806250 
140849871087233 -59.268753 81.431252 -3.600000 
140849891087233 -59.062504 81.525002 -2.962500 
140849911087233 -58.968754 81.806252 -2.568750 
140849931087233 -58.968754 82.125000 -2.006250 
140849951087233 -59.025002 82.256256 -1.725000 
140849971087233 -59.006252 82.387505 -1.706250 
140849991087233 -59.250004 82.462502 -1.725000 
140850011087233 -59.287502 82.818756 -1.931250 
140850031087233 -59.418751 82.837502 -1.762500 
140850051087233 -59.475002 82.987503 -1.968750 
140850071087233 -59.568752 82.743752 -2.343750 
140850091087233 -59.756252 82.687500 -2.437500 
140850111087233 -60.150002 82.893753 -2.587500 
140850131087233 -60.900002 83.212502 -2.118750 
140850151087233 -61.612503 83.756256 -1.462500 
140850171087233 -62.343754 84.150002 -0.693750 
140850191087233 -62.981251 84.412506 -0.300000 
140850211087233 -63.787502 84.618752 0.131250 
140850231087233 -64.256256 85.125000 0.581250 
140850251087233 -64.481255 85.331253 0.693750 
140850271087233 -64.650002 85.162506 0.712500 
140850291087233 -64.650002 85.031250 0.412500 
140850311087233 -64.575005 85.125000 -0.093750 
140850331087233 -64.856255 84.843750 -0.675000 
140850351087233 -65.100006 85.012505 -0.750000 
140850371087233 -65.400002 85.031250 -0.843750 
140850391087233 -65.643753 85.106255 -0.656250 
140850411087233 -65.925003 85.068756 -0.712500 
140850431087233 -65.831253 85.106255 -0.600000 
140850451087233 -65.756256 84.937500 -0.768750 
140850471087233 -65.643753 84.525002 -1.050000 
140850491087233 -65.100006 84.281250 -1.518750 
140850511087233 -64.500000 83.812500 -2.193750 
140850531087233 -64.012505 83.175003 -3.093750 
140850551087233 -63.675003 82.462502 -4.031250 
140850571087233 -63.431252 82.237503 -4.743750 
140850591087233 -63.300003 82.125000 -5.250000 
140850611087233 -63.131252 82.087502 -5.531250 
140850631087233 -62.850002 81.993752 -5.812500 
140850651087233 -62.775002 81.825005 -5.943750 
140850671087233 -62.493752 81.637505 -6.112500 
140850691087233 -62.025002 81.600006 -5.793750 
140850711087233 -61.537502 81.787506 -5.475000 
140850731087233 -61.050003 81.637505 -5.118750 
140850751087233 -60.337502 81.431252 -4.968750 
140850771087233 -59.606251 81.168755 -4.687500 
140850791087233 -58.912502 81.112503 -4.256250 
140850811087233 -58.350002 81.056252 -4.068750 
140850831087233 -57.731251 81.150002 -3.956250 
140850851087233 -57.206253 81.187500 -3.693750 
140850871087233 -56.625004 81.112503 -3.393750 
140850891087233 -55.987503 81.000000 -3.000000 
140850911087233 -55.612503 81.168755 -2.418750 
140850931087233 -55.181252 81.225006 -2.025000 
140850951087233 -54.975002 81.393753 -1.518750 
140850971087233 -54.787502 81.581253 -0.656250 
140850991087233 -55.050003 81.918755 0.056250 
140851011087233 -54.975002 82.087502 0.262500 
140851031087233 -55.331253 81.956253 0.056250 
140851051087233 -55.443752 82.125000 -0.112500 
140851071087233 -55.781254 82.106255 -0.562500 
140851091087233 -56.062504 82.162506 -0.956250 
140851111087233 -55.968754 82.068756 -1.462500 
140851131087233 -55.893753 81.975006 -1.856250 
140851151087233 -55.893753 81.787506 -1.893750 
140851171087233 -56.043751 81.768753 -1.650000 
140851191087233 -55.931252 82.237503 -0.975000 
140851211087233 -56.100002 82.237503 -0.337500 
140851231087233 -56.043751 82.650002 0.600000 
140851251087233 -56.156254 82.931252 1.668750 
140851271087233 -56.718754 83.137505 2.512500 
140851291087233 -57.243752 83.512505 2.962500 
140851311087233 -57.337502 83.756256 3.187500 
140851331087233 -57.487503 84.131256 2.962500 
140851351087233 -57.562504 84.150002 2.943750 
140851371087233 -57.768753 84.318756 2.662500 
140851391087233 -57.993752 84.225006 2.231250 
140851411087233 -58.331253 84.206253 1.481250 
140851431087233 -58.481251 84.206253 1.256250 
140851451087233 -58.593754 84.225006 1.237500 
140851471087233 -59.043751 84.450005 1.368750 
140851491087233 -59.456253 84.525002 1.650000 
140851511087233 -59.643753 84.506256 1.406250 
140851531087233 -59.156254 84.318756 1.218750 
140851551087233 -58.706253 84.000000 1.106250 
140851571087233 -58.106251 83.681252 1.125000 
140851591087233 -57.262501 83.175003 0.881250 
140851611087233 -56.456253 82.593750 0.112500 
140851631087233 -55.837502 81.862503 -0.862500 
140851651087233 -55.537502 81.337502 -1.593750 
140851671087233 -55.500004 81.075005 -2.306250 
140851691087233 -56.156254 81.150002 -2.681250 
140851711087233 -56.868752 81.318756 -3.206250 
140851731087233 -57.543751 81.300003 -3.468750 
140851751087233 -58.237503 81.787506 -3.693750 
140851771087233 -58.631252 81.918755 -3.000000 
140851791087233 -58.631252 82.031250 -2.381250 
140851811087233 -58.106251 82.218750 -1.837500 
140851831087233 -57.562504 82.050003 -1.312500 
140851851087233 -56.606251 82.031250 -0.937500 
140851871087233 -55.556252 81.768753 -0.431250 
140851891087233 -54.543751 81.900002 -0.075000 
140851911087233 -53.662502 81.506256 0.131250 
140851931087233 -53.062504 81.487503 -0.056250 
140851951087233 -52.612503 81.450005 -0.018750 
140851971087233 -52.350002 81.056252 0.150000 
140851991087233 -52.031254 81.150002 0.506250 
140852011087233 -51.937504 81.093750 1.256250 
140852031087233 -52.031254 81.337502 1.725000 
140852051087233 -52.200001 81.431252 2.193750 
140852071087233 -52.481251 81.768753 2.756250 
140852091087233 -52.518753 82.087502 2.943750 
140852111087233 -52.481251 82.143753 3.018750 
140852131087233 -52.706253 82.350006 2.681250 
140852151087233 -53.062504 82.406250 2.512500 
140852171087233 -53.306252 82.406250 1.800000 
140852191087233 -53.325001 82.218750 1.387500 
140852211087233 -53.493752 82.050003 0.918750 
140852231087233 -53.831253 81.881256 0.675000 
140852251087233 -53.943752 81.787506 0.937500 
140852271087233 -53.775002 81.956253 1.631250 
140852291087233 -53.418751 82.031250 2.662500 
140852311087233 -53.118752 82.143753 3.431250 
140852331087233 -52.781254 82.200005 4.200000 
140852351087233 -52.687504 82.518753 4.706250 
140852371087233 -52.537502 82.856255 5.175000 
140852391087233 -52.200001 83.081253 5.212500 
140852411087233 -52.443752 83.437500 5.025000 
140852431087233 -53.268753 83.456253 4.425000 
140852451087233 -53.906254 83.625000 3.693750 
140852471087233 -54.693752 83.737503 3.187500 
140852491087233 -55.312504 83.850006 2.681250 
140852511087233 -55.631252 83.775002 2.400000 
140852531087233 -55.500004 83.512505 2.175000 
140852551087233 -55.350002 83.268753 2.475000 
140852571087233 -54.975002 82.743752 2.700000 
140852591087233 -54.131252 82.481255 2.512500 
140852611087233 -53.643753 82.200005 2.043750 
140852631087233 -53.231251 81.787506 1.350000 
140852651087233 -53.287502 81.337502 0.431250 
140852671087233 -53.737503 81.318756 -0.581250 
140852691087233 -54.431252 81.337502 -1.668750 
140852711087233 -55.218754 81.206253 -2.793750 
140852731087233 -55.800003 81.187500 -3.768750 
140852751087233 -56.756252 81.281250 -4.218750 
140852771087233 -57.093754 81.262505 -4.162500 
140852791087233 -57.168751 81.356255 -4.050000 
140852811087233 -57.168751 81.393753 -3.618750 
140852831087233 -56.381252 81.018753 -3.168750 
140852851087233 -55.743752 80.831253 -2.718750 
140852871087233 -54.806252 80.625000 -2.550000 
140852891087233 -54.281254 80.381256 -2.287500 
140852911087233 -53.756252 80.268753 -2.231250 
140852931087233 -53.343754 80.118752 -2.156250 
140852951087233 -53.100002 79.968750 -2.025000 
140852971087233 -52.406254 79.931252 -1.912500 
140852991087233 -52.425003 80.025002 -1.425000 
140853011087233 -52.293751 80.156250 -0.900000 
140853031087233 -52.443752 80.606255 -0.356250 
140853051087233 -52.556252 80.793755 -0.018750 
140853071087233 -52.481251 80.925003 0.150000 
140853091087233 -52.668751 80.868752 -0.000000 
140853111087233 -52.800003 80.850006 -0.018750 
140853131087233 -53.418751 80.775002 -0.262500 
140853151087233 -53.531254 80.662506 -0.918750 
140853171087233 -53.887501 80.587502 -1.425000 
140853191087233 -54.337502 80.400002 -1.687500 
140853211087233 -54.600002 80.493752 -1.781250 
140853231087233 -54.618752 80.531250 -1.293750 
140853251087233 -54.600002 80.925003 -0.581250 
140853271087233 -54.468754 81.262505 0.262500 
140853291087233 -54.131252 81.693756 1.218750 
140853311087233 -54.018753 82.050003 2.306250 
140853331087233 -53.756252 82.275002 3.356250 
140853351087233 -53.400002 82.668755 4.425000 
140853371087233 -53.156254 82.800003 4.950000 
140853391087233 -53.062504 82.800003 5.287500 
140853411087233 -52.968754 82.987503 5.193750 
140853431087233 -53.156254 83.100006 4.931250 
140853451087233 -53.568752 83.118752 4.650000 
140853471087233 -54.056252 83.062500 4.481250 
140853491087233 -54.506252 83.118752 4.143750 
140853511087233 -54.956253 83.025002 3.581250 
140853531087233 -55.443752 83.156250 3.487500 
140853551087233 -55.912502 83.062500 3.300000 
140853571087233 -56.418751 82.893753 3.393750 
140853591087233 -56.493752 82.800003 3.468750 
140853611087233 -56.081253 82.781250 3.750000 
140853631087233 -55.743752 82.706253 3.862500 
140853651087233 -55.350002 82.425003 4.031250 
140853671087233 -54.881252 82.200005 4.125000 
140853691087233 -54.431252 81.731255 4.012500 
140853711087233 -54.112503 81.375000 3.656250 
140853731087233 -53.512501 80.831253 3.093750 
140853751087233 -53.325001 80.193756 2.456250 
140853771087233 -53.456253 79.500000 1.293750 
140853791087233 -53.475002 78.881256 -0.037500 
140853811087233 -53.625004 78.187500 -1.556250 
140853831087233 -53.700001 77.512505 -2.962500 
140853851087233 -53.662502 76.931252 -4.162500 
140853871087233 -53.812504 76.668755 -5.212500 
140853891087233 -54.075001 76.331253 -5.756250 
140853911087233 -54.112503 76.143753 -6.431250 
140853931087233 -54.112503 76.050003 -6.431250 
140853951087233 -53.850002 75.937500 -6.206250 
140853971087233 -53.681252 75.918755 -5.793750 
140853991087233 -53.306252 76.031250 -5.400000 
140854011087233 -52.950001 76.087502 -4.837500 
140854031087233 -52.406254 76.050003 -4.368750 
140854051087233 -52.031254 76.200005 -3.975000 
140854071087233 -51.562504 76.443756 -3.375000 
140854091087233 -51.225002 76.575005 -2.943750 
140854111087233 -50.887501 76.818756 -2.306250 
140854131087233 -50.587502 77.175003 -1.612500 
140854151087233 -50.550003 77.362503 -0.937500 
140854171087233 -50.718754 77.756256 -0.393750 
140854191087233 -50.943752 78.281250 -0.131250 
140854211087233 -51.206253 78.468750 -0.262500 
140854231087233 -51.787502 78.262505 -0.656250 
140854251087233 -52.443752 78.150002 -1.275000 
140854271087233 -53.400002 78.262505 -2.231250 
140854291087233 -54.487503 78.318756 -3.093750 
140854311087233 -55.593754 78.506256 -3.731250 
140854331087233 -56.493752 78.806252 -4.162500 
140854351087233 -57.356251 78.993752 -4.181250 
140854371087233 -58.350002 79.575005 -3.581250 
140854391087233 -58.781254 80.756256 -2.550000 
140854411087233 -59.400002 81.843750 -1.275000 
140854431087233 -59.831253 82.743752 0.243750 
140854451087233 -59.962502 83.362503 1.331250 
140854471087233 -60.093754 83.962502 2.156250 
140854491087233 -60.450001 84.412506 2.812500 
140854511087233 -60.768753 84.768753 2.868750 
140854531087233 -60.862503 84.675003 2.550000 
140854551087233 -61.612503 84.412506 1.912500 
140854571087233 -62.137501 84.262505 1.181250 
140854591087233 -62.981251 84.112503 0.318750 
140854611087233 -64.200005 84.262505 -0.131250 
140854631087233 -65.343750 84.356255 -0.262500 
140854651087233 -65.925003 84.262505 -0.712500 
140854671087233 -66.281250 84.262505 -0.881250 
140854691087233 -66.543755 84.318756 -1.012500 
140854711087233 -65.831253 84.037506 -0.937500 
140854731087233 -64.856255 83.681252 -1.143750 
140854751087233 -63.712502 83.118752 -1.443750 
140854771087233 -62.118752 82.200005 -2.212500 
140854791087233 -60.656254 81.393753 -3.450000 
140854811087233 -60.000004 80.606255 -4.537500 
140854831087233 -59.775002 79.893753 -5.231250 
140854851087233 -59.493752 79.443756 -6.093750 
140854871087233 -59.962502 79.087502 -7.012500 
140854891087233 -60.393753 78.918755 -7.462500 
140854911087233 -60.581253 79.125000 -7.612500 
140854931087233 -60.862503 79.593750 -7.293750 
140854951087233 -60.787502 80.025002 -6.506250 
140854971087233 -60.356251 80.531250 -5.587500 
140854991087233 -59.662502 80.793755 -4.950000 
140855011087233 -59.062504 81.093750 -3.993750 
140855031087233 -58.350002 81.337502 -3.168750 
140855051087233 -57.787502 81.506256 -2.512500 
140855071087233 -57.450001 81.375000 -2.193750 
140855091087233 -57.262501 81.525002 -2.043750 
140855111087233 -57.243752 81.281250 -2.100000 
140855131087233 -57.018753 80.981255 -2.287500 
140855151087233 -56.868752 81.037506 -2.006250 
140855171087233 -56.962502 81.262505 -1.762500 
140855191087233 -57.037502 81.431252 -1.556250 
140855211087233 -57.037502 81.693756 -1.181250 
140855231087233 -57.187504 81.862503 -0.618750 
140855251087233 -57.393753 81.918755 -0.431250 
140855271087233 -57.637501 82.162506 -0.431250 
140855291087233 -58.293751 82.368752 -0.806250 
140855311087233 -59.081253 82.331253 -1.331250 
140855331087233 -59.962502 82.012505 -1.987500 
140855351087233 -60.656254 82.162506 -2.362500 
140855371087233 -61.406254 82.425003 -2.456250 
140855391087233 -62.062504 82.687500 -2.550000 
140855411087233 -62.700001 82.875000 -2.043750 
140855431087233 -63.468754 83.343750 -1.425000 
140855451087233 -63.825001 83.887505 -0.375000 
140855471087233 -63.975002 84.506256 0.375000 
140855491087233 -63.862503 84.975006 1.162500 
140855511087233 -63.768753 85.143753 1.781250 
140855531087233 -63.825001 85.275002 1.781250 
140855551087233 -63.825001 85.218750 1.406250 
140855571087233 -63.750004 85.143753 0.956250 
140855591087233 -63.712502 85.012505 0.525000 
140855611087233 -63.975002 84.843750 -0.037500 
140855631087233 -64.631256 84.862503 -0.206250 
140855651087233 -65.287506 85.068756 -0.300000 
140855671087233 -66.243752 85.106255 -0.562500 
140855691087233 -66.525002 84.825005 -0.956250 
140855711087233 -66.375000 84.787506 -1.200000 
140855731087233 -65.756256 84.412506 -1.650000 
140855751087233 -64.668755 84.150002 -1.818750 
140855771087233 -63.168751 83.625000 -2.062500 
140855791087233 -61.425003 82.912506 -2.568750 
140855811087233 -59.550003 82.050003 -3.300000 
140855831087233 -57.806252 81.487503 -4.162500 
140855851087233 -56.381252 80.925003 -4.462500 
140855871087233 -55.818752 80.493752 -4.837500 
140855891087233 -55.856251 80.306252 -5.306250 
140855911087233 -56.118752 79.725006 -6.112500 
140855931087233 -56.625004 79.612503 -6.712500 
140855951087233 -57.093754 79.743752 -6.712500 
140855971087233 -57.450001 79.950005 -6.712500 
140855991087233 -57.600002 80.062500 -6.450000 
140856011087233 -57.956253 80.400002 -6.300000 
140856031087233 -57.750004 80.550003 -5.737500 
140856051087233 -57.225002 80.681252 -5.100000 
140856071087233 -56.850002 81.056252 -4.200000 
140856091087233 -56.343754 81.206253 -3.693750 
140856111087233 -55.668751 80.925003 -3.468750 
140856131087233 -55.237503 81.075005 -3.112500 
140856151087233 -54.712502 80.775002 -2.887500 
140856171087233 -54.131252 80.587502 -2.625000 
140856191087233 -53.831253 80.475006 -2.512500 
140856211087233 -53.493752 80.831253 -1.968750 
140856231087233 -53.362503 81.131256 -1.612500 
140856251087233 -53.306252 81.131256 -1.275000 
140856271087233 -53.718754 81.412506 -1.387500 
140856291087233 -54.262501 81.262505 -1.743750 
140856311087233 -54.543751 81.431252 -2.006250 
140856331087233 -55.050003 81.393753 -2.437500 
140856351087233 -55.462502 81.262505 -2.925000 
140856371087233 -56.287502 81.206253 -3.993750 
140856391087233 -57.000004 81.000000 -5.025000 
140856411087233 -57.956253 81.243752 -5.475000 
140856431087233 -58.706253 81.712502 -5.475000 
140856451087233 -59.475002 82.368752 -4.912500 
140856471087233 -60.450001 82.931252 -4.425000 
140856491087233 -61.350002 83.587502 -3.825000 
140856511087233 -62.231251 84.450005 -3.000000 
140856531087233 -62.850002 84.750000 -2.381250 
140856551087233 -63.281254 84.993752 -1.800000 
140856571087233 -63.487503 85.387505 -1.556250 
140856591087233 -63.881252 85.237503 -1.387500 
140856611087233 -64.218750 85.275002 -1.743750 
140856631087233 -64.950005 85.293755 -2.175000 
140856651087233 -65.756256 85.200005 -2.362500 
140856671087233 -66.562500 85.312500 -2.343750 
140856691087233 -67.275002 85.331253 -2.287500 
140856711087233 -67.781250 85.631256 -2.268750 
140856731087233 -68.268753 85.443756 -2.381250 
140856751087233 -68.062500 85.593750 -2.381250 
140856771087233 -67.406250 85.218750 -2.175000 
140856791087233 -66.131256 84.806252 -2.193750 
140856811087233 -64.781250 84.487503 -2.512500 
140856831087233 -63.393753 83.868752 -3.225000 
140856851087233 -62.118752 83.550003 -3.768750 
140856871087233 -61.162502 83.231255 -4.200000 
140856891087233 -60.450001 83.100006 -4.406250 
140856911087233 -60.281254 82.818756 -4.837500 
140856931087233 -60.393753 82.743752 -5.456250 
140856951087233 -60.806252 82.687500 -5.643750 
140856971087233 -60.956253 82.800003 -5.793750 
140856991087233 -60.750004 82.837502 -5.737500 
140857011087233 -60.525002 82.818756 -5.475000 
140857031087233 -59.906254 82.556252 -5.268750 
140857051087233 -59.287502 82.462502 -4.818750 
140857071087233 -58.556252 82.368752 -4.275000 
140857091087233 -57.637501 82.275002 -3.825000 
140857111087233 -56.775002 82.331253 -3.618750 
140857131087233 -56.250004 82.256256 -3.262500 
140857151087233 -56.137501 82.068756 -3.131250 
140857171087233 -55.931252 81.787506 -3.281250 
140857191087233 -55.725002 81.918755 -3.393750 
140857211087233 -55.631252 81.900002 -3.412500 
140857231087233 -55.781254 82.256256 -3.525000 
140857251087233 -56.100002 82.593750 -3.562500 
140857271087233 -56.587502 82.837502 -3.375000 
140857291087233 -56.943752 83.175003 -3.375000 
140857311087233 -57.300003 83.287506 -3.656250 
140857331087233 -57.750004 83.568756 -4.125000 
140857351087233 -58.856251 83.175003 -4.687500 
140857371087233 -59.812504 83.137505 -5.493750 
140857391087233 -60.693752 82.987503 -6.281250 
140857411087233 -61.743752 83.118752 -6.675000 
140857431087233 -62.418751 83.325005 -6.675000 
140857451087233 -63.150002 83.550003 -6.506250 
140857471087233 -63.675003 84.431252 -5.550000 
140857491087233 -63.993752 85.050003 -4.087500 
140857511087233 -63.881252 85.968750 -2.531250 
140857531087233 -63.881252 86.587502 -1.125000 
140857551087233 -63.787502 87.131256 0.337500 
140857571087233 -63.637501 87.356255 1.237500 
140857591087233 -63.843754 87.693756 1.631250 
140857611087233 -63.825001 87.637505 1.650000 
140857631087233 -64.275002 87.450005 1.256250 
140857651087233 -65.062500 87.468750 0.618750 
140857671087233 -66.281250 87.468750 0.243750 
140857691087233 -67.162506 87.750000 0.131250 
140857711087233 -67.800003 87.937500 0.037500 
140857731087233 -67.987503 88.106255 0.225000 
140857751087233 -67.556252 87.937500 0.318750 
140857771087233 -67.368752 88.218750 0.562500 
140857791087233 -66.543755 87.956253 0.843750 
140857811087233 -65.531250 87.825005 0.918750 
140857831087233 -64.237503 87.506256 0.693750 
140857851087233 -63.000004 86.868752 -0.112500 
140857871087233 -62.231251 86.175003 -1.425000 
140857891087233 -62.006252 85.481255 -2.662500 
140857911087233 -61.837502 84.843750 -3.993750 
140857931087233 -61.856251 84.037506 -5.268750 
140857951087233 -61.818752 83.493752 -6.731250 
140857971087233 -61.800003 82.931252 -7.743750 
140857991087233 -61.743752 82.500000 -8.475000 
140858011087233 -61.556252 82.312500 -8.643750 
140858031087233 -60.712502 82.181252 -8.287500 
140858051087233 -59.681252 82.050003 -7.912500 
140858071087233 -58.931252 82.368752 -7.181250 
140858091087233 -58.200001 82.706253 -6.600000 
140858111087233 -57.600002 82.725006 -6.000000 
140858131087233 -56.906254 82.950005 -5.662500 
140858151087233 -56.137501 82.968750 -5.343750 
140858171087233 -55.650002 82.856255 -5.193750 
140858191087233 -55.406254 82.893753 -5.006250 
140858211087233 -55.143753 82.912506 -4.912500 
140858231087233 -54.843754 82.912506 -4.781250 
140858251087233 -54.225002 82.931252 -4.462500 
140858271087233 -53.775002 83.306252 -3.731250 
140858291087233 -53.400002 83.568756 -2.625000 
140858311087233 -53.437504 84.000000 -1.725000 
140858331087233 -53.475002 84.618752 -0.843750 
140858351087233 -53.737503 85.200005 -0.375000 
140858371087233 -54.018753 85.556252 -0.112500 
140858391087233 -54.468754 85.368752 -0.000000 
140858411087233 -55.087502 85.312500 -0.168750 
140858431087233 -55.837502 85.256256 -0.431250 
140858451087233 -56.662502 84.881256 -1.312500 
140858471087233 -57.187504 84.806252 -2.025000 
140858491087233 -57.843754 84.656250 -2.625000 
140858511087233 -58.650002 84.468750 -2.868750 
140858531087233 -59.531254 84.468750 -2.943750 
140858551087233 -60.506252 84.975006 -2.793750 
140858571087233 -61.481251 85.237503 -2.343750 
140858591087233 -62.587502 85.537506 -2.137500 
140858611087233 -63.637501 86.043755 -1.725000 
140858631087233 -64.500000 86.268753 -1.706250 
140858651087233 -65.268753 86.193756 -1.762500 
140858671087233 -65.943756 86.025002 -1.837500 
140858691087233 -66.618752 85.912506 -2.118750 
140858711087233 -67.256256 85.818756 -2.493750 
140858731087233 -67.987503 85.687500 -3.000000 
140858751087233 -68.418755 85.537506 -3.225000 
140858771087233 -69.187500 85.331253 -3.393750 
140858791087233 -69.825005 85.256256 -3.018750 
140858811087233 -70.500000 85.425003 -2.418750 
140858831087233 -70.462502 85.612503 -1.968750 
140858851087233 -70.106255 85.668755 -1.331250 
140858871087233 -69.450005 85.556252 -0.656250 
140858891087233 -68.325005 85.293755 -0.187500 
140858911087233 -67.181252 85.050003 0.168750 
140858931087233 -65.962502 84.656250 0.075000 
140858951087233 -65.287506 84.112503 -0.675000 
140858971087233 -64.293755 83.156250 -2.118750 
140858991087233 -63.787502 81.900002 -4.012500 
140859011087233 -63.937504 80.662506 -6.000000 
140859031087233 -64.237503 79.350006 -8.212501 
140859051087233 -64.762505 78.468750 -10.087501 
140859071087233 -65.325005 77.531250 -11.962501 
140859091087233 -65.193756 76.743752 -13.218751 
140859111087233 -64.668755 76.087502 -13.968751 
140859131087233 -64.218750 75.712502 -14.156251 
140859151087233 -63.731251 75.862503 -13.800000 
140859171087233 -62.775002 75.993752 -13.312501 
140859191087233 -61.800003 76.200005 -12.693750 
140859211087233 -61.106251 76.462502 -12.318750 
140859231087233 -60.093754 76.518753 -11.943750 
140859251087233 -59.118752 76.425003 -11.681251 
140859271087233 -58.275002 76.331253 -11.325001 
140859291087233 -57.506252 76.275002 -10.987500 
140859311087233 -56.625004 76.181252 -10.425000 
140859331087233 -55.856251 76.293755 -9.806251 
140859351087233 -55.200001 76.687500 -9.018750 
140859371087233 -54.318752 77.006256 -8.062500 
140859391087233 -53.943752 77.662506 -6.956250 
140859411087233 -53.981251 78.337502 -5.962500 
140859431087233 -53.943752 78.956253 -5.268750 
140859451087233 -53.906254 79.631256 -4.837500 
140859471087233 -54.000004 80.062500 -4.537500 
140859491087233 -54.243752 80.381256 -4.500000 
140859511087233 -54.600002 80.643753 -4.612500 
140859531087233 -54.993752 80.643753 -4.593750 
140859551087233 -55.143753 80.550003 -4.687500 
140859571087233 -55.443752 80.643753 -4.968750 
140859591087233 -55.968754 80.700005 -5.006250 
140859611087233 -56.643753 80.775002 -4.950000 
140859631087233 -57.487503 81.187500 -4.950000 
140859651087233 -58.387501 81.562500 -4.631250 
140859671087233 -59.062504 81.675003 -4.556250 
140859691087233 -59.775002 81.975006 -4.443750 
140859711087233 -60.937504 82.181252 -4.631250 
140859731087233 -61.725002 82.425003 -4.668750 
140859751087233 -62.512501 82.818756 -4.500000 
140859771087233 -63.618752 83.306252 -3.956250 
140859791087233 -64.406250 83.850006 -2.868750 
140859811087233 -64.818756 84.375000 -2.118750 
140859831087233 -65.250000 84.937500 -1.087500 
140859851087233 -65.456253 85.443756 -0.393750 
140859871087233 -65.662506 85.818756 0.356250 
140859891087233 -65.925003 86.137505 0.900000 
140859911087233 -66.075005 86.418755 1.162500 
140859931087233 -65.887505 86.250000 0.918750 
140859951087233 -65.887505 85.987503 -0.018750 
140859971087233 -66.018753 85.650002 -0.787500 
140859991087233 -66.075005 85.162506 -1.725000 
140860011087233 -66.318756 84.562500 -2.700000 
140860031087233 -66.300003 84.131256 -3.487500 
140860051087233 -66.450005 83.550003 -4.087500 
140860071087233 -66.562500 83.193756 -4.762500 
140860091087233 -66.337502 82.912506 -5.250000 
140860111087233 -65.981255 82.612503 -5.793750 
140860131087233 -65.775002 82.275002 -6.412500 
140860151087233 -65.756256 82.218750 -6.731250 
140860171087233 -65.456253 82.218750 -6.900000 
140860191087233 -65.100006 82.312500 -6.937500 
140860211087233 -64.631256 82.556252 -6.825000 
140860231087233 -63.956253 82.612503 -6.506250 
140860251087233 -63.750004 82.743752 -6.318750 
140860271087233 -63.675003 82.781250 -5.831250 
140860291087233 -63.675003 83.006256 -5.231250 
140860311087233 -63.600002 83.156250 -4.800000 
140860331087233 -63.806252 83.400002 -4.387500 
140860351087233 -64.087502 83.737503 -4.050000 
140860371087233 -64.481255 83.793755 -3.600000 
140860391087233 -65.212502 83.906250 -3.450000 
140860411087233 -65.625000 84.375000 -3.112500 
140860431087233 -66.037506 84.656250 -2.925000 
140860451087233 -66.506256 84.900002 -2.718750 
140860471087233 -66.825005 84.975006 -2.737500 
140860491087233 -67.293755 85.012505 -2.700000 
140860511087233 -67.425003 84.975006 -2.550000 
140860531087233 -67.387505 85.162506 -2.512500 
140860551087233 -67.275002 85.312500 -2.250000 
140860571087233 -67.406250 85.350006 -1.743750 
140860591087233 -67.331253 85.575005 -1.331250 
140860611087233 -66.993752 85.875000 -0.656250 
140860631087233 -67.068756 86.231255 0.243750 
140860651087233 -66.881256 86.662506 0.937500 
140860671087233 -66.918755 86.943756 1.443750 
140860691087233 -66.956253 87.093750 1.725000 
140860711087233 -67.181252 87.206253 1.875000 
140860731087233 -67.275002 87.168755 1.687500 
140860751087233 -67.687500 87.225006 1.687500 
140860771087233 -68.231255 86.906250 1.237500 
140860791087233 -68.643753 86.868752 0.806250 
140860811087233 -69.150002 86.681252 0.562500 
140860831087233 -69.768753 86.831253 0.356250 
140860851087233 -70.612503 87.018753 0.356250 
140860871087233 -71.175003 86.906250 0.375000 
140860891087233 -71.381256 86.812500 0.168750 
140860911087233 -71.418755 86.550003 -0.187500 
140860931087233 -71.475006 86.400002 -0.787500 
140860951087233 -71.100006 85.912506 -1.087500 
140860971087233 -70.668755 85.650002 -1.537500 
140860991087233 -70.087502 85.012505 -2.175000 
140861011087233 -69.637505 84.412506 -3.300000 
140861031087233 -69.375000 83.925003 -4.500000 
140861051087233 -69.656250 83.325005 -5.493750 
140861071087233 -70.181252 82.725006 -6.562500 
140861091087233 -70.687500 82.293755 -7.312500 
140861111087233 -71.512505 81.937500 -8.625000 
140861131087233 -72.337502 81.337502 -9.600000 
140861151087233 -72.937500 80.812500 -10.368751 
140861171087233 -72.937500 80.775002 -11.006250 
140861191087233 -72.918755 80.550003 -11.156250 
140861211087233 -72.562500 80.662506 -11.212501 
140861231087233 -71.775002 80.793755 -11.250000 
140861251087233 -70.950005 80.756256 -11.325001 
140861271087233 -70.143753 80.943756 -10.968750 
140861291087233 -69.318756 81.018753 -10.706250 
140861311087233 -68.531250 81.431252 -10.387501 
140861331087233 -68.175003 81.375000 -9.768750 
140861351087233 -67.743752 81.731255 -9.318750 
140861371087233 -67.312500 81.825005 -8.906250 
140861391087233 -66.881256 81.937500 -8.550000 
140861411087233 -66.318756 82.068756 -8.212501 
140861431087233 -65.793755 82.275002 -7.893750 
140861451087233 -65.081253 82.631256 -7.350000 
140861471087233 -64.593750 82.818756 -6.862500 
140861491087233 -64.068756 83.006256 -6.506250 
140861511087233 -63.731251 82.968750 -6.337500 
140861531087233 -63.487503 83.193756 -6.187500 
140861551087233 -63.468754 83.362503 -5.812500 
140861571087233 -63.712502 83.568756 -5.287500 
140861591087233 -63.656254 83.606255 -5.006250 
140861611087233 -63.900002 83.418755 -5.062500 
140861631087233 -64.162506 83.418755 -5.156250 
140861651087233 -64.350006 83.250000 -5.250000 
140861671087233 -64.087502 83.325005 -5.250000 
140861691087233 -63.993752 83.137505 -5.400000 
140861711087233 -63.637501 83.043755 -5.325000 
140861731087233 -63.150002 83.156250 -5.156250 
140861751087233 -62.718754 83.212502 -5.043750 
140861771087233 -62.437504 83.681252 -4.987500 
140861791087233 -62.175003 83.718750 -4.950000 
140861811087233 -61.781254 83.756256 -4.668750 
140861831087233 -61.556252 83.775002 -4.462500 
140861851087233 -61.143753 83.831253 -4.143750 
140861871087233 -60.956253 83.943756 -3.918750 
140861891087233 -60.600002 83.737503 -3.993750 
140861911087233 -60.337502 83.587502 -4.087500 
140861931087233 -59.887501 83.156250 -4.125000 
140861951087233 -59.793751 83.025002 -4.256250 
140861971087233 -59.775002 82.875000 -4.650000 
140861991087233 -59.775002 82.612503 -5.100000 
140862011087233 -60.168751 82.256256 -5.737500 
140862031087233 -60.637501 81.712502 -6.581250 
140862051087233 -61.068752 81.581253 -7.387500 
140862071087233 -61.556252 81.375000 -7.950000 
140862091087233 -61.893753 81.206253 -8.475000 
140862111087233 -61.968754 80.775002 -8.981251 
140862131087233 -61.987503 80.568756 -9.543751 
140862151087233 -62.025002 80.381256 -9.975000 
140862171087233 -61.762501 80.062500 -10.218750 
140862191087233 -61.331253 79.875000 -10.537500 
140862211087233 -60.825001 79.443756 -10.650001 
140862231087233 -60.487503 79.106255 -10.968750 
140862251087233 -59.906254 78.637505 -11.043751 
140862271087233 -59.268753 78.506256 -11.118751 
140862291087233 -58.631252 78.262505 -11.062500 
140862311087233 -57.975002 77.962502 -10.912500 
140862331087233 -57.243752 78.075005 -10.875000 
140862351087233 -56.512501 78.131256 -10.481251 
140862371087233 -56.250004 78.525002 -9.900001 
140862391087233 -55.781254 78.825005 -9.318750 
140862411087233 -55.837502 79.275002 -8.756250 
140862431087233 -56.137501 79.575005 -8.343750 
140862451087233 -56.287502 80.025002 -7.875000 
140862471087233 -56.643753 80.381256 -7.406250 
140862491087233 -57.112503 80.831253 -6.731250 
140862511087233 -57.506252 81.262505 -6.206250 
140862531087233 -57.787502 81.468750 -6.112500 
140862551087233 -58.537502 81.675003 -5.925000 
140862571087233 -59.137501 82.087502 -5.887500 
140862591087233 -59.981251 82.537506 -5.381250 
140862611087233 -61.087502 82.987503 -4.875000 
140862631087233 -61.818752 83.643753 -4.200000 
140862651087233 -62.718754 84.300003 -3.600000 
140862671087233 -63.731251 84.881256 -2.887500 
140862691087233 -64.575005 85.425003 -1.875000 
140862711087233 -64.875000 85.950005 -0.956250 
140862731087233 -65.231255 86.437500 0.056250 
140862751087233 -64.987503 86.868752 0.956250 
140862771087233 -64.875000 87.300003 1.500000 
140862791087233 -64.987503 87.356255 1.687500 
140862811087233 -65.118752 87.393753 1.931250 
140862831087233 -65.475006 87.506256 2.118750 
140862851087233 -65.831253 87.543755 2.550000 
140862871087233 -66.431252 87.768753 2.812500 
140862891087233 -66.375000 87.787506 2.793750 
140862911087233 -66.562500 87.581253 2.587500 
140862931087233 -66.225006 87.243752 2.550000 
140862951087233 -65.625000 87.056252 2.362500 
140862971087233 -64.743752 86.456253 1.931250 
140862991087233 -63.562504 85.875000 0.937500 
140863011087233 -62.700001 85.312500 -0.525000 
140863031087233 -61.875004 84.731255 -1.893750 
140863051087233 -61.875004 84.018753 -2.962500 
140863071087233 -61.818752 83.737503 -3.937500 
140863091087233 -61.893753 83.362503 -5.100000 
140863111087233 -62.550003 82.931252 -6.225000 
140863131087233 -63.093754 82.875000 -7.312500 
140863151087233 -63.562504 82.743752 -7.781250 
140863171087233 -63.600002 82.443756 -8.231251 
140863191087233 -63.056252 82.106255 -8.325001 
140863211087233 -62.343754 81.918755 -8.456250 
140863231087233 -61.556252 81.637505 -8.531250 
140863251087233 -60.881252 81.356255 -8.437500 
140863271087233 -60.075001 81.431252 -7.968750 
140863291087233 -59.306252 81.168755 -7.500000 
140863311087233 -58.687504 81.112503 -7.087500 
140863331087233 -58.312504 81.168755 -6.431250 
140863351087233 -58.500004 81.262505 -6.037500 
140863371087233 -58.518753 81.506256 -5.550000 
140863391087233 -58.462502 81.712502 -5.006250 
140863411087233 -58.556252 82.162506 -4.293750 
140863431087233 -58.537502 82.518753 -3.881250 
140863451087233 -58.725002 82.893753 -3.412500 
140863471087233 -58.837502 83.081253 -3.318750 
140863491087233 -58.631252 83.231255 -3.300000 
140863511087233 -58.537502 83.287506 -3.037500 
140863531087233 -58.593754 83.381256 -3.075000 
140863551087233 -58.950001 83.681252 -3.262500 
140863571087233 -59.418751 83.681252 -3.356250 
140863591087233 -60.075001 83.831253 -3.168750 
140863611087233 -60.581253 84.487503 -2.793750 
140863631087233 -61.425003 85.106255 -2.137500 
140863651087233 -62.643753 85.725006 -1.425000 
140863671087233 -63.487503 86.212502 -0.768750 
140863691087233 -64.425003 86.700005 -0.168750 
140863711087233 -65.043755 86.737503 0.075000 
140863731087233 -65.606255 87.075005 0.093750 
140863751087233 -65.925003 87.225006 0.056250 
140863771087233 -66.393753 86.925003 -0.056250 
140863791087233 -66.562500 86.775002 0.093750 
140863811087233 -66.693756 86.906250 0.056250 
140863831087233 -66.881256 87.000000 0.112500 
140863851087233 -66.562500 86.868752 0.150000 
140863871087233 -66.150002 86.962502 0.581250 
140863891087233 -65.625000 86.775002 1.031250 
140863911087233 -64.875000 86.606255 1.256250 
140863931087233 -64.068756 86.418755 1.237500 
140863951087233 -63.300003 85.931252 0.318750 
140863971087233 -62.831253 85.162506 -0.543750 
140863991087233 -62.587502 84.712502 -1.800000 
140864011087233 -62.887501 84.281250 -2.737500 
140864031087233 -63.225002 83.756256 -3.843750 
140864051087233 -63.543751 83.362503 -4.556250 
140864071087233 -64.125000 82.931252 -5.437500 
140864091087233 -64.443756 82.518753 -6.018750 
140864111087233 -64.500000 82.537506 -6.037500 
140864131087233 -64.143753 82.593750 -5.887500 
140864151087233 -63.206253 82.668755 -5.306250 
140864171087233 -61.987503 82.668755 -4.987500 
140864191087233 -60.862503 82.631256 -4.406250 
140864211087233 -59.906254 82.612503 -4.125000 
140864231087233 -58.837502 82.518753 -3.693750 
140864251087233 -58.162502 82.687500 -3.318750 
140864271087233 -57.731251 82.593750 -2.831250 
140864291087233 -57.243752 82.575005 -2.531250 
140864311087233 -57.300003 82.650002 -2.362500 
140864331087233 -57.637501 82.893753 -2.025000 
140864351087233 -57.825001 83.231255 -1.687500 
140864371087233 -57.975002 83.662506 -1.218750 
140864391087233 -58.218754 84.018753 -0.675000 
140864411087233 -58.087502 84.206253 -0.262500 
140864431087233 -58.106251 84.262505 -0.093750 
140864451087233 -58.162502 84.412506 0.037500 
140864471087233 -58.087502 84.131256 0.000000 
140864491087233 -57.825001 83.962502 -0.206250 
140864511087233 -58.012501 83.887505 -0.243750 
140864531087233 -58.275002 83.850006 -0.581250 
140864551087233 -58.668751 83.906250 -0.806250 
140864571087233 -59.343754 84.093750 -0.693750 
140864591087233 -59.850002 84.487503 -0.337500 
140864611087233 -60.637501 84.600006 0.112500 
140864631087233 -61.368752 84.937500 0.581250 
140864651087233 -62.062504 85.312500 1.050000 
140864671087233 -62.625004 85.425003 1.087500 
140864691087233 -63.131252 85.387505 1.181250 
140864711087233 -63.825001 85.387505 1.237500 
140864731087233 -64.706253 85.200005 0.787500 
140864751087233 -65.456253 85.387505 0.525000 
140864771087233 -66.281250 85.706253 0.412500 
140864791087233 -66.750000 85.818756 0.562500 
140864811087233 -67.350006 85.781250 0.581250 
140864831087233 -67.518753 85.875000 0.637500 
140864851087233 -67.443756 85.950005 0.618750 
140864871087233 -66.825005 86.062500 0.656250 
140864891087233 -65.906250 86.081253 0.881250 
140864911087233 -64.931252 85.762505 0.525000 
140864931087233 -64.012505 85.012505 -0.468750 
140864951087233 -63.768753 84.506256 -1.612500 
140864971087233 -63.656254 83.981255 -2.737500 
140864991087233 -63.918751 83.681252 -3.581250 
140865011087233 -64.406250 83.250000 -4.181250 
140865031087233 -65.193756 82.856255 -4.743750 
140865051087233 -65.981255 82.631256 -5.625000 
140865071087233 -66.675003 82.537506 -6.093750 
140865091087233 -67.087502 82.762505 -6.187500 
140865111087233 -67.181252 82.837502 -6.187500 
140865131087233 -66.618752 82.875000 -5.925000 
140865151087233 -65.662506 82.931252 -5.456250 
140865171087233 -64.537506 82.987503 -5.156250 
140865191087233 -63.375004 83.043755 -4.931250 
140865211087233 -62.287502 82.968750 -4.425000 
140865231087233 -61.462502 82.818756 -4.106250 
140865251087233 -60.581253 82.743752 -3.618750 
140865271087233 -59.981251 82.612503 -3.243750 
140865291087233 -59.681252 82.556252 -2.906250 
140865311087233 -59.756252 82.500000 -2.981250 
140865331087233 -59.625004 82.500000 -2.756250 
140865351087233 -59.456253 82.631256 -2.625000 
140865371087233 -59.325001 82.931252 -2.081250 
140865391087233 -59.268753 83.287506 -1.350000 
140865411087233 -59.531254 83.662506 -0.825000 
140865431087233 -59.568752 84.037506 -0.600000 
140865451087233 -59.662502 84.506256 -0.618750 
140865471087233 -59.906254 84.562500 -0.356250 
140865491087233 -60.506252 84.862503 -0.525000 
140865511087233 -60.862503 84.825005 -0.712500 
140865531087233 -61.518753 84.787506 -1.256250 
140865551087233 -62.212502 84.618752 -1.612500 
140865571087233 -62.737503 84.431252 -1.912500 
140865591087233 -63.431252 84.506256 -1.875000 
140865611087233 -64.068756 84.581253 -1.537500 
140865631087233 -64.556252 84.862503 -1.275000 
140865651087233 -64.706253 84.918755 -1.087500 
140865671087233 -65.231255 85.256256 -0.750000 
140865691087233 -65.100006 85.275002 -0.543750 
140865711087233 -65.062500 85.331253 -0.656250 
140865731087233 -64.800003 85.650002 -0.750000 
140865751087233 -64.706253 85.706253 -0.956250 
140865771087233 -64.781250 85.593750 -1.068750 
140865791087233 -64.950005 85.481255 -1.368750 
140865811087233 -65.231255 85.556252 -1.575000 
140865831087233 -65.325005 85.368752 -1.612500 
140865851087233 -65.625000 85.387505 -1.706250 
140865871087233 -65.662506 85.275002 -1.593750 
140865891087233 -65.512505 85.087502 -1.256250 
140865911087233 -65.043755 85.012505 -0.881250 
140865931087233 -64.481255 84.750000 -0.937500 
140865951087233 -63.881252 84.656250 -1.275000 
140865971087233 -63.431252 84.206253 -1.462500 
140865991087233 -62.850002 83.887505 -2.343750 
140866011087233 -62.681252 83.512505 -2.925000 
140866031087233 -62.681252 83.306252 -3.693750 
140866051087233 -62.925003 83.043755 -4.650000 
140866071087233 -63.300003 82.650002 -5.587500 
140866091087233 -63.375004 82.425003 -6.262500 
140866111087233 -63.168751 82.143753 -6.656250 
140866131087233 -62.812504 82.031250 -6.918750 
140866151087233 -62.493752 82.106255 -6.618750 
140866171087233 -61.650002 82.275002 -6.093750 
140866191087233 -60.825001 82.425003 -5.456250 
140866211087233 -59.943752 82.350006 -5.006250 
140866231087233 -58.931252 82.275002 -4.443750 
140866251087233 -58.162502 82.293755 -3.881250 
140866271087233 -57.562504 82.218750 -3.412500 
140866291087233 -57.000004 82.425003 -3.000000 
140866311087233 -56.550003 82.218750 -2.418750 
140866331087233 -56.250004 82.068756 -2.231250 
140866351087233 -56.043751 81.956253 -2.081250 
140866371087233 -56.043751 81.993752 -1.706250 
140866391087233 -55.968754 82.218750 -1.537500 
140866411087233 -56.062504 82.537506 -1.556250 
140866431087233 -56.325001 82.800003 -1.350000 
140866451087233 -56.550003 82.856255 -1.237500 
140866471087233 -56.568752 83.025002 -1.312500 
140866491087233 -56.793751 83.156250 -1.481250 
140866511087233 -56.700001 83.137505 -1.743750 
140866531087233 -56.343754 82.912506 -2.081250 
140866551087233 -56.062504 82.612503 -2.381250 
140866571087233 -55.500004 82.293755 -2.625000 
140866591087233 -55.387501 82.087502 -2.962500 
140866611087233 -55.631252 81.993752 -3.225000 
140866631087233 -56.118752 82.181252 -3.300000 
140866651087233 -56.306252 82.481255 -3.018750 
140866671087233 -56.587502 82.800003 -2.625000 
140866691087233 -57.243752 83.306252 -1.893750 
140866711087233 -57.806252 83.831253 -1.387500 
140866731087233 -58.406254 84.318756 -0.656250 
140866751087233 -58.518753 84.600006 -0.168750 
140866771087233 -58.387501 84.712502 0.093750 
140866791087233 -58.368752 84.600006 0.225000 
140866811087233 -58.537502 84.637505 -0.000000 
140866831087233 -58.856251 84.581253 -0.356250 
140866851087233 -59.025002 84.600006 -0.900000 
140866871087233 -59.531254 84.525002 -1.031250 
140866891087233 -59.962502 84.656250 -1.050000 
140866911087233 -60.281254 84.825005 -0.918750 
140866931087233 -60.375004 84.806252 -0.656250 
140866951087233 -60.037502 84.900002 -0.600000 
140866971087233 -59.868752 84.750000 -0.487500 
140866991087233 -59.250004 84.562500 -0.225000 
140867011087233 -58.762501 84.318756 -0.412500 
140867031087233 -58.012501 84.225006 -0.750000 
140867051087233 -57.487503 83.775002 -1.612500 
140867071087233 -57.131252 83.175003 -2.681250 
140867091087233 -57.206253 82.743752 -3.750000 
140867111087233 -57.393753 82.350006 -4.537500 
140867131087233 -57.375004 81.881256 -5.268750 
140867151087233 -57.731251 81.712502 -5.962500 
140867171087233 -57.562504 81.581253 -6.206250 
140867191087233 -57.412502 81.506256 -6.525000 
140867211087233 -57.075001 81.450005 -6.056250 
140867231087233 -56.606251 81.525002 -5.306250 
140867251087233 -55.968754 81.693756 -4.537500 
140867271087233 -55.500004 81.862503 -3.956250 
140867291087233 -55.031254 82.162506 -3.168750 
140867311087233 -54.262501 82.012505 -2.681250 
140867331087233 -53.793751 81.937500 -2.512500 
140867351087233 -53.400002 81.806252 -1.968750 
140867371087233 -53.231251 81.806252 -1.800000 
140867391087233 -52.762501 82.031250 -1.650000 
140867411087233 -52.462502 82.237503 -1.556250 
140867431087233 -52.087502 82.293755 -1.031250 
140867451087233 -51.731251 82.350006 -0.787500 
140867471087233 -51.993752 82.593750 -0.525000 
140867491087233 -52.293751 82.875000 -0.056250 
140867511087233 -52.425003 82.875000 -0.206250 
140867531087233 -52.368752 82.631256 -0.693750 
140867551087233 -52.706253 82.293755 -0.993750 
140867571087233 -52.837502 81.956253 -1.331250 
140867591087233 -52.950001 81.487503 -2.025000 
140867611087233 -53.268753 81.262505 -2.737500 
140867631087233 -53.550003 81.206253 -3.150000 
140867651087233 -53.662502 81.000000 -3.412500 
140867671087233 -54.075001 81.018753 -3.168750 
140867691087233 -54.281254 81.525002 -2.325000 
140867711087233 -54.412502 81.881256 -1.706250 
140867731087233 -54.543751 82.350006 -0.750000 
140867751087233 -54.487503 82.987503 0.150000 
140867771087233 -54.262501 83.512505 1.125000 
140867791087233 -53.906254 83.887505 1.875000 
140867811087233 -53.756252 84.281250 2.437500 
140867831087233 -53.493752 84.656250 2.718750 
140867851087233 -53.606251 84.693756 2.756250 
140867871087233 -53.756252 84.843750 2.475000 
140867891087233 -54.018753 85.031250 2.193750 
140867911087233 -54.787502 84.975006 1.762500 
140867931087233 -55.593754 84.956253 1.368750 
140867951087233 -56.100002 84.975006 1.275000 
140867971087233 -56.456253 85.050003 1.143750 
140867991087233 -56.700001 85.087502 1.125000 
140868011087233 -56.700001 84.937500 1.050000 
140868031087233 -56.606251 85.031250 1.462500 
140868051087233 -56.625004 85.050003 1.650000 
140868071087233 -56.156254 84.975006 1.856250 
140868091087233 -55.631252 84.768753 2.118750 
140868111087233 -55.481251 84.431252 1.893750 
140868131087233 -55.237503 84.056252 1.425000 
140868151087233 -55.237503 83.456253 0.468750 
140868171087233 -55.331253 83.062500 -0.806250 
140868191087233 -55.387501 82.293755 -2.306250 
140868211087233 -55.593754 81.300003 -3.900000 
140868231087233 -55.875004 80.737503 -5.381250 
140868251087233 -56.156254 80.156250 -6.881250 
140868271087233 -56.137501 79.875000 -7.856250 
140868291087233 -56.456253 79.556252 -8.418751 
140868311087233 -56.287502 79.593750 -8.643750 
140868331087233 -56.175003 79.762505 -8.193750 
140868351087233 -56.081253 80.006256 -7.687500 
140868371087233 -55.687504 80.493752 -7.031250 
140868391087233 -55.425003 80.793755 -6.187500 
140868411087233 -54.675003 81.000000 -5.343750 
140868431087233 -54.168751 81.075005 -4.650000 
140868451087233 -53.456253 81.300003 -3.993750 
140868471087233 -52.931252 81.487503 -3.262500 
140868491087233 -52.462502 81.356255 -2.756250 
140868511087233 -51.731251 81.562500 -1.856250 
140868531087233 -51.225002 81.487503 -1.143750 
140868551087233 -50.812504 81.806252 -0.356250 
140868571087233 -50.812504 81.937500 0.468750 
140868591087233 -50.756252 82.125000 1.106250 
140868611087233 -50.943752 82.125000 1.387500 
140868631087233 -51.412502 82.106255 1.312500 
140868651087233 -51.693752 82.368752 1.050000 
140868671087233 -52.462502 82.218750 0.281250 
140868691087233 -53.212502 82.256256 -0.525000 
140868711087233 -53.831253 81.975006 -1.462500 
140868731087233 -54.600002 82.012505 -2.456250 
140868751087233 -55.687504 81.862503 -3.581250 
140868771087233 -56.606251 82.237503 -4.556250 
140868791087233 -57.562504 82.518753 -4.706250 
140868811087233 -58.706253 82.818756 -4.387500 
140868831087233 -59.625004 83.456253 -3.750000 
140868851087233 -60.450001 84.075005 -2.887500 
140868871087233 -61.406254 84.693756 -1.912500 
140868891087233 -62.231251 85.500000 -1.256250 
140868911087233 -62.643753 86.100006 -0.131250 
140868931087233 -62.906254 86.456253 0.993750 
140868951087233 -63.375004 86.812500 1.575000 
140868971087233 -64.031250 86.925003 1.668750 
140868991087233 -64.650002 86.906250 1.406250 
140869011087233 -65.343750 86.887505 0.825000 
140869031087233 -66.131256 86.887505 0.243750 
140869051087233 -66.825005 86.587502 -0.168750 
140869071087233 -67.443756 86.756256 -0.693750 
140869091087233 -68.418755 86.737503 -0.787500 
140869111087233 -68.925003 86.812500 -0.956250 
140869131087233 -69.168755 86.887505 -0.975000 
140869151087233 -69.281250 86.868752 -0.918750 
140869171087233 -69.093750 86.700005 -0.750000 
140869191087233 -68.343750 86.625000 -0.787500 
140869211087233 -67.593750 86.550003 -0.581250 
140869231087233 -66.843750 86.400002 -0.600000 
140869251087233 -65.868752 85.987503 -1.031250 
140869271087233 -64.950005 85.537506 -1.500000 
140869291087233 -64.031250 85.162506 -2.381250 
140869311087233 -63.112503 84.487503 -3.318750 
140869331087233 -62.306252 83.943756 -4.331250 
140869351087233 -61.575001 83.193756 -5.343750 
140869371087233 -61.218754 82.387505 -6.393750 
140869391087233 -60.487503 81.450005 -7.387500 
140869411087233 -59.587502 80.962502 -8.268750 
140869431087233 -58.668751 80.418755 -8.775001 
140869451087233 -57.637501 80.006256 -8.925000 
140869471087233 -56.925003 79.912506 -8.606251 
140869491087233 -56.325001 79.818756 -8.362500 
140869511087233 -55.725002 80.043755 -7.875000 
140869531087233 -54.768753 80.137505 -7.312500 
140869551087233 -53.981251 80.268753 -6.731250 
140869571087233 -53.681252 80.231255 -6.075000 
140869591087233 -53.006252 80.212502 -5.493750 
140869611087233 -52.556252 80.156250 -5.006250 
140869631087233 -51.618752 80.231255 -4.818750 
140869651087233 -50.812504 80.118752 -4.425000 
140869671087233 -50.156254 79.950005 -3.993750 
140869691087233 -49.650002 80.062500 -3.431250 
140869711087233 -49.406254 79.950005 -2.981250 
140869731087233 -49.256252 80.250000 -2.887500 
140869751087233 -49.500004 80.325005 -3.000000 
140869771087233 -49.537502 80.137505 -3.487500 
140869791087233 -50.137501 80.100006 -3.787500 
140869811087233 -50.512501 80.100006 -4.237500 
140869831087233 -51.037502 80.100006 -4.781250 
140869851087233 -51.731251 80.025002 -5.700000 
140869871087233 -52.481251 80.193756 -6.487500 
140869891087233 -53.193752 80.118752 -6.918750 
140869911087233 -53.868752 80.250000 -7.031250 
140869931087233 -54.731251 80.775002 -6.506250 
140869951087233 -55.387501 81.281250 -6.281250 
140869971087233 -56.175003 81.918755 -5.700000 
140869991087233 -56.943752 82.556252 -5.268750 
140870011087233 -57.468754 83.212502 -4.725000 
140870031087233 -57.843754 83.793755 -3.993750 
140870051087233 -58.068752 84.056252 -3.412500 
140870071087233 -58.387501 84.637505 -3.056250 
140870091087233 -58.800003 85.031250 -2.925000 
140870111087233 -59.306252 85.106255 -2.831250 
140870131087233 -59.906254 85.162506 -2.981250 
140870151087233 -60.750004 85.256256 -3.000000 
140870171087233 -61.500004 85.200005 -3.000000 
140870191087233 -62.381252 85.350006 -3.075000 
140870211087233 -63.112503 85.800003 -2.868750 
140870231087233 -63.543751 85.612503 -2.775000 
140870251087233 -63.543751 85.518753 -2.925000 
140870271087233 -63.131252 85.631256 -2.643750 
140870291087233 -62.362503 85.650002 -2.362500 
140870311087233 -61.462502 85.518753 -2.268750 
140870331087233 -60.637501 85.368752 -2.437500 
140870351087233 -59.456253 85.050003 -2.831250 
140870371087233 -58.612503 84.337502 -3.825000 
140870391087233 -58.237503 83.981255 -4.800000 
140870411087233 -58.237503 83.325005 -5.531250 
140870431087233 -58.612503 82.500000 -7.031250 
140870451087233 -59.137501 82.125000 -8.231251 
140870471087233 -59.343754 81.562500 -9.150001 
140870491087233 -59.193752 81.131256 -9.900001 
140870511087233 -59.287502 80.831253 -10.443750 
140870531087233 -58.893753 80.887505 -10.256250 
140870551087233 -58.087502 80.625000 -9.843750 
140870571087233 -57.450001 80.812500 -9.562500 
140870591087233 -56.756252 81.168755 -8.793751 
140870611087233 -56.212502 81.112503 -8.268750 
140870631087233 -55.650002 81.168755 -7.818750 
140870651087233 -55.425003 81.262505 -7.331250 
140870671087233 -55.143753 81.281250 -6.862500 
140870691087233 -55.162502 81.300003 -6.843750 
140870711087233 -55.237503 81.468750 -6.731250 
140870731087233 -55.200001 81.468750 -6.506250 
140870751087233 -55.162502 81.356255 -6.337500 
140870771087233 -55.012501 81.600006 -6.075000 
140870791087233 -55.125004 81.881256 -5.775000 
140870811087233 -55.368752 82.331253 -5.268750 
140870831087233 -55.668751 82.837502 -4.837500 
140870851087233 -55.987503 83.100006 -4.556250 
140870871087233 -56.268753 83.400002 -4.856250 
140870891087233 -56.268753 83.456253 -5.193750 
140870911087233 -56.212502 83.700005 -5.550000 
140870931087233 -56.362503 83.606255 -5.643750 
140870951087233 -56.456253 83.568756 -5.587500 
140870971087233 -56.587502 83.568756 -5.400000 
140870991087233 -56.587502 83.850006 -5.062500 
140871011087233 -56.362503 84.187500 -4.012500 
140871031087233 -56.062504 84.750000 -2.268750 
140871051087233 -55.931252 85.650002 -0.300000 
140871071087233 -55.912502 86.550003 1.668750 
140871091087233 -55.875004 87.337502 3.187500 
140871111087233 -55.875004 88.012505 4.481250 
140871131087233 -55.725002 88.462502 5.118750 
140871151087233 -55.837502 88.518753 5.625000 
140871171087233 -56.137501 88.800003 5.531250 
140871191087233 -56.718754 88.650002 4.950000 
140871211087233 -57.412502 88.706253 4.256250 
140871231087233 -58.237503 88.668755 3.618750 
140871251087233 -58.687504 88.762505 3.018750 
140871271087233 -58.950001 88.781250 2.550000 
140871291087233 -58.893753 88.781250 2.362500 
140871311087233 -58.818752 88.706253 2.062500 
140871331087233 -58.462502 88.518753 2.006250 
140871351087233 -58.237503 88.593750 2.100000 
140871371087233 -57.656254 88.312500 1.818750 
140871391087233 -57.150002 87.843750 1.256250 
140871411087233 -56.868752 87.356255 0.656250 
140871431087233 -56.850002 86.625000 -0.675000 
140871451087233 -57.225002 85.687500 -2.381250 
140871471087233 -57.431252 84.993752 -3.825000 
140871491087233 -57.768753 84.356255 -5.475000 
140871511087233 -57.843754 83.681252 -7.031250 
140871531087233 -58.012501 83.100006 -8.043751 
140871551087233 -57.750004 82.837502 -8.793751 
140871571087233 -57.225002 82.518753 -9.225000 
140871591087233 -56.643753 82.668755 -9.000000 
140871611087233 -55.987503 83.081253 -8.250000 
140871631087233 -55.237503 83.381256 -7.781250 
140871651087233 -54.450001 83.587502 -7.106250 
140871671087233 -53.681252 83.793755 -6.318750 
140871691087233 -53.175003 83.868752 -5.775000 
140871711087233 -52.650002 83.981255 -5.175000 
140871731087233 -52.668751 84.225006 -4.650000 
140871751087233 -52.500004 84.393753 -4.200000 
140871771087233 -52.237503 84.450005 -3.787500 
140871791087233 -52.331253 84.675003 -3.356250 
140871811087233 -52.706253 85.068756 -2.850000 
140871831087233 -53.212502 85.481255 -2.475000 
140871851087233 -53.868752 85.818756 -2.250000 
140871871087233 -54.637501 86.081253 -2.231250 
140871891087233 -55.556252 86.081253 -3.056250 
140871911087233 -56.793751 86.062500 -4.087500 
140871931087233 -58.612503 86.118752 -5.268750 
140871951087233 -60.187504 86.100006 -5.868750 
140871971087233 -61.518753 86.100006 -6.262500 
140871991087233 -62.587502 86.325005 -6.375000 
140872011087233 -63.243752 86.850006 -5.756250 
140872031087233 -63.862503 87.412506 -4.237500 
140872051087233 -63.825001 88.425003 -1.818750 
140872071087233 -63.731251 89.325005 0.937500 
140872091087233 -63.356251 90.262505 3.787500 
140872111087233 -62.925003 91.031250 6.112500 
140872131087233 -62.700001 91.631256 7.875000 
140872151087233 -62.718754 91.837502 9.075001 
140872171087233 -63.056252 91.968750 9.543751 
140872191087233 -63.806252 91.912506 8.850000 
140872211087233 -64.950005 91.593750 7.725000 
140872231087233 -66.337502 91.425003 6.281250 
140872251087233 -67.593750 90.900002 4.818750 
140872271087233 -69.075005 90.600006 3.356250 
140872291087233 -70.293755 90.187500 2.100000 
140872311087233 -70.912506 90.356255 1.031250 
140872331087233 -71.250000 90.168755 0.300000 
140872351087233 -71.493752 90.000000 -0.468750 
140872371087233 -71.381256 89.700005 -0.768750 
140872391087233 -70.781250 89.268753 -1.237500 
140872411087233 -70.143753 89.193756 -2.287500 
140872431087233 -69.431252 88.818756 -3.356250 
140872451087233 -69.187500 88.293755 -4.800000 
140872471087233 -69.093750 87.168755 -6.600000 
140872491087233 -69.393753 86.062500 -8.418751 
140872511087233 -69.281250 85.068756 -9.825001 
140872531087233 -69.150002 84.075005 -11.400001 
140872551087233 -69.056252 83.362503 -12.468751 
140872571087233 -68.587502 82.612503 -12.937501 
140872591087233 -68.137505 82.106255 -13.162500 
140872611087233 -67.050003 81.881256 -13.087501 
140872631087233 -66.168755 81.881256 -12.675000 
140872651087233 -65.137505 81.956253 -12.075001 
140872671087233 -64.275002 82.068756 -11.700001 
140872691087233 -63.393753 82.125000 -11.081250 
140872711087233 -62.437504 82.350006 -10.706250 
140872731087233 -61.875004 82.293755 -10.237500 
140872751087233 -61.012501 82.350006 -9.993751 
140872771087233 -60.600002 82.331253 -9.918751 
140872791087233 -60.262501 82.425003 -9.618751 
140872811087233 -59.643753 82.481255 -9.375000 
140872831087233 -59.043751 82.800003 -8.850000 
140872851087233 -59.156254 83.193756 -8.475000 
140872871087233 -59.418751 83.362503 -7.800000 
140872891087233 -59.943752 83.850006 -7.443750 
140872911087233 -60.637501 83.887505 -7.275000 
140872931087233 -61.725002 83.850006 -7.256250 
140872951087233 -62.925003 83.643753 -7.350000 
140872971087233 -64.818756 83.756256 -7.368750 
140872991087233 -66.037506 83.850006 -6.956250 
140873011087233 -66.675003 84.450005 -6.375000 
140873031087233 -67.031250 84.993752 -5.568750 
140873051087233 -66.637505 85.500000 -4.293750 
140873071087233 -66.206253 86.306252 -1.968750 
140873091087233 -65.568756 87.243752 0.731250 
140873111087233 -64.593750 88.481255 3.712500 
140873131087233 -63.206253 89.531250 6.262500 
140873151087233 -62.550003 90.168755 8.306251 
140873171087233 -61.968754 90.412506 9.600000 
140873191087233 -62.025002 90.637505 10.481251 
140873211087233 -62.568752 90.731255 10.762501 
140873231087233 -63.206253 90.656250 9.881250 
140873251087233 -63.825001 90.543755 8.700001 
140873271087233 -64.950005 90.150002 7.256250 
140873291087233 -66.375000 89.775002 5.718750 
140873311087233 -67.687500 89.418755 4.312500 
140873331087233 -68.925003 89.062500 3.412500 
140873351087233 -69.487503 88.781250 2.512500 
140873371087233 -69.712502 88.256256 1.612500 
140873391087233 -69.750000 88.012505 1.106250 
140873411087233 -69.431252 87.600006 0.768750 
140873431087233 -68.700005 87.056252 0.206250 
140873451087233 -67.781250 86.531250 -0.375000 
140873471087233 -66.768753 86.081253 -1.181250 
140873491087233 -66.018753 85.162506 -2.362500 
140873511087233 -65.718750 84.206253 -3.918750 
140873531087233 -65.568756 83.643753 -5.456250 
140873551087233 -65.400002 83.043755 -6.768750 
140873571087233 -65.062500 82.406250 -7.668750 
140873591087233 -64.631256 82.068756 -8.625000 
140873611087233 -64.143753 81.562500 -9.168751 
140873631087233 -63.750004 81.056252 -9.487500 
140873651087233 -62.850002 81.131256 -9.581250 
140873671087233 -61.875004 81.262505 -9.187500 
140873691087233 -61.050003 81.318756 -8.400001 
140873711087233 -60.318752 81.225006 -7.800000 
140873731087233 -59.812504 81.356255 -7.556250 
140873751087233 -59.193752 81.337502 -6.993750 
140873771087233 -58.631252 81.487503 -6.675000 
140873791087233 -58.143753 81.862503 -6.300000 
140873811087233 -57.843754 81.900002 -5.868750 
140873831087233 -57.581253 81.825005 -5.700000 
140873851087233 -57.112503 81.787506 -5.493750 
140873871087233 -56.700001 81.918755 -5.118750 
140873891087233 -56.137501 81.975006 -4.556250 
140873911087233 -56.156254 82.350006 -3.768750 
140873931087233 -56.362503 82.500000 -2.981250 
140873951087233 -56.662502 82.556252 -2.606250 
140873971087233 -56.981251 82.818756 -2.568750 
140873991087233 -57.637501 82.987503 -2.606250 
140874011087233 -58.443752 83.100006 -3.037500 
140874031087233 -59.493752 83.268753 -3.600000 
140874051087233 -60.993752 83.456253 -3.993750 
140874071087233 -62.212502 83.587502 -4.612500 
140874091087233 -62.662502 84.075005 -4.556250 
140874111087233 -62.868752 84.543755 -3.768750 
140874131087233 -63.206253 85.087502 -2.306250 
140874151087233 -63.225002 85.893753 -0.450000 
140874171087233 -63.187504 86.718750 1.631250 
140874191087233 -63.131252 87.356255 3.787500 
140874211087233 -62.850002 88.012505 5.343750 
140874231087233 -62.325001 88.425003 6.731250 
140874251087233 -62.437504 88.593750 7.387500 
140874271087233 -63.037502 88.575005 7.106250 
140874291087233 -63.468754 88.443756 6.375000 
140874311087233 -64.050003 88.031250 5.287500 
140874331087233 -64.987503 87.918755 4.050000 
140874351087233 -65.925003 87.600006 2.568750 
140874371087233 -66.881256 87.300003 1.350000 
140874391087233 -68.287506 87.056252 0.337500 
140874411087233 -69.318756 87.018753 -0.468750 
140874431087233 -69.712502 87.093750 -0.768750 
140874451087233 -70.143753 86.925003 -1.275000 
140874471087233 -70.275002 86.981255 -1.650000 
140874491087233 -70.106255 86.681252 -1.950000 
140874511087233 -69.637505 86.606255 -2.137500 
140874531087233 -69.168755 86.362503 -2.625000 
140874551087233 -68.606255 85.800003 -3.450000 
140874571087233 -68.268753 85.087502 -4.518750 
140874591087233 -68.081253 84.337502 -5.643750 
140874611087233 -68.250000 83.981255 -6.393750 
140874631087233 -68.381256 83.643753 -7.181250 
140874651087233 -68.400002 83.175003 -8.118751 
140874671087233 -68.287506 82.631256 -8.943750 
140874691087233 -68.062500 82.237503 -9.581250 
140874711087233 -67.668755 81.956253 -10.012501 
140874731087233 -67.368752 81.862503 -10.050000 
140874751087233 -67.181252 81.825005 -10.125000 
140874771087233 -66.543755 81.543755 -10.256250 
140874791087233 -65.737503 81.337502 -10.312500 
140874811087233 -65.306252 81.300003 -10.012501 
140874831087233 -64.837502 81.187500 -9.956250 
140874851087233 -64.500000 81.112503 -9.825001 
140874871087233 -64.181252 81.356255 -9.600000 
140874891087233 -63.750004 81.450005 -9.581250 
140874911087233 -63.393753 81.487503 -9.637501 
140874931087233 -63.450001 81.637505 -9.731251 
140874951087233 -63.562504 81.712502 -9.562500 
140874971087233 -63.600002 82.012505 -9.431251 
140874991087233 -63.937504 82.331253 -8.943750 
140875011087233 -64.312500 82.818756 -8.325001 
140875031087233 -64.631256 83.212502 -7.743750 
140875051087233 -64.968750 83.606255 -7.443750 
140875071087233 -65.156250 83.850006 -7.293750 
140875091087233 -65.400002 83.925003 -7.087500 
140875111087233 -65.718750 84.037506 -7.181250 
140875131087233 -65.887505 83.962502 -7.162500 
140875151087233 -66.375000 84.262505 -7.368750 
140875171087233 -66.693756 84.300003 -7.687500 
140875191087233 -67.425003 84.468750 -7.668750 
140875211087233 -68.231255 84.600006 -7.218750 
140875231087233 -69.318756 85.087502 -6.075000 
140875251087233 -70.143753 85.650002 -5.137500 
140875271087233 -70.837502 86.287506 -4.256250 
140875291087233 -71.625000 86.887505 -3.600000 
140875311087233 -72.018753 87.075005 -2.925000 
140875331087233 -72.656250 87.431252 -2.568750 
140875351087233 -73.012505 87.543755 -2.512500 
140875371087233 -73.181252 87.881256 -2.306250 
140875391087233 -73.500000 88.143753 -2.400000 
140875411087233 -73.931252 88.368752 -2.250000 
140875431087233 -74.568756 88.425003 -1.818750 
140875451087233 -75.131256 88.631256 -1.518750 
140875471087233 -75.168755 88.706253 -1.462500 
140875491087233 -75.000000 88.687500 -1.387500 
140875511087233 -74.681252 88.781250 -1.368750 
140875531087233 -74.193756 88.462502 -1.818750 
140875551087233 -73.406250 87.918755 -2.775000 
140875571087233 -72.506256 87.337502 -3.900000 
140875591087233 -71.718750 86.718750 -5.456250 
140875611087233 -71.193756 85.743752 -6.918750 
140875631087233 -71.175003 85.200005 -8.043751 
140875651087233 -71.175003 84.525002 -8.906250 
140875671087233 -71.081253 83.756256 -9.993751 
140875691087233 -71.212502 83.231255 -10.912500 
140875711087233 -70.725006 82.856255 -11.381250 
140875731087233 -70.387505 82.800003 -11.625000 
140875751087233 -69.581253 82.725006 -11.512501 
140875771087233 -68.343750 82.856255 -11.287500 
140875791087233 -66.956253 82.725006 -11.118751 
140875811087233 -65.681252 82.743752 -11.193750 
140875831087233 -64.743752 82.875000 -10.931251 
140875851087233 -63.656254 82.987503 -10.518750 
140875871087233 -63.243752 83.081253 -10.218750 
140875891087233 -62.700001 82.987503 -10.050000 
140875911087233 -62.306252 82.987503 -10.087501 
140875931087233 -62.062504 83.081253 -10.181251 
140875951087233 -61.706253 83.250000 -10.181251 
140875971087233 -61.575001 83.531250 -9.693750 
140875991087233 -61.312504 83.868752 -9.281250 
140876011087233 -61.443752 84.281250 -8.625000 
140876031087233 -61.481251 84.600006 -8.062500 
140876051087233 -61.293751 84.900002 -7.612500 
140876071087233 -61.650002 85.106255 -7.350000 
140876091087233 -62.137501 85.237503 -7.143750 
140876111087233 -62.700001 85.256256 -6.993750 
140876131087233 -63.037502 85.387505 -6.956250 
140876151087233 -63.637501 85.350006 -6.787500 
140876171087233 -64.143753 85.537506 -6.693750 
140876191087233 -64.818756 85.931252 -6.468750 
140876211087233 -65.775002 86.268753 -6.000000 
140876231087233 -66.656250 86.718750 -5.062500 
140876251087233 -67.443756 87.375000 -3.937500 
140876271087233 -68.137505 88.125000 -2.681250 
140876291087233 -68.906250 88.743752 -1.668750 
140876311087233 -69.450005 89.287506 -0.731250 
140876331087233 -69.918755 89.700005 -0.187500 
140876351087233 -69.937500 89.531250 0.056250 
140876371087233 -70.331253 89.531250 -0.150000 
140876391087233 -70.237503 89.493752 -0.525000 
140876411087233 -70.143753 89.306252 -0.993750 
140876431087233 -70.575005 89.137505 -1.668750 
140876451087233 -71.081253 88.968750 -1.950000 
140876471087233 -71.362503 88.968750 -2.287500 
140876491087233 -71.625000 88.743752 -2.437500 
140876511087233 -71.981255 88.987503 -2.325000 
140876531087233 -71.793755 88.818756 -2.268750 
140876551087233 -71.718750 88.837502 -2.156250 
140876571087233 -71.662506 88.856255 -1.968750 
140876591087233 -71.081253 88.706253 -2.287500 
140876611087233 -70.368752 88.068756 -3.018750 
140876631087233 -69.712502 87.562500 -4.050000 
140876651087233 -69.262505 87.187500 -5.137500 
140876671087233 -68.868752 86.493752 -6.318750 
140876691087233 -68.700005 86.343750 -7.143750 
140876711087233 -68.718750 85.631256 -8.043751 
140876731087233 -68.456253 85.050003 -8.962501 
140876751087233 -68.475006 84.675003 -9.600000 
140876771087233 -68.175003 84.562500 -10.050000 
140876791087233 -68.250000 84.206253 -10.125000 
140876811087233 -67.875000 83.925003 -10.425000 
140876831087233 -67.462502 84.112503 -10.200001 
140876851087233 -66.768753 83.962502 -10.068750 
140876871087233 -65.962502 84.206253 -9.993751 
140876891087233 -65.606255 84.206253 -9.956250 
140876911087233 -64.856255 84.093750 -9.543751 
140876931087233 -64.387505 84.037506 -9.243751 
140876951087233 -63.412502 83.906250 -9.093750 
140876971087233 -62.587502 83.887505 -8.662500 
140876991087233 -61.968754 83.531250 -8.475000 
140877011087233 -61.631252 83.625000 -8.156250 
140877031087233 -61.368752 83.531250 -7.818750 
140877051087233 -60.843754 83.737503 -7.481250 
140877071087233 -60.712502 83.962502 -7.087500 
140877091087233 -60.693752 84.037506 -6.581250 
140877111087233 -61.068752 84.318756 -6.056250 
140877131087233 -61.425003 84.693756 -5.700000 
140877151087233 -61.425003 84.937500 -5.493750 
140877171087233 -61.706253 84.693756 -5.550000 
140877191087233 -61.781254 84.618752 -5.531250 
140877211087233 -61.856251 84.375000 -5.793750 
140877231087233 -61.931252 84.112503 -6.150000 
140877251087233 -62.025002 84.112503 -6.525000 
140877271087233 -62.362503 84.281250 -6.731250 
140877291087233 -62.775002 84.037506 -6.806250 
140877311087233 -63.562504 84.356255 -6.693750 
140877331087233 -63.768753 85.050003 -6.000000 
140877351087233 -64.200005 85.481255 -5.137500 
140877371087233 -64.556252 86.006256 -3.937500 
140877391087233 -64.743752 86.625000 -2.906250 
140877411087233 -64.875000 87.131256 -1.762500 
140877431087233 -64.518753 87.300003 -1.312500 
140877451087233 -64.256256 87.637505 -0.937500 
140877471087233 -64.087502 87.450005 -0.712500 
140877491087233 -64.443756 87.356255 -0.937500 
140877511087233 -64.725006 87.318756 -1.331250 
140877531087233 -65.100006 87.337502 -1.687500 
140877551087233 -65.662506 87.356255 -1.781250 
140877571087233 -66.056252 87.450005 -2.175000 
140877591087233 -66.243752 87.487503 -1.968750 
140877611087233 -66.262505 87.600006 -1.856250 
140877631087233 -65.756256 87.712502 -1.706250 
140877651087233 -65.081253 87.525002 -1.443750 
140877671087233 -64.181252 87.412506 -1.350000 
140877691087233 -63.243752 87.112503 -1.687500 
140877711087233 -62.456253 86.568756 -2.437500 
140877731087233 -62.193752 85.968750 -3.206250 
140877751087233 -62.437504 85.368752 -4.012500 
140877771087233 -62.887501 85.031250 -4.650000 
140877791087233 -63.768753 84.693756 -5.493750 
140877811087233 -64.725006 84.543755 -6.262500 
140877831087233 -65.625000 84.450005 -7.031250 
140877851087233 -66.356255 84.300003 -7.593750 
140877871087233 -66.862503 84.262505 -7.893750 
140877891087233 -66.731255 84.187500 -7.968750 
140877911087233 -66.075005 84.412506 -7.818750 
140877931087233 -65.268753 84.281250 -7.575000 
140877951087233 -64.087502 84.393753 -7.181250 
140877971087233 -62.587502 84.281250 -6.825000 
140877991087233 -61.518753 84.168755 -6.543750 
140878011087233 -60.468754 84.018753 -6.150000 
140878031087233 -59.662502 84.056252 -5.662500 
140878051087233 -58.987503 84.150002 -5.493750 
140878071087233 -58.575001 84.150002 -5.381250 
140878091087233 -58.181252 84.150002 -5.193750 
140878111087233 -57.993752 84.168755 -5.081250 
140878131087233 -58.031254 84.093750 -4.893750 
140878151087233 -58.237503 84.337502 -4.518750 
140878171087233 -58.537502 84.656250 -3.843750 
140878191087233 -58.800003 84.937500 -3.468750 
140878211087233 -59.100002 85.275002 -2.943750 
140878231087233 -59.512501 85.406250 -2.793750 
140878251087233 -59.962502 85.537506 -2.981250 
140878271087233 -60.431252 85.612503 -3.225000 
140878291087233 -60.843754 85.762505 -3.600000 
140878311087233 -61.031254 85.537506 -4.125000 
140878331087233 -61.687504 85.275002 -4.743750 
140878351087233 -62.212502 85.106255 -5.100000 
140878371087233 -62.981251 84.993752 -5.343750 
140878391087233 -63.675003 85.143753 -5.118750 
140878411087233 -64.218750 85.387505 -4.556250 
140878431087233 -64.856255 85.668755 -3.918750 
140878451087233 -65.325005 86.137505 -3.375000 
140878471087233 -65.793755 86.606255 -2.568750 
140878491087233 -65.793755 87.018753 -2.100000 
140878511087233 -65.850006 87.112503 -2.006250 
140878531087233 -65.943756 87.356255 -1.743750 
140878551087233 -66.093750 87.393753 -1.875000 
140878571087233 -66.637505 87.431252 -2.043750 
140878591087233 -67.181252 87.468750 -2.381250 
140878611087233 -68.081253 87.412506 -2.512500 
140878631087233 -68.981255 87.356255 -2.550000 
140878651087233 -69.956253 87.637505 -2.193750 
140878671087233 -70.968750 87.993752 -1.556250 
140878691087233 -71.381256 88.106255 -1.481250 
140878711087233 -71.662506 88.050003 -1.256250 
140878731087233 -71.231255 87.956253 -1.387500 
140878751087233 -70.593750 87.731255 -1.312500 
140878771087233 -69.731255 87.581253 -1.575000 
140878791087233 -68.718750 87.187500 -2.100000 
140878811087233 -67.837502 86.756256 -2.756250 
140878831087233 -66.862503 86.175003 -3.543750 
140878851087233 -66.600006 85.837502 -4.275000 
140878871087233 -66.075005 85.575005 -4.856250 
140878891087233 -66.243752 85.387505 -5.418750 
140878911087233 -66.637505 85.500000 -5.868750 
140878931087233 -67.031250 85.293755 -5.981250 
140878951087233 -67.218750 85.293755 -6.318750 
140878971087233 -67.162506 85.050003 -6.562500 
140878991087233 -66.862503 85.162506 -6.787500 
140879011087233 -66.206253 85.087502 -6.581250 
140879031087233 -65.643753 84.937500 -6.487500 
140879051087233 -64.818756 84.768753 -6.356250 
140879071087233 -63.862503 84.300003 -6.112500 
140879091087233 -62.681252 84.150002 -6.037500 
140879111087233 -61.631252 84.131256 -5.925000 
140879131087233 -60.806252 84.168755 -5.868750 
140879151087233 -60.131252 84.018753 -5.662500 
140879171087233 -59.606251 83.868752 -5.550000 
140879191087233 -59.175003 84.112503 -5.343750 
140879211087233 -58.800003 84.337502 -4.987500 
140879231087233 -58.050003 84.487503 -4.668750 
140879251087233 -57.618752 84.693756 -3.956250 
140879271087233 -57.600002 84.993752 -3.318750 
140879291087233 -57.393753 84.993752 -3.018750 
140879311087233 -57.300003 85.275002 -2.812500 
140879331087233 -57.206253 85.575005 -2.625000 
140879351087233 -57.093754 85.387505 -2.475000 
140879371087233 -56.906254 85.331253 -2.437500 
140879391087233 -57.075001 85.350006 -2.587500 
140879411087233 -57.243752 85.275002 -2.906250 
140879431087233 -57.618752 85.218750 -3.037500 
140879451087233 -58.068752 85.462502 -2.868750 
140879471087233 -58.425003 85.575005 -2.737500 
140879491087233 -58.762501 85.743752 -2.362500 
140879511087233 -59.343754 86.287506 -2.062500 
140879531087233 -59.625004 86.681252 -1.406250 
140879551087233 -59.643753 87.112503 -0.825000 
140879571087233 -59.606251 87.412506 -0.206250 
140879591087233 -59.081253 87.693756 0.300000 
140879611087233 -58.462502 87.787506 0.618750 
140879631087233 -57.956253 87.618752 0.956250 
140879651087233 -57.412502 87.468750 1.031250 
140879671087233 -56.906254 87.318756 1.181250 
140879691087233 -57.056252 87.225006 0.993750 
140879711087233 -57.450001 87.056252 1.087500 
140879731087233 -57.862503 87.187500 1.200000 
140879751087233 -58.312504 87.262505 1.481250 
140879771087233 -58.743752 87.356255 1.518750 
140879791087233 -59.025002 87.543755 1.650000 
140879811087233 -59.118752 87.543755 1.800000 
140879831087233 -58.912502 87.618752 1.856250 
140879851087233 -58.631252 87.581253 1.668750 
140879871087233 -58.368752 87.393753 1.068750 
140879891087233 -57.993752 86.943756 0.037500 
140879911087233 -57.843754 86.175003 -1.218750 
140879931087233 -58.275002 85.800003 -2.175000 
140879951087233 -58.556252 85.387505 -3.337500 
140879971087233 -59.062504 85.031250 -4.331250 
140879991087233 -59.587502 84.675003 -5.381250 
140880011087233 -60.056252 84.131256 -6.300000 
140880031087233 -60.393753 83.887505 -6.975000 
140880051087233 -60.675003 83.737503 -7.368750 
140880071087233 -60.506252 83.756256 -7.500000 
140880091087233 -59.887501 83.550003 -7.650000 
140880111087233 -59.681252 83.512505 -7.593750 
140880131087233 -59.043751 83.493752 -7.743750 
140880151087233 -58.687504 83.156250 -7.800000 
140880171087233 -57.881252 83.118752 -7.725000 
140880191087233 -57.525002 83.175003 -7.481250 
140880211087233 -57.018753 83.156250 -7.425000 
140880231087233 -56.700001 83.193756 -7.331250 
140880251087233 -56.418751 83.062500 -7.012500 
140880271087233 -56.025002 83.043755 -6.843750 
140880291087233 -55.800003 82.931252 -6.375000 
140880311087233 -55.462502 83.156250 -5.775000 
140880331087233 -55.368752 83.550003 -5.231250 
140880351087233 -54.862503 83.625000 -4.650000 
140880371087233 -54.862503 83.850006 -4.031250 
140880391087233 -55.031254 84.150002 -3.600000 
140880411087233 -55.200001 84.300003 -3.693750 
140880431087233 -55.481251 84.412506 -3.506250 
140880451087233 -55.725002 84.581253 -3.656250 
140880471087233 -56.137501 84.525002 -3.993750 
140880491087233 -56.700001 84.281250 -4.500000 
140880511087233 -57.412502 84.300003 -4.912500 
140880531087233 -58.087502 84.468750 -5.006250 
140880551087233 -58.387501 84.618752 -4.837500 
140880571087233 -58.800003 85.162506 -4.050000 
140880591087233 -58.987503 85.631256 -3.375000 
140880611087233 -59.362503 86.175003 -2.606250 
140880631087233 -59.437504 86.793755 -1.725000 
140880651087233 -59.437504 87.318756 -0.637500 
140880671087233 -59.381252 87.731255 -0.075000 
140880691087233 -59.137501 87.956253 0.337500 
140880711087233 -59.381252 88.012505 0.281250 
140880731087233 -59.625004 88.050003 0.018750 
140880751087233 -60.075001 88.068756 -0.318750 
140880771087233 -60.543751 88.106255 -0.768750 
140880791087233 -61.387501 88.200005 -0.900000 
140880811087233 -62.137501 88.443756 -1.181250 
140880831087233 -62.925003 88.556252 -0.937500 
140880851087233 -63.731251 88.631256 -0.975000 
140880871087233 -64.293755 88.893753 -0.675000 
140880891087233 -64.650002 88.781250 -0.806250 
140880911087233 -64.537506 88.537506 -1.218750 
140880931087233 -64.312500 88.256256 -1.650000 
140880951087233 -64.106255 87.618752 -2.437500 
140880971087233 -64.218750 86.850006 -3.468750 
140880991087233 -64.293755 86.418755 -4.593750 
140881011087233 -64.668755 85.837502 -5.625000 
140881031087233 -64.987503 85.181252 -6.693750 
140881051087233 -65.493752 84.862503 -7.500000 
140881071087233 -66.281250 84.506256 -8.025001 
140881091087233 -66.862503 84.206253 -8.531250 
140881111087233 -67.143753 84.206253 -9.075001 
140881131087233 -67.012505 84.225006 -9.225000 
140881151087233 -66.918755 83.962502 -9.243751 
140881171087233 -66.318756 83.906250 -9.225000 
140881191087233 -65.681252 83.906250 -9.093750 
140881211087233 -64.968750 83.850006 -9.093750 
140881231087233 -64.275002 84.075005 -9.112500 
140881251087233 -63.693752 84.056252 -9.018750 
140881271087233 -63.281254 83.981255 -8.775001 
140881291087233 -63.093754 84.075005 -8.550000 
140881311087233 -62.643753 84.150002 -8.400001 
140881331087233 -62.493752 84.337502 -8.250000 
140881351087233 -62.268753 84.431252 -8.137501 
140881371087233 -62.100002 84.637505 -7.668750 
140881391087233 -61.800003 84.750000 -7.181250 
140881411087233 -61.950001 84.975006 -6.337500 
140881431087233 -62.118752 85.312500 -5.812500 
140881451087233 -62.287502 85.556252 -5.606250 
140881471087233 -62.643753 85.781250 -5.606250 
140881491087233 -62.793751 85.650002 -5.700000 
140881511087233 -63.206253 85.575005 -5.737500 
140881531087233 -63.637501 85.462502 -5.718750 
140881551087233 -64.200005 85.500000 -5.493750 
140881571087233 -64.556252 85.631256 -5.718750 
140881591087233 -65.175003 85.875000 -5.512500 
140881611087233 -65.625000 86.212502 -4.800000 
140881631087233 -66.356255 86.587502 -3.862500 
140881651087233 -67.106255 87.318756 -2.568750 
140881671087233 -67.650002 88.068756 -1.350000 
140881691087233 -67.875000 88.650002 -0.225000 
140881711087233 -68.306252 89.062500 0.356250 
140881731087233 -68.775002 89.306252 1.050000 
140881751087233 -69.000000 89.437500 1.368750 
140881771087233 -69.468750 89.475006 1.293750 
140881791087233 -69.487503 89.456253 1.181250 
140881811087233 -69.787506 89.456253 0.712500 
140881831087233 -70.012505 89.268753 0.468750 
140881851087233 -70.425003 89.156250 0.150000 
140881871087233 -70.668755 89.156250 0.431250 
140881891087233 -70.762505 89.381256 0.431250 
140881911087233 -70.725006 89.325005 0.393750 
140881931087233 -70.631256 89.100006 0.206250 
140881951087233 -70.556252 88.931252 -0.150000 
140881971087233 -70.125000 88.518753 -0.487500 
140881991087233 -69.975006 88.256256 -1.237500 
140882011087233 -69.600006 88.050003 -2.118750 
140882031087233 -69.487503 87.787506 -3.225000 
140882051087233 -69.356255 87.225006 -4.181250 
140882071087233 -68.981255 87.018753 -4.725000 
140882091087233 -68.756256 87.037506 -4.950000 
140882111087233 -68.568756 86.775002 -5.306250 
140882131087233 -68.625000 86.643753 -5.587500 
140882151087233 -68.531250 86.475006 -5.887500 
140882171087233 -68.550003 86.306252 -5.943750 
140882191087233 -67.931252 86.006256 -6.150000 
140882211087233 -67.331253 85.875000 -6.243750 
140882231087233 -66.712502 85.500000 -6.450000 
140882251087233 -66.000000 85.218750 -6.618750 
140882271087233 -65.193756 85.162506 -6.731250 
140882291087233 -64.350006 85.050003 -6.862500 
140882311087233 -63.356251 84.825005 -6.750000 
140882331087233 -62.587502 84.787506 -6.675000 
140882351087233 -62.137501 84.787506 -6.581250 
140882371087233 -61.800003 84.993752 -6.300000 
140882391087233 -61.556252 85.237503 -6.168750 
140882411087233 -61.312504 85.237503 -6.037500 
140882431087233 -61.256252 85.350006 -5.531250 
140882451087233 -61.068752 85.593750 -5.100000 
140882471087233 -60.993752 85.875000 -4.612500 
140882491087233 -60.900002 86.062500 -3.937500 
140882511087233 -61.031254 86.493752 -3.262500 
140882531087233 -60.956253 86.568756 -2.606250 
140882551087233 -61.200001 86.606255 -1.950000 
140882571087233 -61.106251 86.606255 -1.575000 
140882591087233 -61.218754 86.887505 -1.762500 
140882611087233 -61.425003 86.737503 -1.837500 
140882631087233 -61.856251 86.756256 -2.043750 
140882651087233 -62.456253 86.531250 -2.568750 
140882671087233 -62.925003 86.550003 -2.662500 
140882691087233 -63.543751 86.756256 -2.981250 
140882711087233 -64.162506 87.056252 -3.168750 
140882731087233 -64.968750 87.337502 -2.943750 
140882751087233 -65.400002 87.431252 -2.100000 
140882771087575 -65.925003 87.993752 -1.500000 
140882791087367 -66.206253 88.256256 -0.862500 
140882811087367 -66.281250 88.743752 -0.318750 
140882831087367 -66.281250 88.687500 -0.318750 
140882851087367 -66.543755 88.668755 -0.093750 
140882871087367 -66.543755 88.631256 -0.281250 
140882891087367 -66.712502 88.425003 -0.637500 
140882911087367 -67.050003 88.481255 -1.106250 
140882931087367 -67.256256 88.350006 -1.312500 
140882951087367 -67.631256 88.275002 -1.293750 
140882971087367 -68.175003 88.181252 -0.881250 
140882991087367 -68.343750 88.256256 -0.712500 
140883011087367 -67.987503 88.050003 -0.993750 
140883031087367 -67.875000 87.806252 -0.937500 
140883051087367 -67.443756 87.900002 -1.256250 
140883071087367 -66.956253 87.412506 -1.725000 
140883091087367 -66.450005 86.981255 -2.550000 
140883111087367 -66.075005 86.775002 -3.375000 
140883131087367 -65.681252 86.456253 -4.406250 
140883151087367 -65.662506 86.081253 -5.306250 
140883171087367 -65.981255 85.856255 -5.700000 
140883191087367 -66.131256 85.668755 -6.056250 
140883211087367 -66.412506 85.368752 -6.243750 
140883231087367 -66.675003 85.125000 -6.450000 
140883251087367 -66.843750 84.881256 -6.675000 
140883271087367 -66.712502 84.675003 -6.993750 
140883291087367 -66.206253 84.525002 -7.012500 
140883311087367 -65.625000 84.262505 -6.768750 
140883331087367 -64.743752 84.168755 -6.768750 
140883351087367 -63.843754 84.000000 -6.825000 
140883371087367 -62.887501 83.981255 -6.731250 
140883391087367 -62.100002 84.018753 -6.825000 
140883411087367 -61.293751 84.056252 -6.450000 
140883431087367 -60.637501 84.037506 -6.168750 
140883451087367 -60.112503 83.850006 -6.093750 
140883471087367 -59.718754 83.868752 -5.906250 
140883491087367 -59.643753 83.850006 -5.793750 
140883511087367 -59.643753 83.868752 -5.362500 
140883531087367 -59.493752 84.075005 -5.006250 
140883551087367 -59.606251 84.412506 -4.350000 
140883571087367 -59.737503 84.806252 -3.900000 
140883591087367 -59.850002 84.937500 -3.600000 
140883611087367 -60.093754 85.256256 -3.637500 
140883631087367 -60.281254 85.331253 -3.675000 
140883651087367 -60.412502 85.406250 -3.525000 
140883671087367 -60.337502 85.706253 -3.693750 
140883691087367 -60.768753 85.462502 -3.806250 
140883711087367 -60.787502 85.387505 -3.900000 
140883731087367 -60.937504 85.275002 -4.087500 
140883751087367 -61.350002 85.425003 -4.012500 
140883771087367 -62.118752 85.650002 -3.506250 
140883791087367 -62.906254 85.950005 -2.925000 
140883811087367 -63.600002 86.456253 -2.531250 
140883831087367 -64.500000 86.643753 -1.856250 
140883851087367 -65.193756 87.206253 -1.106250 
140883871087367 -65.887505 87.468750 -0.806250 
140883891087367 -66.243752 87.675003 -0.356250 
140883911087367 -66.618752 87.675003 -0.075000 
140883931087367 -66.506256 87.543755 -0.131250 
140883951087367 -66.543755 87.600006 -0.562500 
140883971087367 -66.918755 87.281250 -0.993750 
140883991087367 -67.387505 87.318756 -1.237500 
140884011087367 -67.743752 87.243752 -1.481250 
140884031087367 -68.081253 87.431252 -1.218750 
140884051087367 -69.056252 87.712502 -1.012500 
140884071087367 -69.412506 87.900002 -0.862500 
140884091087367 -69.787506 88.050003 -0.862500 
140884111087367 -69.956253 88.218750 -0.918750 
140884131087367 -69.693756 88.181252 -0.806250 
140884151087367 -69.225006 88.087502 -1.125000 
140884171087367 -68.550003 87.768753 -1.856250 
140884191087367 -68.212502 87.281250 -2.962500 
140884211087367 -67.537506 86.568756 -3.768750 
140884231087367 -67.256256 86.175003 -4.518750 
140884251087367 -67.012505 86.006256 -4.912500 
140884271087367 -66.787506 85.631256 -5.193750 
140884291087367 -66.937500 85.725006 -5.512500 
140884311087367 -67.031250 85.556252 -5.850000 
140884331087367 -67.237503 85.256256 -5.962500 
140884351087367 -66.900002 85.143753 -5.700000 
140884371087367 -66.656250 85.237503 -5.868750 
140884391087367 -66.318756 85.200005 -5.887500 
140884411087367 -66.187500 85.050003 -5.850000 
140884431087367 -65.756256 84.900002 -5.868750 
140884451087367 -65.006256 84.712502 -5.756250 
140884471087367 -64.312500 84.600006 -5.568750 
140884491087367 -63.712502 84.712502 -5.381250 
140884511087367 -63.543751 84.881256 -5.550000 
140884531087367 -63.112503 84.787506 -5.437500 
140884551087367 -62.812504 84.693756 -5.343750 
140884571087367 -62.325001 84.618752 -5.493750 
140884591087367 -61.875004 84.543755 -5.362500 
140884611087367 -61.593754 84.618752 -5.343750 
140884631087367 -61.518753 84.787506 -5.287500 
140884651087367 -61.518753 85.087502 -4.743750 
140884671087367 -61.556252 85.443756 -4.050000 
140884691087367 -61.725002 85.743752 -3.412500 
140884711087367 -61.856251 86.062500 -3.112500 
140884731087367 -62.100002 86.212502 -2.737500 
140884751087367 -62.568752 86.381256 -2.737500 
140884771087367 -62.943752 86.212502 -2.812500 
140884791087367 -63.206253 85.987503 -3.018750 
140884811087367 -63.712502 85.631256 -3.656250 
140884831087367 -64.331253 85.218750 -4.162500 
140884851087367 -64.837502 85.237503 -4.537500 
140884871087367 -65.343750 85.406250 -4.537500 
140884891087367 -65.737503 85.687500 -4.068750 
140884911087367 -66.112503 86.231255 -3.281250 
140884931087367 -66.431252 86.756256 -2.381250 
140884951087367 -66.581253 87.018753 -1.462500 
140884971087367 -66.468750 87.693756 -0.825000 
140884991087367 -66.318756 87.900002 -0.356250 
140885011087367 -66.112503 87.881256 -0.206250 
140885031087367 -66.187500 87.731255 -0.131250 
140885051087367 -66.281250 87.637505 -0.412500 
140885071087367 -66.637505 87.206253 -0.862500 
140885091087367 -66.956253 87.093750 -1.368750 
140885111087367 -67.500000 87.112503 -1.743750 
140885131087367 -67.931252 86.925003 -1.687500 
140885151087367 -68.118752 87.000000 -1.912500 
140885171087367 -68.512505 87.093750 -2.062500 
140885191087367 -68.643753 87.056252 -2.250000 
140885211087367 -68.775002 87.075005 -2.512500 
140885231087367 -68.775002 87.056252 -2.850000 
140885251087367 -68.512505 86.737503 -3.525000 
140885271087367 -68.587502 86.512505 -4.350000 
140885291087367 -68.681252 85.912506 -5.268750 
140885311087367 -68.831253 85.462502 -5.925000 
140885331087367 -69.018753 85.031250 -6.300000 
140885351087367 -68.962502 84.750000 -6.806250 
140885371087367 -68.906250 84.393753 -7.331250 
140885391087367 -68.718750 84.131256 -7.593750 
140885411087367 -68.793755 84.056252 -7.556250 
140885431087367 -68.400002 83.850006 -7.368750 
140885451087367 -68.118752 84.168755 -7.162500 
140885471087367 -67.575005 84.243752 -7.068750 
140885491087367 -66.825005 84.300003 -7.087500 
140885511087367 -66.206253 84.487503 -6.768750 
140885531087367 -65.531250 84.543755 -6.450000 
140885551087367 -64.950005 84.543755 -6.337500 
140885571087367 -64.256256 84.450005 -6.131250 
140885591087367 -63.693752 84.487503 -5.943750 
140885611087367 -62.962502 84.262505 -5.962500 
140885631087367 -62.306252 84.056252 -5.718750 
140885651087367 -61.950001 83.868752 -5.493750 
140885671087367 -61.425003 83.662506 -5.662500 
140885691087367 -60.937504 83.512505 -5.456250 
140885711087367 -60.525002 83.681252 -5.400000 
140885731087367 -60.337502 83.737503 -5.156250 
140885751087367 -60.056252 83.718750 -5.025000 
140885771087367 -59.925003 83.943756 -4.650000 
140885791087367 -60.243752 84.300003 -4.256250 
140885811087367 -60.337502 84.412506 -4.181250 
140885831087367 -60.656254 84.318756 -4.106250 
140885851087367 -60.937504 84.150002 -4.275000 
140885871087367 -61.162502 83.906250 -4.350000 
140885891087367 -61.425003 83.887505 -4.893750 
140885911087367 -61.875004 83.850006 -5.381250 
140885931087367 -62.400002 83.756256 -6.112500 
140885951087367 -63.093754 83.737503 -6.712500 
140885971087367 -63.656254 83.925003 -6.825000 
140885991087367 -64.218750 84.450005 -6.487500 
140886011087367 -64.968750 84.993752 -6.075000 
140886031087367 -65.137505 85.575005 -5.287500 
140886051087367 -65.437500 85.950005 -4.593750 
140886071087367 -65.512505 86.400002 -3.881250 
140886091087367 -65.325005 86.550003 -3.150000 
140886111087367 -64.893753 86.681252 -2.550000 
140886131087367 -64.518753 86.850006 -2.362500 
140886151087367 -64.443756 86.812500 -2.493750 
140886171087367 -64.462502 86.887505 -2.700000 
140886191087367 -64.856255 86.793755 -2.906250 
140886211087367 -65.212502 86.662506 -2.756250 
140886231087367 -65.625000 86.756256 -2.568750 
140886251087367 -66.150002 86.868752 -2.287500 
140886271087367 -66.506256 86.887505 -2.175000 
140886291087367 -66.262505 86.606255 -2.306250 
140886311087367 -65.925003 86.400002 -2.512500 
140886331087367 -65.325005 85.818756 -2.625000 
140886351087367 -64.575005 85.387505 -3.093750 
140886371087367 -63.768753 85.143753 -3.768750 
140886391087367 -63.000004 84.675003 -4.650000 
140886411087367 -62.625004 84.318756 -5.418750 
140886431087367 -62.325001 84.112503 -5.962500 
140886451087367 -62.756252 84.018753 -6.318750 
140886471087367 -63.150002 83.737503 -6.412500 
140886491087367 -63.656254 84.018753 -6.712500 
140886511087367 -64.312500 84.018753 -7.106250 
140886531087367 -64.875000 83.943756 -7.387500 
140886551087367 -65.062500 84.018753 -7.200000 
140886571087367 -64.725006 83.887505 -7.031250 
140886591087367 -64.162506 83.737503 -6.881250 
140886611087367 -63.431252 83.587502 -6.581250 
140886631087367 -62.512501 83.850006 -6.318750 
140886651087367 -61.687504 83.681252 -6.037500 
140886671087367 -60.900002 83.700005 -5.475000 
140886691087367 -60.000004 83.868752 -4.987500 
140886711087367 -59.493752 83.718750 -4.800000 
140886731087367 -59.081253 83.756256 -4.781250 
140886751087367 -58.893753 83.737503 -4.762500 
140886771087367 -58.856251 83.962502 -4.650000 
140886791087367 -58.650002 83.812500 -4.631250 
140886811087367 -58.593754 84.000000 -4.331250 
140886831087367 -58.518753 84.037506 -4.068750 
140886851087367 -58.762501 84.300003 -3.675000 
140886871087367 -59.006252 84.525002 -3.412500 
140886891087367 -59.306252 84.543755 -3.525000 
140886911087367 -59.437504 84.487503 -3.543750 
140886931087367 -59.681252 84.112503 -3.675000 
140886951087367 -60.150002 83.906250 -4.106250 
140886971087367 -60.412502 83.700005 -4.818750 
140886991087367 -61.087502 83.550003 -5.362500 
140887011087367 -61.687504 83.306252 -5.550000 
140887031087367 -62.175003 83.418755 -5.531250 
140887051087367 -62.737503 83.831253 -4.968750 
140887071087367 -63.637501 84.487503 -4.331250 
140887091087367 -64.012505 85.143753 -3.431250 
140887111087367 -64.293755 85.612503 -2.456250 
140887131087367 -64.425003 86.062500 -1.518750 
140887151087367 -64.293755 86.587502 -0.937500 
140887171087367 -64.162506 86.925003 -0.675000 
140887191087367 -64.275002 86.981255 -0.806250 
140887211087367 -64.481255 86.737503 -1.068750 
140887231087367 -64.575005 86.456253 -1.762500 
140887251087367 -65.250000 86.100006 -2.287500 
140887271087367 -65.981255 86.362503 -2.512500 
140887291087367 -66.562500 86.400002 -2.437500 
140887311087367 -67.237503 86.456253 -2.268750 
140887331087367 -67.687500 86.268753 -2.306250 
140887351087367 -67.650002 86.212502 -2.306250 
140887371087367 -67.050003 86.118752 -2.587500 
140887391087367 -66.525002 85.762505 -2.831250 
140887411087367 -65.718750 85.650002 -3.506250 
140887431087367 -64.856255 84.937500 -3.975000 
140887451087367 -64.050003 84.468750 -4.650000 
140887471087367 -63.225002 83.850006 -5.381250 
140887491087367 -62.606251 83.606255 -6.075000 
140887511087367 -62.493752 83.362503 -6.412500 
140887531087367 -62.812504 83.193756 -6.525000 
140887551087367 -63.018753 83.437500 -6.581250 
140887571087367 -63.281254 83.400002 -6.337500 
140887591087367 -63.487503 83.587502 -6.431250 
140887611087367 -63.806252 83.700005 -6.506250 
140887631087367 -63.543751 83.943756 -6.187500 
140887651087367 -63.318752 84.075005 -5.756250 
140887671087367 -62.850002 84.206253 -5.475000 
140887691087367 -62.381252 84.318756 -5.156250 
140887711087367 -61.650002 84.168755 -4.837500 
140887731087367 -60.862503 84.281250 -4.612500 
140887751087367 -60.262501 84.356255 -4.462500 
140887771087367 -59.568752 84.300003 -4.200000 
140887791087367 -59.362503 84.131256 -4.218750 
140887811087367 -59.118752 83.906250 -4.256250 
140887831087367 -58.575001 83.737503 -4.106250 
140887851087367 -58.200001 83.775002 -3.787500 
140887871087367 -58.200001 84.000000 -3.487500 
140887891087367 -58.162502 84.112503 -2.831250 
140887911087367 -58.218754 83.962502 -2.118750 
140887931087367 -58.293751 84.093750 -1.668750 
140887951087367 -58.537502 84.281250 -1.443750 
140887971087367 -58.687504 84.300003 -1.293750 
140887991087367 -59.231251 84.281250 -1.537500 
140888011087367 -59.418751 84.225006 -1.968750 
140888031087367 -59.625004 84.056252 -2.437500 
140888051087367 -59.925003 83.868752 -3.337500 
140888071087367 -60.225002 83.850006 -3.900000 
140888091087367 -60.618752 83.775002 -4.575000 
140888111087367 -60.993752 83.700005 -4.743750 
140888131087367 -61.443752 83.962502 -4.837500 
140888151087367 -61.706253 84.187500 -4.181250 
140888171087367 -62.193752 84.600006 -3.412500 
140888191087367 -62.550003 84.937500 -2.493750 
140888211087367 -62.568752 85.125000 -1.668750 
140888231087367 -62.625004 85.537506 -1.106250 
140888251087367 -62.625004 85.762505 -0.337500 
140888271087367 -62.718754 85.837502 -0.075000 
140888291087367 -62.737503 85.668755 -0.037500 
140888311087367 -63.056252 85.706253 -0.525000 
140888331087367 -63.375004 85.650002 -0.900000 
140888351087367 -63.881252 85.406250 -1.350000 
140888371087367 -64.593750 85.518753 -1.593750 
140888391087367 -64.893753 85.650002 -1.837500 
140888411087367 -65.437500 85.725006 -2.231250 
140888431087367 -65.681252 85.837502 -2.231250 
140888451087367 -65.587502 85.875000 -2.193750 
140888471087367 -65.212502 85.368752 -2.362500 
140888491087367 -64.556252 84.937500 -3.075000 
140888511087367 -63.768753 84.675003 -3.525000 
140888531087367 -63.206253 84.318756 -4.106250 
140888551087367 -62.718754 83.643753 -4.743750 
140888571087367 -62.025002 83.025002 -5.268750 
140888591087367 -61.593754 82.612503 -5.887500 
140888611087367 -61.818752 82.312500 -6.337500 
140888631087367 -62.081253 82.462502 -6.525000 
140888651087367 -62.606251 82.462502 -6.356250 
140888671087367 -62.887501 82.762505 -6.375000 
140888691087367 -62.775002 82.818756 -6.056250 
140888711087367 -62.850002 83.081253 -5.793750 
140888731087367 -62.737503 83.418755 -5.512500 
140888751087367 -62.550003 83.456253 -5.268750 
140888771087367 -61.837502 83.662506 -5.175000 
140888791087367 -61.237503 83.587502 -5.100000 
140888811087367 -60.300003 83.381256 -5.043750 
140888831087367 -59.793751 83.100006 -5.025000 
140888851087367 -59.493752 83.025002 -5.118750 
140888871087367 -59.062504 82.837502 -5.156250 
140888891087367 -58.856251 82.687500 -5.156250 
140888911087367 -58.593754 82.781250 -5.212500 
140888931087367 -58.537502 82.593750 -4.931250 
140888951087367 -58.331253 82.762505 -4.650000 
140888971087367 -58.275002 83.118752 -4.125000 
140888991087367 -58.200001 83.193756 -3.693750 
140889011087367 -58.200001 83.456253 -3.281250 
140889031087367 -58.312504 83.850006 -2.943750 
140889051087367 -58.631252 84.093750 -2.700000 
140889071087367 -58.706253 84.018753 -2.718750 
140889091087367 -58.800003 84.206253 -2.906250 
140889111087367 -59.400002 84.131256 -3.225000 
140889131087367 -60.037502 84.000000 -3.956250 
140889151087367 -60.431252 83.906250 -4.537500 
140889171087367 -61.200001 83.718750 -5.400000 
140889191087367 -62.062504 83.306252 -6.037500 
140889211087367 -62.756252 83.231255 -6.412500 
140889231087367 -63.731251 83.681252 -6.168750 
140889251087367 -64.500000 83.700005 -5.812500 
140889271087367 -64.950005 84.075005 -5.156250 
140889291087367 -65.212502 84.600006 -4.256250 
140889311087367 -65.606255 85.181252 -3.131250 
140889331087367 -65.568756 85.725006 -2.118750 
140889351087367 -65.400002 86.193756 -1.200000 
140889371087367 -65.287506 86.362503 -0.656250 
140889391087367 -64.968750 86.212502 -0.375000 
140889411087367 -64.968750 86.512505 -0.375000 
140889431087367 -65.006256 86.418755 -0.731250 
140889451087367 -65.643753 86.062500 -1.068750 
140889471087367 -66.206253 85.987503 -1.668750 
140889491087367 -66.825005 85.743752 -1.875000 
140889511087367 -67.462502 85.800003 -2.231250 
140889531087367 -67.837502 85.893753 -2.343750 
140889551087367 -68.418755 86.081253 -2.793750 
140889571087367 -68.362503 85.725006 -3.168750 
140889591087367 -67.875000 85.425003 -3.525000 
140889611087367 -67.237503 85.218750 -4.237500 
140889631087367 -66.581253 84.843750 -4.762500 
140889651087367 -65.662506 84.450005 -5.625000 
140889671087367 -64.912506 84.018753 -6.093750 
140889691087367 -64.275002 83.568756 -6.675000 
140889711087367 -63.937504 83.156250 -7.106250 
140889731087367 -63.918751 83.193756 -7.275000 
140889751087367 -64.443756 83.175003 -7.293750 
140889771087367 -64.875000 83.118752 -7.312500 
140889791087367 -64.950005 82.875000 -7.406250 
140889811087367 -65.250000 83.043755 -7.293750 
140889831087367 -65.156250 82.875000 -7.593750 
140889851087367 -65.137505 82.893753 -7.537500 
140889871087367 -64.237503 82.987503 -7.593750 
140889891087367 -63.487503 82.762505 -7.668750 
140889911087367 -62.793751 82.875000 -7.743750 
140889931087367 -61.781254 82.987503 -7.406250 
140889951087367 -61.087502 83.137505 -7.293750 
140889971087367 -60.375004 82.931252 -7.218750 
140889991087367 -59.868752 83.100006 -6.881250 
140890011087367 -59.400002 83.062500 -6.900000 
140890031087367 -59.400002 82.968750 -6.618750 
140890051087367 -59.587502 83.175003 -6.337500 
140890071087367 -59.287502 83.231255 -6.093750 
140890091087367 -59.268753 83.362503 -5.850000 
140890111087367 -59.475002 83.606255 -5.306250 
140890131087367 -59.775002 83.887505 -5.025000 
140890151087367 -59.981251 84.093750 -4.556250 
140890171087367 -60.262501 84.318756 -4.462500 
140890191087367 -60.525002 84.468750 -4.612500 
140890211087367 -60.600002 84.450005 -4.968750 
140890231087367 -61.162502 84.300003 -5.306250 
140890251087367 -61.425003 84.225006 -5.568750 
140890271087367 -61.743752 84.075005 -6.018750 
140890291087367 -62.193752 83.850006 -6.450000 
140890311087367 -62.831253 83.793755 -6.975000 
140890331087367 -63.656254 83.887505 -6.881250 
140890351087367 -64.537506 84.112503 -6.225000 
140890371087367 -65.456253 84.506256 -5.325000 
140890391087367 -65.962502 85.143753 -4.425000 
140890411087367 -66.525002 85.725006 -3.656250 
140890431087367 -66.731255 86.325005 -3.093750 
140890451087367 -66.975006 86.831253 -2.400000 
140890471087367 -67.275002 87.187500 -2.062500 
140890491087367 -67.425003 87.187500 -1.837500 
140890511087367 -67.650002 87.187500 -2.231250 
140890531087367 -67.987503 87.093750 -2.962500 
140890551087367 -68.568756 86.925003 -3.581250 
140890571087367 -69.243752 86.550003 -4.218750 
140890591087367 -70.181252 86.231255 -4.481250 
140890611087367 -70.818756 86.193756 -4.518750 
140890631087367 -71.306252 86.137505 -4.443750 
140890651087367 -71.287506 86.100006 -4.575000 
140890671087367 -70.743752 85.931252 -4.687500 
140890691087367 -70.162506 85.631256 -4.987500 
140890711087367 -69.487503 85.200005 -5.493750 
140890731087367 -68.850006 85.031250 -6.037500 
140890751087367 -67.725006 84.787506 -6.487500 
140890771087367 -66.787506 84.468750 -7.181250 
140890791087367 -65.906250 83.981255 -7.781250 
140890811087367 -65.362503 83.700005 -8.437500 
140890831087367 -65.400002 83.606255 -8.831250 
140890851087367 -65.362503 83.625000 -8.662500 
140890871087367 -65.231255 83.793755 -8.418751 
140890891087367 -64.912506 83.756256 -8.137501 
140890911087367 -64.968750 83.625000 -8.250000 
140890931087367 -64.556252 83.606255 -8.025001 
140890951087367 -64.181252 83.906250 -7.837500 
140890971087367 -63.543751 84.018753 -7.256250 
140890991087367 -62.756252 83.981255 -7.106250 
140891011087367 -61.687504 83.906250 -6.975000 
140891031087367 -60.900002 83.868752 -6.862500 
140891051087367 -60.112503 83.737503 -6.843750 
140891071087367 -59.250004 83.831253 -6.450000 
140891091087367 -58.687504 83.681252 -6.337500 
140891111087367 -58.068752 83.475006 -6.281250 
140891131087367 -57.600002 83.287506 -6.281250 
140891151087367 -57.225002 83.100006 -5.925000 
140891171087367 -56.887501 82.968750 -5.700000 
140891191087367 -56.793751 83.100006 -5.137500 
140891211087367 -56.568752 83.250000 -4.537500 
140891231087367 -56.512501 83.250000 -4.162500 
140891251087367 -56.700001 83.512505 -3.693750 
140891271087367 -57.000004 83.681252 -3.393750 
140891291087367 -57.243752 83.868752 -3.693750 
140891311087367 -57.243752 84.056252 -3.787500 
140891331087367 -57.468754 84.243752 -4.312500 
140891351087367 -57.412502 84.056252 -4.950000 
140891371087367 -58.068752 83.981255 -5.493750 
140891391087367 -58.912502 84.187500 -6.037500 
140891411087367 -59.306252 84.412506 -6.262500 
140891431087367 -59.550003 84.712502 -5.831250 
140891451087367 -59.943752 85.162506 -4.631250 
140891471087367 -60.412502 85.743752 -3.487500 
140891491087367 -60.637501 86.325005 -2.100000 
140891511087367 -60.881252 86.925003 -0.843750 
140891531087367 -60.806252 87.356255 0.243750 
140891551087367 -60.393753 87.768753 1.350000 
140891571087367 -60.525002 87.750000 1.912500 
140891591087367 -60.543751 87.600006 1.743750 
140891611087367 -60.693752 87.581253 1.031250 
140891631087367 -61.162502 87.337502 0.281250 
140891651087367 -62.062504 87.206253 -0.412500 
140891671087367 -62.981251 87.018753 -1.031250 
140891691087367 -63.675003 87.056252 -1.518750 
140891711087367 -64.387505 86.906250 -2.081250 
140891731087367 -64.818756 86.925003 -2.493750 
140891751087367 -65.418755 87.000000 -2.625000 
140891771087367 -65.625000 86.831253 -2.718750 
140891791087367 -65.212502 86.531250 -3.206250 
140891811087367 -64.575005 86.081253 -3.768750 
140891831087367 -63.600002 85.743752 -4.200000 
140891851087367 -62.587502 85.275002 -4.743750 
140891871087367 -61.743752 84.993752 -5.231250 
140891891087367 -61.143753 84.525002 -5.793750 
140891911087367 -60.562504 84.206253 -6.468750 
140891931087367 -60.412502 84.037506 -6.787500 
140891951087367 -60.843754 83.943756 -6.862500 
140891971087367 -61.237503 84.000000 -6.675000 
140891991087367 -61.725002 84.168755 -6.881250 
140892011087367 -62.118752 84.281250 -6.825000 
140892031087367 -61.893753 84.262505 -6.600000 
140892051087367 -61.368752 84.356255 -6.243750 
140892071087367 -60.843754 84.243752 -5.831250 
140892091087367 -59.943752 84.000000 -5.381250 
140892111087367 -59.025002 84.000000 -5.100000 
140892131087367 -57.975002 83.906250 -4.743750 
140892151087367 -57.000004 83.793755 -4.331250 
140892171087367 -56.343754 83.775002 -4.012500 
140892191087367 -56.081253 83.587502 -4.012500 
140892211087367 -55.931252 83.493752 -4.162500 
140892231087367 -55.687504 83.437500 -4.087500 
140892251087367 -55.593754 83.662506 -4.218750 
140892271087367 -55.481251 83.831253 -4.087500 
140892291087367 -55.500004 84.075005 -3.993750 
140892311087367 -55.556252 83.981255 -3.412500 
140892331087367 -55.781254 84.225006 -3.018750 
140892351087367 -56.175003 84.525002 -2.700000 
140892371087367 -56.643753 84.825005 -2.531250 
140892391087367 -56.962502 84.975006 -2.756250 
140892411087367 -57.543751 84.768753 -3.150000 
140892431087367 -58.031254 84.506256 -3.656250 
140892451087367 -58.762501 84.450005 -4.012500 
140892471087367 -59.400002 84.825005 -4.200000 
140892491087367 -59.512501 85.106255 -4.050000 
140892511087367 -59.418751 85.368752 -3.112500 
140892531087367 -59.325001 85.800003 -1.650000 
140892551087367 -59.006252 86.231255 0.262500 
140892571087367 -58.500004 87.000000 2.231250 
140892591087367 -57.862503 87.731255 4.368750 
140892611087367 -57.075001 88.312500 6.225000 
140892631087367 -56.418751 88.425003 7.143750 
140892651087367 -56.156254 88.500000 7.875000 
140892671087367 -56.231251 88.575005 7.743750 
140892691087367 -56.118752 88.425003 7.350000 
140892711087367 -56.662502 88.443756 6.825000 
140892731087367 -57.093754 88.387505 6.112500 
140892751087367 -57.900002 88.368752 5.062500 
140892771087367 -58.725002 87.993752 3.881250 
140892791087367 -59.362503 87.993752 3.262500 
140892811087367 -59.793751 87.825005 2.437500 
140892831087367 -59.812504 87.487503 2.025000 
140892851087367 -59.962502 87.318756 1.743750 
140892871087367 -59.775002 87.281250 1.350000 
140892891087367 -60.018753 87.093750 0.975000 
140892911087367 -60.150002 86.887505 0.825000 
140892931087367 -60.337502 86.887505 0.618750 
140892951087367 -60.543751 86.587502 -0.037500 
140892971087367 -60.956253 86.175003 -0.956250 
140892991087367 -61.706253 85.725006 -2.268750 
140893011087367 -62.437504 85.125000 -4.068750 
140893031087367 -63.187504 84.281250 -5.737500 
140893051087367 -63.412502 83.587502 -6.918750 
140893071087367 -63.562504 83.043755 -7.875000 
140893091087367 -63.206253 82.368752 -8.943750 
140893111087367 -63.150002 82.031250 -9.637501 
140893131087367 -62.868752 81.862503 -9.637501 
140893151087367 -62.400002 82.143753 -9.300000 
140893171087367 -61.875004 82.556252 -8.643750 
140893191087367 -61.106251 82.931252 -7.743750 
140893211087367 -60.581253 83.062500 -7.275000 
140893231087367 -59.906254 83.343750 -6.918750 
140893251087367 -59.418751 83.625000 -6.243750 
140893271087367 -58.875004 83.850006 -5.625000 
140893291087367 -58.218754 83.831253 -5.531250 
140893311087367 -57.712502 83.625000 -5.193750 
140893331087367 -57.187504 83.437500 -4.912500 
140893351087367 -57.018753 83.493752 -4.837500 
140893371087367 -56.625004 83.456253 -4.537500 
140893391087367 -56.343754 83.231255 -4.125000 
140893411087367 -56.025002 83.512505 -3.712500 
140893431087367 -55.743752 83.512505 -3.206250 
140893451087367 -55.762501 83.756256 -2.437500 
140893471087367 -55.987503 84.000000 -2.081250 
140893491087367 -56.287502 84.187500 -1.875000 
140893511087367 -56.437504 84.093750 -2.025000 
140893531087367 -56.981251 84.243752 -2.325000 
140893551087367 -57.506252 84.337502 -3.112500 
140893571087367 -58.275002 84.000000 -3.918750 
140893591087367 -59.081253 83.850006 -4.818750 
140893611087367 -60.150002 83.531250 -5.850000 
140893631087367 -60.843754 83.475006 -6.356250 
140893651087367 -61.631252 83.587502 -6.506250 
140893671087367 -62.212502 83.962502 -5.943750 
140893691087367 -62.681252 84.337502 -5.268750 
140893711087367 -62.925003 84.862503 -4.087500 
140893731087367 -63.000004 85.481255 -2.700000 
140893751087367 -63.037502 85.950005 -1.537500 
140893771087367 -62.681252 86.662506 -0.337500 
140893791087367 -62.606251 87.225006 0.300000 
140893811087367 -62.418751 87.393753 0.900000 
140893831087367 -62.737503 87.581253 0.900000 
140893851087367 -63.056252 87.600006 0.806250 
140893871087367 -63.618752 87.543755 0.281250 
140893891087367 -64.368752 87.337502 -0.618750 
140893911087367 -65.212502 87.281250 -1.275000 
140893931087367 -66.000000 87.187500 -1.725000 
140893951087367 -66.693756 87.075005 -1.968750 
140893971087367 -67.500000 87.281250 -2.531250 
140893991087367 -67.837502 87.131256 -2.831250 
140894011087367 -68.006256 86.887505 -3.075000 
140894031087367 -67.668755 86.662506 -3.393750 
140894051087367 -67.012505 86.287506 -3.712500 
140894071087367 -66.131256 85.931252 -4.200000 
140894091087367 -65.250000 85.500000 -4.856250 
140894111087367 -64.218750 84.975006 -5.531250 
140894131087367 -63.037502 84.300003 -6.168750 
140894151087367 -62.400002 83.812500 -6.881250 
140894171087367 -62.043751 83.681252 -7.481250 
140894191087367 -62.137501 83.437500 -7.781250 
140894211087367 -62.587502 83.456253 -7.687500 
140894231087367 -62.981251 83.362503 -7.856250 
140894251087367 -63.318752 83.400002 -7.762500 
140894271087367 -63.468754 83.568756 -7.481250 
140894291087367 -63.487503 83.587502 -7.050000 
140894311087367 -63.112503 83.831253 -6.543750 
140894331087367 -62.456253 83.868752 -6.093750 
140894351087367 -61.631252 83.775002 -5.868750 
140894371087367 -60.712502 83.831253 -5.850000 
140894391087367 -59.718754 83.831253 -5.587500 
140894411087367 -59.062504 83.643753 -5.475000 
140894431087367 -58.443752 83.231255 -5.550000 
140894451087367 -58.031254 83.062500 -5.662500 
140894471087367 -57.637501 82.800003 -5.812500 
140894491087367 -57.243752 82.781250 -5.868750 
140894511087367 -57.000004 82.500000 -5.662500 
140894531087367 -56.737503 82.406250 -5.662500 
140894551087367 -56.700001 82.500000 -5.212500 
140894571087367 -56.625004 82.781250 -4.781250 
140894591087367 -56.775002 83.193756 -4.256250 
140894611087367 -56.831253 83.550003 -3.675000 
140894631087367 -57.300003 83.737503 -3.675000 
140894651087367 -57.918751 83.643753 -3.900000 
140894671087367 -58.743752 84.000000 -4.331250 
140894691087367 -59.606251 83.906250 -4.725000 
140894711087367 -60.750004 83.906250 -5.475000 
140894731087367 -61.931252 83.943756 -5.943750 
140894751087367 -62.887501 84.037506 -6.225000 
140894771087367 -63.918751 84.318756 -6.000000 
140894791087367 -64.575005 84.918755 -4.987500 
140894811087367 -64.950005 85.537506 -3.806250 
140894831087367 -65.193756 86.081253 -2.456250 
140894851087367 -65.418755 86.850006 -0.787500 
140894871087367 -65.287506 87.393753 0.881250 
140894891087367 -64.968750 87.656250 1.893750 
140894911087367 -64.762505 88.012505 2.812500 
140894931087367 -64.687500 88.125000 3.018750 
140894951087367 -64.800003 87.993752 2.512500 
140894971087367 -65.062500 88.012505 2.175000 
140894991087367 -65.437500 87.900002 1.556250 
140895011087367 -66.037506 87.656250 0.675000 
140895031087367 -66.656250 87.862503 0.018750 
140895051087367 -67.293755 87.881256 -0.393750 
140895071087367 -68.268753 87.637505 -0.918750 
140895091087367 -68.737503 87.637505 -1.068750 
140895111087367 -69.037506 87.543755 -1.050000 
140895131087367 -69.206253 87.431252 -1.368750 
140895151087367 -69.037506 87.187500 -1.575000 
140895171087367 -68.287506 87.018753 -1.856250 
140895191087367 -67.575005 86.606255 -2.418750 
140895211087367 -66.412506 86.212502 -3.131250 
140895231087367 -65.287506 86.006256 -4.012500 
140895251087367 -64.612503 85.406250 -5.212500 
140895271087367 -63.862503 85.031250 -5.887500 
140895291087367 -63.337502 84.675003 -6.375000 
140895311087367 -62.868752 84.637505 -6.937500 
140895331087367 -62.625004 84.450005 -7.200000 
140895351087367 -62.325001 84.093750 -7.181250 
140895371087367 -62.250004 84.112503 -6.937500 
140895391087367 -61.743752 84.075005 -6.393750 
140895411087367 -60.975002 84.168755 -5.793750 
140895431087367 -60.262501 83.981255 -5.456250 
140895451087367 -59.737503 83.887505 -4.968750 
140895471087367 -59.118752 83.625000 -4.650000 
140895491087367 -58.650002 83.587502 -4.443750 
140895511087367 -57.843754 83.606255 -4.200000 
140895531087367 -57.337502 83.456253 -4.087500 
140895551087367 -57.093754 83.325005 -4.312500 
140895571087367 -57.000004 83.325005 -4.462500 
140895591087367 -56.850002 83.306252 -4.518750 
140895611087367 -56.475002 83.381256 -4.387500 
140895631087367 -56.437504 83.493752 -4.087500 
140895651087367 -56.118752 83.550003 -3.562500 
140895671087367 -56.587502 83.906250 -3.318750 
140895691087367 -56.906254 84.206253 -3.243750 
140895711087367 -57.318752 84.281250 -3.150000 
140895731087367 -57.525002 84.225006 -3.393750 
140895751087367 -58.087502 84.356255 -3.656250 
140895771087367 -58.537502 84.375000 -4.087500 
140895791087367 -59.100002 84.300003 -4.612500 
140895811087367 -60.131252 84.206253 -5.493750 
140895831087367 -61.050003 84.150002 -6.150000 
140895851087367 -61.893753 84.206253 -6.187500 
140895871087367 -62.775002 84.525002 -5.737500 
140895891087367 -63.806252 85.312500 -4.537500 
140895911087367 -64.518753 85.968750 -3.337500 
140895931087367 -64.968750 86.700005 -2.175000 
140895951087367 -65.343750 87.412506 -0.843750 
140895971087367 -65.418755 88.125000 0.375000 
140895991087367 -65.306252 88.406250 1.237500 
140896011087367 -65.400002 88.650002 1.631250 
140896031087367 -65.493752 88.912506 1.725000 
140896051087367 -65.587502 88.668755 1.162500 
140896071087367 -65.925003 88.631256 0.637500 
140896091087367 -66.768753 88.275002 0.018750 
140896111087367 -67.612503 88.256256 -0.487500 
140896131087367 -68.212502 88.125000 -0.637500 
140896151087367 -68.831253 88.350006 -0.712500 
140896171087367 -69.300003 88.387505 -0.543750 
140896191087367 -69.300003 88.293755 -0.750000 
140896211087367 -69.243752 88.181252 -1.012500 
140896231087367 -68.981255 87.731255 -1.462500 
140896251087367 -68.156250 87.693756 -1.968750 
140896271087367 -67.162506 87.243752 -2.568750 
140896291087367 -66.393753 86.756256 -3.318750 
140896311087367 -65.868752 85.818756 -4.050000 
140896331087367 -65.587502 85.275002 -5.268750 
140896351087367 -65.493752 84.843750 -5.887500 
140896371087367 -65.306252 84.618752 -6.412500 
140896391087367 -64.968750 84.487503 -6.787500 
140896411087367 -64.968750 84.168755 -7.031250 
140896431087367 -64.931252 84.056252 -6.993750 
140896451087367 -64.612503 84.187500 -6.843750 
140896471087367 -63.675003 84.543755 -6.468750 
140896491087367 -62.437504 84.581253 -5.700000 
140896511087367 -61.368752 84.656250 -5.306250 
140896531087367 -60.450001 84.562500 -4.706250 
140896551087367 -59.662502 84.562500 -4.143750 
140896571087367 -58.762501 84.581253 -3.731250 
140896591087367 -57.975002 84.693756 -3.506250 
140896611087367 -57.468754 84.487503 -3.281250 
140896631087367 -57.150002 84.412506 -3.337500 
140896651087367 -57.112503 84.356255 -3.525000 
140896671087367 -56.775002 84.168755 -3.318750 
140896691087367 -56.400002 83.981255 -2.981250 
140896711087367 -56.475002 83.981255 -2.700000 
140896731087367 -56.512501 84.187500 -2.268750 
140896751087367 -56.437504 84.487503 -1.875000 
140896771087367 -56.850002 84.825005 -1.743750 
140896791087367 -57.412502 84.825005 -1.725000 
140896811087367 -57.768753 84.825005 -1.818750 
140896831087367 -58.537502 84.825005 -2.381250 
140896851087367 -59.550003 84.956253 -3.225000 
140896871087367 -60.431252 85.050003 -4.012500 
140896891087367 -61.537502 84.975006 -4.875000 
140896911087367 -62.437504 84.637505 -5.062500 
140896931087367 -62.887501 84.787506 -4.912500 
140896951087367 -63.243752 85.218750 -3.956250 
140896971087367 -63.525002 85.912506 -2.756250 
140896991087367 -63.243752 86.700005 -1.106250 
140897011087367 -63.037502 87.431252 0.731250 
140897031087367 -62.718754 87.806252 2.325000 
140897051087367 -62.512501 88.425003 3.825000 
140897071087367 -62.662502 89.043755 4.631250 
140897091087367 -62.568752 89.193756 4.987500 
140897111087367 -62.737503 89.081253 4.781250 
140897131087367 -63.337502 88.950005 4.425000 
140897151087367 -64.537506 88.650002 3.506250 
140897171087367 -65.418755 88.312500 2.568750 
140897191087367 -66.337502 88.331253 1.987500 
140897211087367 -66.787506 88.068756 1.706250 
140897231087367 -66.900002 87.693756 1.275000 
140897251087367 -67.068756 87.431252 1.162500 
140897271087367 -66.881256 87.356255 1.012500 
140897291087367 -66.056252 87.225006 0.862500 
140897311087367 -64.856255 87.093750 1.031250 
140897331087367 -63.731251 86.831253 0.881250 
140897351087367 -62.418751 86.175003 0.356250 
140897371087367 -61.706253 85.537506 -0.787500 
140897391087367 -61.593754 85.012505 -1.818750 
140897411087367 -61.575001 84.637505 -2.868750 
140897431087367 -61.837502 83.925003 -4.050000 
140897451087367 -62.287502 83.493752 -4.950000 
140897471087367 -62.737503 83.043755 -5.737500 
140897491087367 -63.093754 82.875000 -6.243750 
140897511087367 -63.056252 82.912506 -6.506250 
140897531087367 -62.756252 83.006256 -6.243750 
140897551087367 -61.612503 83.306252 -5.681250 
140897571087367 -60.562504 83.381256 -5.156250 
140897591087367 -59.400002 83.700005 -4.462500 
140897611087367 -58.406254 83.643753 -3.768750 
140897631087367 -57.300003 83.625000 -3.375000 
140897651087367 -56.437504 83.400002 -2.925000 
140897671087367 -55.818752 83.437500 -2.418750 
140897691087367 -55.312504 83.175003 -2.025000 
140897711087367 -55.125004 82.762505 -2.062500 
140897731087367 -54.900002 82.668755 -1.875000 
140897751087367 -54.675003 82.537506 -1.725000 
140897771087367 -54.693752 82.518753 -1.612500 
140897791087367 -54.731251 82.575005 -1.200000 
140897811087367 -54.806252 82.800003 -0.768750 
140897831087367 -55.106251 82.725006 -0.525000 
140897851087367 -55.368752 82.818756 -0.431250 
140897871087367 -55.818752 82.912506 -0.450000 
140897891087367 -56.212502 82.875000 -0.731250 
140897911087367 -56.737503 82.725006 -0.956250 
140897931087367 -57.000004 82.631256 -1.237500 
140897951087367 -57.562504 82.350006 -1.875000 
140897971087367 -58.200001 82.087502 -2.643750 
140897991087367 -58.818752 82.031250 -3.000000 
140898011087367 -59.456253 82.012505 -3.243750 
140898031087367 -59.906254 82.237503 -2.700000 
140898051087367 -60.468754 82.425003 -1.950000 
140898071087367 -60.881252 82.837502 -1.162500 
140898091087367 -61.275002 83.250000 -0.581250 
140898111087367 -61.593754 83.700005 0.225000 
140898131087367 -61.631252 84.187500 1.050000 
140898151087367 -61.631252 84.431252 1.200000 
140898171087367 -61.818752 84.543755 1.556250 
140898191087367 -62.287502 84.600006 1.125000 
140898211087367 -62.737503 84.543755 0.375000 
140898231087367 -63.375004 84.337502 -0.337500 
140898251087367 -64.143753 84.000000 -0.768750 
140898271087367 -65.062500 84.131256 -1.125000 
140898291087367 -66.093750 84.112503 -1.237500 
140898311087367 -66.956253 84.131256 -1.031250 
140898331087367 -67.462502 84.112503 -1.406250 
140898351087367 -67.593750 83.868752 -1.387500 
140898371087367 -67.387505 83.662506 -1.350000 
140898391087367 -67.050003 83.287506 -1.743750 
140898411087367 -66.656250 82.968750 -2.325000 
140898431087367 -66.300003 82.350006 -2.981250 
140898451087367 -66.150002 81.750000 -3.918750 
140898471087367 -66.093750 81.300003 -4.668750 
140898491087367 -66.112503 81.037506 -5.006250 
140898511087367 -66.543755 80.850006 -5.887500 
140898531087367 -67.050003 80.737503 -6.318750 
140898551087367 -67.575005 80.831253 -6.581250 
140898571087367 -67.837502 80.793755 -6.750000 
140898591087367 -67.593750 80.850006 -6.806250 
140898611087367 -67.068756 80.906250 -6.787500 
140898631087367 -66.393753 81.000000 -6.862500 
140898651087367 -65.681252 80.887505 -7.068750 
140898671087367 -64.875000 80.868752 -6.975000 
140898691087367 -64.200005 80.775002 -7.143750 
140898711087367 -63.600002 80.643753 -6.937500 
140898731087367 -63.075001 80.606255 -6.900000 
140898751087367 -62.887501 80.437500 -6.918750 
140898771087367 -62.662502 80.250000 -7.218750 
140898791087367 -62.793751 80.193756 -7.425000 
140898811087367 -62.756252 79.968750 -7.743750 
140898831087367 -62.662502 79.818756 -7.743750 
140898851087367 -62.700001 79.575005 -7.837500 
140898871087367 -62.437504 79.500000 -7.987500 
140898891087367 -62.531254 79.593750 -7.837500 
140898911087367 -62.550003 79.912506 -7.650000 
140898931087367 -62.625004 80.100006 -7.106250 
140898951087367 -62.475002 80.062500 -6.900000 
140898971087367 -62.512501 80.287506 -6.525000 
140898991087367 -62.662502 80.475006 -6.562500 
140899011087367 -62.887501 80.643753 -6.525000 
140899031087367 -63.337502 80.906250 -6.618750 
140899051087367 -63.862503 80.943756 -6.862500 
140899071087367 -64.837502 81.168755 -7.050000 
140899091087367 -65.962502 81.450005 -7.125000 
140899111087367 -66.937500 81.918755 -6.806250 
140899131087367 -68.006256 82.387505 -6.581250 
140899151087367 -68.925003 82.931252 -6.037500 
140899171087367 -69.731255 83.512505 -5.381250 
140899191087367 -70.256256 83.943756 -4.650000 
140899211087367 -70.556252 84.412506 -4.275000 
140899231087367 -70.425003 84.375000 -4.162500 
140899251087367 -70.500000 84.243752 -4.237500 
140899271087367 -70.912506 84.318756 -4.350000 
140899291087367 -71.362503 84.356255 -4.087500 
140899311087367 -71.793755 84.525002 -3.956250 
140899331087367 -72.112503 84.581253 -3.562500 
140899351087367 -72.825005 84.862503 -3.450000 
140899371087367 -73.162506 84.918755 -3.300000 
140899391087367 -73.031250 85.068756 -3.375000 
140899411087367 -72.731255 85.181252 -3.375000 
140899431087367 -71.962502 85.087502 -3.712500 
140899451087367 -71.100006 84.806252 -4.443750 
140899471087367 -70.181252 84.412506 -5.268750 
140899491087367 -69.393753 83.868752 -6.506250 
140899511087367 -68.700005 83.212502 -7.481250 
140899531087367 -68.325005 82.800003 -8.100000 
140899551087367 -68.493752 82.631256 -8.550000 
140899571087367 -68.775002 82.650002 -8.906250 
140899591087367 -69.112503 82.331253 -9.412500 
140899611087367 -69.600006 82.106255 -9.843750 
140899631087367 -69.862503 81.843750 -10.012501 
140899651087367 -69.843750 81.637505 -10.256250 
140899671087367 -69.225006 81.656250 -10.312500 
140899691087367 -68.381256 81.656250 -10.218750 
140899711087367 -67.087502 81.543755 -9.806251 
140899731087367 -65.662506 81.412506 -9.731251 
140899751087367 -64.500000 81.337502 -9.337501 
140899771087367 -63.225002 81.618752 -8.793751 
140899791087367 -62.231251 81.506256 -8.287500 
140899811087367 -61.125004 81.881256 -7.781250 
140899831087367 -60.562504 81.787506 -7.537500 
140899851087367 -59.962502 81.806252 -7.537500 
140899871087367 -60.037502 81.843750 -7.425000 
140899891087367 -59.793751 82.256256 -7.031250 
140899911087367 -59.662502 82.593750 -6.375000 
140899931087367 -59.550003 83.156250 -5.850000 
140899951087367 -59.681252 83.718750 -5.493750 
140899971087367 -60.093754 83.850006 -5.250000 
140899991087367 -60.300003 84.300003 -5.175000 
140900011087367 -60.731251 84.525002 -5.118750 
140900031087367 -60.843754 84.618752 -5.156250 
140900051087367 -61.312504 84.562500 -5.268750 
140900071087367 -61.800003 84.787506 -5.868750 
140900091087367 -62.418751 84.375000 -6.356250 
140900111087367 -63.131252 84.300003 -6.656250 
140900131087367 -64.143753 84.750000 -6.581250 
140900151087367 -65.231255 84.993752 -6.168750 
140900171087367 -66.450005 85.350006 -5.662500 
140900191087367 -67.593750 85.818756 -5.006250 
140900211087367 -68.475006 86.100006 -4.368750 
140900231087367 -69.168755 86.437500 -3.581250 
140900251087367 -69.693756 86.868752 -3.018750 
140900271087367 -69.862503 87.225006 -2.475000 
140900291087367 -69.750000 87.187500 -2.306250 
140900311087367 -69.768753 87.318756 -2.325000 
140900331087367 -69.862503 87.337502 -2.362500 
140900351087367 -70.218750 87.337502 -2.662500 
140900371087367 -70.650002 87.318756 -2.737500 
140900391087367 -70.912506 87.356255 -2.700000 
140900411087367 -71.193756 87.356255 -2.512500 
140900431087367 -71.831253 87.450005 -2.625000 
140900451087367 -72.037506 87.618752 -2.756250 
140900471087367 -72.037506 87.525002 -2.943750 
140900491087367 -71.587502 87.506256 -2.943750 
140900511087367 -71.006256 87.412506 -3.168750 
140900531087367 -70.425003 87.318756 -3.787500 
140900551087367 -69.937500 86.681252 -4.575000 
140900571087367 -69.600006 86.418755 -5.737500 
140900591087367 -69.037506 86.212502 -6.281250 
140900611087367 -68.868752 85.762505 -6.675000 
140900631087367 -68.775002 85.500000 -6.825000 
140900651087367 -68.887505 85.237503 -7.275000 
140900671087367 -68.756256 84.956253 -7.912500 
140900691087367 -68.400002 84.731255 -8.137501 
140900711087367 -68.006256 84.881256 -7.912500 
140900731087367 -67.293755 84.918755 -7.575000 
140900751087367 -66.675003 84.806252 -7.481250 
140900771087367 -65.887505 84.600006 -7.368750 
140900791087367 -64.893753 84.675003 -7.181250 
140900811087367 -64.087502 84.731255 -7.050000 
140900831087367 -63.131252 84.750000 -6.525000 
140900851087367 -62.381252 84.731255 -6.375000 
140900871087367 -61.837502 84.543755 -6.393750 
140900891087367 -61.218754 84.337502 -6.056250 
140900911087367 -60.750004 84.150002 -6.000000 
140900931087367 -60.412502 84.412506 -5.756250 
140900951087367 -60.262501 84.431252 -5.718750 
140900971087367 -60.075001 84.525002 -5.568750 
140900991087367 -60.431252 84.750000 -5.268750 
140901011087367 -60.675003 85.125000 -4.706250 
140901031087367 -60.975002 85.481255 -4.425000 
140901051087367 -61.256252 85.893753 -4.031250 
140901071087367 -61.462502 86.175003 -3.843750 
140901091087367 -61.500004 85.987503 -3.750000 
140901111087367 -61.668751 86.025002 -3.675000 
140901131087367 -61.818752 86.025002 -3.731250 
140901151087367 -61.950001 85.987503 -4.050000 
140901171087367 -62.100002 85.950005 -4.387500 
140901191087367 -62.306252 86.006256 -4.631250 
140901211087367 -63.187504 85.818756 -5.043750 
140901231087367 -63.956253 85.837502 -4.968750 
140901251087367 -65.175003 86.287506 -4.818750 
140901271087367 -66.150002 86.793755 -4.481250 
140901291087367 -66.806252 87.112503 -3.862500 
140901311087367 -67.443756 87.375000 -3.262500 
140901331087367 -67.800003 87.525002 -2.887500 
140901351087367 -68.025002 87.506256 -2.306250 
140901371087367 -67.987503 87.918755 -2.231250 
140901391087367 -67.931252 88.050003 -2.287500 
140901411087367 -67.875000 87.993752 -2.381250 
140901431087367 -68.025002 87.787506 -2.737500 
140901451087367 -68.606255 87.768753 -2.943750 
140901471087367 -69.150002 87.843750 -3.168750 
140901491087367 -69.937500 87.825005 -2.887500 
140901511087367 -70.275002 88.050003 -3.056250 
140901531087367 -70.575005 88.125000 -2.906250 
140901551087367 -70.818756 88.143753 -2.718750 
140901571087367 -70.800003 88.125000 -2.606250 
140901591087367 -70.668755 87.862503 -2.587500 
140901611087367 -70.275002 87.562500 -3.150000 
140901631087367 -69.675003 87.168755 -3.843750 
140901651087367 -69.337502 86.850006 -4.800000 
140901671087367 -69.487503 86.550003 -5.362500 
140901691087367 -69.675003 86.156250 -5.850000 
140901711087367 -69.468750 85.706253 -6.412500 
140901731087367 -69.112503 85.518753 -6.862500 
140901751087367 -68.681252 85.387505 -7.087500 
140901771087367 -68.568756 85.387505 -7.237500 
140901791087367 -68.381256 85.275002 -7.181250 
140901811087367 -68.006256 85.350006 -7.237500 
140901831087367 -67.275002 85.293755 -7.125000 
140901851087367 -66.618752 85.275002 -6.937500 
140901871087367 -66.056252 85.293755 -6.806250 
140901891087367 -65.625000 85.368752 -6.806250 
140901911087367 -65.137505 85.275002 -6.731250 
140901931087367 -64.387505 85.087502 -6.562500 
140901951087367 -63.750004 85.087502 -6.112500 
140901971087367 -63.112503 84.862503 -5.962500 
140901991087367 -62.718754 84.675003 -5.981250 
140902011087367 -62.381252 84.731255 -6.112500 
140902031087367 -62.025002 84.637505 -6.131250 
140902051087367 -61.743752 84.375000 -5.962500 
140902071087367 -61.556252 84.600006 -5.775000 
140902091087367 -61.387501 84.806252 -5.268750 
140902111087367 -61.218754 84.881256 -4.968750 
140902131087367 -61.312504 85.181252 -4.406250 
140902151087367 -61.425003 85.500000 -3.843750 
140902171087367 -61.237503 85.425003 -3.581250 
140902191087367 -61.387501 85.575005 -3.337500 
140902211087367 -61.275002 85.575005 -3.337500 
140902231087367 -61.237503 85.350006 -3.468750 
140902251087367 -61.368752 85.181252 -4.068750 
140902271087367 -61.743752 85.143753 -4.537500 
140902291087367 -61.950001 84.975006 -5.025000 
140902311087367 -62.306252 84.843750 -5.437500 
140902331087367 -62.493752 85.106255 -5.193750 
140902351087367 -62.700001 85.631256 -4.800000 
140902371087367 -63.018753 86.081253 -4.200000 
140902391087367 -63.187504 86.475006 -3.468750 
140902411087367 -62.943752 86.887505 -2.718750 
140902431087367 -62.625004 86.981255 -2.306250 
140902451087367 -62.475002 86.887505 -1.912500 
140902471087367 -62.306252 86.906250 -1.687500 
140902491087367 -62.325001 86.793755 -1.725000 
140902511087367 -62.250004 86.550003 -1.743750 
140902531087367 -62.568752 86.662506 -2.043750 
140902551087367 -62.981251 86.662506 -2.137500 
140902571087367 -63.618752 86.512505 -2.025000 
140902591087367 -64.087502 86.681252 -1.931250 
140902611087367 -64.237503 87.000000 -1.650000 
140902631087367 -64.275002 87.075005 -1.668750 
140902651087367 -64.125000 86.887505 -1.575000 
140902671087367 -63.975002 86.625000 -1.875000 
140902691087367 -63.450001 86.156250 -2.006250 
140902711087367 -62.831253 86.006256 -2.493750 
140902731087367 -62.231251 85.575005 -3.168750 
140902751087367 -62.043751 85.275002 -3.825000 
140902771087367 -62.212502 84.787506 -4.706250 
140902791087367 -62.456253 84.468750 -5.212500 
140902811087367 -62.831253 84.450005 -5.681250 
140902831087367 -63.375004 84.225006 -6.168750 
140902851087367 -63.825001 84.093750 -6.581250 
140902871087367 -64.181252 83.925003 -6.975000 
140902891087367 -64.387505 84.168755 -7.106250 
140902911087367 -64.237503 84.037506 -6.900000 
140902931087367 -63.712502 84.243752 -6.637500 
140902951087367 -63.131252 84.262505 -6.431250 
140902971087367 -62.775002 84.131256 -6.356250 
140902991087367 -61.968754 84.243752 -6.056250 
140903011087367 -61.312504 84.206253 -5.550000 
140903031087367 -60.937504 84.131256 -5.193750 
140903051087367 -60.581253 83.887505 -4.856250 
140903071087367 -60.281254 83.831253 -4.706250 
140903091087367 -59.812504 83.737503 -4.481250 
140903111087367 -59.456253 83.587502 -4.181250 
140903131087367 -58.893753 83.475006 -3.975000 
140903151087367 -58.987503 83.475006 -3.581250 
140903171087367 -59.137501 83.756256 -3.225000 
140903191087367 -59.175003 84.018753 -2.812500 
140903211087367 -59.156254 84.243752 -2.606250 
140903231087367 -59.250004 84.243752 -2.606250 
140903251087367 -59.325001 84.037506 -2.531250 
140903271087367 -59.418751 84.281250 -2.418750 
140903291087367 -59.475002 84.487503 -2.400000 
140903311087367 -59.250004 84.618752 -2.343750 
140903331087367 -59.287502 84.600006 -2.475000 
140903351087367 -59.362503 84.600006 -2.418750 
140903371087367 -59.606251 84.806252 -2.081250 
140903391087367 -59.868752 85.200005 -1.350000 
140903411087367 -60.487503 85.743752 -0.618750 
140903431087367 -61.125004 85.987503 -0.018750 
140903451087367 -61.650002 86.212502 0.506250 
140903471087367 -62.025002 86.381256 0.975000 
140903491087367 -62.343754 86.550003 1.218750 
140903511087367 -62.643753 86.625000 1.312500 
140903531087367 -63.225002 86.587502 1.368750 
140903551087367 -63.656254 86.475006 0.862500 
140903571087367 -64.218750 86.287506 0.543750 
140903591087367 -64.743752 86.306252 0.206250 
140903611087367 -65.250000 86.212502 0.206250 
140903631087367 -66.000000 86.268753 0.168750 
140903651087367 -66.356255 86.043755 0.262500 
140903671087367 -66.693756 86.062500 0.375000 
140903691087367 -66.450005 85.950005 0.150000 
140903711087367 -66.450005 85.950005 0.056250 
140903731087367 -65.906250 85.912506 -0.281250 
140903751087367 -65.100006 85.668755 -0.431250 
140903771087367 -64.818756 85.443756 -1.031250 
140903791087367 -64.368752 85.312500 -1.443750 
140903811087367 -64.143753 85.331253 -1.856250 
140903831087367 -63.993752 85.143753 -2.362500 
140903851087367 -64.087502 85.218750 -2.437500 
140903871087367 -63.637501 85.087502 -2.418750 
140903891087367 -63.750004 85.143753 -2.418750 
140903911087367 -63.843754 85.087502 -2.718750 
140903931087367 -63.618752 85.143753 -2.625000 
140903951087367 -63.206253 84.937500 -2.812500 
140903971087367 -62.850002 84.656250 -3.093750 
140903991087367 -62.362503 84.393753 -3.037500 
140904011087367 -61.650002 84.150002 -3.093750 
140904031087367 -61.162502 84.075005 -3.075000 
140904051087367 -60.450001 83.831253 -3.000000 
140904071087367 -60.093754 83.643753 -2.568750 
140904091087367 -59.681252 83.531250 -2.287500 
140904111087367 -59.493752 83.418755 -2.250000 
140904131087367 -59.156254 83.625000 -1.912500 
140904151087367 -58.950001 83.681252 -1.500000 
140904171087367 -58.968754 83.737503 -1.462500 
140904191087367 -59.043751 83.906250 -1.106250 
140904211087367 -59.006252 84.112503 -0.618750 
140904231087367 -58.668751 84.431252 -0.206250 
140904251087367 -58.800003 84.675003 0.150000 
140904271087367 -58.668751 84.787506 0.618750 
140904291087367 -58.837502 84.918755 0.768750 
140904311087367 -58.968754 85.181252 0.637500 
140904331087367 -58.987503 85.293755 0.862500 
140904351087367 -59.081253 85.200005 0.675000 
140904371087367 -59.568752 84.975006 0.262500 
140904391087367 -59.962502 84.806252 -0.393750 
140904411087367 -60.506252 84.581253 -0.525000 
140904431087367 -61.275002 84.900002 -0.450000 
140904451087367 -62.081253 85.143753 0.093750 
140904471087367 -62.681252 85.368752 0.506250 
140904491087367 -63.356251 85.668755 0.768750 
140904511087367 -63.993752 86.118752 1.406250 
140904531087367 -64.200005 86.362503 1.687500 
140904551087367 -64.668755 86.625000 1.950000 
140904571087367 -64.406250 86.793755 1.818750 
140904591087367 -64.425003 86.681252 1.537500 
140904611087367 -64.500000 86.475006 1.031250 
140904631087367 -64.950005 86.212502 0.356250 
140904651087367 -65.493752 86.025002 0.056250 
140904671087367 -65.962502 85.950005 -0.450000 
140904691087367 -66.543755 85.912506 -0.487500 
140904711087367 -67.050003 86.062500 -0.206250 
140904731087367 -67.743752 86.212502 -0.075000 
140904751087367 -68.043755 86.287506 -0.093750 
140904771087367 -67.968750 86.175003 -0.468750 
140904791087367 -67.443756 86.156250 -0.375000 
140904811087367 -66.675003 86.081253 -0.618750 
140904831087367 -65.981255 85.875000 -0.900000 
140904851087367 -65.512505 85.856255 -1.406250 
140904871087367 -65.081253 85.556252 -2.156250 
140904891087367 -64.725006 85.537506 -2.531250 
140904911087367 -64.425003 85.406250 -2.625000 
140904931087367 -64.406250 85.387505 -2.512500 
140904951087367 -64.406250 85.481255 -2.793750 
140904971087367 -64.425003 85.275002 -2.962500 
140904991087367 -64.368752 84.918755 -3.281250 
140905011087367 -64.181252 84.825005 -3.243750 
140905031087367 -63.712502 84.675003 -3.300000 
140905051087367 -63.356251 84.356255 -3.506250 
140905071087367 -62.793751 84.206253 -3.712500 
140905091087367 -62.081253 83.925003 -3.843750 
140905111087367 -61.387501 83.737503 -3.768750 
140905131087367 -61.125004 83.793755 -3.750000 
140905151087367 -60.562504 83.775002 -3.412500 
140905171087367 -60.206253 83.643753 -3.487500 
140905191087367 -60.300003 83.681252 -3.431250 
140905211087367 -60.000004 83.643753 -3.300000 
140905231087367 -59.850002 83.662506 -3.206250 
140905251087367 -59.756252 83.850006 -2.962500 
140905271087367 -60.000004 84.000000 -2.531250 
140905291087367 -59.981251 84.300003 -2.175000 
140905311087367 -60.356251 84.656250 -2.100000 
140905331087367 -60.731251 84.900002 -1.818750 
140905351087367 -60.843754 84.975006 -1.800000 
140905371087367 -61.331253 85.162506 -1.837500 
140905391087367 -61.743752 85.256256 -1.931250 
140905411087367 -62.137501 85.462502 -2.268750 
140905431087367 -62.381252 85.256256 -2.700000 
140905451087367 -62.981251 85.050003 -3.150000 
140905471087367 -63.675003 84.993752 -3.337500 
140905491087367 -64.162506 85.087502 -3.506250 
140905511087367 -64.762505 85.218750 -3.281250 
140905531087367 -65.212502 85.593750 -2.775000 
140905551087367 -65.775002 85.818756 -2.381250 
140905571087367 -66.187500 86.006256 -1.893750 
140905591087367 -66.637505 86.343750 -1.481250 
140905611087367 -66.918755 86.475006 -1.050000 
140905631087367 -66.881256 86.550003 -0.900000 
140905651087367 -67.312500 86.550003 -1.012500 
140905671087367 -67.500000 86.625000 -1.068750 
140905691087367 -67.762505 86.381256 -1.481250 
140905711087367 -68.250000 86.362503 -1.706250 
140905731087367 -68.568756 86.343750 -1.762500 
140905751087367 -68.943756 86.568756 -1.668750 
140905771087367 -69.243752 86.775002 -1.800000 
140905791087367 -69.543755 86.700005 -1.950000 
140905811087367 -69.206253 86.606255 -2.025000 
140905831087367 -68.737503 86.287506 -2.175000 
140905851087367 -68.081253 86.118752 -2.343750 
140905871087367 -67.537506 85.893753 -2.756250 
140905891087367 -67.218750 85.687500 -3.150000 
140905911087367 -66.956253 85.368752 -3.543750 
140905931087367 -66.431252 85.125000 -3.693750 
140905951087367 -66.075005 85.106255 -3.731250 
140905971087367 -65.793755 85.031250 -3.693750 
140905991087367 -65.887505 85.031250 -3.900000 
140906011087367 -66.037506 85.087502 -4.087500 
140906031087367 -65.775002 85.106255 -4.162500 
140906051087367 -65.381256 84.768753 -4.218750 
140906071087367 -64.781250 84.581253 -4.350000 
140906091087367 -64.350006 84.318756 -4.612500 
140906111087367 -63.881252 84.056252 -4.650000 
140906131087367 -63.506252 83.906250 -4.725000 
140906151087367 -62.981251 83.962502 -4.462500 
140906171087367 -62.325001 83.681252 -4.293750 
140906191087367 -61.856251 83.493752 -3.918750 
140906211087367 -61.443752 83.568756 -3.825000 
140906231087367 -61.181252 83.662506 -3.768750 
140906251087367 -60.881252 83.756256 -3.525000 
140906271087367 -60.712502 83.925003 -3.356250 
140906291087367 -60.562504 83.906250 -3.206250 
140906311087367 -60.318752 83.981255 -3.093750 
140906331087367 -60.318752 84.150002 -2.531250 
140906351087367 -60.506252 84.675003 -2.118750 
140906371087367 -60.581253 84.937500 -1.650000 
140906391087367 -60.750004 85.087502 -1.050000 
140906411087367 -61.162502 85.350006 -0.693750 
140906431087367 -61.275002 85.387505 -0.525000 
140906451087367 -61.612503 85.631256 -0.318750 
140906471087367 -62.100002 85.668755 -0.337500 
140906491087367 -62.268753 85.781250 -0.843750 
140906511087367 -62.756252 85.612503 -1.350000 
140906531087367 -63.487503 85.631256 -1.893750 
140906551087367 -64.256256 85.687500 -2.381250 
140906571087367 -65.081253 85.668755 -2.325000 
140906591087367 -65.887505 85.950005 -2.193750 
140906611087367 -66.712502 86.062500 -2.006250 
140906631087367 -67.387505 86.287506 -1.818750 
140906651087367 -68.156250 86.475006 -1.500000 
140906671087367 -68.381256 86.325005 -1.387500 
140906691087367 -68.775002 86.231255 -1.368750 
140906711087367 -69.056252 86.118752 -1.481250 
140906731087367 -69.337502 86.100006 -1.856250 
140906751087367 -69.918755 85.987503 -1.912500 
140906771087367 -70.068756 86.006256 -1.893750 
140906791087367 -70.668755 86.081253 -1.612500 
140906811087367 -70.875000 86.118752 -1.500000 
140906831087367 -71.137505 86.212502 -1.406250 
140906851087367 -70.837502 86.400002 -1.312500 
140906871087367 -70.481255 86.325005 -1.462500 
140906891087367 -69.675003 86.081253 -1.743750 
140906911087367 -68.643753 85.893753 -2.156250 
140906931087367 -68.081253 85.518753 -2.625000 
140906951087367 -66.993752 85.162506 -3.525000 
140906971087367 -66.487503 84.900002 -4.068750 
140906991087367 -66.225006 84.525002 -4.425000 
140907011087367 -66.206253 84.281250 -4.818750 
140907031087367 -66.131256 84.187500 -4.912500 
140907051087367 -66.056252 84.187500 -4.893750 
140907071087367 -66.075005 84.018753 -5.006250 
140907091087367 -65.737503 84.093750 -5.250000 
140907111087367 -65.587502 83.868752 -5.231250 
140907131087367 -65.268753 83.718750 -5.287500 
140907151087367 -64.631256 83.756256 -5.175000 
140907171087367 -64.181252 83.475006 -5.118750 
140907191087367 -63.731251 83.343750 -5.062500 
140907211087367 -63.356251 83.362503 -5.137500 
140907231087367 -63.150002 83.400002 -4.987500 
140907251087367 -62.662502 83.268753 -4.781250 
140907271087367 -62.381252 83.268753 -4.706250 
140907291087367 -62.118752 83.287506 -4.668750 
140907311087367 -61.875004 83.250000 -4.706250 
140907331087367 -61.331253 83.362503 -4.668750 
140907351087367 -60.918751 83.268753 -4.331250 
140907371087367 -60.581253 83.231255 -4.012500 
140907391087367 -60.581253 83.362503 -3.656250 
140907411087367 -60.862503 83.756256 -3.431250 
140907431087367 -61.031254 84.000000 -3.075000 
140907451087367 -61.218754 84.225006 -3.056250 
140907471087367 -61.687504 84.318756 -3.187500 
140907491087367 -62.306252 84.337502 -3.318750 
140907511087367 -62.887501 84.543755 -3.600000 
140907531087367 -63.693752 84.487503 -3.693750 
140907551087367 -64.200005 84.431252 -3.993750 
140907571087367 -64.800003 84.450005 -4.031250 
140907591087367 -65.606255 84.487503 -3.918750 
140907611087367 -66.600006 84.731255 -3.431250 
140907631087367 -67.350006 85.218750 -2.850000 
140907651087367 -68.025002 85.687500 -2.081250 
140907671087367 -68.700005 86.043755 -1.106250 
140907691087367 -68.887505 86.568756 -0.525000 
140907711087367 -69.075005 86.793755 0.037500 
140907731087367 -69.056252 86.775002 0.431250 
140907751087367 -68.962502 86.925003 0.487500 
140907771087367 -68.850006 86.775002 0.168750 
140907791087367 -68.868752 86.643753 0.093750 
140907811087367 -69.112503 86.568756 -0.187500 
140907831087367 -69.262505 86.700005 -0.637500 
140907851087367 -69.768753 86.718750 -0.618750 
140907871087367 -70.087502 86.943756 -0.637500 
140907891087367 -70.650002 87.056252 -0.862500 
140907911087367 -70.762505 86.887505 -0.937500 
140907931087367 -70.650002 86.700005 -0.993750 
140907951087367 -70.181252 86.400002 -1.481250 
140907971087367 -69.487503 86.156250 -1.856250 
140907991087367 -68.681252 85.668755 -2.418750 
140908011087367 -67.968750 85.181252 -3.262500 
140908031087367 -67.387505 84.487503 -4.237500 
140908051087367 -66.900002 84.093750 -4.781250 
140908071087367 -66.937500 83.831253 -5.400000 
140908091087367 -66.975006 83.700005 -5.718750 
140908111087367 -67.556252 83.606255 -5.981250 
140908131087367 -67.837502 83.531250 -6.225000 
140908151087367 -68.287506 83.212502 -6.506250 
140908171087367 -68.306252 83.231255 -6.675000 
140908191087367 -68.193756 83.156250 -6.562500 
140908211087367 -67.706253 82.968750 -6.656250 
140908231087367 -66.862503 82.931252 -6.675000 
140908251087367 -66.187500 82.893753 -6.825000 
140908271087367 -65.193756 82.875000 -6.525000 
140908291087367 -64.537506 82.500000 -6.337500 
140908311087367 -63.768753 82.762505 -6.318750 
140908331087367 -63.300003 82.575005 -6.131250 
140908351087367 -62.868752 82.537506 -6.112500 
140908371087367 -62.531254 82.537506 -6.112500 
140908391087367 -62.137501 82.818756 -5.962500 
140908411087367 -61.781254 82.856255 -5.718750 
140908431087367 -61.443752 82.800003 -5.437500 
140908451087367 -61.181252 83.193756 -5.081250 
140908471087367 -61.125004 83.343750 -4.406250 
140908491087367 -61.125004 83.662506 -3.937500 
140908511087367 -61.200001 84.056252 -3.506250 
140908531087367 -61.443752 84.337502 -3.318750 
140908551087367 -61.612503 84.075005 -3.243750 
140908571087367 -61.743752 84.131256 -3.093750 
140908591087367 -62.100002 84.337502 -3.468750 
140908611087367 -62.475002 84.225006 -3.881250 
140908631087367 -62.831253 84.225006 -4.443750 
140908651087367 -63.375004 84.243752 -4.837500 
140908671087367 -63.881252 84.206253 -4.968750 
140908691087367 -64.181252 84.412506 -4.687500 
140908711087367 -64.968750 84.806252 -4.181250 
140908731087367 -65.643753 85.200005 -3.562500 
140908751087367 -65.831253 85.312500 -2.756250 
140908771087367 -66.037506 85.725006 -2.043750 
140908791087367 -66.018753 85.837502 -1.518750 
140908811087367 -65.662506 85.725006 -1.068750 
140908831087367 -65.231255 85.612503 -0.975000 
140908851087367 -65.193756 85.481255 -1.331250 
140908871087367 -65.287506 85.481255 -1.762500 
140908891087367 -65.325005 85.406250 -2.231250 
140908911087367 -65.756256 85.425003 -2.587500 
140908931087367 -66.000000 85.518753 -2.606250 
140908951087367 -66.281250 85.537506 -2.418750 
140908971087367 -66.637505 85.687500 -2.662500 
140908991087367 -66.881256 85.987503 -2.625000 
140909011087367 -66.712502 86.006256 -2.550000 
140909031087367 -66.131256 85.968750 -2.381250 
140909051087367 -65.625000 85.725006 -2.643750 
140909071087367 -64.818756 85.237503 -3.262500 
140909091087367 -64.293755 84.768753 -4.368750 
140909111087367 -64.143753 84.356255 -5.437500 
140909131087367 -64.050003 84.093750 -5.887500 
140909151087367 -64.050003 83.906250 -6.618750 
140909171087367 -64.087502 83.793755 -7.087500 
140909191087367 -64.068756 83.418755 -7.781250 
140909211087367 -63.843754 83.306252 -8.268750 
140909231087367 -63.918751 83.325005 -8.343750 
140909251087367 -63.712502 83.250000 -7.968750 
140909271087367 -62.868752 83.287506 -7.762500 
140909291087367 -61.893753 83.418755 -7.612500 
140909311087367 -61.143753 83.268753 -7.200000 
140909331087367 -60.412502 83.175003 -6.843750 
140909351087367 -59.737503 83.268753 -6.506250 
140909371087367 -59.100002 83.381256 -6.168750 
140909391087367 -58.406254 83.550003 -5.868750 
140909411087367 -57.693752 83.531250 -5.756250 
140909431087367 -57.581253 83.400002 -5.456250 
140909451087367 -57.506252 83.606255 -5.418750 
140909471087367 -57.187504 83.512505 -5.362500 
140909491087367 -56.962502 83.587502 -5.193750 
140909511087367 -56.737503 83.606255 -4.781250 
140909531087367 -56.962502 83.906250 -4.331250 
140909551087367 -57.168751 84.262505 -3.750000 
140909571087367 -57.337502 84.600006 -3.356250 
140909591087367 -57.525002 84.956253 -3.112500 
140909611087367 -57.506252 84.900002 -2.906250 
140909631087367 -57.900002 85.200005 -3.093750 
140909651087367 -58.087502 85.368752 -3.393750 
140909671087367 -58.387501 85.612503 -3.768750 
140909691087367 -58.406254 85.537506 -4.087500 
140909711087367 -58.687504 85.275002 -4.706250 
140909731087367 -59.193752 85.218750 -5.343750 
140909751087367 -59.906254 85.443756 -5.681250 
140909771087367 -61.031254 85.931252 -5.568750 
140909791087367 -61.950001 86.418755 -5.100000 
140909811087367 -62.981251 87.093750 -4.575000 
140909831087367 -63.975002 87.506256 -4.068750 
140909851087367 -64.743752 87.731255 -3.675000 
140909871087367 -65.156250 88.087502 -3.225000 
140909891087367 -65.606255 88.537506 -2.643750 
140909911087367 -65.418755 88.537506 -2.343750 
140909931087367 -65.212502 88.293755 -2.475000 
140909951087367 -65.081253 88.256256 -2.775000 
140909971087367 -65.062500 87.825005 -2.906250 
140909991087367 -65.250000 87.712502 -3.093750 
140910011087367 -65.868752 87.712502 -3.206250 
140910031087367 -66.562500 87.806252 -3.318750 
140910051087367 -67.162506 87.862503 -3.187500 
140910071087367 -67.668755 87.993752 -3.468750 
140910091087367 -67.837502 87.918755 -3.468750 
140910111087367 -67.687500 87.637505 -3.787500 
140910131087367 -67.331253 87.468750 -4.368750 
140910151087367 -66.993752 87.187500 -5.025000 
140910171087367 -66.543755 87.112503 -5.306250 
140910191087367 -65.925003 86.831253 -5.775000 
140910211087367 -65.681252 86.606255 -6.543750 
140910231087367 -65.737503 86.212502 -6.750000 
140910251087367 -66.187500 86.287506 -7.275000 
140910271087367 -66.731255 86.250000 -7.518750 
140910291087367 -67.200005 86.137505 -7.725000 
140910311087367 -67.500000 86.006256 -7.893750 
140910331087367 -67.575005 85.800003 -8.418751 
140910351087367 -67.650002 85.875000 -8.643750 
140910371087367 -67.143753 85.800003 -8.737500 
140910391087367 -66.318756 85.893753 -8.568750 
140910411087367 -65.437500 85.725006 -8.475000 
140910431087367 -64.631256 85.668755 -8.400001 
140910451087367 -64.181252 85.781250 -8.025001 
140910471087367 -63.618752 85.687500 -7.800000 
140910491087367 -63.018753 85.593750 -7.481250 
140910511087367 -62.587502 85.425003 -7.312500 
140910531087367 -62.325001 85.275002 -7.031250 
140910551087367 -62.400002 85.331253 -7.125000 
140910571087367 -62.362503 85.312500 -6.750000 
140910591087367 -62.287502 85.481255 -6.281250 
140910611087367 -62.006252 85.575005 -5.943750 
140910631087367 -61.875004 86.006256 -5.175000 
140910651087367 -62.231251 86.418755 -4.425000 
140910671087367 -62.568752 86.943756 -3.806250 
140910691087367 -62.906254 87.150002 -3.525000 
140910711087367 -63.243752 87.243752 -3.018750 
140910731087367 -63.731251 87.468750 -2.831250 
140910751087367 -64.406250 87.675003 -2.925000 
140910771087367 -64.931252 87.656250 -3.187500 
140910791087367 -65.550003 87.787506 -3.562500 
140910811087367 -65.906250 87.843750 -3.731250 
140910831087367 -66.562500 87.768753 -3.431250 
140910851087367 -67.293755 88.087502 -2.756250 
140910871087367 -67.950005 88.612503 -1.800000 
140910891087367 -68.493752 89.137505 -0.731250 
140910911087367 -68.700005 89.175003 0.337500 
140910931087367 -69.168755 89.381256 1.275000 
140910951087367 -69.431252 89.456253 1.856250 
140910971087367 -69.787506 89.550003 2.137500 
140910991087367 -70.200005 89.418755 1.987500 
140911011087367 -70.725006 89.456253 1.743750 
140911031087367 -71.137505 89.156250 1.162500 
140911051087367 -71.512505 89.118752 0.900000 
140911071087367 -72.112503 89.343750 0.881250 
140911091087367 -72.618752 89.437500 1.050000 
140911111087367 -73.050003 89.437500 1.218750 
140911131087367 -73.443756 89.437500 1.068750 
140911151087367 -73.556252 89.550003 1.050000 
140911171087367 -73.293755 89.081253 0.525000 
140911191087367 -72.862503 88.781250 -0.056250 
140911211087367 -72.375000 88.200005 -1.050000 
140911231087367 -71.981255 87.656250 -2.118750 
140911251087367 -72.037506 87.187500 -3.375000 
140911271087367 -72.112503 86.662506 -4.293750 
140911291087367 -71.981255 86.081253 -4.931250 
140911311087367 -71.831253 85.593750 -5.681250 
140911331087367 -71.981255 85.350006 -6.131250 
140911351087367 -71.981255 85.181252 -6.487500 
140911371087367 -72.168755 84.787506 -7.125000 
140911391087367 -72.037506 84.487503 -7.350000 
140911411087367 -71.193756 84.450005 -7.350000 
140911431087367 -70.331253 84.375000 -7.275000 
140911451087367 -69.412506 84.431252 -7.237500 
140911471087367 -68.287506 84.525002 -7.162500 
140911491087367 -67.275002 84.356255 -6.918750 
140911511087367 -66.787506 84.243752 -6.937500 
140911531087367 -65.943756 84.281250 -6.468750 
140911551087367 -65.437500 84.450005 -6.337500 
140911571087367 -64.987503 84.262505 -6.243750 
140911591087367 -64.687500 84.243752 -6.337500 
140911611087367 -64.462502 84.075005 -6.243750 
140911631087367 -64.425003 83.981255 -6.000000 
140911651087367 -64.218750 84.150002 -5.850000 
140911671087367 -63.787502 84.112503 -5.493750 
140911691087367 -63.900002 84.450005 -5.006250 
140911711087367 -63.900002 84.862503 -4.556250 
140911731087367 -64.068756 85.181252 -3.937500 
140911751087367 -64.200005 85.237503 -3.675000 
140911771087367 -64.593750 85.387505 -3.956250 
140911791087367 -65.062500 85.293755 -4.200000 
140911811087367 -65.662506 85.218750 -4.537500 
140911831087367 -66.712502 85.387505 -4.762500 
140911851087367 -67.331253 85.312500 -4.687500 
140911871087367 -68.137505 85.162506 -4.593750 
140911891087367 -68.868752 85.443756 -4.556250 
140911911087367 -69.562500 85.931252 -3.975000 
140911931087367 -70.125000 86.343750 -2.906250 
140911951087367 -70.387505 86.962502 -1.912500 
140911971087367 -70.818756 87.431252 -0.975000 
140911991087367 -70.481255 87.712502 -0.281250 
140912011087367 -70.481255 87.750000 -0.281250 
140912031087367 -70.462502 87.600006 -0.581250 
140912051087367 -70.800003 87.375000 -0.918750 
140912071087367 -71.306252 86.981255 -1.518750 
140912091087367 -71.812500 86.962502 -1.856250 
140912111087367 -72.356255 87.018753 -2.043750 
140912131087367 -72.468750 87.075005 -1.818750 
140912151087367 -72.956253 87.056252 -1.612500 
140912171087367 -73.218750 87.243752 -1.331250 
140912191087367 -73.125000 87.431252 -1.125000 
140912211087367 -72.431252 87.450005 -1.087500 
140912231087367 -71.568756 87.412506 -0.975000 
140912251087367 -70.837502 86.906250 -1.368750 
140912271087367 -70.350006 86.175003 -2.250000 
140912291087367 -69.993752 85.650002 -3.262500 
140912311087367 -69.543755 85.200005 -4.162500 
140912331087367 -69.318756 84.825005 -4.912500 
140912351087367 -68.793755 84.356255 -5.568750 
140912371087367 -68.643753 83.962502 -6.112500 
140912391087367 -68.381256 83.643753 -6.543750 
140912411087367 -67.781250 83.568756 -6.956250 
140912431087367 -67.331253 83.606255 -6.881250 
140912451087367 -66.712502 83.587502 -7.125000 
140912471087367 -66.243752 83.681252 -7.125000 
140912491087367 -65.343750 83.643753 -7.031250 
140912511087367 -64.800003 83.718750 -6.806250 
140912531087367 -64.106255 83.681252 -6.581250 
140912551087367 -63.506252 83.700005 -6.412500 
140912571087367 -63.037502 83.737503 -6.150000 
140912591087367 -62.362503 83.625000 -6.206250 
140912611087367 -62.043751 83.587502 -5.981250 
140912631087367 -61.593754 83.343750 -6.000000 
140912651087367 -61.406254 83.175003 -6.262500 
140912671087367 -61.387501 82.950005 -6.206250 
140912691087367 -61.593754 83.306252 -5.793750 
140912711087367 -61.856251 83.625000 -5.418750 
140912731087367 -62.175003 83.962502 -5.025000 
140912751087367 -62.756252 84.281250 -4.312500 
140912771087367 -63.056252 84.506256 -4.050000 
140912791087367 -63.281254 84.806252 -3.768750 
140912811087367 -63.712502 84.843750 -3.506250 
140912831087367 -64.162506 85.218750 -3.562500 
140912851087367 -64.537506 85.200005 -4.012500 
140912871087367 -64.950005 85.143753 -4.612500 
140912891087367 -65.700005 84.993752 -4.875000 
140912911087367 -66.187500 85.256256 -5.268750 
140912931087367 -66.956253 85.556252 -5.062500 
140912951087367 -67.818756 85.743752 -4.818750 
140912971087367 -68.587502 86.306252 -4.425000 
140912991087367 -69.037506 86.625000 -3.993750 
140913011087367 -69.637505 86.756256 -3.300000 
140913031087367 -70.181252 87.056252 -2.718750 
140913051087367 -70.218750 87.112503 -2.606250 
140913071087367 -70.443756 87.000000 -2.568750 
140913091087367 -70.781250 86.887505 -2.700000 
140913111087367 -71.193756 87.000000 -2.756250 
140913131087367 -71.587502 86.962502 -2.700000 
140913151087367 -71.906250 87.037506 -2.587500 
140913171087367 -72.187500 87.187500 -2.193750 
140913191087367 -72.131256 87.150002 -1.818750 
140913211087367 -72.206253 87.300003 -1.537500 
140913231087367 -71.887505 87.168755 -1.200000 
140913251087367 -71.437500 87.000000 -1.312500 
140913271087367 -70.668755 86.718750 -1.500000 
140913291087367 -69.675003 86.381256 -2.137500 
140913311087367 -69.018753 85.856255 -2.625000 
140913331087367 -68.212502 85.500000 -3.450000 
140913351087367 -67.743752 85.331253 -4.087500 
140913371087367 -67.293755 85.050003 -4.612500 
140913391087367 -66.993752 85.031250 -5.193750 
140913411087367 -66.431252 84.918755 -5.437500 
140913431087367 -66.056252 84.731255 -5.718750 
140913451087367 -65.662506 84.656250 -5.643750 
140913471087367 -65.043755 84.600006 -5.831250 
140913491087367 -64.162506 84.525002 -6.093750 
140913511087367 -63.337502 84.187500 -6.131250 
140913531087367 -62.418751 84.093750 -6.281250 
140913551087367 -61.425003 84.018753 -6.206250 
140913571087367 -60.543751 83.793755 -6.300000 
140913591087367 -59.831253 83.775002 -6.000000 
140913611087367 -59.268753 83.662506 -5.737500 
140913631087367 -58.706253 83.475006 -5.287500 
140913651087367 -58.425003 83.531250 -5.118750 
140913671087367 -58.012501 83.512505 -5.118750 
140913691087367 -57.787502 83.437500 -4.818750 
140913711087367 -57.506252 83.362503 -4.406250 
140913731087367 -57.468754 83.681252 -3.843750 
140913751087367 -57.243752 83.887505 -3.281250 
140913771087367 -56.906254 84.225006 -2.850000 
140913791087367 -57.000004 84.581253 -2.718750 
140913811087367 -56.775002 84.543755 -2.418750 
140913831087367 -56.775002 84.750000 -2.418750 
140913851087367 -56.906254 84.918755 -2.437500 
140913871087367 -57.131252 84.806252 -2.812500 
140913891087367 -57.393753 84.600006 -3.318750 
140913911087367 -57.881252 84.506256 -4.218750 
140913931087367 -58.706253 84.431252 -4.575000 
140913951087367 -59.306252 84.543755 -4.425000 
140913971087367 -60.018753 84.825005 -3.993750 
140913991087367 -60.543751 85.143753 -3.150000 
140914011087367 -60.637501 85.312500 -2.643750 
140914031087367 -60.618752 85.781250 -1.818750 
140914051087367 -60.487503 86.118752 -0.900000 
140914071087367 -60.356251 86.400002 -0.281250 
140914091087367 -60.131252 86.512505 -0.093750 
140914111087367 -60.018753 86.362503 -0.450000 
140914131087367 -60.168751 86.212502 -0.918750 
140914151087367 -60.693752 86.343750 -1.368750 
140914171087367 -61.368752 86.512505 -1.406250 
140914191087367 -62.062504 86.662506 -1.500000 
140914211087367 -62.793751 86.906250 -1.743750 
140914231087367 -63.412502 86.925003 -1.425000 
140914251087367 -63.693752 87.168755 -1.350000 
140914271087367 -63.768753 87.168755 -0.806250 
140914291087367 -63.600002 87.225006 -0.806250 
140914311087367 -63.093754 87.112503 -0.825000 
140914331087367 -62.512501 86.887505 -1.275000 
140914351087367 -62.156254 86.643753 -1.931250 
140914371087367 -62.043751 86.156250 -2.737500 
140914391087367 -62.043751 85.781250 -3.637500 
140914411087367 -62.212502 85.368752 -4.425000 
140914431087367 -62.550003 85.331253 -5.343750 
140914451087367 -62.681252 85.125000 -5.568750 
140914471087367 -62.831253 84.768753 -6.318750 
140914491087367 -62.962502 84.468750 -6.637500 
140914511087367 -62.868752 84.262505 -6.806250 
140914531087367 -62.343754 84.093750 -6.806250 
140914551087367 -61.518753 84.000000 -6.712500 
140914571087367 -60.525002 84.018753 -6.562500 
140914591087367 -59.456253 83.906250 -6.393750 
140914611087367 -58.875004 83.868752 -6.431250 
140914631087367 -58.162502 84.056252 -6.131250 
140914651087367 -57.675003 84.150002 -5.775000 
140914671087367 -57.225002 84.243752 -5.643750 
140914691087367 -56.887501 84.375000 -5.400000 
140914711087367 -56.812504 84.487503 -5.325000 
140914731087367 -56.868752 84.318756 -5.400000 
140914751087367 -56.943752 84.281250 -5.287500 
140914771087367 -56.756252 84.150002 -5.081250 
140914791087367 -56.850002 84.375000 -4.818750 
140914811087367 -56.906254 84.600006 -4.593750 
140914831087367 -57.056252 85.125000 -3.918750 
140914851087367 -57.337502 85.387505 -3.600000 
140914871087367 -57.712502 85.706253 -3.412500 
140914891087367 -58.218754 85.856255 -3.300000 
140914911087367 -58.500004 86.025002 -3.656250 
140914931087367 -59.118752 86.100006 -4.087500 
140914951087367 -59.587502 85.687500 -4.518750 
140914971087367 -60.318752 85.612503 -5.193750 
140914991087367 -61.443752 85.368752 -5.943750 
140915011087367 -62.343754 85.612503 -6.150000 
140915031087367 -63.131252 85.593750 -6.056250 
140915051087367 -63.750004 86.212502 -5.400000 
140915071087367 -64.481255 86.681252 -4.593750 
140915091087367 -64.875000 87.262505 -3.768750 
140915111087367 -65.362503 87.787506 -2.981250 
140915131087367 -65.437500 88.256256 -2.212500 
140915151087367 -65.362503 88.312500 -1.762500 
140915171087367 -65.418755 88.218750 -1.706250 
140915191087367 -65.531250 88.406250 -1.781250 
140915211087367 -65.943756 88.162506 -2.193750 
140915231087367 -66.375000 88.106255 -2.268750 
140915251087367 -67.068756 88.106255 -2.306250 
140915271087367 -67.612503 88.293755 -2.137500 
140915291087367 -68.418755 88.256256 -2.175000 
140915311087367 -68.737503 88.331253 -2.118750 
140915331087367 -68.643753 88.256256 -2.100000 
140915351087367 -68.362503 87.881256 -2.343750 
140915371087367 -67.725006 87.843750 -2.418750 
140915391087367 -66.675003 87.525002 -2.981250 
140915411087367 -65.700005 87.075005 -3.787500 
140915431087367 -64.818756 86.400002 -4.856250 
140915451087367 -64.087502 85.818756 -5.737500 
140915471087367 -63.712502 85.462502 -6.543750 
140915491087367 -63.731251 85.368752 -7.218750 
140915511087367 -63.975002 85.368752 -7.706250 
140915531087367 -64.350006 84.993752 -8.418751 
140915551087367 -65.175003 84.750000 -9.075001 
140915571087367 -65.343750 84.581253 -9.431251 
140915591087367 -65.193756 84.431252 -9.562500 
140915611087367 -64.837502 84.412506 -9.487500 
140915631087367 -64.068756 84.543755 -9.393750 
140915651087367 -63.243752 84.225006 -8.887501 
140915671087367 -62.175003 83.962502 -8.531250 
140915691087367 -61.162502 83.887505 -8.493751 
140915711087367 -60.018753 83.887505 -8.156250 
140915731087367 -59.418751 83.831253 -7.875000 
140915751087367 -59.006252 83.793755 -7.575000 
140915771087367 -58.668751 83.625000 -7.462500 
140915791087367 -58.312504 83.193756 -7.575000 
140915811087367 -58.106251 83.100006 -7.781250 
140915831087367 -58.012501 83.381256 -7.687500 
140915851087367 -57.787502 83.475006 -7.125000 
140915871087367 -57.806252 83.643753 -6.487500 
140915891087367 -57.768753 84.093750 -5.831250 
140915911087367 -57.975002 84.356255 -5.475000 
140915931087367 -58.143753 84.543755 -4.987500 
140915951087367 -58.800003 84.843750 -4.856250 
140915971087367 -59.006252 84.806252 -5.175000 
140915991087367 -59.268753 84.637505 -5.643750 
140916011087367 -59.737503 84.787506 -6.187500 
140916031087367 -60.468754 84.768753 -6.825000 
140916051087367 -61.275002 84.806252 -6.956250 
140916071087367 -61.518753 85.087502 -6.168750 
140916091087367 -61.687504 85.856255 -5.287500 
140916111087367 -61.406254 86.493752 -3.337500 
140916131087367 -61.462502 87.656250 -1.106250 
140916151087367 -61.275002 88.612503 1.218750 
140916171087367 -60.975002 89.268753 3.450000 
140916191087367 -60.581253 90.037506 5.362500 
140916211087367 -60.093754 90.393753 6.543750 
140916231087367 -60.393753 90.900002 7.312500 
140916251087367 -60.300003 90.937500 7.687500 
140916271087367 -60.750004 90.956253 7.350000 
140916291087367 -61.143753 90.675003 6.562500 
140916311087367 -61.781254 90.412506 5.850000 
140916331087367 -62.343754 90.300003 5.400000 
140916351087367 -62.756252 90.000000 5.081250 
140916371087367 -62.906254 89.812500 4.893750 
140916391087367 -62.531254 89.512505 4.312500 
140916411087367 -62.437504 89.306252 3.937500 
140916431087367 -62.137501 88.931252 3.806250 
140916451087367 -61.687504 88.743752 3.825000 
140916471087367 -61.293751 88.312500 3.412500 
140916491087367 -61.031254 87.900002 2.587500 
140916511087367 -60.768753 87.468750 1.368750 
140916531087367 -61.200001 86.925003 -0.131250 
140916551087367 -61.800003 86.156250 -1.781250 
140916571087367 -62.493752 85.331253 -3.431250 
140916591087367 -63.187504 84.806252 -5.043750 
140916611087367 -63.675003 84.262505 -6.543750 
140916631087367 -63.843754 83.831253 -7.612500 
140916651087367 -63.900002 83.325005 -8.212501 
140916671087367 -63.712502 82.875000 -8.437500 
140916691087367 -62.906254 82.687500 -8.250000 
140916711087367 -62.306252 82.856255 -7.818750 
140916731087367 -61.443752 82.987503 -7.368750 
140916751087367 -60.562504 82.818756 -7.106250 
140916771087367 -60.018753 82.668755 -6.375000 
140916791087367 -59.643753 82.668755 -6.168750 
140916811087367 -59.325001 82.650002 -5.962500 
140916831087367 -59.231251 82.687500 -5.681250 
140916851087367 -59.287502 82.762505 -5.437500 
140916871087367 -58.893753 82.537506 -5.025000 
140916891087367 -58.856251 82.481255 -4.406250 
140916911087367 -58.481251 82.893753 -3.825000 
140916931087367 -58.256252 83.193756 -3.806250 
140916951087367 -58.275002 83.268753 -3.131250 
140916971087367 -58.443752 83.418755 -2.718750 
140916991087367 -58.687504 83.606255 -2.700000 
140917011087367 -59.006252 83.437500 -2.868750 
140917031087367 -59.362503 83.437500 -3.487500 
140917051087367 -59.662502 83.362503 -4.181250 
140917071087367 -60.468754 83.025002 -4.668750 
140917091087367 -61.293751 82.706253 -4.931250 
140917111087367 -62.137501 82.650002 -5.437500 
140917131087367 -62.868752 82.725006 -5.512500 
140917151087367 -63.281254 82.968750 -5.118750 
140917171087367 -63.600002 83.418755 -4.481250 
140917191087367 -64.275002 84.037506 -3.375000 
140917211087367 -64.781250 84.637505 -2.268750 
140917231087367 -65.006256 85.237503 -1.200000 
140917251087367 -65.156250 85.968750 -0.243750 
140917271087367 -65.025002 86.343750 0.656250 
140917291087367 -65.006256 86.775002 1.087500 
140917311087367 -65.156250 86.812500 1.237500 
140917331087367 -65.418755 86.831253 1.387500 
140917351087367 -65.531250 86.531250 0.993750 
140917371087367 -66.243752 86.381256 0.468750 
140917391087367 -67.087502 86.287506 -0.018750 
140917411087367 -67.950005 86.212502 -0.187500 
140917431087367 -69.018753 86.306252 -0.506250 
140917451087367 -69.806252 86.137505 -0.600000 
140917471087367 -70.368752 86.193756 -0.900000 
140917491087367 -70.406250 86.100006 -1.481250 
140917511087367 -70.106255 85.856255 -1.743750 
140917531087367 -69.206253 85.668755 -2.118750 
140917551087367 -68.081253 85.237503 -2.850000 
140917571087367 -66.975006 84.712502 -3.693750 
140917591087367 -65.606255 84.075005 -4.556250 
140917611087367 -64.462502 83.606255 -5.212500 
140917631087367 -63.468754 83.193756 -5.793750 
140917651087367 -63.150002 82.837502 -6.093750 
140917671087367 -63.131252 82.593750 -6.637500 
140917691087367 -63.075001 82.312500 -6.825000 
140917711087367 -62.962502 82.331253 -6.506250 
140917731087367 -62.606251 82.275002 -6.075000 
140917751087367 -62.268753 82.237503 -5.812500 
140917771087367 -61.725002 82.368752 -5.868750 
140917791087367 -61.087502 82.181252 -5.700000 
140917811087367 -60.131252 82.162506 -5.662500 
140917831087367 -59.400002 82.331253 -5.306250 
140917851087367 -58.612503 82.387505 -5.287500 
140917871087367 -57.900002 82.106255 -5.381250 
140917891087367 -57.318752 81.937500 -5.643750 
140917911087367 -56.737503 81.937500 -5.381250 
140917931087367 -56.212502 81.581253 -5.287500 
140917951087367 -55.912502 81.525002 -5.043750 
140917971087367 -55.443752 81.431252 -4.837500 
140917991087367 -54.768753 81.206253 -4.725000 
140918011087367 -54.468754 81.393753 -4.181250 
140918031087367 -54.375004 81.675003 -3.731250 
140918051087367 -54.187504 81.881256 -3.375000 
140918071087367 -54.262501 81.806252 -3.618750 
140918091087367 -54.637501 81.750000 -3.881250 
140918111087367 -55.125004 81.712502 -4.275000 
140918131087367 -55.912502 81.675003 -4.575000 
140918151087367 -56.737503 81.675003 -5.137500 
140918171087367 -57.412502 81.075005 -6.206250 
140918191087367 -58.500004 80.925003 -7.256250 
140918211087367 -59.493752 80.793755 -8.025001 
140918231087367 -60.712502 81.187500 -8.156250 
140918251087367 -61.425003 81.956253 -7.518750 
140918271087367 -61.706253 82.500000 -6.825000 
140918291087367 -61.987503 83.268753 -5.850000 
140918311087367 -62.100002 84.150002 -4.743750 
140918331087367 -62.118752 85.143753 -3.225000 
140918351087367 -61.856251 85.912506 -1.593750 
140918371087367 -61.537502 86.437500 -0.150000 
140918391087367 -60.993752 86.906250 0.750000 
140918411087367 -60.787502 87.018753 0.881250 
140918431087367 -60.937504 87.225006 1.143750 
140918451087367 -61.143753 87.131256 0.918750 
140918471087367 -61.312504 86.925003 0.862500 
140918491087367 -61.856251 87.037506 0.618750 
140918511087367 -61.968754 87.018753 0.150000 
140918531087367 -62.081253 87.075005 -0.337500 
140918551087367 -61.893753 87.000000 -0.337500 
140918571087367 -61.443752 86.962502 0.168750 
140918591087367 -61.125004 87.112503 0.506250 
140918611087367 -60.525002 87.168755 0.956250 
140918631087367 -60.093754 87.056252 1.218750 
140918651087367 -59.662502 86.868752 1.293750 
140918671087367 -59.362503 86.512505 1.125000 
140918691087367 -59.287502 85.856255 0.168750 
140918711087367 -59.625004 85.031250 -1.331250 
140918731087367 -60.281254 84.150002 -3.356250 
140918751087367 -60.506252 83.118752 -5.231250 
140918771087367 -60.993752 82.368752 -6.693750 
140918791087367 -61.331253 81.956253 -8.400001 
140918811087367 -61.200001 81.168755 -9.693750 
140918831087367 -61.031254 80.756256 -10.612500 
140918851087367 -60.712502 80.681252 -10.612500 
140918871087367 -60.112503 80.700005 -10.462501 
140918891087367 -59.231251 80.887505 -9.600000 
140918911087367 -58.631252 81.018753 -9.075001 
140918931087367 -57.712502 81.093750 -8.925000 
140918951087367 -56.943752 81.000000 -8.568750 
140918971087367 -56.362503 80.981255 -7.893750 
140918991087367 -55.706253 81.243752 -7.462500 
140919011087367 -55.200001 81.225006 -7.125000 
140919031087367 -54.731251 81.393753 -6.712500 
140919051087367 -54.356251 81.506256 -6.525000 
140919071087367 -54.000004 81.750000 -6.056250 
140919091087367 -53.700001 81.993752 -5.531250 
140919111087367 -53.662502 82.425003 -4.743750 
140919131087367 -53.550003 82.931252 -4.462500 
140919151087367 -53.512501 83.043755 -3.993750 
140919171087367 -53.531254 83.531250 -3.318750 
140919191087367 -53.643753 83.887505 -2.325000 
140919211087367 -53.775002 84.131256 -1.987500 
140919231087367 -53.887501 84.168755 -1.762500 
140919251087367 -54.056252 84.000000 -1.500000 
140919271087367 -53.962502 83.718750 -1.593750 
140919291087367 -54.131252 83.662506 -1.818750 
140919311087367 -54.412502 83.587502 -1.893750 
140919331087367 -54.693752 83.700005 -2.381250 
140919351087367 -55.331253 83.812500 -2.887500 
140919371087367 -55.931252 84.150002 -2.475000 
140919391087367 -56.231251 84.525002 -2.043750 
140919411087367 -56.493752 85.031250 -1.500000 
140919431087367 -56.700001 85.462502 -0.318750 
140919451087367 -56.793751 85.818756 0.693750 
140919471087367 -56.775002 86.100006 1.481250 
140919491087367 -57.037502 86.325005 2.268750 
140919511087367 -56.906254 86.437500 2.662500 
140919531087367 -57.262501 86.400002 2.887500 
140919551087367 -58.087502 86.493752 3.037500 
140919571087367 -59.250004 86.718750 2.943750 
140919591087367 -60.318752 86.775002 2.681250 
140919611087367 -61.500004 87.000000 2.850000 
140919631087367 -62.812504 87.225006 3.075000 
140919651087367 -63.731251 87.093750 3.487500 
140919671087367 -64.406250 87.075005 3.750000 
140919691087367 -64.125000 86.868752 3.675000 
140919711087367 -63.281254 86.568756 3.750000 
140919731087367 -62.381252 86.043755 3.487500 
140919751087367 -61.893753 85.406250 2.793750 
140919771087367 -61.650002 84.750000 1.650000 
140919791087367 -61.518753 84.112503 0.506250 
140919811087367 -61.575001 83.700005 -0.506250 
140919831087367 -62.025002 83.175003 -1.237500 
140919851087367 -63.000004 82.931252 -2.006250 
140919871087367 -64.425003 82.725006 -3.187500 
140919891087367 -65.493752 82.518753 -3.862500 
140919911087367 -66.450005 82.575005 -4.218750 
140919931087367 -66.768753 82.462502 -4.143750 
140919951087367 -66.825005 82.256256 -4.200000 
140919971087367 -66.900002 82.181252 -4.556250 
140919991087367 -66.468750 82.143753 -4.518750 
140920011087367 -66.093750 81.918755 -4.575000 
140920031087367 -65.343750 81.787506 -4.350000 
140920051087367 -64.631256 81.787506 -3.993750 
140920071087367 -63.806252 81.768753 -4.012500 
140920091087367 -63.131252 81.543755 -4.050000 
140920111087367 -62.775002 81.525002 -3.956250 
140920131087367 -62.081253 81.243752 -3.562500 
140920151087367 -61.818752 81.150002 -3.506250 
140920171087367 -61.556252 81.543755 -3.206250 
140920191087367 -61.650002 81.806252 -2.737500 
140920211087367 -62.062504 81.881256 -2.475000 
140920231087367 -62.550003 82.050003 -2.062500 
140920251087367 -62.962502 82.237503 -2.043750 
140920271087367 -63.150002 82.181252 -2.250000 
140920291087367 -63.562504 82.162506 -2.587500 
140920311087367 -63.975002 82.293755 -2.831250 
140920331087367 -64.293755 82.050003 -3.300000 
140920351087367 -64.875000 81.937500 -3.525000 
140920371087367 -65.175003 82.068756 -3.412500 
140920391087367 -65.381256 82.218750 -3.281250 
140920411087367 -65.718750 83.025002 -2.550000 
140920431087367 -66.206253 83.887505 -1.500000 
140920451087367 -66.506256 84.525002 -0.581250 
140920471087367 -66.843750 84.975006 0.375000 
140920491087367 -67.143753 85.350006 1.143750 
140920511087367 -67.200005 85.837502 1.593750 
140920531087367 -67.556252 85.762505 1.462500 
140920551087367 -67.893753 85.800003 1.162500 
140920571087367 -68.587502 85.537506 0.356250 
140920591087367 -69.187500 85.293755 -0.206250 
140920611087367 -70.162506 85.462502 -0.525000 
140920631087367 -70.687500 85.631256 -0.862500 
140920651087367 -71.475006 85.856255 -0.637500 
140920671087367 -71.981255 86.062500 -0.543750 
140920691087367 -72.262505 86.400002 -0.525000 
140920711087367 -72.281250 86.512505 -0.750000 
140920731087367 -71.756256 86.418755 -0.487500 
140920751087367 -71.118752 86.343750 -0.675000 
140920771087367 -70.237503 85.987503 -1.162500 
140920791087367 -69.806252 85.668755 -1.725000 
140920811087367 -68.962502 85.256256 -2.493750 
140920831087367 -68.531250 84.862503 -3.131250 
140920851087367 -68.325005 84.712502 -3.487500 
140920871087367 -68.381256 84.712502 -3.487500 
140920891087367 -68.512505 84.693756 -3.693750 
140920911087367 -68.681252 84.637505 -3.918750 
140920931087367 -68.775002 84.731255 -4.087500 
140920951087367 -68.550003 84.675003 -4.293750 
140920971087367 -68.306252 84.768753 -4.387500 
140920991087367 -67.743752 84.750000 -4.181250 
140921011087367 -66.693756 84.806252 -4.031250 
140921031087367 -65.550003 84.618752 -3.862500 
140921051087367 -64.818756 84.675003 -3.562500 
140921071087367 -63.937504 84.600006 -3.300000 
140921091087367 -62.925003 84.543755 -2.962500 
140921111087367 -62.118752 84.581253 -2.568750 
140921131087367 -61.406254 84.450005 -2.306250 
140921151087367 -60.731251 84.468750 -2.456250 
140921171087367 -60.506252 84.281250 -2.456250 
140921191087367 -60.712502 84.487503 -2.287500 
140921211087367 -60.281254 84.431252 -2.100000 
140921231087367 -60.225002 84.675003 -1.837500 
140921251087367 -60.450001 84.806252 -1.706250 
140921271087367 -60.693752 84.843750 -1.481250 
140921291087367 -60.900002 85.087502 -1.481250 
140921311087367 -61.200001 85.106255 -1.387500 
140921331087367 -61.200001 85.256256 -1.350000 
140921351087367 -61.087502 85.256256 -1.612500 
140921371087367 -61.443752 85.481255 -1.893750 
140921391087367 -61.856251 85.668755 -2.043750 
140921411087367 -62.250004 85.593750 -1.875000 
140921431087367 -62.887501 85.725006 -1.987500 
140921451087367 -63.618752 85.950005 -1.762500 
140921471087367 -64.012505 86.212502 -1.462500 
140921491087367 -64.631256 86.625000 -1.031250 
140921511087367 -64.818756 86.906250 -0.375000 
140921531087367 -65.025002 86.962502 -0.056250 
140921551087367 -64.893753 86.793755 0.412500 
140921571087367 -64.931252 87.056252 0.525000 
140921591087367 -64.687500 87.300003 0.843750 
140921611087367 -64.593750 87.206253 0.750000 
140921631087367 -64.950005 87.300003 0.506250 
140921651087367 -65.456253 87.131256 0.506250 
140921671087367 -66.243752 87.187500 0.506250 
140921691087367 -66.843750 87.300003 1.012500 
140921711087367 -67.462502 87.656250 0.918750 
140921731087367 -67.818756 87.806252 1.106250 
140921751087367 -67.987503 87.693756 1.237500 
140921771087367 -67.875000 87.937500 1.218750 
140921791087367 -67.443756 87.918755 1.443750 
140921811087367 -66.675003 87.675003 1.068750 
140921831087367 -65.793755 87.225006 0.581250 
140921851087367 -65.081253 86.831253 -0.750000 
140921871087367 -64.725006 86.268753 -1.593750 
140921891087367 -64.425003 85.818756 -2.418750 
140921911087367 -64.518753 85.481255 -3.300000 
140921931087367 -64.781250 84.881256 -3.506250 
140921951087367 -65.193756 84.487503 -3.956250 
140921971087367 -65.531250 84.487503 -4.181250 
140921991087367 -65.906250 84.618752 -4.312500 
140922011087367 -65.906250 84.675003 -4.031250 
140922031087367 -65.643753 84.937500 -3.600000 
140922051087367 -65.231255 85.087502 -3.431250 
140922071087367 -64.537506 85.087502 -2.981250 
140922091087367 -63.843754 85.350006 -3.056250 
140922111087367 -63.093754 85.331253 -2.887500 
140922131087367 -62.568752 85.275002 -2.756250 
140922151087367 -61.875004 85.181252 -2.550000 
140922171087367 -61.387501 85.181252 -2.381250 
140922191087367 -60.825001 85.162506 -2.381250 
140922211087367 -60.618752 85.293755 -2.100000 
140922231087367 -60.375004 85.443756 -2.231250 
140922251087367 -60.206253 85.443756 -1.912500 
140922271087367 -60.131252 85.668755 -1.631250 
140922291087367 -60.037502 86.025002 -1.368750 
140922311087367 -60.206253 86.212502 -0.975000 
140922331087367 -60.487503 86.306252 -0.375000 
140922351087367 -60.862503 86.437500 0.075000 
140922371087367 -61.200001 86.437500 0.206250 
140922391087367 -61.556252 86.606255 0.562500 
140922411087367 -62.081253 86.868752 0.675000 
140922431087367 -62.550003 87.018753 0.675000 
140922451087367 -63.000004 87.112503 0.806250 
140922471087367 -63.487503 87.206253 0.543750 
140922491087367 -64.050003 87.450005 0.075000 
140922511087367 -64.443756 87.618752 -0.337500 
140922531087367 -64.762505 87.787506 -0.562500 
140922551087367 -65.250000 87.543755 -0.975000 
140922571087367 -65.606255 87.543755 -1.425000 
140922591087367 -66.093750 87.525002 -1.650000 
140922611087367 -66.543755 87.412506 -2.175000 
140922631087367 -66.825005 87.450005 -2.568750 
140922651087367 -66.825005 87.037506 -3.075000 
140922671087367 -66.862503 86.681252 -3.281250 
140922691087367 -66.862503 86.625000 -3.637500 
140922711087367 -66.993752 86.868752 -3.768750 
140922731087367 -67.031250 86.831253 -3.768750 
140922751087367 -67.031250 87.281250 -3.543750 
140922771087367 -67.031250 87.787506 -3.093750 
140922791087367 -67.237503 88.406250 -2.493750 
140922811087367 -67.687500 89.175003 -1.762500 
140922831087367 -67.931252 89.550003 -1.350000 
140922851087367 -68.062500 89.775002 -1.068750 
140922871087367 -68.062500 90.131256 -0.918750 
140922891087367 -67.893753 90.225006 -0.937500 
140922911087367 -67.762505 90.056252 -1.500000 
140922931087367 -67.518753 89.868752 -1.931250 
140922951087367 -67.237503 89.587502 -2.493750 
140922971087367 -66.618752 89.381256 -2.700000 
140922991087367 -66.018753 89.587502 -2.737500 
140923011087367 -65.475006 89.681252 -2.775000 
140923031087367 -64.668755 89.662506 -2.775000 
140923051087367 -64.068756 89.793755 -2.887500 
140923071087367 -63.375004 89.775002 -2.868750 
140923091087367 -62.850002 89.775002 -2.906250 
140923111087367 -62.081253 89.662506 -2.756250 
140923131087367 -61.387501 89.550003 -3.356250 
140923151087367 -60.768753 89.325005 -3.806250 
140923171087367 -60.506252 89.362503 -4.068750 
140923191087367 -60.243752 89.343750 -4.293750 
140923211087367 -60.131252 89.400002 -4.425000 
140923231087367 -59.981251 89.587502 -4.275000 
140923251087367 -59.887501 89.775002 -4.181250 
140923271087367 -59.925003 89.943756 -4.218750 
140923291087367 -60.112503 90.506256 -3.375000 
140923311087367 -60.487503 91.406250 -2.456250 
140923331087367 -60.468754 92.081253 -1.387500 
140923351087367 -60.600002 92.700005 -0.393750 
140923371087367 -60.356251 93.075005 0.600000 
140923391087367 -60.131252 93.431252 1.237500 
140923411087367 -60.018753 93.450005 1.612500 
140923431087367 -60.225002 93.806252 2.025000 
140923451087367 -60.431252 93.843750 2.025000 
140923471087367 -60.825001 93.506256 1.650000 
140923491087367 -61.256252 93.225006 1.256250 
140923511087367 -61.725002 93.018753 1.181250 
140923531087367 -62.418751 93.018753 1.368750 
140923551087367 -63.150002 93.037506 1.631250 
140923571087367 -63.993752 93.243752 2.193750 
140923591087367 -64.218750 93.300003 2.700000 
140923611087367 -64.481255 93.262505 3.075000 
140923631087367 -64.800003 93.075005 3.581250 
140923651087367 -65.287506 92.962502 3.693750 
140923671087367 -65.662506 92.962502 3.862500 
140923691087367 -65.906250 92.756256 3.862500 
140923711087367 -66.000000 92.456253 4.181250 
140923731087367 -65.906250 92.325005 4.275000 
140923751087367 -66.150002 92.118752 4.500000 
140923771087367 -65.868752 91.762505 4.912500 
140923791087367 -65.287506 91.575005 5.118750 
140923811087367 -64.575005 91.237503 5.681250 
140923831087367 -63.956253 90.693756 5.756250 
140923851087367 -63.693752 90.112503 5.175000 
140923871087367 -63.487503 89.493752 4.256250 
140923891087367 -63.412502 88.875000 3.506250 
140923911087367 -63.337502 88.218750 2.493750 
140923931087367 -63.600002 87.600006 1.425000 
140923951087367 -63.937504 86.925003 0.506250 
140923971087367 -64.293755 86.437500 -0.618750 
140923991087367 -64.312500 85.912506 -1.593750 
140924011087367 -64.068756 85.725006 -1.818750 
140924031087367 -63.543751 85.537506 -1.725000 
140924051087367 -62.887501 85.443756 -1.537500 
140924071087367 -62.156254 85.218750 -1.237500 
140924091087367 -61.462502 85.125000 -0.937500 
140924111087367 -60.825001 84.975006 -0.637500 
140924131087367 -60.225002 84.600006 -0.300000 
140924151087367 -60.093754 84.525002 -0.018750 
140924171087367 -59.868752 84.262505 0.243750 
140924191087367 -59.775002 84.168755 0.468750 
140924211087367 -59.606251 83.981255 0.562500 
140924231087367 -59.587502 83.812500 0.637500 
140924251087367 -59.325001 83.662506 0.956250 
140924271087367 -59.137501 83.643753 1.068750 
140924291087367 -59.137501 83.700005 1.312500 
140924311087367 -58.668751 83.606255 1.650000 
140924331087367 -58.556252 83.512505 1.931250 
140924351087367 -58.612503 83.268753 1.800000 
140924371087367 -58.687504 82.931252 1.406250 
140924391087367 -58.706253 82.856255 0.956250 
140924411087367 -58.968754 82.743752 0.318750 
140924431087367 -59.025002 82.443756 -0.375000 
140924451087367 -59.006252 82.312500 -1.125000 
140924471087367 -59.493752 82.293755 -1.818750 
140924491087367 -59.868752 82.462502 -2.175000 
140924511087367 -60.168751 82.968750 -2.212500 
140924531087367 -60.562504 83.437500 -1.931250 
140924551087367 -60.768753 83.681252 -1.406250 
140924571087367 -60.975002 84.187500 -1.031250 
140924591087367 -61.200001 84.768753 -0.356250 
140924611087367 -61.368752 85.106255 0.393750 
140924631087367 -61.350002 85.443756 0.900000 
140924651087367 -61.087502 85.781250 0.937500 
140924671087367 -61.218754 85.650002 0.900000 
140924691087367 -61.293751 85.575005 0.693750 
140924711087367 -61.462502 85.500000 0.450000 
140924731087367 -61.781254 85.518753 0.487500 
140924751087367 -62.062504 85.687500 0.412500 
140924771087367 -62.456253 85.893753 0.225000 
140924791087367 -62.437504 85.893753 0.037500 
140924811087367 -62.400002 85.556252 0.056250 
140924831087367 -61.931252 85.350006 -0.337500 
140924851087367 -61.537502 85.162506 -0.618750 
140924871087367 -61.275002 84.993752 -1.050000 
140924891087367 -60.881252 84.450005 -2.175000 
140924911087367 -60.731251 83.568756 -3.281250 
140924931087367 -60.525002 82.931252 -4.406250 
140924951087367 -61.012501 82.518753 -5.381250 
140924971087367 -61.687504 82.237503 -6.262500 
140924991087367 -62.456253 82.050003 -7.068750 
140925011087367 -62.981251 81.787506 -7.893750 
140925031087367 -63.318752 81.693756 -8.606251 
140925051087367 -63.412502 81.393753 -8.700001 
140925071087367 -63.412502 81.487503 -8.587501 
140925091087367 -63.037502 81.468750 -8.418751 
140925111087367 -62.081253 81.375000 -8.250000 
140925131087367 -61.293751 81.187500 -8.081250 
140925151087367 -60.375004 80.925003 -7.818750 
140925171087367 -59.681252 81.000000 -7.762500 
140925191087367 -59.081253 80.887505 -7.575000 
140925211087367 -58.781254 81.187500 -7.331250 
140925231087367 -58.087502 81.337502 -7.087500 
140925251087367 -58.050003 81.281250 -6.862500 
140925271087367 -58.087502 81.412506 -6.600000 
140925291087367 -58.181252 81.900002 -6.412500 
140925311087367 -58.537502 82.443756 -6.187500 
140925331087367 -58.781254 82.593750 -5.625000 
140925351087367 -58.856251 82.781250 -5.193750 
140925371087367 -58.931252 82.800003 -5.268750 
140925391087367 -59.231251 82.950005 -5.456250 
140925411087367 -59.025002 83.193756 -5.587500 
140925431087367 -58.837502 83.306252 -5.437500 
140925451087367 -58.406254 83.250000 -5.325000 
140925471087367 -58.087502 82.931252 -5.343750 
140925491087367 -57.993752 82.931252 -5.137500 
140925511087367 -58.293751 83.156250 -5.081250 
140925531087367 -58.687504 83.437500 -4.518750 
140925551087367 -59.156254 83.850006 -3.825000 
140925571087367 -59.625004 84.375000 -3.056250 
140925591087367 -60.412502 84.900002 -2.325000 
140925611087367 -61.181252 85.368752 -1.612500 
140925631087367 -61.631252 85.818756 -0.881250 
140925651087367 -62.006252 86.362503 -0.431250 
140925671087367 -62.268753 86.681252 -0.206250 
140925691087367 -62.437504 86.737503 -0.112500 
140925711087367 -62.718754 86.812500 -0.168750 
140925731087367 -63.318752 86.868752 -0.206250 
140925751087367 -63.862503 87.000000 -0.225000 
140925771087367 -64.237503 87.206253 -0.281250 
140925791087367 -64.500000 87.618752 -0.168750 
140925811087367 -64.593750 87.618752 -0.168750 
140925831087367 -64.331253 87.525002 -0.056250 
140925851087367 -63.862503 87.393753 -0.168750 
140925871087367 -63.300003 87.225006 -0.337500 
140925891087367 -62.625004 86.737503 -0.787500 
140925911087367 -62.081253 86.025002 -1.912500 
140925931087367 -61.800003 85.462502 -2.662500 
140925951087367 -62.343754 84.881256 -3.787500 
140925971087367 -62.568752 84.712502 -4.462500 
140925991087367 -63.375004 84.450005 -5.250000 
140926011087367 -64.106255 84.318756 -5.868750 
140926031087367 -64.725006 84.075005 -6.581250 
140926051087367 -65.268753 84.131256 -7.106250 
140926071087367 -65.325005 84.375000 -7.275000 
140926091087367 -64.968750 84.187500 -7.331250 
140926111087367 -64.012505 84.112503 -7.068750 
140926131087367 -63.225002 83.756256 -6.937500 
140926151087367 -62.268753 83.681252 -6.581250 
140926171087367 -61.106251 83.643753 -6.393750 
140926191087367 -60.281254 83.493752 -6.093750 
140926211087367 -59.493752 83.418755 -5.737500 
140926231087367 -58.987503 83.325005 -5.400000 
140926251087367 -58.725002 83.325005 -5.362500 
140926271087367 -58.762501 83.306252 -5.081250 
140926291087367 -58.593754 83.325005 -5.043750 
140926311087367 -58.443752 83.531250 -4.950000 
140926331087367 -58.725002 83.718750 -4.387500 
140926351087367 -58.818752 83.831253 -3.843750 
140926371087367 -59.343754 84.000000 -3.450000 
140926391087367 -59.568752 84.056252 -2.981250 
140926411087367 -59.906254 84.225006 -2.868750 
140926431087367 -59.962502 84.243752 -3.225000 
140926451087367 -60.412502 84.450005 -3.525000 
140926471087367 -60.956253 84.506256 -3.787500 
140926491087367 -61.706253 84.581253 -4.406250 
140926511087367 -62.681252 85.106255 -4.725000 
140926531087367 -63.318752 85.575005 -4.762500 
140926551087367 -64.387505 86.156250 -4.631250 
140926571087367 -65.400002 86.587502 -4.143750 
140926591087367 -66.262505 87.281250 -3.206250 
140926611087367 -67.143753 87.656250 -2.175000 
140926631087367 -67.612503 87.937500 -1.312500 
140926651087367 -68.043755 88.518753 -0.506250 
140926671087367 -68.212502 88.387505 -0.075000 
140926691087367 -68.156250 88.068756 -0.000000 
140926711087367 -68.343750 87.750000 -0.225000 
140926731087367 -68.793755 87.712502 -0.262500 
140926751087367 -69.356255 87.562500 -0.525000 
140926771087367 -69.862503 87.543755 -0.806250 
140926791087367 -70.481255 87.543755 -0.843750 
140926811087367 -70.912506 87.506256 -0.712500 
140926831087367 -71.156250 87.900002 -0.487500 
140926851087367 -71.381256 88.106255 -0.375000 
140926871087367 -71.325005 88.181252 -0.562500 
140926891087367 -70.837502 88.087502 -0.881250 
140926911087367 -70.162506 87.731255 -1.350000 
140926931087367 -69.543755 87.243752 -2.062500 
140926951087367 -69.000000 86.756256 -3.225000 
140926971087367 -68.493752 85.912506 -4.500000 
140926991087367 -68.606255 85.200005 -5.625000 
140927011087367 -68.831253 84.712502 -6.600000 
140927031087367 -69.056252 84.468750 -7.218750 
140927051087367 -69.487503 84.056252 -7.987500 
140927071087367 -70.031250 83.812500 -8.643750 
140927091087367 -70.275002 83.681252 -9.318750 
140927111087367 -70.331253 83.381256 -9.581250 
140927131087367 -70.012505 83.550003 -9.450001 
140927151087367 -69.037506 83.493752 -9.637501 
140927171087367 -68.025002 83.531250 -9.318750 
140927191087367 -66.768753 83.156250 -9.056251 
140927211087367 -65.718750 83.343750 -8.850000 
140927231087367 -64.687500 83.231255 -8.550000 
140927251087367 -64.125000 83.175003 -8.118751 
140927271087367 -63.525002 83.268753 -7.875000 
140927291087367 -63.281254 83.156250 -7.650000 
140927311087367 -63.093754 83.175003 -7.518750 
140927331087367 -63.093754 83.081253 -7.687500 
140927351087367 -63.018753 83.343750 -7.593750 
140927371087367 -62.793751 83.493752 -7.143750 
140927391087367 -62.718754 84.000000 -6.787500 
140927411087367 -62.681252 84.506256 -5.981250 
140927431087367 -63.075001 85.162506 -5.231250 
140927451087367 -63.150002 85.593750 -4.781250 
140927471087367 -63.243752 85.743752 -4.350000 
140927491087367 -63.393753 85.931252 -4.087500 
140927511087367 -63.862503 86.006256 -3.937500 
140927531087367 -64.181252 85.987503 -4.106250 
140927551087367 -64.593750 85.875000 -4.200000 
140927571087367 -65.250000 85.837502 -4.387500 
140927591087367 -65.831253 85.631256 -4.406250 
140927611087367 -66.637505 85.912506 -4.237500 
140927631087367 -67.800003 86.250000 -3.693750 
140927651087367 -68.756256 86.737503 -2.887500 
140927671087367 -69.506256 87.318756 -1.706250 
140927691087367 -70.200005 87.881256 -0.825000 
140927711087367 -70.706253 88.293755 0.262500 
140927731087367 -70.781250 88.443756 0.750000 
140927751087367 -70.518753 88.668755 0.862500 
140927771087367 -70.593750 88.687500 0.937500 
140927791087367 -70.687500 88.650002 0.843750 
140927811087367 -70.668755 88.631256 0.768750 
140927831087367 -70.725006 88.500000 0.431250 
140927851087367 -70.950005 88.406250 0.525000 
140927871087367 -71.268753 88.518753 0.356250 
140927891087367 -71.606255 88.593750 0.431250 
140927911087367 -71.943756 88.631256 0.637500 
140927931087367 -71.925003 88.350006 0.393750 
140927951087367 -71.493752 88.162506 0.075000 
140927971087367 -71.306252 87.768753 -0.618750 
140927991087367 -71.175003 87.393753 -1.406250 
140928011087367 -70.912506 86.793755 -2.456250 
140928031087367 -70.781250 86.025002 -3.562500 
140928051087367 -70.500000 85.518753 -4.631250 
140928071087367 -70.425003 85.068756 -5.643750 
140928091087367 -70.218750 84.843750 -6.262500 
140928111087367 -70.125000 84.431252 -6.843750 
140928131087367 -70.143753 84.131256 -7.350000 
140928151087367 -69.806252 83.718750 -7.668750 
140928171087367 -69.450005 83.568756 -8.006250 
140928191087367 -68.925003 83.550003 -8.193750 
140928211087367 -68.212502 83.550003 -8.175000 
140928231087367 -67.481255 83.512505 -8.156250 
140928251087367 -66.918755 83.212502 -8.062500 
140928271087367 -66.393753 83.418755 -8.006250 
140928291087367 -65.643753 83.643753 -7.800000 
140928311087367 -65.362503 83.887505 -7.800000 
140928331087367 -65.043755 83.981255 -7.500000 
140928351087367 -64.537506 84.056252 -7.275000 
140928371087367 -64.518753 83.962502 -7.237500 
140928391087367 -64.293755 84.037506 -6.993750 
140928411087367 -64.237503 84.450005 -6.768750 
140928431087367 -64.237503 84.618752 -6.243750 
140928451087367 -64.293755 84.712502 -5.718750 
140928471087367 -64.500000 85.050003 -5.231250 
140928491087367 -64.631256 85.162506 -4.893750 
140928511087367 -64.837502 85.293755 -4.743750 
140928531087367 -64.931252 85.387505 -4.631250 
140928551087367 -65.418755 85.312500 -4.743750 
140928571087367 -65.681252 85.200005 -4.706250 
140928591087367 -65.812500 85.162506 -5.137500 
140928611087367 -66.243752 85.106255 -5.587500 
140928631087367 -66.843750 85.012505 -5.587500 
140928651087367 -67.818756 85.106255 -5.343750 
140928671087367 -68.868752 85.537506 -4.650000 
140928691087367 -69.918755 85.931252 -3.768750 
140928711087367 -70.875000 86.475006 -2.681250 
140928731087367 -71.868752 87.000000 -1.931250 
140928751087367 -72.656250 87.412506 -1.050000 
140928771087367 -73.443756 87.693756 -0.300000 
140928791087367 -73.800003 87.675003 -0.075000 
140928811087367 -74.212502 87.693756 -0.281250 
140928831087367 -74.625000 87.581253 -0.450000 
140928851087367 -74.943756 87.600006 -0.600000 
140928871087367 -75.150002 87.450005 -0.918750 
140928891087367 -75.393753 87.431252 -0.900000 
140928911087367 -76.162506 87.487503 -0.468750 
140928931087367 -76.237503 87.656250 -0.337500 
140928951087367 -76.200005 87.675003 -0.262500 
140928971087367 -76.068756 87.862503 -0.262500 
140928991087367 -75.731255 87.656250 -0.562500 
140929011087367 -75.281250 87.375000 -1.575000 
140929031087367 -74.925003 86.906250 -2.193750 
140929051087367 -74.325005 86.700005 -3.112500 
140929071087367 -73.631256 86.287506 -4.143750 
140929091087367 -73.237503 85.818756 -4.743750 
140929111087367 -73.087502 85.781250 -5.475000 
140929131087367 -72.600006 85.481255 -5.775000 
140929151087367 -72.375000 85.125000 -6.356250 
140929171087367 -72.093750 85.012505 -6.431250 
140929191087367 -71.512505 85.068756 -6.806250 
140929211087367 -70.762505 84.731255 -6.900000 
140929231087367 -70.012505 84.468750 -7.012500 
140929251087367 -69.206253 84.468750 -7.087500 
140929271087367 -68.343750 84.187500 -7.200000 
140929291087367 -67.612503 84.075005 -7.556250 
140929311087367 -66.806252 84.131256 -7.462500 
140929331087367 -66.243752 84.150002 -7.387500 
140929351087367 -66.150002 84.187500 -7.481250 
140929371087367 -65.943756 84.187500 -7.518750 
140929391087367 -65.775002 84.150002 -7.725000 
140929411087367 -65.681252 84.131256 -8.006250 
140929431087367 -65.700005 84.281250 -8.006250 
140929451087367 -65.662506 84.375000 -7.462500 
140929471087367 -65.962502 84.506256 -6.975000 
140929491087367 -65.850006 84.843750 -6.375000 
140929511087367 -65.812500 84.900002 -5.493750 
140929531087367 -66.075005 85.050003 -4.912500 
140929551087367 -66.375000 85.331253 -4.725000 
140929571087367 -66.600006 85.387505 -4.331250 
140929591087367 -66.712502 85.518753 -3.956250 
140929611087367 -67.087502 85.462502 -4.031250 
140929631087367 -67.143753 85.650002 -4.012500 
140929651087367 -68.043755 85.706253 -4.087500 
140929671087367 -68.868752 85.837502 -3.975000 
140929691087367 -69.806252 86.193756 -3.600000 
140929711087367 -70.687500 86.568756 -2.643750 
140929731087367 -71.681252 87.187500 -1.668750 
140929751087367 -72.506256 87.487503 -0.768750 
140929771087367 -72.956253 88.125000 0.281250 
140929791087367 -73.350006 88.443756 0.900000 
140929811087367 -73.612503 88.593750 1.443750 
140929831087367 -73.706253 88.781250 1.500000 
140929851087367 -74.118752 88.650002 1.368750 
140929871087367 -74.550003 88.537506 1.218750 
140929891087367 -74.850006 88.331253 1.012500 
140929911087367 -75.206253 88.443756 1.106250 
140929931087367 -75.768753 88.425003 1.106250 
140929951087367 -76.218750 88.312500 1.162500 
140929971087367 -75.787506 88.200005 0.712500 
140929991087367 -75.450005 88.162506 0.618750 
140930011087367 -74.587502 88.031250 0.262500 
140930031087367 -73.837502 87.731255 -0.375000 
140930051087367 -72.937500 87.318756 -1.350000 
140930071087367 -72.750000 87.018753 -2.343750 
140930091087367 -72.393753 86.587502 -3.431250 
140930111087367 -72.262505 86.287506 -4.350000 
140930131087367 -72.675003 86.043755 -4.631250 
140930151087367 -72.937500 85.837502 -5.137500 
140930171087367 -73.162506 85.500000 -5.662500 
140930191087367 -73.143753 85.275002 -6.037500 
140930211087367 -72.825005 85.068756 -6.131250 
140930231087367 -71.943756 84.712502 -6.300000 
140930251087367 -71.025002 84.656250 -6.393750 
140930271087367 -69.787506 84.656250 -6.150000 
140930291087367 -68.662506 84.675003 -6.150000 
140930311087367 -67.650002 84.450005 -6.075000 
140930331087367 -67.068756 84.506256 -5.962500 
140930351087367 -66.450005 84.487503 -5.981250 
140930371087367 -66.225006 84.656250 -6.150000 
140930391087367 -66.000000 84.806252 -6.206250 
140930411087367 -65.906250 84.618752 -6.075000 
140930431087367 -66.093750 84.412506 -6.300000 
140930451087367 -66.093750 84.206253 -6.393750 
140930471087367 -66.075005 84.356255 -6.412500 
140930491087367 -65.943756 84.600006 -5.906250 
140930511087367 -65.962502 84.937500 -5.362500 
140930531087367 -66.112503 85.162506 -4.650000 
140930551087367 -66.356255 85.256256 -4.087500 
140930571087367 -66.918755 85.350006 -4.143750 
140930591087367 -67.181252 85.500000 -4.050000 
140930611087367 -67.687500 85.687500 -4.050000 
140930631087367 -68.006256 85.575005 -4.181250 
140930651087367 -68.325005 85.575005 -4.500000 
140930671087367 -69.056252 85.481255 -4.762500 
140930691087367 -70.031250 85.612503 -4.912500 
140930711087367 -71.025002 86.062500 -4.762500 
140930731087367 -71.606255 86.381256 -3.806250 
140930751087367 -72.412506 86.831253 -2.793750 
140930771087367 -73.050003 87.393753 -1.593750 
140930791087367 -73.725006 88.050003 -0.356250 
140930811087367 -74.437500 88.537506 0.731250 
140930831087367 -74.756256 88.837502 1.462500 
140930851087367 -74.925003 88.893753 1.856250 
140930871087367 -75.093750 88.743752 2.025000 
140930891087367 -75.393753 88.931252 1.856250 
140930911087367 -75.918755 88.837502 1.837500 
140930931087367 -76.406250 88.668755 1.856250 
140930951087367 -76.856255 88.706253 2.025000 
140930971087367 -77.268753 88.668755 2.193750 
140930991087367 -77.625000 88.837502 2.400000 
140931011087367 -77.643753 88.668755 2.568750 
140931031087367 -77.400002 88.650002 2.475000 
140931051087367 -77.025002 88.612503 2.193750 
140931071087367 -76.312500 88.368752 1.350000 
140931091087367 -75.806252 87.806252 0.318750 
140931111087367 -75.412506 87.075005 -1.275000 
140931131087367 -75.093750 86.512505 -2.643750 
140931151087367 -74.681252 85.706253 -3.825000 
140931171087367 -74.587502 85.387505 -4.856250 
140931191087367 -74.531250 84.787506 -5.568750 
140931211087367 -74.456253 84.375000 -6.262500 
140931231087367 -74.325005 84.075005 -6.637500 
140931251087367 -74.006256 83.962502 -7.237500 
140931271087367 -73.462502 84.018753 -7.218750 
140931291087367 -72.637505 83.831253 -7.350000 
140931311087367 -71.868752 84.093750 -7.537500 
140931331087367 -71.137505 84.037506 -7.481250 
140931351087367 -70.425003 84.018753 -7.612500 
140931371087367 -69.768753 83.568756 -7.500000 
140931391087367 -69.281250 83.475006 -7.518750 
140931411087367 -68.906250 83.643753 -7.387500 
140931431087367 -68.625000 83.306252 -7.256250 
140931451087367 -68.512505 83.268753 -7.275000 
140931471087367 -68.343750 83.043755 -7.106250 
140931491087367 -67.987503 83.006256 -7.162500 
140931511087367 -67.706253 82.968750 -6.993750 
140931531087367 -67.612503 83.250000 -7.087500 
140931551087367 -67.668755 83.418755 -6.618750 
140931571087367 -67.781250 83.456253 -6.206250 
140931591087367 -67.912506 84.037506 -5.550000 
140931611087367 -68.362503 84.150002 -5.212500 
140931631087367 -68.775002 84.262505 -5.043750 
140931651087367 -69.056252 84.300003 -4.725000 
140931671087367 -69.618752 84.506256 -4.425000 
140931691087367 -70.106255 84.468750 -4.050000 
140931711087367 -70.837502 84.600006 -4.031250 
140931731087367 -71.718750 84.825005 -3.618750 
140931751087367 -72.750000 84.956253 -3.356250 
140931771087367 -73.612503 85.350006 -2.493750 
140931791087367 -74.606255 85.818756 -1.481250 
140931811087367 -75.806252 86.381256 -0.468750 
140931831087367 -76.762505 86.850006 0.300000 
140931851087367 -77.568756 87.375000 1.106250 
140931871087367 -77.962502 87.506256 1.856250 
140931891087367 -78.037506 87.750000 2.137500 
140931911087367 -78.281250 87.562500 1.987500 
140931931087367 -78.562500 87.618752 1.912500 
140931951087367 -78.825005 87.618752 2.118750 
140931971087367 -78.975006 87.581253 2.362500 
140931991087367 -79.350006 87.600006 3.000000 
140932011087367 -79.518753 87.750000 3.450000 
140932031087367 -79.650002 87.937500 3.600000 
140932051087367 -79.668755 87.768753 3.487500 
140932071087367 -79.256256 87.693756 3.543750 
140932091087367 -78.712502 87.412506 3.168750 
140932111087367 -78.112503 86.868752 2.250000 
140932131087367 -77.512505 86.400002 0.937500 
140932151087367 -76.875000 85.706253 -0.543750 
140932171087367 -76.537506 84.956253 -2.137500 
140932191087367 -76.350006 84.375000 -3.131250 
140932211087367 -76.312500 83.756256 -3.768750 
140932231087367 -76.575005 83.681252 -4.406250 
140932251087367 -76.575005 83.400002 -4.968750 
140932271087367 -76.443756 83.231255 -5.381250 
140932291087367 -76.162506 83.100006 -5.662500 
140932311087367 -75.731255 83.062500 -5.962500 
140932331087367 -75.225006 83.043755 -6.056250 
140932351087367 -74.681252 82.931252 -6.468750 
140932371087367 -73.818756 83.006256 -6.675000 
140932391087367 -72.656250 82.706253 -6.825000 
140932411087367 -71.943756 82.612503 -6.956250 
140932431087367 -71.250000 82.725006 -7.143750 
140932451087367 -70.818756 82.593750 -7.162500 
140932471087367 -70.612503 82.500000 -7.293750 
140932491087367 -70.200005 82.237503 -7.425000 
140932511087367 -69.600006 82.106255 -7.331250 
140932531087367 -69.318756 82.087502 -7.368750 
140932551087367 -69.487503 82.031250 -7.106250 
140932571087367 -69.318756 82.200005 -6.843750 
140932591087367 -69.656250 82.237503 -6.168750 
140932611087367 -70.031250 82.443756 -5.718750 
140932631087367 -70.125000 82.706253 -5.362500 
140932651087367 -70.481255 82.725006 -4.818750 
140932671087367 -71.006256 82.931252 -4.800000 
140932691087367 -71.550003 82.893753 -4.518750 
140932711087367 -71.962502 82.893753 -4.706250 
140932731087367 -72.637505 82.706253 -4.837500 
140932751087367 -73.181252 82.800003 -4.856250 
140932771087367 -73.893753 82.668755 -4.668750 
140932791087367 -74.718750 82.818756 -4.425000 
140932811087367 -75.637505 83.343750 -3.843750 
140932831087367 -76.725006 83.587502 -2.850000 
140932851087367 -77.700005 84.131256 -1.950000 
140932871087367 -78.506256 84.750000 -0.675000 
140932891087367 -78.937500 85.218750 0.543750 
140932911087367 -79.331253 85.500000 1.293750 
140932931087367 -79.518753 85.725006 1.800000 
140932951087367 -79.781250 85.743752 2.287500 
140932971087367 -80.100006 85.650002 2.418750 
140932991087367 -80.250000 85.706253 2.587500 
140933011087367 -80.325005 85.856255 2.850000 
140933031087367 -80.793755 85.781250 3.037500 
140933051087367 -81.093750 85.931252 3.262500 
140933071087367 -81.506256 85.856255 3.487500 
140933091087367 -81.412506 86.062500 3.450000 
140933111087367 -81.187500 85.893753 3.131250 
140933131087367 -80.418755 85.856255 2.681250 
140933151087367 -79.725006 85.406250 1.912500 
140933171087367 -79.068756 84.750000 0.656250 
140933191087367 -78.281250 84.112503 -1.012500 
140933211087367 -78.000000 83.456253 -2.381250 
140933231087367 -77.550003 82.931252 -3.581250 
140933251087367 -77.625000 82.368752 -4.556250 
140933271087367 -77.662506 82.162506 -5.118750 
140933291087367 -78.000000 81.862503 -5.850000 
140933311087367 -78.300003 81.618752 -6.225000 
140933331087367 -78.506256 81.375000 -6.525000 
140933351087367 -78.000000 81.225006 -6.637500 
140933371087367 -77.362503 81.093750 -6.825000 
140933391087367 -76.368752 80.887505 -7.350000 
140933411087367 -75.337502 80.606255 -7.556250 
140933431087367 -74.343750 80.493752 -7.893750 
140933451087367 -73.218750 80.212502 -8.006250 
140933471087367 -72.056252 80.156250 -8.400001 
140933491087367 -71.193756 80.081253 -8.325001 
140933511087367 -70.968750 79.987503 -8.231251 
140933531087367 -70.462502 79.856255 -8.343750 
140933551087367 -70.275002 79.818756 -8.250000 
140933571087367 -70.050003 79.875000 -8.437500 
140933591087367 -69.975006 79.800003 -8.062500 
140933611087367 -69.843750 79.968750 -7.743750 
140933631087367 -70.143753 80.343750 -7.237500 
140933651087367 -70.481255 80.587502 -6.937500 
140933671087367 -70.668755 80.793755 -6.637500 
140933691087367 -71.081253 80.850006 -6.600000 
140933711087367 -71.531250 80.962502 -6.525000 
140933731087367 -71.831253 81.150002 -6.093750 
140933751087367 -72.262505 81.168755 -6.206250 
140933771087367 -73.012505 81.281250 -6.431250 
140933791087367 -73.575005 81.375000 -6.487500 
140933811087367 -74.418755 81.468750 -6.206250 
140933831087367 -75.543755 81.750000 -6.037500 
140933851087367 -76.387505 82.218750 -5.043750 
140933871087367 -77.362503 82.706253 -3.937500 
140933891087367 -78.468750 83.306252 -3.056250 
140933911087367 -79.031250 84.018753 -1.856250 
140933931087367 -79.612503 84.581253 -0.787500 
140933951087367 -80.062500 84.937500 0.093750 
140933971087367 -80.193756 85.068756 0.525000 
140933991087367 -80.081253 85.331253 0.806250 
140934011087367 -80.156250 85.406250 0.881250 
140934031087367 -80.381256 85.537506 0.900000 
140934051087367 -80.493752 85.350006 1.012500 
140934071087367 -80.925003 85.256256 1.050000 
140934091087367 -81.206253 85.312500 1.387500 
140934111087367 -81.187500 85.181252 1.500000 
140934131087367 -80.925003 85.331253 1.312500 
140934151087367 -80.700005 84.975006 1.106250 
140934171087367 -80.418755 84.900002 0.656250 
140934191087367 -79.500000 84.487503 -0.018750 
140934211087367 -78.637505 84.112503 -1.031250 
140934231087367 -78.150002 83.512505 -2.418750 
140934251087367 -77.756256 82.931252 -3.675000 
140934271087367 -77.568756 82.312500 -4.650000 
140934291087367 -77.587502 81.637505 -5.400000 
140934311087367 -77.550003 81.431252 -5.962500 
140934331087367 -77.550003 80.981255 -6.731250 
140934351087367 -77.887505 80.606255 -7.162500 
140934371087367 -77.925003 80.325005 -7.462500 
140934391087367 -77.475006 80.268753 -7.575000 
140934411087367 -76.725006 80.081253 -7.762500 
140934431087367 -75.581253 80.156250 -8.043751 
140934451087367 -74.512505 80.175003 -8.268750 
140934471087367 -73.181252 79.987503 -8.475000 
140934491087367 -72.056252 80.156250 -8.212501 
140934511087367 -70.706253 80.193756 -8.175000 
140934531087367 -69.825005 80.193756 -7.950000 
140934551087367 -69.018753 80.381256 -7.931250 
140934571087367 -68.531250 80.268753 -7.968750 
140934591087367 -68.493752 80.118752 -7.931250 
140934611087367 -68.325005 80.043755 -7.856250 
140934631087367 -68.362503 80.231255 -7.668750 
140934651087367 -68.250000 80.268753 -7.443750 
140934671087367 -68.362503 80.700005 -7.050000 
140934691087367 -68.718750 81.168755 -6.675000 
140934711087367 -68.943756 81.281250 -6.037500 
140934731087367 -69.075005 81.656250 -5.850000 
140934751087367 -69.093750 81.825005 -5.662500 
140934771087367 -69.450005 82.293755 -5.493750 
140934791087367 -69.637505 82.312500 -5.212500 
140934811087367 -69.937500 82.350006 -5.437500 
140934831087367 -70.312500 82.087502 -5.700000 
140934851087367 -70.631256 81.993752 -5.718750 
140934871087367 -71.287506 82.106255 -5.625000 
140934891087367 -72.243752 82.462502 -4.950000 
140934911087367 -73.256256 82.950005 -4.125000 
140934931087367 -73.968750 83.400002 -3.187500 
140934951087367 -74.643753 83.925003 -2.306250 
140934971087367 -75.412506 84.300003 -1.181250 
140934991087367 -76.125000 84.768753 -0.131250 
140935011087367 -76.631256 85.031250 0.262500 
140935031087367 -76.856255 85.237503 0.412500 
140935051087367 -76.781250 85.106255 0.543750 
140935071087367 -77.212502 85.012505 0.468750 
140935091087367 -77.475006 84.900002 0.600000 
140935111087367 -77.850006 85.068756 0.806250 
140935131087367 -78.168755 85.143753 0.843750 
140935151087367 -78.337502 85.237503 0.787500 
140935171087367 -78.112503 85.087502 0.750000 
140935191087367 -77.981255 84.918755 0.487500 
140935211087367 -77.681252 84.468750 0.056250 
140935231087367 -76.612503 84.018753 -0.487500 
140935251087367 -75.806252 83.587502 -1.443750 
140935271087367 -75.150002 82.875000 -2.325000 
140935291087367 -74.550003 82.575005 -3.056250 
140935311087367 -74.118752 82.125000 -3.956250 
140935331087367 -73.743752 82.031250 -4.462500 
140935351087367 -73.537506 81.637505 -4.650000 
140935371087367 -73.350006 81.375000 -5.118750 
140935391087367 -73.050003 81.506256 -5.325000 
140935411087367 -72.787506 81.375000 -5.700000 
140935431087367 -72.393753 81.375000 -6.037500 
140935451087367 -71.662506 81.000000 -6.300000 
140935471087367 -70.725006 80.868752 -6.525000 
140935491087367 -69.993752 80.418755 -6.562500 
140935511087367 -69.131256 80.175003 -6.731250 
140935531087367 -68.493752 80.325005 -6.581250 
140935551087367 -68.043755 80.118752 -6.393750 
140935571087367 -67.556252 80.062500 -6.056250 
140935591087367 -66.993752 79.762505 -6.056250 
140935611087367 -66.693756 79.706253 -5.981250 
140935631087367 -66.468750 79.556252 -5.700000 
140935651087367 -66.243752 79.875000 -5.681250 
140935671087367 -65.962502 80.006256 -5.343750 
140935691087367 -65.700005 80.081253 -4.987500 
140935711087367 -65.925003 80.287506 -4.612500 
140935731087367 -65.981255 80.643753 -4.031250 
140935751087367 -66.393753 81.018753 -3.450000 
140935771087367 -66.637505 81.112503 -3.037500 
140935791087367 -66.956253 81.225006 -2.850000 
140935811087367 -67.368752 81.131256 -2.756250 
140935831087367 -67.631256 81.150002 -2.737500 
140935851087367 -68.006256 81.150002 -2.756250 
140935871087367 -68.175003 80.793755 -2.906250 
140935891087367 -68.756256 80.550003 -3.281250 
140935911087367 -69.243752 80.550003 -3.412500 
140935931087367 -70.143753 80.718750 -3.450000 
140935951087367 -71.043755 80.868752 -3.075000 
140935971087367 -71.943756 81.018753 -2.550000 
140935991087367 -72.975006 81.262505 -1.968750 
140936011087367 -73.856255 81.562500 -1.331250 
140936031087367 -74.475006 81.956253 -0.825000 
140936051087367 -74.775002 82.087502 -0.187500 
140936071087367 -75.075005 82.012505 0.300000 
140936091087367 -75.187500 82.162506 0.600000 
140936111087367 -75.318756 82.106255 0.825000 
140936131087367 -75.693756 82.050003 1.031250 
140936151087367 -76.012505 81.975006 1.218750 
140936171087367 -76.106255 81.975006 1.350000 
140936191087367 -76.518753 81.956253 1.612500 
140936211087367 -76.875000 81.937500 1.856250 
140936231087367 -76.987503 81.975006 1.668750 
140936251087367 -76.837502 81.412506 1.237500 
140936271087367 -76.462502 81.093750 0.637500 
140936291087367 -75.637505 80.793755 -0.112500 
140936311087367 -74.981255 80.306252 -0.806250 
140936331087367 -74.531250 79.893753 -1.725000 
140936351087367 -73.912506 79.462502 -2.550000 
140936371087367 -73.462502 78.862503 -3.468750 
140936391087367 -73.312500 78.506256 -3.993750 
140936411087367 -73.481255 78.300003 -3.956250 
140936431087367 -73.650002 78.018753 -4.162500 
140936451087367 -73.893753 77.681252 -4.406250 
140936471087367 -74.062500 77.512505 -4.612500 
140936491087367 -73.762505 77.025002 -4.987500 
140936511087367 -73.443756 76.743752 -5.343750 
140936531087367 -72.975006 76.612503 -5.493750 
140936551087367 -72.225006 76.387505 -5.362500 
140936571087367 -71.081253 76.200005 -5.700000 
140936591087367 -69.993752 76.087502 -5.831250 
140936611087367 -69.187500 75.993752 -5.962500 
140936631087367 -68.268753 75.825005 -6.168750 
140936651087367 -67.912506 75.825005 -6.018750 
140936671087367 -67.368752 75.825005 -6.000000 
140936691087367 -66.993752 75.731255 -5.831250 
140936711087367 -66.731255 75.487503 -6.000000 
140936731087367 -66.300003 75.450005 -5.775000 
140936751087367 -66.337502 75.562500 -5.512500 
140936771087367 -66.018753 75.806252 -5.250000 
140936791087367 -66.000000 76.031250 -4.781250 
140936811087367 -65.793755 76.368752 -4.162500 
140936831087367 -66.093750 76.481255 -3.843750 
140936851087367 -66.262505 76.556252 -4.162500 
140936871087367 -66.450005 76.781250 -4.162500 
140936891087367 -66.937500 76.818756 -4.200000 
140936911087367 -67.200005 77.137505 -4.331250 
140936931087367 -67.650002 77.025002 -4.218750 
140936951087367 -68.381256 77.175003 -4.481250 
140936971087367 -69.375000 77.325005 -4.893750 
140936991087367 -69.975006 77.512505 -4.668750 
140937011087367 -70.987503 78.000000 -4.106250 
140937031087367 -71.718750 78.487503 -3.600000 
140937051087367 -72.506256 79.143753 -3.150000 
140937071087367 -73.462502 79.387505 -2.718750 
140937091087367 -74.156250 79.875000 -2.062500 
140937111087367 -74.325005 80.118752 -1.556250 
140937131087367 -74.418755 80.025002 -1.462500 
140937151087367 -74.456253 79.837502 -1.856250 
140937171087367 -74.550003 79.781250 -2.006250 
140937191087367 -74.906250 79.743752 -2.062500 
140937211087367 -75.300003 79.706253 -2.100000 
140937231087367 -75.393753 79.481255 -1.912500 
140937251087367 -75.750000 79.556252 -1.987500 
140937271087367 -76.031250 79.631256 -1.837500 
140937291087367 -76.237503 79.818756 -1.837500 
140937311087367 -76.387505 79.856255 -1.968750 
140937331087367 -75.843750 79.650002 -2.381250 
140937351087367 -75.187500 79.425003 -2.850000 
140937371087367 -74.493752 79.068756 -3.543750 
140937391087367 -73.631256 78.806252 -4.518750 
140937411087367 -72.993752 78.431252 -5.475000 
140937431087367 -72.618752 78.075005 -6.487500 
140937451087367 -72.093750 77.868752 -6.937500 
140937471087367 -71.981255 77.925003 -7.218750 
140937491087367 -72.168755 77.906250 -7.556250 
140937511087367 -72.450005 77.812500 -7.931250 
140937531087367 -72.581253 77.700005 -8.437500 
140937551087367 -72.712502 77.681252 -8.812500 
140937571087367 -72.506256 77.362503 -9.281250 
140937591087367 -72.093750 77.156250 -9.618751 
140937611087367 -71.643753 76.875000 -10.031250 
140937631087367 -71.025002 76.800003 -10.293751 
140937651087367 -70.125000 76.556252 -10.481251 
140937671087367 -69.393753 76.368752 -10.856251 
140937691087367 -68.662506 76.256256 -10.856251 
140937711087367 -68.081253 76.350006 -10.743751 
140937731087367 -67.575005 76.425003 -10.537500 
140937751087367 -67.012505 76.481255 -10.462501 
140937771087367 -66.787506 76.612503 -10.425000 
140937791087367 -66.393753 76.687500 -10.200001 
140937811087367 -66.168755 77.025002 -9.825001 
140937831087367 -65.850006 77.456253 -9.506250 
140937851087367 -65.887505 77.925003 -8.962501 
140937871087367 -66.131256 78.300003 -8.550000 
140937891087367 -66.300003 78.656250 -8.100000 
140937911087367 -66.843750 78.937500 -7.856250 
140937931087367 -67.012505 79.050003 -7.931250 
140937951087367 -67.425003 79.200005 -7.800000 
140937971087367 -68.006256 79.387505 -7.912500 
140937991087367 -68.606255 79.425003 -7.687500 
140938011087367 -69.468750 79.462502 -8.006250 
140938031087367 -70.387505 79.631256 -7.893750 
140938051087367 -71.587502 80.137505 -7.762500 
140938071087367 -72.525002 80.850006 -7.068750 
140938091087367 -73.593750 81.731255 -5.906250 
140938111087367 -74.475006 82.668755 -4.818750 
140938131087367 -75.243752 83.250000 -3.656250 
140938151087367 -76.012505 83.793755 -2.925000 
140938171087367 -76.200005 84.525002 -1.987500 
140938191087367 -76.106255 84.712502 -1.593750 
140938211087367 -75.993752 84.581253 -1.425000 
140938231087367 -76.143753 84.337502 -1.462500 
140938251087367 -76.518753 84.187500 -1.537500 
140938271087367 -76.893753 83.812500 -1.575000 
140938291087367 -77.343750 83.812500 -1.500000 
140938311087367 -77.662506 83.868752 -1.312500 
140938331087367 -78.075005 83.793755 -0.787500 
140938351087367 -78.412506 83.793755 -0.412500 
140938371087367 -78.412506 83.943756 -0.468750 
140938391087367 -78.150002 83.925003 -0.693750 
140938411087367 -77.625000 83.662506 -0.993750 
140938431087367 -76.875000 83.475006 -1.743750 
140938451087367 -76.143753 83.081253 -2.793750 
140938471087367 -75.356255 82.575005 -3.787500 
140938491087367 -74.756256 81.937500 -4.912500 
140938511087367 -74.493752 81.825005 -5.831250 
140938531087367 -74.250000 81.562500 -6.206250 
140938551087367 -74.043755 81.281250 -6.656250 
140938571087367 -73.800003 80.925003 -7.181250 
140938591087367 -73.781250 80.531250 -7.331250 
140938611087367 -73.668755 80.325005 -7.387500 
140938631087367 -73.406250 80.268753 -7.331250 
140938651087367 -72.825005 80.212502 -7.406250 
140938671087367 -71.850006 80.043755 -7.406250 
140938691087367 -70.875000 79.818756 -7.368750 
140938711087367 -70.031250 79.781250 -7.012500 
140938731087367 -69.225006 79.706253 -6.731250 
140938751087367 -68.493752 79.706253 -6.712500 
140938771087367 -67.856255 79.687500 -6.412500 
140938791087367 -67.462502 79.743752 -6.131250 
140938811087367 -67.125000 79.706253 -6.018750 
140938831087367 -66.843750 79.537506 -5.812500 
140938851087367 -66.918755 79.593750 -5.737500 
140938871087367 -66.825005 79.631256 -5.681250 
140938891087367 -66.581253 79.950005 -5.493750 
140938911087367 -66.431252 80.343750 -4.781250 
140938931087367 -66.243752 80.681252 -4.237500 
140938951087367 -66.300003 80.906250 -3.543750 
140938971087367 -66.393753 80.962502 -3.112500 
140938991087367 -66.637505 81.056252 -3.168750 
140939011087367 -66.806252 81.262505 -2.831250 
140939031087367 -67.031250 81.337502 -2.831250 
140939051087367 -67.387505 81.300003 -2.925000 
140939071087367 -68.006256 81.243752 -3.150000 
140939091087367 -68.700005 81.000000 -3.337500 
140939111087367 -69.225006 81.075005 -3.393750 
140939131087367 -69.956253 81.375000 -3.150000 
140939151087367 -70.687500 81.956253 -2.193750 
140939171087367 -71.343750 82.256256 -1.256250 
140939191087367 -72.000000 82.593750 0.112500 
140939211087367 -72.637505 83.081253 1.406250 
140939231087367 -73.050003 83.512505 2.587500 
140939251087367 -73.275002 83.868752 3.206250 
140939271087367 -73.443756 83.962502 3.637500 
140939291087367 -73.575005 84.018753 4.068750 
140939311087367 -73.687500 83.550003 4.050000 
140939331087367 -74.062500 83.437500 3.881250 
140939351087367 -74.306252 83.400002 3.412500 
140939371087367 -74.568756 83.268753 3.562500 
140939391087367 -74.550003 83.081253 3.375000 
140939411087367 -74.568756 83.118752 3.806250 
140939431087367 -74.062500 82.987503 3.731250 
140939451087367 -73.537506 82.818756 3.712500 
140939471087367 -72.806252 82.837502 3.862500 
140939491087367 -71.887505 82.762505 3.787500 
140939511087367 -70.931252 82.518753 3.562500 
140939531087367 -70.012505 81.937500 2.606250 
140939551087367 -69.318756 81.468750 1.875000 
140939571087367 -68.831253 80.962502 0.900000 
140939591087367 -68.868752 80.475006 -0.000000 
140939611087367 -68.981255 80.062500 -0.975000 
140939631087367 -69.356255 79.593750 -1.912500 
140939651087367 -69.356255 79.143753 -2.643750 
140939671087367 -69.412506 78.843750 -3.150000 
140939691087367 -69.393753 78.675003 -3.356250 
140939711087367 -69.075005 78.431252 -3.731250 
140939731087367 -68.381256 77.925003 -4.125000 
140939751087367 -67.668755 77.493752 -4.312500 
140939771087367 -66.487503 77.175003 -4.218750 
140939791087367 -65.418755 76.781250 -4.218750 
140939811087367 -64.425003 76.500000 -4.500000 
140939831087367 -63.693752 76.050003 -4.575000 
140939851087367 -62.925003 75.675003 -4.743750 
140939871087367 -62.306252 75.525002 -4.706250 
140939891087367 -61.837502 75.731255 -4.443750 
140939911087367 -61.256252 75.900002 -3.712500 
140939931087367 -61.106251 76.031250 -3.150000 
140939951087367 -60.843754 76.331253 -2.493750 
140939971087367 -60.843754 76.556252 -1.650000 
140939991087367 -60.656254 76.875000 -0.918750 
140940011087367 -60.675003 77.362503 -0.225000 
140940031087367 -60.262501 77.475006 0.318750 
140940051087367 -59.868752 77.306252 0.581250 
140940071087367 -59.756252 77.175003 0.750000 
140940091087367 -59.250004 76.968750 0.637500 
140940111087367 -58.537502 76.781250 0.543750 
140940131087367 -57.600002 76.481255 0.431250 
140940151087367 -56.962502 76.106255 0.525000 
140940171087367 -56.231251 75.806252 0.562500 
140940191087367 -55.875004 75.637505 0.543750 
140940211087367 -55.593754 75.618752 0.618750 
140940231087367 -55.068752 75.581253 0.412500 
140940251087367 -54.900002 75.487503 0.637500 
140940271087367 -54.637501 75.412506 0.618750 
140940291087367 -54.750004 75.037506 0.487500 
140940311087367 -54.618752 74.981255 -0.112500 
140940331087367 -54.637501 74.850006 -0.412500 
140940351087367 -54.825001 74.718750 -0.637500 
140940371087367 -55.106251 74.700005 -0.562500 
140940391087367 -55.668751 74.906250 -0.318750 
140940411087367 -56.193752 75.412506 -0.412500 
140940431087367 -57.525002 75.750000 -0.112500 
140940451087367 -59.062504 76.575005 0.225000 
140940471087367 -60.881252 77.137505 0.600000 
140940491087367 -62.662502 77.700005 0.825000 
140940511087367 -64.387505 78.281250 1.200000 
140940531087367 -66.318756 78.825005 1.481250 
140940551087367 -68.343750 79.143753 1.556250 
140940571087367 -70.687500 79.462502 1.725000 
140940591087367 -72.693756 79.537506 1.800000 
140940611087367 -74.568756 79.706253 2.137500 
140940631087367 -76.331253 79.743752 2.606250 
140940651087367 -77.887505 79.668755 2.737500 
140940671087367 -79.687500 79.425003 2.643750 
140940691087367 -81.150002 79.125000 2.268750 
140940711087367 -82.612503 78.843750 1.837500 
140940731087367 -83.550003 78.356255 1.425000 
140940751087367 -84.318756 78.056252 0.918750 
140940771087367 -84.881256 77.287506 0.093750 
140940791087367 -85.162506 76.818756 -0.862500 
140940811087367 -85.500000 76.256256 -1.425000 
140940831087367 -85.387505 76.218750 -1.950000 
140940851087367 -85.143753 76.068756 -2.418750 
140940871087367 -84.712502 75.825005 -2.812500 
140940891087367 -84.787506 75.768753 -3.018750 
140940911087367 -84.693756 75.450005 -3.318750 
140940931087367 -84.787506 75.562500 -3.468750 
140940951087367 -84.900002 75.637505 -3.506250 
140940971087367 -85.031250 75.656250 -3.393750 
140940991087367 -85.462502 75.187500 -3.487500 
140941011087367 -86.343750 74.737503 -3.506250 
140941031087367 -87.150002 74.212502 -3.656250 
140941051087367 -87.375000 73.781250 -3.956250 
140941071087367 -87.637505 73.350006 -4.200000 
140941091087367 -87.637505 73.031250 -4.462500 
140941111087367 -87.525002 72.506256 -4.856250 
140941131087367 -87.412506 72.150002 -5.456250 
140941151087367 -87.468750 71.362503 -6.168750 
140941171087367 -86.775002 70.518753 -7.068750 
140941191087367 -85.875000 69.825005 -7.987500 
140941211087367 -85.031250 69.037506 -8.962501 
140941231087367 -83.662506 68.568756 -9.787500 
140941251087367 -82.031250 67.762505 -10.856251 
140941271087367 -80.512505 67.443756 -11.400001 
140941291087367 -79.200005 66.956253 -11.925000 
140941311087367 -77.756256 67.293755 -12.037500 
140941331087367 -77.118752 67.743752 -11.643750 
140941351087367 -76.687500 68.343750 -11.287500 
140941371087367 -76.931252 68.906250 -10.818750 
140941391087367 -77.831253 69.281250 -10.350000 
140941411087367 -79.012505 69.581253 -10.012501 
140941431087367 -80.418755 69.281250 -9.956250 
140941451087367 -81.487503 68.981255 -10.031250 
140941471087367 -82.500000 68.231255 -10.200001 
140941491087367 -83.100006 67.500000 -10.743751 
140941511087367 -83.718750 66.450005 -11.193750 
140941531087367 -83.718750 65.268753 -11.981251 
140941551087367 -83.662506 64.275002 -13.012501 
140941571087367 -83.418755 63.000004 -13.762501 
140941591087367 -83.006256 62.250004 -14.625001 
140941611087367 -82.687500 61.481251 -15.375001 
140941631087367 -82.125000 61.125004 -16.106251 
140941651087367 -81.487503 60.975002 -16.725000 
140941671087367 -80.606255 60.918751 -17.043751 
140941691087367 -79.987503 61.106251 -16.818750 
140941711087367 -79.312500 61.293751 -16.762501 
140941731087367 -78.900002 62.043751 -16.443750 
140941751087367 -78.806252 62.606251 -16.012501 
140941771087367 -78.637505 63.356251 -15.712501 
140941791087367 -78.225006 63.881252 -15.412500 
140941811087367 -78.206253 64.312500 -14.962501 
140941831087367 -78.468750 64.950005 -14.550000 
140941851087367 -78.525002 65.550003 -14.456250 
140941871087367 -78.431252 66.056252 -13.856251 
140941891087367 -78.450005 66.393753 -13.443750 
140941911087367 -78.450005 66.543755 -12.956250 
140941931087367 -78.675003 66.900002 -12.468751 
140941951087367 -79.387505 67.162506 -11.831250 
140941971087367 -80.043755 67.631256 -11.175000 
140941991087367 -80.700005 68.025002 -10.350000 
140942011087367 -81.525002 68.400002 -9.543751 
140942031087367 -82.593750 68.850006 -8.831250 
140942051087367 -83.625000 69.506256 -7.931250 
140942071087367 -84.525002 70.331253 -7.050000 
140942091087367 -85.143753 70.837502 -5.887500 
140942111087367 -85.518753 71.737503 -4.818750 
140942131087367 -85.837502 72.450005 -3.618750 
140942151087367 -85.762505 73.275002 -2.756250 
140942171087367 -85.706253 74.081253 -1.612500 
140942191087367 -85.650002 74.850006 -0.881250 
140942211087367 -85.425003 75.618752 -0.056250 
140942231087367 -84.918755 76.237503 0.768750 
140942251087367 -84.881256 76.893753 1.462500 
140942271087367 -84.993752 77.400002 2.381250 
140942291087367 -85.106255 77.868752 3.000000 
140942311087367 -85.443756 78.243752 3.600000 
140942331087367 -85.931252 78.300003 4.068750 
140942351087367 -86.343750 78.543755 4.593750 
140942371087367 -86.850006 78.918755 5.062500 
140942391087367 -87.412506 78.900002 5.418750 
140942411087367 -87.918755 78.862503 5.812500 
140942431087367 -88.462502 78.806252 5.831250 
140942451087367 -88.612503 78.693756 5.981250 
140942471087367 -89.100006 78.487503 6.300000 
140942491087367 -89.250000 78.693756 6.562500 
140942511087367 -89.437500 78.787506 7.218750 
140942531087367 -89.512505 78.675003 7.387500 
140942551087367 -89.362503 79.068756 7.706250 
140942571087367 -88.743752 79.612503 8.100000 
140942591087367 -88.200005 79.931252 8.493751 
140942611087367 -87.656250 80.475006 9.000000 
140942631087367 -86.531250 81.093750 9.468750 
140942651087367 -85.518753 81.750000 10.162500 
140942671087367 -84.243752 82.218750 10.706250 
140942691087367 -82.706253 82.593750 11.718750 
140942711087367 -81.150002 83.062500 12.581250 
140942731087367 -79.781250 83.418755 13.462501 
140942751087135 -77.925003 83.850006 14.868751 
140942771087135 -76.031250 84.056252 15.900001 
140942791087135 -74.100006 83.962502 17.156250 
140942811087135 -71.775002 83.887505 18.356251 
140942831087135 -69.581253 83.831253 19.875000 
140942851087135 -67.650002 83.625000 21.206251 
140942871087135 -65.268753 83.100006 22.818750 
140942891087135 -62.850002 82.537506 24.318750 
140942911087135 -60.562504 82.012505 25.387501 
140942931087135 -58.762501 81.168755 26.606251 
140942951087135 -57.075001 80.512505 27.918751 
140942971087135 -55.781254 79.725006 28.800001 
140942991087135 -54.731251 79.106255 29.400002 
140943011087135 -53.568752 78.431252 29.981251 
140943031087135 -53.493752 78.093750 30.375002 
140943051087135 -53.400002 77.887505 30.693750 
140943071087135 -53.587502 77.568756 30.937502 
140943091087135 -53.512501 77.587502 31.443750 
140943111087135 -53.681252 77.887505 31.425001 
140943131087135 -53.887501 77.981255 31.575001 
140943151087135 -54.375004 78.018753 31.500002 
140943171087135 -54.937504 78.393753 31.575001 
140943191087135 -55.181252 78.750000 31.593752 
140943211087135 -55.575001 78.975006 31.500002 
140943231087135 -55.781254 79.256256 31.106251 
140943251087135 -56.268753 79.575005 30.862501 
140943271087135 -56.606251 79.687500 30.693750 
140943291087135 -56.868752 79.950005 30.318750 
140943311087135 -56.700001 80.081253 30.225000 
140943331087135 -56.625004 80.250000 30.168751 
140943351087135 -56.531254 80.268753 29.925001 
140943371087135 -56.231251 80.643753 29.587502 
140943391087135 -56.137501 80.887505 29.625002 
140943411087135 -55.875004 80.925003 29.531252 
140943431087135 -55.762501 81.093750 29.418751 
140943451087135 -55.593754 81.018753 29.625002 
140943471087135 -55.350002 81.150002 29.775002 
140943491087135 -55.031254 81.187500 29.606251 
140943511087135 -54.731251 81.112503 29.625002 
140943531087135 -54.393753 80.700005 30.075001 
140943551087135 -54.093754 80.493752 30.206251 
140943571087135 -53.793751 80.587502 30.281252 
140943591087135 -53.400002 80.512505 30.543751 
140943611087135 -53.118752 80.512505 30.562502 
140943631087135 -52.537502 80.325005 30.825001 
140943651087135 -51.825001 80.362503 31.256250 
140943671087135 -51.093754 80.212502 31.762501 
140943691087135 -50.568752 80.100006 32.118752 
140943711087135 -49.725002 79.818756 32.700001 
140943731087135 -48.843754 79.218750 33.487503 
140943751087135 -47.812500 78.637505 34.012501 
140943771087135 -46.837502 78.412506 34.706253 
140943791087135 -45.993752 78.037506 35.156250 
140943811087135 -45.243752 77.268753 35.718750 
140943831087135 -44.643753 76.875000 35.925003 
140943851087135 -44.062500 76.537506 36.375000 
140943871087135 -43.500000 76.218750 36.825001 
140943891087135 -42.975002 76.106255 36.806252 
140943911087135 -42.675003 76.125000 37.143753 
140943931087135 -42.093750 75.825005 37.275002 
140943951087135 -42.018753 75.825005 37.387501 
140943971087135 -41.925003 75.881256 37.537502 
140943991087135 -41.568752 75.768753 37.781250 
140944011087135 -41.287502 75.581253 37.743752 
140944031087135 -41.343750 75.900002 37.743752 
140944051087135 -41.156250 75.900002 37.593750 
140944071087135 -41.212502 76.218750 36.975002 
140944091087135 -41.381252 76.556252 36.431252 
140944111087135 -41.118752 76.875000 35.718750 
140944131087135 -41.118752 77.381256 34.650002 
140944151087135 -41.062500 77.925003 33.412502 
140944171087135 -40.837502 78.637505 32.025002 
140944191087135 -40.462502 78.956253 30.337502 
140944211087135 -40.293751 79.500000 28.781252 
140944231087135 -39.881252 79.725006 27.318750 
140944251087135 -39.337502 80.081253 25.893751 
140944271087135 -39.075001 80.343750 24.431252 
140944291087135 -38.775002 80.418755 22.856251 
140944311087135 -38.700001 80.662506 21.393751 
140944331087135 -38.606251 80.700005 20.193750 
140944351087135 -38.437500 80.775002 19.125000 
140944371087135 -38.362503 80.662506 17.831251 
140944391087135 -38.343750 80.662506 16.706251 
140944411087135 -38.512501 80.756256 15.487500 
140944431087135 -38.587502 80.700005 14.568750 
140944451087135 -38.606251 80.850006 13.668751 
140944471087135 -38.531250 80.793755 13.143750 
140944491087135 -38.531250 80.831253 12.412500 
140944511087135 -39.093750 80.943756 11.943750 
140944531087135 -39.243752 81.206253 11.681251 
140944551087135 -39.318752 81.468750 11.475000 
140944571087135 -39.375000 81.468750 11.231251 
140944591087135 -39.450001 81.712502 11.081250 
140944611087135 -39.468750 81.731255 11.062500 
140944631087135 -39.543751 81.806252 11.231251 
140944651087135 -39.562500 81.806252 11.418751 
140944671087135 -38.906250 81.825005 11.568750 
140944691087135 -38.568752 81.825005 11.681251 
140944711087135 -38.381252 81.862503 12.018750 
140944731087135 -38.437500 81.825005 12.562501 
140944751087135 -38.456253 81.825005 13.200001 
140944771087135 -38.268753 81.731255 13.875001 
140944791087135 -37.650002 81.431252 14.400001 
140944811087135 -37.181252 81.168755 14.943750 
140944831087135 -36.787502 80.662506 15.506250 
140944851087135 -36.375000 80.325005 16.331251 
140944871087135 -35.943752 79.762505 17.137501 
140944891087135 -35.325001 79.537506 18.056252 
140944911087135 -34.875000 79.350006 18.937500 
140944931087135 -34.743752 79.275002 20.025002 
140944951087135 -35.325001 79.631256 21.056252 
140944971087135 -36.056252 80.268753 22.350000 
140944991087135 -37.237503 81.187500 24.056252 
140945011087135 -38.943752 82.275002 26.062502 
140945031087135 -41.156250 83.625000 28.068750 
140945051087135 -43.500000 84.862503 29.962502 
140945071087135 -45.993752 86.193756 31.725000 
140945091087135 -48.431252 87.506256 33.543751 
140945111087135 -50.925003 88.893753 35.118752 
140945131087135 -53.381252 90.056252 36.600002 
140945151087135 -55.481251 91.050003 37.443752 
140945171087135 -57.168751 91.631256 37.500000 
140945191087135 -58.143753 92.137505 37.031250 
140945211087135 -59.025002 92.775002 36.506252 
140945231087135 -59.737503 93.075005 35.831253 
140945251087135 -60.525002 93.543755 34.893753 
140945271087135 -60.975002 93.768753 34.087502 
140945291087135 -61.050003 94.106255 33.281250 
140945311087135 -61.143753 94.162506 32.456253 
140945331087135 -61.050003 94.425003 31.837502 
140945351087135 -61.106251 94.556252 31.481251 
140945371087135 -61.031254 94.575005 31.181252 
140945391087135 -60.637501 94.593750 30.806252 
140945411087135 -60.356251 94.537506 30.450001 
140945431087135 -59.962502 94.312500 30.262501 
140945451087135 -59.943752 93.975006 30.168751 
140945471087135 -60.168751 94.031250 30.262501 
140945491087135 -60.450001 94.068756 30.637501 
140945511087135 -60.862503 94.143753 31.068750 
140945531087135 -61.275002 94.087502 31.612501 
140945551087135 -62.025002 93.956253 32.437500 
140945571087135 -62.231251 93.675003 33.300003 
140945591087135 -62.700001 93.712502 33.900002 
140945611087135 -62.456253 93.618752 34.050003 
140945631087135 -62.043751 93.337502 34.218750 
140945651087135 -61.406254 92.868752 34.481251 
140945671087135 -60.543751 92.250000 35.343750 
140945691087135 -59.868752 91.706253 35.868752 
140945711087135 -59.025002 91.500000 35.906250 
140945731087135 -58.781254 91.462502 35.962502 
140945751087135 -58.687504 91.218750 35.925003 
140945771087135 -59.437504 91.368752 35.981251 
140945791087135 -60.225002 91.425003 36.393753 
140945811087135 -61.293751 91.368752 36.750000 
140945831087135 -62.625004 91.406250 36.900002 
140945851087135 -63.787502 91.368752 37.556252 
140945871087135 -64.725006 91.068756 38.756252 
140945891087135 -65.343750 90.675003 40.143753 
140945911087135 -66.168755 90.168755 41.606251 
140945931087135 -66.562500 89.418755 43.387501 
140945951087135 -67.031250 88.725006 44.831253 
140945971087135 -67.668755 88.106255 46.312500 
140945991087135 -68.531250 87.506256 47.268753 
140946011087135 -69.487503 86.981255 48.037502 
140946031087135 -70.931252 86.625000 48.562504 
140946051087135 -72.768753 86.531250 48.806252 
140946071087135 -74.756256 86.081253 49.012501 
140946091087135 -77.437500 85.593750 48.937504 
140946111087135 -80.943756 84.881256 48.750004 
140946131087135 -84.412506 84.487503 47.981251 
140946151087135 -87.356255 84.262505 46.837502 
140946171087135 -90.281250 84.431252 45.487503 
140946191087135 -92.643753 84.675003 43.575001 
140946211087135 -94.631256 84.731255 41.643753 
140946231087135 -95.850006 85.275002 39.675003 
140946251087135 -96.375008 85.987503 37.181252 
140946271087135 -96.206253 87.037506 34.500000 
140946291087135 -95.756256 87.975006 31.743752 
140946311087135 -95.475006 88.631256 28.650002 
140946331087135 -95.156250 88.875000 25.331251 
140946351087135 -95.081253 89.137505 22.481251 
140946371087135 -95.250000 89.456253 19.612501 
140946391087135 -95.325005 89.606255 16.818750 
140946411087135 -95.643753 89.662506 14.662500 
140946431087135 -95.756256 89.475006 12.937501 
140946451087135 -96.018753 89.456253 11.793751 
140946471087135 -96.243752 89.587502 11.831250 
140946491087135 -96.187508 89.662506 12.131250 
140946511087135 -96.243752 89.606255 12.862500 
140946531087135 -96.075005 89.493752 13.593751 
140946551087135 -95.925003 89.550003 14.287500 
140946571087135 -95.568756 89.493752 14.756250 
140946591087135 -95.006256 89.812500 15.318750 
140946611087135 -94.350006 90.056252 15.825001 
140946631087135 -93.787506 90.187500 16.031250 
140946651087135 -93.543755 90.337502 16.762501 
140946671087135 -92.962502 90.656250 17.043751 
140946691087135 -92.025002 91.050003 17.437500 
140946711087135 -91.687500 91.368752 17.906250 
140946731087135 -91.068756 91.706253 18.750000 
140946751087135 -90.975006 91.875000 20.043751 
140946771087135 -91.031250 91.687500 21.562500 
140946791087135 -91.068756 91.612503 23.287500 
140946811087135 -91.031250 91.650002 24.843752 
140946831087135 -91.350006 91.181252 26.756250 
140946851087135 -92.043755 90.693756 28.612501 
140946871087135 -92.550003 90.168755 30.525002 
140946891087135 -93.431252 89.475006 32.156250 
140946911087135 -93.975006 88.987503 33.468750 
140946931087135 -94.556252 88.706253 34.481251 
140946951087135 -94.912506 88.256256 35.400002 
140946971087135 -95.325005 87.656250 36.187500 
140946991087135 -95.812500 87.243752 36.562500 
140947011087135 -96.525002 86.906250 37.181252 
140947031087135 -97.125008 86.456253 37.612503 
140947051087135 -97.762505 85.875000 38.156250 
140947071087135 -98.437508 85.125000 38.400002 
140947091087135 -99.037506 84.337502 38.606251 
140947111087135 -99.862503 83.868752 38.756252 
140947131087135 -100.575005 83.437500 38.531250 
140947151087135 -101.081253 83.456253 38.156250 
140947171087135 -101.456253 83.156250 37.500000 
140947191087135 -101.250008 83.475006 36.131252 
140947211087135 -100.800003 84.281250 34.556252 
140947231087135 -99.993752 84.937500 32.625000 
140947251087135 -99.056252 85.837502 30.412500 
140947271087135 -98.193756 86.568756 27.637501 
140947291087135 -97.012505 87.262505 24.975000 
140947311087135 -95.962502 87.562500 22.143751 
140947331087135 -94.631256 88.200005 19.181252 
140947351087135 -93.543755 88.462502 16.968750 
140947371087135 -92.400002 88.631256 14.812501 
140947391087135 -91.331253 89.025002 12.881250 
140947411087135 -90.356255 88.968750 11.193750 
140947431087135 -89.137505 88.818756 9.581250 
140947451087135 -88.387505 88.706253 8.100000 
140947471087135 -87.562500 88.668755 6.881250 
140947491087135 -86.943756 88.575005 6.300000 
140947511087135 -86.850006 88.612503 6.300000 
140947531087135 -86.587502 88.312500 6.731250 
140947551087135 -86.962502 88.125000 7.725000 
140947571087135 -87.525002 88.106255 8.662500 
140947591087135 -87.787506 88.143753 10.031250 
140947611087135 -87.843750 88.387505 11.212501 
140947631087135 -87.787506 88.537506 12.581250 
140947651087135 -87.693756 88.725006 13.762501 
140947671087135 -87.075005 88.631256 14.493751 
140947691087135 -86.812500 88.987503 14.868751 
140947711087135 -85.987503 89.118752 15.168751 
140947731087135 -84.937500 89.250000 15.806251 
140947751087135 -84.675003 89.362503 16.500000 
140947771087135 -84.956253 89.512505 17.625000 
140947791087135 -85.368752 89.475006 18.918751 
140947811087135 -85.968750 89.212502 20.118752 
140947831087135 -86.793755 88.875000 21.843750 
140947851087135 -87.581253 88.556252 23.887501 
140947871087135 -88.425003 88.087502 25.725000 
140947891087135 -89.531250 87.825005 27.450001 
140947911087135 -90.093750 87.393753 29.531252 
140947931087135 -90.431252 86.681252 31.331251 
140947951087135 -90.750000 86.156250 33.225002 
140947971087135 -90.918755 85.631256 35.043751 
140947991087135 -91.275002 85.087502 36.506252 
140948011087135 -91.743752 84.393753 37.556252 
140948031087135 -92.475006 83.868752 38.456253 
140948051087135 -93.225006 82.931252 39.375000 
140948071087135 -93.918755 82.218750 39.675003 
140948091087135 -94.631256 81.712502 40.031250 
140948111087135 -95.437500 81.225006 39.975002 
140948131087135 -96.093758 80.793755 39.918751 
140948151087135 -96.656258 80.625000 39.618752 
140948171087135 -96.843758 80.906250 39.243752 
140948191087135 -96.806252 81.375000 38.606251 
140948211087135 -96.206253 82.012505 37.631252 
140948231087135 -95.643753 82.875000 36.243752 
140948251087135 -94.593750 83.775002 34.725002 
140948271087135 -93.450005 84.787506 32.981251 
140948291087135 -92.175003 85.931252 30.787500 
140948311087135 -90.843750 87.168755 28.462502 
140948331087135 -89.362503 87.637505 26.175001 
140948351087135 -87.806252 87.956253 23.925001 
140948371087135 -86.400002 88.575005 21.843750 
140948391087135 -85.068756 89.006256 19.987501 
140948411087135 -83.793755 89.306252 18.131250 
140948431087135 -82.518753 89.568756 16.537500 
140948451087135 -81.300003 89.793755 15.412500 
140948471087135 -80.175003 89.718750 14.268750 
140948491087135 -79.350006 89.925003 13.668751 
140948511087135 -78.806252 90.243752 13.200001 
140948531087135 -78.375000 90.431252 13.312501 
140948551087135 -78.487503 90.543755 14.100000 
140948571087135 -79.012505 90.562500 15.431251 
140948591087135 -79.481255 90.468750 16.687500 
140948611087135 -79.968750 90.412506 17.550001 
140948631087135 -80.025002 90.731255 18.918751 
140948651087135 -80.193756 90.862503 19.762501 
140948671087135 -80.025002 90.993752 21.000000 
140948691087135 -80.025002 90.787506 21.937500 
140948711087135 -79.593750 90.900002 22.556252 
140948731087135 -78.918755 90.993752 22.800001 
140948751087135 -78.487503 90.862503 23.700001 
140948771087135 -78.187500 90.862503 25.050001 
140948791087135 -78.618752 90.600006 26.250002 
140948811087135 -79.406250 90.468750 27.768751 
140948831087135 -80.531250 89.906250 28.875002 
140948851087135 -81.675003 89.400002 30.356251 
140948871087135 -82.743752 88.593750 31.743752 
140948891087135 -84.000000 88.087502 33.300003 
140948911087135 -85.125000 87.637505 34.856251 
140948931087135 -86.100006 86.868752 36.393753 
140948951087135 -86.812500 85.987503 37.987503 
140948971087135 -87.225006 85.293755 39.750000 
140948991087135 -87.825005 84.693756 41.268753 
140949011087135 -88.162506 84.150002 42.525002 
140949031087135 -88.687500 83.512505 43.912502 
140949051087135 -89.343750 82.443756 45.131252 
140949071087135 -90.000000 81.675003 45.750000 
140949091087135 -91.031250 80.962502 46.368752 
140949111087135 -91.987503 80.456253 46.875000 
140949131087135 -92.925003 79.725006 47.081253 
140949151087135 -93.487503 79.406250 47.437500 
140949171087135 -94.181252 79.087502 47.400002 
140949191087135 -94.725006 79.181252 47.287502 
140949211087135 -94.500000 79.725006 46.575001 
140949231087135 -94.050003 80.587502 45.862503 
140949251087135 -93.112503 81.412506 44.568752 
140949271087135 -92.043755 82.612503 43.143753 
140949291087135 -91.087502 83.775002 41.175003 
140949311087135 -89.962502 84.881256 38.868752 
140949331087135 -88.893753 86.156250 36.581253 
140949351087135 -87.581253 87.168755 33.862503 
140949371087135 -86.756256 88.200005 31.181252 
140949391087135 -85.650002 88.893753 28.612501 
140949411087135 -84.675003 89.681252 26.456251 
140949431087135 -83.662506 89.943756 24.131250 
140949451087135 -82.481255 90.487503 22.181252 
140949471087135 -81.506256 90.918755 20.737501 
140949491087135 -80.306252 91.106255 19.462502 
140949511087135 -79.556252 91.593750 18.618752 
140949531087135 -78.937500 91.518753 18.618752 
140949551087135 -78.787506 91.556252 18.806252 
140949571087135 -78.825005 91.406250 19.331251 
140949591087135 -79.331253 91.443756 20.231251 
140949611087135 -79.743752 91.162506 21.112501 
140949631087135 -79.800003 91.068756 21.750000 
140949651087135 -79.762505 91.068756 22.350000 
140949671087135 -79.406250 90.806252 22.931252 
140949691087135 -79.275002 90.918755 23.418751 
140949711087135 -79.181252 90.843750 24.431252 
140949731087135 -78.956253 90.825005 24.825001 
140949751087135 -78.281250 90.806252 25.106251 
140949771087135 -77.887505 90.881256 26.118752 
140949791087135 -78.168755 90.750000 27.468752 
140949811087135 -78.900002 90.506256 28.875002 
140949831087135 -79.912506 89.981255 30.431252 
140949851087135 -80.850006 89.437500 32.043751 
140949871087135 -81.562500 88.687500 33.318752 
140949891087135 -82.331253 88.218750 35.268753 
140949911087135 -83.250000 87.506256 37.387501 
140949931087135 -84.131256 86.868752 38.962502 
140949951087135 -84.731255 86.100006 40.500000 
140949971087135 -85.293755 85.500000 42.225002 
140949991087135 -85.706253 84.881256 43.743752 
140950011087135 -85.987503 84.112503 44.887501 
140950031087135 -86.700005 83.625000 45.768753 
140950051087135 -87.487503 82.856255 46.425003 
140950071087135 -88.481255 82.275002 46.893753 
140950091087135 -89.493752 81.468750 47.343750 
140950111087135 -90.637505 80.887505 47.643753 
140950131087135 -91.800003 80.250000 47.381252 
140950151087135 -92.925003 79.875000 46.968750 
140950171087135 -93.918755 79.650002 47.006252 
140950191087135 -94.537506 79.556252 46.593750 
140950211087135 -94.875000 79.650002 46.068752 
140950231087135 -94.893753 80.025002 45.468750 
140950251087135 -94.462502 80.812500 44.437500 
140950271087135 -93.543755 81.768753 42.993752 
140950291087135 -92.250000 82.893753 41.493752 
140950311087135 -91.050003 84.300003 39.956253 
140950331087135 -89.681252 85.556252 37.593750 
140950351087135 -88.368752 86.606255 35.175003 
140950371087135 -87.243752 88.031250 32.793751 
140950391087135 -85.893753 88.875000 30.075001 
140950411087135 -84.618752 89.625000 27.543751 
140950431087135 -83.512505 90.356255 25.162500 
140950451087135 -82.462502 90.825005 23.193750 
140950471087135 -81.056252 90.993752 21.150002 
140950491087135 -80.025002 91.200005 19.406250 
140950511087135 -78.937500 91.556252 18.412500 
140950531087135 -77.943756 91.537506 17.343750 
140950551087135 -77.325005 91.743752 16.987501 
140950571087135 -77.118752 91.856255 16.968750 
140950591087135 -77.081253 91.650002 17.812500 
140950611087135 -77.512505 91.650002 18.825001 
140950631087135 -77.831253 91.762505 19.612501 
140950651087135 -77.700005 91.968750 20.868752 
140950671087135 -77.718750 91.987503 21.787500 
140950691087135 -77.700005 91.931252 22.781250 
140950711087135 -77.456253 91.950005 23.906250 
140950731087135 -77.381256 91.856255 25.256250 
140950751087135 -76.987503 91.950005 25.762501 
140950771087135 -76.406250 92.006256 26.212502 
140950791087135 -76.275002 91.800003 27.450001 
140950811087135 -76.650002 91.668755 28.612501 
140950831087135 -77.118752 91.331253 29.812502 
140950851087135 -78.037506 91.050003 31.331251 
140950871087135 -79.275002 90.543755 32.531250 
140950891087135 -80.193756 90.093750 33.656250 
140950911087135 -81.600006 89.512505 35.531250 
140950931087135 -82.893753 88.987503 37.106251 
140950951087135 -84.131256 88.312500 38.587502 
140950971087135 -85.350006 87.412506 39.825001 
140950991087135 -86.362503 86.925003 41.362503 
140951011087135 -87.075005 86.137505 42.356251 
140951031087135 -87.712502 85.631256 43.293751 
140951051087135 -88.631256 84.956253 43.987503 
140951071087135 -89.362503 84.262505 44.325001 
140951091087135 -90.206253 83.381256 44.831253 
140951111087135 -91.106255 82.800003 45.206253 
140951131087135 -91.818756 82.237503 45.450001 
140951151087135 -92.943756 81.525002 45.393753 
140951171087135 -93.825005 81.112503 45.581253 
140951191087135 -94.593750 80.700005 45.600002 
140951211087135 -95.137505 80.437500 45.600002 
140951231087135 -95.568756 80.287506 45.337502 
140951251087135 -95.943756 80.606255 44.831253 
140951271087135 -95.868752 81.093750 43.950001 
140951291087135 -95.662506 81.956253 42.881252 
140951311087135 -94.668755 83.156250 41.718750 
140951331087135 -93.712502 84.281250 40.012501 
140951351087135 -92.831253 85.462502 37.968750 
140951371087135 -91.837502 86.681252 35.643753 
140951391087135 -90.768753 87.918755 33.000000 
140951411087135 -89.437500 88.987503 30.506250 
140951431087135 -88.087502 89.812500 27.806252 
140951451087135 -86.943756 90.431252 25.350000 
140951471087135 -85.818756 90.881256 23.025002 
140951491087135 -84.318756 91.387505 21.037500 
140951511087135 -83.212502 91.575005 19.575001 
140951531087135 -81.975006 91.931252 18.450001 
140951551087135 -81.018753 92.400002 17.868752 
140951571087135 -80.362503 92.531250 17.512501 
140951591087135 -80.081253 92.737503 18.075001 
140951611087135 -80.043755 92.793755 18.975000 
140951631087135 -80.306252 92.718750 19.743752 
140951651087135 -80.962502 92.625000 20.362501 
140951671087135 -80.981255 92.831253 21.037500 
140951691087135 -81.243752 92.531250 21.693750 
140951711087135 -81.168755 92.306252 22.443750 
140951731087135 -81.093750 92.212502 23.193750 
140951751087135 -81.000000 92.118752 23.718750 
140951771087135 -80.662506 92.156250 23.793751 
140951791087135 -80.062500 92.156250 24.056252 
140951811087135 -79.687500 92.268753 25.050001 
140951831087135 -79.725006 92.081253 25.950001 
140951851087135 -80.287506 92.118752 27.225000 
140951871087135 -80.962502 91.818756 28.331251 
140951891087135 -81.750000 91.537506 29.587502 
140951911087135 -82.537506 91.125000 30.956251 
140951931087135 -83.475006 90.525002 32.718750 
140951951087135 -84.562500 89.981255 34.406250 
140951971087135 -85.331253 89.212502 35.868752 
140951991087135 -86.118752 88.575005 37.500000 
140952011087135 -86.287506 87.956253 38.943752 
140952031087135 -86.775002 87.337502 40.425003 
140952051087135 -87.150002 86.868752 41.550003 
140952071087135 -87.731255 86.325005 42.712502 
140952091087135 -88.237503 85.781250 43.575001 
140952111087135 -89.006256 85.125000 44.418751 
140952131087135 -90.000000 84.581253 45.168751 
140952151087135 -90.937500 83.887505 45.825001 
140952171087135 -92.118752 83.287506 46.181252 
140952191087135 -93.131256 82.762505 46.350002 
140952211087135 -94.068756 81.843750 46.556252 
140952231087135 -94.856255 81.300003 46.500000 
140952251087135 -95.306252 81.056252 46.443752 
140952271087135 -95.831253 80.962502 46.237503 
140952291087135 -95.775002 81.056252 45.806252 
140952311087135 -95.718750 81.562500 45.131252 
140952331087135 -95.156250 82.406250 44.081253 
140952351087135 -94.012505 83.550003 42.375000 
140952371087135 -92.793755 84.937500 40.556252 
140952391087135 -91.406250 86.381256 38.081253 
140952411087135 -90.056252 87.862503 35.362503 
140952431087135 -88.312500 89.268753 32.606251 
140952451087135 -87.056252 90.656250 29.831251 
140952471087135 -85.275002 91.912506 27.093752 
140952491087135 -83.625000 92.850006 24.431252 
140952511087135 -82.406250 93.450005 22.462502 
140952531087135 -81.431252 93.956253 20.550001 
140952551087135 -80.437500 94.293755 19.200001 
140952571087135 -79.650002 94.425003 18.056252 
140952591087135 -79.031250 94.687500 17.568750 
140952611087135 -78.337502 94.631256 17.381250 
140952631087135 -78.187500 94.631256 17.681252 
140952651087135 -78.337502 94.575005 18.581251 
140952671087135 -78.525002 94.331253 19.875000 
140952691087135 -78.712502 94.462502 20.868752 
140952711087135 -78.768753 94.350006 22.087502 
140952731087135 -78.675003 94.631256 23.118752 
140952751087135 -78.693756 94.856255 23.943750 
140952771087135 -78.637505 94.762505 24.562502 
140952791087135 -78.393753 94.762505 24.937502 
140952811087135 -77.868752 94.743752 25.237501 
140952831087135 -77.400002 95.081253 25.256250 
140952851087135 -76.912506 95.250000 25.837502 
140952871087135 -77.212502 95.475006 26.250002 
140952891087135 -77.568756 95.212502 27.225000 
140952911087135 -77.775002 94.762505 28.237501 
140952931087135 -78.487503 94.762505 29.587502 
140952951087135 -79.443756 94.575005 31.125002 
140952971087135 -80.437500 94.237503 32.925003 
140952991087135 -81.375000 93.600006 34.687500 
140953011087135 -82.181252 92.887505 36.300003 
140953031087135 -82.612503 92.231255 38.212502 
140953051087135 -83.118752 91.687500 39.937500 
140953071087135 -84.000000 91.143753 41.512501 
140953091087135 -84.543755 90.562500 42.712502 
140953111087135 -84.956253 89.812500 43.800003 
140953131087135 -85.556252 89.231255 44.531250 
140953151087135 -86.418755 88.650002 45.468750 
140953171087135 -87.318756 88.087502 46.237503 
140953191087135 -88.368752 87.562500 46.593750 
140953211087135 -89.475006 87.150002 46.800003 
140953231087135 -90.168755 86.812500 46.893753 
140953251087135 -90.806252 86.475006 46.687500 
140953271087135 -91.181252 86.437500 46.012501 
140953291087135 -91.593750 86.493752 45.187500 
140953311087135 -91.256256 86.643753 43.743752 
140953331087135 -90.525002 87.075005 41.756252 
140953351087135 -89.268753 87.487503 39.637501 
140953371087135 -88.031250 88.012505 37.143753 
140953391087135 -86.512505 88.518753 34.293751 
140953411087135 -84.975006 89.025002 31.481251 
140953431087135 -83.531250 89.418755 28.762501 
140953451087135 -81.956253 89.812500 25.781252 
140953471087135 -80.606255 89.831253 23.287500 
140953491087135 -79.593750 89.850006 21.356251 
140953511087135 -78.543755 89.831253 19.875000 
140953531087135 -77.231255 89.718750 18.543751 
140953551087135 -76.068756 89.400002 17.531250 
140953571087135 -74.887505 89.118752 16.781250 
140953591087135 -74.100006 89.043755 16.256250 
140953611087135 -73.331253 88.650002 16.143751 
140953631087135 -72.937500 88.425003 16.012501 
140953651087135 -72.487503 88.087502 16.500000 
140953671087135 -72.281250 87.787506 17.212502 
140953691087135 -72.712502 87.375000 18.206251 
140953711087135 -73.293755 87.187500 19.106251 
140953731087135 -73.631256 87.093750 19.968750 
140953751087135 -73.462502 86.700005 21.093750 
140953771087135 -73.200005 86.456253 22.237501 
140953791087135 -72.956253 86.456253 23.493752 
140953811087135 -73.050003 86.250000 24.881250 
140953831087135 -72.825005 86.043755 25.556252 
140953851087135 -72.393753 85.968750 26.212502 
140953871087135 -71.737503 86.025002 27.150002 
140953891087135 -71.568756 85.837502 28.631250 
140953911087135 -71.812500 85.743752 29.718752 
140953931087135 -72.656250 85.800003 31.181252 
140953951087135 -73.650002 85.837502 32.756252 
140953971087135 -74.193756 85.575005 33.881252 
140953991087135 -75.375000 85.218750 35.681252 
140954011087135 -76.593750 84.693756 37.818752 
140954031087135 -78.206253 84.150002 39.768753 
140954051087135 -79.443756 83.568756 41.400002 
140954071087135 -80.868752 82.837502 43.125000 
140954091087135 -81.881256 81.843750 44.456253 
140954111087135 -82.781250 80.718750 45.543751 
140954131087135 -83.962502 80.025002 46.706253 
140954151087135 -84.975006 79.237503 47.362503 
140954171087135 -85.762505 78.412506 47.681252 
140954191087135 -86.550003 77.662506 48.037502 
140954211087135 -87.675003 77.193756 48.300003 
140954231087135 -88.593750 76.537506 48.468754 
140954251087135 -89.550003 76.218750 48.656254 
140954271087135 -90.637505 76.068756 48.918751 
140954291087135 -91.556252 76.012505 48.675003 
140954311087135 -92.081253 76.237503 48.431252 
140954331087135 -92.437500 76.800003 48.075001 
140954351087135 -92.587502 77.606255 47.118752 
140954371087135 -92.437500 78.600006 45.862503 
140954391087135 -91.987503 80.137505 44.193752 
140954411087135 -91.181252 81.600006 42.468750 
140954431087135 -90.431252 83.006256 40.106251 
140954451087135 -89.362503 84.618752 37.706253 
140954471087135 -88.331253 86.100006 35.043751 
140954491087135 -87.318756 87.337502 32.137501 
140954511087135 -86.118752 88.462502 29.662500 
140954531087135 -84.937500 89.175003 27.131250 
140954551087135 -83.868752 89.643753 25.125002 
140954571087135 -82.912506 90.281250 23.043751 
140954591087135 -81.562500 90.806252 21.243752 
140954611087135 -80.456253 90.900002 19.575001 
140954631087135 -79.481255 91.050003 18.525002 
140954651087135 -78.675003 91.462502 17.831251 
140954671087135 -78.206253 91.500000 17.531250 
140954691087135 -77.962502 91.687500 17.981251 
140954711087135 -77.831253 91.781250 18.675001 
140954731087135 -77.718750 91.743752 19.406250 
140954751087135 -77.943756 91.818756 20.418751 
140954771087135 -78.112503 92.081253 21.431252 
140954791087135 -78.243752 92.400002 22.237501 
140954811087135 -78.300003 92.400002 23.437500 
140954831087135 -78.281250 92.625000 24.187502 
140954851087135 -78.375000 92.381256 24.918751 
140954871087135 -78.450005 92.550003 25.275002 
140954891087135 -78.506256 92.737503 25.668751 
140954911087135 -78.468750 92.531250 26.306252 
140954931087135 -78.900002 92.212502 27.206251 
140954951087135 -79.537506 91.856255 28.481251 
140954971087135 -80.512505 91.575005 29.700001 
140954991087135 -81.525002 90.993752 31.331251 
140955011087135 -82.518753 90.787506 32.756252 
140955031087135 -83.531250 90.225006 34.443752 
140955051087135 -84.656250 89.437500 36.093750 
140955071087135 -85.668755 88.968750 37.818752 
140955091087135 -86.381256 88.462502 39.393753 
140955111087135 -87.037506 87.750000 40.687500 
140955131087135 -87.431252 87.075005 41.568752 
140955151087135 -88.293755 86.456253 42.337502 
140955171087135 -88.931252 85.800003 42.937500 
140955191087135 -89.550003 85.068756 43.575001 
140955211087135 -90.318756 84.318756 44.175003 
140955231087135 -91.181252 83.550003 44.475002 
140955251087135 -92.137505 82.912506 44.868752 
140955271087135 -93.150002 82.406250 44.943752 
140955291087135 -94.350006 81.693756 45.337502 
140955311087135 -94.875000 81.187500 45.375000 
140955331087135 -95.381256 80.756256 45.393753 
140955351087135 -96.000000 80.775002 45.243752 
140955371087135 -96.318756 80.793755 44.793751 
140955391087135 -96.243752 81.093750 44.118752 
140955411087135 -96.037506 81.656250 42.881252 
140955431087135 -95.343750 82.462502 41.831253 
140955451087135 -94.256256 83.831253 40.200001 
140955471087135 -93.356255 85.200005 38.343750 
140955491087135 -92.250000 86.587502 35.831253 
140955511087135 -90.993752 87.731255 33.262501 
140955531087135 -89.700005 89.118752 30.675001 
140955551087135 -88.350006 90.075005 28.050001 
140955571087135 -87.056252 90.900002 25.800001 
140955591087135 -85.912506 91.556252 23.287500 
140955611087135 -84.843750 91.706253 21.018751 
140955631087135 -83.568756 91.875000 19.162500 
140955651087135 -82.443756 92.025002 17.718750 
140955671087135 -81.225006 92.137505 16.425001 
140955691087135 -80.381256 92.118752 15.543751 
140955711087135 -79.968750 92.381256 15.150001 
140955731087135 -79.743752 92.437500 15.168751 
140955751087135 -79.650002 92.437500 16.068750 
140955771087135 -79.893753 92.287506 17.062500 
140955791087135 -80.118752 92.287506 17.831251 
140955811087135 -80.306252 92.231255 18.787500 
140955831087135 -80.493752 92.081253 19.968750 
140955851087135 -80.643753 92.231255 21.018751 
140955871087135 -80.700005 92.025002 22.143751 
140955891087135 -80.456253 91.837502 22.856251 
140955911087135 -80.250000 91.762505 23.006250 
140955931087135 -79.818756 91.893753 23.418751 
140955951087135 -80.006256 91.875000 24.262501 
140955971087135 -80.437500 91.687500 25.256250 
140955991087135 -81.150002 91.556252 26.362501 
140956011087135 -81.956253 91.125000 27.675001 
140956031087135 -83.025002 90.843750 28.743752 
140956051087135 -84.056252 90.450005 30.000002 
140956071087135 -85.162506 89.925003 31.612501 
140956091087135 -86.343750 89.400002 33.337502 
140956111087135 -87.356255 88.725006 34.968750 
140956131087135 -88.050003 88.106255 36.525002 
140956151087135 -88.687500 87.337502 37.800003 
140956171087135 -89.400002 86.662506 38.812500 
140956191087135 -90.000000 86.156250 39.693752 
140956211087135 -90.918755 85.631256 40.725002 
140956231087135 -91.837502 85.087502 41.400002 
140956251087135 -92.831253 84.412506 41.737503 
140956271087135 -93.843750 83.868752 41.887501 
140956291087135 -95.006256 83.287506 42.056252 
140956311087135 -96.056252 82.762505 42.206253 
140956331087135 -96.806252 82.331253 42.375000 
140956351087135 -97.425003 81.731255 42.412502 
140956371087135 -97.800003 81.356255 42.112503 
140956391087135 -97.912506 81.262505 41.700001 
140956411087135 -97.837502 81.768753 41.081253 
140956431087135 -96.993752 82.350006 39.956253 
140956451087135 -96.037506 83.137505 38.643753 
140956471087135 -94.968750 84.206253 37.106251 
140956491087135 -93.881256 85.406250 35.306252 
140956511087135 -92.568756 86.681252 33.131252 
140956531087135 -91.031250 87.937500 30.768751 
140956551087135 -89.475006 88.950005 28.312502 
140956571087135 -87.993752 89.831253 25.912500 
140956591087135 -86.681252 90.506256 24.037500 
140956611087135 -85.275002 90.937500 22.087502 
140956631087135 -83.868752 91.275002 20.100000 
140956651087135 -82.350006 91.425003 18.168751 
140956671087135 -80.906250 91.612503 16.762501 
140956691087135 -79.893753 91.612503 15.750001 
140956711087135 -79.200005 91.762505 15.243751 
140956731087135 -78.600006 91.575005 15.150001 
140956751087135 -78.581253 91.443756 15.450001 
140956771087135 -78.937500 91.631256 16.500000 
140956791087135 -79.443756 91.575005 17.325001 
140956811087135 -79.762505 91.443756 18.337502 
140956831087135 -79.668755 91.406250 19.312500 
140956851087135 -79.443756 91.781250 20.625000 
140956871087135 -79.293755 91.856255 21.450001 
140956891087135 -79.237503 91.875000 22.406250 
140956911087135 -78.675003 92.006256 22.837502 
140956931087135 -78.131256 91.856255 23.100000 
140956951087135 -77.568756 92.137505 23.456251 
140956971087135 -77.381256 92.193756 24.375002 
140956991087135 -77.831253 91.987503 25.331251 
140957011087135 -78.656250 91.481255 26.137501 
140957031087135 -79.425003 91.256256 27.225000 
140957051087135 -80.231255 90.918755 28.143751 
140957071087135 -81.337502 90.281250 29.493752 
140957091087135 -82.218750 89.850006 30.768751 
140957111087135 -83.137505 89.006256 32.512501 
140957131087135 -83.925003 88.462502 33.768753 
140957151087135 -84.825005 87.956253 35.325001 
140957171087135 -85.500000 87.300003 36.506252 
140957191087135 -86.043755 86.625000 37.612503 
140957211087135 -86.437500 86.006256 38.700001 
140957231087135 -87.187500 85.631256 39.637501 
140957251087135 -88.031250 84.900002 40.462502 
140957271087135 -89.025002 84.431252 41.100002 
140957291087135 -89.981255 83.718750 41.831253 
140957311087135 -90.806252 83.156250 42.281250 
140957331087135 -91.818756 82.368752 42.787502 
140957351087135 -92.662506 81.675003 43.162502 
140957371087135 -93.543755 81.225006 43.387501 
140957391087135 -94.087502 80.587502 43.481251 
140957411087135 -94.368752 80.268753 43.518753 
140957431087135 -94.425003 80.212502 43.481251 
140957451087135 -94.237503 80.475006 43.125000 
140957471087135 -93.675003 80.775002 42.450001 
140957491087135 -92.475006 81.581253 41.681252 
140957511087135 -91.631256 82.518753 40.218750 
140957531087135 -90.581253 83.587502 38.343750 
140957551087135 -89.306252 84.637505 36.356251 
140957571087135 -88.068756 85.743752 33.937500 
140957591087135 -86.737503 86.531250 31.387501 
140957611087135 -85.425003 87.337502 28.837502 
140957631087135 -84.225006 88.087502 26.306252 
140957651087135 -83.268753 88.575005 23.756250 
140957671087135 -82.237503 88.818756 21.750000 
140957691087135 -81.075005 88.931252 20.137501 
140957711087135 -80.062500 89.193756 18.918751 
140957731087135 -79.125000 89.418755 17.850000 
140957751087135 -78.525002 89.606255 17.287500 
140957771087135 -78.206253 89.493752 17.212502 
140957791087135 -78.262505 89.456253 17.643751 
140957811087135 -78.168755 89.475006 18.918751 
140957831087135 -78.150002 89.362503 20.156250 
140957851087135 -78.581253 89.175003 21.206251 
140957871087135 -78.712502 89.325005 22.125000 
140957891087135 -78.562500 89.137505 23.437500 
140957911087135 -78.337502 89.137505 24.431252 
140957931087135 -78.056252 89.325005 25.125002 
140957951087135 -77.493752 89.400002 25.575001 
140957971087135 -77.043755 89.381256 25.518751 
140957991087135 -76.556252 89.568756 25.743752 
140958011087135 -75.750000 89.887505 26.662500 
140958031087135 -75.375000 89.775002 27.543751 
140958051087135 -75.450005 89.681252 28.312502 
140958071087135 -75.318756 89.456253 29.418751 
140958091087135 -75.318756 89.100006 30.806252 
140958111087135 -75.243752 88.556252 32.531250 
140958131087135 -75.300003 88.125000 34.368752 
140958151087135 -75.018753 87.543755 36.412502 
140958171087135 -74.962502 86.643753 38.193752 
140958191087135 -74.850006 85.818756 39.956253 
140958211087135 -74.737503 84.843750 41.793751 
140958231087135 -74.681252 83.981255 43.556252 
140958251087135 -74.681252 83.212502 45.187500 
140958271087135 -74.925003 82.406250 46.575001 
140958291087135 -74.943756 81.712502 47.981251 
140958311087135 -75.412506 80.981255 49.387501 
140958331087135 -76.087502 80.156250 50.568752 
140958351087135 -76.575005 79.462502 51.712502 
140958371087135 -77.081253 78.881256 52.668751 
140958391087135 -77.662506 78.468750 53.381252 
140958411087135 -78.243752 77.812500 54.093754 
140958431087135 -78.881256 77.531250 54.506252 
140958451087135 -79.462502 77.343750 54.431252 
140958471087135 -79.781250 77.737503 53.643753 
140958491087135 -79.462502 78.806252 52.612503 
140958511087135 -79.125000 79.781250 50.887501 
140958531087135 -78.506256 81.300003 48.881252 
140958551087135 -78.018753 82.706253 46.687500 
140958571087135 -77.606255 84.412506 44.025002 
140958591087135 -76.931252 85.968750 41.212502 
140958611087135 -76.425003 87.618752 38.493752 
140958631087135 -76.331253 88.706253 35.681252 
140958651087135 -76.331253 89.268753 32.887501 
140958671087135 -76.218750 90.225006 30.750002 
140958691087135 -76.368752 90.618752 28.725000 
140958711087135 -76.181252 91.012505 26.812502 
140958731087135 -75.750000 91.331253 25.275002 
140958751087135 -75.225006 91.725006 23.925001 
140958771087135 -74.831253 91.856255 22.725000 
140958791087135 -74.137505 92.025002 22.200001 
140958811087135 -73.781250 92.193756 22.012501 
140958831087135 -73.987503 92.156250 22.162500 
140958851087135 -73.968750 92.081253 22.968750 
140958871087135 -74.118752 92.025002 23.906250 
140958891087135 -74.418755 91.875000 24.787500 
140958911087135 -74.681252 91.706253 25.650002 
140958931087135 -74.756256 91.537506 26.550001 
140958951087135 -74.850006 91.481255 27.356251 
140958971087135 -75.056252 91.406250 28.125002 
140958991087135 -74.606255 91.462502 28.781252 
140959011087135 -74.437500 91.612503 28.893751 
140959031087135 -74.568756 91.556252 29.118752 
140959051087135 -74.568756 91.556252 29.493752 
140959071087135 -75.093750 91.518753 30.412500 
140959091087135 -75.843750 91.631256 31.462502 
140959111087135 -76.856255 91.331253 32.512501 
140959131087135 -77.812500 90.937500 33.750000 
140959151087135 -79.218750 90.375000 34.800003 
140959171087135 -80.456253 89.756256 36.431252 
140959191087135 -81.450005 89.325005 37.931252 
140959211087135 -82.650002 88.650002 39.768753 
140959231087135 -83.925003 87.750000 41.193752 
140959251087135 -85.350006 86.793755 42.487503 
140959271087135 -86.400002 85.875000 43.818752 
140959291087135 -87.431252 85.181252 44.906250 
140959311087135 -88.443756 84.637505 45.881252 
140959331087135 -89.550003 83.943756 46.406250 
140959351087135 -90.731255 83.118752 46.875000 
140959371087135 -91.875000 82.650002 47.137501 
140959391087135 -92.681252 82.350006 47.343750 
140959411087135 -93.337502 81.937500 47.400002 
140959431087135 -94.125000 81.787506 47.212502 
140959451087135 -94.912506 81.393753 46.968750 
140959471087135 -95.475006 81.000000 46.668751 
140959491087135 -95.925003 81.037506 46.368752 
140959511087135 -96.281258 81.243752 45.975002 
140959531087135 -96.168755 81.431252 45.131252 
140959551087135 -95.962502 81.806252 44.137501 
140959571087135 -95.362503 82.537506 42.881252 
140959591087135 -94.425003 83.550003 41.437500 
140959611087135 -93.431252 84.768753 39.600002 
140959631087135 -92.625000 86.006256 37.631252 
140959651087135 -91.875000 87.168755 35.175003 
140959671087135 -90.750000 88.275002 32.662502 
140959691087135 -89.756256 89.381256 30.093752 
140959711087135 -88.781250 90.168755 27.581251 
140959731087135 -87.656250 90.806252 25.368752 
140959751087135 -86.831253 91.350006 23.193750 
140959771087135 -85.556252 91.800003 21.487501 
140959791087135 -84.412506 92.006256 20.025002 
140959811087135 -83.081253 92.156250 18.956251 
140959831087135 -82.031250 92.137505 18.243752 
140959851087135 -81.281250 92.287506 18.018751 
140959871087135 -80.512505 92.381256 18.056252 
140959891087135 -80.325005 92.325005 18.562500 
140959911087135 -80.418755 91.950005 19.631250 
140959931087135 -80.887505 91.893753 20.812500 
140959951087135 -80.981255 91.987503 21.768751 
140959971087135 -81.131256 91.968750 22.800001 
140959991087135 -81.393753 92.287506 23.906250 
140960011087135 -81.412506 92.250000 24.787500 
140960031087135 -81.487503 92.306252 25.500002 
140960051087135 -81.581253 92.343750 26.268751 
140960071087135 -81.112503 92.587502 26.568750 
140960091087135 -80.568756 92.418755 26.981251 
140960111087135 -80.456253 92.175003 27.787500 
140960131087135 -80.681252 92.081253 28.725000 
140960151087135 -81.112503 91.631256 29.475000 
140960171087135 -81.918755 91.275002 30.412500 
140960191087135 -83.137505 90.656250 31.500002 
140960211087135 -84.168755 90.131256 32.456253 
140960231087135 -85.575005 89.306252 33.581253 
140960251087135 -86.700005 88.781250 34.706253 
140960271087135 -87.881256 88.200005 35.718750 
140960291087135 -88.800003 87.543755 36.637501 
140960311087135 -89.587502 86.850006 37.687500 
140960331087135 -90.300003 86.362503 38.643753 
140960351087135 -90.468750 85.950005 39.656250 
140960371087135 -90.881256 85.293755 40.368752 
140960391087135 -91.200005 84.993752 41.100002 
140960411087135 -92.006256 84.562500 41.812500 
140960431087135 -92.643753 84.131256 42.337502 
140960451087135 -93.150002 83.306252 43.050003 
140960471087135 -93.862503 82.818756 43.537502 
140960491087135 -94.481255 82.218750 43.875000 
140960511087135 -95.118752 81.825005 43.968750 
140960531087135 -95.850006 81.675003 44.006252 
140960551087135 -96.525002 81.618752 43.856251 
140960571087135 -97.012505 81.468750 43.125000 
140960591087135 -97.275002 81.506256 42.450001 
140960611087135 -97.256256 82.181252 41.268753 
140960631087135 -96.825005 83.062500 39.768753 
140960651087135 -96.225006 83.831253 37.856251 
140960671087135 -95.681252 84.637505 35.981251 
140960691087135 -94.668755 85.518753 33.843750 
140960711087135 -93.543755 86.306252 31.275002 
140960731087135 -92.400002 87.206253 28.668751 
140960751087135 -91.106255 88.068756 25.912500 
140960771087135 -90.187500 88.762505 23.475000 
140960791087135 -89.118752 88.968750 21.168751 
140960811087135 -87.937500 89.325005 19.200001 
140960831087135 -86.793755 89.662506 17.175001 
140960851087135 -85.650002 89.793755 15.318750 
140960871087135 -84.843750 90.150002 14.137501 
140960891087135 -84.075005 90.506256 13.275001 
140960911087135 -83.568756 90.712502 12.731251 
140960931087135 -83.175003 90.693756 12.506250 
140960951087135 -83.250000 90.750000 13.106251 
140960971087135 -83.793755 90.750000 14.025001 
140960991087135 -84.356255 90.843750 14.943750 
140961011087135 -84.618752 90.806252 15.768750 
140961031087135 -84.712502 90.787506 16.668751 
140961051087135 -84.675003 90.637505 17.587502 
140961071087135 -84.787506 90.468750 18.656250 
140961091087135 -84.881256 90.450005 19.687500 
140961111087135 -84.918755 90.543755 20.100000 
140961131087135 -84.543755 90.431252 20.231251 
140961151087135 -84.300003 90.562500 20.625000 
140961171087135 -84.562500 90.487503 21.262501 
140961191087135 -84.881256 90.168755 22.162500 
140961211087135 -85.575005 90.037506 23.156250 
140961231087135 -86.475006 89.906250 24.168751 
140961251087135 -87.375000 89.662506 24.993752 
140961271087135 -88.256256 89.400002 26.118752 
140961291087135 -89.193756 89.193756 27.600000 
140961311087135 -89.775002 88.537506 29.175001 
140961331087135 -90.543755 88.275002 31.087502 
140961351087135 -91.312500 87.712502 32.287502 
140961371087135 -91.931252 87.187500 33.862503 
140961391087135 -92.043755 86.456253 35.175003 
140961411087135 -92.212502 85.987503 36.375000 
140961431087135 -92.587502 85.593750 37.556252 
140961451087135 -92.906250 85.031250 38.456253 
140961471087135 -93.806252 84.600006 39.281250 
140961491087135 -94.368752 83.887505 39.787502 
140961511087135 -94.800003 83.662506 40.350002 
140961531087135 -95.512505 83.193756 40.518753 
140961551087135 -96.525002 82.818756 40.631252 
140961571087135 -97.275002 82.518753 40.725002 
140961591087135 -97.762505 82.181252 40.556252 
140961611087135 -98.381256 81.975006 40.200001 
140961631087135 -98.625008 81.881256 39.318752 
140961651087135 -99.112503 82.106255 38.343750 
140961671087135 -99.525002 82.143753 37.256252 
140961691087135 -99.468758 82.406250 35.906250 
140961711087135 -99.112503 83.043755 34.350002 
140961731087135 -98.437508 83.643753 32.512501 
140961751087135 -97.668755 84.468750 30.131250 
140961771087135 -96.900002 85.443756 27.975000 
140961791087135 -95.568756 86.268753 25.837502 
140961811087135 -93.918755 87.150002 23.381250 
140961831087135 -92.287506 88.162506 21.375000 
140961851087135 -90.487503 89.118752 19.612501 
140961871087135 -88.537506 89.868752 18.037500 
140961891087135 -86.943756 90.300003 16.687500 
140961911087135 -85.106255 90.506256 15.843751 
140961931087135 -83.493752 90.768753 15.018750 
140961951087135 -82.181252 91.012505 14.550000 
140961971087135 -81.168755 91.275002 14.925000 
140961991087135 -80.287506 91.275002 15.131250 
140962011087135 -79.800003 91.256256 15.937501 
140962031087135 -79.743752 90.975006 17.193750 
140962051087135 -80.100006 90.825005 18.562500 
140962071087135 -80.587502 90.862503 19.781250 
140962091087135 -80.793755 91.031250 21.000000 
140962111087135 -81.206253 91.012505 21.993752 
140962131087135 -81.562500 91.106255 22.856251 
140962151087135 -81.862503 91.200005 24.018751 
140962171087135 -82.031250 91.256256 24.543751 
140962191087135 -82.406250 91.350006 24.543751 
140962211087135 -82.237503 91.537506 24.750002 
140962231087135 -82.462502 91.500000 25.256250 
140962251087135 -83.062500 91.106255 25.800001 
140962271087135 -84.000000 90.937500 26.662500 
140962291087135 -85.200005 90.375000 27.393751 
140962311087135 -86.268753 89.943756 28.312502 
140962331087135 -87.525002 89.343750 29.531252 
140962351087135 -88.368752 88.800003 31.106251 
140962371087135 -89.475006 88.218750 32.475002 
140962391087135 -90.243752 87.600006 33.918751 
140962411087135 -90.881256 87.093750 35.381252 
140962431087135 -91.312500 86.493752 36.881252 
140962451087135 -91.518753 86.043755 38.456253 
140962471087135 -92.062500 85.462502 39.468750 
140962491087135 -92.550003 84.900002 40.106251 
140962511087135 -93.206253 84.412506 40.931252 
140962531087135 -93.900002 83.850006 41.606251 
140962551087135 -94.912506 83.100006 42.168751 
140962571087135 -95.512505 82.481255 42.693752 
140962591087135 -96.356255 81.618752 43.031250 
140962611087135 -97.162506 81.131256 43.125000 
140962631087135 -97.575005 80.550003 43.387501 
140962651087135 -97.837502 80.418755 43.743752 
140962671087135 -97.837502 80.550003 43.200001 
140962691087135 -97.462502 80.925003 42.656250 
140962711087135 -96.618752 81.787506 41.512501 
140962731087135 -96.000000 82.631256 40.200001 
140962751087135 -95.118752 83.906250 38.662502 
140962771087135 -93.937500 84.862503 36.600002 
140962791087135 -93.093750 86.006256 34.162502 
140962811087135 -91.931252 87.093750 31.481251 
140962831087135 -90.900002 88.162506 29.118752 
140962851087135 -89.718750 89.081253 26.531252 
140962871087135 -88.743752 89.587502 24.506250 
140962891087135 -87.600006 90.150002 22.668751 
140962911087135 -86.400002 90.806252 20.812500 
140962931087135 -85.237503 91.218750 19.350000 
140962951087135 -84.000000 91.650002 18.243752 
140962971087135 -82.743752 91.875000 17.587502 
140962991087135 -81.731255 91.837502 17.250000 
140963011087135 -81.318756 91.762505 17.456251 
140963031087135 -81.112503 92.025002 18.075001 
140963051087135 -81.112503 91.931252 18.900002 
140963071087135 -81.243752 91.631256 19.706251 
140963091087135 -81.168755 91.687500 20.550001 
140963111087135 -80.962502 91.762505 21.506250 
140963131087135 -80.925003 91.725006 22.406250 
140963151087135 -80.756256 91.706253 23.175001 
140963171087135 -80.662506 91.875000 24.056252 
140963191087135 -80.156250 91.575005 24.787500 
140963211087135 -79.293755 91.743752 24.956251 
140963231087135 -78.468750 91.912506 25.725000 
140963251087135 -78.037506 91.837502 26.643751 
140963271087135 -77.737503 91.612503 27.843752 
140963291087135 -78.131256 91.500000 28.875002 
140963311087135 -78.843750 91.275002 30.056252 
140963331087135 -79.350006 90.825005 31.031252 
140963351087135 -80.137505 90.375000 32.268753 
140963371087135 -81.468750 89.662506 33.843750 
140963391087135 -82.650002 88.893753 35.400002 
140963411087135 -83.775002 88.293755 37.012501 
140963431087135 -84.975006 87.712502 38.362503 
140963451087135 -85.912506 87.075005 39.993752 
140963471087135 -86.550003 86.437500 41.493752 
140963491087135 -87.000000 85.743752 42.768753 
140963511087135 -87.825005 85.293755 43.668751 
140963531087135 -88.518753 84.787506 44.662502 
140963551087135 -89.606255 83.943756 45.450001 
140963571087135 -90.750000 83.362503 46.087502 
140963591087135 -91.781250 82.500000 46.706253 
140963611087135 -92.550003 81.787506 47.025002 
140963631087135 -93.412506 81.225006 47.043751 
140963651087135 -94.462502 80.737503 46.987503 
140963671087135 -94.931252 80.362503 46.912502 
140963691087135 -95.512505 80.268753 46.368752 
140963711087135 -95.456253 80.756256 45.712502 
140963731087135 -95.456253 81.037506 44.831253 
140963751087135 -95.193756 81.881256 43.293751 
140963771087135 -94.443756 82.837502 41.643753 
140963791087135 -93.656250 83.887505 40.218750 
140963811087135 -92.737503 84.993752 38.362503 
140963831087135 -91.987503 86.212502 36.000000 
140963851087135 -90.862503 87.225006 33.562500 
140963871087135 -90.000000 88.143753 30.975000 
140963891087135 -88.631256 88.987503 28.275002 
140963911087135 -87.525002 89.606255 26.175001 
140963931087135 -86.437500 90.000000 24.243752 
140963951087135 -85.312500 90.693756 22.050001 
140963971087135 -84.131256 91.218750 20.325001 
140963991087135 -82.856255 91.443756 19.050001 
140964011087135 -81.637505 91.818756 18.018751 
140964031087135 -80.493752 91.781250 17.493752 
140964051087135 -79.668755 92.062500 17.250000 
140964071087135 -79.031250 92.100006 17.362501 
140964091087135 -79.237503 92.118752 17.906250 
140964111087135 -79.443756 91.893753 18.750000 
140964131087135 -79.556252 91.650002 19.743752 
140964151087135 -79.856255 91.687500 20.643751 
140964171087135 -80.081253 91.612503 21.712502 
140964191087135 -80.137505 91.800003 22.425001 
140964211087135 -80.231255 91.781250 23.325001 
140964231087135 -80.156250 91.781250 24.075001 
140964251087135 -79.537506 91.837502 24.487501 
140964271087135 -78.881256 91.818756 24.768751 
140964291087135 -78.637505 92.081253 25.200001 
140964311087135 -78.187500 91.893753 25.837502 
140964331087135 -78.450005 91.575005 26.643751 
140964351087135 -78.918755 91.256256 27.787500 
140964371087135 -79.856255 90.862503 28.875002 
140964391087135 -80.737503 90.675003 29.981251 
140964411087135 -81.768753 90.262505 31.537500 
140964431087135 -82.781250 89.662506 33.187500 
140964451087135 -83.737503 88.725006 34.968750 
140964471087135 -84.731255 88.125000 36.712502 
140964491087135 -85.612503 87.487503 38.193752 
140964511087135 -86.381256 86.718750 39.712502 
140964531087135 -86.700005 85.968750 41.081253 
140964551087135 -87.131256 84.975006 42.281250 
140964571087135 -87.862503 84.281250 43.143753 
140964591087135 -88.706253 83.643753 43.893753 
140964611087135 -89.418755 82.968750 44.493752 
140964631087135 -90.450005 82.293755 44.737503 
140964651087135 -91.181252 81.806252 45.281250 
140964671087135 -92.006256 81.393753 45.600002 
140964691087135 -93.000000 80.681252 45.843750 
140964711087135 -93.862503 80.343750 45.918751 
140964731087135 -94.350006 80.100006 45.693752 
140964751087135 -94.668755 80.175003 45.431252 
140964771087135 -94.743752 80.475006 44.737503 
140964791087135 -94.425003 80.981255 43.931252 
140964811087135 -93.637505 81.656250 42.637501 
140964831087135 -92.681252 82.500000 41.081253 
140964851087135 -91.687500 83.943756 39.187500 
140964871087135 -90.468750 85.162506 36.975002 
140964891087135 -89.193756 86.175003 34.406250 
140964911087135 -87.881256 86.981255 31.818750 
140964931087135 -86.812500 88.031250 29.437502 
140964951087135 -85.425003 88.818756 27.337502 
140964971087135 -84.375000 89.475006 25.200001 
140964991087135 -83.343750 89.962502 23.287500 
140965011087135 -81.918755 90.187500 21.618752 
140965031087135 -80.925003 90.337502 20.268751 
140965051087135 -79.837502 90.693756 19.500000 
140965071087135 -78.993752 90.881256 18.693750 
140965091087135 -78.300003 90.881256 18.506250 
140965111087135 -78.056252 90.843750 18.543751 
140965131087135 -77.887505 90.731255 19.218750 
140965151087135 -78.150002 90.581253 20.100000 
140965171087135 -78.543755 90.300003 21.075001 
140965191087135 -78.393753 90.375000 21.918751 
140965211087135 -78.337502 90.281250 22.818750 
140965231087135 -78.243752 90.093750 23.943750 
140965251087135 -77.850006 90.187500 24.412500 
140965271087135 -77.231255 90.150002 24.862501 
140965291087135 -76.668755 89.981255 25.087502 
140965311087135 -76.068756 90.018753 25.462502 
140965331087135 -75.975006 90.187500 26.137501 
140965351087135 -76.406250 90.000000 27.300001 
140965371087135 -77.325005 89.793755 28.256250 
140965391087135 -78.150002 89.831253 29.531252 
140965411087135 -79.143753 89.325005 31.050001 
140965431087135 -80.456253 88.931252 32.793751 
140965451087135 -81.862503 88.556252 34.481251 
140965471087135 -83.100006 88.012505 36.075001 
140965491087135 -84.131256 87.356255 37.331253 
140965511087135 -85.143753 86.850006 38.643753 
140965531087135 -85.968750 86.175003 39.956253 
140965551087135 -86.812500 85.368752 41.175003 
140965571087135 -87.787506 84.450005 42.243752 
140965591087135 -88.706253 83.718750 43.031250 
140965611087135 -89.550003 83.043755 43.612503 
140965631087135 -90.581253 82.312500 44.231251 
140965651087135 -91.706253 81.487503 44.756252 
140965671087135 -92.606255 80.887505 44.925003 
140965691087135 -93.656250 80.325005 45.018753 
140965711087135 -94.518753 79.912506 44.925003 
140965731087135 -95.437500 79.781250 44.737503 
140965751087135 -96.093758 79.743752 44.100002 
140965771087135 -96.581253 80.025002 43.350002 
140965791087135 -96.506256 80.531250 42.168751 
140965811087135 -95.906250 81.600006 40.856251 
140965831087135 -95.118752 82.668755 39.356251 
140965851087135 -94.087502 83.812500 37.706253 
140965871087135 -92.925003 84.825005 35.568752 
140965891087135 -91.406250 86.231255 33.300003 
140965911087135 -90.187500 87.562500 31.087502 
140965931087135 -88.706253 88.537506 28.893751 
140965951087135 -87.337502 89.362503 26.662500 
140965971087135 -85.912506 89.775002 24.543751 
140965991087135 -84.487503 89.887505 22.650002 
140966011087135 -83.062500 90.337502 21.000000 
140966031087135 -81.712502 90.787506 19.743752 
140966051087135 -80.531250 90.862503 18.693750 
140966071087135 -79.181252 90.768753 17.775002 
140966091087135 -78.450005 90.825005 17.175001 
140966111087135 -77.906250 90.843750 17.550001 
140966131087135 -77.737503 90.843750 18.412500 
140966151087135 -78.281250 90.862503 19.462502 
140966171087135 -78.543755 90.825005 20.193750 
140966191087135 -78.900002 90.787506 20.981251 
140966211087135 -79.068756 90.656250 22.050001 
140966231087135 -79.293755 90.918755 23.268751 
140966251087135 -79.387505 91.050003 24.656252 
140966271087135 -79.387505 90.731255 25.368752 
140966291087135 -79.256256 90.806252 25.781252 
140966311087135 -78.600006 90.825005 26.062502 
140966331087135 -78.262505 90.656250 26.925001 
140966351087135 -78.318756 90.525002 27.918751 
140966371087135 -78.900002 90.543755 28.781252 
140966391087135 -79.556252 90.206253 29.962502 
140966411087135 -80.418755 89.737503 30.881250 
140966431087135 -81.318756 89.831253 32.193752 
140966451087135 -82.350006 89.343750 33.731251 
140966471087135 -83.456253 88.875000 35.156250 
140966491087135 -84.656250 88.237503 36.581253 
140966511087135 -85.706253 87.693756 38.006252 
140966531087135 -86.718750 86.906250 39.525002 
140966551087135 -87.581253 86.175003 40.706253 
140966571087135 -88.256256 85.668755 42.056252 
140966591087135 -89.062500 84.843750 42.956253 
140966611087135 -89.831253 84.187500 43.556252 
140966631087135 -91.031250 83.531250 44.381252 
140966651087135 -91.856255 82.931252 44.925003 
140966671087135 -92.793755 82.143753 45.262501 
140966691087135 -93.600006 81.637505 45.281250 
140966711087135 -94.631256 81.018753 45.525002 
140966731087135 -95.437500 80.381256 45.375000 
140966751087135 -95.962502 80.231255 45.262501 
140966771087135 -96.637505 80.100006 44.962502 
140966791087135 -96.993752 80.137505 44.400002 
140966811087135 -97.350006 80.512505 43.631252 
140966831087135 -97.237503 81.375000 42.468750 
140966851087135 -96.731255 82.275002 41.287502 
140966871087135 -95.793755 83.587502 39.300003 
140966891087135 -94.668755 84.825005 37.331253 
140966911087135 -93.337502 86.231255 34.593750 
140966931087135 -91.875000 87.712502 32.118752 
140966951087135 -89.850006 88.987503 29.437502 
140966971087135 -88.087502 90.112503 26.812502 
140966991087135 -86.081253 90.843750 24.393751 
140967011087135 -84.243752 91.331253 22.181252 
140967031087135 -82.350006 91.425003 20.456251 
140967051087135 -80.643753 91.556252 18.825001 
140967071087135 -79.331253 91.425003 17.906250 
140967091087135 -78.000000 91.218750 17.081251 
140967111087135 -76.931252 91.237503 16.518751 
140967131087135 -75.937500 91.087502 16.331251 
140967151087135 -75.600006 90.918755 16.987501 
140967171087135 -75.562500 91.050003 17.831251 
140967191087135 -75.825005 90.937500 18.900002 
140967211087135 -76.068756 91.125000 19.987501 
140967231087135 -76.181252 91.106255 20.962502 
140967251087135 -76.050003 91.237503 21.787500 
140967271087135 -76.162506 91.012505 22.762501 
140967291087135 -76.181252 90.862503 23.756250 
140967311087135 -76.162506 90.956253 24.581251 
140967331087135 -75.637505 90.862503 25.012501 
140967351087135 -75.168755 90.825005 25.575001 
140967371087135 -74.568756 90.618752 26.193750 
140967391087135 -74.325005 90.525002 27.356251 
140967411087135 -74.737503 90.168755 28.856251 
140967431087135 -75.243752 90.131256 30.262501 
140967451087135 -75.937500 89.981255 31.875002 
140967471087135 -76.556252 89.418755 33.243752 
140967491087135 -77.550003 88.875000 34.781250 
140967511087135 -78.562500 88.425003 36.337502 
140967531087135 -79.650002 87.843750 37.968750 
140967551087135 -80.606255 87.206253 39.506252 
140967571087135 -81.075005 86.381256 40.781250 
140967591087135 -81.693756 85.500000 42.037502 
140967611087135 -82.031250 84.806252 43.050003 
140967631087135 -82.537506 84.187500 44.081253 
140967651087135 -83.025002 83.531250 45.206253 
140967671087135 -83.587502 82.931252 46.087502 
140967691087135 -84.243752 82.275002 47.081253 
140967711087135 -85.087502 81.300003 47.681252 
140967731087135 -86.043755 80.962502 48.281254 
140967751087135 -87.056252 80.718750 48.731251 
140967771087135 -87.918755 80.193756 49.068752 
140967791087135 -88.781250 79.631256 49.312504 
140967811087135 -89.287506 79.237503 49.387501 
140967831087135 -89.381256 79.275002 49.012501 
140967851087135 -89.343750 79.781250 48.243752 
140967871087135 -88.818756 80.887505 47.212502 
140967891087135 -88.068756 81.806252 45.937500 
140967911087135 -86.981255 82.725006 44.531250 
140967931087135 -85.987503 83.962502 42.581253 
140967951087135 -84.806252 85.650002 40.312500 
140967971087135 -83.625000 87.206253 37.706253 
140967991087135 -82.687500 88.200005 35.400002 
140968011087135 -81.750000 89.100006 33.056252 
140968031087135 -80.775002 89.737503 30.881250 
140968051087135 -79.687500 90.356255 28.800001 
140968071087135 -78.600006 90.825005 26.868752 
140968091087135 -77.531250 91.050003 25.443750 
140968111087135 -76.443756 91.312500 24.093752 
140968131087135 -75.431252 91.350006 22.987501 
140968151087135 -74.550003 91.650002 22.237501 
140968171087135 -74.006256 91.875000 21.993752 
140968191087135 -73.575005 91.743752 22.087502 
140968211087135 -73.575005 91.518753 22.668751 
140968231087135 -74.006256 91.368752 23.625000 
140968251087135 -74.362503 91.518753 24.337502 
140968271087135 -74.400002 91.237503 25.012501 
140968291087135 -74.531250 91.275002 25.781252 
140968311087135 -74.568756 91.181252 26.568750 
140968331087135 -74.512505 91.012505 27.281252 
140968351087135 -74.531250 91.050003 28.050001 
140968371087135 -74.325005 91.218750 28.518751 
140968391087135 -73.668755 91.275002 28.668751 
140968411087135 -73.256256 91.181252 29.193750 
140968431087135 -73.143753 91.087502 30.187502 
140968451087135 -73.331253 91.031250 31.218752 
140968471087135 -73.931252 90.956253 32.250000 
140968491087135 -74.643753 90.506256 33.525002 
140968511087135 -75.468750 90.168755 34.762501 
140968531087135 -76.500000 89.625000 36.112503 
140968551087135 -77.531250 88.968750 37.575001 
140968571087135 -78.675003 88.181252 39.168751 
140968591087135 -79.556252 87.543755 40.556252 
140968611087135 -80.381256 86.606255 42.056252 
140968631087135 -80.925003 85.968750 43.518753 
140968651087135 -81.393753 85.312500 44.512501 
140968671087135 -81.993752 84.562500 45.712502 
140968691087135 -82.612503 83.812500 46.743752 
140968711087135 -83.381256 83.062500 47.625000 
140968731087135 -84.075005 82.443756 48.450001 
140968751087135 -85.143753 81.768753 49.256252 
140968771087135 -86.475006 81.281250 49.781254 
140968791087135 -87.675003 80.437500 50.250004 
140968811087135 -88.631256 79.856255 50.925003 
140968831087135 -89.550003 79.312500 50.868752 
140968851087135 -90.543755 78.975006 50.737503 
140968871087135 -90.956253 78.918755 50.831253 
140968891087135 -91.443756 79.181252 50.400002 
140968911087135 -91.537506 79.631256 49.687504 
140968931087135 -90.881256 80.493752 48.675003 
140968951087135 -89.906250 81.656250 47.362503 
140968971087135 -89.043755 82.818756 45.562500 
140968991087135 -87.806252 84.206253 43.875000 
140969011087135 -86.287506 85.875000 42.075001 
140969031087135 -85.106255 87.412506 39.693752 
140969051087135 -83.512505 88.631256 37.743752 
140969071087135 -81.918755 89.625000 35.887501 
140969091087135 -80.437500 90.506256 34.106251 
140969111087135 -78.975006 90.975006 32.381252 
140969131087135 -77.437500 91.725006 30.768751 
140969151087135 -75.881256 92.043755 29.231251 
140969171087135 -74.306252 92.231255 27.731251 
140969191087135 -72.712502 92.250000 26.418751 
140969211087135 -71.325005 92.362503 25.218752 
140969231087135 -70.275002 92.475006 24.393751 
140969251087135 -69.581253 92.381256 24.225000 
140969271087135 -69.243752 92.250000 24.525002 
140969291087135 -69.150002 91.968750 25.181252 
140969311087135 -69.393753 91.875000 26.118752 
140969331087135 -69.675003 91.687500 26.962502 
140969351087135 -69.881256 91.556252 28.031252 
140969371087135 -70.012505 91.500000 28.837502 
140969391087135 -70.050003 91.500000 29.775002 
140969411087135 -70.031250 91.368752 30.600000 
140969431087135 -69.900002 91.462502 31.012501 
140969451087135 -69.562500 91.500000 31.012501 
140969471087135 -69.393753 91.556252 31.481251 
140969491087135 -69.056252 91.425003 32.268753 
140969511087135 -69.318756 91.425003 33.281250 
140969531087135 -70.106255 91.031250 34.500000 
140969551087135 -71.062500 90.618752 36.112503 
140969571087135 -71.756256 90.018753 37.537502 
140969591087135 -72.862503 89.362503 39.225002 
140969611087135 -74.212502 88.537506 41.156250 
140969631087135 -75.375000 87.993752 42.581253 
140969651087135 -77.025002 87.375000 44.306252 
140969671087135 -78.300003 86.475006 45.787502 
140969691087135 -79.143753 85.893753 47.231251 
140969711087135 -79.762505 85.143753 48.037502 
140969731087135 -80.812500 84.487503 48.975002 
140969751087135 -81.712502 83.850006 49.687504 
140969771087135 -82.612503 83.325005 50.568752 
140969791087135 -83.493752 82.462502 51.243752 
140969811087135 -84.281250 81.750000 51.581253 
140969831087135 -85.368752 81.375000 51.937504 
140969851087135 -86.512505 80.887505 51.956253 
140969871087135 -87.318756 80.493752 52.143753 
140969891087135 -88.106255 80.400002 52.256252 
140969911087135 -88.762505 80.362503 52.012501 
140969931087135 -89.025002 80.512505 51.581253 
140969951087135 -88.912506 81.093750 50.887501 
140969971087135 -88.293755 81.937500 49.931252 
140969991087135 -87.018753 82.837502 48.637501 
140970011087135 -86.025002 84.037506 47.231251 
140970031087135 -85.312500 85.237503 45.356251 
140970051087135 -84.187500 86.381256 42.900002 
140970071087135 -83.006256 87.675003 40.462502 
140970091087135 -81.675003 88.781250 37.968750 
140970111087135 -80.475006 89.737503 35.418751 
140970131087135 -79.425003 90.356255 32.868752 
140970151087135 -78.581253 90.675003 30.468752 
140970171087135 -77.643753 90.975006 28.331251 
140970191087135 -76.500000 91.312500 26.306252 
140970211087135 -75.450005 91.518753 24.656252 
140970231087135 -74.456253 91.575005 23.343750 
140970251087135 -73.406250 91.668755 22.162500 
140970271087135 -72.768753 91.668755 21.637501 
140970291087135 -72.506256 91.706253 21.337502 
140970311087135 -72.600006 91.856255 21.787500 
140970331087135 -72.375000 91.687500 22.443750 
140970351087135 -72.543755 91.706253 22.987501 
140970371087135 -72.731255 91.650002 23.587502 
140970391087135 -72.675003 91.762505 24.281252 
140970411087135 -73.031250 91.631256 25.068750 
140970431087135 -73.012505 91.575005 25.725000 
140970451087135 -72.900002 91.406250 26.568750 
140970471087135 -72.262505 91.200005 26.906252 
140970491087135 -71.793755 91.200005 27.075001 
140970511087135 -71.475006 91.237503 27.787500 
140970531087135 -71.400002 91.087502 28.687502 
140970551087135 -71.756256 90.825005 29.793751 
140970571087135 -72.337502 90.637505 30.956251 
140970591087135 -73.406250 90.318756 32.418751 
140970611087135 -74.418755 90.075005 33.956253 
140970631087135 -75.675003 89.775002 35.362503 
140970651087135 -76.762505 89.381256 36.975002 
140970671087135 -77.887505 88.612503 38.568752 
140970691087135 -78.843750 88.050003 39.993752 
140970711087135 -79.781250 87.375000 41.493752 
140970731087135 -80.681252 86.662506 42.806252 
140970751087135 -81.206253 85.950005 43.856251 
140970771087135 -81.900002 85.181252 44.850002 
140970791087135 -82.856255 84.300003 46.031250 
140970811087135 -83.887505 83.362503 47.268753 
140970831087135 -84.806252 82.893753 48.131252 
140970851087135 -85.893753 82.181252 48.900002 
140970871087135 -86.887505 81.281250 49.406254 
140970891087135 -87.825005 80.793755 50.062504 
140970911087135 -88.762505 80.287506 50.381252 
140970931087135 -89.681252 79.762505 50.550003 
140970951087135 -90.262505 79.556252 50.531254 
140970971087135 -90.806252 79.462502 50.250004 
140970991087135 -91.087502 79.256256 49.875004 
140971011087135 -91.012505 79.593750 49.181252 
140971031087135 -90.543755 80.437500 48.300003 
140971051087135 -89.625000 81.393753 46.931252 
140971071087135 -88.575005 82.331253 45.431252 
140971091087135 -87.412506 83.550003 43.781250 
140971111087135 -86.231255 84.787506 41.775002 
140971131087135 -85.256256 86.137505 39.375000 
140971151087135 -83.943756 87.337502 37.106251 
140971171087135 -82.537506 88.293755 35.025002 
140971191087135 -81.318756 89.175003 32.887501 
140971211087135 -80.100006 89.756256 30.768751 
140971231087135 -78.956253 90.187500 28.968752 
140971251087135 -77.625000 90.543755 27.093752 
140971271087135 -76.537506 90.712502 25.612501 
140971291087135 -75.206253 90.862503 24.356251 
140971311087135 -74.287506 91.012505 23.343750 
140971331087135 -73.631256 91.087502 22.893751 
140971351087135 -73.518753 91.087502 23.025002 
140971371087135 -73.631256 90.675003 23.793751 
140971391087135 -73.875000 90.693756 24.393751 
140971411087135 -74.043755 90.618752 25.012501 
140971431087135 -74.062500 90.637505 25.800001 
140971451087135 -73.837502 90.487503 26.793751 
140971471087135 -73.668755 90.487503 27.956251 
140971491087135 -73.687500 90.393753 29.175001 
140971511087135 -73.331253 89.925003 29.850000 
140971531087135 -73.031250 90.093750 30.131250 
140971551087135 -72.656250 90.131256 30.768751 
140971571087135 -72.843750 89.981255 31.743752 
140971591087135 -73.200005 89.887505 32.831253 
140971611087135 -74.212502 89.718750 34.087502 
140971631087135 -75.356255 89.193756 35.325001 
140971651087135 -76.481255 88.781250 36.600002 
140971671087135 -77.606255 88.500000 38.006252 
140971691087135 -78.918755 87.975006 39.600002 
140971711087135 -80.231255 87.300003 41.156250 
140971731087135 -81.187500 86.681252 42.468750 
140971751087135 -82.050003 85.837502 44.025002 
140971771087135 -82.668755 85.181252 45.206253 
140971791087135 -83.400002 84.562500 46.275002 
140971811087135 -84.075005 83.925003 46.875000 
140971831087135 -84.768753 83.343750 47.568752 
140971851087135 -85.481255 82.593750 48.150002 
140971871087135 -86.306252 81.956253 48.712502 
140971891087135 -87.225006 81.262505 49.350002 
140971911087135 -88.275002 80.681252 49.537502 
140971931087135 -89.268753 79.875000 49.762501 
140971951087135 -90.075005 79.293755 49.837502 
140971971087135 -90.862503 78.712502 49.931252 
140971991087135 -91.687500 78.225006 49.875004 
140972011087135 -92.306252 78.037506 49.743752 
140972031087135 -92.512505 78.056252 49.106251 
140972051087135 -92.568756 78.468750 48.375004 
140972071087135 -92.025002 79.200005 47.268753 
140972091087135 -90.862503 80.681252 45.862503 
140972111087135 -89.662506 82.087502 44.025002 
140972131087135 -88.237503 83.587502 41.962502 
140972151087135 -86.643753 85.162506 39.900002 
140972171087135 -84.956253 86.681252 37.687500 
140972191087135 -83.381256 88.031250 35.756252 
140972211087135 -81.487503 89.268753 33.787502 
140972231087135 -79.800003 90.150002 32.043751 
140972251087135 -78.375000 90.543755 30.581251 
140972271087135 -76.912506 90.993752 29.250002 
140972291087135 -75.393753 91.200005 28.237501 
140972311087135 -74.025002 91.368752 27.037500 
140972331087135 -72.787506 91.631256 26.212502 
140972351087135 -71.700005 91.650002 25.931252 
140972371087135 -71.306252 91.706253 25.987501 
140972391087135 -71.025002 91.575005 26.250002 
140972411087135 -71.362503 91.481255 26.625002 
140972431087135 -71.437500 91.331253 27.393751 
140972451087135 -71.381256 91.537506 28.162500 
140972471087135 -71.250000 91.575005 28.968752 
140972491087135 -71.118752 91.481255 29.625002 
140972511087135 -70.968750 91.668755 30.206251 
140972531087135 -70.406250 91.406250 30.731251 
140972551087135 -70.031250 91.312500 30.993752 
140972571087135 -69.431252 91.050003 31.481251 
140972591087135 -69.075005 91.200005 32.118752 
140972611087135 -69.150002 90.918755 32.625000 
140972631087135 -69.712502 90.862503 33.637501 
140972651087135 -70.350006 90.675003 34.725002 
140972671087135 -71.381256 90.000000 35.831253 
140972691087135 -72.637505 89.700005 37.256252 
140972711087135 -73.856255 89.325005 38.793751 
140972731087135 -75.262505 88.950005 40.406250 
140972751087135 -76.443756 88.143753 41.756252 
140972771087135 -77.681252 87.525002 43.312500 
140972791087135 -78.693756 86.681252 44.793751 
140972811087135 -79.818756 85.818756 46.331253 
140972831087135 -80.512505 85.406250 47.587502 
140972851087135 -81.356255 84.693756 48.412502 
140972871087135 -82.331253 84.000000 49.500004 
140972891087135 -83.268753 83.250000 50.231251 
140972911087135 -84.356255 82.368752 51.018753 
140972931087135 -85.537506 81.918755 51.637501 
140972951087135 -86.662506 81.168755 52.012501 
140972971087135 -87.581253 80.662506 52.312504 
140972991087135 -88.818756 80.118752 52.406254 
140973011087135 -89.831253 79.650002 52.425003 
140973031087135 -90.468750 79.537506 52.125004 
140973051087135 -90.825005 79.668755 51.918751 
140973071087135 -91.012505 80.212502 51.168751 
140973091087135 -90.675003 80.943756 50.250004 
140973111087135 -89.943756 82.143753 48.918751 
140973131087135 -89.212502 83.418755 47.475002 
140973151087135 -88.106255 84.543755 45.581253 
140973171087135 -87.000000 86.025002 43.368752 
140973191087135 -86.118752 87.525002 40.856251 
140973211087135 -85.200005 88.912506 38.287502 
140973231087135 -84.412506 90.150002 35.831253 
140973251087135 -83.718750 91.125000 33.337502 
140973271087135 -83.081253 91.762505 31.368752 
140973291087135 -82.312500 92.418755 29.043751 
140973311087135 -81.243752 93.131256 27.112501 
140973331087135 -80.287506 93.768753 25.650002 
140973351087135 -79.237503 94.068756 24.206251 
140973371087135 -78.262505 94.312500 23.118752 
140973391087135 -77.418755 94.312500 22.612501 
140973411087135 -76.912506 93.975006 22.818750 
140973431087135 -76.425003 94.143753 23.418751 
140973451087135 -76.125000 94.181252 24.262501 
140973471087135 -76.200005 94.181252 25.312502 
140973491087135 -76.068756 94.106255 26.231251 
140973511087135 -75.806252 94.031250 27.375002 
140973531087135 -75.468750 94.087502 28.537500 
140973551087135 -75.093750 94.125000 29.306252 
140973571087135 -74.456253 94.443756 29.831251 
140973591087135 -73.893753 94.406250 29.850000 
140973611087135 -73.143753 94.331253 30.093752 
140973631087135 -72.487503 94.350006 30.712502 
140973651087135 -72.375000 94.256256 31.425001 
140973671087135 -72.825005 94.162506 32.756252 
140973691087135 -73.368752 94.050003 33.806252 
140973711087135 -74.100006 93.806252 35.193752 
140973731087135 -74.981255 93.412506 36.712502 
140973751087135 -76.068756 93.018753 38.381252 
140973771087135 -77.175003 92.493752 40.312500 
140973791087135 -78.375000 91.931252 41.981251 
140973811087135 -79.387505 91.481255 43.650002 
140973831087135 -80.325005 90.750000 45.037502 
140973851087135 -81.431252 89.868752 46.687500 
140973871087135 -82.537506 89.175003 48.281254 
140973891087135 -83.737503 88.350006 49.500004 
140973911087135 -84.825005 87.487503 50.737503 
140973931087135 -86.306252 86.643753 51.843754 
140973951087135 -87.450005 85.931252 52.781254 
140973971087135 -88.500000 85.143753 53.662502 
140973991087135 -89.568756 84.806252 54.375004 
140974011087135 -90.281250 84.393753 54.675003 
140974031087135 -91.162506 84.131256 54.806252 
140974051087135 -91.593750 83.981255 54.918751 
140974071087135 -92.118752 84.018753 54.618752 
140974091087135 -92.306252 84.375000 53.981251 
140974111087135 -92.381256 84.750000 53.081253 
140974131087135 -91.931252 85.462502 51.562504 
140974151087135 -91.106255 86.175003 49.762501 
140974171087135 -90.393753 87.318756 47.756252 
140974191087135 -88.950005 88.443756 45.318752 
140974211087135 -87.768753 89.475006 42.581253 
140974231087135 -86.475006 90.581253 39.356251 
140974251087135 -85.087502 91.631256 36.187500 
140974271087135 -83.737503 92.437500 33.000000 
140974291087135 -82.800003 92.887505 30.337502 
140974311087135 -81.768753 93.206253 27.712502 
140974331087135 -80.587502 93.281250 25.125002 
140974351087135 -79.762505 93.337502 22.950001 
140974371087135 -78.675003 93.562500 20.925001 
140974391087135 -77.793755 93.412506 19.500000 
140974411087135 -77.156250 93.300003 18.337502 
140974431087135 -76.687500 93.112503 17.212502 
140974451087135 -76.050003 93.225006 16.593750 
140974471087135 -75.787506 93.337502 16.443750 
140974491087135 -75.881256 93.281250 16.668751 
140974511087135 -76.331253 93.150002 17.531250 
140974531087135 -77.006256 92.925003 18.468750 
140974551087135 -77.475006 92.943756 19.312500 
140974571087135 -77.756256 93.018753 20.100000 
140974591087135 -77.981255 93.112503 21.412500 
140974611087135 -78.281250 93.037506 22.200001 
140974631087135 -78.431252 92.850006 23.118752 
140974651087135 -78.693756 92.737503 23.962502 
140974671087135 -78.150002 92.868752 24.000000 
140974691087135 -77.925003 92.943756 24.356251 
140974711087135 -78.018753 92.718750 25.275002 
140974731087135 -78.450005 92.418755 26.118752 
140974751087135 -79.125000 92.062500 26.812502 
140974771087135 -80.025002 91.706253 28.068750 
140974791087135 -81.056252 91.443756 29.287500 
140974811087135 -81.768753 91.050003 30.300001 
140974831087135 -82.950005 90.562500 32.100002 
140974851087135 -83.812500 89.850006 33.768753 
140974871087135 -84.543755 89.325005 35.212502 
140974891087135 -85.350006 88.706253 36.862503 
140974911087135 -85.856255 87.918755 38.418751 
140974931087135 -86.550003 87.150002 39.562500 
140974951087135 -87.131256 86.418755 40.687500 
140974971087135 -87.637505 85.706253 41.812500 
140974991087135 -88.443756 84.806252 42.581253 
140975011087135 -89.306252 84.375000 43.537502 
140975031087135 -90.431252 83.737503 44.006252 
140975051087135 -91.200005 82.950005 44.437500 
140975071087135 -92.250000 82.650002 44.625000 
140975091087135 -92.887505 82.106255 44.793751 
140975111087135 -93.768753 81.768753 44.643753 
140975131087135 -94.462502 81.543755 44.550003 
140975151087135 -95.025002 81.487503 44.193752 
140975171087135 -95.306252 81.393753 43.331253 
140975191087135 -95.081253 81.712502 42.356251 
140975211087135 -94.537506 82.537506 41.025002 
140975231087135 -93.787506 83.137505 39.937500 
140975251087135 -93.168755 84.112503 38.493752 
140975271087135 -92.081253 84.975006 36.581253 
140975291087135 -91.218750 86.137505 34.631252 
140975311087135 -89.887505 87.393753 32.625000 
140975331087135 -88.368752 88.518753 30.600000 
140975351087135 -87.056252 89.550003 28.781252 
140975371087135 -85.818756 90.093750 27.187502 
140975391087135 -84.318756 90.881256 25.537500 
140975411087135 -82.800003 91.462502 24.112501 
140975431087135 -81.056252 92.175003 23.118752 
140975451087135 -79.500000 92.531250 22.275002 
140975471087135 -78.187500 92.887505 21.562500 
140975491087135 -77.287506 93.431252 21.393751 
140975511087135 -76.312500 93.806252 21.806252 
140975531087135 -75.806252 94.200005 22.500000 
140975551087135 -75.900002 94.462502 23.662500 
140975571087135 -75.881256 94.500000 25.050001 
140975591087135 -75.787506 94.912506 26.137501 
140975611087135 -75.468750 95.175003 27.018751 
140975631087135 -75.112503 95.362503 28.537500 
140975651087135 -74.868752 95.287506 29.793751 
140975671087135 -74.118752 95.343750 30.768751 
140975691087135 -73.218750 95.531250 31.500002 
140975711087135 -71.868752 95.756256 32.043751 
140975731087135 -70.800003 96.187508 32.362503 
140975751087135 -70.462502 95.962502 33.300003 
140975771087135 -70.893753 95.868752 34.481251 
140975791087135 -71.362503 95.812500 35.381252 
140975811087135 -71.981255 95.700005 36.337502 
140975831087135 -73.125000 95.250000 37.575001 
140975851087135 -74.062500 94.931252 39.187500 
140975871087135 -75.337502 94.256256 40.256252 
140975891087135 -76.331253 93.618752 41.606251 
140975911087135 -77.250000 92.925003 42.825001 
140975931087135 -77.625000 92.193756 44.025002 
140975951087135 -78.075005 91.368752 45.281250 
140975971087135 -78.450005 90.618752 46.425003 
140975991087135 -78.956253 90.168755 47.212502 
140976011087135 -79.725006 89.343750 48.112503 
140976031087135 -80.400002 88.800003 48.975002 
140976051087135 -81.431252 87.975006 49.950001 
140976071087135 -82.406250 87.206253 50.643753 
140976091087135 -83.325005 86.756256 50.962502 
140976111087135 -84.337502 86.250000 51.112503 
140976131087135 -85.181252 85.762505 51.112503 
140976151087135 -85.743752 85.031250 51.093754 
140976171087135 -86.212502 84.562500 50.493752 
140976191087135 -86.868752 84.112503 49.893753 
140976211087135 -87.187500 84.093750 48.862503 
140976231087135 -87.225006 84.187500 47.793751 
140976251087135 -87.225006 84.412506 46.612503 
140976271087135 -86.718750 84.787506 44.962502 
140976291087135 -86.156250 85.406250 42.956253 
140976311087135 -85.387505 86.193756 40.631252 
140976331087135 -84.825005 86.962502 38.250000 
140976351087135 -83.943756 87.900002 36.000000 
140976371087135 -82.931252 88.725006 33.675003 
140976391087135 -81.993752 89.568756 31.106251 
140976411087135 -80.943756 90.000000 28.912500 
140976431087135 -80.025002 90.318756 26.662500 
140976451087135 -79.087502 90.543755 24.712502 
140976471087135 -78.431252 90.881256 23.118752 
140976491087135 -77.662506 91.162506 21.468750 
140976511087135 -76.893753 91.350006 20.006250 
140976531087135 -76.425003 91.368752 19.031250 
140976551087135 -76.181252 91.368752 18.637501 
140976571087135 -76.143753 91.331253 18.562500 
140976591087135 -76.275002 91.425003 19.331251 
140976611087135 -76.856255 91.350006 20.268751 
140976631087135 -77.268753 91.181252 21.150002 
140976651087135 -77.625000 91.050003 22.068750 
140976671087135 -78.056252 90.975006 23.568750 
140976691087135 -78.393753 90.843750 24.562502 
140976711087135 -78.393753 90.918755 25.143751 
140976731087135 -78.337502 91.050003 25.875002 
140976751087135 -78.056252 91.050003 26.400002 
140976771087135 -77.587502 91.200005 26.756250 
140976791087135 -77.175003 91.350006 27.112501 
140976811087135 -77.043755 91.406250 28.181252 
140976831087135 -77.175003 91.331253 28.556252 
140976851087135 -77.831253 91.537506 29.456251 
140976871087135 -78.637505 91.312500 31.050001 
140976891087135 -79.537506 91.031250 32.137501 
140976911087135 -80.962502 90.525002 33.318752 
140976931087135 -82.256256 89.981255 34.500000 
140976951087135 -83.812500 89.287506 36.187500 
140976971087135 -85.237503 88.856255 37.481251 
140976991087135 -86.475006 88.237503 38.868752 
140977011087135 -87.112503 87.281250 40.106251 
140977031087135 -87.956253 86.587502 41.156250 
140977051087135 -88.856255 86.006256 42.150002 
140977071087135 -89.531250 85.612503 42.731251 
140977091087135 -90.393753 85.050003 43.481251 
140977111087135 -91.068756 84.543755 43.912502 
140977131087135 -91.668755 84.056252 44.100002 
140977151087135 -92.493752 83.456253 44.512501 
140977171087135 -93.187500 83.081253 44.850002 
140977191087135 -93.900002 82.837502 44.737503 
140977211087135 -94.537506 82.312500 45.037502 
140977231087135 -95.137505 81.750000 45.318752 
140977251087135 -95.643753 81.393753 45.525002 
140977271087135 -96.131256 81.131256 45.562500 
140977291087135 -96.562508 80.831253 45.825001 
140977311087135 -96.375008 81.093750 45.375000 
140977331087135 -96.375008 81.543755 44.681252 
140977351087135 -95.831253 82.031250 44.006252 
140977371087135 -94.950005 83.118752 42.450001 
140977391087135 -94.162506 84.300003 40.800003 
140977411087135 -93.300003 85.387505 38.643753 
140977431087135 -92.362503 86.681252 36.431252 
140977451087135 -91.312500 88.031250 33.675003 
140977471087135 -90.356255 89.193756 31.368752 
140977491087135 -89.212502 90.262505 28.818750 
140977511087135 -88.237503 91.143753 26.493752 
140977531087135 -87.168755 91.687500 24.543751 
140977551087135 -85.800003 92.156250 22.725000 
140977571087135 -84.450005 92.812500 21.281250 
140977591087135 -83.100006 93.281250 20.062500 
140977611087135 -81.993752 93.712502 19.106251 
140977631087135 -81.075005 93.825005 18.281250 
140977651087135 -80.306252 93.862503 18.150002 
140977671087135 -79.987503 93.956253 18.187500 
140977691087135 -80.400002 93.937500 18.806252 
140977711087135 -81.131256 94.218750 19.856251 
140977731087135 -81.825005 94.312500 21.093750 
140977751087135 -82.518753 94.143753 21.750000 
140977771087135 -82.725006 94.050003 22.818750 
140977791087135 -83.081253 94.050003 23.943750 
140977811087135 -83.325005 94.218750 24.881250 
140977831087135 -83.287506 94.293755 25.931252 
140977851087135 -83.175003 94.500000 27.112501 
140977871087135 -82.931252 94.406250 27.600000 
140977891087135 -82.312500 94.350006 27.900002 
140977911087135 -82.368752 94.650002 29.062502 
140977931087135 -82.443756 94.668755 30.206251 
140977951087135 -82.706253 94.781250 30.900002 
140977971087135 -83.662506 94.537506 31.931252 
140977991087135 -84.675003 94.312500 32.850002 
140978011087135 -85.368752 93.918755 33.525002 
140978031087135 -86.081253 93.487503 34.668751 
140978051087135 -87.262505 93.168755 36.337502 
140978071087135 -88.031250 92.587502 37.743752 
140978091087135 -89.062500 91.931252 39.168751 
140978111087135 -89.775002 91.368752 40.762501 
140978131087135 -90.075005 90.525002 42.056252 
140978151087135 -90.356255 90.018753 43.162502 
140978171087135 -91.050003 89.381256 44.606251 
140978191087135 -91.762505 88.912506 45.562500 
140978211087135 -92.643753 88.125000 46.425003 
140978231087135 -93.562500 87.525002 47.231251 
140978251087135 -94.537506 86.831253 47.606251 
140978271087135 -95.400002 86.137505 48.168751 
140978291087135 -96.262505 85.837502 48.468754 
140978311087135 -97.087502 85.087502 48.843754 
140978331087135 -97.800003 84.843750 48.862503 
140978351087135 -98.681252 84.618752 49.087502 
140978371087135 -98.943756 84.487503 48.750004 
140978391087135 -99.075005 84.731255 48.112503 
140978411087135 -98.906258 85.387505 47.606251 
140978431087135 -98.456253 86.325005 46.612503 
140978451087135 -97.575005 87.468750 45.356251 
140978471087135 -96.693756 88.968750 43.800003 
140978491087135 -95.381256 90.375000 41.756252 
140978511087135 -93.956253 91.837502 39.262501 
140978531087135 -92.456253 93.431252 36.675003 
140978551087135 -90.993752 94.443756 34.050003 
140978571087135 -89.550003 95.437500 31.181252 
140978591087135 -88.087502 96.187508 28.668751 
140978611087135 -86.700005 96.712502 26.175001 
140978631087135 -85.012505 97.237503 23.793751 
140978651087135 -83.418755 97.537506 21.693750 
140978671087135 -81.581253 97.837502 20.025002 
140978691087135 -80.212502 97.893753 18.412500 
140978711087135 -78.806252 98.231255 17.118752 
140978731087135 -77.700005 98.268753 16.406250 
140978751087135 -77.381256 98.362503 16.087502 
140978771087135 -77.231255 98.550003 16.331251 
140978791087135 -77.831253 98.493752 17.081251 
140978811087135 -78.468750 98.475006 17.643751 
140978831087135 -79.200005 98.343758 18.300001 
140978851087135 -79.650002 98.625008 19.200001 
140978871087135 -80.043755 98.756256 20.362501 
140978891087135 -80.381256 98.906258 21.187500 
140978911087135 -80.268753 98.868752 21.918751 
140978931087135 -80.081253 98.925003 22.350000 
140978951087135 -79.368752 98.868752 22.462502 
140978971087135 -78.768753 98.850006 22.893751 
140978991087135 -78.337502 98.812508 23.437500 
140979011087135 -78.375000 98.550003 24.337502 
140979031087135 -79.012505 98.325005 25.443750 
140979051087135 -79.668755 97.856255 26.831251 
140979071087135 -80.812500 97.462502 28.218752 
140979091087135 -81.975006 96.975006 29.775002 
140979111087135 -83.343750 96.562508 31.350000 
140979131087135 -84.487503 95.981255 33.300003 
140979151087135 -85.687500 95.418755 35.137501 
140979171087135 -86.793755 94.725006 36.937500 
140979191087135 -87.187500 94.050003 38.325001 
140979211087135 -87.862503 93.637505 39.693752 
140979231087135 -88.293755 93.168755 40.818752 
140979251087135 -88.931252 92.325005 41.906250 
140979271087135 -89.531250 91.650002 43.050003 
140979291087135 -90.187500 91.068756 43.743752 
140979311087135 -91.031250 90.412506 44.381252 
140979331087135 -91.706253 90.018753 44.831253 
140979351087135 -92.625000 89.362503 45.131252 
140979371087135 -93.300003 88.987503 45.262501 
140979391087135 -93.712502 88.575005 45.506252 
140979411087135 -94.143753 88.275002 45.600002 
140979431087135 -94.537506 88.125000 45.487503 
140979451087135 -94.425003 88.256256 45.187500 
140979471087135 -94.031250 88.781250 44.475002 
140979491087135 -93.393753 89.137505 43.387501 
140979511087135 -92.550003 89.943756 42.131252 
140979531087135 -91.706253 90.487503 40.462502 
140979551087135 -91.087502 91.143753 38.156250 
140979571087135 -90.112503 91.912506 35.400002 
140979591087135 -89.137505 92.456253 32.662502 
140979611087135 -88.443756 92.925003 29.643751 
140979631087135 -87.525002 93.075005 27.093752 
140979651087135 -86.718750 93.281250 24.525002 
140979671087135 -85.743752 93.187500 22.012501 
140979691087135 -84.731255 93.075005 19.725000 
140979711087135 -83.343750 93.150002 17.812500 
140979731087135 -82.050003 93.243752 16.500000 
140979751087135 -80.943756 93.431252 15.281251 
140979771087135 -80.193756 93.412506 14.456250 
140979791087135 -79.481255 93.525002 13.987500 
140979811087135 -79.012505 93.468750 14.062501 
140979831087135 -79.087502 93.693756 14.756250 
140979851087135 -79.200005 93.862503 15.843751 
140979871087135 -79.537506 93.806252 16.743752 
140979891087135 -79.818756 93.956253 17.381250 
140979911087135 -79.706253 93.862503 18.075001 
140979931087135 -79.593750 93.693756 18.975000 
140979951087135 -79.687500 93.731255 19.781250 
140979971087135 -79.593750 93.543755 20.550001 
140979991087135 -78.900002 93.393753 20.850000 
140980011087135 -78.262505 93.300003 21.243752 
140980031087135 -77.568756 93.281250 21.862501 
140980051087135 -77.268753 93.000000 22.856251 
140980071087135 -77.625000 92.981255 23.756250 
140980091087135 -78.093750 92.981255 24.712502 
140980111087135 -78.600006 92.456253 25.856251 
140980131087135 -79.443756 92.212502 26.943750 
140980151087135 -80.700005 92.006256 28.387501 
140980171087135 -81.600006 91.537506 29.756250 
140980191087135 -82.668755 90.918755 31.406252 
140980211087135 -83.568756 90.543755 32.906250 
140980231087135 -84.093750 89.775002 34.687500 
140980251087135 -84.600006 89.100006 36.356251 
140980271087135 -85.162506 88.650002 37.631252 
140980291087135 -85.706253 88.087502 38.925003 
140980311087135 -86.325005 87.243752 40.012501 
140980331087135 -87.093750 86.662506 41.175003 
140980351087135 -87.862503 86.081253 42.187500 
140980371087135 -88.781250 85.312500 43.275002 
140980391087135 -89.737503 84.693756 44.043751 
140980411087135 -90.356255 84.131256 44.700001 
140980431087135 -91.162506 83.606255 45.487503 
140980451087135 -91.800003 83.400002 45.843750 
140980471087135 -92.400002 82.950005 45.975002 
140980491087135 -93.037506 82.800003 45.956253 
140980511087135 -93.393753 82.593750 45.750000 
140980531087135 -93.543755 82.743752 45.187500 
140980551087135 -93.412506 83.137505 44.156250 
140980571087135 -93.168755 83.775002 42.918751 
140980591087135 -92.568756 84.618752 41.175003 
140980611087135 -91.856255 85.481255 39.375000 
140980631087135 -91.106255 86.475006 37.500000 
140980651087135 -90.318756 87.300003 35.175003 
140980671087135 -89.587502 88.143753 32.437500 
140980691087135 -88.818756 89.006256 29.906252 
140980711087135 -87.975006 89.643753 27.543751 
140980731087135 -87.056252 90.112503 25.462502 
140980751087135 -86.175003 90.468750 23.643751 
140980771087135 -85.143753 90.693756 21.843750 
140980791087135 -84.206253 90.843750 20.250000 
140980811087135 -83.118752 91.125000 18.975000 
140980831087135 -82.256256 91.312500 18.187500 
140980851087135 -81.600006 91.406250 17.437500 
140980871087135 -81.093750 91.575005 17.250000 
140980891087135 -81.168755 91.537506 17.512501 
140980911087135 -81.225006 91.350006 18.037500 
140980931087135 -81.393753 91.125000 18.768751 
140980951087135 -81.112503 91.200005 19.275002 
140980971087135 -80.925003 91.200005 20.193750 
140980991087135 -80.812500 91.387505 21.093750 
140981011087135 -80.456253 91.406250 22.068750 
140981031087135 -80.343750 91.406250 22.856251 
140981051087135 -80.062500 91.200005 23.512501 
140981071087135 -79.837502 91.200005 23.775002 
140981091087135 -79.593750 91.293755 23.868752 
140981111087135 -79.706253 91.275002 24.300001 
140981131087135 -80.062500 91.200005 24.637501 
140981151087135 -80.643753 91.275002 25.275002 
140981171087135 -81.468750 90.975006 25.762501 
140981191087135 -82.218750 90.618752 26.775002 
140981211087135 -82.875000 90.600006 27.656252 
140981231087135 -83.643753 90.356255 28.818750 
140981251087135 -84.468750 90.000000 30.581251 
140981271087135 -85.275002 89.625000 32.231251 
140981291087135 -86.175003 89.081253 33.993752 
140981311087135 -86.793755 88.387505 35.456253 
140981331087135 -87.187500 87.806252 37.068752 
140981351087135 -87.825005 87.262505 38.250000 
140981371087135 -88.593750 86.587502 39.393753 
140981391087135 -89.437500 85.987503 40.575001 
140981411087135 -90.393753 85.143753 41.625000 
140981431087135 -91.125000 84.393753 42.300003 
140981451087135 -91.800003 83.681252 42.675003 
140981471087135 -92.812500 82.950005 43.125000 
140981491087135 -93.956253 82.500000 43.743752 
140981511087135 -94.875000 81.918755 43.931252 
140981531087135 -95.437500 81.412506 44.043751 
140981551087135 -95.887505 80.981255 44.212502 
140981571087135 -96.337502 80.681252 44.025002 
140981591087135 -96.900002 80.531250 44.175003 
140981611087135 -97.218758 80.700005 43.987503 
140981631087135 -96.975006 80.962502 43.237503 
140981651087135 -96.562508 81.600006 42.018753 
140981671087135 -95.775002 82.556252 40.912502 
140981691087135 -95.043755 83.550003 39.356251 
140981711087135 -94.143753 84.618752 37.237503 
140981731087135 -93.225006 85.800003 34.987503 
140981751087135 -92.250000 86.756256 32.437500 
140981771087135 -91.256256 87.712502 29.887501 
140981791087135 -90.168755 88.575005 27.675001 
140981811087135 -89.062500 89.025002 25.537500 
140981831087135 -87.937500 89.437500 23.531250 
140981851087135 -86.831253 89.868752 21.862501 
140981871087135 -85.800003 90.056252 20.287500 
140981891087135 -84.768753 90.487503 18.787500 
140981911087135 -83.756256 90.637505 17.718750 
140981931087135 -82.912506 90.918755 16.931252 
140981951087135 -82.312500 91.068756 16.387501 
140981971087135 -81.975006 91.143753 16.725000 
140981991087135 -82.031250 91.237503 17.137501 
140982011087135 -82.293755 91.162506 17.868752 
140982031087135 -82.631256 91.181252 18.693750 
140982051087135 -82.818756 90.975006 19.781250 
140982071087135 -82.687500 91.181252 20.831251 
140982091087135 -82.331253 91.087502 21.825001 
140982111087135 -82.162506 91.162506 22.818750 
140982131087135 -81.956253 91.256256 23.456251 
140982151087135 -81.581253 91.200005 24.318750 
140982171087135 -80.962502 91.387505 24.618752 
140982191087135 -80.531250 91.537506 25.162500 
140982211087135 -79.968750 91.706253 25.875002 
140982231087135 -80.137505 91.556252 26.831251 
140982251087135 -80.625000 91.612503 27.693750 
140982271087135 -81.318756 91.331253 28.725000 
140982291087135 -81.937500 91.031250 29.812502 
140982311087135 -82.631256 90.862503 30.768751 
140982331087135 -83.306252 90.131256 32.306252 
140982351087135 -83.793755 89.718750 33.937500 
140982371087135 -84.712502 89.100006 35.493752 
140982391087135 -85.218750 88.575005 37.125000 
140982411087135 -85.781250 87.825005 38.831253 
140982431087135 -86.100006 87.225006 40.368752 
140982451087135 -86.531250 86.662506 41.831253 
140982471087135 -86.906250 86.006256 43.012501 
140982491087135 -87.975006 85.631256 44.231251 
140982511087135 -89.043755 84.843750 45.018753 
140982531087135 -89.868752 84.018753 45.900002 
140982551087135 -90.900002 83.287506 46.350002 
140982571087135 -91.781250 82.425003 46.687500 
140982591087135 -92.681252 81.881256 47.175003 
140982611087135 -93.318756 81.450005 47.118752 
140982631087135 -94.181252 81.056252 47.362503 
140982651087135 -94.350006 81.037506 47.100002 
140982671087135 -94.406250 81.206253 46.631252 
140982691087135 -94.256256 82.012505 45.993752 
140982711087135 -93.693756 83.043755 44.906250 
140982731087135 -93.018753 84.337502 43.650002 
140982751087135 -92.156250 85.462502 41.850002 
140982771087135 -91.425003 86.568756 39.993752 
140982791087135 -90.225006 87.862503 37.537502 
140982811087135 -89.081253 88.987503 34.818752 
140982831087135 -88.106255 90.225006 32.606251 
140982851087135 -86.962502 90.881256 30.018751 
140982871087135 -85.631256 91.387505 28.050001 
140982891087135 -84.393753 91.950005 26.231251 
140982911087135 -83.043755 92.568756 24.468752 
140982931087135 -81.712502 93.056252 22.968750 
140982951087135 -80.475006 93.337502 21.768751 
140982971087135 -79.368752 93.656250 21.112501 
140982991087135 -77.943756 93.618752 20.287500 
140983011087135 -77.025002 93.843750 20.118752 
140983031087135 -76.518753 94.237503 19.893751 
140983051087135 -75.937500 94.143753 20.250000 
140983071087135 -75.675003 94.031250 21.150002 
140983091087135 -75.562500 94.237503 21.993752 
140983111087135 -75.431252 94.518753 22.725000 
140983131087135 -75.112503 94.593750 23.343750 
140983151087135 -74.681252 94.743752 23.850000 
140983171087135 -74.287506 94.837502 24.281252 
140983191087135 -74.081253 94.725006 24.750002 
140983211087135 -73.931252 94.762505 24.787500 
140983231087135 -73.518753 94.612503 24.543751 
140983251087135 -72.806252 94.368752 24.318750 
140983271087135 -72.525002 94.106255 24.712502 
140983291087135 -72.525002 93.975006 25.181252 
140983311087135 -72.956253 93.900002 26.212502 
140983331087135 -73.987503 93.825005 27.281252 
140983351087135 -74.606255 93.281250 28.462502 
140983371087135 -75.487503 92.943756 29.981251 
140983391087135 -76.350006 92.681252 31.650002 
140983411087135 -77.362503 92.212502 33.543751 
140983431087135 -78.243752 91.725006 35.268753 
140983451087135 -79.275002 91.068756 37.068752 
140983471087135 -80.418755 90.281250 38.587502 
140983491087135 -81.075005 89.400002 39.675003 
140983511087135 -81.956253 89.081253 40.781250 
140983531087135 -82.950005 88.331253 41.643753 
140983551087135 -84.131256 87.806252 42.543751 
140983571087135 -85.406250 86.943756 43.256252 
140983591087135 -86.700005 86.043755 44.043751 
140983611087135 -87.862503 85.256256 44.475002 
140983631087135 -88.950005 84.506256 44.775002 
140983651087135 -90.075005 83.943756 45.318752 
140983671087135 -91.050003 83.081253 45.581253 
140983691087135 -91.912506 82.575005 45.618752 
140983711087135 -92.587502 81.975006 45.431252 
140983731087135 -93.037506 81.618752 45.150002 
140983751087135 -93.600006 81.543755 44.100002 
140983771087135 -94.106255 81.656250 43.181252 
140983791087135 -93.993752 81.937500 41.925003 
140983811087135 -93.525002 82.537506 40.425003 
140983831087135 -92.943756 83.250000 38.493752 
140983851087135 -92.137505 84.225006 36.618752 
140983871087135 -91.218750 85.087502 34.500000 
140983891087135 -90.243752 86.100006 32.250000 
140983911087135 -89.043755 87.000000 30.281252 
140983931087135 -87.393753 87.750000 28.275002 
140983951087135 -85.875000 88.387505 26.400002 
140983971087135 -84.468750 88.668755 24.468752 
140983991087135 -82.968750 89.025002 23.006250 
140984011087135 -81.543755 89.250000 21.243752 
140984031087135 -79.987503 89.493752 19.800001 
140984051087135 -78.825005 89.606255 18.506250 
140984071087135 -77.625000 89.475006 17.400002 
140984091087135 -76.800003 89.531250 16.462502 
140984111087135 -76.125000 89.568756 16.031250 
140984131087135 -75.693756 89.531250 16.050001 
140984151087135 -75.731255 89.250000 16.462502 
140984171087135 -75.975006 88.931252 17.568750 
140984191087135 -76.518753 88.631256 18.375000 
140984211087135 -76.706253 88.387505 19.106251 
140984231087135 -76.725006 88.293755 19.950001 
140984251087135 -76.781250 88.031250 20.868752 
140984271087135 -77.062500 87.787506 21.618752 
140984291087135 -77.081253 87.618752 22.256250 
140984311087135 -76.631256 87.506256 22.537500 
140984331087135 -76.237503 87.581253 22.687500 
140984351087135 -75.881256 87.506256 23.306252 
140984371087135 -76.125000 87.450005 24.300001 
140984391087135 -76.818756 87.225006 25.387501 
140984411087135 -77.625000 87.018753 26.437502 
140984431087135 -78.281250 86.775002 27.768751 
140984451087135 -79.331253 86.362503 29.306252 
140984471087135 -80.662506 86.006256 30.768751 
140984491087135 -81.881256 85.275002 32.362503 
140984511087135 -83.081253 84.525002 33.768753 
140984531087135 -84.093750 83.831253 35.325001 
140984551087135 -84.956253 83.100006 36.693752 
140984571087135 -85.762505 82.162506 38.100002 
140984591087135 -86.850006 81.431252 39.187500 
140984611087135 -87.543755 80.643753 40.012501 
140984631087135 -88.425003 79.837502 40.781250 
140984651087135 -89.193756 79.087502 41.212502 
140984671087135 -90.168755 78.581253 41.718750 
140984691087135 -90.937500 77.962502 41.775002 
140984711087135 -91.743752 77.400002 41.756252 
140984731087135 -92.587502 77.006256 41.643753 
140984751087135 -93.093750 76.481255 41.568752 
140984771087135 -93.712502 76.387505 41.250000 
140984791087135 -94.143753 76.237503 40.893753 
140984811087135 -94.425003 76.331253 40.218750 
140984831087135 -94.106255 76.706253 39.281250 
140984851087135 -93.618752 77.156250 38.137501 
140984871087135 -92.568756 77.812500 36.712502 
140984891087135 -91.518753 78.731255 35.156250 
140984911087135 -90.543755 79.462502 33.300003 
140984931087135 -89.306252 80.006256 31.275002 
140984951087135 -88.068756 80.718750 28.968752 
140984971087135 -86.812500 81.281250 26.700001 
140984991087135 -85.743752 81.543755 24.693750 
140985011087135 -84.412506 81.918755 22.950001 
140985031087135 -83.568756 82.275002 21.318750 
140985051087135 -82.593750 82.218750 20.043751 
140985071087135 -81.618752 82.481255 18.881250 
140985091087135 -80.812500 82.668755 18.037500 
140985111087135 -80.137505 82.893753 17.756250 
140985131087135 -79.575005 83.231255 17.962502 
140985151087135 -79.443756 83.381256 18.543751 
140985171087135 -79.762505 83.587502 19.537500 
140985191087135 -80.231255 83.456253 21.037500 
140985211087135 -80.868752 83.475006 22.368752 
140985231087135 -81.525002 83.568756 23.643751 
140985251087135 -82.218750 83.831253 24.956251 
140985271087135 -82.462502 84.131256 26.175001 
140985291087135 -82.725006 84.375000 27.131250 
140985311087135 -82.612503 84.862503 27.787500 
140985331087135 -82.518753 85.162506 27.993752 
140985351087135 -81.956253 85.631256 27.806252 
140985371087135 -81.393753 86.100006 28.031252 
140985391087135 -81.131256 86.268753 28.668751 
140985411087135 -81.112503 86.212502 29.381250 
140985431087135 -81.487503 86.006256 30.093752 
140985451087135 -82.143753 85.762505 31.143751 
140985471087135 -82.968750 85.218750 32.250000 
140985491087135 -83.568756 84.750000 33.806252 
140985511087135 -84.693756 84.206253 35.625000 
140985531087135 -85.631256 83.700005 37.050003 
140985551087135 -86.381256 83.118752 38.212502 
140985571087135 -87.243752 82.593750 39.281250 
140985591087135 -87.956253 82.068756 40.406250 
140985611087135 -88.593750 81.543755 41.456253 
140985631087135 -89.043755 80.850006 42.393753 
140985651087135 -89.831253 80.475006 42.956253 
140985671087135 -90.487503 79.950005 43.537502 
140985691087135 -91.575005 79.312500 44.193752 
140985711087135 -92.437500 78.806252 44.718750 
140985731087135 -93.112503 78.375000 45.093750 
140985751087135 -93.881256 77.906250 45.262501 
140985771087135 -94.481255 77.212502 45.225002 
140985791087135 -95.250000 76.912506 45.112503 
140985811087135 -95.775002 76.556252 44.868752 
140985831087135 -96.168755 76.650002 44.550003 
140985851087135 -96.131256 77.156250 43.931252 
140985871087135 -96.018753 77.681252 43.218750 
140985891087135 -95.381256 78.600006 42.056252 
140985911087135 -94.687500 79.706253 40.875000 
140985931087135 -94.106255 81.131256 39.018753 
140985951087135 -93.262505 82.537506 36.881252 
140985971087135 -92.362503 83.793755 34.537502 
140985991087135 -91.406250 85.068756 31.875002 
140986011087135 -90.356255 85.950005 29.362501 
140986031087135 -89.250000 86.812500 26.868752 
140986051087135 -88.518753 87.468750 25.218752 
140986071087135 -87.412506 87.975006 23.343750 
140986091087135 -86.287506 88.481255 22.162500 
140986111087135 -85.087502 88.818756 21.243752 
140986131087135 -84.168755 89.212502 20.662500 
140986151087135 -83.250000 89.400002 20.381250 
140986171087135 -82.631256 89.643753 20.362501 
140986191087135 -82.331253 89.831253 20.606251 
140986211087135 -82.218750 89.850006 21.225000 
140986231087135 -82.725006 89.587502 22.350000 
140986251087135 -82.987503 89.381256 23.475000 
140986271087135 -83.343750 89.343750 24.431252 
140986291087135 -83.381256 89.231255 25.275002 
140986311087135 -83.418755 89.175003 26.268751 
140986331087135 -83.418755 89.100006 27.093752 
140986351087135 -83.306252 89.043755 27.806252 
140986371087135 -82.818756 89.006256 28.106251 
140986391087135 -82.162506 89.325005 28.200001 
140986411087135 -81.825005 89.343750 28.481251 
140986431087135 -81.918755 89.268753 28.968752 
140986451087135 -82.387505 89.156250 29.625002 
140986471087135 -83.137505 88.950005 30.225000 
140986491087135 -83.962502 88.687500 30.881250 
140986511087135 -84.993752 88.106255 31.650002 
140986531087135 -86.268753 87.750000 32.475002 
140986551087135 -87.750000 87.131256 33.375000 
140986571087135 -88.968750 86.456253 34.050003 
140986591087135 -90.000000 86.006256 34.762501 
140986611087135 -90.806252 85.387505 35.306252 
140986631087135 -91.687500 84.637505 35.775002 
140986651087135 -92.625000 84.018753 35.775002 
140986671087135 -93.506256 83.775002 35.737503 
140986691087135 -94.481255 83.118752 35.756252 
140986711087135 -95.156250 82.687500 35.587502 
140986731087135 -96.243752 82.462502 35.512501 
140986751087135 -97.350006 81.956253 35.362503 
140986771087135 -98.531258 81.675003 35.118752 
140986791087135 -99.656258 81.356255 34.481251 
140986811087135 -100.387505 80.925003 34.200001 
140986831087135 -101.118752 80.737503 33.243752 
140986851087135 -101.531258 80.887505 32.081253 
140986871087135 -102.037506 81.168755 30.581251 
140986891087135 -101.981255 81.543755 28.706251 
140986911087135 -101.475006 81.881256 26.400002 
140986931087135 -100.950005 82.350006 23.943750 
140986951087135 -100.143753 83.043755 21.393751 
140986971087135 -99.225006 83.793755 18.487501 
140986991087135 -97.912506 84.300003 15.937501 
140987011087135 -96.431252 84.675003 13.406251 
140987031087135 -94.818756 85.143753 11.175000 
140987051087135 -93.375000 85.406250 8.981251 
140987071087135 -92.156250 85.875000 7.575000 
140987091087135 -90.693756 86.287506 6.693750 
140987111087135 -89.137505 86.587502 6.243750 
140987131087135 -87.731255 86.925003 6.300000 
140987151087135 -86.737503 87.468750 6.806250 
140987171087135 -86.231255 88.106255 7.481250 
140987191087135 -85.650002 88.425003 8.493751 
140987211087135 -85.387505 88.818756 10.031250 
140987231087135 -85.237503 89.287506 11.456250 
140987251087135 -85.406250 89.418755 13.087501 
140987271087135 -85.856255 89.587502 14.887501 
140987291087135 -86.306252 89.718750 16.668751 
140987311087135 -86.718750 89.587502 17.962502 
140987331087135 -86.850006 89.437500 19.143751 
140987351087135 -86.943756 89.343750 20.362501 
140987371087135 -86.812500 89.437500 21.618752 
140987391087135 -86.868752 89.250000 22.968750 
140987411087135 -86.700005 89.325005 23.606251 
140987431087135 -86.212502 89.456253 24.093752 
140987451087135 -85.875000 89.625000 24.731251 
140987471087135 -85.743752 89.887505 25.743752 
140987491087135 -86.100006 89.850006 26.700001 
140987511087135 -86.700005 89.812500 27.487501 
140987531087135 -87.412506 89.287506 27.843752 
140987551087135 -88.050003 88.875000 28.406252 
140987571087135 -88.856255 88.350006 29.737501 
140987591087135 -89.643753 87.843750 31.125002 
140987611087135 -90.431252 87.056252 32.493752 
140987631087135 -91.143753 86.268753 33.806252 
140987651087135 -91.631256 85.481255 35.381252 
140987671087135 -92.006256 84.618752 36.956253 
140987691087135 -92.606255 83.962502 38.531250 
140987711087135 -93.037506 83.231255 39.825001 
140987731087135 -93.656250 82.275002 40.856251 
140987751087135 -94.406250 81.281250 41.962502 
140987771087135 -95.175003 80.475006 42.862503 
140987791087135 -95.812500 79.631256 43.687500 
140987811087135 -96.487503 78.825005 44.193752 
140987831087135 -97.143753 78.337502 44.550003 
140987851087135 -97.481255 77.981255 44.943752 
140987871087135 -97.837502 77.887505 44.962502 
140987891087135 -97.800003 78.300003 44.512501 
140987911087135 -97.687508 78.918755 43.575001 
140987931087135 -97.200005 79.668755 42.243752 
140987951087135 -96.375008 80.925003 40.650002 
140987971087135 -95.193756 82.331253 39.150002 
140987991087135 -93.937500 83.587502 37.162502 
140988011087135 -92.531250 84.787506 35.025002 
140988031087135 -91.125000 85.912506 32.831253 
140988051087135 -89.643753 86.831253 30.787500 
140988071087135 -88.125000 87.712502 28.837502 
140988091087135 -86.625000 88.481255 27.056252 
140988111087135 -85.518753 88.762505 25.687502 
140988131087135 -84.600006 89.081253 23.981251 
140988151087135 -83.437500 89.212502 22.856251 
140988171087135 -82.406250 89.531250 21.806252 
140988191087135 -81.393753 89.812500 21.206251 
140988211087135 -80.531250 90.112503 20.775002 
140988231087135 -80.137505 90.018753 20.681252 
140988251087135 -80.062500 89.943756 21.243752 
140988271087135 -79.968750 90.075005 21.862501 
140988291087135 -80.100006 89.793755 22.931252 
140988311087135 -80.531250 89.718750 23.925001 
140988331087135 -80.718750 89.437500 24.956251 
140988351087135 -80.868752 89.268753 25.781252 
140988371087135 -80.868752 89.156250 26.531252 
140988391087135 -80.493752 89.175003 27.056252 
140988411087135 -79.987503 89.306252 27.112501 
140988431087135 -79.612503 89.287506 27.093752 
140988451087135 -79.162506 89.287506 27.000002 
140988471087135 -78.862503 89.231255 27.393751 
140988491087135 -79.218750 89.193756 27.843752 
140988511087135 -79.837502 88.987503 28.575001 
140988531087135 -80.418755 88.443756 29.606251 
140988551087135 -81.281250 87.862503 31.350000 
140988571087135 -82.443756 87.075005 33.337502 
140988591087135 -83.400002 86.287506 34.987503 
140988611087135 -84.318756 85.725006 36.825001 
140988631087135 -85.162506 84.975006 38.118752 
140988651087135 -85.818756 84.318756 39.693752 
140988671087135 -86.381256 83.456253 40.875000 
140988691087135 -87.450005 82.668755 41.981251 
140988711087135 -88.237503 81.712502 42.506252 
140988731087135 -89.062500 80.831253 42.937500 
140988751087135 -89.812500 79.968750 43.425003 
140988771087135 -90.900002 79.012505 43.931252 
140988791087135 -92.025002 78.431252 44.362503 
140988811087135 -92.812500 77.756256 44.550003 
140988831087135 -93.543755 77.400002 44.456253 
140988851087135 -94.012505 77.325005 44.137501 
140988871087135 -94.237503 77.737503 43.275002 
140988891087135 -94.256256 78.525002 41.887501 
140988911087135 -93.881256 79.387505 40.312500 
140988931087135 -93.075005 80.512505 38.381252 
140988951087135 -92.043755 81.506256 36.412502 
140988971087135 -91.125000 82.537506 34.125000 
140988991087135 -89.962502 83.493752 32.062500 
140989011087135 -88.687500 84.543755 30.112501 
140989031087135 -87.487503 85.425003 28.256250 
140989051087135 -86.062500 86.175003 26.700001 
140989071087135 -84.975006 86.793755 25.350000 
140989091087135 -83.662506 87.225006 24.337502 
140989111087135 -82.237503 87.525002 23.362501 
140989131087135 -80.775002 87.881256 22.425001 
140989151087135 -79.687500 88.237503 21.918751 
140989171087135 -78.562500 88.125000 21.262501 
140989191087135 -77.775002 88.218750 21.300001 
140989211087135 -77.418755 87.993752 21.506250 
140989231087135 -77.400002 87.900002 22.143751 
140989251087135 -77.718750 87.806252 22.762501 
140989271087135 -78.037506 87.806252 23.381250 
140989291087135 -78.318756 87.712502 23.850000 
140989311087135 -77.962502 87.956253 24.281252 
140989331087135 -78.093750 88.106255 25.012501 
140989351087135 -77.962502 87.937500 25.556252 
140989371087135 -77.662506 87.918755 26.025002 
140989391087135 -77.025002 87.825005 26.381250 
140989411087135 -76.556252 87.806252 26.775002 
140989431087135 -76.462502 87.581253 27.412500 
140989451087135 -76.856255 87.450005 28.743752 
140989471087135 -77.943756 86.906250 29.943750 
140989491087135 -78.712502 86.456253 31.218752 
140989511087135 -79.743752 86.043755 32.325001 
140989531087135 -80.662506 85.537506 33.750000 
140989551087135 -81.712502 84.975006 35.025002 
140989571087135 -82.687500 84.506256 36.431252 
140989591087135 -83.531250 84.037506 37.912502 
140989611087135 -83.981255 83.362503 39.187500 
140989631087135 -84.525002 82.687500 40.331253 
140989651087135 -84.937500 82.087502 41.306252 
140989671087135 -85.350006 81.487503 42.225002 
140989691087135 -85.875000 80.925003 43.068752 
140989711087135 -86.643753 80.118752 43.912502 
140989731087135 -87.525002 79.275002 44.250000 
140989751087135 -88.425003 78.543755 44.531250 
140989771087135 -89.325005 77.925003 44.831253 
140989791087135 -90.168755 77.568756 44.906250 
140989811087135 -90.750000 77.287506 45.150002 
140989831087135 -91.518753 76.968750 45.131252 
140989851087135 -92.156250 76.706253 44.793751 
140989871087135 -92.606255 76.706253 44.325001 
140989891087135 -92.662506 77.250000 43.837502 
140989911087135 -92.400002 77.756256 43.087502 
140989931087135 -91.912506 78.600006 41.812500 
140989951087135 -91.106255 79.500000 40.650002 
140989971087135 -90.506256 80.550003 38.943752 
140989991087135 -89.568756 81.787506 37.331253 
140990011087135 -88.481255 82.950005 35.550003 
140990031087135 -87.206253 84.225006 33.675003 
140990051087135 -86.006256 85.162506 31.875002 
140990071087135 -84.712502 86.025002 30.112501 
140990091087135 -83.306252 86.587502 28.875002 
140990111087135 -81.881256 86.868752 27.618752 
140990131087135 -80.456253 87.131256 26.400002 
140990151087135 -79.087502 87.337502 25.387501 
140990171087135 -77.700005 87.731255 24.768751 
140990191087135 -76.425003 87.862503 24.356251 
140990211087135 -75.112503 87.900002 24.056252 
140990231087135 -74.175003 87.956253 24.262501 
140990251087135 -73.668755 87.937500 24.506250 
140990271087135 -73.237503 88.068756 25.387501 
140990291087135 -73.143753 88.106255 26.137501 
140990311087135 -73.050003 88.256256 26.775002 
140990331087135 -72.881256 88.237503 27.487501 
140990351087135 -72.768753 88.237503 27.956251 
140990371087135 -72.956253 88.125000 29.100000 
140990391087135 -72.918755 88.087502 29.662500 
140990411087135 -72.543755 88.068756 30.356251 
140990431087135 -72.468750 88.031250 30.525002 
140990451087135 -71.925003 87.825005 31.275002 
140990471087135 -71.737503 87.675003 32.193752 
140990491087135 -72.225006 87.375000 33.150002 
140990511087135 -72.900002 87.150002 34.500000 
140990531087135 -73.500000 86.850006 35.568752 
140990551087135 -74.475006 86.568756 36.937500 
140990571087135 -75.543755 85.950005 38.250000 
140990591087135 -76.200005 85.350006 39.693752 
140990611087135 -77.231255 84.918755 41.156250 
140990631087135 -78.206253 84.281250 42.543751 
140990651087135 -78.843750 83.531250 44.043751 
140990671087135 -79.312500 82.893753 45.412502 
140990691087135 -79.706253 82.443756 46.425003 
140990711087135 -80.156250 81.750000 47.231251 
140990731087135 -81.037506 81.525002 48.150002 
140990751087135 -82.068756 81.206253 48.881252 
140990771087135 -83.100006 80.531250 49.481251 
140990791087135 -84.150002 80.025002 50.362503 
140990811087135 -85.293755 79.650002 50.625004 
140990831087135 -86.137505 79.012505 50.906254 
140990851087135 -87.168755 78.618752 51.243752 
140990871087135 -87.787506 78.375000 51.412502 
140990891087135 -88.237503 78.393753 50.887501 
140990911087135 -88.312500 78.675003 50.100002 
140990931087135 -88.256256 79.593750 48.881252 
140990951087135 -87.825005 80.362503 47.212502 
140990971087135 -87.112503 81.712502 45.562500 
140990991087135 -86.700005 82.968750 43.012501 
140991011087135 -86.268753 84.243752 40.087502 
140991031087135 -85.837502 85.668755 37.275002 
140991051087135 -85.162506 86.550003 34.612503 
140991071087135 -84.750000 87.393753 31.968752 
140991091087135 -83.925003 88.237503 29.287500 
140991111087135 -83.381256 88.856255 26.437502 
140991131087135 -82.987503 89.043755 23.887501 
140991151087135 -82.500000 89.325005 21.937500 
140991171087135 -81.618752 89.662506 20.231251 
140991191087135 -81.225006 89.812500 18.881250 
140991211087135 -80.925003 89.981255 17.662500 
140991231087135 -80.737503 90.225006 17.212502 
140991251087135 -80.962502 90.037506 17.737501 
140991271087135 -81.187500 89.962502 18.618752 
140991291087135 -81.337502 89.831253 19.500000 
140991311087135 -81.581253 89.962502 20.493752 
140991331087135 -81.937500 89.737503 21.600000 
140991351087135 -81.862503 89.587502 22.406250 
140991371087135 -82.012505 89.756256 23.400002 
140991391087135 -82.012505 89.643753 24.075001 
140991411087135 -82.068756 89.737503 24.131250 
140991431087135 -81.937500 89.812500 24.112501 
140991451087135 -81.975006 89.962502 24.150002 
140991471087135 -81.843750 90.056252 24.600000 
140991491087135 -82.106255 90.000000 24.843752 
140991511087135 -83.006256 89.962502 25.406252 
140991531087135 -83.587502 89.681252 26.156252 
140991551087135 -84.468750 89.306252 26.962502 
140991571087135 -85.462502 89.006256 28.162500 
140991591087135 -86.587502 88.631256 29.568750 
140991611087135 -87.843750 88.256256 30.956251 
140991631087135 -89.137505 87.600006 32.118752 
140991651087135 -90.075005 87.093750 33.431252 
140991671087135 -90.862503 86.531250 34.443752 
140991691087135 -91.893753 85.950005 35.250000 
140991711087135 -92.868752 85.612503 36.131252 
140991731087135 -93.637505 85.087502 36.412502 
140991751087135 -94.481255 84.543755 36.693752 
140991771087135 -95.250000 83.831253 36.693752 
140991791087135 -96.262505 83.325005 36.675003 
140991811087135 -97.425003 82.781250 36.656250 
140991831087135 -98.268753 81.993752 36.487503 
140991851087135 -99.075005 81.618752 36.225002 
140991871087135 -99.731255 81.018753 35.700001 
140991891087135 -100.593758 80.400002 35.287502 
140991911087135 -100.931252 80.175003 34.537502 
140991931087135 -101.006256 80.250000 33.731251 
140991951087135 -100.893753 80.437500 32.700001 
140991971087135 -100.368752 81.018753 31.237501 
140991991087135 -99.656258 81.787506 29.418751 
140992011087135 -98.981255 82.275002 27.356251 
140992031087135 -97.837502 83.006256 24.787500 
140992051087135 -96.581253 83.906250 22.031250 
140992071087135 -95.362503 84.468750 19.368752 
140992091087135 -94.106255 85.012505 16.631250 
140992111087135 -92.812500 85.556252 13.931251 
140992131087135 -91.518753 85.650002 11.531250 
140992151087135 -90.262505 85.931252 9.656250 
140992171087135 -88.800003 86.081253 7.950000 
140992191087135 -87.937500 86.193756 6.787500 
140992211087135 -87.037506 86.081253 5.962500 
140992231087135 -86.568756 86.043755 5.250000 
140992251087135 -86.306252 85.931252 5.156250 
140992271087135 -86.212502 85.818756 5.587500 
140992291087135 -86.662506 85.837502 6.262500 
140992311087135 -87.543755 85.575005 6.993750 
140992331087135 -88.218750 85.537506 7.987500 
140992351087135 -88.950005 85.518753 8.868751 
140992371087135 -89.268753 85.725006 9.806251 
140992391087135 -89.343750 85.800003 10.706250 
140992411087135 -89.343750 86.043755 11.662500 
140992431087135 -89.418755 85.968750 12.187501 
140992451087135 -89.081253 86.156250 12.468751 
140992471087135 -88.481255 86.512505 12.750001 
140992491087135 -88.237503 86.718750 13.143750 
140992511087135 -87.881256 86.812500 13.781251 
140992531087135 -88.143753 86.643753 14.268750 
140992551087135 -88.800003 86.531250 15.037500 
140992571087135 -89.550003 86.193756 15.806251 
140992591087135 -90.412506 86.156250 16.837502 
140992611087135 -91.387505 85.781250 18.206251 
140992631087135 -92.081253 85.368752 19.781250 
140992651087135 -92.812500 84.937500 21.356251 
140992671087135 -93.543755 84.562500 22.950001 
140992691087135 -94.162506 84.393753 24.543751 
140992711087135 -94.556252 84.337502 25.706251 
140992731087135 -94.912506 84.131256 26.681252 
140992751087135 -95.062500 83.775002 27.450001 
140992771087135 -95.550003 83.343750 27.900002 
140992791087135 -96.393753 82.856255 28.387501 
140992811087135 -97.181252 82.462502 28.612501 
140992831087135 -97.818756 81.918755 28.875002 
140992851087135 -98.512505 81.187500 29.025002 
140992871087135 -99.337502 80.587502 29.137501 
140992891087135 -99.881256 80.137505 29.250002 
140992911087135 -100.481255 79.593750 29.193750 
140992931087135 -100.650002 79.331253 28.968752 
140992951087135 -100.612503 79.312500 28.500002 
140992971087135 -100.575005 79.387505 27.581251 
140992991087135 -100.368752 79.556252 26.512501 
140993011087135 -99.843758 80.081253 25.200001 
140993031087135 -99.037506 80.550003 24.112501 
140993051087135 -98.193756 81.056252 22.650002 
140993071087135 -97.143753 81.675003 20.793751 
140993091087135 -95.962502 82.162506 19.200001 
140993111087135 -94.762505 82.650002 17.400002 
140993131087135 -93.543755 82.912506 15.918751 
140993151087135 -92.231255 83.306252 14.250001 
140993171087135 -90.975006 83.493752 12.862500 
140993191087135 -89.793755 83.643753 11.568750 
140993211087135 -89.081253 83.775002 10.518750 
140993231087135 -88.275002 83.925003 9.937500 
140993251087135 -87.918755 83.981255 9.562500 
140993271087135 -87.656250 83.906250 9.300000 
140993291087135 -87.506256 84.037506 9.356251 
140993311087135 -87.787506 84.075005 9.825001 
140993331087135 -88.481255 83.812500 10.725000 
140993351087135 -89.231255 83.681252 11.812500 
140993371087135 -89.868752 83.493752 12.937501 
140993391087135 -90.506256 83.306252 13.931251 
140993411087135 -90.956253 83.325005 14.681251 
140993431087135 -91.031250 83.550003 15.712501 
140993451087135 -91.106255 83.662506 16.631250 
140993471087135 -91.106255 83.587502 17.568750 
140993491087135 -90.693756 83.775002 17.943750 
140993511087135 -90.262505 83.793755 18.056252 
140993531087135 -89.850006 84.000000 18.356251 
140993551087135 -89.643753 84.206253 18.787500 
140993571087135 -89.643753 84.206253 19.518751 
140993591087135 -90.225006 83.906250 20.250000 
140993611087135 -90.731255 83.662506 20.981251 
140993631087135 -91.331253 83.512505 21.693750 
140993651087135 -91.856255 83.400002 22.818750 
140993671087135 -92.512505 82.912506 24.056252 
140993691087135 -92.962502 82.462502 25.406252 
140993711087135 -93.243752 81.956253 27.075001 
140993731087135 -93.468750 81.506256 28.556252 
140993751087135 -93.450005 81.206253 30.093752 
140993771087135 -93.637505 80.700005 31.462502 
140993791087135 -93.656250 80.268753 32.681252 
140993811087135 -93.806252 79.668755 34.012501 
140993831087135 -94.087502 79.293755 35.343750 
140993851087135 -94.481255 78.618752 36.206253 
140993871087135 -95.100006 77.812500 36.825001 
140993891087135 -95.737503 77.325005 37.368752 
140993911087135 -96.356255 76.537506 37.743752 
140993931087135 -96.993752 76.050003 37.893753 
140993951087135 -97.481255 75.356255 38.212502 
140993971087135 -98.343758 75.056252 38.212502 
140993991087135 -98.643753 74.775002 37.931252 
140994011087135 -98.962502 74.531250 37.593750 
140994031087135 -99.037506 74.700005 37.143753 
140994051087135 -98.962502 74.943756 36.693752 
140994071087135 -98.568756 75.487503 36.018753 
140994091087135 -97.800003 76.143753 35.400002 
140994111087135 -96.843758 77.156250 34.425003 
140994131087135 -95.643753 78.000000 33.187500 
140994151087135 -94.575005 79.256256 31.837502 
140994171087135 -93.468750 80.606255 30.412500 
140994191087135 -92.381256 81.637505 28.893751 
140994211087135 -91.050003 82.650002 27.318750 
140994231087135 -90.056252 83.531250 25.612501 
140994251087135 -88.800003 84.037506 24.243752 
140994271087135 -87.900002 84.281250 23.100000 
140994291087135 -86.756256 84.693756 22.125000 
140994311087135 -85.818756 84.862503 21.468750 
140994331087135 -84.825005 84.806252 20.868752 
140994351087135 -84.037506 85.031250 20.568750 
140994371087135 -83.531250 85.106255 20.550001 
140994391087135 -83.193756 85.237503 21.093750 
140994411087135 -83.306252 85.443756 21.581251 
140994431087135 -83.343750 85.612503 22.481251 
140994451087135 -83.775002 85.575005 23.325001 
140994471087135 -84.018753 85.443756 24.018751 
140994491087135 -84.075005 85.593750 24.731251 
140994511087135 -84.093750 85.631256 25.312502 
140994531087135 -84.112503 85.612503 25.931252 
140994551087135 -83.906250 85.181252 26.737501 
140994571087135 -83.718750 85.218750 27.506250 
140994591087135 -83.475006 85.368752 27.656252 
140994611087135 -82.818756 85.556252 28.087502 
140994631087135 -82.593750 85.556252 28.912500 
140994651087135 -82.725006 85.312500 30.000002 
140994671087135 -83.250000 85.162506 31.181252 
140994691087135 -83.756256 84.637505 32.325001 
140994711087135 -84.112503 84.281250 33.206253 
140994731087135 -84.656250 83.868752 34.350002 
140994751087135 -85.050003 83.137505 35.718750 
140994771087135 -85.818756 82.462502 37.106251 
140994791087135 -86.400002 81.787506 38.362503 
140994811087135 -86.681252 81.243752 39.337502 
140994831087135 -86.737503 80.737503 40.593750 
140994851087135 -86.887505 80.156250 41.756252 
140994871087135 -87.525002 79.743752 42.656250 
140994891087135 -87.956253 79.087502 43.218750 
140994911087135 -88.612503 78.675003 43.968750 
140994931087135 -89.400002 77.887505 44.381252 
140994951087135 -90.037506 77.362503 44.775002 
140994971087135 -90.900002 76.856255 45.356251 
140994991087135 -91.725006 76.368752 45.600002 
140995011087135 -92.362503 76.050003 45.862503 
140995031087135 -92.812500 75.750000 46.106251 
140995051087135 -93.281250 75.506256 46.237503 
140995071087135 -93.825005 75.131256 46.237503 
140995091087135 -93.918755 75.300003 46.200001 
140995111087135 -94.012505 75.581253 45.768753 
140995131087135 -93.562500 76.125000 44.981251 
140995151087135 -92.906250 76.837502 44.081253 
140995171087135 -92.306252 77.943756 42.843750 
140995191087135 -91.368752 79.087502 41.362503 
140995211087135 -90.337502 80.175003 39.787502 
140995231087135 -89.137505 81.525002 37.556252 
140995251087135 -88.275002 82.800003 35.606251 
140995271087135 -87.168755 83.718750 33.562500 
140995291087135 -86.475006 84.693756 31.518751 
140995311087135 -85.631256 85.312500 29.737501 
140995331087135 -84.487503 85.743752 27.825001 
140995351087135 -83.475006 86.118752 26.268751 
140995371087135 -82.687500 86.531250 24.637501 
140995391087135 -81.825005 86.756256 23.550001 
140995411087135 -80.850006 86.868752 22.668751 
140995431087135 -80.362503 87.318756 22.218750 
140995451087135 -79.800003 87.281250 22.650002 
140995471087135 -79.725006 87.356255 22.837502 
140995491087135 -80.156250 87.206253 23.400002 
140995511087135 -80.793755 87.187500 23.812500 
140995531087135 -81.150002 87.075005 24.543751 
140995551087135 -81.506256 87.075005 25.443750 
140995571087135 -81.712502 87.037506 26.175001 
140995591087135 -81.581253 86.793755 26.812502 
140995611087135 -81.487503 86.831253 27.093752 
140995631087135 -81.450005 86.793755 27.543751 
140995651087135 -81.225006 86.831253 27.862501 
140995671087135 -81.056252 86.718750 28.612501 
140995691087135 -81.168755 86.775002 29.606251 
140995711087135 -81.675003 86.493752 30.431252 
140995731087135 -82.443756 86.212502 31.312502 
140995751087135 -83.137505 85.893753 32.343750 
140995771087135 -84.000000 85.725006 33.356251 
140995791087135 -84.881256 85.331253 34.350002 
140995811087135 -85.425003 84.937500 35.587502 
140995831087135 -85.931252 84.356255 36.693752 
140995851087135 -86.437500 83.681252 37.706253 
140995871087135 -86.737503 83.287506 38.812500 
140995891087135 -87.037506 82.931252 39.843750 
140995911087135 -87.525002 82.406250 40.800003 
140995931087135 -87.975006 81.675003 41.587502 
140995951087135 -88.293755 81.018753 42.618752 
140995971087135 -89.081253 80.362503 43.575001 
140995991087135 -89.868752 79.950005 44.231251 
140996011087135 -90.487503 79.293755 44.925003 
140996031087135 -91.256256 78.487503 45.525002 
140996051087135 -91.875000 77.587502 45.993752 
140996071087135 -92.550003 76.875000 46.537502 
140996091087135 -93.318756 76.143753 47.100002 
140996111087135 -94.031250 75.712502 47.362503 
140996131087135 -94.425003 75.450005 47.437500 
140996151087135 -94.725006 75.262505 47.437500 
140996171087135 -94.968750 75.318756 47.250000 
140996191087135 -94.912506 75.637505 46.781250 
140996211087135 -94.593750 76.443756 46.200001 
140996231087135 -93.693756 77.493752 45.225002 
140996251087135 -92.793755 79.012505 43.631252 
140996271087135 -91.762505 80.362503 41.700001 
140996291087135 -91.087502 81.787506 39.712502 
140996311087135 -90.093750 83.231255 37.818752 
140996331087135 -89.137505 84.656250 35.587502 
140996351087135 -88.181252 86.156250 33.337502 
140996371087135 -87.150002 87.187500 30.975000 
140996391087135 -86.531250 88.200005 29.025002 
140996411087135 -85.725006 88.818756 27.468752 
140996431087135 -85.031250 89.418755 25.950001 
140996451087135 -84.075005 89.831253 24.768751 
140996471087135 -83.681252 90.112503 23.775002 
140996491087135 -83.156250 90.450005 23.250000 
140996511087135 -82.650002 90.618752 23.493752 
140996531087135 -82.837502 90.712502 24.206251 
140996551087135 -83.193756 90.450005 24.787500 
140996571087135 -83.531250 90.300003 25.631250 
140996591087135 -83.868752 90.206253 26.625002 
140996611087135 -83.925003 90.375000 27.450001 
140996631087135 -83.587502 90.468750 28.181252 
140996651087135 -83.587502 90.487503 29.081251 
140996671087135 -83.643753 90.600006 29.812502 
140996691087135 -83.043755 90.750000 30.487501 
140996711087135 -82.500000 91.068756 30.768751 
140996731087135 -81.825005 91.293755 31.181252 
140996751087135 -81.150002 91.368752 31.931252 
140996771087135 -80.793755 91.293755 32.737503 
140996791087135 -81.112503 90.993752 33.975002 
140996811087135 -81.318756 90.731255 35.043751 
140996831087135 -81.600006 90.225006 36.168751 
140996851087135 -82.368752 89.831253 37.293751 
140996871087135 -82.762505 89.287506 39.187500 
140996891087135 -83.437500 88.668755 41.025002 
140996911087135 -83.793755 87.937500 42.843750 
140996931087135 -84.300003 87.393753 44.625000 
140996951087135 -84.318756 86.906250 46.087502 
140996971087135 -84.675003 86.325005 47.531250 
140996991087135 -84.825005 85.612503 48.768753 
140997011087135 -84.937500 84.843750 50.231251 
140997031087135 -85.368752 84.150002 51.356251 
140997051087135 -85.893753 83.437500 52.331253 
140997071087135 -86.887505 82.800003 53.231251 
140997091087135 -87.843750 81.731255 53.925003 
140997111087135 -89.006256 81.131256 54.787502 
140997131087135 -89.775002 80.493752 55.462502 
140997151087135 -90.937500 79.968750 56.062504 
140997171087135 -91.725006 79.725006 56.343754 
140997191087135 -91.987503 79.875000 56.550003 
140997211087135 -91.950005 80.400002 56.737503 
140997231087135 -91.500000 81.243752 56.718754 
140997251087135 -90.581253 82.706253 56.306252 
140997271087135 -89.231255 84.356255 55.425003 
140997291087135 -87.768753 86.512505 54.206253 
140997311087135 -86.062500 88.781250 52.631252 
140997331087135 -84.525002 91.237503 50.568752 
140997351087135 -82.987503 93.356255 48.243752 
140997371087135 -81.243752 95.193756 45.581253 
140997391087135 -79.500000 97.106255 42.581253 
140997411087135 -77.887505 98.400002 39.787502 
140997431087135 -76.125000 99.318756 36.993752 
140997451087135 -74.381256 99.581253 34.237503 
140997471087135 -72.393753 100.031258 31.443750 
140997491087135 -70.593750 100.087502 28.912500 
140997511087135 -69.243752 99.956253 26.512501 
140997531087135 -68.343750 99.956253 24.318750 
140997551087135 -67.781250 99.656258 22.743752 
140997571087135 -67.650002 99.525002 21.712502 
140997591087135 -67.631256 99.150002 21.037500 
140997611087135 -67.987503 99.112503 21.093750 
140997631087135 -68.793755 98.943756 21.243752 
140997651087135 -69.318756 98.606255 21.600000 
140997671087135 -69.712502 98.381256 21.993752 
140997691087135 -70.031250 97.931252 22.818750 
140997711087135 -70.162506 97.593758 23.531250 
140997731087135 -69.900002 96.862503 23.981251 
140997751087135 -70.143753 96.262505 24.618752 
140997771087135 -70.050003 95.681252 24.712502 
140997791087135 -69.731255 95.118752 25.181252 
140997811087135 -69.768753 94.481255 25.650002 
140997831087135 -70.068756 93.881256 26.475000 
140997851087135 -70.650002 93.206253 27.337502 
140997871087135 -71.512505 92.587502 28.012501 
140997891087135 -72.731255 92.100006 29.137501 
140997911087135 -73.593750 91.800003 30.150002 
140997931087135 -74.718750 91.106255 31.668751 
140997951087135 -75.787506 90.431252 33.018753 
140997971087135 -77.081253 89.943756 34.406250 
140997991087135 -78.093750 89.325005 35.775002 
140998011087135 -78.956253 88.593750 37.162502 
140998031087135 -79.912506 87.731255 38.775002 
140998051087135 -80.568756 87.206253 40.031250 
140998071087135 -81.675003 86.268753 41.081253 
140998091087135 -82.650002 85.668755 42.018753 
140998111087135 -83.512505 84.956253 42.806252 
140998131087135 -84.262505 84.300003 43.818752 
140998151087135 -85.312500 83.606255 44.512501 
140998171087135 -86.268753 83.156250 44.812500 
140998191087135 -87.225006 82.631256 45.018753 
140998211087135 -88.181252 82.125000 45.168751 
140998231087135 -88.950005 81.843750 45.037502 
140998251087135 -89.681252 81.600006 44.681252 
140998271087135 -90.243752 81.487503 44.306252 
140998291087135 -90.431252 81.450005 43.481251 
140998311087135 -90.337502 81.993752 42.318752 
140998331087135 -90.168755 82.481255 41.062500 
140998351087135 -89.400002 83.250000 39.375000 
140998371087135 -88.706253 84.075005 37.612503 
140998391087135 -87.881256 85.031250 35.512501 
140998411087135 -86.887505 85.856255 33.412502 
140998431087135 -86.325005 86.512505 31.125002 
140998451087135 -85.575005 87.243752 28.687502 
140998471087135 -84.937500 87.506256 26.568750 
140998491087135 -84.056252 88.031250 24.487501 
140998511087135 -83.325005 88.387505 22.612501 
140998531087135 -82.593750 88.443756 21.056252 
140998551087135 -81.768753 88.462502 19.781250 
140998571087135 -81.168755 88.387505 18.600000 
140998591087135 -80.343750 88.537506 17.718750 
140998611087135 -79.837502 88.518753 17.381250 
140998631087135 -79.650002 88.575005 17.231251 
140998651087135 -79.650002 88.350006 17.775002 
140998671087135 -80.100006 87.937500 18.750000 
140998691087135 -80.625000 87.787506 19.631250 
140998711087135 -81.000000 87.506256 20.812500 
140998731087135 -81.262505 87.656250 21.825001 
140998751087135 -81.450005 87.562500 22.818750 
140998771087135 -81.543755 87.506256 23.643751 
140998791087135 -81.300003 87.375000 24.618752 
140998811087135 -81.112503 87.375000 25.143751 
140998831087135 -80.662506 87.543755 25.331251 
140998851087135 -80.212502 87.712502 25.706251 
140998871087135 -80.193756 87.750000 26.175001 
140998891087135 -80.643753 87.543755 26.943750 
140998911087135 -81.412506 87.243752 27.993752 
140998931087135 -82.275002 86.943756 29.343752 
140998951087135 -83.362503 86.662506 30.600000 
140998971087135 -84.337502 86.268753 31.650002 
140998991087135 -85.331253 85.743752 33.056252 
140999011087135 -86.418755 85.087502 34.350002 
140999031087135 -87.300003 84.525002 35.831253 
140999051087135 -87.750000 84.075005 37.368752 
140999071087135 -88.312500 83.662506 38.362503 
140999091087135 -88.950005 83.118752 39.131252 
140999111087135 -89.362503 82.406250 39.806252 
140999131087135 -89.943756 81.618752 40.650002 
140999151087135 -90.562500 81.000000 41.362503 
140999171087135 -91.275002 80.456253 42.075001 
140999191087135 -92.062500 79.781250 42.412502 
140999211087135 -92.868752 78.993752 42.693752 
140999231087135 -93.618752 78.506256 43.068752 
140999251087135 -94.275002 78.018753 43.237503 
140999271087135 -95.043755 77.643753 43.368752 
140999291087135 -95.756256 77.550003 43.818752 
140999311087135 -96.450005 77.512505 43.931252 
140999331087135 -96.731255 77.587502 43.612503 
140999351087135 -96.712502 78.018753 43.387501 
140999371087135 -96.487503 78.806252 42.918751 
140999391087135 -95.512505 79.631256 42.075001 
140999411087135 -94.668755 80.756256 41.231251 
140999431087135 -93.375000 82.162506 40.106251 
140999451087135 -92.025002 83.550003 38.268753 
140999471087135 -90.618752 84.618752 36.337502 
140999491087135 -89.025002 85.931252 34.406250 
140999511087135 -87.637505 87.150002 32.212502 
140999531087135 -86.343750 87.862503 29.981251 
140999551087135 -85.331253 88.650002 27.881250 
140999571087135 -84.037506 89.362503 25.781252 
140999591087135 -82.781250 89.700005 23.718750 
140999611087135 -81.543755 90.112503 22.162500 
140999631087135 -80.156250 90.656250 20.831251 
140999651087135 -79.275002 90.656250 19.800001 
140999671087135 -78.562500 90.543755 19.218750 
140999691087135 -78.168755 90.525002 19.125000 
140999711087135 -78.168755 90.056252 19.612501 
140999731087135 -78.506256 89.718750 20.493752 
140999751087135 -79.125000 89.212502 21.618752 
140999771087135 -79.706253 88.837502 22.368752 
140999791087135 -80.493752 88.743752 23.137501 
140999811087135 -80.943756 88.650002 23.831251 
140999831087135 -81.206253 88.537506 24.712502 
140999851087135 -81.525002 88.556252 25.406252 
140999871087135 -81.412506 88.593750 25.818750 
140999891087135 -81.093750 88.387505 26.118752 
140999911087135 -80.943756 88.556252 26.475000 
140999931087135 -80.775002 88.481255 27.281252 
140999951087135 -80.868752 88.293755 28.256250 
140999971087135 -81.318756 87.956253 29.212502 
140999991087135 -81.956253 87.881256 29.906252 
141000011087135 -82.462502 87.412506 30.637501 
141000031087135 -83.512505 87.093750 31.893751 
141000051087135 -84.468750 86.512505 32.943752 
141000071087135 -85.518753 86.043755 33.937500 
141000091087135 -86.568756 85.556252 34.931252 
141000111087135 -87.468750 84.956253 35.981251 
141000131087135 -88.087502 84.693756 37.012501 
141000151087135 -88.425003 84.112503 38.268753 
141000171087135 -88.781250 83.868752 39.318752 
141000191087135 -88.912506 83.268753 39.937500 
141000211087135 -89.306252 83.137505 40.650002 
141000231087135 -89.850006 82.612503 41.381252 
141000251087135 -90.300003 82.087502 42.112503 
141000271087135 -90.712502 81.412506 42.675003 
141000291087135 -91.368752 80.868752 43.406250 
141000311087135 -92.137505 80.343750 43.575001 
141000331087135 -92.681252 79.743752 43.743752 
141000351087135 -93.525002 79.387505 44.025002 
141000371087135 -94.237503 78.918755 44.193752 
141000391087135 -94.631256 78.806252 44.381252 
141000411087135 -95.287506 78.618752 44.212502 
141000431087135 -95.718750 78.637505 43.912502 
141000451087135 -95.981255 78.693756 43.368752 
141000471087135 -95.962502 79.162506 42.956253 
141000491087135 -95.943756 79.762505 42.093750 
141000511087135 -95.100006 80.700005 40.987503 
141000531087135 -94.275002 81.675003 39.843750 
141000551087135 -93.450005 82.631256 38.118752 
141000571087135 -92.418755 83.737503 36.018753 
141000591087135 -91.181252 84.768753 33.656250 
141000611087135 -89.850006 85.856255 31.350000 
141000631087135 -88.556252 86.700005 28.875002 
141000651087135 -87.412506 87.525002 26.943750 
141000671087135 -86.493752 88.275002 25.012501 
141000691087135 -85.612503 88.893753 23.156250 
141000711087135 -84.468750 89.325005 21.637501 
141000731087135 -83.287506 89.700005 20.643751 
141000751087135 -82.668755 90.112503 19.837502 
141000771087135 -82.275002 90.375000 19.350000 
141000791087135 -82.181252 90.431252 19.256250 
141000811087135 -82.143753 90.506256 19.406250 
141000831087135 -82.706253 90.375000 20.118752 
141000851087135 -83.118752 90.112503 21.168751 
141000871087135 -83.906250 89.887505 22.350000 
141000891087135 -84.787506 89.718750 23.381250 
141000911087135 -85.237503 89.475006 24.543751 
141000931087135 -85.875000 89.456253 25.593752 
141000951087135 -86.231255 89.587502 26.493752 
141000971087135 -86.100006 89.493752 27.187502 
141000991087135 -85.743752 89.437500 27.806252 
141001011087135 -85.612503 89.512505 28.031252 
141001031087135 -85.312500 89.512505 28.425001 
141001051087135 -85.237503 89.456253 28.968752 
141001071087135 -85.425003 89.325005 29.568750 
141001091087135 -85.631256 88.950005 30.243752 
141001111087135 -86.175003 88.612503 31.181252 
141001131087135 -87.131256 88.218750 32.100002 
141001151087135 -88.181252 87.731255 32.700001 
141001171087135 -89.006256 87.262505 33.450001 
141001191087135 -89.681252 87.112503 34.275002 
141001211087135 -90.450005 86.568756 35.325001 
141001231087135 -90.862503 86.137505 36.431252 
141001251087135 -90.956253 85.725006 37.350002 
141001271087135 -91.031250 85.293755 38.325001 
141001291087135 -91.143753 84.900002 39.356251 
141001311087135 -91.312500 84.600006 40.537502 
141001331087135 -91.481255 84.262505 41.531250 
141001351087135 -92.100006 83.662506 42.431252 
141001371087135 -92.343750 83.062500 43.031250 
141001391087135 -93.037506 82.481255 43.518753 
141001411087135 -94.050003 81.975006 44.156250 
141001431087135 -94.743752 81.431252 44.587502 
141001451087135 -95.568756 80.831253 44.962502 
141001471087135 -96.318756 80.437500 44.962502 
141001491087135 -96.937508 80.006256 44.943752 
141001511087135 -97.368752 79.725006 44.793751 
141001531087135 -97.818756 79.650002 44.475002 
141001551087135 -97.743752 79.987503 44.118752 
141001571087135 -97.256256 80.362503 43.368752 
141001591087135 -96.581253 81.187500 42.225002 
141001611087135 -95.587502 82.425003 40.650002 
141001631087135 -94.125000 83.137505 39.075001 
141001651087135 -93.056252 84.187500 37.387501 
141001671087135 -91.837502 85.162506 35.156250 
141001691087135 -90.431252 86.493752 33.018753 
141001711087135 -89.212502 87.375000 30.825001 
141001731087135 -87.862503 88.143753 28.593752 
141001751087135 -86.606255 88.762505 26.287500 
141001771087135 -85.462502 88.968750 24.356251 
141001791087135 -84.487503 89.531250 22.500000 
141001811087135 -83.306252 89.831253 20.793751 
141001831087135 -82.087502 90.300003 19.518751 
141001851087135 -81.056252 90.337502 18.656250 
141001871087135 -80.193756 90.581253 17.887501 
141001891087135 -79.875000 90.806252 17.400002 
141001911087135 -79.912506 90.637505 17.512501 
141001931087135 -80.212502 90.825005 18.168751 
141001951087135 -80.906250 90.937500 19.031250 
141001971087135 -81.618752 90.825005 20.156250 
141001991087135 -82.518753 90.375000 21.056252 
141002011087135 -83.343750 90.375000 21.843750 
141002031087135 -83.943756 90.243752 22.650002 
141002051087135 -84.300003 90.018753 23.418751 
141002071087135 -84.450005 90.037506 24.150002 
141002091087135 -84.375000 89.662506 24.543751 
141002111087135 -84.093750 89.362503 25.368752 
141002131087135 -84.000000 89.231255 26.100000 
141002151087135 -83.643753 89.381256 27.131250 
141002171087135 -83.493752 89.043755 28.200001 
141002191087135 -83.681252 88.875000 29.175001 
141002211087135 -83.831253 88.556252 30.187502 
141002231087135 -84.337502 88.312500 31.087502 
141002251087135 -85.031250 88.087502 31.875002 
141002271087135 -85.725006 87.843750 32.362503 
141002291087135 -86.343750 87.450005 32.943752 
141002311087135 -87.056252 86.943756 33.693752 
141002331087135 -87.637505 86.662506 34.537502 
141002351087135 -88.087502 85.968750 35.475002 
141002371087135 -88.743752 85.481255 36.543751 
141002391087135 -89.250000 84.712502 37.706253 
141002411087135 -89.437500 84.206253 38.625000 
141002431087135 -89.643753 83.868752 39.656250 
141002451087135 -90.000000 83.531250 40.406250 
141002471087135 -90.581253 83.062500 41.025002 
141002491087135 -91.200005 82.556252 41.475002 
141002511087135 -91.856255 82.181252 42.075001 
141002531087135 -92.456253 81.806252 42.562500 
141002551087135 -92.831253 81.450005 42.600002 
141002571087135 -93.525002 81.168755 42.881252 
141002591087135 -94.087502 80.625000 42.543751 
141002611087135 -94.556252 80.175003 42.618752 
141002631087135 -94.743752 79.875000 42.675003 
141002651087135 -94.931252 79.537506 42.487503 
141002671087135 -95.118752 79.462502 42.112503 
141002691087135 -94.968750 79.668755 41.493752 
141002711087135 -94.781250 80.118752 40.893753 
141002731087164 -94.181252 80.775002 39.862503 
141002751087269 -93.487503 81.562500 38.887501 
141002771087269 -92.512505 82.406250 37.275002 
141002791087269 -91.687500 83.343750 35.550003 
141002811087269 -90.806252 84.337502 33.525002 
141002831087269 -89.606255 85.368752 31.312502 
141002851087269 -88.575005 86.081253 29.212502 
141002871087269 -87.656250 86.812500 27.075001 
141002891087269 -86.737503 87.243752 25.237501 
141002911087269 -85.687500 87.731255 23.456251 
141002931087269 -84.693756 88.162506 21.975000 
141002951087269 -83.700005 88.668755 20.700001 
141002971087269 -82.518753 89.137505 19.575001 
141002991087269 -81.787506 89.362503 18.806252 
141003011087269 -80.831253 89.681252 18.075001 
141003031087269 -80.437500 89.625000 17.775002 
141003051087269 -80.100006 89.550003 17.325001 
141003071087269 -80.100006 89.493752 17.700001 
141003091087269 -80.681252 89.343750 18.318750 
141003111087269 -81.150002 88.968750 19.050001 
141003131087269 -82.162506 88.706253 20.156250 
141003151087269 -82.893753 88.575005 20.868752 
141003171087269 -83.850006 88.368752 21.918751 
141003191087269 -84.112503 88.425003 22.837502 
141003211087269 -84.675003 88.631256 24.093752 
141003231087269 -84.918755 88.556252 25.162500 
141003251087269 -84.768753 88.462502 25.987501 
141003271087269 -84.731255 88.518753 26.718752 
141003291087269 -84.562500 88.312500 27.581251 
141003311087269 -84.412506 88.331253 28.743752 
141003331087269 -84.675003 88.143753 29.287500 
141003351087269 -84.862503 87.750000 30.018751 
141003371087269 -85.293755 87.187500 30.768751 
141003391087269 -85.893753 86.868752 31.200001 
141003411087269 -86.681252 86.531250 31.950001 
141003431087269 -87.225006 85.837502 32.775002 
141003451087269 -87.675003 85.425003 33.506252 
141003471087269 -88.406250 84.693756 34.350002 
141003491087269 -88.575005 84.206253 35.531250 
141003511087269 -89.081253 83.718750 36.806252 
141003531087269 -89.306252 83.306252 37.912502 
141003551087269 -89.625000 82.706253 38.850002 
141003571087269 -89.793755 82.312500 39.675003 
141003591087269 -90.206253 82.050003 40.256252 
141003611087269 -90.675003 81.693756 40.968750 
141003631087269 -91.050003 81.356255 41.587502 
141003651087269 -91.650002 80.831253 42.112503 
141003671087269 -92.137505 80.362503 42.375000 
141003691087269 -92.700005 79.912506 42.600002 
141003711087269 -93.487503 79.593750 42.825001 
141003731087269 -94.125000 79.012505 42.881252 
141003751087269 -94.650002 78.675003 42.768753 
141003771087269 -95.212502 78.506256 42.618752 
141003791087269 -95.493752 78.412506 42.168751 
141003811087269 -95.512505 78.618752 41.718750 
141003831087269 -95.343750 79.050003 41.156250 
141003851087269 -94.631256 79.725006 40.256252 
141003871087269 -93.937500 80.643753 39.093750 
141003891087269 -93.168755 81.862503 37.500000 
141003911087269 -92.343750 83.025002 35.925003 
141003931087269 -91.143753 84.112503 33.881252 
141003951087269 -90.150002 85.031250 31.856251 
141003971087269 -89.175003 86.118752 29.456251 
141003991087269 -88.162506 86.925003 27.056252 
141004011087269 -87.450005 87.543755 24.975000 
141004031087269 -86.212502 87.862503 23.081251 
141004051087269 -84.975006 87.937500 21.525002 
141004071087269 -83.943756 88.125000 20.006250 
141004091087269 -83.137505 88.368752 18.881250 
141004111087269 -82.406250 88.650002 17.981251 
141004131087269 -81.843750 88.593750 17.775002 
141004151087269 -81.900002 88.631256 18.018751 
141004171087269 -81.975006 88.650002 18.375000 
141004191087269 -82.331253 88.443756 19.256250 
141004211087269 -83.156250 88.500000 20.306252 
141004231087269 -83.868752 88.293755 21.468750 
141004251087269 -84.525002 88.050003 22.350000 
141004271087269 -84.918755 87.825005 23.362501 
141004291087269 -85.500000 87.787506 24.243752 
141004311087269 -85.443756 87.712502 25.125002 
141004331087269 -85.668755 87.525002 26.062502 
141004351087269 -85.781250 87.562500 26.625002 
141004371087269 -85.725006 87.468750 27.337502 
141004391087269 -85.612503 87.543755 28.087502 
141004411087269 -85.556252 87.543755 29.137501 
141004431087269 -85.893753 87.393753 29.981251 
141004451087269 -86.118752 87.075005 30.806252 
141004471087269 -86.681252 86.700005 31.575001 
141004491087269 -87.187500 86.250000 32.306252 
141004511087269 -87.581253 85.818756 33.206253 
141004531087269 -87.918755 85.293755 34.031250 
141004551087269 -88.425003 84.843750 34.856251 
141004571087269 -88.875000 84.206253 35.812500 
141004591087269 -89.193756 83.437500 36.862503 
141004611087269 -89.456253 83.043755 38.081253 
141004631087269 -89.756256 82.593750 39.187500 
141004651087269 -90.075005 82.200005 40.200001 
141004671087269 -90.375000 81.656250 40.987503 
141004691087269 -90.431252 81.093750 41.887501 
141004711087269 -90.843750 80.493752 42.600002 
141004731087269 -91.387505 79.856255 43.143753 
141004751087269 -92.231255 79.425003 43.556252 
141004771087269 -93.281250 78.843750 43.931252 
141004791087269 -93.918755 78.281250 44.062500 
141004811087269 -94.500000 77.793755 44.137501 
141004831087269 -95.343750 77.456253 44.193752 
141004851087269 -95.943756 77.643753 43.875000 
141004871087269 -95.943756 77.962502 43.537502 
141004891087269 -95.718750 78.806252 42.768753 
141004911087269 -95.025002 79.706253 41.718750 
141004931087269 -94.181252 80.606255 40.275002 
141004951087269 -93.468750 81.675003 38.606251 
141004971087269 -92.456253 82.912506 36.543751 
141004991087269 -91.443756 84.318756 34.162502 
141005011087269 -90.562500 85.125000 31.650002 
141005031087269 -89.831253 86.118752 29.156252 
141005051087269 -89.137505 86.812500 26.906252 
141005071087269 -88.162506 87.300003 24.843752 
141005091087269 -87.281250 87.768753 22.800001 
141005111087269 -86.306252 88.143753 20.850000 
141005131087269 -85.650002 88.425003 19.368752 
141005151087269 -84.787506 88.762505 18.150002 
141005171087269 -84.187500 89.062500 17.362501 
141005191087269 -83.643753 89.025002 16.837502 
141005211087269 -83.643753 88.968750 16.631250 
141005231087269 -84.000000 88.987503 16.800001 
141005251087269 -84.543755 88.931252 17.418751 
141005271087269 -85.312500 88.781250 18.487501 
141005291087269 -85.987503 88.668755 19.481251 
141005311087269 -86.550003 88.368752 20.400002 
141005331087269 -86.943756 88.650002 21.206251 
141005351087269 -87.112503 88.856255 21.993752 
141005371087269 -86.981255 88.856255 22.762501 
141005391087269 -87.037506 88.931252 23.568750 
141005411087269 -86.868752 88.781250 24.656252 
141005431087269 -86.475006 89.100006 24.975000 
141005451087269 -86.118752 89.156250 25.293751 
141005471087269 -85.893753 89.343750 25.912500 
141005491087269 -86.081253 89.006256 26.662500 
141005511087269 -86.437500 88.762505 27.431252 
141005531087269 -86.925003 88.687500 28.350000 
141005551087269 -87.281250 88.237503 29.025002 
141005571087269 -87.618752 88.218750 29.437502 
141005591087269 -88.162506 87.693756 30.618752 
141005611087269 -88.556252 87.375000 31.837502 
141005631087269 -89.268753 86.681252 33.037502 
141005651087269 -89.606255 86.193756 34.256252 
141005671087269 -90.018753 85.687500 35.606251 
141005691087269 -90.262505 85.031250 36.843750 
141005711087269 -90.562500 84.881256 38.118752 
141005731087269 -91.087502 84.450005 39.000000 
141005751087269 -91.687500 83.925003 39.975002 
141005771087269 -92.193756 83.362503 40.931252 
141005791087269 -92.681252 82.743752 41.643753 
141005811087269 -93.337502 82.387505 42.168751 
141005831087269 -93.975006 81.900002 42.431252 
141005851087269 -94.650002 81.562500 42.543751 
141005871087269 -95.231255 81.112503 42.431252 
141005891087269 -95.625000 80.606255 42.393753 
141005911087269 -95.925003 80.475006 42.000000 
141005931087269 -96.375008 80.268753 41.775002 
141005951087269 -96.525002 80.456253 41.381252 
141005971087269 -96.375008 80.587502 40.856251 
141005991087269 -96.187508 80.868752 39.993752 
141006011087269 -95.606255 81.618752 38.625000 
141006031087269 -94.931252 82.387505 37.368752 
141006051087269 -94.031250 83.193756 35.718750 
141006071087269 -93.225006 84.000000 33.787502 
141006091087269 -92.400002 85.068756 31.425001 
141006111087269 -91.443756 85.875000 29.156252 
141006131087269 -90.581253 86.587502 26.775002 
141006151087269 -89.475006 87.187500 24.506250 
141006171087269 -88.631256 87.637505 22.837502 
141006191087269 -87.656250 87.956253 20.981251 
141006211087269 -86.568756 88.312500 19.462502 
141006231087269 -85.387505 88.706253 18.187500 
141006251087269 -84.262505 88.893753 17.250000 
141006271087269 -83.418755 89.250000 16.706251 
141006291087269 -82.800003 89.531250 16.387501 
141006311087269 -82.218750 89.775002 16.462502 
141006331087269 -81.900002 89.887505 16.650002 
141006351087269 -81.918755 89.943756 17.381250 
141006371087269 -82.293755 90.131256 18.356251 
141006391087269 -82.893753 90.037506 19.518751 
141006411087269 -83.456253 89.887505 20.475000 
141006431087269 -83.887505 89.812500 21.412500 
141006451087269 -84.093750 89.906250 22.181252 
141006471087269 -84.300003 89.737503 23.006250 
141006491087269 -84.337502 89.550003 23.662500 
141006511087269 -84.450005 89.568756 24.393751 
141006531087269 -84.525002 89.268753 25.181252 
141006551087269 -84.262505 89.118752 26.081251 
141006571087269 -84.150002 88.950005 27.168751 
141006591087269 -84.318756 88.781250 27.862501 
141006611087269 -84.562500 88.368752 28.893751 
141006631087269 -85.200005 88.275002 30.056252 
141006651087269 -85.931252 88.050003 30.956251 
141006671087269 -86.550003 87.543755 31.668751 
141006691087269 -87.075005 87.243752 32.343750 
141006711087269 -87.693756 86.925003 32.925003 
141006731087269 -88.087502 86.512505 33.618752 
141006751087269 -88.350006 85.893753 34.462502 
141006771087269 -88.500000 85.537506 35.512501 
141006791087269 -88.818756 85.012505 36.168751 
141006811087269 -88.968750 84.450005 37.068752 
141006831087269 -89.212502 84.037506 37.856251 
141006851087269 -89.381256 83.493752 38.606251 
141006871087269 -89.850006 83.025002 39.506252 
141006891087269 -90.618752 82.331253 40.050003 
141006911087269 -91.218750 81.937500 40.781250 
141006931087269 -91.968750 81.262505 40.875000 
141006951087269 -92.625000 80.550003 41.100002 
141006971087269 -93.356255 79.931252 41.156250 
141006991087269 -93.975006 79.462502 41.137501 
141007011087269 -94.631256 79.293755 41.100002 
141007031087269 -95.100006 78.900002 40.931252 
141007051087269 -95.362503 79.012505 40.875000 
141007071087269 -95.643753 79.143753 40.331253 
141007091087269 -95.737503 79.275002 40.012501 
141007111087269 -95.193756 79.950005 39.150002 
141007131087269 -94.481255 80.531250 38.343750 
141007151087269 -93.712502 81.375000 37.256252 
141007171087269 -92.925003 82.162506 35.587502 
141007191087269 -91.893753 83.025002 33.525002 
141007211087269 -90.881256 83.756256 31.256250 
141007231087269 -89.700005 84.562500 28.987501 
141007251087269 -88.687500 85.406250 26.606251 
141007271087269 -87.806252 85.781250 24.562502 
141007291087269 -86.831253 86.193756 22.368752 
141007311087269 -85.668755 86.550003 20.606251 
141007331087269 -84.337502 86.531250 19.125000 
141007351087269 -83.212502 86.756256 17.981251 
141007371087269 -82.106255 87.018753 17.137501 
141007391087269 -81.262505 87.075005 16.687500 
141007411087269 -80.400002 86.981255 16.181252 
141007431087269 -79.725006 87.000000 16.162500 
141007451087269 -79.387505 86.925003 16.518751 
141007471087269 -79.500000 86.587502 16.950001 
141007491087269 -79.987503 86.606255 17.550001 
141007511087269 -80.381256 86.156250 18.225000 
141007531087269 -80.906250 85.593750 18.975000 
141007551087269 -81.506256 85.275002 19.743752 
141007571087269 -81.956253 84.768753 20.568750 
141007591087269 -82.537506 84.375000 21.412500 
141007611087269 -82.931252 84.187500 22.068750 
141007631087269 -82.968750 84.000000 22.668751 
141007651087269 -83.025002 83.550003 23.531250 
141007671087269 -83.043755 83.306252 24.468752 
141007691087269 -83.212502 83.418755 25.387501 
141007711087269 -83.193756 83.193756 26.175001 
141007731087269 -83.400002 83.118752 27.150002 
141007751087269 -83.456253 83.043755 27.975000 
141007771087269 -84.075005 82.781250 28.818750 
141007791087269 -84.993752 82.612503 29.493752 
141007811087269 -85.631256 82.350006 29.943750 
141007831087269 -86.606255 82.106255 30.243752 
141007851087269 -87.468750 81.506256 30.862501 
141007871087269 -88.200005 81.056252 31.631250 
141007891087269 -88.912506 80.643753 32.381252 
141007911087269 -89.925003 80.343750 33.131252 
141007931087269 -90.431252 79.893753 33.918751 
141007951087269 -90.750000 79.462502 34.781250 
141007971087269 -91.162506 79.125000 35.737503 
141007991087269 -91.556252 78.675003 36.543751 
141008011087269 -91.687500 78.337502 37.256252 
141008031087269 -92.118752 77.812500 37.931252 
141008051087269 -92.718750 77.325005 38.625000 
141008071087269 -93.018753 76.556252 39.318752 
141008091087269 -93.637505 76.143753 39.900002 
141008111087269 -94.106255 75.543755 40.593750 
141008131087269 -94.650002 75.225006 40.856251 
141008151087269 -95.250000 74.925003 41.287502 
141008171087269 -95.868752 74.625000 41.550003 
141008191087269 -96.468758 74.418755 41.793751 
141008211087269 -96.900002 74.418755 42.075001 
141008231087269 -97.200005 74.681252 42.018753 
141008251087269 -97.218758 74.681252 41.831253 
141008271087269 -97.181252 75.431252 41.118752 
141008291087269 -96.656258 76.256256 40.387501 
141008311087269 -95.925003 77.568756 39.300003 
141008331087269 -95.231255 78.881256 37.837502 
141008351087269 -94.237503 80.287506 35.850002 
141008371087269 -92.943756 81.562500 33.562500 
141008391087269 -91.950005 82.875000 31.106251 
141008411087269 -90.731255 84.506256 28.631250 
141008431087269 -89.475006 85.462502 26.325001 
141008451087269 -88.406250 86.156250 24.131250 
141008471087269 -87.037506 86.587502 22.012501 
141008491087269 -85.650002 87.037506 20.212502 
141008511087269 -84.300003 87.375000 18.806252 
141008531087269 -83.325005 87.825005 17.456251 
141008551087269 -82.331253 87.937500 16.593750 
141008571087269 -81.262505 87.918755 15.825001 
141008591087269 -80.775002 88.050003 15.506250 
141008611087269 -80.625000 88.256256 15.506250 
141008631087269 -80.662506 88.143753 16.050001 
141008651087269 -80.868752 88.012505 16.575001 
141008671087269 -81.562500 87.862503 17.418751 
141008691087269 -82.218750 87.656250 18.543751 
141008711087269 -82.725006 87.543755 19.425001 
141008731087269 -83.287506 87.543755 20.512501 
141008751087269 -83.531250 87.356255 21.656250 
141008771087269 -83.550003 87.225006 22.837502 
141008791087269 -83.887505 87.187500 23.775002 
141008811087269 -84.318756 87.037506 25.237501 
141008831087269 -83.962502 86.981255 26.156252 
141008851087269 -83.756256 86.775002 27.150002 
141008871087269 -83.756256 86.812500 28.237501 
141008891087269 -83.812500 86.606255 29.062502 
141008911087269 -84.281250 86.437500 29.362501 
141008931087269 -84.787506 86.156250 29.943750 
141008951087269 -85.312500 85.893753 30.637501 
141008971087269 -85.818756 85.668755 30.843752 
141008991087269 -86.587502 85.312500 31.593752 
141009011087269 -87.318756 84.993752 32.212502 
141009031087269 -87.900002 84.637505 33.056252 
141009051087269 -88.387505 84.187500 34.200001 
141009071087269 -88.518753 83.793755 35.625000 
141009091087269 -88.762505 83.418755 36.618752 
141009111087269 -88.856255 83.081253 37.631252 
141009131087269 -88.800003 82.650002 38.681252 
141009151087269 -88.893753 82.200005 39.900002 
141009171087269 -89.137505 81.506256 41.043751 
141009191087269 -89.475006 80.831253 41.868752 
141009211087269 -89.981255 80.287506 42.693752 
141009231087269 -90.412506 79.650002 43.500000 
141009251087269 -91.068756 79.031250 44.212502 
141009271087269 -91.762505 78.468750 44.400002 
141009291087269 -92.343750 78.000000 44.868752 
141009311087269 -93.206253 77.700005 44.868752 
141009331087269 -93.675003 77.643753 44.962502 
141009351087269 -94.125000 77.362503 45.243752 
141009371087269 -94.462502 77.343750 45.112503 
141009391087269 -94.762505 77.437500 45.131252 
141009411087269 -94.593750 77.662506 45.000000 
141009431087269 -94.331253 78.318756 44.925003 
141009451087269 -93.862503 79.275002 44.175003 
141009471087269 -92.925003 80.418755 43.387501 
141009491087269 -91.968750 81.750000 42.262501 
141009511087269 -91.293755 83.175003 40.593750 
141009531087269 -90.525002 84.768753 38.700001 
141009551087269 -89.737503 86.437500 36.600002 
141009571087269 -88.743752 87.937500 34.275002 
141009591087269 -87.543755 89.137505 31.800001 
141009611087269 -86.418755 90.318756 29.737501 
141009631087269 -85.256256 91.106255 27.450001 
141009651087269 -84.018753 91.725006 25.293751 
141009671087269 -82.331253 92.062500 23.381250 
141009691087269 -80.756256 92.381256 21.787500 
141009711087269 -79.518753 92.512505 20.268751 
141009731087269 -78.675003 92.756256 19.162500 
141009751087269 -77.962502 92.831253 18.525002 
141009771087269 -77.737503 92.793755 18.168751 
141009791087269 -77.493752 92.775002 18.431252 
141009811087269 -77.681252 92.606255 18.881250 
141009831087269 -78.281250 92.531250 19.593750 
141009851087269 -78.843750 92.381256 20.475000 
141009871087269 -79.237503 92.193756 21.337502 
141009891087269 -79.275002 91.818756 22.181252 
141009911087269 -79.518753 91.556252 22.912500 
141009931087269 -79.331253 91.050003 23.475000 
141009951087269 -79.593750 90.768753 23.925001 
141009971087269 -79.518753 90.543755 24.262501 
141009991087269 -79.143753 90.562500 24.262501 
141010011087269 -79.050003 90.150002 24.487501 
141010031087269 -79.275002 89.831253 24.862501 
141010051087269 -79.762505 89.568756 25.443750 
141010071087269 -80.456253 89.418755 26.156252 
141010091087269 -81.281250 89.118752 27.037500 
141010111087269 -81.881256 88.856255 27.806252 
141010131087269 -82.556252 88.556252 28.631250 
141010151087269 -83.118752 88.068756 30.018751 
141010171087269 -83.718750 87.637505 31.481251 
141010191087269 -84.093750 87.281250 32.718750 
141010211087269 -84.581253 86.850006 33.918751 
141010231087269 -84.862503 86.381256 34.875000 
141010251087269 -85.275002 85.893753 35.812500 
141010271087269 -85.687500 85.312500 36.618752 
141010291087269 -86.137505 84.787506 37.537502 
141010311087269 -86.962502 84.075005 38.306252 
141010331087269 -87.525002 83.550003 38.906250 
141010351087269 -88.050003 82.800003 39.693752 
141010371087269 -88.631256 82.031250 40.162502 
141010391087269 -89.100006 81.093750 40.762501 
141010411087269 -89.456253 80.587502 41.118752 
141010431087269 -89.850006 79.800003 41.606251 
141010451087269 -90.487503 79.031250 42.037502 
141010471087269 -90.993752 78.731255 42.112503 
141010491087269 -91.518753 78.206253 41.925003 
141010511087269 -92.006256 78.056252 41.718750 
141010531087269 -92.325005 78.018753 41.418751 
141010551087269 -92.475006 78.506256 40.987503 
141010571087269 -92.400002 78.843750 40.256252 
141010591087269 -92.193756 79.481255 39.375000 
141010611087269 -91.650002 80.531250 38.118752 
141010631087269 -90.937500 81.318756 36.693752 
141010651087269 -90.412506 82.368752 35.193752 
141010671087269 -89.850006 83.362503 33.300003 
141010691087269 -89.231255 84.431252 31.443750 
141010711087269 -88.575005 84.993752 29.456251 
141010731087269 -87.975006 85.650002 27.431252 
141010751087269 -87.131256 86.306252 25.443750 
141010771087269 -86.437500 86.606255 23.962502 
141010791087269 -85.743752 87.150002 22.650002 
141010811087269 -84.543755 87.393753 21.393751 
141010831087269 -83.456253 87.450005 20.493752 
141010851087269 -82.368752 87.656250 19.612501 
141010871087269 -81.693756 87.993752 19.143751 
141010891087269 -81.375000 87.993752 19.350000 
141010911087269 -81.506256 87.993752 19.912500 
141010931087269 -81.881256 88.237503 20.400002 
141010951087269 -82.350006 88.050003 21.206251 
141010971087269 -83.231255 87.993752 22.087502 
141010991087269 -83.662506 88.087502 22.912500 
141011011087269 -84.243752 87.825005 23.812500 
141011031087269 -84.562500 87.881256 24.787500 
141011051087269 -84.600006 87.900002 25.575001 
141011071087269 -84.506256 87.750000 26.006250 
141011091087269 -84.262505 87.543755 26.568750 
141011111087269 -83.681252 87.731255 26.812502 
141011131087269 -83.025002 87.862503 27.318750 
141011151087269 -82.800003 88.031250 27.862501 
141011171087269 -82.687500 88.068756 28.781252 
141011191087269 -82.837502 87.750000 29.662500 
141011211087269 -83.175003 87.656250 30.375002 
141011231087269 -83.737503 87.450005 31.106251 
141011251087269 -84.187500 87.168755 31.837502 
141011271087269 -84.956253 86.718750 33.075001 
141011291087269 -85.631256 86.250000 34.125000 
141011311087269 -86.362503 85.556252 35.268753 
141011331087269 -87.000000 85.162506 36.300003 
141011351087269 -87.431252 84.543755 37.162502 
141011371087269 -87.862503 83.868752 38.175003 
141011391087269 -88.125000 83.568756 39.262501 
141011411087269 -88.537506 83.156250 40.031250 
141011431087269 -89.006256 82.706253 40.818752 
141011451087269 -89.662506 82.312500 41.493752 
141011471087269 -90.375000 81.693756 42.075001 
141011491087269 -90.993752 81.037506 42.693752 
141011511087269 -91.893753 80.737503 43.200001 
141011531087269 -92.512505 80.212502 43.650002 
141011551087269 -93.150002 79.593750 43.837502 
141011571087269 -93.881256 78.918755 44.325001 
141011591087269 -94.481255 78.468750 44.268753 
141011611087269 -95.193756 78.112503 44.306252 
141011631087269 -95.606255 77.812500 44.437500 
141011651087269 -96.206253 77.606255 44.287502 
141011671087269 -96.375008 77.362503 44.100002 
141011691087269 -96.581253 77.475006 43.818752 
141011711087269 -96.562508 77.906250 43.275002 
141011731087269 -96.018753 78.787506 41.981251 
141011751087269 -95.381256 79.668755 40.950001 
141011771087269 -94.687500 80.550003 39.431252 
141011791087269 -94.068756 81.562500 37.518753 
141011811087269 -93.262505 82.856255 35.381252 
141011831087269 -92.531250 83.981255 33.150002 
141011851087269 -91.725006 85.237503 30.787500 
141011871087269 -90.975006 86.081253 28.312502 
141011891087269 -90.318756 86.550003 26.325001 
141011911087269 -89.700005 86.925003 24.468752 
141011931087269 -88.743752 87.131256 22.912500 
141011951087269 -87.862503 87.525002 21.618752 
141011971087269 -86.756256 87.637505 20.418751 
141011991087269 -85.650002 87.937500 19.462502 
141012011087269 -84.881256 87.900002 18.618752 
141012031087269 -84.356255 88.106255 18.637501 
141012051087269 -84.131256 88.162506 18.806252 
141012071087269 -84.093750 88.256256 18.956251 
141012091087269 -84.337502 88.237503 19.406250 
141012111087269 -84.768753 88.275002 20.306252 
141012131087269 -85.368752 88.050003 21.206251 
141012151087269 -85.968750 87.918755 21.843750 
141012171087269 -86.343750 88.068756 22.687500 
141012191087269 -86.343750 87.843750 23.456251 
141012211087269 -86.306252 87.937500 24.225000 
141012231087269 -86.306252 87.993752 24.843752 
141012251087269 -86.118752 88.162506 25.537500 
141012271087269 -85.425003 88.275002 25.893751 
141012291087269 -85.181252 88.556252 26.175001 
141012311087269 -84.881256 88.500000 26.981251 
141012331087269 -84.881256 88.275002 27.693750 
141012351087269 -85.312500 88.312500 28.368752 
141012371087269 -85.781250 88.162506 29.100000 
141012391087269 -86.306252 87.693756 30.000002 
141012411087269 -86.906250 87.206253 30.825001 
141012431087269 -87.862503 86.625000 31.743752 
141012451087269 -88.537506 86.118752 32.906250 
141012471087269 -89.156250 85.556252 33.693752 
141012491087269 -89.718750 84.937500 34.800003 
141012511087269 -90.206253 84.262505 35.756252 
141012531087269 -90.731255 83.700005 36.656250 
141012551087269 -91.106255 83.231255 37.443752 
141012571087269 -91.687500 82.725006 38.250000 
141012591087269 -92.306252 82.256256 38.756252 
141012611087269 -92.756256 81.450005 39.243752 
141012631087269 -93.506256 81.000000 40.068752 
141012651087269 -94.425003 80.493752 40.406250 
141012671087269 -95.287506 79.912506 40.650002 
141012691087269 -95.831253 79.050003 40.706253 
141012711087269 -96.562508 78.431252 40.743752 
141012731087269 -97.106255 78.168755 40.650002 
141012751087269 -97.500008 77.756256 40.743752 
141012771087269 -98.175003 77.700005 40.743752 
141012791087269 -98.550003 77.493752 40.293751 
141012811087269 -98.531258 77.512505 39.956253 
141012831087269 -98.268753 77.718750 39.618752 
141012851087269 -97.987503 78.450005 39.075001 
141012871087269 -97.425003 79.368752 38.250000 
141012891087269 -96.825005 80.287506 37.068752 
141012911087269 -96.225006 81.281250 35.606251 
141012931087269 -95.418755 82.331253 33.787502 
141012951087269 -94.650002 83.231255 32.043751 
141012971087269 -93.543755 84.356255 30.018751 
141012991087269 -92.568756 85.312500 27.806252 
141013011087269 -91.743752 86.100006 25.668751 
141013031087269 -90.918755 86.606255 23.775002 
141013051087269 -90.037506 86.943756 22.068750 
141013071087269 -89.025002 87.262505 20.568750 
141013091087269 -88.106255 87.393753 19.256250 
141013111087269 -87.112503 87.862503 18.300001 
141013131087269 -86.418755 87.937500 17.493752 
141013151087269 -86.025002 87.993752 16.968750 
141013171087269 -85.537506 87.881256 16.818750 
141013191087269 -85.462502 87.937500 16.856251 
141013211087269 -85.631256 88.050003 17.306252 
141013231087269 -86.100006 88.068756 18.187500 
141013251087269 -86.550003 88.012505 19.050001 
141013271087269 -87.018753 87.675003 19.800001 
141013291087269 -87.637505 87.618752 20.493752 
141013311087269 -87.750000 87.675003 21.318750 
141013331087269 -87.993752 87.637505 22.256250 
141013351087269 -87.956253 87.806252 22.912500 
141013371087269 -87.693756 87.675003 23.493752 
141013391087269 -87.112503 87.581253 23.587502 
141013411087269 -86.606255 87.937500 24.037500 
141013431087269 -86.212502 87.956253 24.562502 
141013451087269 -85.762505 87.768753 25.425001 
141013471087269 -85.856255 87.806252 26.268751 
141013491087269 -86.193756 87.562500 27.000002 
141013511087269 -86.100006 87.075005 27.993752 
141013531087269 -86.418755 86.756256 29.062502 
141013551087269 -86.625000 86.512505 30.562502 
141013571087269 -86.850006 85.968750 32.137501 
141013591087269 -87.262505 85.631256 33.637501 
141013611087269 -87.356255 85.312500 35.231251 
141013631087269 -87.506256 84.656250 36.675003 
141013651087269 -87.431252 84.225006 38.100002 
141013671087269 -87.656250 83.718750 39.543751 
141013691087269 -87.618752 83.231255 40.668751 
141013711087269 -87.956253 82.687500 41.531250 
141013731087269 -88.275002 82.031250 42.487503 
141013751087269 -88.537506 81.412506 43.443752 
141013771087269 -89.250000 80.662506 44.231251 
141013791087269 -89.756256 79.968750 44.943752 
141013811087269 -90.356255 79.200005 45.468750 
141013831087269 -90.956253 78.637505 45.975002 
141013851087269 -91.875000 78.018753 46.462502 
141013871087269 -92.437500 77.475006 46.725002 
141013891087269 -93.018753 77.418755 46.406250 
141013911087269 -93.431252 77.568756 46.200001 
141013931087269 -93.468750 77.887505 45.450001 
141013951087269 -93.150002 78.450005 44.512501 
141013971087269 -92.643753 79.575005 43.237503 
141013991087269 -91.893753 80.437500 41.793751 
141014011087269 -90.918755 81.525002 40.200001 
141014031087269 -90.000000 82.668755 38.475002 
141014051087269 -89.043755 83.850006 36.843750 
141014071087269 -87.918755 84.712502 34.593750 
141014091087269 -86.831253 85.725006 32.662502 
141014111087269 -86.137505 86.662506 30.768751 
141014131087269 -85.331253 87.075005 29.212502 
141014151087269 -84.543755 87.750000 27.356251 
141014171087269 -83.625000 88.218750 25.762501 
141014191087269 -82.668755 88.593750 24.206251 
141014211087269 -81.862503 88.875000 23.006250 
141014231087269 -81.300003 89.118752 22.218750 
141014251087269 -80.793755 89.268753 21.487501 
141014271087269 -80.362503 89.175003 21.168751 
141014291087269 -80.175003 89.118752 21.281250 
141014311087269 -80.381256 89.043755 21.956251 
141014331087269 -80.625000 88.743752 22.762501 
141014351087269 -81.075005 88.893753 23.793751 
141014371087269 -81.318756 88.762505 24.412500 
141014391087269 -81.562500 88.800003 25.125002 
141014411087269 -81.618752 88.781250 26.137501 
141014431087269 -81.412506 88.687500 26.962502 
141014451087269 -81.168755 88.725006 27.600000 
141014471087269 -80.718750 88.631256 28.218752 
141014491087269 -80.231255 88.818756 28.500002 
141014511087269 -79.706253 88.762505 28.837502 
141014531087269 -79.312500 88.462502 29.625002 
141014551087269 -79.031250 88.331253 30.543751 
141014571087269 -79.162506 88.031250 31.687502 
141014591087269 -79.706253 87.862503 32.643753 
141014611087269 -80.306252 87.637505 33.581253 
141014631087269 -81.225006 87.356255 34.537502 
141014651087269 -82.087502 86.831253 35.756252 
141014671087269 -83.137505 86.137505 37.237503 
141014691087269 -83.962502 85.612503 38.437500 
141014711087269 -84.656250 84.937500 39.618752 
141014731087269 -85.425003 84.337502 40.406250 
141014751087269 -85.612503 83.775002 41.456253 
141014771087269 -86.137505 83.212502 42.300003 
141014791087269 -86.268753 82.631256 43.050003 
141014811087269 -86.756256 82.237503 43.837502 
141014831087269 -87.112503 81.656250 44.381252 
141014851087269 -87.712502 81.075005 45.206253 
141014871087269 -88.350006 80.456253 45.506252 
141014891087269 -88.781250 80.006256 46.031250 
141014911087269 -89.625000 79.443756 46.218750 
141014931087269 -90.300003 79.031250 46.668751 
141014951087269 -90.731255 78.393753 46.856251 
141014971087269 -91.406250 77.793755 46.931252 
141014991087269 -91.800003 77.681252 46.800003 
141015011087269 -92.156250 77.587502 46.612503 
141015031087269 -92.418755 77.568756 46.293751 
141015051087269 -92.718750 77.737503 45.637501 
141015071087269 -92.681252 78.281250 44.775002 
141015091087269 -92.343750 78.956253 43.537502 
141015111087269 -92.081253 80.193756 42.131252 
141015131087269 -91.368752 81.581253 40.125000 
141015151087269 -90.975006 82.762505 38.156250 
141015171087269 -90.225006 83.887505 35.587502 
141015191087269 -89.437500 85.275002 33.450001 
141015211087269 -88.575005 86.268753 31.218752 
141015231087269 -87.637505 86.981255 28.968752 
141015251087269 -86.681252 87.543755 26.831251 
141015271087269 -85.837502 87.900002 24.881250 
141015291087269 -85.012505 88.181252 23.475000 
141015311087269 -83.943756 88.275002 22.200001 
141015331087269 -83.175003 88.368752 21.225000 
141015351087269 -82.725006 88.331253 20.306252 
141015371087269 -82.406250 88.425003 19.631250 
141015391087269 -82.331253 88.537506 19.537500 
141015411087269 -82.556252 88.612503 19.781250 
141015431087269 -83.137505 88.350006 20.400002 
141015451087269 -83.756256 88.237503 21.037500 
141015471087269 -84.618752 88.031250 21.431252 
141015491087269 -85.256256 88.237503 22.050001 
141015511087269 -85.500000 88.181252 22.818750 
141015531087269 -85.406250 88.181252 23.550001 
141015551087269 -85.500000 88.181252 24.225000 
141015571087269 -85.425003 88.012505 24.918751 
141015591087269 -85.012505 88.087502 25.256250 
141015611087269 -84.600006 87.937500 25.537500 
141015631087269 -84.225006 88.256256 26.362501 
141015651087269 -83.943756 88.312500 27.018751 
141015671087269 -84.150002 88.143753 27.600000 
141015691087269 -84.543755 88.031250 28.425001 
141015711087269 -85.256256 87.768753 29.118752 
141015731087269 -85.968750 87.468750 29.756250 
141015751087269 -86.568756 87.318756 30.581251 
141015771087269 -87.281250 86.887505 31.800001 
141015791087269 -87.862503 86.118752 32.868752 
141015811087269 -88.612503 85.443756 34.200001 
141015831087269 -89.193756 85.031250 35.681252 
141015851087269 -89.531250 84.300003 37.068752 
141015871087269 -89.606255 83.850006 38.493752 
141015891087269 -89.662506 83.306252 39.506252 
141015911087269 -90.225006 82.500000 40.593750 
141015931087269 -90.412506 81.993752 41.400002 
141015951087269 -90.825005 81.506256 42.225002 
141015971087269 -91.425003 81.018753 42.806252 
141015991087269 -92.081253 80.400002 43.275002 
141016011087269 -93.056252 79.837502 43.631252 
141016031087269 -93.656250 79.181252 43.893753 
141016051087269 -94.350006 78.693756 44.381252 
141016071087269 -95.006256 78.393753 44.812500 
141016091087269 -95.681252 77.906250 44.981251 
141016111087269 -96.262505 77.831253 45.018753 
141016131087269 -96.675003 77.793755 44.550003 
141016151087269 -96.843758 78.262505 43.818752 
141016171087269 -96.787506 78.918755 42.862503 
141016191087269 -96.731255 79.706253 41.662502 
141016211087269 -96.300003 80.850006 40.125000 
141016231087269 -95.662506 81.881256 38.306252 
141016251087269 -94.987503 83.231255 36.206253 
141016271087269 -94.125000 84.262505 33.843750 
141016291087269 -93.225006 85.218750 31.762501 
141016311087269 -92.343750 85.968750 29.606251 
141016331087269 -91.350006 86.550003 27.300001 
141016351087269 -90.337502 87.112503 25.125002 
141016371087269 -89.643753 87.506256 23.137501 
141016391087269 -88.668755 87.881256 21.168751 
141016411087269 -88.012505 88.125000 19.762501 
141016431087269 -87.093750 88.500000 18.693750 
141016451087269 -86.381256 88.800003 17.700001 
141016471087269 -85.593750 88.931252 17.231251 
141016491087269 -85.200005 89.137505 17.325001 
141016511087269 -85.068756 89.400002 17.700001 
141016531087269 -85.200005 89.343750 18.300001 
141016551087269 -85.668755 89.400002 19.181252 
141016571087269 -86.006256 89.306252 20.212502 
141016591087269 -86.400002 89.231255 21.150002 
141016611087269 -86.531250 89.156250 22.237501 
141016631087269 -86.587502 89.250000 22.931252 
141016651087269 -86.587502 89.512505 23.400002 
141016671087269 -86.493752 89.418755 23.925001 
141016691087269 -86.193756 89.137505 24.375002 
141016711087269 -85.537506 89.268753 24.750002 
141016731087269 -85.200005 89.512505 24.825001 
141016751087269 -85.312500 89.587502 25.143751 
141016771087269 -85.218750 89.587502 25.781252 
141016791087269 -85.631256 89.287506 26.493752 
141016811087269 -86.137505 88.912506 27.112501 
141016831087269 -86.606255 88.518753 27.956251 
141016851087269 -87.093750 88.425003 28.912500 
141016871087269 -88.087502 87.975006 30.243752 
141016891087269 -88.593750 87.393753 31.650002 
141016911087269 -89.081253 86.793755 33.018753 
141016931087269 -89.681252 86.343750 34.181252 
141016951087269 -90.225006 85.837502 35.456253 
141016971087269 -90.862503 85.312500 36.843750 
141016991087269 -91.462502 84.693756 37.912502 
141017011087269 -92.118752 84.262505 38.925003 
141017031087269 -92.662506 83.531250 39.562500 
141017051087269 -93.356255 83.043755 39.993752 
141017071087269 -94.087502 82.500000 40.537502 
141017091087269 -94.706253 81.843750 41.100002 
141017111087269 -95.456253 81.187500 41.512501 
141017131087269 -95.981255 80.606255 41.775002 
141017151087269 -96.637505 80.306252 41.831253 
141017171087269 -97.256256 79.781250 41.756252 
141017191087269 -97.481255 79.443756 41.681252 
141017211087269 -98.081253 79.068756 41.831253 
141017231087269 -98.362503 79.068756 41.625000 
141017251087269 -98.737503 79.087502 41.175003 
141017271087269 -98.531258 79.518753 40.593750 
141017291087269 -98.231255 80.175003 39.806252 
141017311087269 -97.537506 81.037506 38.925003 
141017331087269 -96.806252 81.975006 37.912502 
141017351087269 -96.262505 83.137505 36.562500 
141017371087269 -95.437500 84.056252 34.875000 
141017391087269 -94.368752 84.881256 32.775002 
141017411087269 -93.375000 85.875000 30.600000 
141017431087269 -92.606255 86.568756 28.481251 
141017451087269 -91.837502 87.018753 26.681252 
141017471087269 -91.218750 87.356255 24.975000 
141017491087269 -90.206253 87.843750 23.343750 
141017511087269 -89.193756 88.125000 21.843750 
141017531087269 -87.768753 88.612503 20.587502 
141017551087269 -86.831253 89.025002 19.968750 
141017571087269 -85.800003 89.381256 19.631250 
141017591087269 -84.731255 89.793755 19.425001 
141017611087269 -84.056252 90.037506 19.368752 
141017631087269 -83.287506 90.187500 19.612501 
141017651087269 -83.156250 90.337502 20.118752 
141017671087269 -83.400002 90.431252 21.056252 
141017691087269 -83.962502 90.431252 22.368752 
141017711087269 -84.356255 90.281250 23.512501 
141017731087269 -84.543755 90.018753 24.300001 
141017751087269 -84.675003 89.831253 25.050001 
141017771087269 -84.543755 89.962502 25.762501 
141017791087269 -84.468750 89.906250 26.606251 
141017811087269 -84.168755 89.587502 27.506250 
141017831087269 -83.362503 89.587502 27.825001 
141017851087269 -82.612503 89.512505 27.731251 
141017871087269 -81.993752 89.531250 27.900002 
141017891087269 -81.993752 89.531250 28.425001 
141017911087269 -82.162506 89.550003 29.250002 
141017931087269 -82.462502 89.137505 29.887501 
141017951087269 -82.875000 88.931252 30.431252 
141017971087269 -83.381256 89.081253 31.125002 
141017991087269 -84.000000 88.668755 32.156250 
141018011087269 -84.787506 88.256256 33.225002 
141018031087269 -85.387505 87.806252 34.443752 
141018051087269 -85.668755 87.225006 35.437500 
141018071087269 -86.118752 86.868752 36.450001 
141018091087269 -86.456253 86.587502 37.650002 
141018111087269 -86.906250 86.156250 38.718750 
141018131087269 -87.168755 85.406250 39.356251 
141018151087269 -87.543755 85.012505 39.975002 
141018171087269 -87.900002 84.450005 40.762501 
141018191087269 -88.443756 84.000000 41.100002 
141018211087269 -89.287506 83.606255 41.831253 
141018231087269 -89.887505 82.856255 42.262501 
141018251087269 -90.506256 82.200005 42.618752 
141018271087269 -91.162506 81.712502 42.768753 
141018291087269 -91.668755 81.412506 42.918751 
141018311087269 -92.193756 81.037506 43.181252 
141018331087269 -92.643753 80.718750 42.993752 
141018351087269 -93.187500 80.531250 43.087502 
141018371087269 -93.468750 80.362503 42.731251 
141018391087269 -93.637505 80.437500 42.112503 
141018411087269 -93.618752 80.718750 41.025002 
141018431087269 -93.562500 81.356255 39.862503 
141018451087269 -93.318756 81.937500 38.456253 
141018471087269 -92.925003 82.725006 36.693752 
141018491087269 -92.381256 83.718750 35.025002 
141018511087269 -91.706253 84.600006 32.625000 
141018531087269 -90.806252 85.500000 30.187502 
141018551087269 -90.093750 86.306252 27.843752 
141018571087269 -89.137505 87.112503 25.743752 
141018591087269 -87.975006 87.562500 23.737501 
141018611087269 -87.112503 88.031250 21.993752 
141018631087269 -86.475006 88.537506 20.231251 
141018651087269 -85.500000 88.875000 18.712502 
141018671087269 -84.750000 89.081253 17.812500 
141018691087269 -84.150002 89.343750 17.231251 
141018711087269 -83.550003 89.681252 17.025002 
141018731087269 -83.400002 89.831253 17.118752 
141018751087269 -83.437500 90.093750 17.437500 
141018771087269 -83.850006 90.093750 18.243752 
141018791087269 -84.225006 89.868752 19.237501 
141018811087269 -84.825005 90.000000 20.100000 
141018831087269 -85.275002 90.150002 20.756250 
141018851087269 -85.481255 90.150002 21.693750 
141018871087269 -85.556252 90.075005 22.481251 
141018891087269 -85.443756 90.150002 23.175001 
141018911087269 -85.368752 89.962502 23.850000 
141018931087269 -84.787506 90.150002 24.018751 
141018951087269 -84.243752 90.281250 24.262501 
141018971087269 -83.625000 90.375000 24.487501 
141018991087269 -83.175003 90.337502 25.012501 
141019011087269 -83.081253 90.431252 25.725000 
141019031087269 -83.493752 90.318756 26.268751 
141019051087269 -84.075005 90.131256 26.981251 
141019071087269 -84.787506 90.112503 27.750002 
141019091087269 -85.800003 89.512505 28.762501 
141019111087269 -86.475006 89.231255 29.868752 
141019131087269 -87.562500 88.500000 31.406252 
141019151087269 -88.481255 87.956253 32.681252 
141019171087269 -89.100006 87.393753 33.675003 
141019191087269 -89.531250 87.018753 34.781250 
141019211087269 -89.775002 86.343750 35.887501 
141019231087269 -89.906250 85.631256 36.825001 
141019251087269 -90.281250 85.256256 37.762501 
141019271087269 -90.675003 84.656250 38.812500 
141019291087269 -91.125000 84.206253 39.675003 
141019311087269 -91.687500 83.625000 40.275002 
141019331087269 -92.531250 82.987503 40.912502 
141019351087269 -93.112503 82.406250 41.418751 
141019371087269 -93.881256 81.956253 41.700001 
141019391087269 -94.631256 81.618752 41.700001 
141019411087269 -95.025002 81.431252 41.418751 
141019431087269 -95.493752 81.468750 40.875000 
141019451087269 -95.625000 81.675003 39.937500 
141019471087269 -95.475006 82.312500 38.718750 
141019491087269 -94.912506 82.893753 37.256252 
141019511087269 -94.368752 83.512505 35.681252 
141019531087269 -93.656250 84.506256 33.787502 
141019551087269 -92.850006 85.331253 32.006252 
141019571087269 -92.100006 85.968750 30.337502 
141019591087269 -91.256256 86.362503 28.218752 
141019611087269 -90.243752 86.700005 26.250002 
141019631087269 -89.268753 86.887505 24.693750 
141019651087269 -88.537506 87.018753 23.231251 
141019671087269 -87.806252 87.243752 21.581251 
141019691087269 -86.906250 87.150002 20.418751 
141019711087269 -85.912506 87.168755 19.312500 
141019731087269 -85.031250 87.225006 18.131250 
141019751087269 -84.337502 87.225006 17.212502 
141019771087269 -83.718750 87.337502 16.537500 
141019791087269 -83.306252 87.262505 16.218750 
141019811087269 -83.212502 87.206253 15.937501 
141019831087269 -83.062500 87.093750 16.387501 
141019851087269 -83.400002 86.906250 16.893751 
141019871087269 -83.737503 86.456253 17.587502 
141019891087269 -84.037506 86.362503 18.206251 
141019911087269 -84.093750 86.212502 18.900002 
141019931087269 -84.337502 85.968750 19.725000 
141019951087269 -84.262505 85.781250 20.231251 
141019971087269 -83.943756 85.462502 20.793751 
141019991087269 -83.662506 85.237503 21.000000 
141020011087269 -83.025002 84.975006 21.262501 
141020031087269 -82.537506 85.125000 21.468750 
141020051087269 -82.125000 84.731255 21.937500 
141020071087269 -82.162506 84.393753 22.837502 
141020091087269 -82.406250 84.075005 23.475000 
141020111087269 -83.100006 83.681252 24.337502 
141020131087269 -83.625000 83.343750 25.275002 
141020151087269 -84.225006 82.856255 26.306252 
141020171087269 -85.031250 82.650002 27.431252 
141020191087269 -85.875000 81.975006 28.462502 
141020211087269 -86.681252 81.600006 29.475000 
141020231087269 -87.506256 81.075005 30.243752 
141020251087269 -88.312500 80.418755 31.406252 
141020271087269 -88.781250 79.800003 32.287502 
141020291087269 -89.700005 79.106255 33.131252 
141020311087269 -90.506256 78.225006 34.125000 
141020331087269 -91.518753 77.100006 34.931252 
141020351087269 -92.437500 76.218750 35.831253 
141020371087269 -93.450005 75.225006 36.656250 
141020391087269 -94.293755 74.343750 37.181252 
141020411087269 -94.893753 73.706253 37.500000 
141020431087269 -95.850006 72.862503 37.875000 
141020451087269 -96.618752 72.300003 37.950001 
141020471087269 -97.518753 71.812500 37.950001 
141020491087269 -98.512505 71.775002 37.800003 
141020511087269 -99.393753 71.700005 37.443752 
141020531087269 -100.106255 71.512505 36.900002 
141020551087269 -100.725006 71.850006 36.562500 
141020571087269 -101.268753 71.962502 35.793751 
141020591087269 -101.531258 72.581253 35.137501 
141020611087269 -101.437508 73.462502 34.312500 
141020631087269 -101.381256 74.681252 33.168751 
141020651087269 -100.593758 75.693756 31.968752 
141020671087269 -99.937508 77.006256 30.487501 
141020691087269 -99.262505 78.375000 28.950001 
141020711087269 -98.418755 79.462502 27.356251 
141020731087269 -97.256256 80.700005 25.631250 
141020751087269 -96.262505 82.012505 23.925001 
141020771087269 -95.287506 82.987503 22.500000 
141020791087269 -94.050003 83.793755 20.868752 
141020811087269 -93.131256 84.693756 19.593750 
141020831087269 -91.743752 85.162506 18.600000 
141020851087269 -90.562500 85.800003 17.831251 
141020871087269 -89.512505 86.550003 17.137501 
141020891087269 -89.100006 87.225006 17.025002 
141020911087269 -88.593750 87.600006 17.175001 
141020931087269 -88.518753 87.862503 17.568750 
141020951087269 -88.743752 87.918755 18.637501 
141020971087269 -88.931252 87.825005 19.537500 
141020991087269 -89.737503 87.937500 20.550001 
141021011087269 -89.925003 87.937500 21.300001 
141021031087269 -90.337502 87.881256 22.368752 
141021051087269 -90.412506 87.618752 23.212502 
141021071087269 -90.618752 87.600006 23.962502 
141021091087269 -90.487503 87.581253 24.675001 
141021111087269 -90.056252 87.656250 25.125002 
141021131087269 -89.718750 87.881256 25.462502 
141021151087269 -89.193756 87.956253 26.062502 
141021171087269 -89.418755 87.975006 26.962502 
141021191087269 -89.662506 87.731255 27.787500 
141021211087269 -90.037506 87.656250 28.612501 
141021231087269 -90.600006 87.150002 29.512501 
141021251087269 -91.087502 86.737503 30.600000 
141021271087269 -91.631256 86.306252 31.837502 
141021291087269 -92.193756 85.612503 33.243752 
141021311087269 -92.606255 84.918755 34.556252 
141021331087269 -92.962502 84.431252 35.962502 
141021351087269 -93.187500 84.018753 37.275002 
141021371087269 -93.393753 83.250000 38.550003 
141021391087269 -93.243752 82.706253 39.712502 
141021411087269 -93.506256 81.956253 40.612503 
141021431087269 -94.012505 81.468750 41.418751 
141021451087269 -94.368752 81.000000 42.225002 
141021471087269 -94.950005 80.250000 42.881252 
141021491087269 -95.343750 79.500000 43.481251 
141021511087269 -95.737503 78.675003 43.856251 
141021531087269 -96.056252 78.187500 44.437500 
141021551087269 -96.806252 77.737503 44.981251 
141021571087269 -96.900002 77.456253 45.412502 
141021591087269 -96.918755 76.987503 45.656250 
141021611087269 -97.125008 76.762505 45.787502 
141021631087269 -97.162506 76.856255 45.993752 
141021651087269 -97.031258 77.231255 45.712502 
141021671087269 -96.356255 77.887505 45.206253 
141021691087269 -95.700005 78.862503 44.156250 
141021711087269 -94.593750 79.950005 42.693752 
141021731087269 -94.087502 81.150002 41.081253 
141021751087269 -93.393753 82.368752 38.962502 
141021771087269 -92.831253 83.531250 36.487503 
141021791087269 -92.100006 84.843750 33.675003 
141021811087269 -91.425003 85.668755 31.106251 
141021831087269 -91.068756 86.531250 28.593752 
141021851087269 -90.768753 87.037506 26.175001 
141021871087269 -90.375000 87.450005 23.962502 
141021891087269 -89.643753 87.675003 21.956251 
141021911087269 -88.968750 87.937500 20.587502 
141021931087269 -88.106255 88.218750 19.312500 
141021951087269 -87.393753 88.256256 18.356251 
141021971087269 -86.700005 88.593750 17.568750 
141021991087269 -86.100006 88.743752 16.912500 
141022011087269 -85.687500 88.875000 17.043751 
141022031087269 -85.575005 88.856255 17.718750 
141022051087269 -85.443756 88.837502 18.356251 
141022071087269 -85.406250 89.006256 18.881250 
141022091087269 -85.256256 89.006256 19.575001 
141022111087269 -85.125000 89.193756 20.437500 
141022131087269 -84.975006 89.381256 21.150002 
141022151087269 -84.825005 89.512505 22.312500 
141022171087269 -84.525002 89.456253 23.025002 
141022191087269 -83.887505 89.550003 23.325001 
141022211087269 -83.193756 89.812500 23.606251 
141022231087269 -82.593750 89.681252 23.831251 
141022251087269 -82.162506 89.700005 24.656252 
141022271087269 -82.031250 89.550003 25.293751 
141022291087269 -82.050003 89.193756 26.362501 
141022311087269 -82.143753 88.950005 26.981251 
141022331087269 -82.256256 88.612503 28.031252 
141022351087269 -82.481255 88.462502 29.193750 
141022371087269 -83.268753 88.106255 30.543751 
141022391087269 -83.775002 87.787506 32.362503 
141022411087269 -84.412506 87.243752 33.581253 
141022431087269 -84.975006 86.793755 35.175003 
141022451087269 -85.462502 86.306252 36.675003 
141022471087269 -85.725006 85.706253 38.437500 
141022491087269 -86.325005 85.293755 39.675003 
141022511087269 -86.850006 84.862503 41.118752 
141022531087269 -87.168755 84.168755 42.281250 
141022551087269 -87.712502 83.456253 43.162502 
141022571087269 -88.068756 82.931252 44.493752 
141022591087269 -88.650002 82.312500 45.337502 
141022611087269 -89.025002 81.581253 46.106251 
141022631087269 -89.775002 80.943756 46.875000 
141022651087269 -89.868752 80.325005 47.793751 
141022671087269 -90.375000 79.500000 48.150002 
141022691087269 -90.656250 78.862503 48.581253 
141022711087269 -91.050003 78.543755 48.918751 
141022731087269 -91.537506 78.150002 48.787502 
141022751087269 -91.593750 77.887505 48.675003 
141022771087269 -92.025002 77.943756 48.243752 
141022791087269 -91.912506 78.225006 47.250000 
141022811087269 -91.968750 78.900002 46.012501 
141022831087269 -91.387505 79.987503 44.568752 
141022851087269 -90.675003 81.225006 42.450001 
141022871087269 -89.793755 82.443756 40.050003 
141022891087269 -89.043755 83.812500 37.481251 
141022911087269 -88.162506 85.050003 34.762501 
141022931087269 -87.037506 86.306252 32.025002 
141022951087269 -86.062500 87.281250 29.643751 
141022971087269 -85.237503 88.050003 27.093752 
141022991087269 -84.581253 88.462502 24.656252 
141023011087269 -84.225006 88.725006 22.743752 
141023031087269 -83.718750 89.043755 21.150002 
141023051087269 -83.175003 89.212502 19.781250 
141023071087269 -82.650002 89.343750 18.862501 
141023091087269 -82.368752 89.325005 18.206251 
141023111087269 -82.387505 89.493752 17.550001 
141023131087269 -82.500000 89.456253 17.662500 
141023151087269 -82.893753 89.343750 18.168751 
141023171087269 -83.268753 89.250000 18.975000 
141023191087269 -83.700005 89.118752 19.650002 
141023211087269 -83.793755 88.875000 20.400002 
141023231087269 -84.112503 88.950005 21.037500 
141023251087269 -84.037506 88.950005 21.600000 
141023271087269 -83.793755 88.818756 22.425001 
141023291087269 -83.550003 88.856255 23.137501 
141023311087269 -82.987503 88.687500 23.962502 
141023331087269 -82.537506 88.800003 24.506250 
141023351087269 -82.087502 88.781250 25.237501 
141023371087269 -81.675003 88.856255 26.025002 
141023391087269 -81.637505 88.762505 26.756250 
141023411087269 -81.693756 88.762505 27.600000 
141023431087269 -82.237503 88.500000 28.518751 
141023451087269 -82.950005 88.012505 29.287500 
141023471087269 -83.831253 87.787506 30.168751 
141023491087269 -84.787506 87.281250 31.443750 
141023511087269 -85.743752 86.568756 32.756252 
141023531087269 -87.000000 85.837502 34.031250 
141023551087269 -87.712502 85.125000 35.306252 
141023571087269 -88.668755 84.337502 36.637501 
141023591087269 -89.006256 83.643753 37.650002 
141023611087269 -89.587502 83.250000 38.643753 
141023631087269 -90.093750 82.687500 39.206253 
141023651087269 -90.487503 82.218750 39.562500 
141023671087269 -91.256256 81.862503 40.125000 
141023691087269 -91.687500 81.431252 40.575001 
141023711087269 -92.512505 80.681252 40.950001 
141023731087269 -93.318756 80.287506 41.418751 
141023751087269 -94.143753 79.781250 41.737503 
141023771087269 -94.668755 78.975006 41.962502 
141023791087269 -95.493752 78.506256 42.337502 
141023811087269 -96.093758 77.981255 42.675003 
141023831087269 -96.562508 77.831253 42.656250 
141023851087269 -96.993752 77.868752 42.431252 
141023871087269 -97.106255 78.206253 42.056252 
141023891087269 -96.862503 78.600006 40.875000 
141023911087269 -96.525002 79.237503 39.675003 
141023931087269 -96.037506 80.325005 38.193752 
141023951087269 -95.118752 81.281250 36.300003 
141023971087269 -94.237503 82.462502 34.031250 
141023991087269 -92.925003 83.325005 31.650002 
141024011087269 -91.968750 84.093750 29.231251 
141024031087269 -91.031250 85.050003 26.718752 
141024051087269 -90.037506 85.612503 24.693750 
141024071087269 -89.175003 86.081253 22.612501 
141024091087269 -88.087502 86.400002 20.756250 
141024111087269 -87.093750 86.793755 19.275002 
141024131087269 -86.137505 87.131256 18.112501 
141024151087269 -85.593750 87.525002 17.118752 
141024171087269 -84.937500 87.825005 16.387501 
141024191087269 -84.337502 87.693756 15.918751 
141024211087269 -84.225006 87.937500 15.787500 
141024231087269 -84.468750 88.068756 15.918751 
141024251087269 -84.975006 87.843750 16.481251 
141024271087269 -85.593750 87.787506 17.231251 
141024291087269 -86.231255 87.506256 17.887501 
141024311087269 -86.568756 87.281250 18.412500 
141024331087269 -86.700005 87.206253 19.068750 
141024351087269 -86.681252 87.356255 19.950001 
141024371087269 -86.456253 87.337502 20.662500 
141024391087269 -86.006256 87.412506 21.468750 
141024411087269 -85.575005 87.656250 22.350000 
141024431087269 -84.768753 87.637505 22.856251 
141024451087269 -84.262505 87.843750 23.400002 
141024471087269 -83.906250 87.918755 24.243752 
141024491087269 -84.018753 87.975006 24.825001 
141024511087269 -84.206253 88.068756 25.481251 
141024531087269 -84.750000 87.956253 26.043751 
141024551087269 -85.481255 87.656250 27.037500 
141024571087269 -86.437500 87.225006 27.525002 
141024591087269 -87.656250 86.681252 28.050001 
141024611087269 -89.025002 85.987503 28.968752 
141024631087269 -90.243752 85.425003 29.812502 
141024651087269 -91.256256 84.881256 30.750002 
141024671087269 -92.175003 84.131256 31.500002 
141024691087269 -92.981255 83.437500 32.325001 
141024711087269 -93.562500 82.875000 32.606251 
141024731087269 -94.275002 82.425003 33.056252 
141024751087269 -94.743752 82.256256 33.487503 
141024771087269 -95.250000 81.825005 33.618752 
141024791087269 -96.131256 81.450005 33.768753 
141024811087269 -96.937508 80.868752 33.731251 
141024831087269 -97.950005 80.606255 33.562500 
141024851087269 -98.700005 80.100006 33.187500 
141024871087269 -99.543755 79.725006 32.718750 
141024891087269 -100.237503 79.556252 31.800001 
141024911087269 -100.987503 79.181252 31.106251 
141024931087269 -101.456253 79.068756 30.281252 
141024951087269 -101.868752 78.956253 29.006250 
141024971087269 -101.981255 79.106255 27.656252 
141024991087269 -101.737503 79.125000 25.987501 
141025011087269 -101.568756 79.631256 23.812500 
141025031087269 -101.025002 80.062500 21.656250 
141025051087269 -100.181252 80.381256 19.218750 
141025071087269 -99.375008 80.718750 16.312500 
141025091087269 -98.381256 81.168755 13.500001 
141025111087269 -97.068756 81.225006 11.043751 
141025131087269 -95.793755 81.618752 8.662500 
141025151087269 -94.500000 81.937500 6.581250 
141025171087269 -93.206253 82.143753 5.343750 
141025191087269 -92.006256 82.387505 4.031250 
141025211087269 -90.825005 82.856255 3.787500 
141025231087269 -89.625000 83.343750 3.731250 
141025251087269 -88.387505 84.131256 3.993750 
141025271087269 -87.187500 84.956253 4.293750 
141025291087269 -86.250000 85.425003 5.175000 
141025311087269 -85.650002 85.893753 6.243750 
141025331087269 -84.956253 86.193756 7.237500 
141025351087269 -84.543755 86.812500 8.550000 
141025371087269 -84.318756 86.981255 9.600000 
141025391087269 -84.412506 87.131256 10.875000 
141025411087269 -84.356255 86.887505 11.850000 
141025431087269 -84.431252 87.112503 12.937501 
141025451087269 -84.206253 86.981255 14.025001 
141025471087269 -84.018753 86.887505 15.093751 
141025491087269 -83.850006 87.056252 15.843751 
141025511087269 -83.700005 86.981255 16.462502 
141025531087269 -83.643753 87.281250 16.875000 
141025551087269 -83.700005 87.487503 17.437500 
141025571087269 -84.150002 87.543755 17.925001 
141025591087269 -84.881256 87.168755 18.300001 
141025611087269 -85.762505 87.262505 18.431252 
141025631087269 -86.718750 87.243752 18.450001 
141025651087269 -87.918755 87.187500 18.900002 
141025671087269 -89.343750 86.906250 19.312500 
141025691087269 -90.562500 86.437500 19.912500 
141025711087269 -91.612503 85.800003 20.306252 
141025731087269 -92.831253 85.443756 20.887501 
141025751087269 -93.768753 85.181252 21.637501 
141025771087269 -94.818756 84.693756 22.331251 
141025791087269 -96.056252 84.281250 23.156250 
141025811087269 -97.012505 83.625000 23.775002 
141025831087269 -97.575005 83.062500 24.412500 
141025851087269 -98.400002 82.500000 24.787500 
141025871087269 -99.262505 82.106255 25.331251 
141025891087269 -99.825005 81.543755 25.837502 
141025911087269 -100.350006 81.056252 26.156252 
141025931087269 -100.875008 80.475006 26.418751 
141025951087269 -101.118752 79.950005 26.718752 
141025971087269 -101.681252 79.650002 27.131250 
141025991087269 -102.243752 79.293755 27.412500 
141026011087269 -102.450005 78.787506 27.637501 
141026031087269 -102.768753 78.468750 27.750002 
141026051087269 -102.975006 78.318756 27.693750 
141026071087269 -103.031258 78.318756 27.525002 
141026091087269 -103.162506 78.750000 27.000002 
141026111087269 -102.918755 79.143753 26.156252 
141026131087269 -102.262505 79.350006 25.031252 
141026151087269 -101.662506 79.706253 23.643751 
141026171087269 -101.118752 80.325005 22.537500 
141026191087269 -100.125008 80.962502 21.018751 
141026211087269 -99.300003 81.525002 19.612501 
141026231087269 -98.512505 82.050003 18.243752 
141026251087269 -97.425003 82.481255 17.062500 
141026271087269 -96.468758 82.950005 16.331251 
141026291087269 -95.381256 83.793755 15.562501 
141026311087269 -94.143753 84.337502 15.187501 
141026331087269 -92.568756 84.862503 14.962501 
141026351087269 -91.518753 85.462502 15.112500 
141026371087269 -90.075005 86.118752 15.187501 
141026391087269 -88.837502 86.681252 15.393750 
141026411087269 -88.143753 86.925003 15.956250 
141026431087269 -87.375000 87.262505 16.387501 
141026451087269 -87.187500 87.206253 17.100000 
141026471087269 -87.131256 87.525002 18.000000 
141026491087269 -87.487503 87.581253 18.693750 
141026511087269 -87.562500 87.675003 19.218750 
141026531087269 -87.618752 87.468750 19.706251 
141026551087269 -87.675003 87.412506 20.231251 
141026571087269 -87.300003 87.506256 20.456251 
141026591087269 -86.906250 87.581253 20.587502 
141026611087269 -86.381256 87.656250 20.981251 
141026631087269 -85.706253 87.768753 21.281250 
141026651087269 -85.368752 87.993752 21.675001 
141026671087269 -85.218750 87.843750 22.593750 
141026691087269 -85.387505 87.862503 23.681252 
141026711087269 -85.668755 87.637505 24.768751 
141026731087269 -86.025002 87.225006 26.006250 
141026751087269 -86.756256 86.643753 27.637501 
141026771087269 -87.318756 86.287506 29.043751 
141026791087269 -88.087502 85.725006 30.487501 
141026811087269 -88.631256 85.275002 32.006252 
141026831087269 -88.931252 84.693756 33.168751 
141026851087269 -89.550003 84.112503 34.500000 
141026871087269 -90.093750 83.812500 35.456253 
141026891087269 -90.675003 83.306252 36.600002 
141026911087269 -91.218750 82.912506 37.237503 
141026931087269 -91.800003 82.481255 37.743752 
141026951087269 -92.550003 81.900002 38.212502 
141026971087269 -93.056252 81.225006 38.381252 
141026991087269 -93.825005 80.850006 38.662502 
141027011087269 -94.612503 80.400002 38.700001 
141027031087269 -95.118752 79.837502 38.887501 
141027051087269 -95.718750 79.687500 38.906250 
141027071087269 -96.393753 79.237503 38.831253 
141027091087269 -97.181252 78.993752 38.700001 
141027111087269 -97.725006 78.975006 38.250000 
141027131087269 -98.118752 79.312500 37.200001 
141027151087269 -98.231255 79.912506 35.943752 
141027171087269 -97.931252 80.643753 34.125000 
141027191087269 -97.912506 81.356255 32.025002 
141027211087269 -97.762505 81.862503 29.475000 
141027231087269 -97.387505 82.593750 26.700001 
141027251087269 -97.087502 83.100006 23.812500 
141027271087269 -96.562508 83.606255 20.906250 
141027291087269 -96.393753 83.775002 18.543751 
141027311087269 -96.093758 83.718750 16.331251 
141027331087269 -95.925003 83.718750 14.606251 
141027351087269 -95.737503 83.606255 13.181251 
141027371087269 -95.456253 83.625000 12.375001 
141027391087269 -95.118752 83.850006 12.243751 
141027411087269 -95.006256 84.056252 12.131250 
141027431087269 -94.856255 84.056252 12.093751 
141027451087269 -94.575005 84.487503 12.581250 
141027471087269 -94.293755 84.693756 12.993751 
141027491087269 -94.068756 84.693756 13.706250 
141027511087269 -93.656250 85.012505 15.000001 
141027531087269 -93.806252 85.275002 15.900001 
141027551087269 -93.787506 85.481255 16.462502 
141027571087269 -93.225006 85.668755 16.950001 
141027591087269 -92.962502 85.931252 17.306252 
141027611087269 -92.662506 85.743752 17.456251 
141027631087269 -92.606255 85.818756 17.793751 
141027651087269 -92.400002 86.193756 17.943750 
141027671087269 -92.081253 86.306252 17.587502 
141027691087269 -91.331253 86.325005 17.456251 
141027711087269 -91.200005 86.343750 17.400002 
141027731087269 -91.256256 86.175003 17.550001 
141027751087269 -91.631256 86.025002 17.812500 
141027771087269 -92.081253 85.987503 18.150002 
141027791087269 -92.606255 85.706253 18.356251 
141027811087269 -93.131256 85.331253 18.862501 
141027831087269 -94.050003 84.993752 19.443750 
141027851087269 -95.156250 84.712502 20.212502 
141027871087269 -95.850006 84.168755 20.887501 
141027891087269 -96.600006 84.075005 21.806252 
141027911087269 -96.993752 83.868752 22.725000 
141027931087269 -97.425003 83.437500 23.437500 
141027951087269 -97.987503 83.062500 24.225000 
141027971087269 -98.718758 82.406250 24.581251 
141027991087269 -99.225006 81.900002 25.218752 
141028011087269 -99.768753 81.337502 25.481251 
141028031087269 -100.350006 80.943756 25.837502 
141028051087269 -101.006256 80.193756 25.856251 
141028071087269 -101.812508 79.668755 25.968752 
141028091087269 -102.131256 79.387505 26.025002 
141028111087269 -102.562508 79.312500 25.875002 
141028131087269 -102.843758 79.237503 25.556252 
141028151087269 -103.012505 79.106255 24.862501 
141028171087269 -103.050003 79.312500 24.225000 
141028191087269 -102.787506 79.500000 23.250000 
141028211087269 -102.150002 79.893753 21.843750 
141028231087269 -101.475006 80.231255 20.193750 
141028251087269 -100.893753 80.662506 18.150002 
141028271087269 -99.975006 81.131256 15.975000 
141028291087269 -98.812508 81.318756 13.556251 
141028311087269 -97.650002 81.656250 10.931251 
141028331087269 -96.262505 81.543755 8.043751 
141028351087269 -95.212502 81.318756 5.250000 
141028371087269 -94.200005 81.018753 2.775000 
141028391087269 -92.831253 80.850006 0.450000 
141028411087269 -91.856255 80.381256 -1.612500 
141028431087269 -90.712502 79.781250 -3.468750 
141028451087269 -90.056252 79.631256 -5.025000 
141028471087269 -89.700005 78.993752 -6.206250 
141028491087269 -89.418755 78.862503 -7.087500 
141028511087269 -89.231255 78.656250 -7.518750 
141028531087269 -89.156250 78.506256 -7.518750 
141028551087269 -89.850006 78.393753 -7.162500 
141028571087269 -90.675003 78.431252 -6.262500 
141028591087269 -91.687500 78.562500 -5.156250 
141028611087269 -92.400002 78.675003 -4.050000 
141028631087269 -92.868752 79.143753 -3.112500 
141028651087269 -93.468750 79.425003 -1.875000 
141028671087269 -93.918755 79.912506 -0.918750 
141028691087269 -94.462502 80.362503 -0.281250 
141028711087269 -94.518753 80.606255 0.356250 
141028731087269 -94.368752 80.925003 0.393750 
141028751087269 -93.806252 81.281250 0.337500 
141028771087269 -93.468750 81.637505 0.468750 
141028791087269 -93.431252 81.825005 0.843750 
141028811087269 -93.487503 81.975006 1.125000 
141028831087269 -93.731255 81.900002 1.593750 
141028851087269 -94.218750 81.956253 2.400000 
141028871087269 -94.912506 81.881256 3.000000 
141028891087269 -95.325005 81.937500 4.068750 
141028911087269 -96.093758 81.843750 5.231250 
141028931087269 -96.731255 81.618752 6.300000 
141028951087269 -97.237503 81.712502 7.350000 
141028971087269 -97.650002 81.768753 8.268750 
141028991087269 -98.081253 82.012505 9.037500 
141029011087269 -98.343758 82.181252 9.750000 
141029031087269 -98.250008 82.312500 10.293751 
141029051087269 -98.887505 82.143753 10.818750 
141029071087269 -99.131256 82.256256 11.081250 
141029091087269 -99.506256 82.387505 11.550000 
141029111087269 -99.862503 82.218750 11.943750 
141029131087269 -100.237503 82.050003 12.150001 
141029151087269 -100.331253 81.937500 12.300000 
141029171087269 -100.331253 81.675003 12.318750 
141029191087269 -100.631256 81.637505 12.356251 
141029211087269 -100.425003 81.581253 12.018750 
141029231087269 -100.387505 81.562500 11.756250 
141029251087269 -100.200005 81.581253 11.193750 
141029271087269 -99.768753 81.562500 10.162500 
141029291087269 -99.281258 81.431252 8.943750 
141029311087269 -98.718758 81.168755 7.575000 
141029331087269 -98.156258 80.850006 5.812500 
141029351087269 -97.293755 80.343750 3.675000 
141029371087269 -96.112503 79.912506 1.443750 
141029391087269 -94.893753 78.937500 -1.087500 
141029411087269 -93.712502 77.962502 -3.562500 
141029431087269 -92.700005 77.193756 -5.793750 
141029451087269 -91.575005 76.387505 -7.912500 
141029471087269 -90.525002 75.618752 -10.087501 
141029491087269 -89.568756 74.906250 -11.718750 
141029511087269 -88.631256 74.212502 -12.975000 
141029531087269 -88.031250 73.668755 -14.006250 
141029551087269 -87.768753 73.462502 -14.681251 
141029571087269 -87.506256 73.181252 -15.150001 
141029591087269 -87.487503 72.918755 -15.375001 
141029611087269 -87.768753 73.068756 -15.262501 
141029631087269 -88.237503 73.237503 -14.475000 
141029651087269 -88.912506 73.668755 -13.481251 
141029671087269 -89.550003 74.025002 -12.675000 
141029691087269 -90.150002 74.568756 -11.793751 
141029711087269 -90.881256 75.093750 -10.950001 
141029731087269 -91.331253 75.637505 -10.106251 
141029751087269 -91.781250 76.012505 -9.300000 
141029771087269 -92.006256 76.106255 -8.475000 
141029791087269 -92.081253 76.725006 -8.268750 
141029811087269 -91.968750 76.987503 -8.156250 
141029831087269 -91.837502 77.568756 -7.631250 
141029851087269 -92.400002 77.737503 -7.143750 
141029871087269 -92.906250 77.906250 -6.393750 
141029891087269 -93.900002 78.187500 -5.212500 
141029911087269 -94.650002 78.562500 -4.087500 
141029931087269 -95.587502 79.031250 -2.681250 
141029951087269 -96.262505 79.106255 -0.768750 
141029971087269 -97.237503 79.443756 0.993750 
141029991087269 -98.306252 79.612503 2.568750 
141030011087269 -98.737503 79.987503 4.181250 
141030031087269 -98.868752 80.306252 5.681250 
141030051087269 -98.906258 80.737503 6.712500 
141030071087269 -99.093758 81.018753 7.706250 
141030091087269 -99.187508 81.243752 8.493751 
141030111087269 -99.318756 81.468750 8.962501 
141030131087269 -99.243752 81.393753 9.375000 
141030151087269 -99.112503 81.375000 9.843750 
141030171087269 -99.225006 81.393753 10.181251 
141030191087269 -99.487503 81.281250 10.650001 
141030211087269 -99.487503 80.943756 10.837501 
141030231087269 -99.468758 80.775002 11.062500 
141030251087269 -99.187508 80.868752 10.800000 
141030271087269 -99.000008 80.887505 10.481251 
141030291087269 -98.212502 81.206253 9.675000 
141030311087269 -97.706253 81.206253 8.550000 
141030331087269 -97.125008 81.000000 7.425000 
141030351087269 -96.600006 80.793755 5.662500 
141030371087269 -95.793755 80.437500 3.693750 
141030391087269 -95.100006 79.893753 1.256250 
141030411087269 -94.425003 79.012505 -1.331250 
141030431087269 -93.468750 77.906250 -4.087500 
141030451087269 -93.112503 76.443756 -6.450000 
141030471087269 -92.250000 75.150002 -8.868751 
141030491087269 -91.443756 73.931252 -11.231251 
141030511087269 -90.375000 72.806252 -13.331250 
141030531087269 -90.037506 71.625000 -14.981251 
141030551087269 -89.756256 70.368752 -16.143751 
141030571087269 -89.868752 69.318756 -16.575001 
141030591087269 -90.618752 68.775002 -16.575001 
141030611087269 -91.612503 68.587502 -16.050001 
141030631087269 -92.981255 68.643753 -14.868751 
141030651087269 -94.218750 68.700005 -13.537500 
141030671087269 -95.643753 68.793755 -12.337501 
141030691087269 -96.618752 69.337502 -11.100000 
141030711087269 -97.518753 69.993752 -9.656250 
141030731087269 -97.968758 70.518753 -8.718750 
141030751087269 -98.418755 71.118752 -7.818750 
141030771087269 -98.456253 71.381256 -7.293750 
141030791087269 -98.081253 71.475006 -7.331250 
141030811087269 -97.706253 71.868752 -7.443750 
141030831087269 -97.387505 72.300003 -7.012500 
141030851087269 -97.181252 72.843750 -6.693750 
141030871087269 -96.712502 73.312500 -6.581250 
141030891087269 -96.450005 73.725006 -6.112500 
141030911087269 -96.000000 73.950005 -5.287500 
141030931087269 -95.625000 74.625000 -4.650000 
141030951087269 -95.756256 75.506256 -3.450000 
141030971087269 -95.943756 76.293755 -2.287500 
141030991087269 -95.962502 76.856255 -1.200000 
141031011087269 -96.000000 77.381256 0.075000 
141031031087269 -96.056252 77.943756 1.406250 
141031051087269 -96.000000 78.750000 2.662500 
141031071087269 -95.981255 79.275002 3.581250 
141031091087269 -95.925003 79.725006 4.350000 
141031111087269 -95.662506 79.856255 5.100000 
141031131087269 -95.437500 79.931252 5.756250 
141031151087269 -95.325005 80.231255 6.356250 
141031171087269 -95.250000 80.306252 6.806250 
141031191087269 -95.212502 80.606255 7.162500 
141031211087269 -95.400002 80.643753 7.556250 
141031231087269 -95.681252 80.756256 7.687500 
141031251087269 -95.812500 80.775002 8.025001 
141031271087269 -95.925003 80.868752 7.987500 
141031291087269 -95.887505 80.943756 7.743750 
141031311087269 -95.512505 80.850006 7.256250 
141031331087269 -95.043755 80.718750 6.393750 
141031351087269 -94.518753 80.306252 5.231250 
141031371087269 -93.450005 80.043755 3.412500 
141031391087269 -92.212502 79.818756 1.781250 
141031411087269 -90.262505 79.387505 -0.693750 
141031431087269 -88.481255 78.881256 -3.225000 
141031451087269 -86.362503 78.337502 -5.531250 
141031471087269 -84.281250 77.718750 -7.575000 
141031491087269 -82.443756 77.175003 -9.356251 
141031511087269 -80.906250 76.575005 -10.856251 
141031531087269 -80.118752 75.656250 -12.187501 
141031551087269 -79.237503 74.737503 -13.481251 
141031571087269 -79.387505 74.100006 -14.137501 
141031591087269 -79.800003 73.443756 -14.568750 
141031611087269 -80.662506 72.637505 -14.831250 
141031631087269 -82.237503 72.112503 -14.943750 
141031651087269 -83.662506 71.775002 -14.493751 
141031671087269 -85.125000 71.587502 -14.381250 
141031691087269 -86.287506 71.568756 -14.118751 
141031711087269 -87.412506 71.643753 -13.950001 
141031731087269 -88.218750 71.587502 -13.631250 
141031751087269 -89.062500 71.718750 -13.031251 
141031771087269 -89.681252 71.831253 -12.787500 
141031791087269 -89.925003 72.093750 -12.468751 
141031811087269 -89.887505 72.093750 -12.768750 
141031831087269 -89.587502 72.168755 -12.881250 
141031851087269 -89.156250 72.637505 -12.731251 
141031871087269 -89.100006 73.200005 -12.375001 
141031891087269 -89.043755 73.650002 -12.093751 
141031911087269 -88.818756 74.081253 -11.887501 
141031931087269 -88.893753 74.681252 -11.231251 
141031951087269 -88.950005 75.375000 -10.668751 
141031971087269 -89.475006 76.012505 -9.768750 
141031991087269 -90.075005 76.743752 -8.400001 
141032011087269 -90.862503 77.531250 -7.106250 
141032031087269 -91.368752 78.000000 -5.662500 
141032051087269 -91.781250 78.731255 -4.162500 
141032071087269 -92.343750 79.331253 -2.662500 
141032091087269 -92.512505 79.968750 -1.443750 
141032111087269 -92.456253 80.456253 -0.618750 
141032131087269 -92.343750 80.981255 0.356250 
141032151087269 -92.231255 81.393753 0.862500 
141032171087269 -92.100006 81.450005 1.631250 
141032191087269 -91.818756 81.693756 1.950000 
141032211087269 -91.781250 81.600006 2.437500 
141032231087269 -91.350006 81.881256 2.287500 
141032251087269 -91.162506 81.937500 2.287500 
141032271087269 -91.181252 81.900002 2.268750 
141032291087269 -90.731255 81.712502 1.912500 
141032311087269 -90.543755 81.431252 1.312500 
141032331087269 -89.981255 81.187500 0.075000 
141032351087269 -89.306252 80.737503 -1.106250 
141032371087269 -88.518753 80.475006 -2.925000 
141032391087269 -87.543755 79.856255 -4.181250 
141032411087269 -86.306252 79.293755 -5.831250 
141032431087269 -84.825005 78.600006 -7.481250 
141032451087269 -83.193756 77.831253 -9.225000 
141032471087269 -81.075005 77.212502 -10.706250 
141032491087269 -79.143753 76.387505 -11.812500 
141032511087269 -77.512505 75.881256 -12.768750 
141032531087269 -76.050003 75.206253 -13.293751 
141032551087269 -75.056252 74.643753 -14.175000 
141032571087269 -74.456253 74.193756 -15.000001 
141032591087269 -74.437500 73.706253 -15.450001 
141032611087269 -75.018753 73.237503 -15.956250 
141032631087269 -76.068756 72.993752 -16.387501 
141032651087269 -77.625000 72.918755 -16.575001 
141032671087269 -79.087502 72.712502 -16.556252 
141032691087269 -80.737503 72.787506 -16.425001 
141032711087269 -82.443756 73.087502 -15.825001 
141032731087269 -84.131256 73.181252 -15.112500 
141032751087269 -85.462502 73.218750 -14.643750 
141032771087269 -86.568756 73.575005 -14.156251 
141032791087269 -87.450005 73.743752 -13.518750 
141032811087269 -88.050003 73.931252 -13.087501 
141032831087269 -88.593750 74.287506 -12.637501 
141032851087269 -88.631256 74.531250 -12.281251 
141032871087269 -88.293755 74.662506 -12.187501 
141032891087269 -88.106255 74.962502 -11.962501 
141032911087269 -88.181252 75.300003 -11.550000 
141032931087269 -88.481255 75.825005 -10.781250 
141032951087269 -88.668755 76.218750 -10.050000 
141032971087269 -88.931252 76.575005 -9.168751 
141032991087269 -89.343750 76.743752 -8.306251 
141033011087269 -90.168755 77.231255 -7.256250 
141033031087269 -91.162506 77.475006 -5.962500 
141033051087269 -92.043755 78.000000 -4.443750 
141033071087269 -92.793755 78.656250 -2.962500 
141033091087269 -93.356255 79.050003 -1.500000 
141033111087269 -94.106255 79.537506 -0.225000 
141033131087269 -94.687500 80.100006 1.350000 
141033151087269 -95.193756 80.681252 2.512500 
141033171087269 -95.718750 80.981255 3.581250 
141033191087269 -96.150002 81.300003 4.406250 
141033211087269 -96.468758 81.431252 5.156250 
141033231087269 -96.787506 81.506256 5.737500 
141033251087269 -97.143753 81.525002 6.318750 
141033271087269 -97.425003 81.412506 6.675000 
141033291087269 -97.593758 81.225006 6.806250 
141033311087269 -97.781258 80.812500 7.050000 
141033331087269 -97.950005 80.643753 6.993750 
141033351087269 -97.668755 80.493752 6.487500 
141033371087269 -97.218758 80.400002 5.606250 
141033391087269 -96.562508 80.306252 4.875000 
141033411087269 -95.756256 80.043755 3.656250 
141033431087269 -94.912506 79.593750 2.100000 
141033451087269 -93.937500 79.218750 0.318750 
141033471087269 -92.550003 78.881256 -1.668750 
141033491087269 -90.956253 78.412506 -3.918750 
141033511087269 -89.662506 77.868752 -5.850000 
141033531087269 -88.668755 76.987503 -7.462500 
141033551087269 -87.393753 76.068756 -9.393750 
141033571087269 -86.418755 75.543755 -11.137501 
141033591087269 -85.518753 74.850006 -12.300000 
141033611087269 -84.825005 74.137505 -13.443750 
141033631087269 -84.825005 73.631256 -14.193750 
141033651087269 -85.031250 72.881256 -14.625001 
141033671087269 -85.537506 72.262505 -14.850000 
141033691087269 -86.118752 71.981255 -14.981251 
141033711087269 -87.225006 72.243752 -14.793751 
141033731087269 -88.237503 72.187500 -14.212501 
141033751087269 -89.287506 72.600006 -13.612500 
141033771087269 -90.356255 72.881256 -13.031251 
141033791087269 -91.143753 73.068756 -12.450001 
141033811087269 -91.800003 73.687500 -11.662500 
141033831087269 -92.381256 74.287506 -11.025001 
141033851087269 -92.156250 74.756256 -10.481251 
141033871087269 -92.043755 75.093750 -10.012501 
141033891087269 -91.875000 75.581253 -9.543751 
141033911087269 -91.462502 75.918755 -9.093750 
141033931087269 -91.200005 76.575005 -8.550000 
141033951087269 -91.050003 77.100006 -7.931250 
141033971087269 -91.125000 77.625000 -7.162500 
141033991087269 -91.350006 78.112503 -6.037500 
141034011087269 -92.250000 78.675003 -4.612500 
141034031087269 -92.718750 79.012505 -3.356250 
141034051087269 -93.337502 79.350006 -2.118750 
141034071087269 -94.425003 79.912506 -0.600000 
141034091087269 -95.231255 80.381256 1.143750 
141034111087269 -95.850006 80.793755 2.400000 
141034131087269 -96.337502 80.887505 3.600000 
141034151087269 -96.600006 81.412506 4.556250 
141034171087269 -96.787506 81.693756 5.137500 
141034191087269 -97.181252 81.843750 5.962500 
141034211087269 -97.406258 82.218750 6.525000 
141034231087269 -97.556252 81.881256 6.656250 
141034251087269 -97.762505 81.881256 6.543750 
141034271087269 -98.062508 81.843750 6.956250 
141034291087269 -98.287506 81.918755 7.125000 
141034311087269 -98.362503 81.656250 7.162500 
141034331087269 -98.381256 81.600006 7.143750 
141034351087269 -98.250008 81.618752 6.843750 
141034371087269 -97.987503 81.225006 6.168750 
141034391087269 -97.425003 81.412506 5.437500 
141034411087269 -96.787506 81.206253 4.725000 
141034431087269 -96.187508 81.168755 3.056250 
141034451087269 -95.343750 80.943756 1.331250 
141034471087269 -94.350006 80.700005 -0.843750 
141034491087269 -92.925003 80.287506 -3.037500 
141034511087269 -91.612503 79.800003 -5.212500 
141034531087269 -90.262505 79.350006 -7.181250 
141034551087269 -88.875000 78.637505 -8.868751 
141034571087269 -87.487503 78.075005 -10.706250 
141034591087269 -86.081253 77.212502 -12.150001 
141034611087269 -85.162506 76.687500 -13.537500 
141034631087269 -84.862503 75.918755 -14.287500 
141034651087269 -85.068756 75.262505 -15.056251 
141034671087269 -85.425003 74.831253 -15.468751 
141034691087269 -86.231255 74.681252 -15.656251 
141034711087269 -87.356255 74.887505 -15.375001 
141034731087269 -88.781250 75.093750 -14.812501 
141034751087269 -90.562500 75.468750 -13.931251 
141034771087269 -91.743752 75.750000 -13.087501 
141034791087269 -92.512505 76.406250 -12.281251 
141034811087269 -93.318756 77.343750 -11.437500 
141034831087269 -93.806252 77.925003 -10.537500 
141034851087269 -93.806252 78.618752 -9.693750 
141034871087269 -93.618752 79.143753 -9.112500 
141034891087269 -93.393753 79.800003 -8.718750 
141034911087269 -92.662506 80.493752 -8.362500 
141034931087269 -92.550003 81.356255 -7.593750 
141034951087269 -92.737503 81.881256 -6.750000 
141034971087269 -92.625000 82.350006 -5.606250 
141034991087269 -93.093750 82.950005 -4.650000 
141035011087269 -93.712502 83.418755 -3.375000 
141035031087269 -94.593750 83.887505 -2.268750 
141035051087269 -95.250000 84.206253 -0.881250 
141035071087269 -96.037506 84.637505 0.618750 
141035091087269 -96.656258 84.843750 2.100000 
141035111087269 -97.143753 85.256256 3.581250 
141035131087269 -98.025002 85.500000 4.950000 
141035151087269 -98.306252 85.762505 6.393750 
141035171087269 -98.700005 85.968750 7.575000 
141035191087269 -98.962502 86.325005 8.531250 
141035211087269 -99.150002 86.325005 9.525001 
141035231087269 -99.675003 86.400002 10.256250 
141035251087269 -100.031258 86.587502 10.631250 
141035271087269 -100.556252 86.587502 10.818750 
141035291087269 -100.668755 86.681252 10.875000 
141035311087269 -101.118752 86.643753 10.837501 
141035331087269 -101.343758 86.512505 10.481251 
141035351087269 -101.643753 86.250000 10.012501 
141035371087269 -102.075005 86.437500 9.375000 
141035391087269 -101.887505 86.268753 8.362500 
141035411087269 -101.737503 86.531250 7.200000 
141035431087269 -101.062508 86.793755 5.981250 
141035451087269 -100.650002 86.831253 4.743750 
141035471087269 -99.825005 87.206253 3.112500 
141035491087269 -99.037506 87.562500 1.312500 
141035511087269 -97.818756 87.843750 -0.581250 
141035531087269 -96.412506 87.862503 -2.606250 
141035551087269 -95.250000 88.031250 -4.368750 
141035571087269 -94.106255 87.731255 -5.906250 
141035591087269 -92.981255 87.656250 -7.743750 
141035611087269 -92.137505 87.468750 -9.543751 
141035631087269 -91.650002 86.887505 -10.968750 
141035651087269 -91.612503 86.212502 -12.131250 
141035671087269 -91.893753 85.612503 -12.787500 
141035691087269 -92.681252 85.312500 -13.125001 
141035711087269 -93.956253 85.368752 -12.412500 
141035731087269 -95.643753 85.387505 -11.418751 
141035751087269 -97.931252 85.312500 -9.900001 
141035771087269 -99.600006 85.218750 -8.700001 
141035791087269 -100.968758 85.575005 -7.237500 
141035811087269 -101.906258 86.118752 -5.831250 
141035831087269 -102.862503 86.587502 -4.612500 
141035851087269 -103.500008 86.943756 -3.525000 
141035871087269 -103.800003 87.131256 -3.018750 
141035891087269 -103.443756 87.375000 -2.943750 
141035911087269 -102.862503 87.618752 -3.281250 
141035931087269 -102.637505 88.406250 -2.868750 
141035951087269 -102.112503 88.968750 -2.475000 
141035971087269 -101.925003 89.475006 -1.687500 
141035991087269 -101.737503 90.018753 -0.825000 
141036011087269 -101.418755 90.581253 0.356250 
141036031087269 -101.100006 91.012505 1.612500 
141036051087269 -101.025002 91.481255 3.037500 
141036071087269 -100.725006 92.156250 5.268750 
141036091087269 -100.200005 92.400002 6.993750 
141036111087269 -100.237503 92.756256 8.681251 
141036131087269 -99.975006 93.206253 10.218750 
141036151087269 -99.656258 93.450005 11.700001 
141036171087269 -99.543755 93.881256 12.768750 
141036191087269 -99.318756 94.256256 13.462501 
141036211087269 -99.131256 94.350006 14.193750 
141036231087269 -99.356255 94.406250 14.625001 
141036251087269 -99.393753 94.443756 15.056251 
141036271087269 -99.618752 94.237503 15.131250 
141036291087269 -99.862503 93.993752 15.168751 
141036311087269 -100.031258 94.031250 15.243751 
141036331087269 -99.993752 93.731255 15.225000 
141036351087269 -99.787506 93.262505 14.700001 
141036371087269 -99.525002 93.131256 13.743751 
141036391087269 -98.831253 92.662506 11.981251 
141036411087269 -98.118752 92.268753 9.918751 
141036431087269 -97.106255 91.968750 7.443750 
141036451087269 -95.718750 91.387505 4.650000 
141036471087269 -94.181252 90.412506 1.275000 
141036491087269 -92.737503 89.418755 -2.325000 
141036511087269 -91.012505 88.406250 -5.418750 
141036531087269 -88.875000 87.056252 -8.400001 
141036551087269 -86.737503 85.950005 -11.100000 
141036571087269 -84.750000 84.468750 -13.537500 
141036591087269 -82.893753 82.781250 -15.562501 
141036611087269 -81.731255 81.431252 -17.343750 
141036631087269 -80.831253 80.100006 -18.656250 
141036651087269 -80.512505 78.843750 -19.743752 
141036671087269 -80.981255 77.925003 -20.475000 
141036691087269 -82.050003 77.287506 -20.756250 
141036711087269 -83.493752 76.631256 -20.643751 
141036731087269 -85.256256 76.687500 -19.725000 
141036751087269 -87.093750 77.025002 -18.825001 
141036771087269 -88.462502 77.081253 -17.887501 
141036791087269 -89.812500 77.456253 -16.893751 
141036811087269 -90.150002 78.150002 -15.750001 
141036831087269 -90.318756 78.750000 -14.793751 
141036851087269 -90.318756 78.918755 -14.306251 
141036871087269 -90.075005 79.237503 -13.725000 
141036891087269 -89.831253 79.425003 -13.781251 
141036911087269 -89.268753 79.650002 -13.631250 
141036931087269 -88.931252 80.156250 -13.293751 
141036951087269 -88.631256 80.681252 -12.693750 
141036971087269 -88.818756 80.962502 -12.037500 
141036991087269 -88.706253 81.393753 -11.212501 
141037011087269 -88.912506 82.200005 -10.181251 
141037031087269 -89.287506 82.818756 -8.887501 
141037051087269 -89.756256 83.287506 -7.537500 
141037071087269 -90.112503 84.056252 -5.887500 
141037091087269 -90.525002 84.600006 -4.331250 
141037111087269 -90.843750 85.068756 -3.093750 
141037131087269 -91.237503 85.612503 -1.818750 
141037151087269 -91.800003 85.987503 -0.600000 
141037171087269 -92.193756 86.400002 0.750000 
141037191087269 -92.306252 86.700005 1.650000 
141037211087269 -92.231255 86.887505 2.568750 
141037231087269 -92.456253 86.831253 3.281250 
141037251087269 -92.606255 86.925003 3.862500 
141037271087269 -92.925003 87.168755 4.481250 
141037291087269 -93.281250 87.131256 4.856250 
141037311087269 -93.525002 87.093750 5.137500 
141037331087269 -93.618752 86.756256 5.137500 
141037351087269 -93.787506 86.700005 5.025000 
141037371087269 -93.900002 86.737503 4.762500 
141037391087269 -93.843750 86.587502 3.918750 
141037411087269 -93.393753 86.212502 2.550000 
141037431087269 -92.681252 85.500000 0.937500 
141037451087269 -91.818756 84.843750 -0.768750 
141037471087269 -90.712502 83.962502 -3.056250 
141037491087269 -89.400002 83.231255 -5.193750 
141037511087269 -88.181252 82.218750 -7.425000 
141037531087269 -86.737503 81.018753 -9.862500 
141037551087269 -85.275002 79.837502 -11.962501 
141037571087269 -83.906250 78.806252 -13.612500 
141037591087269 -83.025002 77.775002 -15.206250 
141037611087269 -82.143753 76.668755 -16.650002 
141037631087269 -81.693756 75.825005 -17.587502 
141037651087269 -81.825005 74.868752 -18.543751 
141037671087269 -81.937500 74.062500 -19.275002 
141037691087269 -82.668755 73.556252 -19.462502 
141037711087269 -83.606255 73.218750 -19.650002 
141037731087269 -85.162506 73.312500 -19.237501 
141037751087269 -86.381256 73.556252 -18.412500 
141037771087269 -87.806252 73.968750 -17.550001 
141037791087269 -89.231255 74.493752 -16.725000 
141037811087269 -90.168755 75.187500 -15.712501 
141037831087269 -91.218750 75.937500 -14.737500 
141037851087269 -91.743752 76.481255 -13.800000 
141037871087269 -92.343750 77.212502 -12.675000 
141037891087269 -92.306252 77.550003 -11.943750 
141037911087269 -92.100006 77.812500 -11.793751 
141037931087269 -91.931252 78.225006 -11.287500 
141037951087269 -91.668755 78.731255 -10.856251 
141037971087269 -91.443756 79.350006 -10.368751 
141037991087269 -91.068756 79.856255 -9.600000 
141038011087269 -90.881256 80.606255 -9.187500 
141038031087269 -90.375000 81.131256 -8.812500 
141038051087269 -90.412506 81.843750 -8.287500 
141038071087269 -90.881256 82.687500 -7.143750 
141038091087269 -91.106255 83.437500 -6.225000 
141038111087269 -91.575005 84.206253 -4.706250 
141038131087269 -91.987503 84.768753 -3.318750 
141038151087269 -92.400002 85.387505 -2.137500 
141038171087269 -93.037506 85.837502 -0.843750 
141038191087269 -93.656250 86.043755 0.206250 
141038211087269 -94.012505 86.381256 1.256250 
141038231087269 -94.293755 86.681252 2.193750 
141038251087269 -94.218750 86.906250 3.056250 
141038271087269 -94.350006 86.887505 3.431250 
141038291087269 -94.387505 86.906250 3.918750 
141038311087269 -94.743752 86.943756 4.293750 
141038331087269 -94.668755 87.112503 4.650000 
141038351087269 -94.875000 87.206253 5.175000 
141038371087269 -94.893753 87.093750 5.437500 
141038391087269 -94.800003 87.168755 5.512500 
141038411087269 -95.137505 87.206253 5.493750 
141038431087269 -94.912506 87.150002 5.381250 
141038451087269 -94.800003 87.093750 4.875000 
141038471087269 -94.275002 87.037506 4.068750 
141038491087269 -93.581253 86.643753 3.075000 
141038511087269 -92.718750 86.531250 1.556250 
141038531087269 -91.893753 85.912506 -0.131250 
141038551087269 -90.975006 85.331253 -2.175000 
141038571087269 -89.493752 84.600006 -4.556250 
141038591087269 -87.712502 83.756256 -7.050000 
141038611087269 -85.912506 82.743752 -9.487500 
141038631087269 -84.412506 81.712502 -11.587501 
141038651087269 -83.156250 80.681252 -13.875001 
141038671087269 -81.843750 79.631256 -15.712501 
141038691087269 -80.775002 78.806252 -17.287500 
141038711087269 -79.762505 77.475006 -18.787500 
141038731087269 -79.443756 76.275002 -19.875000 
141038751087269 -79.762505 75.487503 -20.606251 
141038771087269 -80.287506 74.793755 -21.018751 
141038791087269 -80.812500 74.212502 -21.356251 
141038811087269 -81.581253 73.818756 -21.187500 
141038831087269 -82.593750 73.743752 -20.812500 
141038851087269 -83.812500 73.950005 -20.268751 
141038871087269 -85.050003 74.493752 -19.200001 
141038891087269 -86.137505 75.206253 -18.206251 
141038911087269 -86.981255 75.562500 -17.550001 
141038931087269 -87.862503 76.031250 -16.912500 
141038951087269 -88.556252 76.368752 -16.050001 
141038971087269 -89.025002 76.743752 -15.375001 
141038991087269 -89.475006 77.268753 -14.512501 
141039011087269 -89.812500 77.568756 -13.743751 
141039031087269 -89.718750 77.850006 -13.518750 
141039051087269 -89.512505 78.187500 -13.031251 
141039071087269 -89.625000 78.787506 -12.431251 
141039091087269 -89.662506 79.106255 -11.775001 
141039111087269 -89.737503 79.481255 -11.437500 
141039131087269 -89.887505 79.987503 -10.931251 
141039151087269 -89.906250 80.193756 -10.500000 
141039171087269 -90.037506 80.625000 -9.900001 
141039191087269 -90.525002 81.000000 -8.868751 
141039211087269 -91.068756 81.300003 -7.650000 
141039231087269 -91.481255 81.675003 -6.356250 
141039251087269 -91.800003 82.275002 -5.137500 
141039271087269 -92.156250 82.912506 -3.862500 
141039291087269 -92.400002 83.212502 -2.587500 
141039311087269 -92.850006 83.381256 -1.593750 
141039331087269 -93.168755 83.493752 -0.487500 
141039351087269 -93.450005 83.662506 0.468750 
141039371087269 -93.600006 83.887505 1.050000 
141039391087269 -93.618752 84.018753 1.762500 
141039411087269 -94.012505 84.037506 2.362500 
141039431087269 -94.237503 84.075005 2.962500 
141039451087269 -94.368752 84.281250 3.243750 
141039471087269 -94.425003 84.487503 3.656250 
141039491087269 -94.481255 84.637505 3.712500 
141039511087269 -94.537506 84.675003 3.768750 
141039531087269 -94.725006 84.712502 3.825000 
141039551087269 -94.968750 84.712502 3.900000 
141039571087269 -94.350006 84.731255 3.768750 
141039591087269 -93.937500 84.787506 3.037500 
141039611087269 -93.450005 84.656250 2.175000 
141039631087269 -92.981255 84.375000 1.050000 
141039651087269 -92.325005 83.775002 -0.487500 
141039671087269 -91.612503 83.025002 -2.081250 
141039691087269 -90.618752 82.312500 -4.050000 
141039711087269 -89.512505 81.468750 -6.506250 
141039731087269 -88.650002 80.362503 -8.962501 
141039751087269 -87.375000 78.993752 -11.006250 
141039771087269 -86.475006 77.662506 -12.825001 
141039791087269 -85.575005 76.537506 -14.550000 
141039811087269 -84.731255 75.581253 -16.143751 
141039831087269 -83.962502 74.531250 -17.568750 
141039851087269 -83.362503 73.406250 -18.731251 
141039871087269 -83.156250 72.356255 -19.575001 
141039891087269 -83.043755 71.662506 -20.325001 
141039911087269 -83.512505 71.100006 -20.925001 
141039931087269 -83.981255 70.518753 -21.337502 
141039951087269 -84.337502 70.181252 -21.618752 
141039971087269 -84.993752 69.918755 -21.412500 
141039991087269 -85.725006 70.106255 -21.225000 
141040011087269 -86.625000 70.350006 -20.812500 
141040031087269 -87.206253 70.650002 -20.493752 
141040051087269 -88.068756 71.137505 -19.912500 
141040071087269 -88.743752 71.756256 -18.975000 
141040091087269 -89.118752 72.356255 -18.300001 
141040111087269 -89.531250 73.068756 -17.512501 
141040131087269 -89.606255 73.706253 -16.968750 
141040151087269 -89.512505 74.437500 -16.556252 
141040171087269 -89.118752 74.925003 -16.125000 
141040191087269 -88.818756 75.600006 -15.431251 
141040211087269 -88.537506 76.087502 -14.906251 
141040231087269 -88.106255 76.537506 -14.662500 
141040251087269 -88.162506 77.100006 -14.100000 
141040271087269 -88.106255 77.456253 -13.593751 
141040291087269 -88.218750 78.018753 -12.975000 
141040311087269 -88.368752 78.281250 -12.243751 
141040331087269 -88.893753 78.900002 -11.381250 
141040351087269 -89.250000 79.275002 -10.631250 
141040371087269 -89.568756 79.556252 -9.693750 
141040391087269 -90.018753 79.931252 -8.868751 
141040411087269 -90.037506 80.400002 -8.400001 
141040431087269 -90.225006 80.587502 -7.800000 
141040451087269 -90.318756 81.000000 -7.125000 
141040471087269 -90.356255 81.562500 -6.450000 
141040491087269 -90.300003 81.937500 -6.150000 
141040511087269 -90.318756 82.275002 -5.737500 
141040531087269 -90.375000 82.650002 -5.400000 
141040551087269 -90.318756 82.912506 -5.025000 
141040571087269 -90.562500 83.156250 -4.462500 
141040591087269 -90.562500 83.531250 -4.068750 
141040611087269 -90.487503 83.756256 -3.825000 
141040631087269 -90.525002 83.756256 -3.431250 
141040651087269 -90.356255 83.775002 -3.075000 
141040671087269 -90.281250 83.850006 -2.662500 
141040691087269 -89.943756 83.962502 -2.587500 
141040711087269 -89.793755 84.318756 -2.475000 
141040731087269 -89.362503 84.412506 -2.362500 
141040751087269 -89.006256 84.393753 -2.456250 
141040771087269 -88.500000 84.225006 -2.868750 
141040791087269 -87.843750 83.850006 -3.656250 
141040811087269 -87.056252 83.287506 -4.818750 
141040831087269 -86.118752 82.181252 -6.843750 
141040851087269 -85.068756 81.150002 -8.700001 
141040871087269 -83.943756 79.875000 -10.575001 
141040891087269 -82.406250 78.318756 -12.806251 
141040911087269 -80.831253 76.893753 -15.018750 
141040931087269 -79.425003 75.262505 -17.043751 
141040951087269 -78.112503 73.743752 -19.087502 
141040971087269 -77.025002 72.468750 -20.625000 
141040991087269 -76.068756 71.512505 -21.450001 
141041011087269 -75.562500 70.500000 -22.350000 
141041031087269 -75.206253 69.225006 -23.287500 
141041051087269 -75.412506 68.550003 -23.756250 
141041071087269 -75.918755 67.875000 -24.150002 
141041091087269 -76.425003 67.668755 -24.150002 
141041111087269 -77.250000 67.443756 -24.093752 
141041131087269 -78.168755 67.331253 -23.643751 
141041151087269 -79.143753 67.593750 -23.287500 
141041171087269 -80.193756 67.893753 -22.706251 
141041191087269 -81.468750 68.381256 -21.937500 
141041211087269 -82.406250 68.868752 -21.450001 
141041231087269 -83.418755 69.168755 -20.737501 
141041251087269 -84.112503 69.300003 -20.418751 
141041271087269 -84.525002 69.918755 -19.950001 
141041291087269 -84.787506 70.162506 -19.893751 
141041311087269 -85.143753 70.425003 -19.462502 
141041331087269 -85.256256 70.612503 -19.012501 
141041351087269 -84.825005 71.062500 -18.675001 
141041371087269 -85.012505 71.437500 -18.168751 
141041391087269 -85.012505 72.131256 -17.756250 
141041411087269 -85.650002 72.525002 -17.006250 
141041431087269 -86.250000 72.918755 -16.443750 
141041451087269 -86.925003 73.443756 -15.375001 
141041471087269 -87.806252 73.931252 -14.718751 
141041491087269 -88.406250 74.400002 -13.837501 
141041511087269 -89.325005 74.681252 -12.993751 
141041531087269 -90.281250 75.112503 -12.131250 
141041551087269 -90.881256 75.393753 -11.025001 
141041571087269 -91.387505 75.975006 -10.012501 
141041591087269 -92.118752 76.443756 -8.887501 
141041611087269 -92.700005 76.800003 -8.118751 
141041631087269 -93.131256 77.118752 -7.031250 
141041651087269 -93.637505 77.456253 -6.375000 
141041671087269 -94.200005 77.981255 -5.381250 
141041691087269 -94.518753 78.225006 -4.500000 
141041711087269 -95.137505 78.412506 -3.731250 
141041731087269 -95.568756 78.768753 -3.187500 
141041751087269 -95.831253 78.750000 -2.812500 
141041771087269 -96.206253 78.975006 -2.475000 
141041791087269 -96.356255 79.031250 -2.287500 
141041811087269 -96.450005 79.200005 -2.100000 
141041831087269 -96.281258 79.050003 -2.400000 
141041851087269 -95.943756 79.106255 -2.718750 
141041871087269 -95.493752 79.200005 -3.375000 
141041891087269 -94.893753 78.843750 -4.143750 
141041911087269 -94.387505 78.825005 -5.156250 
141041931087269 -93.637505 78.225006 -6.468750 
141041951087269 -92.868752 77.775002 -8.062500 
141041971087269 -92.137505 77.081253 -9.806251 
141041991087269 -91.162506 76.537506 -11.925000 
141042011087269 -90.000000 75.581253 -14.081250 
141042031087269 -89.025002 74.550003 -15.900001 
141042051087269 -87.956253 73.725006 -17.850000 
141042071087269 -86.887505 72.506256 -19.312500 
141042091087269 -86.081253 71.756256 -20.587502 
141042111087269 -85.631256 70.837502 -21.731251 
141042131087269 -85.350006 70.012505 -22.462502 
141042151087269 -85.575005 69.131256 -22.725000 
141042171087269 -86.043755 68.568756 -22.631250 
141042191087269 -86.587502 68.287506 -22.950001 
141042211087269 -87.581253 68.212502 -22.762501 
141042231087269 -88.425003 68.512505 -22.500000 
141042251087269 -89.362503 68.981255 -21.937500 
141042271087269 -90.150002 69.731255 -21.225000 
141042291087269 -90.768753 70.312500 -20.493752 
141042311087269 -91.162506 70.762505 -19.818750 
141042331087269 -91.612503 71.700005 -19.668751 
141042351087269 -91.818756 72.262505 -19.068750 
141042371087269 -91.668755 72.768753 -18.412500 
141042391087269 -92.006256 73.331253 -17.887501 
141042411087269 -91.800003 73.818756 -17.831251 
141042431087269 -91.312500 74.118752 -17.812500 
141042451087269 -91.068756 74.831253 -17.775002 
141042471087269 -91.031250 75.543755 -17.400002 
141042491087269 -90.956253 76.106255 -16.800001 
141042511087269 -91.125000 76.612503 -16.181252 
141042531087269 -91.256256 77.137505 -15.975000 
141042551087269 -91.162506 77.587502 -15.375001 
141042571087269 -91.856255 78.000000 -14.475000 
141042591087269 -92.700005 78.693756 -13.481251 
141042611087269 -93.637505 79.125000 -12.112500 
141042631087269 -94.425003 79.725006 -11.006250 
141042651087269 -95.325005 80.025002 -9.806251 
141042671087269 -95.906250 80.681252 -8.662500 
141042691087269 -96.618752 81.206253 -7.275000 
141042711087269 -97.312508 81.750000 -6.281250 
141042731087269 -97.631256 82.237503 -5.062500 
141042751087269 -98.250008 82.406250 -4.012500 
141042771087269 -98.418755 82.593750 -3.450000 
141042791087269 -98.625008 82.837502 -2.775000 
141042811087269 -98.587502 83.025002 -2.287500 
141042831087269 -98.793755 83.025002 -1.968750 
141042851087269 -99.056252 83.100006 -1.781250 
141042871087269 -99.037506 83.175003 -1.575000 
141042891087269 -99.112503 83.287506 -1.650000 
141042911087269 -98.756256 83.306252 -1.743750 
141042931087269 -98.587502 83.250000 -2.287500 
141042951087269 -98.156258 83.212502 -2.850000 
141042971087269 -97.837502 83.156250 -3.618750 
141042991087269 -97.575005 82.987503 -4.743750 
141043011087269 -97.050003 82.537506 -5.981250 
141043031087269 -96.356255 81.937500 -7.556250 
141043051087269 -95.362503 80.925003 -9.243751 
141043071087269 -94.256256 80.156250 -11.287500 
141043091087269 -93.037506 79.387505 -13.087501 
141043111087269 -91.725006 78.431252 -15.243751 
141043131087269 -90.487503 77.193756 -17.231251 
141043151087269 -89.081253 75.918755 -19.050001 
141043171087269 -87.693756 74.962502 -20.793751 
141043191087269 -86.850006 73.875000 -21.993752 
141043211087269 -86.287506 72.993752 -23.306252 
141043231087269 -86.062500 71.906250 -24.225000 
141043251087269 -86.118752 71.062500 -25.068750 
141043271087269 -86.662506 70.293755 -25.481251 
141043291087269 -87.543755 69.975006 -25.631250 
141043311087269 -88.275002 69.806252 -25.387501 
141043331087269 -89.550003 69.806252 -24.900002 
141043351087269 -90.731255 69.956253 -24.562502 
141043371087269 -92.100006 70.368752 -23.437500 
141043391087269 -93.393753 70.706253 -22.706251 
141043411087269 -94.575005 70.987503 -22.050001 
141043431087269 -95.343750 71.456253 -21.487501 
141043451087269 -95.812500 71.925003 -20.718750 
141043471087269 -96.375008 72.825005 -20.006250 
141043491087269 -96.581253 73.350006 -19.368752 
141043511087269 -96.581253 74.100006 -18.881250 
141043531087269 -95.943756 74.887505 -19.293751 
141043551087269 -95.268753 75.675003 -18.843750 
141043571087269 -94.556252 76.350006 -18.187500 
141043591087269 -94.537506 77.212502 -17.643751 
141043611087269 -94.237503 77.587502 -17.400002 
141043631087269 -94.387505 77.737503 -16.837502 
141043651087269 -94.462502 77.925003 -16.406250 
141043671087269 -94.593750 78.243752 -15.693750 
141043691087269 -95.156250 78.393753 -14.493751 
141043711087269 -95.887505 78.825005 -13.593751 
141043731087269 -96.731255 79.462502 -12.862500 
141043751087269 -97.162506 79.762505 -11.681251 
141043771087269 -97.706253 80.512505 -10.575001 
141043791087269 -97.912506 81.075005 -9.731251 
141043811087269 -98.231255 81.918755 -8.681251 
141043831087269 -98.512505 82.256256 -7.893750 
141043851087269 -98.531258 82.743752 -7.312500 
141043871087269 -98.625008 83.306252 -6.731250 
141043891087269 -98.756256 83.493752 -6.206250 
141043911087269 -98.775002 83.906250 -5.906250 
141043931087269 -98.868752 84.093750 -5.381250 
141043951087269 -98.868752 84.281250 -5.231250 
141043971087269 -98.756256 84.168755 -5.118750 
141043991087269 -98.831253 84.150002 -4.856250 
141044011087269 -98.943756 84.281250 -4.725000 
141044031087269 -98.737503 84.037506 -4.725000 
141044051087269 -98.437508 84.018753 -4.875000 
141044071087269 -98.062508 83.643753 -5.268750 
141044091087269 -97.537506 83.512505 -6.000000 
141044111087269 -97.143753 83.137505 -6.825000 
141044131087269 -96.750008 82.725006 -8.137501 
141044151087269 -96.037506 82.312500 -9.637501 
141044171087269 -95.456253 81.412506 -11.268750 
141044191087269 -94.687500 80.568756 -13.275001 
141044211087269 -93.787506 79.406250 -15.300000 
141044231087269 -92.493752 78.243752 -17.362501 
141044251087269 -91.275002 76.800003 -19.350000 
141044271087269 -89.756256 75.450005 -21.112501 
141044291087269 -88.650002 73.950005 -22.725000 
141044311087269 -87.675003 72.581253 -24.206251 
141044331087269 -86.850006 71.437500 -25.481251 
141044351087269 -86.381256 70.443756 -26.268751 
141044371087269 -86.212502 69.637505 -26.718752 
141044391087269 -86.662506 69.018753 -27.093752 
141044411087269 -87.431252 68.643753 -27.056252 
141044431087269 -88.537506 68.437500 -27.056252 
141044451087269 -89.643753 68.737503 -26.662500 
141044471087269 -90.900002 69.187500 -26.100000 
141044491087269 -92.325005 69.618752 -25.237501 
141044511087269 -93.600006 70.012505 -24.712502 
141044531087269 -94.725006 70.406250 -24.093752 
141044551087269 -95.606255 70.856255 -23.456251 
141044571087269 -96.187508 71.456253 -22.800001 
141044591087269 -96.562508 72.318756 -22.237501 
141044611087269 -96.750008 72.993752 -21.506250 
141044631087269 -97.106255 73.593750 -20.756250 
141044651087269 -97.200005 74.250000 -20.062500 
141044671087269 -97.050003 74.962502 -19.312500 
141044691087269 -96.731255 75.712502 -18.975000 
141044711087269 -96.412506 76.443756 -18.468750 
141044731087269 -96.525002 77.006256 -17.906250 
141044751087269 -96.881256 77.175003 -17.175001 
141044771087269 -97.350006 77.418755 -16.687500 
141044791087269 -97.425003 77.700005 -16.275002 
141044811087269 -97.406258 78.018753 -15.900001 
141044831087269 -97.518753 78.581253 -15.281251 
141044851087269 -98.081253 79.331253 -14.118751 
141044871087269 -98.568756 79.837502 -13.143750 
141044891087269 -98.756256 80.287506 -12.168751 
141044911087269 -98.868752 81.187500 -11.250000 
141044931087269 -98.550003 81.768753 -10.387501 
141044951087269 -98.287506 82.237503 -9.506250 
141044971087269 -98.493752 82.743752 -8.812500 
141044991087269 -98.775002 82.950005 -8.118751 
141045011087269 -98.681252 82.950005 -7.800000 
141045031087269 -98.756256 83.231255 -7.350000 
141045051087269 -98.606255 83.418755 -7.106250 
141045071087269 -98.493752 83.475006 -6.956250 
141045091087269 -98.550003 83.606255 -7.050000 
141045111087269 -98.643753 83.756256 -7.237500 
141045131087269 -98.362503 83.568756 -7.406250 
141045151087269 -97.837502 83.362503 -8.156250 
141045171087269 -97.106255 83.043755 -9.168751 
141045191087269 -96.431252 82.425003 -10.631250 
141045211087269 -95.868752 81.581253 -12.337501 
141045231087269 -95.043755 80.287506 -14.456250 
141045251087269 -93.731255 78.900002 -16.500000 
141045271087269 -92.343750 77.231255 -18.600000 
141045291087269 -90.675003 75.787506 -20.850000 
141045311087269 -89.025002 74.250000 -22.987501 
141045331087269 -87.881256 72.731255 -24.693750 
141045351087269 -86.568756 71.193756 -26.156252 
141045371087269 -85.350006 70.050003 -27.487501 
141045391087269 -84.600006 68.981255 -28.293751 
141045411087269 -84.356255 68.043755 -28.893751 
141045431087269 -84.618752 67.425003 -29.343752 
141045451087269 -85.181252 66.675003 -29.681252 
141045471087269 -86.212502 66.206253 -29.550001 
141045491087269 -87.056252 65.981255 -29.343752 
141045511087269 -88.425003 66.300003 -28.875002 
141045531087269 -90.037506 66.787506 -27.881250 
141045551087269 -91.481255 67.237503 -26.981251 
141045571087269 -93.037506 67.856255 -26.287500 
141045591087269 -93.975006 68.325005 -25.781252 
141045611087269 -94.725006 69.150002 -24.825001 
141045631087269 -95.550003 69.825005 -23.906250 
141045651087269 -96.150002 70.968750 -23.156250 
141045671087269 -96.487503 71.512505 -22.368752 
141045691087269 -96.656258 71.906250 -22.162500 
141045711087269 -96.187508 72.618752 -21.900002 
141045731087269 -95.737503 73.143753 -21.468750 
141045751087269 -95.512505 73.762505 -20.700001 
141045771087269 -95.531250 74.381256 -20.400002 
141045791087269 -95.625000 74.831253 -20.025002 
141045811087269 -95.831253 74.850006 -19.443750 
141045831087269 -96.168755 75.281250 -18.937500 
141045851087269 -96.356255 75.806252 -18.112501 
141045871087269 -96.975006 76.275002 -17.156250 
141045891087269 -97.668755 76.987503 -15.993751 
141045911087269 -98.231255 77.700005 -14.793751 
141045931087269 -98.625008 78.243752 -13.575001 
141045951087269 -98.587502 79.031250 -12.562501 
141045971087269 -98.887505 79.725006 -11.625000 
141045991087269 -98.625008 80.062500 -10.912500 
141046011087269 -98.531258 80.550003 -10.350000 
141046031087269 -98.531258 80.775002 -9.693750 
141046051087269 -98.343758 81.000000 -9.300000 
141046071087269 -98.175003 81.337502 -9.187500 
141046091087269 -98.062508 81.393753 -9.187500 
141046111087269 -98.081253 81.375000 -9.112500 
141046131087269 -97.931252 81.412506 -9.112500 
141046151087269 -98.043755 81.693756 -9.150001 
141046171087269 -97.987503 81.675003 -9.281250 
141046191087269 -97.593758 81.768753 -9.731251 
141046211087269 -97.350006 81.450005 -10.200001 
141046231087269 -96.862503 80.962502 -11.175000 
141046251087269 -96.337502 80.362503 -12.206250 
141046271087269 -95.812500 79.612503 -13.462501 
141046291087269 -95.062500 78.618752 -14.700001 
141046311087269 -94.068756 77.381256 -16.387501 
141046331087269 -92.662506 75.843750 -18.262501 
141046351087269 -91.631256 74.662506 -19.968750 
141046371087269 -90.487503 73.443756 -21.787500 
141046391087269 -89.475006 71.943756 -23.437500 
141046411087269 -88.350006 70.912506 -24.731251 
141046431087269 -87.431252 70.012505 -25.725000 
141046451087269 -86.943756 69.187500 -27.037500 
141046471087269 -86.662506 68.456253 -27.506250 
141046491087269 -87.093750 68.118752 -27.843752 
141046511087269 -87.750000 67.556252 -27.862501 
141046531087269 -88.650002 67.406250 -27.693750 
141046551087269 -89.831253 67.631256 -27.037500 
141046571087269 -91.406250 67.725006 -26.343752 
141046591087269 -92.943756 68.025002 -25.537500 
141046611087269 -94.275002 68.493752 -24.281252 
141046631087269 -95.906250 68.962502 -23.456251 
141046651087269 -97.200005 69.356255 -22.462502 
141046671087269 -98.081253 69.712502 -21.787500 
141046691087269 -98.343758 69.825005 -21.112501 
141046711087269 -98.568756 70.162506 -20.568750 
141046731087269 -98.812508 70.818756 -20.006250 
141046751087269 -98.981255 71.287506 -19.650002 
141046771087269 -98.793755 71.718750 -19.406250 
141046791087269 -97.931252 72.506256 -18.956251 
141046811087269 -97.800003 73.106255 -18.618752 
141046831087269 -97.837502 73.781250 -18.037500 
141046851087269 -98.437508 74.212502 -17.231251 
141046871087269 -98.906258 74.718750 -16.406250 
141046891087269 -99.318756 74.981255 -15.637501 
141046911087269 -99.675003 75.262505 -14.737500 
141046931087269 -100.743752 75.675003 -13.743751 
141046951087269 -101.962502 75.956253 -12.600000 
141046971087269 -102.581253 76.331253 -11.306251 
141046991087269 -103.293755 76.856255 -10.106251 
141047011087269 -103.837502 77.868752 -8.943750 
141047031087269 -104.643753 78.506256 -7.725000 
141047051087269 -105.431252 78.918755 -6.581250 
141047071087269 -106.275002 79.293755 -5.325000 
141047091087269 -106.837502 79.593750 -4.143750 
141047111087269 -107.493752 79.631256 -3.056250 
141047131087269 -108.056252 79.837502 -2.212500 
141047151087269 -108.656258 79.837502 -1.593750 
141047171087269 -108.956253 79.743752 -1.068750 
141047191087269 -108.993752 79.912506 -0.693750 
141047211087269 -108.975006 80.100006 -0.393750 
141047231087269 -108.562508 80.343750 -0.431250 
141047251087269 -107.943756 80.400002 -0.787500 
141047271087269 -107.306252 80.568756 -1.593750 
141047291087269 -106.575005 80.362503 -2.737500 
141047311087269 -106.050003 80.137505 -3.712500 
141047331087269 -105.731255 79.762505 -4.725000 
141047351087269 -105.693756 78.975006 -5.831250 
141047371087269 -105.412506 78.131256 -7.087500 
141047391087269 -105.262505 77.100006 -8.831250 
141047411087269 -104.812508 75.956253 -10.856251 
141047431087269 -104.475006 74.531250 -12.600000 
141047451087269 -104.681252 73.500000 -13.818750 
141047471087269 -104.343758 72.450005 -15.056251 
141047491087269 -104.212502 71.512505 -16.200001 
141047511087269 -103.912506 70.631256 -17.475000 
141047531087269 -104.043755 70.068756 -18.393751 
141047551087269 -104.325005 69.768753 -18.543751 
141047571087269 -104.943756 69.637505 -18.018751 
141047591087269 -105.675003 69.806252 -17.212502 
141047611087269 -106.406258 69.937500 -16.331251 
141047631087269 -107.418755 70.181252 -15.243751 
141047651087269 -108.337502 70.593750 -14.043751 
141047671087269 -109.068756 71.156250 -12.543751 
141047691087269 -109.387505 71.456253 -11.756250 
141047711087269 -109.725006 71.850006 -11.118751 
141047731087269 -110.006256 72.506256 -10.425000 
141047751087269 -110.306252 73.218750 -9.656250 
141047771087269 -110.362503 74.062500 -8.681251 
141047791087269 -110.268753 74.831253 -7.406250 
141047811087269 -109.368752 75.412506 -7.593750 
141047831087269 -108.487503 75.862503 -8.287500 
141047851087269 -107.831253 76.631256 -7.837500 
141047871087269 -107.550003 77.400002 -6.787500 
141047891087269 -107.700005 77.962502 -5.700000 
141047911087269 -107.718758 78.506256 -4.537500 
141047931087269 -107.700005 79.031250 -3.675000 
141047951087269 -107.662506 79.518753 -3.187500 
141047971087269 -108.318756 80.081253 -1.406250 
141047991087269 -108.975006 80.812500 0.937500 
141048011087269 -109.518753 81.375000 2.925000 
141048031087269 -109.743752 81.825005 4.387500 
141048051087269 -109.650002 82.200005 5.643750 
141048071087269 -109.706253 82.575005 6.600000 
141048091087269 -109.406258 82.800003 7.368750 
141048111087269 -109.331253 83.081253 8.006250 
141048131087269 -109.368752 83.343750 8.531250 
141048151087269 -109.500008 83.306252 8.775001 
141048171087269 -109.725006 83.437500 8.868751 
141048191087269 -110.081253 83.268753 8.925000 
141048211087269 -110.212502 83.268753 8.700001 
141048231087269 -110.156258 83.006256 8.625000 
141048251087269 -110.625008 82.875000 8.550000 
141048271087269 -110.831253 82.631256 8.550000 
141048291087269 -110.812508 82.500000 8.456250 
141048311087269 -111.243752 82.218750 8.306251 
141048331087269 -111.318756 81.806252 7.800000 
141048351087269 -111.018753 81.431252 6.675000 
141048371087269 -110.925003 80.887505 5.400000 
141048391087269 -110.906258 80.343750 3.712500 
141048411087269 -110.831253 79.556252 2.100000 
141048431087269 -111.150002 78.525002 0.075000 
141048451087269 -111.187508 77.081253 -2.193750 
141048471087269 -110.175003 75.937500 -4.893750 
141048491087269 -109.106255 74.568756 -7.987500 
141048511087269 -108.056252 73.050003 -11.043751 
141048531087269 -106.650002 71.512505 -13.762501 
141048551087269 -105.506256 70.031250 -16.218750 
141048571087269 -104.081253 68.700005 -18.656250 
141048591087269 -102.431252 67.556252 -20.812500 
141048611087269 -101.531258 66.600006 -22.462502 
141048631087269 -101.268753 65.681252 -23.400002 
141048651087269 -101.625008 65.212502 -23.550001 
141048671087269 -102.281258 64.968750 -22.837502 
141048691087269 -103.312508 65.268753 -22.012501 
141048711087269 -104.006256 65.662506 -21.075001 
141048731087269 -104.662506 66.375000 -20.362501 
141048751087269 -105.168755 66.937500 -19.556252 
141048771087269 -105.112503 67.781250 -19.012501 
141048791087269 -105.225006 68.662506 -18.543751 
141048811087269 -105.112503 69.600006 -17.906250 
141048831087269 -105.093758 70.556252 -17.306252 
141048851087269 -105.187508 71.306252 -16.800001 
141048871087269 -104.700005 72.075005 -16.593750 
141048891087269 -104.062508 72.506256 -16.237501 
141048911087269 -103.518753 73.406250 -16.106251 
141048931087269 -103.368752 74.100006 -15.712501 
141048951087269 -103.500008 74.568756 -14.925000 
141048971087269 -103.668755 74.981255 -14.081250 
141048991087269 -103.668755 75.637505 -13.331250 
141049011087269 -103.631256 76.275002 -12.393750 
141049031087269 -103.856255 76.987503 -10.950001 
141049051087269 -104.606255 77.737503 -9.581250 
141049071087269 -105.431252 78.318756 -7.987500 
141049091087269 -105.843758 78.993752 -6.543750 
141049111087269 -105.900002 79.950005 -5.531250 
141049131087269 -105.693756 80.587502 -4.875000 
141049151087269 -105.431252 81.262505 -4.050000 
141049171087269 -105.206253 81.712502 -3.487500 
141049191087269 -105.337502 82.293755 -3.018750 
141049211087269 -105.150002 82.668755 -2.287500 
141049231087269 -105.093758 83.175003 -1.481250 
141049251087269 -105.112503 83.456253 -0.506250 
141049271087269 -105.225006 83.606255 0.375000 
141049291087269 -105.337502 83.906250 1.368750 
141049311087269 -105.525002 84.075005 1.875000 
141049331087269 -105.581253 84.150002 2.118750 
141049351087269 -105.281258 84.037506 2.212500 
141049371087269 -105.318756 84.056252 2.100000 
141049391087269 -105.168755 83.737503 1.687500 
141049411087269 -105.393753 83.493752 0.731250 
141049431087269 -105.300003 82.818756 -0.337500 
141049451087269 -105.693756 82.087502 -1.950000 
141049471087269 -105.712502 81.112503 -3.618750 
141049491087269 -105.506256 79.800003 -5.718750 
141049511087269 -105.375008 78.281250 -8.175000 
141049531087269 -104.700005 76.481255 -10.856251 
141049551087269 -104.062508 74.887505 -13.556251 
141049571087269 -102.843758 73.200005 -16.012501 
141049591087269 -101.793755 72.187500 -18.131250 
141049611087269 -100.350006 71.118752 -19.856251 
141049631087269 -99.243752 70.312500 -21.337502 
141049651087269 -98.587502 69.918755 -22.368752 
141049671087269 -98.212502 69.712502 -23.006250 
141049691087269 -98.193756 69.881256 -23.081251 
141049711087269 -98.062508 70.012505 -22.912500 
141049731087269 -98.400002 70.312500 -22.575001 
141049751087269 -98.962502 70.931252 -22.143751 
141049771087269 -99.375008 71.718750 -21.468750 
141049791087269 -99.937508 72.525002 -20.643751 
141049811087269 -100.200005 73.462502 -19.443750 
141049831087269 -100.293755 74.531250 -18.300001 
141049851087269 -100.312508 75.262505 -17.362501 
141049871087269 -100.350006 76.387505 -16.443750 
141049891087269 -100.012505 77.381256 -15.731251 
141049911087269 -99.562508 77.812500 -15.168751 
141049931087269 -99.243752 78.525002 -14.906251 
141049951087269 -98.531258 78.825005 -14.643750 
141049971087269 -97.818756 79.181252 -14.625001 
141049991087269 -96.956253 79.537506 -14.662500 
141050011087269 -96.093758 80.156250 -14.700001 
141050031087269 -95.306252 80.587502 -14.737500 
141050051087269 -94.650002 81.131256 -14.512501 
141050071087269 -93.525002 81.825005 -14.343751 
141050091087269 -92.662506 82.368752 -14.118751 
141050111087269 -91.743752 83.156250 -13.800000 
141050131087269 -90.600006 83.981255 -13.256250 
141050151087269 -89.400002 84.656250 -12.768750 
141050171087269 -87.431252 85.743752 -12.037500 
141050191087269 -84.993752 86.531250 -11.043751 
141050211087269 -82.443756 87.750000 -10.031250 
141050231087269 -79.800003 88.612503 -8.756250 
141050251087269 -77.025002 89.400002 -7.556250 
141050271087269 -74.137505 90.150002 -6.337500 
141050291087269 -71.475006 90.787506 -5.268750 
141050311087269 -69.056252 91.406250 -3.918750 
141050331087269 -67.368752 91.800003 -2.643750 
141050351087269 -66.225006 92.231255 -1.650000 
141050371087269 -65.231255 92.287506 -0.843750 
141050391087269 -64.781250 92.418755 -0.187500 
141050411087269 -64.481255 92.625000 0.450000 
141050431087269 -64.631256 92.793755 0.881250 
141050451087269 -64.931252 92.756256 1.331250 
141050471087269 -65.568756 92.681252 1.425000 
141050491087269 -66.375000 92.606255 0.993750 
141050511087269 -67.256256 92.512505 0.337500 
141050531087269 -68.512505 92.343750 -0.562500 
141050551087269 -69.431252 92.287506 -1.575000 
141050571087269 -70.368752 91.893753 -2.831250 
141050591087269 -71.381256 91.556252 -4.312500 
141050611087269 -72.356255 90.956253 -5.906250 
141050631087269 -73.462502 90.187500 -7.931250 
141050651087269 -74.662506 88.893753 -9.993751 
141050671087269 -75.956253 87.450005 -12.075001 
141050691087269 -77.156250 85.706253 -14.306251 
141050711087269 -78.693756 83.662506 -16.537500 
141050731087269 -80.512505 81.450005 -18.900002 
141050751087269 -82.556252 78.975006 -21.112501 
141050771087269 -84.731255 76.443756 -23.400002 
141050791087269 -86.568756 73.950005 -24.975000 
141050811087269 -88.331253 71.625000 -26.418751 
141050831087269 -89.981255 69.112503 -27.806252 
141050851087269 -91.443756 66.693756 -28.687502 
141050871087269 -92.718750 64.556252 -29.568750 
141050891087269 -93.506256 62.568752 -30.112501 
141050911087269 -94.012505 60.956253 -30.787500 
141050931087269 -94.631256 59.681252 -30.993752 
141050951087269 -95.175003 58.443752 -31.143751 
141050971087269 -95.568756 57.225002 -31.218752 
141050991087269 -96.000000 56.587502 -31.125002 
141051011087269 -96.375008 56.081253 -31.012501 
141051031087269 -96.806252 55.293751 -31.031252 
141051051087269 -97.331253 54.731251 -31.068750 
141051071087269 -97.968758 53.962502 -30.825001 
141051091087269 -98.475006 53.381252 -30.637501 
141051111087269 -99.150002 52.950001 -30.656252 
141051131087269 -99.881256 52.537502 -30.337502 
141051151087269 -100.575005 51.768753 -30.168751 
141051171087269 -101.250008 51.300003 -30.187502 
141051191087269 -102.187508 50.887501 -29.906252 
141051211087269 -102.768753 50.418751 -29.550001 
141051231087269 -103.312508 50.193752 -29.287500 
141051251087269 -104.062508 49.500004 -28.912500 
141051271087269 -104.850006 48.468754 -28.612501 
141051291087269 -105.693756 47.231251 -28.481251 
141051311087269 -106.350006 46.012501 -28.218752 
141051331087269 -107.118752 44.156250 -27.581251 
141051351087269 -107.550003 42.525002 -27.150002 
141051371087269 -108.131256 40.743752 -26.756250 
141051391087269 -108.562508 38.587502 -26.493752 
141051411087269 -108.712502 36.656250 -26.437502 
141051431087269 -108.600006 34.968750 -26.587502 
141051451087269 -108.300003 33.562500 -26.568750 
141051471087269 -107.756256 32.175003 -26.681252 
141051491087269 -107.025002 31.537500 -27.206251 
141051511087269 -106.387505 30.881250 -27.656252 
141051531087269 -105.843758 30.600000 -28.068750 
141051551087269 -105.318756 30.525002 -28.425001 
141051571087269 -104.775002 30.600000 -28.912500 
141051591087269 -104.025002 30.525002 -29.287500 
141051611087269 -103.218758 30.768751 -29.925001 
141051631087269 -102.656258 31.012501 -30.337502 
141051651087269 -102.375008 31.143751 -30.600000 
141051671087269 -102.187508 31.218752 -30.712502 
141051691087269 -102.000008 31.031252 -30.937502 
141051711087269 -101.793755 30.843752 -31.143751 
141051731087269 -101.493752 30.412500 -31.312502 
141051751087269 -101.531258 29.981251 -31.275002 
141051771087269 -101.737503 29.493752 -31.143751 
141051791087269 -101.962502 28.987501 -30.993752 
141051811087269 -102.112503 28.162500 -30.918751 
141051831087269 -101.887505 27.393751 -30.937502 
141051851087269 -101.587502 26.475000 -30.900002 
141051871087269 -101.006256 25.556252 -30.862501 
141051891087269 -100.612503 24.843752 -30.881250 
141051911087269 -100.125008 24.243752 -30.918751 
141051931087269 -99.600006 23.343750 -30.825001 
141051951087269 -98.925003 22.350000 -31.031252 
141051971087269 -98.025002 21.487501 -30.956251 
141051991087269 -97.518753 20.325001 -30.750002 
141052011087269 -97.443756 19.518751 -30.356251 
141052031087269 -97.612503 18.487501 -29.812502 
141052051087269 -97.893753 17.681252 -29.175001 
141052071087269 -98.775002 17.043751 -28.275002 
141052091087269 -99.637505 16.293751 -27.581251 
141052111087269 -100.668755 15.825001 -26.456251 
141052131087269 -102.131256 15.318750 -25.593752 
141052151087269 -103.556252 15.281251 -24.600000 
141052171087269 -104.343758 15.206250 -24.037500 
141052191087269 -105.450005 15.506250 -23.418751 
141052211087269 -106.406258 15.881250 -22.818750 
141052231087269 -107.043755 16.462502 -22.518751 
141052251087269 -107.906258 17.512501 -22.125000 
141052271087269 -108.862503 18.918751 -21.806252 
141052291087269 -109.687508 20.400002 -21.543751 
141052311087269 -110.531258 21.975000 -21.487501 
141052331087269 -111.993752 23.756250 -20.962502 
141052351087269 -113.100006 25.237501 -20.400002 
141052371087269 -114.431252 26.587502 -19.537500 
141052391087269 -115.837502 27.693750 -18.525002 
141052411087269 -116.906258 28.443750 -17.531250 
141052431087269 -117.843758 28.912500 -16.687500 
141052451087269 -118.893753 29.362501 -15.862500 
141052471087269 -119.850006 29.568750 -14.812501 
141052491087269 -120.656258 29.418751 -13.987500 
141052511087269 -121.293755 29.475000 -13.087501 
141052531087269 -121.781258 29.550001 -12.600000 
141052551087269 -121.762505 29.587502 -12.393750 
141052571087269 -121.968758 29.737501 -12.225000 
141052591087269 -122.025002 29.775002 -12.075001 
141052611087269 -122.081253 29.981251 -12.206250 
141052631087269 -121.893753 30.056252 -12.225000 
141052651087269 -121.631256 30.206251 -12.337501 
141052671087269 -121.406258 30.318750 -12.993751 
141052691087269 -120.862503 30.225000 -13.650001 
141052711087269 -120.356255 30.131250 -14.156251 
141052731087269 -119.812508 30.037500 -14.831250 
141052751087269 -119.400002 29.887501 -15.375001 
141052771087269 -119.043755 29.418751 -15.787500 
141052791087269 -118.556252 29.100000 -16.425001 
141052811087269 -118.087502 28.893751 -16.968750 
141052831087269 -117.843758 28.481251 -17.306252 
141052851087269 -117.525002 28.368752 -17.606251 
141052871087269 -117.262505 27.937502 -17.943750 
141052891087269 -117.000008 27.731251 -18.187500 
141052911087269 -116.662506 27.318750 -18.656250 
141052931087269 -115.875008 27.093752 -19.050001 
141052951087269 -115.331253 26.812502 -19.368752 
141052971087269 -114.637505 26.306252 -19.725000 
141052991087269 -114.168755 25.856251 -20.118752 
141053011087269 -113.775002 25.218752 -20.512501 
141053031087269 -113.531258 25.125002 -20.681252 
141053051087269 -113.100006 24.693750 -20.943750 
141053071087269 -112.837502 24.337502 -20.962502 
141053091087269 -112.537506 23.831251 -20.812500 
141053111087269 -112.612503 23.493752 -20.981251 
141053131087269 -112.575005 23.287500 -21.168751 
141053151087269 -112.312508 23.343750 -21.243752 
141053171087269 -112.368752 23.306252 -21.450001 
141053191087269 -112.331253 23.043751 -21.675001 
141053211087269 -112.200005 23.006250 -21.693750 
141053231087269 -112.031258 23.100000 -21.956251 
141053251087269 -112.143753 23.437500 -22.237501 
141053271087269 -111.918755 23.775002 -22.500000 
141053291087269 -111.843758 23.943750 -22.481251 
141053311087269 -111.693756 24.018751 -22.556252 
141053331087269 -111.637505 24.112501 -22.481251 
141053351087269 -111.375008 24.300001 -22.443750 
141053371087269 -111.468758 24.375002 -22.275002 
141053391087269 -111.450005 24.843752 -22.162500 
141053411087269 -111.543755 24.881250 -22.087502 
141053431087269 -111.712502 24.806252 -21.825001 
141053451087269 -111.881256 24.825001 -22.012501 
141053471087269 -112.106255 25.068750 -22.012501 
141053491087269 -112.031258 25.143751 -21.937500 
141053511087269 -112.050003 25.312502 -21.750000 
141053531087269 -112.087502 25.312502 -21.750000 
141053551087269 -112.237503 24.918751 -21.768751 
141053571087269 -112.406258 24.768751 -21.675001 
141053591087269 -112.368752 24.825001 -21.581251 
141053611087269 -112.668755 24.843752 -21.206251 
141053631087269 -112.856255 24.712502 -20.831251 
141053651087269 -113.193756 24.562502 -20.625000 
141053671087269 -113.231255 24.375002 -20.475000 
141053691087269 -113.643753 24.131250 -20.081251 
141053711087269 -113.887505 24.056252 -19.575001 
141053731087269 -114.075005 24.018751 -19.200001 
141053751087269 -114.168755 23.775002 -19.050001 
141053771087269 -113.775002 23.456251 -19.087502 
141053791087269 -113.531258 22.987501 -19.275002 
141053811087269 -113.231255 22.706251 -19.312500 
141053831087269 -113.325005 22.181252 -19.106251 
141053851087269 -112.968758 21.825001 -19.387501 
141053871087269 -112.706253 21.112501 -19.200001 
141053891087269 -112.500008 20.231251 -18.750000 
141053911087269 -112.406258 19.162500 -18.431252 
141053931087269 -112.668755 18.468750 -17.700001 
141053951087269 -112.968758 17.550001 -16.893751 
141053971087269 -113.250008 16.893751 -16.200001 
141053991087269 -113.418755 16.350000 -15.900001 
141054011087269 -113.831253 15.581250 -15.056251 
141054031087269 -114.225006 15.000001 -14.606251 
141054051087269 -114.262505 14.418751 -14.156251 
141054071087269 -114.581253 14.081250 -13.350000 
141054091087269 -114.675003 13.668751 -12.825001 
141054111087269 -114.712502 13.368751 -12.337501 
141054131087269 -114.806252 13.050000 -11.793751 
141054151087269 -114.750008 12.543751 -11.212501 
141054171087269 -114.506256 12.356251 -10.743751 
141054191087269 -114.262505 12.337501 -10.275001 
141054211087269 -114.393753 12.506250 -9.881250 
141054231087269 -114.318756 12.806251 -9.937500 
141054251087269 -114.450005 12.937501 -10.050000 
141054271087269 -114.506256 13.350000 -9.825001 
141054291087269 -114.806252 13.725000 -9.600000 
141054311087269 -115.237503 14.550000 -9.206250 
141054331087269 -115.950005 15.300000 -8.831250 
141054351087269 -116.981255 16.350000 -8.437500 
141054371087269 -117.750008 17.568750 -8.100000 
141054391087269 -118.875008 18.862501 -7.087500 
141054411087269 -119.868752 20.606251 -5.850000 
141054431087269 -121.368752 22.462502 -4.462500 
141054451087269 -122.775002 24.356251 -3.131250 
141054471087269 -124.368752 26.437502 -1.537500 
141054491087269 -125.531258 29.025002 0.168750 
141054511087269 -126.675003 31.575001 2.118750 
141054531087269 -127.837502 34.256252 4.537500 
141054551087269 -128.681259 37.200001 6.900000 
141054571087269 -129.281250 40.106251 9.262501 
141054591087269 -129.562500 43.331253 11.606251 
141054611087269 -129.262512 47.175003 14.662500 
141054631087269 -128.850006 50.587502 17.306252 
141054651087269 -128.343750 54.018753 19.556252 
141054671087269 -127.537506 57.187504 21.450001 
141054691087269 -126.768753 60.187504 22.950001 
141054711087269 -125.962502 62.662502 24.206251 
141054731087269 -125.437508 64.893753 25.125002 
141054751087269 -124.631256 66.693756 25.368752 
141054771087269 -124.368752 67.650002 24.768751 
141054791087269 -123.956253 68.418755 24.112501 
141054811087269 -124.050003 68.606255 23.493752 
141054831087269 -124.200005 68.756256 22.518751 
141054851087269 -124.068756 68.906250 21.487501 
141054871087269 -124.106255 68.943756 20.137501 
141054891087269 -124.087502 68.981255 18.918751 
141054911087269 -124.143753 69.018753 17.887501 
141054931087269 -124.068756 69.056252 17.081251 
141054951087269 -124.125008 69.281250 16.387501 
141054971087269 -123.656258 69.731255 15.881250 
141054991087269 -123.487503 70.293755 15.937501 
141055011087269 -123.506256 70.556252 16.181252 
141055031087269 -123.412506 70.856255 16.912500 
141055051087269 -123.468758 71.156250 17.812500 
141055071087269 -123.262505 71.287506 18.918751 
141055091087269 -123.281258 71.418755 20.231251 
141055111087269 -123.187508 71.606255 22.050001 
141055131087269 -123.150002 71.531250 23.737501 
141055151087269 -122.737503 71.512505 25.462502 
141055171087269 -122.268753 71.756256 27.318750 
141055191087269 -121.650002 72.056252 29.231251 
141055211087269 -120.975006 72.187500 31.031252 
141055231087269 -120.618752 72.187500 33.131252 
141055251087269 -119.981255 72.056252 35.231251 
141055271087269 -119.362503 72.393753 36.806252 
141055291087269 -118.631256 72.525002 38.850002 
141055311087269 -117.975006 72.750000 40.706253 
141055331087269 -117.018753 72.881256 42.506252 
141055351087269 -116.400002 73.031250 43.687500 
141055371087269 -115.556252 73.200005 45.168751 
141055391087269 -114.281258 73.575005 46.406250 
141055411087269 -112.987503 74.156250 47.512501 
141055431087269 -111.787506 74.250000 48.618752 
141055451087269 -110.718758 74.662506 49.275002 
141055471087269 -109.481255 75.000000 49.837502 
141055491087269 -108.712502 75.131256 50.043751 
141055511087269 -107.625008 75.393753 50.962502 
141055531087269 -106.575005 75.675003 51.656254 
141055551087269 -105.506256 76.087502 51.956253 
141055571087269 -104.662506 76.312500 52.068752 
141055591087269 -103.387505 76.875000 52.462502 
141055611087269 -102.056252 77.343750 52.987503 
141055631087269 -100.575005 77.812500 53.381252 
141055651087269 -98.925003 78.281250 54.056252 
141055671087269 -97.500008 78.862503 54.262501 
141055691087269 -96.206253 79.462502 54.356251 
141055711087269 -95.137505 79.931252 54.712502 
141055731087269 -94.050003 80.550003 54.750004 
141055751087269 -93.356255 80.887505 54.637501 
141055771087269 -92.981255 81.225006 54.412502 
141055791087269 -92.568756 81.487503 54.412502 
141055811087269 -92.081253 81.881256 54.300003 
141055831087269 -91.237503 81.787506 54.468754 
141055851087269 -90.168755 81.600006 54.975002 
141055871087269 -88.293755 81.412506 55.593754 
141055891087269 -85.875000 81.168755 56.625004 
141055911087269 -83.062500 80.962502 57.337502 
141055931087269 -79.631256 80.493752 57.900002 
141055951087269 -76.181252 80.306252 58.443752 
141055971087269 -72.712502 79.950005 58.781254 
141055991087269 -69.487503 79.781250 59.156254 
141056011087269 -66.168755 79.612503 59.212502 
141056031087269 -63.450001 79.218750 58.856251 
141056051087269 -60.618752 78.862503 57.918751 
141056071087269 -57.243752 77.981255 56.718754 
141056091087269 -53.737503 77.043755 56.062504 
141056111087269 -50.887501 75.862503 55.687504 
141056131087269 -48.356251 74.700005 55.387501 
141056151087269 -45.787502 73.518753 54.731251 
141056171087269 -43.762501 72.600006 54.112503 
141056191087269 -41.981251 72.037506 53.662502 
141056211087269 -40.950001 71.268753 53.812504 
141056231087269 -40.781250 70.950005 54.337502 
141056251087269 -41.325001 71.118752 54.862503 
141056271087269 -41.793751 71.137505 55.106251 
141056291087269 -42.018753 71.231255 55.275002 
141056311087269 -42.543751 71.268753 55.800003 
141056331087269 -42.956253 71.400002 56.325001 
141056351087269 -43.668751 71.475006 56.868752 
141056371087269 -44.662502 71.812500 57.356251 
141056391087269 -45.543751 72.168755 57.918751 
141056411087269 -46.462502 72.318756 58.218754 
141056431087269 -47.362503 72.750000 58.368752 
141056451087269 -48.525002 73.050003 58.650002 
141056471087269 -49.650002 73.593750 58.968754 
141056491087269 -50.662502 73.837502 59.362503 
141056511087269 -51.525002 73.875000 59.568752 
141056531087269 -51.843754 73.800003 59.756252 
141056551087269 -52.481251 73.668755 60.206253 
141056571087269 -53.081253 73.706253 60.431252 
141056591087269 -53.437504 73.781250 60.768753 
141056611087269 -53.718754 73.856255 61.031254 
141056631087269 -54.150002 73.893753 61.125004 
141056651087269 -54.450001 73.987503 61.050003 
141056671087269 -54.975002 74.193756 61.200001 
141056691087269 -55.781254 74.512505 61.293751 
141056711087269 -56.512501 75.018753 61.181252 
141056731087269 -57.356251 75.300003 61.275002 
141056751087269 -58.425003 75.431252 61.443752 
141056771087269 -59.456253 75.787506 61.537502 
141056791087269 -60.281254 75.937500 61.743752 
141056811087269 -61.462502 76.200005 61.856251 
141056831087269 -62.475002 76.387505 62.212502 
141056851087269 -63.187504 76.725006 62.212502 
141056871087269 -64.293755 76.818756 62.175003 
141056891087269 -65.231255 77.175003 62.100002 
141056911087269 -66.187500 77.493752 61.893753 
141056931087269 -67.181252 77.793755 61.687504 
141056951087269 -68.193756 78.112503 61.237503 
141056971087269 -69.112503 78.393753 61.125004 
141056991087269 -70.012505 78.637505 60.825001 
141057011087269 -71.250000 78.675003 61.068752 
141057031087269 -72.206253 78.712502 61.181252 
141057051087269 -73.200005 78.356255 61.293751 
141057071087269 -73.987503 77.943756 61.406254 
141057091087269 -74.437500 77.550003 61.575001 
141057111087269 -74.362503 77.212502 61.931252 
141057131087269 -74.325005 76.612503 62.343754 
141057151087269 -74.456253 75.918755 62.831253 
141057171087269 -74.062500 75.168755 63.131252 
141057191087269 -73.125000 74.400002 63.693752 
141057211087269 -71.962502 73.893753 64.368752 
141057231087269 -71.006256 73.275002 64.987503 
141057251087269 -70.106255 72.768753 65.531250 
141057271087269 -69.581253 72.037506 65.981255 
141057291087269 -69.300003 71.587502 66.337502 
141057311087269 -68.981255 71.400002 66.656250 
141057331087269 -69.281250 71.137505 66.937500 
141057351087269 -70.031250 71.006256 66.900002 
141057371087269 -71.343750 70.631256 66.768753 
141057391087269 -72.806252 70.443756 66.843750 
141057411087269 -74.831253 70.087502 66.918755 
141057431087269 -77.325005 70.031250 67.012505 
141057451087269 -79.950005 69.637505 66.900002 
141057471087269 -82.800003 68.850006 66.618752 
141057491087269 -85.518753 68.343750 66.356255 
141057511087269 -88.406250 67.837502 66.225006 
141057531087269 -91.031250 67.237503 65.887505 
141057551087269 -93.618752 66.431252 65.437500 
141057571087269 -96.075005 65.493752 64.781250 
141057591087269 -98.437508 64.331253 63.993752 
141057611087269 -100.650002 63.112503 63.450001 
141057631087269 -102.468758 61.800003 62.718754 
141057651087269 -104.568756 60.075001 61.818752 
141057671087269 -106.500008 58.031254 60.825001 
141057691087269 -108.318756 55.500004 60.337502 
141057711087269 -110.062508 52.612503 59.362503 
141057731087269 -111.543755 49.368752 58.518753 
141057751087269 -113.006256 46.425003 57.581253 
141057771087269 -114.300003 43.593750 56.306252 
141057791087269 -115.762505 40.950001 55.125004 
141057811087269 -116.906258 38.550003 53.868752 
141057831087269 -117.993752 36.168751 52.687504 
141057851087269 -119.231255 34.631252 50.868752 
141057871087269 -120.206253 33.450001 49.406254 
141057891087269 -121.350006 32.456253 47.887501 
141057911087269 -122.418755 31.350000 46.368752 
141057931087269 -123.150002 30.393751 44.643753 
141057951087269 -123.600006 29.287500 42.712502 
141057971087269 -123.900002 28.350000 41.250000 
141057991087269 -123.993752 27.337502 39.600002 
141058011087269 -124.087502 26.100000 38.362503 
141058031087269 -124.143753 24.918751 36.675003 
141058051087269 -124.200005 23.850000 34.762501 
141058071087269 -124.031258 22.593750 32.512501 
141058091087269 -124.031258 21.375000 30.693750 
141058111087269 -123.956253 20.531250 28.706251 
141058131087269 -123.881256 19.481251 26.212502 
141058151087269 -123.993752 18.806252 23.362501 
141058171087269 -123.787506 18.375000 19.481251 
141058191087269 -123.112503 18.112501 15.018750 
141058211087269 -121.725006 18.112501 9.975000 
141058231087269 -119.606255 18.487501 4.762500 
141058251087269 -116.850006 18.693750 -1.106250 
141058271087269 -113.306252 18.693750 -6.937500 
141058291087269 -108.993752 19.050001 -12.731251 
141058311087269 -103.931252 19.237501 -18.112501 
141058331087269 -98.156258 19.462502 -22.856251 
141058351087269 -92.662506 19.631250 -26.681252 
141058371087269 -86.925003 20.043751 -29.381250 
141058391087269 -81.281250 20.137501 -31.293751 
141058411087269 -75.825005 20.531250 -32.437500 
141058431087269 -70.650002 21.056252 -33.037502 
141058451087269 -65.793755 21.487501 -33.093750 
141058471087269 -60.768753 21.712502 -32.550003 
141058491087269 -56.306252 21.731251 -31.256250 
141058511087269 -51.487503 21.600000 -29.512501 
141058531087269 -47.175003 21.112501 -27.431252 
141058551087269 -43.425003 20.606251 -25.162500 
141058571087269 -39.787502 20.062500 -22.725000 
141058591087269 -36.693752 19.293751 -19.893751 
141058611087269 -33.956253 18.468750 -17.081251 
141058631087269 -31.781252 17.812500 -14.681251 
141058651087269 -29.906252 17.493752 -12.356251 
141058671087269 -28.500002 17.400002 -10.181251 
141058691087269 -27.225000 17.418751 -8.175000 
141058711087269 -26.006250 17.512501 -6.187500 
141058731087269 -24.975000 17.681252 -4.312500 
141058751087269 -23.868752 18.075001 -2.718750 
141058771087269 -22.931252 18.562500 -1.256250 
141058791087269 -22.068750 19.218750 0.318750 
141058811087269 -21.318750 19.743752 1.725000 
141058831087269 -20.718750 20.118752 2.943750 
141058851087269 -20.325001 20.475000 4.275000 
141058871087269 -19.837502 20.812500 5.362500 
141058891087269 -19.312500 21.168751 6.525000 
141058911087269 -18.900002 21.562500 7.481250 
141058931087269 -18.525002 21.862501 8.343750 
141058951087269 -18.356251 22.275002 9.018750 
141058971087269 -18.037500 22.706251 9.131250 
141058991087269 -17.681252 23.156250 9.468750 
141059011087269 -17.343750 23.756250 9.525001 
141059031087269 -17.212502 24.543751 9.206250 
141059051087269 -17.137501 25.443750 8.662500 
141059071087269 -16.912500 26.493752 7.800000 
141059091087269 -16.837502 27.206251 7.087500 
141059111087269 -16.743752 28.068750 6.187500 
141059131087269 -16.875000 28.800001 5.681250 
141059151087269 -17.081251 29.643751 4.837500 
141059171087269 -17.268751 30.600000 3.731250 
141059191087269 -17.550001 31.481251 2.887500 
141059211087269 -17.775002 32.193752 1.875000 
141059231087269 -18.337502 33.018753 1.106250 
141059251087269 -18.581251 33.993752 0.168750 
141059271087269 -18.937500 34.893753 -0.431250 
141059291087269 -19.031250 35.981251 -1.143750 
141059311087269 -19.200001 37.068752 -1.987500 
141059331087269 -19.518751 38.175003 -2.493750 
141059351087269 -19.687500 39.337502 -3.112500 
141059371087269 -20.043751 40.387501 -3.581250 
141059391087269 -20.081251 41.156250 -3.787500 
141059411087269 -20.193750 42.018753 -4.237500 
141059431087269 -20.475000 42.806252 -4.650000 
141059451087269 -20.850000 43.387501 -4.950000 
141059471087269 -21.112501 44.137501 -5.175000 
141059491087269 -21.375000 44.568752 -5.700000 
141059511087269 -21.731251 45.206253 -6.056250 
141059531087269 -22.050001 45.975002 -6.487500 
141059551087269 -22.950001 47.212502 -7.087500 
141059571087269 -23.756250 48.637501 -7.500000 
141059591087269 -24.731251 50.381252 -8.118751 
141059611087269 -25.837502 52.312504 -8.850000 
141059631087269 -27.187502 54.506252 -9.262501 
141059651087269 -28.518751 57.000004 -9.393750 
141059671087269 -29.962502 59.418751 -9.543751 
141059691087269 -31.593752 61.931252 -9.618751 
141059711087269 -32.906250 64.087502 -9.918751 
141059731087269 -34.425003 66.000000 -10.143750 
141059751087269 -35.568752 67.687500 -10.293751 
141059771087269 -36.506252 69.056252 -10.350000 
141059791087269 -37.500000 70.106255 -10.537500 
141059811087269 -38.100002 70.481255 -10.931251 
141059831087269 -38.193752 70.518753 -11.118751 
141059851087269 -38.175003 70.312500 -11.212501 
141059871087269 -37.968750 70.068756 -11.100000 
141059891087269 -37.725002 69.806252 -10.968750 
141059911087269 -37.743752 69.318756 -10.856251 
141059931087269 -37.425003 69.168755 -10.912500 
141059951087269 -36.693752 68.475006 -10.837501 
141059971087269 -36.356251 68.456253 -10.650001 
141059991087269 -36.468750 68.362503 -10.706250 
141060011087269 -36.337502 68.362503 -10.818750 
141060031087269 -36.262501 68.343750 -10.987500 
141060051087269 -36.112503 68.381256 -11.175000 
141060071087269 -35.962502 68.550003 -11.418751 
141060091087269 -36.056252 68.456253 -11.475000 
141060111087269 -36.318752 68.737503 -11.625000 
141060131087269 -36.450001 68.793755 -11.737500 
141060151087269 -36.225002 68.868752 -11.775001 
141060171087269 -36.487503 68.756256 -11.775001 
141060191087269 -36.581253 68.756256 -11.775001 
141060211087269 -36.825001 68.568756 -11.756250 
141060231087269 -36.581253 68.306252 -11.718750 
141060251087269 -36.637501 68.118752 -11.906250 
141060271087269 -36.581253 67.912506 -11.981251 
141060291087269 -36.487503 67.556252 -12.131250 
141060311087269 -36.712502 67.631256 -12.225000 
141060331087269 -36.656250 67.575005 -12.431251 
141060351087269 -36.693752 67.350006 -12.675000 
141060371087269 -36.656250 67.218750 -13.012501 
141060391087269 -36.806252 67.181252 -13.200001 
141060411087269 -36.937500 67.218750 -13.106251 
141060431087269 -37.143753 67.181252 -13.218751 
141060451087269 -37.293751 67.106255 -13.162500 
141060471087269 -37.125000 67.031250 -13.312501 
141060491087269 -36.806252 66.993752 -13.068750 
141060511087269 -36.825001 66.937500 -12.881250 
141060531087269 -36.600002 66.956253 -12.712501 
141060551087269 -36.431252 66.918755 -12.468751 
141060571087269 -36.225002 66.731255 -12.393750 
141060591087269 -35.812500 66.637505 -12.150001 
141060611087269 -35.606251 66.562500 -12.018750 
141060631087269 -35.493752 66.018753 -11.737500 
141060651087269 -35.493752 65.737503 -11.793751 
141060671087269 -35.231251 65.381256 -11.812500 
141060691087269 -34.875000 64.781250 -11.812500 
141060711087269 -34.518753 64.162506 -12.000000 
141060731087269 -33.862503 63.656254 -12.037500 
141060751087269 -33.768753 63.112503 -12.075001 
141060771087269 -33.056252 62.643753 -12.243751 
141060791087269 -32.868752 62.400002 -12.506250 
141060811087269 -32.681252 61.987503 -12.787500 
141060831087269 -32.587502 61.818752 -12.956250 
141060851087269 -32.793751 61.912502 -12.956250 
141060871087269 -32.943752 62.025002 -12.956250 
141060891087269 -33.393753 62.250004 -13.125001 
141060911087269 -33.562500 62.531254 -13.256250 
141060931087269 -34.162502 62.812504 -13.500001 
141060951087269 -34.443752 63.037502 -13.518750 
141060971087269 -34.556252 63.375004 -13.425000 
141060991087269 -34.518753 63.712502 -13.312501 
141061011087269 -34.631252 63.712502 -13.462501 
141061031087269 -34.912502 64.031250 -13.556251 
141061051087269 -34.987503 64.200005 -13.668751 
141061071087269 -35.081253 64.556252 -13.687501 
141061091087269 -35.025002 64.762505 -13.425000 
141061111087269 -34.406250 64.950005 -12.956250 
141061131087269 -34.218750 65.137505 -12.712501 
141061151087269 -33.975002 65.306252 -12.243751 
141061171087269 -33.618752 65.568756 -11.587501 
141061191087269 -33.093750 65.662506 -10.818750 
141061211087269 -32.400002 65.831253 -10.087501 
141061231087269 -31.875002 65.681252 -9.262501 
141061251087269 -31.350000 65.700005 -8.606251 
141061271087269 -31.143751 65.606255 -8.175000 
141061291087269 -30.806252 65.587502 -7.575000 
141061311087269 -30.637501 65.531250 -6.900000 
141061331087269 -30.187502 65.700005 -6.243750 
141061351087269 -29.625002 65.737503 -5.906250 
141061371087269 -29.418751 65.587502 -5.250000 
141061391087269 -29.100000 65.775002 -4.687500 
141061411087269 -28.781252 65.718750 -4.218750 
141061431087269 -28.631250 65.887505 -3.675000 
141061451087269 -28.556252 66.150002 -3.018750 
141061471087269 -28.125002 66.243752 -2.531250 
141061491087269 -28.068750 66.300003 -2.100000 
141061511087269 -27.918751 66.300003 -1.237500 
141061531087269 -28.012501 66.562500 -0.581250 
141061551087269 -27.768751 66.618752 -0.206250 
141061571087269 -27.656252 66.862503 0.600000 
141061591087269 -27.581251 67.125000 1.293750 
141061611087269 -27.300001 67.162506 1.987500 
141061631087269 -27.412500 67.256256 2.550000 
141061651087269 -27.075001 67.350006 3.393750 
141061671087269 -26.925001 67.537506 3.862500 
141061691087269 -26.456251 67.612503 4.425000 
141061711087269 -26.325001 67.612503 5.231250 
141061731087269 -26.062502 67.612503 6.037500 
141061751087269 -25.575001 67.500000 6.712500 
141061771087269 -25.087502 67.331253 7.200000 
141061791087269 -24.731251 67.237503 7.687500 
141061811087269 -24.712502 66.825005 7.631250 
141061831087269 -24.468752 66.562500 7.687500 
141061851087269 -24.337502 66.093750 7.387500 
141061871087269 -24.168751 65.643753 7.050000 
141061891087269 -24.168751 65.381256 6.487500 
141061911087269 -24.262501 65.212502 6.093750 
141061931087269 -24.581251 65.381256 5.812500 
141061951087269 -24.581251 65.456253 5.456250 
141061971087269 -24.731251 66.056252 5.250000 
141061991087269 -25.331251 66.356255 4.725000 
141062011087269 -26.025002 66.825005 4.500000 
141062031087269 -26.681252 67.387505 3.956250 
141062051087269 -27.375002 67.837502 3.187500 
141062071087269 -28.125002 68.400002 2.175000 
141062091087269 -28.931252 68.568756 0.975000 
141062111087269 -29.700001 68.625000 -0.300000 
141062131087269 -30.225000 68.493752 -1.087500 
141062151087269 -30.450001 68.568756 -1.537500 
141062171087269 -30.525002 68.418755 -1.987500 
141062191087269 -30.468752 68.306252 -2.268750 
141062211087269 -30.618752 68.325005 -2.568750 
141062231087269 -30.656252 68.156250 -2.550000 
141062251087269 -30.618752 68.175003 -2.775000 
141062271087269 -30.581251 68.231255 -2.493750 
141062291087269 -30.618752 68.475006 -2.606250 
141062311087269 -30.693750 68.381256 -2.737500 
141062331087269 -30.881250 68.587502 -3.056250 
141062351087269 -31.050001 68.718750 -3.075000 
141062371087269 -31.012501 68.812500 -2.906250 
141062391087269 -31.031252 68.962502 -3.131250 
141062411087269 -31.031252 69.112503 -2.925000 
141062431087269 -31.312502 69.300003 -3.056250 
141062451087269 -31.537500 69.225006 -3.075000 
141062471087269 -31.593752 69.412506 -3.168750 
141062491087269 -31.650002 69.412506 -3.112500 
141062511087269 -31.800001 69.487503 -3.131250 
141062531087269 -31.706251 69.318756 -3.168750 
141062551087269 -31.631250 68.906250 -3.018750 
141062571087269 -31.331251 68.643753 -2.812500 
141062591087269 -30.975000 68.456253 -2.512500 
141062611087269 -30.675001 68.362503 -2.493750 
141062631087269 -30.393751 68.212502 -2.156250 
141062651087269 -30.075001 68.231255 -2.118750 
141062671087269 -30.168751 68.231255 -2.268750 
141062691087269 -30.262501 68.287506 -2.587500 
141062711087269 -30.393751 68.625000 -2.643750 
141062731087350 -30.637501 68.812500 -2.887500 
141062751087350 -30.900002 68.925003 -3.393750 
141062771087350 -31.125002 68.962502 -3.562500 
141062791087350 -31.425001 69.056252 -3.975000 
141062811087350 -31.856251 69.150002 -4.162500 
141062831087350 -31.762501 69.037506 -4.368750 
141062851087350 -32.006252 68.962502 -4.425000 
141062871087350 -32.118752 68.756256 -4.556250 
141062891087350 -32.193752 68.587502 -4.575000 
141062911087350 -32.081253 68.568756 -4.293750 
141062931087350 -32.006252 68.437500 -4.481250 
141062951087350 -31.968752 68.643753 -4.743750 
141062971087350 -32.193752 68.625000 -5.118750 
141062991087350 -32.531250 68.887505 -5.343750 
141063011087350 -32.737503 69.262505 -5.475000 
141063031087350 -33.056252 69.787506 -5.662500 
141063051087350 -33.412502 70.256256 -5.718750 
141063071087350 -34.143753 70.762505 -6.131250 
141063091087350 -35.006252 71.512505 -6.487500 
141063111087350 -36.168751 71.718750 -6.581250 
141063131087350 -36.787502 72.262505 -6.581250 
141063151087350 -37.481251 72.862503 -6.675000 
141063171087350 -38.250000 73.200005 -6.993750 
141063191087350 -38.943752 73.425003 -7.143750 
141063211087350 -39.393753 73.818756 -7.575000 
141063231087350 -39.618752 74.118752 -7.575000 
141063251087350 -40.031250 74.156250 -7.387500 
141063271087350 -40.050003 74.568756 -7.237500 
141063291087350 -39.956253 74.850006 -7.087500 
141063311087350 -39.900002 74.962502 -6.806250 
141063331087350 -39.768753 75.337502 -6.337500 
141063351087350 -39.581253 75.431252 -6.112500 
141063371087350 -39.543751 75.375000 -5.531250 
141063391087350 -39.468750 75.487503 -5.400000 
141063411087350 -39.056252 75.656250 -4.950000 
141063431087350 -38.662502 75.431252 -4.706250 
141063451087350 -38.587502 75.356255 -4.331250 
141063471087350 -38.156250 75.262505 -3.975000 
141063491087350 -37.518753 74.981255 -3.731250 
141063511087350 -36.825001 74.887505 -3.318750 
141063531087350 -36.243752 74.512505 -3.075000 
141063551087350 -35.625000 74.156250 -2.606250 
141063571087350 -34.987503 73.875000 -2.550000 
141063591087350 -34.668751 73.856255 -2.437500 
141063611087350 -34.218750 73.631256 -2.325000 
141063631087350 -34.087502 73.200005 -2.287500 
141063651087350 -34.256252 73.200005 -2.212500 
141063671087350 -34.462502 73.200005 -2.156250 
141063691087350 -34.387501 73.518753 -2.231250 
141063711087350 -34.350002 73.312500 -2.343750 
141063731087350 -34.462502 73.387505 -2.175000 
141063751087350 -34.425003 73.293755 -1.987500 
141063771087350 -34.293751 73.106255 -1.837500 
141063791087350 -34.087502 72.956253 -2.062500 
141063811087350 -33.637501 72.450005 -2.175000 
141063831087350 -33.206253 71.906250 -2.418750 
141063851087350 -32.981251 71.175003 -2.756250 
141063871087350 -32.606251 70.762505 -3.112500 
141063891087350 -32.043751 69.637505 -3.168750 
141063911087350 -31.256250 68.531250 -3.693750 
141063931087350 -30.412500 66.993752 -4.050000 
141063951087350 -29.512501 65.212502 -4.312500 
141063971087350 -28.706251 63.468754 -4.875000 
141063991087350 -27.993752 61.312504 -5.643750 
141064011087350 -27.487501 59.250004 -6.468750 
141064031087350 -26.943750 56.775002 -7.350000 
141064051087350 -26.700001 54.431252 -8.962501 
141064071087350 -26.812502 51.975002 -10.218750 
141064091087350 -27.037500 49.725002 -11.812500 
141064111087350 -27.487501 47.475002 -13.106251 
141064131087350 -28.125002 44.906250 -14.400001 
141064151087350 -28.912500 42.637501 -15.600000 
141064171087350 -29.606251 40.200001 -16.593750 
141064191087350 -30.806252 37.837502 -17.943750 
141064211087350 -31.968752 35.512501 -19.031250 
141064231087350 -32.943752 33.150002 -20.025002 
141064251087350 -34.125000 30.900002 -20.831251 
141064271087350 -35.568752 28.950001 -21.881250 
141064291087350 -36.956253 27.318750 -22.818750 
141064311087350 -38.512501 25.987501 -23.775002 
141064331087350 -40.481251 24.937502 -24.787500 
141064351087350 -42.731251 24.300001 -25.837502 
141064371087350 -44.925003 24.037500 -26.831251 
141064391087350 -47.531250 24.093752 -27.825001 
141064411087350 -49.912502 24.243752 -29.062502 
141064431087350 -52.068752 24.431252 -29.962502 
141064451087350 -53.850002 24.543751 -30.843752 
141064471087350 -55.443752 24.393751 -31.443750 
141064491087350 -56.343754 23.643751 -32.043751 
141064511087350 -56.550003 22.725000 -32.175003 
141064531087350 -56.493752 21.675001 -32.175003 
141064551087350 -56.212502 20.456251 -31.875002 
141064571087350 -55.500004 18.918751 -31.200001 
141064591087350 -54.637501 17.418751 -30.712502 
141064611087350 -53.925003 16.293751 -29.962502 
141064631087350 -53.137501 15.000001 -29.325001 
141064651087350 -52.256252 14.287500 -28.518751 
141064671087350 -51.487503 13.443750 -27.693750 
141064691087350 -50.700001 12.675000 -26.793751 
141064711087350 -49.537502 12.000000 -26.193750 
141064731087350 -48.843754 11.775001 -25.650002 
141064751087350 -48.056252 11.493751 -25.050001 
141064771087350 -47.137501 11.043751 -24.356251 
141064791087350 -46.331253 10.875000 -23.981251 
141064811087350 -45.450001 10.837501 -23.437500 
141064831087350 -44.793751 11.081250 -22.762501 
141064851087350 -43.987503 11.212501 -22.350000 
141064871087350 -43.331253 11.362500 -21.956251 
141064891087350 -42.768753 11.681251 -21.675001 
141064911087350 -42.131252 12.168751 -21.412500 
141064931087350 -41.625000 12.693750 -21.337502 
141064951087350 -40.912502 13.312501 -20.925001 
141064971087350 -40.500000 13.837501 -20.756250 
141064991087350 -39.675003 14.287500 -20.550001 
141065011087350 -39.187500 14.831250 -20.118752 
141065031087350 -38.437500 15.300000 -19.781250 
141065051087350 -37.537502 15.487500 -19.050001 
141065071087350 -37.068752 15.637501 -18.393751 
141065091087350 -36.543751 15.787500 -17.943750 
141065111087350 -36.018753 15.881250 -17.606251 
141065131087350 -35.568752 16.012501 -17.568750 
141065151087350 -35.325001 16.200001 -17.568750 
141065171087350 -35.231251 16.200001 -17.625000 
141065191087350 -35.400002 16.050001 -17.550001 
141065211087350 -35.812500 15.787500 -18.037500 
141065231087350 -36.056252 15.656251 -18.525002 
141065251087350 -36.468750 15.262501 -18.881250 
141065271087350 -37.181252 14.887501 -19.143751 
141065291087350 -37.800003 14.231251 -19.181252 
141065311087350 -38.381252 13.612500 -19.368752 
141065331087350 -38.868752 13.162500 -19.518751 
141065351087350 -39.131252 12.768750 -19.631250 
141065371087350 -39.225002 12.487500 -19.443750 
141065391087350 -39.262501 12.262501 -19.256250 
141065411087350 -39.168751 12.000000 -18.900002 
141065431087350 -38.962502 11.662500 -18.581251 
141065451087350 -38.681252 11.568750 -18.150002 
141065471087350 -38.325001 11.287500 -17.531250 
141065491087350 -37.950001 10.987500 -17.231251 
141065511087350 -37.762501 10.837501 -16.912500 
141065531087350 -37.668751 10.650001 -16.743752 
141065551087350 -37.631252 10.406250 -16.556252 
141065571087350 -37.500000 10.237500 -16.425001 
141065591087350 -37.462502 10.012501 -16.106251 
141065611087350 -37.387501 9.675000 -16.031250 
141065631087350 -37.368752 9.468750 -15.918751 
141065651087350 -37.387501 9.318750 -15.637501 
141065671087350 -37.743752 8.981251 -15.375001 
141065691087350 -37.800003 8.737500 -15.000001 
141065711087350 -37.668751 8.343750 -14.568750 
