t_Android;t_unix;x;y;z;a
123177343667626;1764841121335;0.060348034;0.046502948;0.08967972;3
123177348623615;1764841121335;0.060348034;0.046502948;0.08967972;3
123177353593928;1764841121335;0.060348034;0.046502948;0.08967972;3
123177358576740;1764841121335;0.060348034;0.046502948;0.08967972;3
123177363574344;1764841121335;0.060348034;0.046502948;0.08967972;3
123177368585074;1764841121335;0.060348034;0.046502948;0.08967972;3
123177373606688;1764841121335;0.060348034;0.046502948;0.08967972;3
123177378636636;1764841121335;0.060348034;0.046502948;0.08967972;3
123177383668563;1764841121335;0.060348034;0.046502948;0.08967972;3
123177388703719;1764841121335;0.060348034;0.046502948;0.08967972;3
123177393739396;1764841121349;0.060348034;0.046502948;0.08967972;3
123177398723251;1764841121349;0.060348034;0.046502948;0.08967972;3
123177403693563;1764841121349;0.060348034;0.046502948;0.08967972;3
123177408663876;1764841121354;0.060348034;0.046502948;0.08967972;3
123177413634188;1764841121358;0.060348034;0.046502948;0.08967972;3
123177418604501;1764841121364;0.060348034;0.046502948;0.08967972;3
123177423574813;1764841121368;0.060348034;0.046502948;0.08967972;3
123177428545126;1764841121373;0.060348034;0.046502948;0.08967972;3
123177433515438;1764841121378;0.060348034;0.046502948;0.08967972;3
123177438485751;1764841121383;0.060348034;0.046502948;0.08967972;3
123177443456063;1764841121389;0.060348034;0.046502948;0.08967972;3
123177448426376;1764841121393;0.060348034;0.046502948;0.08967972;3
123177453396688;1764841121398;0.060348034;0.046502948;0.08967972;3
123177458367001;1764841121403;0.060348034;0.046502948;0.08967972;3
123177463337313;1764841121409;0.060348034;0.046502948;0.08967972;3
123177468307626;1764841121413;0.060348034;0.046502948;0.08967972;3
123177473277938;1764841121418;0.060348034;0.046502948;0.08967972;3
123177478248251;1764841121423;0.060348034;0.046502948;0.08967972;3
123177483218563;1764841121428;0.060348034;0.046502948;0.08967972;3
123177488188876;1764841121433;0.060348034;0.046502948;0.08967972;3
123177493159188;1764841121438;0.060348034;0.046502948;0.08967972;3
123177498129501;1764841121443;0.060348034;0.046502948;0.08967972;3
123177503099813;1764841121448;0.060348034;0.046502948;0.08967972;3
123177508070126;1764841121453;0.060348034;0.046502948;0.08967972;3
123177513040438;1764841121458;0.060348034;0.046502948;0.08967972;3
123177518010751;1764841121463;0.060348034;0.046502948;0.08967972;3
123177522981063;1764841121468;0.060348034;0.046502948;0.08967972;3
123177527951376;1764841121473;0.060348034;0.046502948;0.08967972;3
123177532921688;1764841121478;0.060348034;0.046502948;0.08967972;3
123177537892001;1764841121483;0.060348034;0.046502948;0.08967972;3
123177542862313;1764841121489;0.060348034;0.046502948;0.08967972;3
123177547834813;1764841121496;0.060348034;0.046502948;0.08967972;3
123177552805594;1764841121501;0.060348034;0.046502948;0.08967972;3
123177557775907;1764841121505;0.060348034;0.046502948;0.08967972;3
123177562747678;1764841121509;0.060348034;0.046502948;0.08967972;3
123177567717053;1764841121514;0.060348034;0.046502948;0.08967972;3
123177572685282;1764841121519;0.060348034;0.046502948;0.08967972;3
123177577653511;1764841121524;0.060348034;0.046502948;0.08967972;3
123177582621949;1764841121531;0.060348034;0.046502948;0.08967972;3
123177587590646;1764841121533;0.060348034;0.046502948;0.08967972;3
123177592559605;1764841121539;0.060348034;0.046502948;0.08967972;3
123177597528824;1764841121543;0.060348034;0.046502948;0.08967972;3
123177602498303;1764841121548;0.060348034;0.046502948;0.08967972;3
123177607468042;1764841121556;0.060348034;0.046502948;0.08967972;3
123177612438042;1764841121558;0.060348034;0.046502948;0.08967972;3
123177617408303;1764841121564;0.060348034;0.046502948;0.08967972;3
123177622378824;1764841121568;0.060348034;0.046502948;0.08967972;3
123177627349605;1764841121573;0.060348034;0.046502948;0.08967972;3
123177632320646;1764841121581;0.060348034;0.046502948;0.08967972;3
123177637291949;1764841121583;0.060348034;0.046502948;0.08967972;3
123177642263511;1764841121589;0.060348034;0.046502948;0.08967972;3
123177647235334;1764841121593;0.060348034;0.046502948;0.08967972;3
123177652207209;1764841121598;0.060348034;0.046502948;0.08967972;3
123177657179084;1764841121603;0.060348034;0.046502948;0.08967972;3
123177662150959;1764841121608;0.060348034;0.046502948;0.08967972;3
123177667122834;1764841121613;0.060348034;0.046502948;0.08967972;3
123177672094709;1764841121618;0.060348034;0.046502948;0.08967972;3
123177677065542;1764841121624;0.060348034;0.046502948;0.08967972;3
123177682035907;1764841121628;0.060348034;0.046502948;0.08967972;3
123177687006219;1764841121633;0.060348034;0.046502948;0.08967972;3
123177691976532;1764841121638;0.060348034;0.046502948;0.08967972;3
123177696946844;1764841121643;0.060348034;0.046502948;0.08967972;3
123177701917157;1764841121648;0.060348034;0.046502948;0.08967972;3
123177706887469;1764841121653;0.060348034;0.046502948;0.08967972;3
123177711857782;1764841121658;0.060348034;0.046502948;0.08967972;3
123177716828094;1764841121663;0.060348034;0.046502948;0.08967972;3
123177721798407;1764841121668;0.060348034;0.046502948;0.08967972;3
123177726768719;1764841121673;0.060348034;0.046502948;0.08967972;3
123177731739032;1764841121678;0.060348034;0.046502948;0.08967972;3
123177736709344;1764841121683;0.060348034;0.046502948;0.08967972;3
123177741679657;1764841121687;0.060348034;0.046502948;0.08967972;3
123177746649969;1764841121692;0.060348034;0.046502948;0.08967972;3
123177751620282;1764841121697;0.060348034;0.046502948;0.08967972;3
123177756590594;1764841121701;0.060348034;0.046502948;0.08967972;3
123177761560907;1764841121706;0.060348034;0.046502948;0.08967972;3
123177766531219;1764841121712;0.060348034;0.046502948;0.08967972;3
123177771501532;1764841121716;0.060348034;0.046502948;0.08967972;3
123177776471844;1764841121721;0.060348034;0.046502948;0.08967972;3
123177781442157;1764841121726;0.060348034;0.046502948;0.08967972;3
123177786412469;1764841121732;0.060348034;0.046502948;0.08967972;3
123177791382782;1764841121737;0.060348034;0.046502948;0.08967972;3
123177796353094;1764841121742;0.060348034;0.046502948;0.08967972;3
123177801323407;1764841121759;0.060348034;0.046502948;0.08967972;3
123177806293719;1764841121759;0.060348034;0.046502948;0.08967972;3
123177811264032;1764841121759;0.060348034;0.046502948;0.08967972;3
123177816234344;1764841121761;0.060348034;0.046502948;0.08967972;3
123177821204657;1764841121766;0.060348034;0.046502948;0.08967972;3
123177826174969;1764841121771;0.060348034;0.046502948;0.08967972;3
123177831145282;1764841121776;0.060348034;0.046502948;0.08967972;3
123177836115594;1764841121781;0.060348034;0.046502948;0.08967972;3
123177841085907;1764841121787;0.060348034;0.046502948;0.08967972;3
123177846056219;1764841121791;0.060348034;0.046502948;0.08967972;3
123177851026532;1764841121796;0.060348034;0.046502948;0.08967972;3
123177855996844;1764841121801;0.060348034;0.046502948;0.08967972;3
123177860967157;1764841121806;0.060348034;0.046502948;0.08967972;3
123177865937469;1764841121812;0.060348034;0.046502948;0.08967972;3
123177870907782;1764841121816;0.060348034;0.046502948;0.08967972;3
123177875878094;1764841121821;0.060348034;0.046502948;0.08967972;3
123177880848407;1764841121826;0.060348034;0.046502948;0.08967972;3
123177885818719;1764841121831;0.060348034;0.046502948;0.08967972;3
123177890789032;1764841121837;0.060348034;0.046502948;0.08967972;3
123177895759344;1764841121841;0.060348034;0.046502948;0.08967972;3
123177900729657;1764841121846;0.060348034;0.046502948;0.08967972;3
123177905699969;1764841121851;0.060348034;0.046502948;0.08967972;3
123177910670282;1764841121858;0.060348034;0.046502948;0.08967972;3
123177915643251;1764841121865;0.060348034;0.046502948;0.08967972;3
123177920615074;1764841121870;0.060348034;0.046502948;0.08967972;3
123177925585594;1764841121875;0.060348034;0.046502948;0.08967972;3
123177930555907;1764841121879;0.060348034;0.046502948;0.08967972;3
123177935526219;1764841121884;0.060348034;0.046502948;0.08967972;3
123177940496532;1764841121888;0.060348034;0.046502948;0.08967972;3
123177945467678;1764841121891;0.060348034;0.046502948;0.08967972;3
123177950437782;1764841121896;0.060348034;0.046502948;0.08967972;3
123177955406792;1764841121901;0.060348034;0.046502948;0.08967972;3
123177960375803;1764841121906;0.060348034;0.046502948;0.08967972;3
123177965344813;1764841121912;0.060348034;0.046502948;0.08967972;3
123177970313824;1764841121916;0.060348034;0.046502948;0.08967972;3
123177975283042;1764841121921;0.060348034;0.046502948;0.08967972;3
123177980252521;1764841121926;0.060348034;0.046502948;0.08967972;3
123177985222261;1764841121931;0.060348034;0.046502948;0.08967972;3
123177990192261;1764841121936;0.060348034;0.046502948;0.08967972;3
123177995162521;1764841121941;0.060348034;0.046502948;0.08967972;3
123178000133042;1764841121946;0.060348034;0.046502948;0.08967972;3
123178005103824;1764841121951;0.060348034;0.046502948;0.08967972;3
123178010074865;1764841121956;0.060348034;0.046502948;0.08967972;3
123178015046167;1764841121963;0.060348034;0.046502948;0.08967972;3
123178020017521;1764841121966;0.060348034;0.046502948;0.08967972;3
123178024988876;1764841121971;0.060348034;0.046502948;0.08967972;3
123178029960230;1764841121976;0.060348034;0.046502948;0.08967972;3
123178034931584;1764841121981;0.060348034;0.046502948;0.08967972;3
123178039902938;1764841121986;0.060348034;0.046502948;0.08967972;3
123178044874292;1764841121991;0.060348034;0.046502948;0.08967972;3
123178049845438;1764841121997;0.060348034;0.046502948;0.08967972;3
123178054815907;1764841122001;0.060348034;0.046502948;0.08967972;3
123178059786219;1764841122006;0.060348034;0.046502948;0.08967972;3
123178064756532;1764841122018;0.060348034;0.046502948;0.08967972;3
123178069726844;1764841122018;0.060348034;0.046502948;0.08967972;3
123178074697157;1764841122021;0.060348034;0.046502948;0.08967972;3
123178079667469;1764841122026;0.060348034;0.046502948;0.08967972;3
123178084637782;1764841122032;0.060348034;0.046502948;0.08967972;3
123178089608094;1764841122036;0.060348034;0.046502948;0.08967972;3
123178094578407;1764841122040;0.060348034;0.046502948;0.08967972;3
123178099548719;1764841122045;0.060348034;0.046502948;0.08967972;3
123178104519032;1764841122050;0.060348034;0.046502948;0.08967972;3
123178109489344;1764841122055;0.060348034;0.046502948;0.08967972;3
123178114459657;1764841122066;0.060348034;0.046502948;0.08967972;3
123178119429969;1764841122066;0.060348034;0.046502948;0.08967972;3
123178124400282;1764841122070;0.060348034;0.046502948;0.08967972;3
123178129370594;1764841122076;0.060348034;0.046502948;0.08967972;3
123178134340907;1764841122080;0.060348034;0.046502948;0.08967972;3
123178139311219;1764841122085;0.060348034;0.046502948;0.08967972;3
123178144281532;1764841122090;0.060348034;0.046502948;0.08967972;3
123178149251844;1764841122095;0.060348034;0.046502948;0.08967972;3
123178154222157;1764841122100;0.060348034;0.046502948;0.08967972;3
123178159192469;1764841122105;0.060348034;0.046502948;0.08967972;3
123178164162782;1764841122112;0.060348034;0.046502948;0.08967972;3
123178169133094;1764841122116;0.060348034;0.046502948;0.08967972;3
123178174103407;1764841122120;0.060348034;0.046502948;0.08967972;3
123178179073719;1764841122125;0.060348034;0.046502948;0.08967972;3
123178184044032;1764841122130;0.060348034;0.046502948;0.08967972;3
123178189014344;1764841122134;0.060348034;0.046502948;0.08967972;3
123178193984657;1764841122140;0.060348034;0.046502948;0.08967972;3
123178198954969;1764841122147;0.060348034;0.046502948;0.08967972;3
123178203925282;1764841122150;0.060348034;0.046502948;0.08967972;3
123178208895594;1764841122155;0.060348034;0.046502948;0.08967972;3
123178213865907;1764841122169;0.060348034;0.046502948;0.08967972;3
123178218836219;1764841122169;0.060348034;0.046502948;0.08967972;3
123178223806532;1764841122170;0.060348034;0.046502948;0.08967972;3
123178228776844;1764841122175;0.060348034;0.046502948;0.08967972;3
123178233747157;1764841122183;0.060348034;0.046502948;0.08967972;3
123178238717469;1764841122185;0.060348034;0.046502948;0.08967972;3
123178243687782;1764841122190;0.060348034;0.046502948;0.08967972;3
123178248658094;1764841122208;0.060348034;0.046502948;0.08967972;3
123178253628407;1764841122208;0.060348034;0.046502948;0.08967972;3
123178258598719;1764841122208;0.060348034;0.046502948;0.08967972;3
123178263569032;1764841122210;0.060348034;0.046502948;0.08967972;3
123178268541428;1764841122214;0.060348034;0.046502948;0.08967972;3
123178273513824;1764841122218;0.060348034;0.046502948;0.08967972;3
123178278484136;1764841122224;0.060348034;0.046502948;0.08967972;3
123178283454449;1764841122229;0.060348034;0.046502948;0.08967972;3
123178288424761;1764841122233;0.060348034;0.046502948;0.08967972;3
123178293395074;1764841122238;0.060348034;0.046502948;0.08967972;3
123178298365386;1764841122244;0.060348034;0.046502948;0.08967972;3
123178303335699;1764841122248;0.060348034;0.046502948;0.08967972;3
123178308306011;1764841122253;0.060348034;0.046502948;0.08967972;3
123178313276324;1764841122258;0.060348034;0.046502948;0.08967972;3
123178318246636;1764841122263;0.060348034;0.046502948;0.08967972;3
123178323216949;1764841122268;0.060348034;0.046502948;0.08967972;3
123178328187261;1764841122273;0.060348034;0.046502948;0.08967972;3
123178333157574;1764841122278;0.060348034;0.046502948;0.08967972;3
123178338127886;1764841122283;0.060348034;0.046502948;0.08967972;3
123178343098199;1764841122287;0.060348034;0.046502948;0.08967972;3
123178348069292;1764841122297;0.060348034;0.046502948;0.08967972;3
123178353040230;1764841122302;0.060348034;0.046502948;0.08967972;3
123178358010542;1764841122307;0.060348034;0.046502948;0.08967972;3
123178362980855;1764841122312;0.060348034;0.046502948;0.08967972;3
123178367951167;1764841122317;0.060348034;0.046502948;0.08967972;3
123178372921480;1764841122322;0.060348034;0.046502948;0.08967972;3
123178377891792;1764841122328;0.060348034;0.046502948;0.08967972;3
123178382862105;1764841122332;0.060348034;0.046502948;0.08967972;3
123178387832417;1764841122337;0.060348034;0.046502948;0.08967972;3
123178392802730;1764841122342;0.060348034;0.046502948;0.08967972;3
123178397773042;1764841122347;0.060348034;0.046502948;0.08967972;3
123178402743355;1764841122352;0.060348034;0.046502948;0.08967972;3
123178407713667;1764841122357;0.060348034;0.046502948;0.08967972;3
123178412683980;1764841122362;0.060348034;0.046502948;0.08967972;3
123178417654292;1764841122367;0.060348034;0.046502948;0.08967972;3
123178422624605;1764841122372;0.060348034;0.046502948;0.08967972;3
123178427594917;1764841122377;0.060348034;0.046502948;0.08967972;3
123178432565230;1764841122382;0.060348034;0.046502948;0.08967972;3
123178437535542;1764841122386;0.060348034;0.046502948;0.08967972;3
123178442505855;1764841122392;0.060348034;0.046502948;0.08967972;3
123178447476167;1764841122397;0.060348034;0.046502948;0.08967972;3
123178452446480;1764841122401;0.060348034;0.046502948;0.08967972;3
123178457416792;1764841122406;0.060348034;0.046502948;0.08967972;3
123178462387105;1764841122412;0.060348034;0.046502948;0.08967972;3
123178467357417;1764841122416;0.060348034;0.046502948;0.08967972;3
123178472327730;1764841122421;0.060348034;0.046502948;0.08967972;3
123178477298042;1764841122431;0.060348034;0.046502948;0.08967972;3
123178482268355;1764841122431;0.060348034;0.046502948;0.08967972;3
123178487238667;1764841122436;0.060348034;0.046502948;0.08967972;3
123178492208980;1764841122441;0.060348034;0.046502948;0.08967972;3
123178497179292;1764841122446;0.060348034;0.046502948;0.08967972;3
123178502149605;1764841122451;0.060348034;0.046502948;0.08967972;3
123178507119917;1764841122456;0.060348034;0.046502948;0.08967972;3
123178512090230;1764841122462;0.060348034;0.046502948;0.08967972;3
123178517060542;1764841122466;0.060348034;0.046502948;0.08967972;3
123178522030855;1764841122471;0.060348034;0.046502948;0.08967972;3
123178527001167;1764841122477;0.060348034;0.046502948;0.08967972;3
123178531971480;1764841122481;0.060348034;0.046502948;0.08967972;3
123178536941792;1764841122485;0.060348034;0.046502948;0.08967972;3
123178541912105;1764841122490;0.060348034;0.046502948;0.08967972;3
123178546882417;1764841122503;0.060348034;0.046502948;0.08967972;3
123178551852730;1764841122503;0.060348034;0.046502948;0.08967972;3
123178556823042;1764841122506;0.060348034;0.046502948;0.08967972;3
123178561793355;1764841122513;0.060348034;0.046502948;0.08967972;3
123178566763667;1764841122516;0.060348034;0.046502948;0.08967972;3
123178571733980;1764841122521;0.060348034;0.046502948;0.08967972;3
123178576704292;1764841122527;0.060348034;0.046502948;0.08967972;3
123178581674605;1764841122531;0.060348034;0.046502948;0.08967972;3
123178586644917;1764841122536;0.060348034;0.046502948;0.08967972;3
123178591615230;1764841122541;0.060348034;0.046502948;0.08967972;3
123178596585542;1764841122546;0.060348034;0.046502948;0.08967972;3
123178601555855;1764841122551;0.060348034;0.046502948;0.08967972;3
123178606526167;1764841122555;0.060348034;0.046502948;0.08967972;3
123178611496480;1764841122565;0.060348034;0.046502948;0.08967972;3
123178616467261;1764841122565;0.060348034;0.046502948;0.08967972;3
123178621439917;1764841122569;0.060348034;0.046502948;0.08967972;3
123178626412157;1764841122574;0.060348034;0.046502948;0.08967972;3
123178631383251;1764841122580;0.060348034;0.046502948;0.08967972;3
123178636353563;1764841122584;0.060348034;0.046502948;0.08967972;3
123178641323876;1764841122589;0.060348034;0.046502948;0.08967972;3
123178646294188;1764841122600;0.060348034;0.046502948;0.08967972;3
123178651264501;1764841122600;0.060348034;0.046502948;0.08967972;3
123178656234813;1764841122604;0.060348034;0.046502948;0.08967972;3
123178661205126;1764841122610;0.060348034;0.046502948;0.08967972;3
123178666175438;1764841122614;0.060348034;0.046502948;0.08967972;3
123178671145751;1764841122619;0.060348034;0.046502948;0.08967972;3
123178676116063;1764841122624;0.060348034;0.046502948;0.08967972;3
123178681086376;1764841122629;0.060348034;0.046502948;0.08967972;3
123178686056688;1764841122634;0.060348034;0.046502948;0.08967972;3
123178691027001;1764841122639;0.060348034;0.046502948;0.08967972;3
123178695997313;1764841122644;0.060348034;0.046502948;0.08967972;3
123178700967626;1764841122649;0.060348034;0.046502948;0.08967972;3
123178705937938;1764841122654;0.060348034;0.046502948;0.08967972;3
123178710908251;1764841122662;0.060348034;0.046502948;0.08967972;3
123178715878563;1764841122664;0.060348034;0.046502948;0.08967972;3
123178720848876;1764841122669;0.060348034;0.046502948;0.08967972;3
123178725819188;1764841122674;0.060348034;0.046502948;0.08967972;3
123178730789501;1764841122679;0.060348034;0.046502948;0.08967972;3
123178735759813;1764841122684;0.060348034;0.046502948;0.08967972;3
123178740730126;1764841122688;0.060348034;0.046502948;0.08967972;3
123178745682730;1764841122694;0.060348034;0.046502948;0.08967972;3
123178750610646;1764841122698;0.060348034;0.046502948;0.08967972;3
123178755542626;1764841122703;0.060348034;0.046502948;0.08967972;3
123178760480074;1764841122708;0.060348034;0.046502948;0.08967972;3
123178765424136;1764841122713;0.060348034;0.046502948;0.08967972;3
123178770375542;1764841122718;0.060348034;0.046502948;0.08967972;3
123178775334813;1764841122722;0.060348034;0.046502948;0.08967972;3
123178780302001;1764841122728;0.060348034;0.046502948;0.08967972;3
123178785276844;1764841122732;0.060348034;0.046502948;0.08967972;3
123178790258928;1764841122737;0.060348034;0.046502948;0.08967972;3
123178795247574;1764841122743;0.060348034;0.046502948;0.08967972;3
123178800241844;1764841122748;0.060348034;0.046502948;0.08967972;3
123178805240542;1764841122752;0.060348034;0.046502948;0.08967972;3
123178810242365;1764841122758;0.060348034;0.046502948;0.08967972;3
123178815245855;1764841122762;0.060348034;0.046502948;0.08967972;3
123178820247261;1764841122767;0.060348034;0.046502948;0.08967972;3
123178825229501;1764841122772;0.060348034;0.046502948;0.08967972;3
123178830199917;1764841122777;0.060348034;0.046502948;0.08967972;3
123178835170230;1764841122782;0.060348034;0.046502948;0.08967972;3
123178840140542;1764841122787;0.060348034;0.046502948;0.08967972;3
123178845110855;1764841122793;0.060348034;0.046502948;0.08967972;3
123178850081167;1764841122797;0.060348034;0.046502948;0.08967972;3
123178855051480;1764841122802;0.060348034;0.046502948;0.08967972;3
123178860021792;1764841122807;0.060348034;0.046502948;0.08967972;3
123178864992105;1764841122812;0.060348034;0.046502948;0.08967972;3
123178869962417;1764841122817;0.060348034;0.046502948;0.08967972;3
123178874932730;1764841122822;0.060348034;0.046502948;0.08967972;3
123178879903042;1764841122831;0.060348034;0.046502948;0.08967972;3
123178884873355;1764841122832;0.060348034;0.046502948;0.08967972;3
123178889843667;1764841122837;0.060348034;0.046502948;0.08967972;3
123178894813980;1764841122844;0.060348034;0.046502948;0.08967972;3
123178899784292;1764841122847;0.060348034;0.046502948;0.08967972;3
123178904754605;1764841122852;0.060348034;0.046502948;0.08967972;3
123178909724917;1764841122857;0.060348034;0.046502948;0.08967972;3
123178914695230;1764841122862;0.060348034;0.046502948;0.08967972;3
123178919665542;1764841122867;0.060348034;0.046502948;0.08967972;3
123178924635855;1764841122871;0.060348034;0.046502948;0.08967972;3
123178929606167;1764841122877;0.060348034;0.046502948;0.08967972;3
123178934576480;1764841122882;0.060348034;0.046502948;0.08967972;3
123178939546792;1764841122886;0.060348034;0.046502948;0.08967972;3
123178944517105;1764841122894;0.060348034;0.046502948;0.08967972;3
123178949487417;1764841122897;0.060348034;0.046502948;0.08967972;3
123178954457730;1764841122901;0.060348034;0.046502948;0.08967972;3
123178959428042;1764841122906;0.060348034;0.046502948;0.08967972;3
123178964398355;1764841122912;0.060348034;0.046502948;0.08967972;3
123178969368667;1764841122916;0.060348034;0.046502948;0.08967972;3
123178974338980;1764841122921;0.060348034;0.046502948;0.08967972;3
123178979309292;1764841122928;0.060348034;0.046502948;0.08967972;3
123178984279605;1764841122931;0.060348034;0.046502948;0.08967972;3
123178989249917;1764841122936;0.060348034;0.046502948;0.08967972;3
123178994220230;1764841122942;0.060348034;0.046502948;0.08967972;3
123178999190542;1764841122946;0.060348034;0.046502948;0.08967972;3
123179004160855;1764841122951;0.060348034;0.046502948;0.08967972;3
123179009131167;1764841122956;0.060348034;0.046502948;0.08967972;3
123179014101480;1764841122961;0.060348034;0.046502948;0.08967972;3
123179019071792;1764841122966;0.060348034;0.046502948;0.08967972;3
123179024042105;1764841122971;0.060348034;0.046502948;0.08967972;3
123179029012417;1764841122976;0.060348034;0.046502948;0.08967972;3
123179033982730;1764841122981;0.060348034;0.046502948;0.08967972;3
123179038953042;1764841122986;0.060348034;0.046502948;0.08967972;3
123179043923355;1764841122992;0.060348034;0.046502948;0.08967972;3
123179048893667;1764841122996;0.060348034;0.046502948;0.08967972;3
123179053863980;1764841123001;0.060348034;0.046502948;0.08967972;3
123179058834292;1764841123006;0.060348034;0.046502948;0.08967972;3
123179063804605;1764841123011;0.060348034;0.046502948;0.08967972;3
123179068774917;1764841123016;0.060348034;0.046502948;0.08967972;3
123179073745230;1764841123021;0.060348034;0.046502948;0.08967972;3
123179078715542;1764841123026;0.060348034;0.046502948;0.08967972;3
123179083685855;1764841123031;0.060348034;0.046502948;0.08967972;3
123179088656167;1764841123036;0.060348034;0.046502948;0.08967972;3
123179093626480;1764841123042;0.060348034;0.046502948;0.08967972;3
123179098596792;1764841123046;0.060348034;0.046502948;0.08967972;3
123179103567105;1764841123050;0.060348034;0.046502948;0.08967972;3
123179108537417;1764841123056;0.060348034;0.046502948;0.08967972;3
123179113507886;1764841123061;0.060348034;0.046502948;0.08967972;3
123179118478459;1764841123065;0.060348034;0.046502948;0.08967972;3
123179123449032;1764841123070;0.060348034;0.046502948;0.08967972;3
123179128419605;1764841123076;0.060348034;0.046502948;0.08967972;3
123179133390178;1764841123080;0.060348034;0.046502948;0.08967972;3
123179138360751;1764841123085;0.060348034;0.046502948;0.08967972;3
123179143331324;1764841123089;0.060348034;0.046502948;0.08967972;3
123179148304188;1764841123097;0.060348034;0.046502948;0.08967972;3
123179153277626;1764841123102;0.060348034;0.046502948;0.08967972;3
123179158247938;1764841123109;0.060348034;0.046502948;0.08967972;3
123179163218251;1764841123112;0.060348034;0.046502948;0.08967972;3
123179168188563;1764841123117;0.060348034;0.046502948;0.08967972;3
123179173158876;1764841123122;0.060348034;0.046502948;0.08967972;3
123179178129188;1764841123127;0.060348034;0.046502948;0.08967972;3
123179183099501;1764841123132;0.060348034;0.046502948;0.08967972;3
123179188069813;1764841123137;0.060348034;0.046502948;0.08967972;3
123179193040126;1764841123142;0.060348034;0.046502948;0.08967972;3
123179198010438;1764841123147;0.060348034;0.046502948;0.08967972;3
123179202980751;1764841123152;0.060348034;0.046502948;0.08967972;3
123179207951063;1764841123159;0.060348034;0.046502948;0.08967972;3
123179212921376;1764841123162;0.060348034;0.046502948;0.08967972;3
123179217891688;1764841123167;0.060348034;0.046502948;0.08967972;3
123179222862001;1764841123172;0.060348034;0.046502948;0.08967972;3
123179227832313;1764841123177;0.060348034;0.046502948;0.08967972;3
123179232802626;1764841123182;0.060348034;0.046502948;0.08967972;3
123179237772938;1764841123187;0.060348034;0.046502948;0.08967972;3
123179242743251;1764841123192;0.060348034;0.046502948;0.08967972;3
123179247713563;1764841123197;0.060348034;0.046502948;0.08967972;3
123179252683876;1764841123202;0.060348034;0.046502948;0.08967972;3
123179257654188;1764841123208;0.060348034;0.046502948;0.08967972;3
123179262624501;1764841123212;0.060348034;0.046502948;0.08967972;3
123179267594813;1764841123216;0.060348034;0.046502948;0.08967972;3
123179272565126;1764841123222;0.060348034;0.046502948;0.08967972;3
123179277535438;1764841123227;0.060348034;0.046502948;0.08967972;3
123179282505751;1764841123232;0.060348034;0.046502948;0.08967972;3
123179287476063;1764841123237;0.060348034;0.046502948;0.08967972;3
123179292446376;1764841123241;0.060348034;0.046502948;0.08967972;3
123179297416688;1764841123247;0.060348034;0.046502948;0.08967972;3
123179302387001;1764841123252;0.060348034;0.046502948;0.08967972;3
123179307357313;1764841123258;0.060348034;0.046502948;0.08967972;3
123179312327626;1764841123262;0.060348034;0.046502948;0.08967972;3
123179317297938;1764841123266;0.060348034;0.046502948;0.08967972;3
123179322269084;1764841123270;0.060348034;0.046502948;0.08967972;3
123179327242001;1764841123275;0.060348034;0.046502948;0.08967972;3
123179332213094;1764841123279;0.060348034;0.046502948;0.08967972;3
123179337183511;1764841123284;0.060348034;0.046502948;0.08967972;3
123179342153824;1764841123291;0.060348034;0.046502948;0.08967972;3
123179347101324;1764841123293;0.060348034;0.046502948;0.08967972;3
123179352035699;1764841123298;0.060348034;0.046502948;0.08967972;3
123179356973719;1764841123303;0.060348034;0.046502948;0.08967972;3
123179361916480;1764841123308;0.060348034;0.046502948;0.08967972;3
123179366865021;1764841123313;0.060348034;0.046502948;0.08967972;3
123179371819969;1764841123318;0.060348034;0.046502948;0.08967972;3
123179376781636;1764841123324;0.060348034;0.046502948;0.08967972;3
123179381750074;1764841123328;0.060348034;0.046502948;0.08967972;3
123179386725074;1764841123333;0.060348034;0.046502948;0.08967972;3
123179391706167;1764841123338;0.060348034;0.046502948;0.08967972;3
123179396692834;1764841123343;0.060348034;0.046502948;0.08967972;3
123179401684136;1764841123348;0.060348034;0.046502948;0.08967972;3
123179406679032;1764841123353;0.060348034;0.046502948;0.08967972;3
123179411676480;1764841123358;0.060348034;0.046502948;0.08967972;3
123179416675230;1764841123363;0.060348034;0.046502948;0.08967972;3
123179421674188;1764841123368;0.060348034;0.046502948;0.08967972;3
123179426651063;1764841123376;0.060348034;0.046502948;0.08967972;3
123179431621792;1764841123377;0.060348034;0.046502948;0.08967972;3
123179436592157;1764841123382;0.060348034;0.046502948;0.08967972;3
123179441562469;1764841123388;0.060348034;0.046502948;0.08967972;3
123179446532782;1764841123393;0.060348034;0.046502948;0.08967972;3
123179451503094;1764841123397;0.060348034;0.046502948;0.08967972;3
123179456473407;1764841123403;0.060348034;0.046502948;0.08967972;3
123179461443719;1764841123408;0.060348034;0.046502948;0.08967972;3
123179466414032;1764841123412;0.060348034;0.046502948;0.08967972;3
123179471384344;1764841123417;0.060348034;0.046502948;0.08967972;3
123179476354657;1764841123424;0.060348034;0.046502948;0.08967972;3
123179481324969;1764841123427;0.060348034;0.046502948;0.08967972;3
123179486295282;1764841123432;0.060348034;0.046502948;0.08967972;3
123179491265594;1764841123437;0.060348034;0.046502948;0.08967972;3
123179496235907;1764841123442;0.060348034;0.046502948;0.08967972;3
123179501206219;1764841123447;0.060348034;0.046502948;0.08967972;3
123179506176532;1764841123452;0.060348034;0.046502948;0.08967972;3
123179511146844;1764841123457;0.060348034;0.046502948;0.08967972;3
123179516117157;1764841123462;0.060348034;0.046502948;0.08967972;3
123179521087469;1764841123467;0.060348034;0.046502948;0.08967972;3
123179526057782;1764841123474;0.060348034;0.046502948;0.08967972;3
123179531028094;1764841123477;0.060348034;0.046502948;0.08967972;3
123179535998407;1764841123483;0.060348034;0.046502948;0.08967972;3
123179540968719;1764841123487;0.060348034;0.046502948;0.08967972;3
123179545939032;1764841123492;0.060348034;0.046502948;0.08967972;3
123179550909344;1764841123497;0.060348034;0.046502948;0.08967972;3
123179555879657;1764841123502;0.060348034;0.046502948;0.08967972;3
123179560849969;1764841123507;0.060348034;0.046502948;0.08967972;3
123179565820282;1764841123512;0.060348034;0.046502948;0.08967972;3
123179570790594;1764841123518;0.060348034;0.046502948;0.08967972;3
123179575760907;1764841123525;0.060348034;0.046502948;0.08967972;3
123179580731219;1764841123527;0.060348034;0.046502948;0.08967972;3
123179585701532;1764841123532;0.060348034;0.046502948;0.08967972;3
123179590671844;1764841123537;0.060348034;0.046502948;0.08967972;3
123179595642157;1764841123542;0.060348034;0.046502948;0.08967972;3
123179600612469;1764841123546;0.060348034;0.046502948;0.08967972;3
123179605582782;1764841123552;0.060348034;0.046502948;0.08967972;3
123179610553094;1764841123557;0.060348034;0.046502948;0.08967972;3
123179615523407;1764841123562;0.060348034;0.046502948;0.08967972;3
123179620493719;1764841123567;0.060348034;0.046502948;0.08967972;3
123179625464032;1764841123574;0.060348034;0.046502948;0.08967972;3
123179630434344;1764841123577;0.060348034;0.046502948;0.08967972;3
123179635404657;1764841123582;0.060348034;0.046502948;0.08967972;3
123179640374969;1764841123587;0.060348034;0.046502948;0.08967972;3
123179645345282;1764841123592;0.060348034;0.046502948;0.08967972;3
123179650315594;1764841123597;0.060348034;0.046502948;0.08967972;3
123179655285907;1764841123602;0.060348034;0.046502948;0.08967972;3
123179660256219;1764841123607;0.060348034;0.046502948;0.08967972;3
123179665226532;1764841123612;0.060348034;0.046502948;0.08967972;3
123179670196844;1764841123616;0.060348034;0.046502948;0.08967972;3
123179675167157;1764841123621;0.060348034;0.046502948;0.08967972;3
123179680137469;1764841123627;0.060348034;0.046502948;0.08967972;3
123179685107990;1764841123632;0.060348034;0.046502948;0.08967972;3
123179690078563;1764841123637;0.060348034;0.046502948;0.08967972;3
123179695049136;1764841123642;0.060348034;0.046502948;0.08967972;3
123179700019709;1764841123647;0.060348034;0.046502948;0.08967972;3
123179704990282;1764841123652;0.060348034;0.046502948;0.08967972;3
123179709960855;1764841123657;0.060348034;0.046502948;0.08967972;3
123179714931428;1764841123662;0.060348034;0.046502948;0.08967972;3
123179719902001;1764841123666;0.060348034;0.046502948;0.08967972;3
123179724872574;1764841123673;0.060348034;0.046502948;0.08967972;3
123179729843146;1764841123676;0.060348034;0.046502948;0.08967972;3
123179734813719;1764841123681;0.060348034;0.046502948;0.08967972;3
123179739784292;1764841123686;0.060348034;0.046502948;0.08967972;3
123179744754865;1764841123690;0.060348034;0.046502948;0.08967972;3
123179749728667;1764841123698;0.060348034;0.046502948;0.08967972;3
123179754700490;1764841123704;0.060348034;0.046502948;0.08967972;3
123179759670959;1764841123708;0.060348034;0.046502948;0.08967972;3
123179764641271;1764841123713;0.060348034;0.046502948;0.08967972;3
123179769611584;1764841123718;0.060348034;0.046502948;0.08967972;3
123179774581896;1764841123724;0.060348034;0.046502948;0.08967972;3
123179779552209;1764841123728;0.060348034;0.046502948;0.08967972;3
123179784522521;1764841123733;0.060348034;0.046502948;0.08967972;3
123179789492834;1764841123739;0.060348034;0.046502948;0.08967972;3
123179794463146;1764841123743;0.060348034;0.046502948;0.08967972;3
123179799433459;1764841123748;0.060348034;0.046502948;0.08967972;3
123179804403771;1764841123754;0.060348034;0.046502948;0.08967972;3
123179809374084;1764841123758;0.060348034;0.046502948;0.08967972;3
123179814344396;1764841123763;0.060348034;0.046502948;0.08967972;3
123179819314709;1764841123768;0.060348034;0.046502948;0.08967972;3
123179824285021;1764841123774;0.060348034;0.046502948;0.08967972;3
123179829255334;1764841123780;0.060348034;0.046502948;0.08967972;3
123179834225646;1764841123782;0.060348034;0.046502948;0.08967972;3
123179839195959;1764841123790;0.060348034;0.046502948;0.08967972;3
123179844166271;1764841123792;0.060348034;0.046502948;0.08967972;3
123179849136584;1764841123799;0.060348034;0.046502948;0.08967972;3
123179854106896;1764841123806;0.060348034;0.046502948;0.08967972;3
123179859077209;1764841123807;0.060348034;0.046502948;0.08967972;3
123179864047521;1764841123813;0.060348034;0.046502948;0.08967972;3
123179869017834;1764841123819;0.060348034;0.046502948;0.08967972;3
123179873988146;1764841123823;0.060348034;0.046502948;0.08967972;3
123179878958459;1764841123828;0.060348034;0.046502948;0.08967972;3
123179883928771;1764841123833;0.060348034;0.046502948;0.08967972;3
123179888899084;1764841123839;0.060348034;0.046502948;0.08967972;3
123179893869396;1764841123843;0.060348034;0.046502948;0.08967972;3
123179898839709;1764841123847;0.060348034;0.046502948;0.08967972;3
123179903810021;1764841123853;0.060348034;0.046502948;0.08967972;3
123179908780334;1764841123857;0.060348034;0.046502948;0.08967972;3
123179913750646;1764841123862;0.060348034;0.046502948;0.08967972;3
123179918720959;1764841123869;0.060348034;0.046502948;0.08967972;3
123179923691271;1764841123872;0.060348034;0.046502948;0.08967972;3
123179928661584;1764841123877;0.060348034;0.046502948;0.08967972;3
123179933631896;1764841123882;0.060348034;0.046502948;0.08967972;3
123179938602209;1764841123892;0.060348034;0.046502948;0.08967972;3
123179943572521;1764841123892;0.060348034;0.046502948;0.08967972;3
123179948543251;1764841123894;0.060348034;0.046502948;0.08967972;3
123179953514605;1764841123899;0.060348034;0.046502948;0.08967972;3
123179958485959;1764841123905;0.060348034;0.046502948;0.08967972;3
123179963457313;1764841123908;0.060348034;0.046502948;0.08967972;3
123179968428667;1764841123913;0.060348034;0.046502948;0.08967972;3
123179973400021;1764841123918;0.060348034;0.046502948;0.08967972;3
123179978370594;1764841123924;0.060348034;0.046502948;0.08967972;3
123179983340907;1764841123929;0.060348034;0.046502948;0.08967972;3
123179988311219;1764841123933;0.060348034;0.046502948;0.08967972;3
123179993281532;1764841123939;0.060348034;0.046502948;0.08967972;3
123179998251844;1764841123943;0.060348034;0.046502948;0.08967972;3
123180003222157;1764841123948;0.060348034;0.046502948;0.08967972;3
123180008192469;1764841123956;0.060348034;0.046502948;0.08967972;3
123180013162782;1764841123959;0.060348034;0.046502948;0.08967972;3
123180018133094;1764841123964;0.060348034;0.046502948;0.08967972;3
123180023103407;1764841123968;0.060348034;0.046502948;0.08967972;3
123180028073719;1764841123973;0.060348034;0.046502948;0.08967972;3
123180033044032;1764841123978;0.060348034;0.046502948;0.08967972;3
123180038014344;1764841123983;0.060348034;0.046502948;0.08967972;3
123180042984657;1764841123989;0.060348034;0.046502948;0.08967972;3
123180047954969;1764841123994;0.060348034;0.046502948;0.08967972;3
123180052925282;1764841123998;0.060348034;0.046502948;0.08967972;3
123180057895594;1764841124006;0.060348034;0.046502948;0.08967972;3
123180062865907;1764841124009;0.060348034;0.046502948;0.08967972;3
123180067836219;1764841124013;0.060348034;0.046502948;0.08967972;3
123180072806532;1764841124020;0.060348034;0.046502948;0.08967972;3
123180077776844;1764841124023;0.060348034;0.046502948;0.08967972;3
123180082747157;1764841124028;0.060348034;0.046502948;0.08967972;3
123180087717469;1764841124034;0.060348034;0.046502948;0.08967972;3
123180092687782;1764841124039;0.060348034;0.03410089;0.13331032;3
123180097658094;1764841124043;0.034499764;0.03410089;0.13331032;3
123180102628407;1764841124048;0.034499764;0.03410089;0.13331032;3
123180107598719;1764841124055;0.033226967;0.0026967525;0.1396904;3
123180112569032;1764841124057;0.033226967;0.0026967525;0.1396904;3
123180117539344;1764841124063;0.033226967;0.0026967525;0.1396904;3
123180122509657;1764841124070;0.033226967;0.0026967525;0.1396904;3
123180127479969;1764841124072;0.033226967;0.0026967525;0.1396904;3
123180132450282;1764841124078;0.033226967;0.0026967525;0.1396904;3
123180137420594;1764841124084;0.033226967;0.0026967525;0.1396904;3
123180142390907;1764841124089;0.033226967;0.0026967525;0.1396904;3
123180147361219;1764841124093;0.033226967;0.0026967525;0.1396904;3
123180152331532;1764841124099;0.033226967;0.0026967525;0.1396904;3
123180157301844;1764841124102;0.033226967;0.0026967525;0.1396904;3
123180162272157;1764841124108;0.033226967;0.0026967525;0.1396904;3
123180167242469;1764841124112;0.033226967;0.0026967525;0.1396904;3
123180172212782;1764841124118;0.033226967;0.0026967525;0.1396904;3
123180177183094;1764841124124;0.033226967;0.0026967525;0.1396904;3
123180182153407;1764841124127;0.033226967;0.0026967525;0.1396904;3
123180187123719;1764841124133;0.033226967;0.0026967525;0.1396904;3
123180192094032;1764841124139;0.033226967;0.0026967525;0.1396904;3
123180197064344;1764841124142;0.033226967;0.0026967525;0.1396904;3
123180202034657;1764841124148;0.033226967;0.0026967525;0.1396904;3
123180207005230;1764841124155;0.033226967;0.0026967525;0.1396904;3
123180211975803;1764841124157;0.033226967;0.0026967525;0.1396904;3
123180216946376;1764841124162;0.033226967;0.0026967525;0.1396904;3
123180221916949;1764841124167;0.033226967;0.0026967525;0.1396904;3
123180226887521;1764841124172;0.033226967;0.0026967525;0.1396904;3
123180231858094;1764841124178;0.033226967;0.0026967525;0.1396904;3
123180236828667;1764841124182;0.033226967;0.0026967525;0.1396904;3
123180241799240;1764841124189;0.033226967;0.0026967525;0.1396904;3
123180246769813;1764841124192;0.033226967;0.0026967525;0.1396904;3
123180251740386;1764841124197;0.033226967;0.0026967525;0.1396904;3
123180256710959;1764841124205;0.033226967;0.0026967525;0.1396904;3
123180261681532;1764841124207;0.033226967;0.0026967525;0.1396904;3
123180266652105;1764841124212;0.033226967;0.0026967525;0.1396904;3
123180271622678;1764841124217;0.033226967;0.0026967525;0.1396904;3
123180276593251;1764841124222;0.033226967;0.0026967525;0.1396904;3
123180281563824;1764841124227;0.033226967;0.0026967525;0.1396904;3
123180286534396;1764841124232;0.033226967;0.0026967525;0.1396904;3
123180291504969;1764841124241;0.033226967;0.0026967525;0.1396904;3
123180296475542;1764841124241;0.033226967;0.0026967525;0.1396904;3
123180301446115;1764841124246;0.033226967;0.0026967525;0.1396904;3
123180306416688;1764841124256;0.033226967;0.0026967525;0.1396904;3
123180311387261;1764841124256;0.033226967;0.0026967525;0.1396904;3
123180316357834;1764841124261;0.033226967;0.0026967525;0.1396904;3
123180321328407;1764841124266;0.033226967;0.0026967525;0.1396904;3
123180326298980;1764841124271;0.033226967;0.0026967525;0.1396904;3
123180331269553;1764841124277;0.033226967;0.0026967525;0.1396904;3
123180336240126;1764841124282;0.033226967;0.0026967525;0.1396904;3
123180341210699;1764841124288;0.033226967;0.0026967525;0.1396904;3
123180346181271;1764841124291;0.033226967;0.0026967525;0.1396904;3
123180351152626;1764841124301;0.033226967;0.0026967525;0.1396904;3
123180356123980;1764841124305;0.033226967;0.0026967525;0.1396904;3
123180361095126;1764841124309;0.033226967;0.0026967525;0.1396904;3
123180366065855;1764841124314;0.033226967;0.0026967525;0.1396904;3
123180371036428;1764841124321;0.033226967;0.0026967525;0.1396904;3
123180376006896;1764841124324;0.033226967;0.0026967525;0.1396904;3
123180380978563;1764841124326;0.033226967;0.0026967525;0.1396904;3
123180385947834;1764841124332;0.033226967;0.0026967525;0.1396904;3
123180390917105;1764841124338;0.033226967;0.0026967525;0.1396904;3
123180395886376;1764841124342;0.033226967;0.0026967525;0.1396904;3
123180400855646;1764841124346;0.033226967;0.0026967525;0.1396904;3
123180405824917;1764841124351;0.033226967;0.0026967525;0.1396904;3
123180410794188;1764841124356;0.033226967;0.0026967525;0.1396904;3
123180415763719;1764841124361;0.033226967;0.0026967525;0.1396904;3
123180420733511;1764841124366;0.033226967;0.0026967525;0.1396904;3
123180425703563;1764841124371;0.033226967;0.0026967525;0.1396904;3
123180430673876;1764841124376;0.033226967;0.0026967525;0.1396904;3
123180435644449;1764841124381;0.033226967;0.0026967525;0.1396904;3
123180440615282;1764841124389;0.033226967;0.0026967525;0.1396904;3
123180445586376;1764841124392;0.033226967;0.0026967525;0.1396904;3
123180450557469;1764841124396;0.033226967;0.0026967525;0.1396904;3
123180455528563;1764841124401;0.033226967;0.0026967525;0.1396904;3
123180460499657;1764841124406;0.033226967;0.0026967525;0.1396904;3
123180465470751;1764841124411;0.033226967;0.0026967525;0.1396904;3
123180470441844;1764841124416;0.033226967;0.0026967525;0.1396904;3
123180475412938;1764841124421;0.033226967;0.0026967525;0.1396904;3
123180480384032;1764841124426;0.033226967;0.0026967525;0.1396904;3
123180485355126;1764841124431;0.033226967;0.0026967525;0.1396904;3
123180490326219;1764841124438;0.033226967;0.0026967525;0.1396904;3
123180495297313;1764841124441;0.033226967;0.0026967525;0.1396904;3
123180500268407;1764841124446;0.033226967;0.0026967525;0.1396904;3
123180505238719;1764841124451;0.033226967;0.0026967525;0.1396904;3
123180510209032;1764841124456;0.033226967;0.0026967525;0.1396904;3
123180515179344;1764841124460;0.033226967;0.0026967525;0.1396904;3
123180520149657;1764841124466;0.033226967;0.0026967525;0.1396904;3
123180525119969;1764841124471;0.033226967;0.0026967525;0.1396904;3
123180530090282;1764841124476;0.033226967;0.0026967525;0.1396904;3
123180535060594;1764841124481;0.033226967;0.0026967525;0.1396904;3
123180540030907;1764841124487;0.033226967;0.0026967525;0.1396904;3
123180545001219;1764841124490;0.033226967;0.0026967525;0.1396904;3
123180549972834;1764841124500;0.033226967;0.0026967525;0.1396904;3
123180554943407;1764841124504;0.033226967;0.0026967525;0.1396904;3
123180559913928;1764841124509;0.033226967;0.0026967525;0.1396904;3
123180564884240;1764841124514;0.033226967;0.0026967525;0.1396904;3
123180569854553;1764841124520;0.033226967;0.0026967525;0.1396904;3
123180574824865;1764841124524;0.033226967;0.0026967525;0.1396904;3
123180579795178;1764841124529;0.033226967;0.0026967525;0.1396904;3
123180584765490;1764841124534;0.033226967;0.0026967525;0.1396904;3
123180589735803;1764841124539;0.033226967;0.0026967525;0.1396904;3
123180594706115;1764841124543;0.033226967;0.0026967525;0.1396904;3
123180599676428;1764841124549;0.033226967;0.0026967525;0.1396904;3
123180604646740;1764841124553;0.033226967;0.0026967525;0.1396904;3
123180609617053;1764841124559;0.033226967;0.0026967525;0.1396904;3
123180614587365;1764841124564;0.033226967;0.0026967525;0.1396904;3
123180619557678;1764841124571;0.033226967;0.0026967525;0.1396904;3
123180624527990;1764841124574;0.033226967;0.0026967525;0.1396904;3
123180629498303;1764841124578;0.033226967;0.0026967525;0.1396904;3
123180634468615;1764841124584;0.033226967;0.0026967525;0.1396904;3
123180639438928;1764841124589;0.033226967;0.0026967525;0.1396904;3
123180644409240;1764841124593;0.033226967;0.0026967525;0.1396904;3
123180649379553;1764841124598;0.033226967;0.0026967525;0.1396904;3
123180654349865;1764841124604;0.033226967;0.0026967525;0.1396904;3
123180659320178;1764841124608;0.033226967;0.0026967525;0.1396904;3
123180664290490;1764841124613;0.033226967;0.0026967525;0.1396904;3
123180669260803;1764841124620;0.033226967;0.0026967525;0.1396904;3
123180674231115;1764841124623;0.033226967;0.0026967525;0.1396904;3
123180679201428;1764841124628;0.033226967;0.0026967525;0.1396904;3
123180684171740;1764841124633;0.033226967;0.0026967525;0.1396904;3
123180689142053;1764841124638;0.033226967;0.0026967525;0.1396904;3
123180694112365;1764841124643;0.033226967;0.0026967525;0.1396904;3
123180699082678;1764841124648;0.033226967;0.0026967525;0.1396904;3
123180704052990;1764841124654;0.033226967;0.0026967525;0.1396904;3
123180709023303;1764841124659;0.033226967;0.0026967525;0.1396904;3
123180713993615;1764841124663;0.033226967;0.0026967525;0.1396904;3
123180718963928;1764841124678;0.033226967;0.0026967525;0.1396904;3
123180723934240;1764841124678;0.033226967;0.0026967525;0.1396904;3
123180728904553;1764841124678;0.033226967;0.0026967525;0.1396904;3
123180733874865;1764841124683;0.033226967;0.0026967525;0.1396904;3
123180738845178;1764841124693;0.033226967;0.0026967525;0.1396904;3
123180743815490;1764841124693;0.033226967;0.0026967525;0.1396904;3
123180748768094;1764841124695;0.033226967;0.0026967525;0.1396904;3
123180753696428;1764841124700;0.033226967;0.0026967525;0.1396904;3
123180758628876;1764841124705;0.033226967;0.0026967525;0.1396904;3
123180763566792;1764841124710;0.033226967;0.0026967525;0.1396904;3
123180768511271;1764841124715;0.033226967;0.0026967525;0.1396904;3
123180773463146;1764841124720;0.033226967;0.0026967525;0.1396904;3
123180778422782;1764841124725;0.033226967;0.0026967525;0.1396904;3
123180783390438;1764841124730;0.033226967;0.0026967525;0.1396904;3
123180788365959;1764841124737;0.033226967;0.0026967525;0.1396904;3
123180793348667;1764841124740;0.033226967;0.0026967525;0.1396904;3
123180798337782;1764841124745;0.033226967;0.0026967525;0.1396904;3
123180803332313;1764841124750;0.033226967;0.0026967525;0.1396904;3
123180808331219;1764841124757;0.033226967;0.0026967525;0.1396904;3
123180813333042;1764841124760;0.033226967;0.0026967525;0.1396904;3
123180818336428;1764841124765;0.033226967;0.0026967525;0.1396904;3
123180823340074;1764841124772;0.033226967;0.0026967525;0.1396904;3
123180828318511;1764841124775;0.033226967;0.0026967525;0.1396904;3
123180833289396;1764841124779;0.033226967;0.0026967525;0.1396904;3
123180838259761;1764841124789;0.033226967;0.0026967525;0.1396904;3
123180843230074;1764841124790;0.033226967;0.0026967525;0.1396904;3
123180848200386;1764841124795;0.033226967;0.0026967525;0.1396904;3
123180853170699;1764841124800;0.033226967;0.0026967525;0.1396904;3
123180858141011;1764841124808;0.033226967;0.0026967525;0.1396904;3
123180863111324;1764841124809;0.033226967;0.0026967525;0.1396904;3
123180868081636;1764841124814;0.033226967;0.0026967525;0.1396904;3
123180873051949;1764841124820;0.033226967;0.0026967525;0.1396904;3
123180878022261;1764841124825;0.033226967;0.0026967525;0.1396904;3
123180882992574;1764841124829;0.033226967;0.0026967525;0.1396904;3
123180887962886;1764841124836;0.033226967;0.0026967525;0.1396904;3
123180892933199;1764841124840;0.033226967;0.0026967525;0.1396904;3
123180897903511;1764841124845;0.033226967;0.0026967525;0.1396904;3
123180902873824;1764841124849;0.033226967;0.0026967525;0.1396904;3
123180907844136;1764841124856;0.033226967;0.0026967525;0.1396904;3
123180912814449;1764841124859;0.033226967;0.0026967525;0.1396904;3
123180917784761;1764841124864;0.033226967;0.0026967525;0.1396904;3
123180922755074;1764841124870;0.033226967;0.0026967525;0.1396904;3
123180927725386;1764841124874;0.033226967;0.0026967525;0.1396904;3
123180932695699;1764841124879;0.033226967;0.0026967525;0.1396904;3
123180937666011;1764841124886;0.033226967;0.0026967525;0.1396904;3
123180942636324;1764841124889;0.033226967;0.0026967525;0.1396904;3
123180947606636;1764841124893;0.033226967;0.0026967525;0.1396904;3
123180952576949;1764841124899;0.033226967;0.0026967525;0.1396904;3
123180957547261;1764841124904;0.033226967;0.0026967525;0.1396904;3
123180962517574;1764841124908;0.033226967;0.0026967525;0.1396904;3
123180967487886;1764841124914;0.033226967;0.0026967525;0.1396904;3
123180972458199;1764841124919;0.033226967;0.0026967525;0.1396904;3
123180977428511;1764841124924;0.033226967;0.0026967525;0.1396904;3
123180982398824;1764841124929;0.033226967;0.0026967525;0.1396904;3
123180987369136;1764841124937;0.033226967;0.0026967525;0.1396904;3
123180992339449;1764841124938;0.033226967;0.0026967525;0.1396904;3
123180997309761;1764841124943;0.033226967;0.0026967525;0.1396904;3
123181002280074;1764841124949;0.033226967;0.0026967525;0.1396904;3
123181007250386;1764841124957;0.033226967;0.0026967525;0.1396904;3
123181012220699;1764841124959;0.033226967;0.0026967525;0.1396904;3
123181017191011;1764841124964;0.033226967;0.0026967525;0.1396904;3
123181022161324;1764841124969;0.033226967;0.0026967525;0.1396904;3
123181027131636;1764841124974;0.033226967;0.0026967525;0.1396904;3
123181032101949;1764841124978;0.033226967;0.0026967525;0.1396904;3
123181037072261;1764841124989;0.033226967;0.0026967525;0.1396904;3
123181042042782;1764841124989;0.033226967;0.0026967525;0.1396904;3
123181047013355;1764841124994;0.033226967;0.0026967525;0.1396904;3
123181051983928;1764841124999;0.033226967;0.0026967525;0.1396904;3
123181056954501;1764841125008;0.033226967;0.0026967525;0.1396904;3
123181061925074;1764841125008;0.033226967;0.0026967525;0.1396904;3
123181066895646;1764841125013;0.033226967;0.0026967525;0.1396904;3
123181071866219;1764841125020;0.033226967;0.0026967525;0.1396904;3
123181076836792;1764841125024;0.033226967;0.0026967525;0.1396904;3
123181081807365;1764841125028;0.033226967;0.0026967525;0.1396904;3
123181086780855;1764841125036;0.033226967;0.0026967525;0.1396904;3
123181091753615;1764841125040;0.033226967;0.0026967525;0.1396904;3
123181096724188;1764841125045;0.033226967;0.0026967525;0.1396904;3
123181101694657;1764841125052;0.033226967;0.0026967525;0.1396904;3
123181106664969;1764841125055;0.033226967;0.0026967525;0.1396904;3
123181111635282;1764841125060;0.033226967;0.0026967525;0.1396904;3
123181116605594;1764841125065;0.033226967;0.0026967525;0.1396904;3
123181121575907;1764841125070;0.033226967;0.0026967525;0.1396904;3
123181126546219;1764841125075;0.033226967;0.0026967525;0.1396904;3
123181131516532;1764841125080;0.033226967;0.0026967525;0.1396904;3
123181136486844;1764841125085;0.033226967;0.0026967525;0.1396904;3
123181141457157;1764841125090;0.033226967;0.0026967525;0.1396904;3
123181146427469;1764841125096;0.033226967;0.0026967525;0.1396904;3
123181151397782;1764841125102;0.033226967;0.0026967525;0.1396904;3
123181156368094;1764841125105;0.033226967;0.0026967525;0.1396904;3
123181161338407;1764841125110;0.033226967;0.0026967525;0.1396904;3
123181166308719;1764841125115;0.033226967;0.0026967525;0.1396904;3
123181171279032;1764841125120;0.033226967;0.0026967525;0.1396904;3
123181176249344;1764841125124;0.033226967;0.0026967525;0.1396904;3
123181181219657;1764841125130;0.033226967;0.0026967525;0.1396904;3
123181186189969;1764841125136;0.033226967;0.0026967525;0.1396904;3
123181191160282;1764841125139;0.033226967;0.0026967525;0.1396904;3
123181196130594;1764841125144;0.033226967;0.0026967525;0.1396904;3
123181201100907;1764841125152;0.033226967;0.0026967525;0.1396904;3
123181206071219;1764841125154;0.033226967;0.0026967525;0.1396904;3
123181211041532;1764841125159;0.033226967;0.0026967525;0.1396904;3
123181216011844;1764841125165;0.033226967;0.0026967525;0.1396904;3
123181220982157;1764841125169;0.033226967;0.0026967525;0.1396904;3
123181225952469;1764841125174;0.033226967;0.0026967525;0.1396904;3
123181230922782;1764841125180;0.033226967;0.0026967525;0.1396904;3
123181235893094;1764841125185;0.033226967;0.0026967525;0.1396904;3
123181240863407;1764841125189;0.033226967;0.0026967525;0.1396904;3
123181245833719;1764841125195;0.033226967;0.0026967525;0.1396904;3
123181250804032;1764841125201;0.033226967;0.0026967525;0.1396904;3
123181255774344;1764841125204;0.033226967;0.0026967525;0.1396904;3
123181260744657;1764841125209;0.033226967;0.0026967525;0.1396904;3
123181265714969;1764841125214;0.033226967;0.0026967525;0.1396904;3
123181270685282;1764841125219;0.033226967;0.0026967525;0.1396904;3
123181275655594;1764841125224;0.033226967;0.0026967525;0.1396904;3
123181280625907;1764841125229;0.033226967;0.0026967525;0.1396904;3
123181285596219;1764841125235;0.033226967;0.0026967525;0.1396904;3
123181290566532;1764841125240;0.033226967;0.0026967525;0.1396904;3
123181295536844;1764841125243;0.033226967;0.0026967525;0.1396904;3
123181300507261;1764841125251;0.033226967;0.0026967525;0.1396904;3
123181305477834;1764841125254;0.033226967;0.0026967525;0.1396904;3
123181310448407;1764841125259;0.033226967;0.0026967525;0.1396904;3
123181315418980;1764841125264;0.033226967;0.0026967525;0.1396904;3
123181320389553;1764841125269;0.033226967;0.0026967525;0.1396904;3
123181325360126;1764841125274;0.033226967;0.0026967525;0.1396904;3
123181330330699;1764841125279;0.033226967;0.0026967525;0.1396904;3
123181335301271;1764841125289;0.033226967;0.0026967525;0.1396904;3
123181340271844;1764841125289;0.033226967;0.0026967525;0.1396904;3
123181345242417;1764841125296;0.033226967;0.0026967525;0.1396904;3
123181350213928;1764841125298;0.033226967;0.0026967525;0.1396904;3
123181355186844;1764841125313;0.033226967;0.0026967525;0.1396904;3
123181360158824;1764841125313;0.033226967;0.0026967525;0.1396904;3
123181365129709;1764841125313;0.033226967;0.0026967525;0.1396904;3
123181370100126;1764841125328;0.033226967;0.0026967525;0.1396904;3
123181375070438;1764841125329;0.033226967;0.0026967525;0.1396904;3
123181380040751;1764841125329;0.033226967;0.0026967525;0.1396904;3
123181385011063;1764841125344;0.033226967;0.0026967525;0.1396904;3
123181389981376;1764841125344;0.033226967;0.0026967525;0.1396904;3
123181394951688;1764841125344;0.033226967;0.0026967525;0.1396904;3
123181399922001;1764841125348;0.033226967;0.0026967525;0.1396904;3
123181404892313;1764841125355;0.033226967;0.0026967525;0.1396904;3
123181409862626;1764841125357;0.033226967;0.0026967525;0.1396904;3
123181414832938;1764841125362;0.033226967;0.0026967525;0.1396904;3
123181419803251;1764841125370;0.033226967;0.0026967525;0.1396904;3
123181424773563;1764841125372;0.033226967;0.0026967525;0.1396904;3
123181429743876;1764841125376;0.033226967;0.0026967525;0.1396904;3
123181434714188;1764841125387;0.033226967;0.0026967525;0.1396904;3
123181439684501;1764841125387;0.033226967;0.0026967525;0.1396904;3
123181444654813;1764841125392;0.033226967;0.0026967525;0.1396904;3
123181449625126;1764841125396;0.033226967;0.0026967525;0.1396904;3
123181454595438;1764841125402;0.033226967;0.0026967525;0.1396904;3
123181459565751;1764841125407;0.033226967;0.0026967525;0.1396904;3
123181464536063;1764841125412;0.033226967;0.0026967525;0.1396904;3
123181469506376;1764841125421;0.033226967;0.0026967525;0.1396904;3
123181474476688;1764841125422;0.033226967;0.0026967525;0.1396904;3
123181479447001;1764841125427;0.033226967;0.0026967525;0.1396904;3
123181484417313;1764841125437;0.033226967;0.0026967525;0.1396904;3
123181489387626;1764841125437;0.033226967;0.0026967525;0.1396904;3
123181494357938;1764841125441;0.033226967;0.0026967525;0.1396904;3
123181499328251;1764841125446;0.033226967;0.0026967525;0.1396904;3
123181504298563;1764841125452;0.033226967;0.0026967525;0.1396904;3
123181509268876;1764841125456;0.033226967;0.0026967525;0.1396904;3
123181514239188;1764841125461;0.033226967;0.0026967525;0.1396904;3
123181519209501;1764841125467;0.033226967;0.0026967525;0.1396904;3
123181524179813;1764841125471;0.033226967;0.0026967525;0.1396904;3
123181529150126;1764841125476;0.033226967;0.0026967525;0.1396904;3
123181534120438;1764841125481;0.033226967;0.0026967525;0.1396904;3
123181539090751;1764841125486;0.033226967;0.0026967525;0.1396904;3
123181544061063;1764841125491;0.033226967;0.0026967525;0.1396904;3
123181549032157;1764841125496;0.033226967;0.0026967525;0.1396904;3
123181554003771;1764841125500;0.033226967;0.0026967525;0.1396904;3
123181558975386;1764841125506;0.033226967;0.0026967525;0.1396904;3
123181563947001;1764841125510;0.033226967;0.0026967525;0.1396904;3
123181568918615;1764841125517;0.033226967;0.0026967525;0.1396904;3
123181573889605;1764841125520;0.033226967;0.0026967525;0.1396904;3
123181578860230;1764841125525;0.033226967;0.0026967525;0.1396904;3
123181583830594;1764841125530;0.033226967;0.0026967525;0.1396904;3
123181588800907;1764841125536;0.033226967;0.0026967525;0.1396904;3
123181593771219;1764841125540;0.033226967;0.0026967525;0.1396904;3
123181598741532;1764841125545;0.033226967;0.0026967525;0.1396904;3
123181603711844;1764841125551;0.033226967;0.0026967525;0.1396904;3
123181608682157;1764841125555;0.033226967;0.0026967525;0.1396904;3
123181613652469;1764841125560;0.033226967;0.0026967525;0.1396904;3
123181618622782;1764841125567;0.033226967;0.0026967525;0.1396904;3
123181623593094;1764841125570;0.033226967;0.0026967525;0.1396904;3
123181628563407;1764841125575;0.033226967;0.0026967525;0.1396904;3
123181633533719;1764841125580;0.033226967;0.0026967525;0.1396904;3
123181638504032;1764841125585;0.033226967;0.0026967525;0.1396904;3
123181643474344;1764841125589;0.033226967;0.0026967525;0.1396904;3
123181648444657;1764841125595;0.033226967;0.0026967525;0.1396904;3
123181653414969;1764841125600;0.033226967;0.0026967525;0.1396904;3
123181658385282;1764841125604;0.033226967;0.0026967525;0.1396904;3
123181663355594;1764841125610;0.033226967;0.0026967525;0.1396904;3
123181668325907;1764841125617;0.033226967;0.0026967525;0.1396904;3
123181673296219;1764841125620;0.033226967;0.0026967525;0.1396904;3
123181678266532;1764841125625;0.033226967;0.0026967525;0.1396904;3
123181683236844;1764841125630;0.033226967;0.0026967525;0.1396904;3
123181688207157;1764841125634;0.033226967;0.0026967525;0.1396904;3
123181693177469;1764841125639;0.033226967;0.0026967525;0.1396904;3
123181698147782;1764841125644;0.033226967;0.0026967525;0.1396904;3
123181703118094;1764841125653;0.033226967;0.0026967525;0.1396904;3
123181708088407;1764841125655;0.033226967;0.0026967525;0.1396904;3
123181713058719;1764841125659;0.033226967;0.0026967525;0.1396904;3
123181718029032;1764841125667;0.033226967;0.0026967525;0.1396904;3
123181722999344;1764841125670;0.033226967;0.0026967525;0.1396904;3
123181727969657;1764841125674;0.033226967;0.0026967525;0.1396904;3
123181732939969;1764841125679;0.033226967;0.0026967525;0.1396904;3
123181737910282;1764841125684;0.033226967;0.0026967525;0.1396904;3
123181742880594;1764841125689;0.033226967;0.0026967525;0.1396904;3
123181747850907;1764841125693;0.06012559;-0.0142041445;0.12715721;3
123181752821219;1764841125700;0.06012559;-0.0142041445;0.12715721;3
123181757791532;1764841125704;0.06012559;-0.0142041445;0.12715721;3
123181762761844;1764841125709;0.06012559;-0.0142041445;0.12715721;3
123181767732157;1764841125716;0.06012559;-0.0142041445;0.12715721;3
123181772702678;1764841125720;0.06012559;-0.0142041445;0.12715721;3
123181777673251;1764841125724;0.06012559;-0.0142041445;0.12715721;3
123181782643824;1764841125728;0.06012559;-0.0142041445;0.12715721;3
123181787578771;1764841125733;0.06012559;-0.0142041445;0.12715721;3
123181792507730;1764841125739;0.06012559;-0.0142041445;0.12715721;3
123181797441584;1764841125743;0.06012559;-0.0142041445;0.12715721;3
123181802381480;1764841125750;0.06012559;-0.0142041445;0.12715721;3
123181807328459;1764841125754;0.06012559;-0.0142041445;0.12715721;3
123181812283146;1764841125758;0.06012559;-0.0142041445;0.12715721;3
123181817245855;1764841125766;0.06012559;-0.0142041445;0.12715721;3
123181822216636;1764841125769;0.06012559;-0.0142041445;0.12715721;3
123181827195074;1764841125774;0.06012559;-0.0142041445;0.12715721;3
123181832180646;1764841125779;0.06012559;-0.0142041445;0.12715721;3
123181837172417;1764841125785;0.06012559;-0.0142041445;0.12715721;3
123181842169344;1764841125788;0.06012559;-0.0142041445;0.12715721;3
123181847170178;1764841125794;0.06012559;-0.0142041445;0.12715721;3
123181852173615;1764841125799;0.06012559;-0.0142041445;0.12715721;3
123181857178146;1764841125803;0.06012559;-0.0142041445;0.12715721;3
123181862173251;1764841125809;0.06012559;-0.0142041445;0.12715721;3
123181867148042;1764841125817;0.06012559;-0.0142041445;0.12715721;3
123181872118355;1764841125818;0.06012559;-0.0142041445;0.12715721;3
123181877088667;1764841125823;0.06012559;-0.0142041445;0.12715721;3
123181882058980;1764841125829;0.06012559;-0.0142041445;0.12715721;3
123181887029292;1764841125833;0.06012559;-0.0142041445;0.12715721;3
123181891999605;1764841125838;0.06012559;-0.0142041445;0.12715721;3
123181896969917;1764841125844;0.06012559;-0.0142041445;0.12715721;3
123181901940230;1764841125852;0.06012559;-0.0142041445;0.12715721;3
123181906910542;1764841125854;0.06012559;-0.0142041445;0.12715721;3
123181911880855;1764841125858;0.06012559;-0.0142041445;0.12715721;3
123181916851167;1764841125863;0.06012559;-0.0142041445;0.12715721;3
123181921821480;1764841125869;0.06012559;-0.0142041445;0.12715721;3
123181926791792;1764841125873;0.06012559;-0.0142041445;0.12715721;3
123181931762105;1764841125878;0.06012559;-0.0142041445;0.12715721;3
123181936732417;1764841125884;0.06012559;-0.0142041445;0.12715721;3
123181941702730;1764841125888;0.06012559;-0.0142041445;0.12715721;3
123181946673042;1764841125892;0.06012559;-0.0142041445;0.12715721;3
123181951643355;1764841125902;0.06012559;-0.0142041445;0.12715721;3
123181956613667;1764841125906;0.06012559;-0.0142041445;0.12715721;3
123181961583980;1764841125911;0.06012559;-0.0142041445;0.12715721;3
123181966554292;1764841125916;0.06012559;-0.0142041445;0.12715721;3
123181971524605;1764841125921;0.06012559;-0.0142041445;0.12715721;3
123181976494917;1764841125925;0.06012559;-0.0142041445;0.12715721;3
123181981465230;1764841125932;0.06012559;-0.0142041445;0.12715721;3
123181986435542;1764841125936;0.06012559;-0.0142041445;0.12715721;3
123181991405855;1764841125941;0.06012559;-0.0142041445;0.12715721;3
123181996376167;1764841125946;0.06012559;-0.0142041445;0.12715721;3
123182001346480;1764841125951;0.06012559;-0.0142041445;0.12715721;3
123182006316792;1764841125955;0.06012559;-0.0142041445;0.12715721;3
123182011287105;1764841125961;0.06012559;-0.0142041445;0.12715721;3
123182016257417;1764841125966;0.06012559;-0.0142041445;0.12715721;3
123182021227730;1764841125970;0.06012559;-0.0142041445;0.12715721;3
123182026198042;1764841125975;0.06012559;-0.0142041445;0.12715721;3
123182031168355;1764841125982;0.06012559;-0.0142041445;0.12715721;3
123182036138667;1764841125985;0.06012559;-0.0142041445;0.12715721;3
123182041108980;1764841125990;0.06012559;-0.0142041445;0.12715721;3
123182046079344;1764841125996;0.06012559;-0.0142041445;0.12715721;3
123182051049917;1764841126002;0.06012559;-0.0142041445;0.12715721;3
123182056020490;1764841126005;0.06012559;-0.0142041445;0.12715721;3
123182060991063;1764841126011;0.06012559;-0.0142041445;0.12715721;3
123182065961636;1764841126017;0.06012559;-0.0142041445;0.12715721;3
123182070932209;1764841126020;0.06012559;-0.0142041445;0.12715721;3
123182075902782;1764841126025;0.06012559;-0.0142041445;0.12715721;3
123182080873355;1764841126033;0.06012559;-0.0142041445;0.12715721;3
123182085843928;1764841126035;0.06012559;-0.0142041445;0.12715721;3
123182090814501;1764841126040;0.06012559;-0.0142041445;0.12715721;3
123182095785074;1764841126045;0.06012559;-0.0142041445;0.12715721;3
123182100755646;1764841126057;0.06012559;-0.0142041445;0.12715721;3
123182105726219;1764841126057;0.06012559;-0.0142041445;0.12715721;3
123182110696792;1764841126060;0.06012559;-0.0142041445;0.12715721;3
123182115667365;1764841126074;0.06012559;-0.0142041445;0.12715721;3
123182120637938;1764841126074;0.06012559;-0.0142041445;0.12715721;3
123182125608511;1764841126074;0.06012559;-0.0142041445;0.12715721;3
123182130579084;1764841126087;0.06012559;-0.0142041445;0.12715721;3
123182135549657;1764841126087;0.06012559;-0.0142041445;0.12715721;3
123182140520230;1764841126089;0.06012559;-0.0142041445;0.12715721;3
123182145490803;1764841126094;0.06012559;-0.0142041445;0.12715721;3
123182150461376;1764841126101;0.06012559;-0.0142041445;0.12715721;3
123182155431949;1764841126104;0.06012559;-0.0142041445;0.12715721;3
123182160402521;1764841126109;0.06012559;-0.0142041445;0.12715721;3
123182165373094;1764841126119;0.06012559;-0.0142041445;0.12715721;3
123182170343667;1764841126120;0.06012559;-0.0142041445;0.12715721;3
123182175314240;1764841126125;0.06012559;-0.0142041445;0.12715721;3
123182180284813;1764841126136;0.06012559;-0.0142041445;0.12715721;3
123182185255386;1764841126136;0.06012559;-0.0142041445;0.12715721;3
123182190225959;1764841126139;0.06012559;-0.0142041445;0.12715721;3
123182195196532;1764841126144;0.06012559;-0.0142041445;0.12715721;3
123182200167105;1764841126150;0.06012559;-0.0142041445;0.12715721;3
123182205137678;1764841126154;0.06012559;-0.0142041445;0.12715721;3
123182210108251;1764841126159;0.06012559;-0.0142041445;0.12715721;3
123182215078824;1764841126166;0.06012559;-0.0142041445;0.12715721;3
123182220049396;1764841126169;0.06012559;-0.0142041445;0.12715721;3
123182225019969;1764841126174;0.06012559;-0.0142041445;0.12715721;3
123182229990542;1764841126182;0.06012559;-0.0142041445;0.12715721;3
123182234961115;1764841126184;0.06012559;-0.0142041445;0.12715721;3
123182239931688;1764841126189;0.06012559;-0.0142041445;0.12715721;3
123182244902261;1764841126194;0.06012559;-0.0142041445;0.12715721;3
123182249872834;1764841126199;0.06012559;-0.0142041445;0.12715721;3
123182254843407;1764841126204;0.06012559;-0.0142041445;0.12715721;3
123182259813980;1764841126209;0.06012559;-0.0142041445;0.12715721;3
123182264784553;1764841126215;0.06012559;-0.0142041445;0.12715721;3
123182269755126;1764841126219;0.06012559;-0.0142041445;0.12715721;3
123182274725699;1764841126224;0.06012559;-0.0142041445;0.12715721;3
123182279696271;1764841126232;0.06012559;-0.0142041445;0.12715721;3
123182284666844;1764841126233;0.06012559;-0.0142041445;0.12715721;3
123182289637417;1764841126239;0.06012559;-0.0142041445;0.12715721;3
123182294607990;1764841126244;0.06012559;-0.0142041445;0.12715721;3
123182299578563;1764841126249;0.06012559;-0.0142041445;0.12715721;3
123182304549136;1764841126253;0.06012559;-0.0142041445;0.12715721;3
123182309519709;1764841126259;0.06012559;-0.0142041445;0.12715721;3
123182314490282;1764841126265;0.06012559;-0.0142041445;0.12715721;3
123182319460855;1764841126268;0.06012559;-0.0142041445;0.12715721;3
123182324431428;1764841126273;0.06012559;-0.0142041445;0.12715721;3
123182329402001;1764841126278;0.06012559;-0.0142041445;0.12715721;3
123182334372574;1764841126284;0.06012559;-0.0142041445;0.12715721;3
123182339343146;1764841126288;0.06012559;-0.0142041445;0.12715721;3
123182344313719;1764841126293;0.06012559;-0.0142041445;0.12715721;3
123182349275386;1764841126299;0.06012559;-0.0142041445;0.12715721;3
123182354203146;1764841126301;0.06012559;-0.0142041445;0.12715721;3
123182359134709;1764841126306;0.06012559;-0.0142041445;0.12715721;3
123182364071480;1764841126311;0.06012559;-0.0142041445;0.12715721;3
123182369014605;1764841126317;0.06012559;-0.0142041445;0.12715721;3
123182373964813;1764841126321;0.06012559;-0.0142041445;0.12715721;3
123182378922626;1764841126326;0.06012559;-0.0142041445;0.12715721;3
123182383888251;1764841126331;0.06012559;-0.0142041445;0.12715721;3
123182388861532;1764841126336;0.06012559;-0.0142041445;0.12715721;3
123182393842053;1764841126341;0.06012559;-0.0142041445;0.12715721;3
123182398829136;1764841126348;0.06012559;-0.0142041445;0.12715721;3
123182403821844;1764841126351;0.06012559;-0.0142041445;0.12715721;3
123182408819136;1764841126356;0.06012559;-0.0142041445;0.12715721;3
123182413819813;1764841126361;0.06012559;-0.0142041445;0.12715721;3
123182418822417;1764841126366;0.06012559;-0.0142041445;0.12715721;3
123182423825542;1764841126371;0.06012559;-0.0142041445;0.12715721;3
123182428811636;1764841126376;0.06012559;-0.0142041445;0.12715721;3
123182433783876;1764841126381;0.06012559;-0.0142041445;0.12715721;3
123182438754449;1764841126386;0.06012559;-0.0142041445;0.12715721;3
123182443725021;1764841126391;0.06012559;-0.0142041445;0.12715721;3
123182448695438;1764841126398;0.06012559;-0.0142041445;0.12715721;3
123182453665751;1764841126400;0.06012559;-0.0142041445;0.12715721;3
123182458636063;1764841126405;0.06012559;-0.0142041445;0.12715721;3
123182463606376;1764841126410;0.06012559;-0.0142041445;0.12715721;3
123182468576688;1764841126416;0.06012559;-0.0142041445;0.12715721;3
123182473547001;1764841126421;0.06012559;-0.0142041445;0.12715721;3
123182478517313;1764841126425;0.06012559;-0.0142041445;0.12715721;3
123182483487626;1764841126435;0.06012559;-0.0142041445;0.12715721;3
123182488457938;1764841126435;0.06012559;-0.0142041445;0.12715721;3
123182493429084;1764841126442;0.06012559;-0.0142041445;0.12715721;3
123182498400282;1764841126450;0.06012559;-0.0142041445;0.12715721;3
123182503370855;1764841126452;0.06012559;-0.0142041445;0.12715721;3
123182508341428;1764841126457;0.06012559;-0.0142041445;0.12715721;3
123182513311949;1764841126464;0.06012559;-0.0142041445;0.12715721;3
123182518282261;1764841126467;0.06012559;-0.0142041445;0.12715721;3
123182523252574;1764841126472;0.06012559;-0.0142041445;0.12715721;3
123182528222886;1764841126477;0.06012559;-0.0142041445;0.12715721;3
123182533193199;1764841126482;0.06012559;-0.0142041445;0.12715721;3
123182538163511;1764841126487;0.06012559;-0.0142041445;0.12715721;3
123182543133824;1764841126492;0.06012559;-0.0142041445;0.12715721;3
123182548104292;1764841126497;0.06012559;-0.0142041445;0.12715721;3
123182553075386;1764841126501;0.06012559;-0.0142041445;0.12715721;3
123182558046271;1764841126506;0.06012559;-0.0142041445;0.12715721;3
123182563016844;1764841126511;0.06012559;-0.0142041445;0.12715721;3
123182567987417;1764841126516;0.06012559;-0.0142041445;0.12715721;3
123182572957886;1764841126521;0.06012559;-0.0142041445;0.12715721;3
123182577928199;1764841126526;0.06012559;-0.0142041445;0.12715721;3
123182582898511;1764841126532;0.06012559;-0.0142041445;0.12715721;3
123182587868824;1764841126536;0.06012559;-0.0142041445;0.12715721;3
123182592839136;1764841126541;0.06012559;-0.0142041445;0.12715721;3
123182597809449;1764841126547;0.06012559;-0.0142041445;0.12715721;3
123182602779761;1764841126551;0.06012559;-0.0142041445;0.12715721;3
123182607750074;1764841126556;0.06012559;-0.0142041445;0.12715721;3
123182612720386;1764841126561;0.06012559;-0.0142041445;0.12715721;3
123182617690699;1764841126566;0.06012559;-0.0142041445;0.12715721;3
123182622661011;1764841126571;0.06012559;-0.0142041445;0.12715721;3
123182627631324;1764841126576;0.06012559;-0.0142041445;0.12715721;3
123182632601636;1764841126581;0.06012559;-0.0142041445;0.12715721;3
123182637571949;1764841126586;0.06012559;-0.0142041445;0.12715721;3
123182642542261;1764841126591;0.06012559;-0.0142041445;0.12715721;3
123182647512574;1764841126596;0.06012559;-0.0142041445;0.12715721;3
123182652482886;1764841126601;0.06012559;-0.0142041445;0.12715721;3
123182657453199;1764841126605;0.06012559;-0.0142041445;0.12715721;3
123182662423511;1764841126610;0.06012559;-0.0142041445;0.12715721;3
123182667393824;1764841126616;0.06012559;-0.0142041445;0.12715721;3
123182672364136;1764841126620;0.06012559;-0.0142041445;0.12715721;3
123182677334449;1764841126625;0.06012559;-0.0142041445;0.12715721;3
123182682304761;1764841126631;0.06012559;-0.0142041445;0.12715721;3
123182687275074;1764841126635;0.06012559;-0.0142041445;0.12715721;3
123182692245386;1764841126640;0.06012559;-0.0142041445;0.12715721;3
123182697215699;1764841126646;0.06012559;-0.0142041445;0.12715721;3
123182702186011;1764841126650;0.06012559;-0.0142041445;0.12715721;3
123182707156324;1764841126655;0.06012559;-0.0142041445;0.12715721;3
123182712126636;1764841126660;0.06012559;-0.0142041445;0.12715721;3
123182717096949;1764841126665;0.06012559;-0.0142041445;0.12715721;3
123182722067261;1764841126670;0.06012559;-0.0142041445;0.12715721;3
123182727037574;1764841126675;0.06012559;-0.0142041445;0.12715721;3
123182732007886;1764841126681;0.06012559;-0.0142041445;0.12715721;3
123182736978199;1764841126685;0.06012559;-0.0142041445;0.12715721;3
123182741948615;1764841126691;0.06012559;-0.0142041445;0.12715721;3
123182746919188;1764841126697;0.06012559;-0.0142041445;0.12715721;3
123182751889761;1764841126700;0.06012559;-0.0142041445;0.12715721;3
123182756860334;1764841126705;0.06012559;-0.0142041445;0.12715721;3
123182761830907;1764841126710;0.06012559;-0.0142041445;0.12715721;3
123182766801480;1764841126716;0.06012559;-0.0142041445;0.12715721;3
123182771772053;1764841126720;0.06012559;-0.0142041445;0.12715721;3
123182776742626;1764841126725;0.06012559;-0.0142041445;0.12715721;3
123182781713199;1764841126736;0.06012559;-0.0142041445;0.12715721;3
123182786683771;1764841126736;0.06012559;-0.0142041445;0.12715721;3
123182791654344;1764841126740;0.06012559;-0.0142041445;0.12715721;3
123182796624917;1764841126749;0.06012559;-0.0142041445;0.12715721;3
123182801595490;1764841126750;0.06012559;-0.0142041445;0.12715721;3
123182806566063;1764841126754;0.06012559;-0.0142041445;0.12715721;3
123182811536636;1764841126759;0.06012559;-0.0142041445;0.12715721;3
123182816507209;1764841126765;0.06012559;-0.0142041445;0.12715721;3
123182821477782;1764841126770;0.06012559;-0.0142041445;0.12715721;3
123182826448355;1764841126774;0.06012559;-0.0142041445;0.12715721;3
123182831418928;1764841126780;0.06012559;-0.0142041445;0.12715721;3
123182836389501;1764841126784;0.06012559;-0.0142041445;0.12715721;3
123182841360178;1764841126789;0.06012559;-0.0142041445;0.12715721;3
123182846331011;1764841126796;0.06012559;-0.0142041445;0.12715721;3
123182851301844;1764841126800;0.06012559;-0.0142041445;0.12715721;3
123182856272678;1764841126804;0.06012559;-0.0142041445;0.12715721;3
123182861243511;1764841126811;0.06012559;-0.0142041445;0.12715721;3
123182866214344;1764841126815;0.06012559;-0.0142041445;0.12715721;3
123182871185178;1764841126819;0.06012559;-0.0142041445;0.12715721;3
123182876156011;1764841126824;0.06012559;-0.0142041445;0.12715721;3
123182881126844;1764841126833;0.06012559;-0.0142041445;0.12715721;3
123182886097678;1764841126834;0.06012559;-0.0142041445;0.12715721;3
123182891068511;1764841126839;0.06012559;-0.0142041445;0.12715721;3
123182896039344;1764841126849;0.06012559;-0.0142041445;0.12715721;3
123182901010178;1764841126850;0.06012559;-0.0142041445;0.12715721;3
123182905981011;1764841126855;0.06012559;-0.0142041445;0.12715721;3
123182910951844;1764841126859;0.06012559;-0.0142041445;0.12715721;3
123182915922469;1764841126864;0.06012559;-0.0142041445;0.12715721;3
123182920892782;1764841126869;0.06012559;-0.0142041445;0.12715721;3
123182925863094;1764841126875;0.06012559;-0.0142041445;0.12715721;3
123182930833407;1764841126881;0.06012559;-0.0142041445;0.12715721;3
123182935803719;1764841126884;0.06012559;-0.0142041445;0.12715721;3
123182940774032;1764841126890;0.06012559;-0.0142041445;0.12715721;3
123182945744344;1764841126893;0.06012559;-0.0142041445;0.12715721;3
123182950687157;1764841126897;0.06012559;-0.0142041445;0.12715721;3
123182955592261;1764841126902;0.06012559;-0.0142041445;0.12715721;3
123182960503667;1764841126908;0.06012559;-0.0142041445;0.12715721;3
123182965423511;1764841126915;0.06012559;-0.0142041445;0.12715721;3
123182970353459;1764841126917;0.06012559;-0.0142041445;0.12715721;3
123182975294657;1764841126922;0.06012559;-0.0142041445;0.12715721;3
123182980247938;1764841126929;0.06012559;-0.0142041445;0.12715721;3
123182985213459;1764841126932;0.06012559;-0.0142041445;0.12715721;3
123182990190803;1764841126941;0.06012559;-0.0142041445;0.12715721;3
123182995179240;1764841126946;0.06012559;-0.0142041445;0.12715721;3
123183000177574;1764841126947;0.06012559;-0.0142041445;0.12715721;3
123183005184292;1764841126952;0.06012559;-0.0142041445;0.12715721;3
123183010197626;1764841126956;0.06012559;-0.0142041445;0.12715721;3
123183015215751;1764841126963;0.06012559;-0.0142041445;0.12715721;3
123183020236636;1764841126967;0.06012559;-0.0142041445;0.12715721;3
123183025257990;1764841126971;0.06012559;-0.0142041445;0.12715721;3
123183030243094;1764841126979;0.06012559;-0.0142041445;0.12715721;3
123183035214553;1764841126982;0.06012559;-0.0142041445;0.12715721;3
123183040184865;1764841126986;0.06012559;-0.0142041445;0.12715721;3
123183045155178;1764841126991;0.06012559;-0.0142041445;0.12715721;3
123183050125490;1764841126997;0.06012559;-0.0142041445;0.12715721;3
123183055095803;1764841127001;0.06012559;-0.0142041445;0.12715721;3
123183060066115;1764841127006;0.06012559;-0.0142041445;0.12715721;3
123183065036428;1764841127013;0.06012559;-0.0142041445;0.12715721;3
123183070006740;1764841127016;0.06012559;-0.0142041445;0.12715721;3
123183074977053;1764841127021;0.06012559;-0.0142041445;0.12715721;3
123183079947365;1764841127027;0.06012559;-0.0142041445;0.12715721;3
123183084917678;1764841127032;0.06012559;-0.0142041445;0.12715721;3
123183089887990;1764841127036;0.06012559;-0.0142041445;0.12715721;3
123183094858303;1764841127041;0.06012559;-0.0142041445;0.12715721;3
123183099828615;1764841127047;0.06012559;-0.0142041445;0.12715721;3
123183104798928;1764841127050;0.06012559;-0.0142041445;0.12715721;3
123183109769240;1764841127055;0.06012559;-0.0142041445;0.12715721;3
123183114739553;1764841127064;0.06012559;-0.0142041445;0.12715721;3
123183119709865;1764841127066;0.06012559;-0.0142041445;0.12715721;3
123183124680178;1764841127071;0.06012559;-0.0142041445;0.12715721;3
123183129650490;1764841127080;0.06012559;-0.0142041445;0.12715721;3
123183134620803;1764841127081;0.06012559;-0.0142041445;0.12715721;3
123183139591115;1764841127085;0.06012559;-0.0142041445;0.12715721;3
123183144561428;1764841127092;0.06012559;-0.0142041445;0.12715721;3
123183149531740;1764841127097;0.06012559;-0.0142041445;0.12715721;3
123183154502053;1764841127100;0.06012559;-0.0142041445;0.12715721;3
123183159472365;1764841127106;0.06012559;-0.0142041445;0.12715721;3
123183164442678;1764841127113;0.06012559;-0.0142041445;0.12715721;3
123183169412990;1764841127115;0.06012559;-0.0142041445;0.12715721;3
123183174383303;1764841127121;0.06012559;-0.0142041445;0.12715721;3
123183179353615;1764841127130;0.06012559;-0.0142041445;0.12715721;3
123183184323928;1764841127130;0.06012559;-0.0142041445;0.12715721;3
123183189294240;1764841127136;0.06012559;-0.0142041445;0.12715721;3
123183194264761;1764841127141;0.06012559;-0.0142041445;0.12715721;3
123183199235334;1764841127148;0.06012559;-0.0142041445;0.12715721;3
123183204205907;1764841127151;0.06012559;-0.0142041445;0.12715721;3
123183209176480;1764841127155;0.06012559;-0.0142041445;0.12715721;3
123183214147053;1764841127162;0.06012559;-0.0142041445;0.12715721;3
123183219117626;1764841127166;0.06012559;-0.0142041445;0.12715721;3
123183224088199;1764841127171;0.06012559;-0.0142041445;0.12715721;3
123183229058771;1764841127176;0.06012559;-0.0142041445;0.12715721;3
123183234029344;1764841127181;0.06012559;-0.0142041445;0.12715721;3
123183238999917;1764841127186;0.06012559;-0.0142041445;0.12715721;3
123183243970490;1764841127190;0.06012559;-0.0142041445;0.12715721;3
123183248941063;1764841127198;0.06012559;-0.0142041445;0.12715721;3
123183253911636;1764841127200;0.06012559;-0.0142041445;0.12715721;3
123183258882209;1764841127205;0.06012559;-0.0142041445;0.12715721;3
123183263852782;1764841127212;0.06012559;-0.0142041445;0.12715721;3
123183268823355;1764841127216;0.06012559;-0.0142041445;0.12715721;3
123183273793928;1764841127220;0.06012559;-0.0142041445;0.12715721;3
123183278764501;1764841127228;0.06012559;-0.0142041445;0.12715721;3
123183283735074;1764841127231;0.06012559;-0.0142041445;0.12715721;3
123183288705646;1764841127235;0.06012559;-0.0142041445;0.12715721;3
123183293676219;1764841127240;0.06012559;-0.0142041445;0.12715721;3
123183298646792;1764841127246;0.06012559;-0.0142041445;0.12715721;3
123183303617365;1764841127250;0.06012559;-0.0142041445;0.12715721;3
123183308587938;1764841127255;0.06012559;-0.0142041445;0.12715721;3
123183313558511;1764841127264;0.06012559;-0.0142041445;0.12715721;3
123183318529084;1764841127265;0.06012559;-0.0142041445;0.12715721;3
123183323499657;1764841127269;0.06012559;-0.0142041445;0.12715721;3
123183328470230;1764841127280;0.06012559;-0.0142041445;0.12715721;3
123183333440803;1764841127281;0.06012559;-0.0142041445;0.12715721;3
123183338411376;1764841127284;0.06012559;-0.0142041445;0.12715721;3
123183343381949;1764841127291;0.06012559;-0.0142041445;0.12715721;3
123183348352521;1764841127297;0.06012559;-0.0142041445;0.12715721;3
123183353326115;1764841127301;0.06012559;-0.0142041445;0.12715721;3
123183358297938;1764841127308;0.06012559;-0.0142041445;0.12715721;3
123183363268511;1764841127313;0.06012559;-0.0142041445;0.12715721;3
123183368238980;1764841127316;0.06012559;-0.0142041445;0.12715721;3
123183373209292;1764841127321;0.06012559;-0.0142041445;0.12715721;3
123183378179605;1764841127329;0.06012559;-0.0142041445;0.12715721;3
123183383149917;1764841127331;0.06012559;-0.0142041445;0.12715721;3
123183388120230;1764841127336;0.06012559;-0.0142041445;0.12715721;3
123183393090542;1764841127341;0.06012559;-0.0142041445;0.12715721;3
123183398060855;1764841127346;0.06012559;-0.0142041445;0.12715721;3
123183403031167;1764841127351;0.06012559;-0.0142041445;0.12715721;3
123183408001480;1764841127356;0.06012559;-0.0142041445;0.12715721;3
123183412971792;1764841127361;0.06012559;-0.0142041445;0.12715721;3
123183417942105;1764841127366;0.06012559;-0.0142041445;0.12715721;3
123183422912417;1764841127371;0.06012559;-0.0142041445;0.12715721;3
123183427882730;1764841127377;0.06012559;-0.0142041445;0.12715721;3
123183432853042;1764841127381;0.06012559;-0.0142041445;0.12715721;3
123183437823355;1764841127386;0.06012559;-0.0142041445;0.12715721;3
123183442793667;1764841127391;0.06012559;-0.0142041445;0.12715721;3
123183447763980;1764841127396;0.06012559;-0.0142041445;0.12715721;3
123183452734292;1764841127401;0.06012559;-0.0142041445;0.12715721;3
123183457704605;1764841127405;0.06012559;-0.0142041445;0.12715721;3
123183462674917;1764841127414;0.06012559;-0.0142041445;0.12715721;3
123183467645230;1764841127416;0.06012559;-0.0142041445;0.12715721;3
123183472615542;1764841127420;0.06012559;-0.0142041445;0.12715721;3
123183477585855;1764841127431;0.06012559;-0.0142041445;0.12715721;3
123183482556167;1764841127431;0.06012559;-0.0142041445;0.12715721;3
123183487526480;1764841127435;0.06012559;-0.0142041445;0.12715721;3
123183492496792;1764841127440;0.06012559;-0.0142041445;0.12715721;3
123183497467105;1764841127448;0.06012559;-0.0142041445;0.12715721;3
123183502437417;1764841127450;0.06012559;-0.0142041445;0.12715721;3
123183507407730;1764841127456;0.06012559;-0.0142041445;0.12715721;3
123183512378042;1764841127464;0.06012559;-0.0142041445;0.12715721;3
123183517348355;1764841127465;0.06012559;-0.0142041445;0.12715721;3
123183522318771;1764841127470;0.06012559;-0.0142041445;0.12715721;3
123183527289344;1764841127481;0.06012559;-0.0142041445;0.12715721;3
123183532259917;1764841127481;0.06012559;-0.0142041445;0.12715721;3
123183537230490;1764841127486;0.06012559;-0.0142041445;0.12715721;3
123183542201063;1764841127490;0.06012559;-0.0142041445;0.12715721;3
123183547172782;1764841127497;0.06012559;-0.0142041445;0.12715721;3
123183552146428;1764841127497;0.06012559;-0.0142041445;0.12715721;3
123183557118824;1764841127502;0.06012559;-0.0142041445;0.12715721;3
123183562089136;1764841127507;0.06012559;-0.0142041445;0.12715721;3
123183567059449;1764841127513;0.06012559;-0.0142041445;0.12715721;3
123183572029761;1764841127517;0.06012559;-0.0142041445;0.12715721;3
123183577000074;1764841127522;0.06012559;-0.0142041445;0.12715721;3
123183581970386;1764841127529;0.06012559;-0.0142041445;0.12715721;3
123183586940699;1764841127532;0.06012559;-0.0142041445;0.12715721;3
123183591911011;1764841127537;0.06012559;-0.0142041445;0.12715721;3
123183596881324;1764841127546;0.06012559;-0.0142041445;0.12715721;3
123183601851636;1764841127547;0.06012559;-0.0142041445;0.12715721;3
123183606821949;1764841127552;0.06012559;-0.0142041445;0.12715721;3
123183611792261;1764841127557;0.06012559;-0.0142041445;0.12715721;3
123183616762574;1764841127562;0.06012559;-0.0142041445;0.12715721;3
123183621732886;1764841127567;0.06012559;-0.0142041445;0.12715721;3
123183626703199;1764841127572;0.06012559;-0.0142041445;0.12715721;3
123183631673511;1764841127580;0.06012559;-0.0142041445;0.12715721;3
123183636643824;1764841127582;0.06012559;-0.0142041445;0.12715721;3
123183641614136;1764841127586;0.06012559;-0.0142041445;0.12715721;3
123183646584449;1764841127596;0.06012559;-0.0142041445;0.12715721;3
123183651554761;1764841127597;0.06012559;-0.0142041445;0.12715721;3
123183656525074;1764841127601;0.06012559;-0.0142041445;0.12715721;3
123183661495386;1764841127606;0.06012559;-0.0142041445;0.12715721;3
123183666465699;1764841127613;0.06012559;-0.0142041445;0.12715721;3
123183671436011;1764841127616;0.06012559;-0.0142041445;0.12715721;3
123183676406324;1764841127621;0.06012559;-0.0142041445;0.12715721;3
123183681376636;1764841127630;0.06012559;-0.0142041445;0.12715721;3
123183686346949;1764841127632;0.06012559;-0.0142041445;0.12715721;3
123183691317261;1764841127636;0.06012559;-0.0142041445;0.12715721;3
123183696287574;1764841127645;0.06012559;-0.0142041445;0.12715721;3
123183701257886;1764841127646;0.06012559;-0.0142041445;0.12715721;3
123183706228199;1764841127651;0.06012559;-0.0142041445;0.12715721;3
123183711198771;1764841127656;0.06012559;-0.0142041445;0.12715721;3
123183716169344;1764841127662;0.06012559;-0.0142041445;0.12715721;3
123183721139917;1764841127666;0.06012559;-0.0142041445;0.12715721;3
123183726110490;1764841127671;0.06012559;-0.0142041445;0.12715721;3
123183731081063;1764841127680;0.06012559;-0.0142041445;0.12715721;3
123183736051636;1764841127681;0.06012559;-0.0142041445;0.12715721;3
123183741022209;1764841127686;0.06012559;-0.0142041445;0.12715721;3
123183745992782;1764841127697;0.06012559;-0.0142041445;0.12715721;3
123183750963355;1764841127697;0.06012559;-0.0142041445;0.12715721;3
123183755933928;1764841127701;0.06012559;-0.0142041445;0.12715721;3
123183760904501;1764841127706;0.06012559;-0.0142041445;0.12715721;3
123183765875074;1764841127713;0.06012559;-0.0142041445;0.12715721;3
123183770845646;1764841127716;0.06012559;-0.0142041445;0.12715721;3
123183775816219;1764841127721;0.06012559;-0.0142041445;0.12715721;3
123183780786792;1764841127730;0.06012559;-0.0142041445;0.12715721;3
123183785757365;1764841127731;0.06012559;-0.0142041445;0.12715721;3
123183790727938;1764841127735;0.06012559;-0.0142041445;0.12715721;3
123183795698511;1764841127747;0.06012559;-0.0142041445;0.12715721;3
123183800669084;1764841127747;0.06012559;-0.0142041445;0.12715721;3
123183805639657;1764841127751;0.06012559;-0.0142041445;0.12715721;3
123183810610230;1764841127756;0.06012559;-0.0142041445;0.12715721;3
123183815580803;1764841127763;0.06012559;-0.0142041445;0.12715721;3
123183820551376;1764841127765;0.06012559;-0.0142041445;0.12715721;3
123183825521949;1764841127770;0.06012559;-0.0142041445;0.12715721;3
123183830492521;1764841127780;0.06012559;-0.0142041445;0.12715721;3
123183835463094;1764841127781;0.06012559;-0.0142041445;0.12715721;3
123183840433667;1764841127785;0.06012559;-0.0142041445;0.12715721;3
123183845404240;1764841127799;0.06012559;-0.0142041445;0.12715721;3
123183850374813;1764841127799;0.06012559;-0.0142041445;0.12715721;3
123183855345386;1764841127800;0.06012559;-0.0142041445;0.12715721;3
123183860315959;1764841127805;0.06012559;-0.0142041445;0.12715721;3
123183865286532;1764841127815;0.06012559;-0.0142041445;0.12715721;3
123183870257105;1764841127816;0.06012559;-0.0142041445;0.12715721;3
123183875227678;1764841127820;0.06012559;-0.0142041445;0.12715721;3
123183880198251;1764841127831;0.06012559;-0.0142041445;0.12715721;3
123183885168824;1764841127831;0.06012559;-0.0142041445;0.12715721;3
123183890139396;1764841127835;0.06012559;-0.0142041445;0.12715721;3
123183895109969;1764841127848;0.06012559;-0.0142041445;0.12715721;3
123183900080542;1764841127848;0.06012559;-0.0142041445;0.12715721;3
123183905051115;1764841127850;0.06012559;-0.0142041445;0.12715721;3
123183910021688;1764841127855;0.06012559;-0.0142041445;0.12715721;3
123183914992261;1764841127866;0.06012559;-0.0142041445;0.12715721;3
123183919962834;1764841127866;0.06012559;-0.0142041445;0.12715721;3
123183924933407;1764841127870;0.06012559;-0.0142041445;0.12715721;3
123183929903980;1764841127883;0.06012559;-0.0142041445;0.12715721;3
123183934874553;1764841127883;0.06012559;-0.0142041445;0.12715721;3
123183939845126;1764841127885;0.06012559;-0.0142041445;0.12715721;3
123183944815699;1764841127898;0.06012559;-0.0142041445;0.12715721;3
123183949786271;1764841127898;0.06012559;-0.0142041445;0.12715721;3
123183954760178;1764841127902;0.06012559;-0.0142041445;0.12715721;3
123183959731376;1764841127915;0.06012559;-0.0142041445;0.12715721;3
123183964701949;1764841127915;0.06012559;-0.0142041445;0.12715721;3
123183969672521;1764841127917;0.06012559;-0.0142041445;0.12715721;3
123183974643094;1764841127922;0.06012559;-0.0142041445;0.12715721;3
123183979613667;1764841127930;0.06012559;-0.0142041445;0.12715721;3
123183984584084;1764841127932;0.06012559;-0.0142041445;0.12715721;3
123183989554396;1764841127937;0.06012559;-0.0142041445;0.12715721;3
123183994524709;1764841127948;0.06012559;-0.0142041445;0.12715721;3
123183999495021;1764841127948;0.06012559;-0.0142041445;0.12715721;3
123184004465334;1764841127952;0.06012559;-0.0142041445;0.12715721;3
123184009435646;1764841127967;0.06012559;-0.0142041445;0.12715721;3
123184014405959;1764841127967;0.06012559;-0.0142041445;0.12715721;3
123184019376271;1764841127967;0.06012559;-0.0142041445;0.12715721;3
123184024346584;1764841127971;0.06012559;-0.0142041445;0.12715721;3
123184029316896;1764841127985;0.06012559;-0.0142041445;0.12715721;3
123184034287209;1764841127985;0.06012559;-0.0142041445;0.12715721;3
123184039257521;1764841127986;0.06012559;-0.0142041445;0.12715721;3
123184044227834;1764841128002;0.06012559;-0.0142041445;0.12715721;3
123184049198146;1764841128002;0.06012559;-0.0142041445;0.12715721;3
123184054168459;1764841128002;0.06012559;-0.0142041445;0.12715721;3
123184059138771;1764841128017;0.06012559;-0.0142041445;0.12715721;3
123184064109084;1764841128017;0.06012559;-0.0142041445;0.12715721;3
123184069079396;1764841128017;0.06012559;-0.0142041445;0.12715721;3
123184074049709;1764841128021;0.06012559;-0.0142041445;0.12715721;3
123184079020021;1764841128032;0.06012559;-0.0142041445;0.12715721;3
123184083990334;1764841128032;0.06012559;-0.0142041445;0.12715721;3
123184088960646;1764841128036;0.06012559;-0.0142041445;0.12715721;3
123184093930959;1764841128049;0.06012559;-0.0142041445;0.12715721;3
123184098901271;1764841128049;0.06012559;-0.0142041445;0.12715721;3
123184103871584;1764841128051;0.06012559;-0.0142041445;0.12715721;3
123184108841896;1764841128067;0.06012559;-0.0142041445;0.12715721;3
123184113812209;1764841128067;0.06012559;-0.0142041445;0.12715721;3
123184118782521;1764841128067;0.06012559;-0.0142041445;0.12715721;3
123184123752834;1764841128071;0.06012559;-0.0142041445;0.12715721;3
123184128723303;1764841128083;0.06012559;-0.0142041445;0.12715721;3
123184133693876;1764841128083;0.06012559;-0.0142041445;0.12715721;3
123184138664449;1764841128086;0.06012559;-0.0142041445;0.12715721;3
123184143635021;1764841128101;0.06012559;-0.0142041445;0.12715721;3
123184148605594;1764841128101;0.06012559;-0.0142041445;0.12715721;3
123184153576167;1764841128101;0.06012559;-0.0142041445;0.12715721;3
123184158546740;1764841128118;0.06012559;-0.0142041445;0.12715721;3
123184163517313;1764841128118;0.06012559;-0.0142041445;0.12715721;3
123184168487886;1764841128118;0.06012559;-0.0142041445;0.12715721;3
123184173458459;1764841128120;0.06012559;-0.0142041445;0.12715721;3
123184178429032;1764841128134;0.06012559;-0.0142041445;0.12715721;3
123184183399605;1764841128134;0.06012559;-0.0142041445;0.12715721;3
123184188370178;1764841128135;0.06012559;-0.0142041445;0.12715721;3
123184193340751;1764841128151;0.06012559;-0.0142041445;0.12715721;3
123184198311324;1764841128151;0.06012559;-0.0142041445;0.12715721;3
123184203281896;1764841128151;0.06012559;-0.0142041445;0.12715721;3
123184208252469;1764841128166;0.06012559;-0.0142041445;0.12715721;3
123184213223042;1764841128166;0.06012559;-0.0142041445;0.12715721;3
123184218193615;1764841128166;0.06012559;-0.0142041445;0.12715721;3
123184223164188;1764841128170;0.06012559;-0.0142041445;0.12715721;3
123184228134761;1764841128184;0.06012559;-0.0142041445;0.12715721;3
123184233105334;1764841128184;0.06012559;-0.0142041445;0.12715721;3
123184238075907;1764841128185;0.06012559;-0.0142041445;0.12715721;3
123184243046480;1764841128202;0.06012559;-0.0142041445;0.12715721;3
123184248017053;1764841128202;0.06012559;-0.0142041445;0.12715721;3
123184252989344;1764841128202;0.06012559;-0.0142041445;0.12715721;3
123184257962521;1764841128218;0.06012559;-0.0142041445;0.12715721;3
123184262934292;1764841128218;0.06012559;-0.0142041445;0.12715721;3
123184267904605;1764841128218;0.06012559;-0.0142041445;0.12715721;3
123184272874917;1764841128234;0.06012559;-0.0142041445;0.12715721;3
123184277845230;1764841128234;0.06012559;-0.0142041445;0.12715721;3
123184282815542;1764841128234;0.06012559;-0.0142041445;0.12715721;3
123184287785855;1764841128237;0.06012559;-0.0142041445;0.12715721;3
123184292756167;1764841128252;0.06012559;-0.0142041445;0.12715721;3
123184297726480;1764841128252;0.06012559;-0.0142041445;0.12715721;3
123184302696792;1764841128252;0.06012559;-0.0142041445;0.12715721;3
123184307667105;1764841128269;0.06012559;-0.0142041445;0.12715721;3
123184312637417;1764841128269;0.06012559;-0.0142041445;0.12715721;3
123184317607730;1764841128269;0.06012559;-0.0142041445;0.12715721;3
123184322578042;1764841128285;0.06012559;-0.0142041445;0.12715721;3
123184327548355;1764841128285;0.06012559;-0.0142041445;0.12715721;3
123184332518667;1764841128285;0.06012559;-0.0142041445;0.12715721;3
123184337488980;1764841128287;0.06012559;-0.0142041445;0.12715721;3
123184342459292;1764841128302;0.06012559;-0.0142041445;0.12715721;3
123184347429605;1764841128302;0.06012559;-0.0142041445;0.12715721;3
123184352399917;1764841128302;0.06012559;-0.0142041445;0.12715721;3
123184357370230;1764841128317;0.06012559;-0.0142041445;0.12715721;3
123184362340542;1764841128317;0.06012559;-0.0142041445;0.12715721;3
123184367310855;1764841128317;0.06012559;-0.0142041445;0.12715721;3
123184372281167;1764841128334;0.06012559;-0.0142041445;0.12715721;3
123184377251480;1764841128334;0.06012559;-0.0142041445;0.12715721;3
123184382221792;1764841128334;0.06012559;-0.0142041445;0.12715721;3
123184387192105;1764841128336;0.06012559;-0.0142041445;0.12715721;3
123184392162417;1764841128352;0.06012559;-0.0142041445;0.12715721;3
123184397132730;1764841128352;0.06012559;-0.0142041445;0.12715721;3
123184402103094;1764841128352;0.06012559;-0.0142041445;0.12715721;3
123184407073667;1764841128369;0.06012559;-0.0142041445;0.12715721;3
123184412044240;1764841128369;0.06012559;-0.0142041445;0.12715721;3
123184417014813;1764841128369;0.06012559;-0.0142041445;0.12715721;3
123184421985386;1764841128386;0.06012559;-0.0142041445;0.12715721;3
123184426955959;1764841128386;0.06012559;-0.0142041445;0.12715721;3
123184431926532;1764841128386;0.06012559;-0.0142041445;0.12715721;3
123184436897105;1764841128386;0.06012559;-0.0142041445;0.12715721;3
123184441867678;1764841128403;0.06012559;-0.0142041445;0.12715721;3
123184446838251;1764841128403;0.06012559;-0.0142041445;0.12715721;3
123184451808824;1764841128403;0.06012559;-0.0142041445;0.12715721;3
123184456779396;1764841128420;0.06012559;-0.0142041445;0.12715721;3
123184461749969;1764841128420;0.06012559;-0.0142041445;0.12715721;3
123184466720542;1764841128420;0.06012559;-0.0142041445;0.12715721;3
123184471691115;1764841128421;0.06012559;-0.0142041445;0.12715721;3
123184476661688;1764841128440;0.06012559;-0.0142041445;0.12715721;3
123184481632261;1764841128440;0.06012559;-0.0142041445;0.12715721;3
123184486602834;1764841128440;0.06012559;-0.0142041445;0.12715721;3
123184491573407;1764841128440;0.06012559;-0.0142041445;0.12715721;3
123184496543980;1764841128445;0.06012559;-0.0142041445;0.12715721;3
123184501514553;1764841128451;0.06012559;-0.0142041445;0.12715721;3
123184506485126;1764841128458;0.06012559;-0.0142041445;0.12715721;3
123184511455699;1764841128460;0.06012559;-0.0142041445;0.12715721;3
123184516426271;1764841128467;0.06012559;-0.0142041445;0.12715721;3
123184521396844;1764841128477;0.06012559;-0.0142041445;0.12715721;3
123184526367417;1764841128477;0.06012559;-0.0142041445;0.12715721;3
123184531337990;1764841128480;0.06012559;-0.0142041445;0.12715721;3
123184536308563;1764841128485;0.06012559;-0.0142041445;0.12715721;3
123184541279136;1764841128496;0.06012559;-0.0142041445;0.12715721;3
123184546249709;1764841128496;0.06012559;-0.0142041445;0.12715721;3
123184551211376;1764841128498;0.06012559;-0.0142041445;0.12715721;3
123184556139136;1764841128503;0.06012559;-0.0142041445;0.12715721;3
123184561070699;1764841128514;0.06012559;-0.0142041445;0.12715721;3
123184566007469;1764841128514;0.06012559;-0.0142041445;0.12715721;3
123184570950594;1764841128518;0.06012559;-0.0142041445;0.12715721;3
123184575900959;1764841128530;0.06012559;-0.0142041445;0.12715721;3
123184580859188;1764841128530;0.06012559;-0.0142041445;0.12715721;3
123184585825490;1764841128533;0.06012559;-0.0142041445;0.12715721;3
123184590799709;1764841128550;0.06012559;-0.0142041445;0.12715721;3
123184595781271;1764841128550;0.06012559;-0.0142041445;0.12715721;3
123184600769396;1764841128550;0.06012559;-0.0142041445;0.12715721;3
123184605760021;1764841128551;0.06012559;-0.0142041445;0.12715721;3
123184610755334;1764841128568;0.06012559;-0.0142041445;0.12715721;3
123184615754292;1764841128568;0.06012559;-0.0142041445;0.12715721;3
123184620755594;1764841128568;0.06012559;-0.0142041445;0.12715721;3
123184625757938;1764841128586;0.06012559;-0.0142041445;0.12715721;3
123184630754813;1764841128586;0.06012559;-0.0142041445;0.12715721;3
123184635725386;1764841128586;0.06012559;-0.0142041445;0.12715721;3
123184640695699;1764841128586;0.06012559;-0.0142041445;0.12715721;3
123184645666011;1764841128602;0.06012559;-0.0142041445;0.12715721;3
123184650636324;1764841128602;0.06012559;-0.0142041445;0.12715721;3
123184655606636;1764841128602;0.06012559;-0.0142041445;0.12715721;3
123184660576949;1764841128620;0.06012559;-0.0142041445;0.12715721;3
123184665547261;1764841128620;0.06012559;-0.0142041445;0.12715721;3
123184670517574;1764841128620;0.06012559;-0.0142041445;0.12715721;3
123184675487886;1764841128621;0.06012559;-0.0142041445;0.12715721;3
123184680458199;1764841128625;0.06012559;-0.0142041445;0.12715721;3
123184685428511;1764841128630;0.06012559;-0.0142041445;0.12715721;3
123184690398824;1764841128637;0.06012559;-0.0142041445;0.12715721;3
123184695369136;1764841128643;0.06012559;-0.0142041445;0.12715721;3
123184700339449;1764841128645;0.06012559;-0.0142041445;0.12715721;3
123184705309761;1764841128650;0.06012559;-0.0142041445;0.12715721;3
123184710280074;1764841128663;0.06012559;-0.0142041445;0.12715721;3
123184715250386;1764841128663;0.06012559;-0.0142041445;0.12715721;3
123184720220699;1764841128665;0.06012559;-0.0142041445;0.12715721;3
123184725191011;1764841128682;0.06012559;-0.0142041445;0.12715721;3
123184730161324;1764841128682;0.06012559;-0.0142041445;0.12715721;3
123184735131636;1764841128682;0.06012559;-0.0142041445;0.12715721;3
123184740101949;1764841128685;0.06012559;-0.0142041445;0.12715721;3
123184745072261;1764841128699;0.06012559;-0.0142041445;0.12715721;3
123184750042574;1764841128699;0.06012559;-0.0142041445;0.12715721;3
123184755013146;1764841128718;0.06012559;-0.0142041445;0.12715721;3
123184759983719;1764841128718;0.06012559;-0.0142041445;0.12715721;3
123184764954292;1764841128718;0.06012559;-0.0142041445;0.12715721;3
123184769924865;1764841128719;0.06012559;-0.0142041445;0.12715721;3
123184774895438;1764841128735;0.06012559;-0.0142041445;0.12715721;3
123184779866011;1764841128735;0.06012559;-0.0142041445;0.12715721;3
123184784836584;1764841128735;0.06012559;-0.0142041445;0.12715721;3
123184789807157;1764841128754;0.06012559;-0.0142041445;0.12715721;3
123184794777730;1764841128754;0.06012559;-0.0142041445;0.12715721;3
123184799748303;1764841128754;0.06012559;-0.0142041445;0.12715721;3
123184804718876;1764841128754;0.06012559;-0.0142041445;0.12715721;3
123184809689449;1764841128758;0.06012559;-0.0142041445;0.12715721;3
123184814660021;1764841128762;0.06012559;-0.0142041445;0.12715721;3
123184819630594;1764841128768;0.06012559;-0.0142041445;0.12715721;3
123184824601167;1764841128776;0.06012559;-0.0142041445;0.12715721;3
123184829571740;1764841128778;0.06012559;-0.0142041445;0.12715721;3
123184834542313;1764841128783;0.06012559;-0.0142041445;0.12715721;3
123184839512886;1764841128796;0.06012559;-0.0142041445;0.12715721;3
123184844483459;1764841128796;0.06012559;-0.0142041445;0.12715721;3
123184849454032;1764841128797;0.06012559;-0.0142041445;0.12715721;3
123184854424605;1764841128802;0.06012559;-0.0142041445;0.12715721;3
123184859395178;1764841128816;0.06012559;-0.0142041445;0.12715721;3
123184864365751;1764841128816;0.06012559;-0.0142041445;0.12715721;3
123184869336324;1764841128817;0.06012559;-0.0142041445;0.12715721;3
123184874306896;1764841128834;0.06012559;-0.0142041445;0.12715721;3
123184879277469;1764841128834;0.06012559;-0.0142041445;0.12715721;3
123184884248042;1764841128834;0.06012559;-0.0142041445;0.12715721;3
123184889218615;1764841128853;0.06012559;-0.0142041445;0.12715721;3
123184894189188;1764841128853;0.06012559;-0.0142041445;0.12715721;3
123184899159761;1764841128853;0.06012559;-0.0142041445;0.12715721;3
123184904130334;1764841128853;0.06012559;-0.0142041445;0.12715721;3
123184909100907;1764841128857;0.06012559;-0.0142041445;0.12715721;3
123184914071480;1764841128863;0.06012559;-0.0142041445;0.12715721;3
123184919042053;1764841128868;0.06012559;-0.0142041445;0.12715721;3
123184924012626;1764841128875;0.06012559;-0.0142041445;0.12715721;3
123184928983199;1764841128877;0.06012559;-0.0142041445;0.12715721;3
123184933953771;1764841128883;0.06012559;-0.0142041445;0.12715721;3
123184938924344;1764841128894;0.06012559;-0.0142041445;0.12715721;3
123184943894917;1764841128894;0.06012559;-0.0142041445;0.12715721;3
123184948865490;1764841128898;0.06012559;-0.0142041445;0.12715721;3
123184953836480;1764841128901;0.06012559;-0.0142041445;0.12715721;3
123184958808094;1764841128915;0.06012559;-0.0142041445;0.12715721;3
123184963779709;1764841128915;0.06012559;-0.0142041445;0.12715721;3
123184968751324;1764841128916;0.06012559;-0.0142041445;0.12715721;3
123184973722782;1764841128932;0.06012559;-0.0142041445;0.12715721;3
123184978693667;1764841128932;0.06012559;-0.0142041445;0.12715721;3
123184983664240;1764841128932;0.06012559;-0.0142041445;0.12715721;3
123184988634813;1764841128950;0.06012559;-0.0142041445;0.12715721;3
123184993605386;1764841128950;0.06012559;-0.0142041445;0.12715721;3
123184998575959;1764841128950;0.06012559;-0.0142041445;0.12715721;3
123185003546532;1764841128952;0.06012559;-0.0142041445;0.12715721;3
123185008517105;1764841128968;0.06012559;-0.0142041445;0.12715721;3
123185013487678;1764841128968;0.06012559;-0.0142041445;0.12715721;3
123185018458251;1764841128968;0.06012559;-0.0142041445;0.12715721;3
123185023428824;1764841128987;0.06012559;-0.0142041445;0.12715721;3
123185028399396;1764841128987;0.06012559;-0.0142041445;0.12715721;3
123185033369969;1764841128987;0.06012559;-0.0142041445;0.12715721;3
123185038340542;1764841128987;0.06012559;-0.0142041445;0.12715721;3
123185043311115;1764841128990;0.06012559;-0.0142041445;0.12715721;3
123185048281688;1764841128995;0.06012559;-0.0142041445;0.12715721;3
123185053252261;1764841129000;0.06012559;-0.0142041445;0.12715721;3
123185058222834;1764841129005;0.06012559;-0.0142041445;0.12715721;3
123185063193407;1764841129010;0.06012559;-0.0142041445;0.12715721;3
123185068163980;1764841129015;0.06012559;-0.0142041445;0.12715721;3
123185073134553;1764841129025;0.06012559;-0.0142041445;0.12715721;3
123185078105126;1764841129025;0.06012559;-0.0142041445;0.12715721;3
123185083075699;1764841129030;0.06012559;-0.0142041445;0.12715721;3
123185088046271;1764841129045;0.06012559;-0.0142041445;0.12715721;3
123185093016844;1764841129045;0.06012559;-0.0142041445;0.12715721;3
123185097987417;1764841129045;0.06012559;-0.0142041445;0.12715721;3
123185102957990;1764841129050;0.06012559;-0.0142041445;0.12715721;3
123185107928407;1764841129063;0.06012559;-0.0142041445;0.12715721;3
123185112898719;1764841129063;0.06012559;-0.0142041445;0.12715721;3
123185117869032;1764841129065;0.06012559;-0.0142041445;0.12715721;3
123185122839344;1764841129083;0.06012559;-0.0142041445;0.12715721;3
123185127809657;1764841129083;0.06012559;-0.0142041445;0.12715721;3
123185132779969;1764841129083;0.06012559;-0.0142041445;0.12715721;3
123185137750282;1764841129085;0.06012559;-0.0142041445;0.12715721;3
123185142720594;1764841129101;0.06012559;-0.0142041445;0.12715721;3
123185147690907;1764841129101;0.06012559;-0.0142041445;0.12715721;3
123185152663563;1764841129101;0.06012559;-0.0142041445;0.12715721;3
123185157634136;1764841129103;0.06012559;-0.0142041445;0.12715721;3
123185162604709;1764841129107;0.06012559;-0.0142041445;0.12715721;3
123185167575282;1764841129113;0.06012559;-0.0142041445;0.12715721;3
123185172545855;1764841129118;0.06012559;-0.0142041445;0.12715721;3
123185177516428;1764841129125;0.06012559;-0.0142041445;0.12715721;3
123185182487001;1764841129128;0.06012559;-0.0142041445;0.12715721;3
123185187457574;1764841129133;0.06012559;-0.0142041445;0.12715721;3
123185192428146;1764841129147;0.06012559;-0.0142041445;0.12715721;3
123185197398719;1764841129147;0.06012559;-0.0142041445;0.12715721;3
123185202369292;1764841129147;0.06012559;-0.0142041445;0.12715721;3
123185207339865;1764841129165;0.06012559;-0.0142041445;0.12715721;3
123185212310438;1764841129165;0.06012559;-0.0142041445;0.12715721;3
123185217281011;1764841129165;0.06012559;-0.0142041445;0.12715721;3
123185222251584;1764841129168;0.06012559;-0.0142041445;0.12715721;3
123185227222157;1764841129183;0.06012559;-0.0142041445;0.12715721;3
123185232192730;1764841129183;0.06012559;-0.0142041445;0.12715721;3
123185237163303;1764841129183;0.06012559;-0.0142041445;0.12715721;3
123185242133876;1764841129202;0.06012559;-0.0142041445;0.12715721;3
123185247104449;1764841129202;0.06012559;-0.0142041445;0.12715721;3
123185252075021;1764841129202;0.06012559;-0.0142041445;0.12715721;3
123185257045594;1764841129202;0.06012559;-0.0142041445;0.12715721;3
123185262016167;1764841129207;0.06012559;-0.0142041445;0.12715721;3
123185266986740;1764841129212;0.06012559;-0.0142041445;0.12715721;3
123185271957313;1764841129217;0.06012559;-0.0142041445;0.12715721;3
123185276927886;1764841129224;0.06012559;-0.0142041445;0.12715721;3
123185281898459;1764841129227;0.06012559;-0.0142041445;0.12715721;3
123185286869032;1764841129232;0.06012559;-0.0142041445;0.12715721;3
123185291839605;1764841129245;0.06012559;-0.0142041445;0.12715721;3
123185296810178;1764841129245;0.06012559;-0.0142041445;0.12715721;3
123185301780751;1764841129247;0.06012559;-0.0142041445;0.12715721;3
123185306751324;1764841129264;0.06012559;-0.0142041445;0.12715721;3
123185311721896;1764841129264;0.06012559;-0.0142041445;0.12715721;3
123185316692469;1764841129264;0.06012559;-0.0142041445;0.12715721;3
123185321663042;1764841129266;0.06012559;-0.0142041445;0.12715721;3
123185326633615;1764841129282;0.06012559;-0.0142041445;0.12715721;3
123185331604188;1764841129282;0.06012559;-0.0142041445;0.12715721;3
123185336574761;1764841129282;0.06012559;-0.0142041445;0.12715721;3
123185341545334;1764841129300;0.06012559;-0.0142041445;0.12715721;3
123185346515907;1764841129300;0.06012559;-0.0142041445;0.12715721;3
123185351486480;1764841129300;0.06012559;-0.0142041445;0.12715721;3
123185356457053;1764841129317;0.06012559;-0.0142041445;0.12715721;3
123185361427626;1764841129317;0.06012559;-0.0142041445;0.12715721;3
123185366398199;1764841129317;0.06012559;-0.0142041445;0.12715721;3
123185371368771;1764841129317;0.06012559;-0.0142041445;0.12715721;3
123185376339344;1764841129321;0.06012559;-0.0142041445;0.12715721;3
123185381309917;1764841129326;0.06012559;-0.0142041445;0.12715721;3
123185386280490;1764841129331;0.06012559;-0.0142041445;0.12715721;3
123185391251063;1764841129338;0.06012559;-0.0142041445;0.12715721;3
123185396221636;1764841129341;0.06012559;-0.0142041445;0.12715721;3
123185401192209;1764841129346;0.06012559;-0.0142041445;0.12715721;3
123185406162782;1764841129360;0.06012559;-0.0142041445;0.12715721;3
123185411133355;1764841129360;0.06012559;-0.0142041445;0.12715721;3
123185416103928;1764841129361;0.06012559;-0.0142041445;0.12715721;3
123185421074501;1764841129366;0.06012559;-0.0142041445;0.12715721;3
123185426045074;1764841129380;0.06012559;-0.0142041445;0.12715721;3
123185431015646;1764841129380;0.06012559;-0.0142041445;0.12715721;3
123185435986219;1764841129381;0.06012559;-0.0142041445;0.12715721;3
123185440956792;1764841129398;0.06012559;-0.0142041445;0.12715721;3
123185445927365;1764841129398;0.06012559;-0.0142041445;0.12715721;3
123185450897938;1764841129398;0.06012559;-0.0142041445;0.12715721;3
123185455868511;1764841129418;0.06012559;-0.0142041445;0.12715721;3
123185460839084;1764841129418;0.06012559;-0.0142041445;0.12715721;3
123185465809657;1764841129418;0.06012559;-0.0142041445;0.12715721;3
123185470780230;1764841129418;0.06012559;-0.0142041445;0.12715721;3
123185475750803;1764841129421;0.06012559;-0.0142041445;0.12715721;3
123185480721376;1764841129426;0.06012559;-0.0142041445;0.12715721;3
123185485691949;1764841129430;0.06012559;-0.0142041445;0.12715721;3
123185490662521;1764841129438;0.06012559;-0.0142041445;0.12715721;3
123185495633094;1764841129441;0.06012559;-0.0142041445;0.12715721;3
123185500603667;1764841129446;0.06012559;-0.0142041445;0.12715721;3
123185505574240;1764841129459;0.06012559;-0.0142041445;0.12715721;3
123185510544813;1764841129459;0.06012559;-0.0142041445;0.12715721;3
123185515515386;1764841129461;0.06012559;-0.0142041445;0.12715721;3
123185520485959;1764841129465;0.06012559;-0.0142041445;0.12715721;3
123185525456532;1764841129478;0.06012559;-0.0142041445;0.12715721;3
123185530427105;1764841129478;0.06012559;-0.0142041445;0.12715721;3
123185535397678;1764841129480;0.06012559;-0.0142041445;0.12715721;3
123185540368251;1764841129498;0.06012559;-0.0142041445;0.12715721;3
123185545338824;1764841129498;0.06012559;-0.0142041445;0.12715721;3
123185550309396;1764841129498;0.06012559;-0.0142041445;0.12715721;3
123185555280542;1764841129516;0.06012559;-0.0142041445;0.12715721;3
123185560250594;1764841129516;0.06012559;-0.0142041445;0.12715721;3
123185565220646;1764841129516;0.06012559;-0.0142041445;0.12715721;3
123185570190699;1764841129518;0.06012559;-0.0142041445;0.12715721;3
123185575160751;1764841129523;0.06012559;-0.0142041445;0.12715721;3
123185580130803;1764841129528;0.06012559;-0.0142041445;0.12715721;3
123185585100855;1764841129538;0.06012559;-0.0142041445;0.12715721;3
123185590070907;1764841129538;0.06012559;-0.0142041445;0.12715721;3
123185595040959;1764841129543;0.06012559;-0.0142041445;0.12715721;3
123185600011011;1764841129549;0.06012559;-0.0142041445;0.12715721;3
123185604981063;1764841129560;0.06012559;-0.0142041445;0.12715721;3
123185609951115;1764841129560;0.06012559;-0.0142041445;0.12715721;3
123185614921167;1764841129563;0.06012559;-0.0142041445;0.12715721;3
123185619891324;1764841129579;0.06012559;-0.0142041445;0.12715721;3
123185624861740;1764841129579;0.06012559;-0.0142041445;0.12715721;3
123185629832417;1764841129579;0.06012559;-0.0142041445;0.12715721;3
123185634803251;1764841129583;0.06012559;-0.0142041445;0.12715721;3
123185639774084;1764841129598;0.06012559;-0.0142041445;0.12715721;3
123185644744917;1764841129598;0.06012559;-0.0142041445;0.12715721;3
123185649715751;1764841129600;0.06012559;-0.0142041445;0.12715721;3
123185654686584;1764841129619;0.06012559;-0.0142041445;0.12715721;3
123185659657417;1764841129619;0.06012559;-0.0142041445;0.12715721;3
123185664628251;1764841129619;0.06012559;-0.0142041445;0.12715721;3
123185669599084;1764841129619;0.06012559;-0.0142041445;0.12715721;3
123185674569917;1764841129623;0.06012559;-0.0142041445;0.12715721;3
123185679540751;1764841129627;0.06012559;-0.0142041445;0.12715721;3
123185684511584;1764841129633;0.06012559;-0.0142041445;0.12715721;3
123185689482417;1764841129638;0.06012559;-0.0142041445;0.12715721;3
123185694453251;1764841129642;0.06012559;-0.0142041445;0.12715721;3
123185699424084;1764841129647;0.06012559;-0.0142041445;0.12715721;3
123185704394917;1764841129661;0.06012559;-0.0142041445;0.12715721;3
123185709365751;1764841129661;0.06012559;-0.0142041445;0.12715721;3
123185714336584;1764841129662;0.06012559;-0.0142041445;0.12715721;3
123185719307417;1764841129681;0.06012559;-0.0142041445;0.12715721;3
123185724278251;1764841129681;0.06012559;-0.0142041445;0.12715721;3
123185729249084;1764841129681;0.06012559;-0.0142041445;0.12715721;3
123185734219917;1764841129682;0.06012559;-0.0142041445;0.12715721;3
123185739190751;1764841129701;0.06012559;-0.0142041445;0.12715721;3
123185744161584;1764841129701;0.06012559;-0.0142041445;0.12715721;3
123185749132417;1764841129701;0.06012559;-0.0142041445;0.12715721;3
123185754103251;1764841129702;0.06012559;-0.0142041445;0.12715721;3
123185759073980;1764841129707;0.06012559;-0.0142041445;0.12715721;3
123185764044553;1764841129712;0.06012559;-0.0142041445;0.12715721;3
123185769015126;1764841129720;0.06012559;-0.0142041445;0.12715721;3
123185773985699;1764841129722;0.06012559;-0.0142041445;0.12715721;3
123185778956271;1764841129727;0.06012559;-0.0142041445;0.12715721;3
123185783926844;1764841129732;0.06012559;-0.0142041445;0.12715721;3
123185788897417;1764841129740;0.06012559;-0.0142041445;0.12715721;3
123185793867990;1764841129742;0.06012559;-0.0142041445;0.12715721;3
123185798838563;1764841129747;0.06012559;-0.0142041445;0.12715721;3
123185803809136;1764841129762;0.06012559;-0.0142041445;0.12715721;3
123185808779709;1764841129762;0.06012559;-0.0142041445;0.12715721;3
123185813750282;1764841129762;0.06012559;-0.0142041445;0.12715721;3
123185818720855;1764841129782;0.06012559;-0.0142041445;0.12715721;3
123185823691428;1764841129782;0.06012559;-0.0142041445;0.12715721;3
123185828662001;1764841129782;0.06012559;-0.0142041445;0.12715721;3
123185833632574;1764841129782;0.06012559;-0.0142041445;0.12715721;3
123185838603146;1764841129787;0.06012559;-0.0142041445;0.12715721;3
123185843573719;1764841129791;0.06012559;-0.0142041445;0.12715721;3
123185848544292;1764841129797;0.06012559;-0.0142041445;0.12715721;3
123185853514865;1764841129804;0.06012559;-0.0142041445;0.12715721;3
123185858485438;1764841129806;0.06012559;-0.0142041445;0.12715721;3
123185863456011;1764841129812;0.06012559;-0.0142041445;0.12715721;3
123185868426584;1764841129826;0.06012559;-0.0142041445;0.12715721;3
123185873397157;1764841129826;0.06012559;-0.0142041445;0.12715721;3
123185878367730;1764841129826;0.06012559;-0.0142041445;0.12715721;3
123185883338303;1764841129831;0.06012559;-0.0142041445;0.12715721;3
123185888308876;1764841129849;0.06012559;-0.0142041445;0.12715721;3
123185893279449;1764841129849;0.06012559;-0.0142041445;0.12715721;3
123185898250021;1764841129849;0.06012559;-0.0142041445;0.12715721;3
123185903220594;1764841129851;0.06012559;-0.0142041445;0.12715721;3
123185908191167;1764841129856;0.06012559;-0.0142041445;0.12715721;3
123185913161740;1764841129861;0.06012559;-0.0142041445;0.12715721;3
123185918132313;1764841129869;0.06012559;-0.0142041445;0.12715721;3
123185923102886;1764841129871;0.06012559;-0.0142041445;0.12715721;3
123185928073459;1764841129876;0.06012559;-0.0142041445;0.12715721;3
123185933044032;1764841129881;0.06012559;-0.0142041445;0.12715721;3
123185938014605;1764841129889;0.06012559;-0.0142041445;0.12715721;3
123185942985178;1764841129891;0.06012559;-0.0142041445;0.12715721;3
123185947955751;1764841129896;0.06012559;-0.0142041445;0.12715721;3
123185952928303;1764841129910;0.06012559;-0.0142041445;0.12715721;3
123185957897574;1764841129910;0.06012559;-0.0142041445;0.12715721;3
123185962866844;1764841129910;0.06012559;-0.0142041445;0.12715721;3
123185967836115;1764841129913;0.06012559;-0.0142041445;0.12715721;3
123185972805386;1764841129932;0.06012559;-0.0142041445;0.12715721;3
123185977774657;1764841129932;0.06012559;-0.0142041445;0.12715721;3
123185982744188;1764841129932;0.06012559;-0.0142041445;0.12715721;3
123185987713980;1764841129933;0.06012559;-0.0142041445;0.12715721;3
123185992684032;1764841129938;0.06012559;-0.0142041445;0.12715721;3
123185997654344;1764841129942;0.06012559;-0.0142041445;0.12715721;3
123186002624917;1764841129948;0.06012559;-0.0142041445;0.12715721;3
123186007595751;1764841129953;0.06012559;-0.0142041445;0.12715721;3
123186012566844;1764841129957;0.06012559;-0.0142041445;0.12715721;3
123186017538199;1764841129962;0.06012559;-0.0142041445;0.12715721;3
123186022509553;1764841129974;0.06012559;-0.0142041445;0.12715721;3
123186027480907;1764841129974;0.06012559;-0.0142041445;0.12715721;3
123186032452261;1764841129977;0.06012559;-0.0142041445;0.12715721;3
123186037423615;1764841130000;0.06012559;-0.0142041445;0.12715721;3
123186042394969;1764841130000;0.06012559;-0.0142041445;0.12715721;3
123186047366324;1764841130000;0.06012559;-0.0142041445;0.12715721;3
123186052337678;1764841130001;0.06012559;-0.0142041445;0.12715721;3
123186057309032;1764841130002;0.06012559;-0.0142041445;0.12715721;3
123186062280126;1764841130007;0.06012559;-0.0142041445;0.12715721;3
123186067250699;1764841130012;0.06012559;-0.0142041445;0.12715721;3
123186072221271;1764841130022;0.06012559;-0.0142041445;0.12715721;3
123186077191844;1764841130022;0.06012559;-0.0142041445;0.12715721;3
123186082162417;1764841130027;0.06012559;-0.0142041445;0.12715721;3
123186087132990;1764841130045;0.06012559;-0.0142041445;0.12715721;3
123186092103563;1764841130045;0.06012559;-0.0142041445;0.12715721;3
123186097074136;1764841130045;0.06012559;-0.0142041445;0.12715721;3
123186102044709;1764841130047;0.06012559;-0.0142041445;0.12715721;3
123186107015282;1764841130064;0.06012559;-0.0142041445;0.12715721;3
123186111985855;1764841130064;0.06012559;-0.0142041445;0.12715721;3
123186116956428;1764841130064;0.06012559;-0.0142041445;0.12715721;3
123186121927001;1764841130067;0.06012559;-0.0142041445;0.12715721;3
123186126897574;1764841130072;0.06012559;-0.0142041445;0.12715721;3
123186131868146;1764841130077;0.06012559;-0.0142041445;0.12715721;3
123186136838719;1764841130085;0.06012559;-0.0142041445;0.12715721;3
123186141809292;1764841130087;0.06012559;-0.0142041445;0.12715721;3
123186146779865;1764841130092;0.06012559;-0.0142041445;0.12715721;3
123186151750438;1764841130096;0.06012559;-0.0142041445;0.12715721;3
123186156721011;1764841130108;0.06012559;-0.0142041445;0.12715721;3
123186161691584;1764841130108;0.06012559;-0.0142041445;0.12715721;3
123186166662157;1764841130112;0.06012559;-0.0142041445;0.12715721;3
123186171632730;1764841130129;0.06012559;-0.0142041445;0.12715721;3
123186176603303;1764841130129;0.06012559;-0.0142041445;0.12715721;3
123186181573876;1764841130129;0.06012559;-0.0142041445;0.12715721;3
123186186544449;1764841130150;0.06012559;-0.0142041445;0.12715721;3
123186191515021;1764841130150;0.06012559;-0.0142041445;0.12715721;3
123186196485594;1764841130150;0.06012559;-0.0142041445;0.12715721;3
123186201456167;1764841130150;0.06012559;-0.0142041445;0.12715721;3
123186206426740;1764841130151;0.06012559;-0.0142041445;0.12715721;3
123186211397313;1764841130156;0.06012559;-0.0142041445;0.12715721;3
123186216367886;1764841130161;0.06012559;-0.0142041445;0.12715721;3
123186221338459;1764841130171;0.06012559;-0.0142041445;0.12715721;3
123186226309032;1764841130172;0.06012559;-0.0142041445;0.12715721;3
123186231279605;1764841130176;0.06012559;-0.0142041445;0.12715721;3
123186236250178;1764841130191;0.06012559;-0.0142041445;0.12715721;3
123186241220751;1764841130191;0.06012559;-0.0142041445;0.12715721;3
123186246191324;1764841130192;0.06012559;-0.0142041445;0.12715721;3
123186251161896;1764841130196;0.06012559;-0.0142041445;0.12715721;3
123186256132469;1764841130213;0.06012559;-0.0142041445;0.12715721;3
123186261103042;1764841130213;0.06012559;-0.0142041445;0.12715721;3
123186266073615;1764841130213;0.06012559;-0.0142041445;0.12715721;3
123186271044188;1764841130233;0.06012559;-0.0142041445;0.12715721;3
123186276014761;1764841130234;0.06012559;-0.0142041445;0.12715721;3
123186280985334;1764841130234;0.06012559;-0.0142041445;0.12715721;3
123186285955907;1764841130234;0.06012559;-0.0142041445;0.12715721;3
123186290926480;1764841130236;0.06012559;-0.0142041445;0.12715721;3
123186295897053;1764841130241;0.06012559;-0.0142041445;0.12715721;3
123186300867626;1764841130246;0.06012559;-0.0142041445;0.12715721;3
123186305838199;1764841130254;0.06012559;-0.0142041445;0.12715721;3
123186310808771;1764841130256;0.06012559;-0.0142041445;0.12715721;3
123186315779344;1764841130261;0.06012559;-0.0142041445;0.12715721;3
123186320749917;1764841130276;0.06012559;-0.0142041445;0.12715721;3
123186325720490;1764841130276;0.06012559;-0.0142041445;0.12715721;3
123186330691063;1764841130276;0.06012559;-0.0142041445;0.12715721;3
123186335661636;1764841130296;0.06012559;-0.0142041445;0.12715721;3
123186340632209;1764841130296;0.06012559;-0.0142041445;0.12715721;3
123186345602782;1764841130296;0.06012559;-0.0142041445;0.12715721;3
123186350573355;1764841130296;0.06012559;-0.0142041445;0.12715721;3
123186355545126;1764841130304;0.06012559;-0.0142041445;0.12715721;3
123186360516844;1764841130308;0.06012559;-0.0142041445;0.12715721;3
123186365487678;1764841130313;0.06012559;-0.0142041445;0.12715721;3
123186370456949;1764841130318;0.06012559;-0.0142041445;0.12715721;3
123186375426219;1764841130323;0.06012559;-0.0142041445;0.12715721;3
123186380395490;1764841130328;0.06012559;-0.0142041445;0.12715721;3
123186385364761;1764841130340;0.06012559;-0.0142041445;0.12715721;3
123186390334136;1764841130340;0.06012559;-0.0142041445;0.12715721;3
123186395303771;1764841130343;0.06012559;-0.0142041445;0.12715721;3
123186400273667;1764841130363;0.06012559;-0.0142041445;0.12715721;3
123186405243824;1764841130363;0.06012559;-0.0142041445;0.12715721;3
123186410214240;1764841130363;0.06012559;-0.0142041445;0.12715721;3
123186415184917;1764841130364;0.06012559;-0.0142041445;0.12715721;3
123186420155855;1764841130368;0.06012559;-0.0142041445;0.12715721;3
123186425127053;1764841130373;0.06012559;-0.0142041445;0.12715721;3
123186430098407;1764841130378;0.06012559;-0.0142041445;0.12715721;3
123186435069761;1764841130384;0.06012559;-0.0142041445;0.12715721;3
123186440041115;1764841130388;0.06012559;-0.0142041445;0.12715721;3
123186445012469;1764841130393;0.06012559;-0.0142041445;0.12715721;3
123186449983824;1764841130406;0.06012559;-0.0142041445;0.12715721;3
123186454955178;1764841130406;0.06012559;-0.0142041445;0.12715721;3
123186459926532;1764841130408;0.06012559;-0.0142041445;0.12715721;3
123186464897886;1764841130413;0.06012559;-0.0142041445;0.12715721;3
123186469869240;1764841130429;0.06012559;-0.0142041445;0.12715721;3
123186474840282;1764841130429;0.06012559;-0.0142041445;0.12715721;3
123186479810855;1764841130429;0.06012559;-0.0142041445;0.12715721;3
123186484781428;1764841130433;0.06012559;-0.0142041445;0.12715721;3
123186489752001;1764841130437;0.06012559;-0.0142041445;0.12715721;3
123186494722574;1764841130443;0.06012559;-0.0142041445;0.12715721;3
123186499693146;1764841130451;0.06012559;-0.0142041445;0.12715721;3
123186504663719;1764841130453;0.06012559;-0.0142041445;0.12715721;3
123186509634292;1764841130457;0.06012559;-0.0142041445;0.12715721;3
123186514604865;1764841130462;0.06012559;-0.0142041445;0.12715721;3
123186519575438;1764841130476;0.06012559;-0.0142041445;0.12715721;3
123186524546011;1764841130476;0.06012559;-0.0142041445;0.12715721;3
123186529516584;1764841130477;0.06012559;-0.0142041445;0.12715721;3
123186534487157;1764841130497;0.06012559;-0.0142041445;0.12715721;3
123186539457730;1764841130497;0.06012559;-0.0142041445;0.12715721;3
123186544428303;1764841130497;0.06012559;-0.0142041445;0.12715721;3
123186549398876;1764841130497;0.06012559;-0.0142041445;0.12715721;3
123186554369449;1764841130502;0.06012559;-0.0142041445;0.12715721;3
123186559340021;1764841130507;0.06012559;-0.0142041445;0.12715721;3
123186564310594;1764841130513;0.06012559;-0.0142041445;0.12715721;3
123186569281167;1764841130518;0.06012559;-0.0142041445;0.12715721;3
123186574251740;1764841130522;0.06012559;-0.0142041445;0.12715721;3
123186579222313;1764841130527;0.06012559;-0.0142041445;0.12715721;3
123186584192886;1764841130541;0.06012559;-0.0142041445;0.12715721;3
123186589163459;1764841130541;0.06012559;-0.0142041445;0.12715721;3
123186594134032;1764841130542;0.06012559;-0.0142041445;0.12715721;3
123186599104605;1764841130564;0.06012559;-0.0142041445;0.12715721;3
123186604075178;1764841130564;0.06012559;-0.0142041445;0.12715721;3
123186609045751;1764841130564;0.06012559;-0.0142041445;0.12715721;3
123186614016324;1764841130564;0.06012559;-0.0142041445;0.12715721;3
123186618986896;1764841130567;0.06012559;-0.0142041445;0.12715721;3
123186623957469;1764841130572;0.06012559;-0.0142041445;0.12715721;3
123186628928042;1764841130577;0.06012559;-0.0142041445;0.12715721;3
123186633898615;1764841130586;0.06012559;-0.0142041445;0.12715721;3
123186638869188;1764841130587;0.06012559;-0.0142041445;0.12715721;3
123186643839761;1764841130592;0.06012559;-0.0142041445;0.12715721;3
123186648810334;1764841130607;0.06012559;-0.0142041445;0.12715721;3
123186653780907;1764841130607;0.06012559;-0.0142041445;0.12715721;3
123186658751480;1764841130607;0.06012559;-0.0142041445;0.12715721;3
123186663722053;1764841130612;0.06012559;-0.0142041445;0.12715721;3
123186668692626;1764841130629;0.06012559;-0.0142041445;0.12715721;3
123186673663199;1764841130629;0.06012559;-0.0142041445;0.12715721;3
123186678633771;1764841130629;0.06012559;-0.0142041445;0.12715721;3
123186683604344;1764841130632;0.06012559;-0.0142041445;0.12715721;3
123186688574917;1764841130636;0.06012559;-0.0142041445;0.12715721;3
123186693545490;1764841130642;0.06012559;-0.0142041445;0.12715721;3
123186698516063;1764841130646;0.06012559;-0.0142041445;0.12715721;3
123186703486636;1764841130652;0.06012559;-0.0142041445;0.12715721;3
123186708457209;1764841130658;0.06012559;-0.0142041445;0.12715721;3
123186713427886;1764841130661;0.06012559;-0.0142041445;0.12715721;3
123186718398719;1764841130674;0.06012559;-0.0142041445;0.12715721;3
123186723369553;1764841130674;0.06012559;-0.0142041445;0.12715721;3
123186728340386;1764841130676;0.06012559;-0.0142041445;0.12715721;3
123186733311219;1764841130696;0.06012559;-0.0142041445;0.12715721;3
123186738282053;1764841130696;0.06012559;-0.0142041445;0.12715721;3
123186743252886;1764841130696;0.06012559;-0.0142041445;0.12715721;3
123186748223719;1764841130696;0.06012559;-0.0142041445;0.12715721;3
123186753194657;1764841130699;0.06012559;-0.0142041445;0.12715721;3
123186758165334;1764841130704;0.06012559;-0.0142041445;0.12715721;3
123186763135907;1764841130710;0.06012559;-0.0142041445;0.12715721;3
123186768106480;1764841130717;0.06012559;-0.0142041445;0.12715721;3
123186773077053;1764841130719;0.06012559;-0.0142041445;0.12715721;3
123186778047626;1764841130724;0.06012559;-0.0142041445;0.12715721;3
123186783018199;1764841130741;0.06012559;-0.0142041445;0.12715721;3
123186787988771;1764841130741;0.06012559;-0.0142041445;0.12715721;3
123186792959344;1764841130741;0.06012559;-0.0142041445;0.12715721;3
123186797929917;1764841130744;0.06012559;-0.0142041445;0.12715721;3
123186802900490;1764841130762;0.06012559;-0.0142041445;0.12715721;3
123186807871063;1764841130762;0.06012559;-0.0142041445;0.12715721;3
123186812841636;1764841130762;0.06012559;-0.0142041445;0.12715721;3
123186817812209;1764841130764;0.06012559;-0.0142041445;0.12715721;3
123186822782782;1764841130769;0.06012559;-0.0142041445;0.12715721;3
123186827753355;1764841130774;0.06012559;-0.0142041445;0.12715721;3
123186832723928;1764841130783;0.06012559;-0.0142041445;0.12715721;3
123186837694501;1764841130784;0.06012559;-0.0142041445;0.12715721;3
123186842665074;1764841130789;0.06012559;-0.0142041445;0.12715721;3
123186847635646;1764841130794;0.06012559;-0.0142041445;0.12715721;3
123186852606219;1764841130809;0.06012559;-0.0142041445;0.12715721;3
123186857576792;1764841130809;0.06012559;-0.0142041445;0.12715721;3
123186862547365;1764841130809;0.06012559;-0.0142041445;0.12715721;3
123186867517938;1764841130834;0.06012559;-0.0142041445;0.12715721;3
123186872488511;1764841130834;0.06012559;-0.0142041445;0.12715721;3
123186877459084;1764841130834;0.06012559;-0.0142041445;0.12715721;3
123186882429657;1764841130834;0.06012559;-0.0142041445;0.12715721;3
123186887400230;1764841130834;0.06012559;-0.0142041445;0.12715721;3
123186892370803;1764841130838;0.06012559;-0.0142041445;0.12715721;3
123186897341376;1764841130843;0.06012559;-0.0142041445;0.12715721;3
123186902311949;1764841130856;0.06012559;-0.0142041445;0.12715721;3
123186907282521;1764841130856;0.06012559;-0.0142041445;0.12715721;3
123186912253094;1764841130858;0.06012559;-0.0142041445;0.12715721;3
123186917223667;1764841130876;0.06012559;-0.0142041445;0.12715721;3
123186922194240;1764841130876;0.06012559;-0.0142041445;0.12715721;3
123186927164813;1764841130876;0.06012559;-0.0142041445;0.12715721;3
123186932135386;1764841130878;0.06012559;-0.0142041445;0.12715721;3
123186937105959;1764841130897;0.06012559;-0.0142041445;0.12715721;3
123186942076532;1764841130897;0.06012559;-0.0142041445;0.12715721;3
123186947047105;1764841130897;0.06012559;-0.0142041445;0.12715721;3
123186952017678;1764841130898;0.06012559;-0.0142041445;0.12715721;3
123186956988251;1764841130903;0.06012559;-0.0142041445;0.12715721;3
123186961958824;1764841130908;0.06012559;-0.0142041445;0.12715721;3
123186966929396;1764841130918;0.06012559;-0.0142041445;0.12715721;3
123186971899969;1764841130919;0.06012559;-0.0142041445;0.12715721;3
123186976870542;1764841130923;0.06012559;-0.0142041445;0.12715721;3
123186981841115;1764841130928;0.06012559;-0.0142041445;0.12715721;3
123186986811688;1764841130942;0.06012559;-0.0142041445;0.12715721;3
123186991782261;1764841130942;0.06012559;-0.0142041445;0.12715721;3
123186996752834;1764841130942;0.06012559;-0.0142041445;0.12715721;3
123187001723407;1764841130965;0.06012559;-0.0142041445;0.12715721;3
123187006693980;1764841130965;0.06012559;-0.0142041445;0.12715721;3
123187011664553;1764841130965;0.06012559;-0.0142041445;0.12715721;3
123187016635126;1764841130965;0.06012559;-0.0142041445;0.12715721;3
123187021605699;1764841130968;0.06012559;-0.0142041445;0.12715721;3
123187026576271;1764841130972;0.06012559;-0.0142041445;0.12715721;3
123187031546844;1764841130978;0.06012559;-0.0142041445;0.12715721;3
123187036517417;1764841130988;0.06012559;-0.0142041445;0.12715721;3
123187041487990;1764841130988;0.06012559;-0.0142041445;0.12715721;3
123187046458563;1764841130992;0.06012559;-0.0142041445;0.12715721;3
123187051429136;1764841131009;0.06012559;-0.0142041445;0.12715721;3
123187056399709;1764841131009;0.06012559;-0.0142041445;0.12715721;3
123187061370282;1764841131009;0.06012559;-0.0142041445;0.12715721;3
123187066340855;1764841131034;0.06012559;-0.0142041445;0.12715721;3
123187071311428;1764841131034;0.06012559;-0.0142041445;0.12715721;3
123187076282001;1764841131034;0.06012559;-0.0142041445;0.12715721;3
123187081252574;1764841131034;0.06012559;-0.0142041445;0.12715721;3
123187086223146;1764841131034;0.06012559;-0.0142041445;0.12715721;3
123187091193719;1764841131037;0.06012559;-0.0142041445;0.12715721;3
123187096164292;1764841131042;0.06012559;-0.0142041445;0.12715721;3
123187101134865;1764841131056;0.06012559;-0.0142041445;0.12715721;3
123187106105438;1764841131056;0.06012559;-0.0142041445;0.12715721;3
123187111076011;1764841131057;0.06012559;-0.0142041445;0.12715721;3
123187116046584;1764841131078;0.06012559;-0.0142041445;0.12715721;3
123187121017157;1764841131078;0.06012559;-0.0142041445;0.12715721;3
123187125987730;1764841131078;0.06012559;-0.0142041445;0.12715721;3
123187130958303;1764841131078;0.06012559;-0.0142041445;0.12715721;3
123187135928876;1764841131082;0.06012559;-0.0142041445;0.12715721;3
123187140899449;1764841131087;0.06012559;-0.0142041445;0.12715721;3
123187145870021;1764841131092;0.06012559;-0.0142041445;0.12715721;3
123187150840594;1764841131101;0.06012559;-0.0142041445;0.12715721;3
123187155811167;1764841131102;0.06012559;-0.0142041445;0.12715721;3
123187160781740;1764841131107;0.06012559;-0.0142041445;0.12715721;3
123187165752313;1764841131123;0.06012559;-0.0142041445;0.12715721;3
123187170722886;1764841131123;0.06012559;-0.0142041445;0.12715721;3
123187175693459;1764841131123;0.06012559;-0.0142041445;0.12715721;3
123187180664032;1764841131127;0.06012559;-0.0142041445;0.12715721;3
123187185634605;1764841131148;0.06012559;-0.0142041445;0.12715721;3
123187190605178;1764841131148;0.06012559;-0.0142041445;0.12715721;3
123187195575751;1764841131148;0.06012559;-0.0142041445;0.12715721;3
123187200546324;1764841131148;0.06012559;-0.0142041445;0.12715721;3
123187205516896;1764841131151;0.06012559;-0.0142041445;0.12715721;3
123187210487469;1764841131156;0.06012559;-0.0142041445;0.12715721;3
123187215458042;1764841131169;0.06012559;-0.0142041445;0.12715721;3
123187220428615;1764841131169;0.06012559;-0.0142041445;0.12715721;3
123187225399188;1764841131171;0.06012559;-0.0142041445;0.12715721;3
123187230369761;1764841131176;0.06012559;-0.0142041445;0.12715721;3
123187235340334;1764841131192;0.06012559;-0.0142041445;0.12715721;3
123187240310907;1764841131192;0.06012559;-0.0142041445;0.12715721;3
123187245281480;1764841131192;0.06012559;-0.0142041445;0.12715721;3
123187250252053;1764841131217;0.06012559;-0.0142041445;0.12715721;3
123187255222626;1764841131217;0.06012559;-0.0142041445;0.12715721;3
123187260193199;1764841131217;0.06012559;-0.0142041445;0.12715721;3
123187265163771;1764841131217;0.06012559;-0.0142041445;0.12715721;3
123187270134344;1764841131217;0.06012559;-0.0142041445;0.12715721;3
123187275104917;1764841131221;0.06012559;-0.0142041445;0.12715721;3
123187280075490;1764841131226;0.06012559;-0.0142041445;0.12715721;3
123187285046063;1764841131240;0.06012559;-0.0142041445;0.12715721;3
123187290016636;1764841131240;0.06012559;-0.0142041445;0.12715721;3
123187294987209;1764841131241;0.06012559;-0.0142041445;0.12715721;3
123187299957782;1764841131265;0.06012559;-0.0142041445;0.12715721;3
123187304928355;1764841131265;0.06012559;-0.0142041445;0.12715721;3
123187309898928;1764841131265;0.06012559;-0.0142041445;0.12715721;3
123187314869501;1764841131265;0.06012559;-0.0142041445;0.12715721;3
123187319840074;1764841131266;0.06012559;-0.0142041445;0.12715721;3
123187324810646;1764841131271;0.06012559;-0.0142041445;0.12715721;3
123187329781219;1764841131276;0.06012559;-0.0142041445;0.12715721;3
123187334752001;1764841131288;0.06012559;-0.0142041445;0.12715721;3
123187339722834;1764841131288;0.06012559;-0.0142041445;0.12715721;3
123187344693667;1764841131291;0.06012559;-0.0142041445;0.12715721;3
123187349664501;1764841131310;-0.3027284;-0.1348635;0.32971478;3
123187354635334;1764841131310;-0.3027284;-0.1348635;0.32971478;3
123187359606167;1764841131310;-0.3027284;-0.1348635;0.32971478;3
123187364577001;1764841131311;-0.3027284;-0.1348635;0.32971478;3
123187369547834;1764841131315;-0.3027284;-0.1348635;0.32971478;3
123187374518667;1764841131320;-0.3027284;-0.1348635;0.32971478;3
123187379491376;1764841131332;-0.3027284;-0.1348635;0.32971478;3
123187384464136;1764841131333;-0.3027284;-0.1348635;0.32971478;3
123187389435178;1764841131338;-0.3027284;-0.1348635;0.32971478;3
123187394405959;1764841131343;-0.3027284;-0.1348635;0.32971478;3
123187399376532;1764841131355;-0.3027284;-0.1348635;0.32971478;3
123187404347105;1764841131355;-0.3027284;-0.1348635;0.32971478;3
123187409317678;1764841131359;-0.3027284;-0.1348635;0.32971478;3
123187414288251;1764841131380;-0.3027284;-0.1348635;0.32971478;3
123187419258824;1764841131380;-0.3027284;-0.1348635;0.32971478;3
123187424229396;1764841131380;-0.3027284;-0.1348635;0.32971478;3
123187429199969;1764841131380;-0.3027284;-0.1348635;0.32971478;3
123187434170542;1764841131383;-0.3027284;-0.1348635;0.32971478;3
123187439141115;1764841131388;-0.3027284;-0.1348635;0.32971478;3
123187444111688;1764841131393;-0.3027284;-0.1348635;0.32971478;3
123187449082261;1764841131401;-0.3027284;-0.1348635;0.32971478;3
123187454052834;1764841131403;-0.3027284;-0.1348635;0.32971478;3
123187459023407;1764841131408;-0.3027284;-0.1348635;0.32971478;3
123187463993980;1764841131420;-0.3027284;-0.1348635;0.32971478;3
123187468964553;1764841131420;-0.3027284;-0.1348635;0.32971478;3
123187473935126;1764841131423;-0.3027284;-0.1348635;0.32971478;3
123187478905699;1764841131437;-0.3027284;-0.1348635;0.32971478;3
123187483876271;1764841131437;-0.3027284;-0.1348635;0.32971478;3
123187488846844;1764841131438;-0.3027284;-0.1348635;0.32971478;3
123187493817417;1764841131442;-0.3027284;-0.1348635;0.32971478;3
123187498787990;1764841131455;-0.3027284;-0.1348635;0.32971478;3
123187503758563;1764841131456;-0.3027284;-0.1348635;0.32971478;3
123187508729136;1764841131474;-0.3027284;-0.1348635;0.32971478;3
123187513699709;1764841131474;-0.3027284;-0.1348635;0.32971478;3
123187518670282;1764841131474;-0.3027284;-0.1348635;0.32971478;3
123187523640855;1764841131474;-0.3027284;-0.1348635;0.32971478;3
123187528611428;1764841131478;-0.3027284;-0.1348635;0.32971478;3
123187533582001;1764841131487;-0.3027284;-0.1348635;0.32971478;3
123187538552574;1764841131493;-0.3027284;-0.1348635;0.32971478;3
123187543523146;1764841131493;-0.3027284;-0.1348635;0.32971478;3
123187548493719;1764841131538;-0.3027284;-0.1348635;0.32971478;3
123187553464292;1764841131538;-0.3027284;-0.1348635;0.32971478;3
123187558434865;1764841131538;-0.3027284;-0.1348635;0.32971478;3
123187563405438;1764841131538;-0.3027284;-0.1348635;0.32971478;3
123187568376011;1764841131538;-0.3027284;-0.1348635;0.32971478;3
123187573346584;1764841131538;-0.3027284;-0.1348635;0.32971478;3
123187578317157;1764841131538;-0.3027284;-0.1348635;0.32971478;3
123187583287730;1764841131538;-0.3027284;-0.1348635;0.32971478;3
123187588258303;1764841131538;-0.3027284;-0.1348635;0.32971478;3
123187593228876;1764841131545;-0.3027284;-0.1348635;0.32971478;3
123187598199449;1764841131548;-0.3027284;-0.1348635;0.32971478;3
123187603170021;1764841131621;-0.3027284;-0.1348635;0.32971478;3
123187608140594;1764841131621;-0.3027284;-0.1348635;0.32971478;3
123187613111167;1764841131621;-0.3027284;-0.1348635;0.32971478;3
123187618072834;1764841131621;-0.3027284;-0.1348635;0.32971478;3
123187623000594;1764841131621;-0.3027284;-0.1348635;0.32971478;3
123187627932157;1764841131621;-0.3027284;-0.1348635;0.32971478;3
123187632868928;1764841131621;-0.3027284;-0.1348635;0.32971478;3
123187637812053;1764841131621;-0.3027284;-0.1348635;0.32971478;3
123187642762417;1764841131621;-0.3027284;-0.1348635;0.32971478;3
123187647720490;1764841131621;-0.3027284;-0.1348635;0.32971478;3
123187652686376;1764841131621;-0.3027284;-0.1348635;0.32971478;3
123187657660074;1764841131621;-0.3027284;-0.1348635;0.32971478;3
123187662641115;1764841131621;-0.3027284;-0.1348635;0.32971478;3
123187667628719;1764841131621;-0.3027284;-0.1348635;0.32971478;3
123187672621949;1764841131621;-0.3027284;-0.1348635;0.32971478;3
123187677619761;1764841131667;-0.3027284;-0.1348635;0.32971478;3
123187682620959;1764841131667;-0.3027284;-0.1348635;0.32971478;3
123187687624084;1764841131667;-0.3027284;-0.1348635;0.32971478;3
123187692627730;1764841131667;-0.3027284;-0.1348635;0.32971478;3
123187697613719;1764841131667;-0.3027284;-0.1348635;0.32971478;3
123187702585751;1764841131667;-0.3027284;-0.1348635;0.32971478;3
123187707556324;1764841131667;-0.3027284;-0.1348635;0.32971478;3
123187712526896;1764841131667;-0.3027284;-0.1348635;0.32971478;3
123187717497469;1764841131667;-0.3027284;-0.1348635;0.32971478;3
